MULTICUT
1 2 -306.0
1 3 -302.0
1 4 -302.0
1 5 -309.0
1 6 -300.0
1 7 -294.0
1 8 -290.0
1 9 -201.0
1 10 -205.0
1 11 -198.0
1 12 -200.0
1 13 -196.0
1 14 -204.0
1 15 -203.0
1 16 -192.0
1 17 -200.0
1 18 -195.0
1 19 -197.0
1 20 -193.0
1 21 -197.0
1 22 -200.0
1 23 -199.0
1 24 -205.0
1 25 -200.0
1 26 -204.0
1 27 -197.0
1 28 -200.0
1 29 -197.0
1 30 -199.0
1 31 -199.0
1 32 -203.0
1 33 -193.0
1 34 -204.0
1 35 -203.0
1 36 -195.0
1 37 -202.0
1 38 -214.0
1 39 -202.0
1 40 -191.0
1 41 -202.0
1 42 -204.0
1 43 -193.0
1 44 -202.0
1 45 -201.0
1 46 -206.0
1 47 -206.0
1 48 -195.0
1 49 -207.0
1 50 -198.0
1 51 -196.0
1 52 -211.0
1 53 -210.0
1 54 -210.0
1 55 -191.0
1 56 -198.0
1 57 -201.0
1 58 -201.0
1 59 -193.0
1 60 -203.0
1 61 -208.0
1 62 -199.0
1 63 -196.0
1 64 -205.0
1 65 -192.0
1 66 -191.0
1 67 -191.0
1 68 -196.0
1 69 -200.0
1 70 -196.0
1 71 -200.0
1 72 -195.0
1 73 -195.0
1 74 -194.0
1 75 -199.0
1 76 -210.0
1 77 -202.0
1 78 -203.0
1 79 -200.0
1 80 -200.0
1 81 -197.0
1 82 -199.0
1 83 -193.0
1 84 -198.0
1 85 -206.0
1 86 -203.0
1 87 -200.0
1 88 -200.0
1 89 -195.0
1 90 -196.0
1 91 -202.0
1 92 -194.0
1 93 -200.0
1 94 -194.0
1 95 -201.0
1 96 -199.0
1 97 -205.0
1 98 -192.0
1 99 -198.0
1 100 -203.0
1 101 -201.0
1 102 -206.0
1 103 -192.0
1 104 -196.0
1 105 -198.0
1 106 -202.0
1 107 -202.0
1 108 -193.0
1 109 -209.0
1 110 -194.0
1 111 -198.0
1 112 -197.0
1 113 -199.0
1 114 -206.0
1 115 -203.0
1 116 -202.0
1 117 -196.0
1 118 -193.0
1 119 -201.0
1 120 -194.0
1 121 -198.0
1 122 -198.0
1 123 -203.0
1 124 -199.0
1 125 -203.0
1 126 -198.0
1 127 -208.0
1 128 -202.0
1 129 -200.0
1 130 -206.0
1 131 -202.0
1 132 -207.0
1 133 -201.0
1 134 -198.0
1 135 -203.0
1 136 -197.0
1 137 -202.0
1 138 -192.0
1 139 -202.0
1 140 -197.0
1 141 -197.0
1 142 -193.0
1 143 -206.0
1 144 -196.0
1 145 -196.0
1 146 -199.0
1 147 -194.0
1 148 -202.0
1 149 -199.0
1 150 -211.0
1 151 -201.0
1 152 -204.0
1 153 -193.0
1 154 -201.0
1 155 -192.0
1 156 -205.0
1 157 -189.0
1 158 -203.0
1 159 -199.0
1 160 -196.0
1 161 -199.0
1 162 -201.0
1 163 -201.0
1 164 -204.0
1 165 -206.0
1 166 -207.0
1 167 -207.0
1 168 -203.0
1 169 -193.0
1 170 -204.0
1 171 -205.0
1 172 -202.0
1 173 -207.0
1 174 -210.0
1 175 -195.0
1 176 -201.0
1 177 -202.0
1 178 -206.0
1 179 -194.0
1 180 -198.0
1 181 -202.0
1 182 -204.0
1 183 -199.0
1 184 -196.0
1 185 -197.0
1 186 -194.0
1 187 -193.0
1 188 -196.0
1 189 -198.0
1 190 -191.0
1 191 -198.0
1 192 -204.0
1 193 -203.0
1 194 -201.0
1 195 -192.0
1 196 -196.0
1 197 -201.0
1 198 -199.0
1 199 -217.0
1 200 -197.0
1 201 -199.0
1 202 -205.0
1 203 -207.0
1 204 -206.0
1 205 -200.0
1 206 -195.0
1 207 -205.0
1 208 -205.0
1 209 -209.0
1 210 -204.0
1 211 -200.0
1 212 -207.0
1 213 -196.0
1 214 -204.0
1 215 -197.0
1 216 -211.0
1 217 -197.0
1 218 -196.0
1 219 -193.0
1 220 -195.0
1 221 -206.0
1 222 -193.0
1 223 -194.0
1 224 -196.0
1 225 -193.0
1 226 -199.0
1 227 -208.0
1 228 -197.0
1 229 -206.0
1 230 -195.0
1 231 -195.0
1 232 -202.0
1 233 -198.0
1 234 -197.0
1 235 -201.0
1 236 -196.0
1 237 -200.0
1 238 -201.0
1 239 -188.0
1 240 -200.0
1 241 -197.0
1 242 -199.0
1 243 -192.0
1 244 -196.0
1 245 -193.0
1 246 -195.0
1 247 -211.0
1 248 -202.0
1 249 -194.0
1 250 -199.0
1 251 -210.0
1 252 -209.0
1 253 -203.0
1 254 -205.0
1 255 -202.0
1 256 -199.0
1 257 -195.0
1 258 -197.0
1 259 -197.0
1 260 -203.0
1 261 -205.0
1 262 -193.0
1 263 -196.0
1 264 -190.0
1 265 -200.0
1 266 -193.0
1 267 -194.0
1 268 -197.0
1 269 -195.0
1 270 -206.0
1 271 -194.0
1 272 -197.0
1 273 -193.0
1 274 -196.0
1 275 -202.0
1 276 -200.0
1 277 -198.0
1 278 -203.0
1 279 -207.0
1 280 -197.0
1 281 -195.0
1 282 -202.0
1 283 -201.0
1 284 -206.0
1 285 -206.0
1 286 -190.0
1 287 -203.0
1 288 -200.0
1 289 -205.0
1 290 -196.0
1 291 -202.0
1 292 -197.0
1 293 -202.0
1 294 -195.0
1 295 -200.0
1 296 -198.0
1 297 -207.0
1 298 -209.0
1 299 -198.0
1 300 -195.0
1 301 -197.0
1 302 -198.0
1 303 -202.0
1 304 -209.0
1 305 -200.0
1 306 -205.0
1 307 -201.0
1 308 -198.0
1 309 -200.0
1 310 -199.0
1 311 -211.0
1 312 -201.0
1 313 -205.0
1 314 -195.0
1 315 -196.0
1 316 -195.0
1 317 -193.0
1 318 -201.0
1 319 -194.0
1 320 -201.0
2 3 -308.0
2 4 -297.0
2 5 -306.0
2 6 -306.0
2 7 -292.0
2 8 -298.0
2 9 -202.0
2 10 -198.0
2 11 -203.0
2 12 -203.0
2 13 -199.0
2 14 -202.0
2 15 -195.0
2 16 -204.0
2 17 -203.0
2 18 -190.0
2 19 -194.0
2 20 -201.0
2 21 -198.0
2 22 -199.0
2 23 -207.0
2 24 -199.0
2 25 -192.0
2 26 -190.0
2 27 -207.0
2 28 -202.0
2 29 -192.0
2 30 -208.0
2 31 -199.0
2 32 -203.0
2 33 -205.0
2 34 -203.0
2 35 -200.0
2 36 -202.0
2 37 -191.0
2 38 -196.0
2 39 -194.0
2 40 -195.0
2 41 -201.0
2 42 -196.0
2 43 -199.0
2 44 -208.0
2 45 -202.0
2 46 -205.0
2 47 -204.0
2 48 -198.0
2 49 -201.0
2 50 -202.0
2 51 -199.0
2 52 -199.0
2 53 -203.0
2 54 -201.0
2 55 -201.0
2 56 -200.0
2 57 -195.0
2 58 -207.0
2 59 -198.0
2 60 -202.0
2 61 -210.0
2 62 -205.0
2 63 -201.0
2 64 -206.0
2 65 -195.0
2 66 -202.0
2 67 -207.0
2 68 -208.0
2 69 -197.0
2 70 -199.0
2 71 -196.0
2 72 -197.0
2 73 -202.0
2 74 -200.0
2 75 -200.0
2 76 -197.0
2 77 -197.0
2 78 -207.0
2 79 -198.0
2 80 -197.0
2 81 -195.0
2 82 -201.0
2 83 -202.0
2 84 -198.0
2 85 -193.0
2 86 -204.0
2 87 -199.0
2 88 -208.0
2 89 -203.0
2 90 -198.0
2 91 -204.0
2 92 -193.0
2 93 -198.0
2 94 -198.0
2 95 -196.0
2 96 -200.0
2 97 -205.0
2 98 -206.0
2 99 -188.0
2 100 -201.0
2 101 -203.0
2 102 -205.0
2 103 -208.0
2 104 -185.0
2 105 -198.0
2 106 -200.0
2 107 -194.0
2 108 -199.0
2 109 -202.0
2 110 -198.0
2 111 -198.0
2 112 -206.0
2 113 -203.0
2 114 -199.0
2 115 -201.0
2 116 -193.0
2 117 -211.0
2 118 -202.0
2 119 -198.0
2 120 -198.0
2 121 -195.0
2 122 -198.0
2 123 -202.0
2 124 -187.0
2 125 -194.0
2 126 -193.0
2 127 -207.0
2 128 -193.0
2 129 -196.0
2 130 -204.0
2 131 -203.0
2 132 -198.0
2 133 -195.0
2 134 -185.0
2 135 -203.0
2 136 -191.0
2 137 -189.0
2 138 -205.0
2 139 -203.0
2 140 -198.0
2 141 -203.0
2 142 -200.0
2 143 -196.0
2 144 -198.0
2 145 -203.0
2 146 -198.0
2 147 -202.0
2 148 -202.0
2 149 -195.0
2 150 -188.0
2 151 -206.0
2 152 -200.0
2 153 -196.0
2 154 -209.0
2 155 -190.0
2 156 -199.0
2 157 -196.0
2 158 -198.0
2 159 -200.0
2 160 -204.0
2 161 -201.0
2 162 -204.0
2 163 -201.0
2 164 -203.0
2 165 -203.0
2 166 -214.0
2 167 -200.0
2 168 -203.0
2 169 -196.0
2 170 -204.0
2 171 -207.0
2 172 -200.0
2 173 -200.0
2 174 -201.0
2 175 -205.0
2 176 -203.0
2 177 -208.0
2 178 -198.0
2 179 -199.0
2 180 -199.0
2 181 -204.0
2 182 -192.0
2 183 -203.0
2 184 -194.0
2 185 -207.0
2 186 -198.0
2 187 -195.0
2 188 -195.0
2 189 -196.0
2 190 -202.0
2 191 -197.0
2 192 -195.0
2 193 -197.0
2 194 -202.0
2 195 -196.0
2 196 -202.0
2 197 -194.0
2 198 -200.0
2 199 -208.0
2 200 -208.0
2 201 -198.0
2 202 -200.0
2 203 -203.0
2 204 -192.0
2 205 -195.0
2 206 -200.0
2 207 -199.0
2 208 -193.0
2 209 -196.0
2 210 -194.0
2 211 -199.0
2 212 -196.0
2 213 -198.0
2 214 -198.0
2 215 -196.0
2 216 -204.0
2 217 -192.0
2 218 -201.0
2 219 -203.0
2 220 -214.0
2 221 -202.0
2 222 -190.0
2 223 -204.0
2 224 -190.0
2 225 -198.0
2 226 -208.0
2 227 -194.0
2 228 -201.0
2 229 -198.0
2 230 -201.0
2 231 -204.0
2 232 -204.0
2 233 -204.0
2 234 -199.0
2 235 -192.0
2 236 -200.0
2 237 -200.0
2 238 -192.0
2 239 -206.0
2 240 -199.0
2 241 -205.0
2 242 -199.0
2 243 -195.0
2 244 -204.0
2 245 -197.0
2 246 -202.0
2 247 -203.0
2 248 -196.0
2 249 -196.0
2 250 -198.0
2 251 -202.0
2 252 -200.0
2 253 -199.0
2 254 -205.0
2 255 -203.0
2 256 -195.0
2 257 -201.0
2 258 -203.0
2 259 -198.0
2 260 -202.0
2 261 -199.0
2 262 -197.0
2 263 -200.0
2 264 -197.0
2 265 -200.0
2 266 -199.0
2 267 -196.0
2 268 -205.0
2 269 -197.0
2 270 -191.0
2 271 -191.0
2 272 -193.0
2 273 -199.0
2 274 -197.0
2 275 -202.0
2 276 -198.0
2 277 -204.0
2 278 -190.0
2 279 -194.0
2 280 -198.0
2 281 -198.0
2 282 -205.0
2 283 -194.0
2 284 -204.0
2 285 -204.0
2 286 -202.0
2 287 -196.0
2 288 -192.0
2 289 -197.0
2 290 -195.0
2 291 -196.0
2 292 -205.0
2 293 -205.0
2 294 -207.0
2 295 -199.0
2 296 -206.0
2 297 -206.0
2 298 -195.0
2 299 -198.0
2 300 -200.0
2 301 -193.0
2 302 -203.0
2 303 -201.0
2 304 -196.0
2 305 -200.0
2 306 -200.0
2 307 -206.0
2 308 -211.0
2 309 -198.0
2 310 -206.0
2 311 -198.0
2 312 -209.0
2 313 -194.0
2 314 -191.0
2 315 -202.0
2 316 -192.0
2 317 -209.0
2 318 -203.0
2 319 -203.0
2 320 -205.0
3 4 -296.0
3 5 -295.0
3 6 -293.0
3 7 -295.0
3 8 -304.0
3 9 -192.0
3 10 -203.0
3 11 -195.0
3 12 -195.0
3 13 -207.0
3 14 -196.0
3 15 -199.0
3 16 -189.0
3 17 -200.0
3 18 -201.0
3 19 -201.0
3 20 -194.0
3 21 -197.0
3 22 -187.0
3 23 -197.0
3 24 -197.0
3 25 -199.0
3 26 -201.0
3 27 -210.0
3 28 -190.0
3 29 -207.0
3 30 -198.0
3 31 -198.0
3 32 -197.0
3 33 -204.0
3 34 -208.0
3 35 -202.0
3 36 -201.0
3 37 -198.0
3 38 -202.0
3 39 -202.0
3 40 -204.0
3 41 -203.0
3 42 -197.0
3 43 -199.0
3 44 -198.0
3 45 -197.0
3 46 -196.0
3 47 -180.0
3 48 -199.0
3 49 -200.0
3 50 -199.0
3 51 -209.0
3 52 -200.0
3 53 -199.0
3 54 -193.0
3 55 -201.0
3 56 -197.0
3 57 -205.0
3 58 -194.0
3 59 -206.0
3 60 -206.0
3 61 -197.0
3 62 -199.0
3 63 -196.0
3 64 -192.0
3 65 -204.0
3 66 -202.0
3 67 -203.0
3 68 -202.0
3 69 -200.0
3 70 -197.0
3 71 -198.0
3 72 -203.0
3 73 -194.0
3 74 -195.0
3 75 -198.0
3 76 -197.0
3 77 -202.0
3 78 -191.0
3 79 -203.0
3 80 -208.0
3 81 -196.0
3 82 -197.0
3 83 -200.0
3 84 -205.0
3 85 -200.0
3 86 -206.0
3 87 -201.0
3 88 -208.0
3 89 -204.0
3 90 -199.0
3 91 -201.0
3 92 -197.0
3 93 -193.0
3 94 -202.0
3 95 -207.0
3 96 -202.0
3 97 -193.0
3 98 -203.0
3 99 -195.0
3 100 -210.0
3 101 -196.0
3 102 -202.0
3 103 -204.0
3 104 -204.0
3 105 -204.0
3 106 -198.0
3 107 -208.0
3 108 -201.0
3 109 -205.0
3 110 -196.0
3 111 -198.0
3 112 -205.0
3 113 -199.0
3 114 -206.0
3 115 -207.0
3 116 -207.0
3 117 -205.0
3 118 -197.0
3 119 -197.0
3 120 -199.0
3 121 -204.0
3 122 -193.0
3 123 -193.0
3 124 -196.0
3 125 -204.0
3 126 -196.0
3 127 -200.0
3 128 -198.0
3 129 -200.0
3 130 -199.0
3 131 -200.0
3 132 -193.0
3 133 -204.0
3 134 -202.0
3 135 -201.0
3 136 -193.0
3 137 -195.0
3 138 -196.0
3 139 -201.0
3 140 -196.0
3 141 -198.0
3 142 -201.0
3 143 -197.0
3 144 -191.0
3 145 -211.0
3 146 -204.0
3 147 -208.0
3 148 -195.0
3 149 -207.0
3 150 -204.0
3 151 -194.0
3 152 -199.0
3 153 -191.0
3 154 -199.0
3 155 -192.0
3 156 -192.0
3 157 -189.0
3 158 -191.0
3 159 -203.0
3 160 -198.0
3 161 -208.0
3 162 -193.0
3 163 -199.0
3 164 -204.0
3 165 -207.0
3 166 -210.0
3 167 -207.0
3 168 -202.0
3 169 -200.0
3 170 -204.0
3 171 -190.0
3 172 -198.0
3 173 -195.0
3 174 -205.0
3 175 -190.0
3 176 -202.0
3 177 -198.0
3 178 -196.0
3 179 -196.0
3 180 -197.0
3 181 -195.0
3 182 -193.0
3 183 -198.0
3 184 -193.0
3 185 -200.0
3 186 -201.0
3 187 -196.0
3 188 -196.0
3 189 -196.0
3 190 -194.0
3 191 -196.0
3 192 -197.0
3 193 -203.0
3 194 -207.0
3 195 -197.0
3 196 -199.0
3 197 -196.0
3 198 -201.0
3 199 -198.0
3 200 -209.0
3 201 -198.0
3 202 -212.0
3 203 -206.0
3 204 -201.0
3 205 -201.0
3 206 -183.0
3 207 -202.0
3 208 -204.0
3 209 -198.0
3 210 -199.0
3 211 -211.0
3 212 -191.0
3 213 -193.0
3 214 -206.0
3 215 -194.0
3 216 -195.0
3 217 -190.0
3 218 -203.0
3 219 -205.0
3 220 -206.0
3 221 -200.0
3 222 -203.0
3 223 -204.0
3 224 -194.0
3 225 -193.0
3 226 -197.0
3 227 -197.0
3 228 -194.0
3 229 -197.0
3 230 -196.0
3 231 -201.0
3 232 -204.0
3 233 -199.0
3 234 -204.0
3 235 -210.0
3 236 -196.0
3 237 -189.0
3 238 -202.0
3 239 -191.0
3 240 -206.0
3 241 -203.0
3 242 -201.0
3 243 -192.0
3 244 -195.0
3 245 -207.0
3 246 -202.0
3 247 -202.0
3 248 -196.0
3 249 -207.0
3 250 -199.0
3 251 -204.0
3 252 -201.0
3 253 -200.0
3 254 -200.0
3 255 -196.0
3 256 -203.0
3 257 -208.0
3 258 -201.0
3 259 -207.0
3 260 -195.0
3 261 -193.0
3 262 -205.0
3 263 -200.0
3 264 -198.0
3 265 -202.0
3 266 -204.0
3 267 -200.0
3 268 -200.0
3 269 -190.0
3 270 -211.0
3 271 -195.0
3 272 -190.0
3 273 -191.0
3 274 -196.0
3 275 -195.0
3 276 -203.0
3 277 -208.0
3 278 -206.0
3 279 -203.0
3 280 -196.0
3 281 -199.0
3 282 -202.0
3 283 -201.0
3 284 -200.0
3 285 -200.0
3 286 -200.0
3 287 -207.0
3 288 -200.0
3 289 -196.0
3 290 -203.0
3 291 -201.0
3 292 -194.0
3 293 -204.0
3 294 -199.0
3 295 -197.0
3 296 -192.0
3 297 -200.0
3 298 -196.0
3 299 -197.0
3 300 -202.0
3 301 -199.0
3 302 -202.0
3 303 -207.0
3 304 -198.0
3 305 -199.0
3 306 -197.0
3 307 -200.0
3 308 -197.0
3 309 -208.0
3 310 -201.0
3 311 -199.0
3 312 -193.0
3 313 -195.0
3 314 -203.0
3 315 -201.0
3 316 -191.0
3 317 -188.0
3 318 -194.0
3 319 -191.0
3 320 -200.0
4 5 -302.0
4 6 -297.0
4 7 -302.0
4 8 -302.0
4 9 -193.0
4 10 -203.0
4 11 -192.0
4 12 -194.0
4 13 -204.0
4 14 -196.0
4 15 -194.0
4 16 -206.0
4 17 -195.0
4 18 -206.0
4 19 -197.0
4 20 -195.0
4 21 -200.0
4 22 -204.0
4 23 -198.0
4 24 -203.0
4 25 -204.0
4 26 -195.0
4 27 -192.0
4 28 -206.0
4 29 -201.0
4 30 -199.0
4 31 -191.0
4 32 -190.0
4 33 -197.0
4 34 -198.0
4 35 -201.0
4 36 -203.0
4 37 -197.0
4 38 -201.0
4 39 -207.0
4 40 -198.0
4 41 -197.0
4 42 -198.0
4 43 -193.0
4 44 -202.0
4 45 -204.0
4 46 -196.0
4 47 -199.0
4 48 -197.0
4 49 -199.0
4 50 -197.0
4 51 -202.0
4 52 -197.0
4 53 -198.0
4 54 -205.0
4 55 -197.0
4 56 -199.0
4 57 -195.0
4 58 -195.0
4 59 -214.0
4 60 -204.0
4 61 -199.0
4 62 -196.0
4 63 -197.0
4 64 -197.0
4 65 -201.0
4 66 -196.0
4 67 -203.0
4 68 -200.0
4 69 -205.0
4 70 -199.0
4 71 -200.0
4 72 -199.0
4 73 -195.0
4 74 -190.0
4 75 -207.0
4 76 -198.0
4 77 -201.0
4 78 -204.0
4 79 -197.0
4 80 -198.0
4 81 -197.0
4 82 -192.0
4 83 -194.0
4 84 -192.0
4 85 -202.0
4 86 -206.0
4 87 -196.0
4 88 -200.0
4 89 -209.0
4 90 -202.0
4 91 -205.0
4 92 -196.0
4 93 -205.0
4 94 -199.0
4 95 -205.0
4 96 -199.0
4 97 -211.0
4 98 -202.0
4 99 -199.0
4 100 -196.0
4 101 -191.0
4 102 -206.0
4 103 -208.0
4 104 -189.0
4 105 -194.0
4 106 -202.0
4 107 -199.0
4 108 -203.0
4 109 -197.0
4 110 -199.0
4 111 -198.0
4 112 -201.0
4 113 -200.0
4 114 -206.0
4 115 -199.0
4 116 -204.0
4 117 -195.0
4 118 -213.0
4 119 -193.0
4 120 -208.0
4 121 -207.0
4 122 -199.0
4 123 -206.0
4 124 -201.0
4 125 -199.0
4 126 -200.0
4 127 -196.0
4 128 -210.0
4 129 -197.0
4 130 -195.0
4 131 -194.0
4 132 -191.0
4 133 -197.0
4 134 -198.0
4 135 -211.0
4 136 -199.0
4 137 -198.0
4 138 -193.0
4 139 -204.0
4 140 -201.0
4 141 -196.0
4 142 -193.0
4 143 -190.0
4 144 -192.0
4 145 -200.0
4 146 -196.0
4 147 -202.0
4 148 -205.0
4 149 -200.0
4 150 -195.0
4 151 -200.0
4 152 -204.0
4 153 -198.0
4 154 -199.0
4 155 -192.0
4 156 -198.0
4 157 -203.0
4 158 -192.0
4 159 -204.0
4 160 -198.0
4 161 -207.0
4 162 -196.0
4 163 -203.0
4 164 -208.0
4 165 -195.0
4 166 -206.0
4 167 -198.0
4 168 -191.0
4 169 -201.0
4 170 -196.0
4 171 -200.0
4 172 -211.0
4 173 -200.0
4 174 -195.0
4 175 -193.0
4 176 -201.0
4 177 -199.0
4 178 -203.0
4 179 -207.0
4 180 -201.0
4 181 -197.0
4 182 -205.0
4 183 -208.0
4 184 -199.0
4 185 -208.0
4 186 -194.0
4 187 -204.0
4 188 -195.0
4 189 -197.0
4 190 -194.0
4 191 -199.0
4 192 -192.0
4 193 -191.0
4 194 -202.0
4 195 -203.0
4 196 -206.0
4 197 -193.0
4 198 -200.0
4 199 -201.0
4 200 -196.0
4 201 -207.0
4 202 -202.0
4 203 -198.0
4 204 -198.0
4 205 -198.0
4 206 -207.0
4 207 -199.0
4 208 -203.0
4 209 -202.0
4 210 -201.0
4 211 -201.0
4 212 -197.0
4 213 -209.0
4 214 -198.0
4 215 -195.0
4 216 -193.0
4 217 -203.0
4 218 -203.0
4 219 -194.0
4 220 -202.0
4 221 -197.0
4 222 -199.0
4 223 -202.0
4 224 -202.0
4 225 -208.0
4 226 -209.0
4 227 -207.0
4 228 -192.0
4 229 -195.0
4 230 -199.0
4 231 -202.0
4 232 -201.0
4 233 -197.0
4 234 -195.0
4 235 -202.0
4 236 -202.0
4 237 -199.0
4 238 -205.0
4 239 -201.0
4 240 -195.0
4 241 -200.0
4 242 -207.0
4 243 -188.0
4 244 -202.0
4 245 -204.0
4 246 -207.0
4 247 -191.0
4 248 -198.0
4 249 -207.0
4 250 -200.0
4 251 -200.0
4 252 -202.0
4 253 -203.0
4 254 -198.0
4 255 -201.0
4 256 -205.0
4 257 -201.0
4 258 -200.0
4 259 -207.0
4 260 -201.0
4 261 -196.0
4 262 -201.0
4 263 -204.0
4 264 -201.0
4 265 -203.0
4 266 -200.0
4 267 -190.0
4 268 -209.0
4 269 -197.0
4 270 -201.0
4 271 -204.0
4 272 -208.0
4 273 -197.0
4 274 -194.0
4 275 -194.0
4 276 -201.0
4 277 -197.0
4 278 -204.0
4 279 -200.0
4 280 -198.0
4 281 -198.0
4 282 -193.0
4 283 -199.0
4 284 -203.0
4 285 -200.0
4 286 -197.0
4 287 -201.0
4 288 -197.0
4 289 -198.0
4 290 -187.0
4 291 -202.0
4 292 -192.0
4 293 -203.0
4 294 -196.0
4 295 -193.0
4 296 -207.0
4 297 -194.0
4 298 -206.0
4 299 -207.0
4 300 -206.0
4 301 -204.0
4 302 -204.0
4 303 -196.0
4 304 -196.0
4 305 -198.0
4 306 -199.0
4 307 -192.0
4 308 -198.0
4 309 -200.0
4 310 -197.0
4 311 -200.0
4 312 -203.0
4 313 -195.0
4 314 -204.0
4 315 -194.0
4 316 -201.0
4 317 -202.0
4 318 -196.0
4 319 -197.0
4 320 -200.0
5 6 -295.0
5 7 -294.0
5 8 -300.0
5 9 -193.0
5 10 -204.0
5 11 -209.0
5 12 -198.0
5 13 -200.0
5 14 -191.0
5 15 -205.0
5 16 -209.0
5 17 -188.0
5 18 -198.0
5 19 -196.0
5 20 -201.0
5 21 -196.0
5 22 -201.0
5 23 -199.0
5 24 -202.0
5 25 -193.0
5 26 -201.0
5 27 -193.0
5 28 -191.0
5 29 -199.0
5 30 -196.0
5 31 -199.0
5 32 -202.0
5 33 -203.0
5 34 -208.0
5 35 -196.0
5 36 -193.0
5 37 -195.0
5 38 -201.0
5 39 -196.0
5 40 -197.0
5 41 -190.0
5 42 -190.0
5 43 -198.0
5 44 -199.0
5 45 -188.0
5 46 -194.0
5 47 -207.0
5 48 -204.0
5 49 -204.0
5 50 -197.0
5 51 -196.0
5 52 -201.0
5 53 -204.0
5 54 -194.0
5 55 -195.0
5 56 -188.0
5 57 -201.0
5 58 -205.0
5 59 -193.0
5 60 -205.0
5 61 -189.0
5 62 -203.0
5 63 -194.0
5 64 -199.0
5 65 -194.0
5 66 -191.0
5 67 -192.0
5 68 -204.0
5 69 -206.0
5 70 -196.0
5 71 -197.0
5 72 -192.0
5 73 -199.0
5 74 -194.0
5 75 -209.0
5 76 -201.0
5 77 -192.0
5 78 -195.0
5 79 -203.0
5 80 -197.0
5 81 -198.0
5 82 -199.0
5 83 -199.0
5 84 -201.0
5 85 -201.0
5 86 -197.0
5 87 -194.0
5 88 -196.0
5 89 -195.0
5 90 -205.0
5 91 -194.0
5 92 -206.0
5 93 -200.0
5 94 -205.0
5 95 -190.0
5 96 -202.0
5 97 -202.0
5 98 -195.0
5 99 -203.0
5 100 -199.0
5 101 -203.0
5 102 -199.0
5 103 -196.0
5 104 -200.0
5 105 -197.0
5 106 -201.0
5 107 -204.0
5 108 -200.0
5 109 -205.0
5 110 -200.0
5 111 -207.0
5 112 -201.0
5 113 -191.0
5 114 -206.0
5 115 -202.0
5 116 -198.0
5 117 -201.0
5 118 -202.0
5 119 -189.0
5 120 -206.0
5 121 -198.0
5 122 -206.0
5 123 -203.0
5 124 -202.0
5 125 -205.0
5 126 -199.0
5 127 -196.0
5 128 -200.0
5 129 -199.0
5 130 -195.0
5 131 -195.0
5 132 -203.0
5 133 -195.0
5 134 -195.0
5 135 -196.0
5 136 -200.0
5 137 -205.0
5 138 -196.0
5 139 -190.0
5 140 -202.0
5 141 -202.0
5 142 -203.0
5 143 -195.0
5 144 -193.0
5 145 -206.0
5 146 -203.0
5 147 -196.0
5 148 -204.0
5 149 -191.0
5 150 -186.0
5 151 -195.0
5 152 -194.0
5 153 -203.0
5 154 -194.0
5 155 -205.0
5 156 -194.0
5 157 -206.0
5 158 -187.0
5 159 -203.0
5 160 -205.0
5 161 -202.0
5 162 -195.0
5 163 -198.0
5 164 -198.0
5 165 -195.0
5 166 -195.0
5 167 -199.0
5 168 -195.0
5 169 -196.0
5 170 -204.0
5 171 -202.0
5 172 -202.0
5 173 -202.0
5 174 -198.0
5 175 -194.0
5 176 -202.0
5 177 -208.0
5 178 -200.0
5 179 -192.0
5 180 -193.0
5 181 -201.0
5 182 -202.0
5 183 -201.0
5 184 -204.0
5 185 -202.0
5 186 -197.0
5 187 -201.0
5 188 -191.0
5 189 -195.0
5 190 -202.0
5 191 -197.0
5 192 -209.0
5 193 -194.0
5 194 -198.0
5 195 -207.0
5 196 -197.0
5 197 -196.0
5 198 -201.0
5 199 -198.0
5 200 -194.0
5 201 -197.0
5 202 -199.0
5 203 -205.0
5 204 -201.0
5 205 -197.0
5 206 -200.0
5 207 -193.0
5 208 -200.0
5 209 -206.0
5 210 -200.0
5 211 -197.0
5 212 -197.0
5 213 -202.0
5 214 -197.0
5 215 -197.0
5 216 -200.0
5 217 -196.0
5 218 -207.0
5 219 -201.0
5 220 -201.0
5 221 -198.0
5 222 -202.0
5 223 -199.0
5 224 -195.0
5 225 -194.0
5 226 -199.0
5 227 -201.0
5 228 -190.0
5 229 -186.0
5 230 -203.0
5 231 -201.0
5 232 -197.0
5 233 -201.0
5 234 -199.0
5 235 -210.0
5 236 -206.0
5 237 -197.0
5 238 -194.0
5 239 -198.0
5 240 -209.0
5 241 -203.0
5 242 -200.0
5 243 -205.0
5 244 -200.0
5 245 -203.0
5 246 -210.0
5 247 -202.0
5 248 -194.0
5 249 -200.0
5 250 -201.0
5 251 -206.0
5 252 -196.0
5 253 -200.0
5 254 -201.0
5 255 -204.0
5 256 -195.0
5 257 -203.0
5 258 -197.0
5 259 -201.0
5 260 -204.0
5 261 -201.0
5 262 -197.0
5 263 -200.0
5 264 -201.0
5 265 -200.0
5 266 -205.0
5 267 -207.0
5 268 -191.0
5 269 -210.0
5 270 -202.0
5 271 -192.0
5 272 -197.0
5 273 -201.0
5 274 -197.0
5 275 -194.0
5 276 -210.0
5 277 -196.0
5 278 -195.0
5 279 -194.0
5 280 -200.0
5 281 -196.0
5 282 -201.0
5 283 -204.0
5 284 -209.0
5 285 -197.0
5 286 -199.0
5 287 -198.0
5 288 -202.0
5 289 -193.0
5 290 -204.0
5 291 -205.0
5 292 -203.0
5 293 -200.0
5 294 -201.0
5 295 -200.0
5 296 -205.0
5 297 -202.0
5 298 -199.0
5 299 -199.0
5 300 -204.0
5 301 -206.0
5 302 -194.0
5 303 -205.0
5 304 -202.0
5 305 -201.0
5 306 -197.0
5 307 -199.0
5 308 -208.0
5 309 -199.0
5 310 -196.0
5 311 -202.0
5 312 -193.0
5 313 -198.0
5 314 -194.0
5 315 -197.0
5 316 -198.0
5 317 -200.0
5 318 -201.0
5 319 -188.0
5 320 -202.0
6 7 -289.0
6 8 -299.0
6 9 -193.0
6 10 -198.0
6 11 -201.0
6 12 -202.0
6 13 -197.0
6 14 -197.0
6 15 -191.0
6 16 -193.0
6 17 -198.0
6 18 -205.0
6 19 -194.0
6 20 -195.0
6 21 -197.0
6 22 -200.0
6 23 -199.0
6 24 -200.0
6 25 -200.0
6 26 -203.0
6 27 -209.0
6 28 -204.0
6 29 -196.0
6 30 -201.0
6 31 -206.0
6 32 -202.0
6 33 -198.0
6 34 -211.0
6 35 -197.0
6 36 -195.0
6 37 -201.0
6 38 -196.0
6 39 -200.0
6 40 -202.0
6 41 -201.0
6 42 -195.0
6 43 -200.0
6 44 -205.0
6 45 -198.0
6 46 -192.0
6 47 -194.0
6 48 -190.0
6 49 -198.0
6 50 -201.0
6 51 -195.0
6 52 -198.0
6 53 -205.0
6 54 -204.0
6 55 -194.0
6 56 -212.0
6 57 -191.0
6 58 -195.0
6 59 -195.0
6 60 -204.0
6 61 -206.0
6 62 -202.0
6 63 -203.0
6 64 -194.0
6 65 -194.0
6 66 -190.0
6 67 -197.0
6 68 -207.0
6 69 -199.0
6 70 -203.0
6 71 -204.0
6 72 -204.0
6 73 -201.0
6 74 -207.0
6 75 -196.0
6 76 -204.0
6 77 -207.0
6 78 -196.0
6 79 -198.0
6 80 -201.0
6 81 -205.0
6 82 -203.0
6 83 -197.0
6 84 -195.0
6 85 -204.0
6 86 -199.0
6 87 -197.0
6 88 -196.0
6 89 -191.0
6 90 -198.0
6 91 -206.0
6 92 -190.0
6 93 -201.0
6 94 -193.0
6 95 -199.0
6 96 -203.0
6 97 -203.0
6 98 -207.0
6 99 -202.0
6 100 -198.0
6 101 -202.0
6 102 -188.0
6 103 -201.0
6 104 -197.0
6 105 -197.0
6 106 -207.0
6 107 -200.0
6 108 -198.0
6 109 -203.0
6 110 -200.0
6 111 -197.0
6 112 -203.0
6 113 -195.0
6 114 -195.0
6 115 -202.0
6 116 -196.0
6 117 -197.0
6 118 -196.0
6 119 -202.0
6 120 -196.0
6 121 -202.0
6 122 -208.0
6 123 -190.0
6 124 -204.0
6 125 -194.0
6 126 -196.0
6 127 -204.0
6 128 -199.0
6 129 -197.0
6 130 -195.0
6 131 -204.0
6 132 -200.0
6 133 -191.0
6 134 -204.0
6 135 -199.0
6 136 -197.0
6 137 -199.0
6 138 -200.0
6 139 -199.0
6 140 -204.0
6 141 -200.0
6 142 -196.0
6 143 -202.0
6 144 -201.0
6 145 -189.0
6 146 -192.0
6 147 -197.0
6 148 -203.0
6 149 -205.0
6 150 -211.0
6 151 -199.0
6 152 -201.0
6 153 -201.0
6 154 -202.0
6 155 -192.0
6 156 -206.0
6 157 -202.0
6 158 -204.0
6 159 -198.0
6 160 -199.0
6 161 -199.0
6 162 -198.0
6 163 -200.0
6 164 -200.0
6 165 -208.0
6 166 -204.0
6 167 -202.0
6 168 -207.0
6 169 -194.0
6 170 -201.0
6 171 -197.0
6 172 -196.0
6 173 -200.0
6 174 -193.0
6 175 -197.0
6 176 -205.0
6 177 -204.0
6 178 -201.0
6 179 -198.0
6 180 -206.0
6 181 -208.0
6 182 -195.0
6 183 -200.0
6 184 -203.0
6 185 -203.0
6 186 -208.0
6 187 -203.0
6 188 -207.0
6 189 -199.0
6 190 -201.0
6 191 -202.0
6 192 -195.0
6 193 -196.0
6 194 -208.0
6 195 -192.0
6 196 -191.0
6 197 -208.0
6 198 -204.0
6 199 -195.0
6 200 -198.0
6 201 -194.0
6 202 -200.0
6 203 -205.0
6 204 -199.0
6 205 -211.0
6 206 -196.0
6 207 -210.0
6 208 -197.0
6 209 -197.0
6 210 -203.0
6 211 -197.0
6 212 -201.0
6 213 -203.0
6 214 -193.0
6 215 -201.0
6 216 -196.0
6 217 -192.0
6 218 -202.0
6 219 -190.0
6 220 -195.0
6 221 -189.0
6 222 -198.0
6 223 -200.0
6 224 -197.0
6 225 -191.0
6 226 -200.0
6 227 -196.0
6 228 -197.0
6 229 -199.0
6 230 -208.0
6 231 -205.0
6 232 -199.0
6 233 -198.0
6 234 -190.0
6 235 -198.0
6 236 -197.0
6 237 -204.0
6 238 -199.0
6 239 -197.0
6 240 -201.0
6 241 -204.0
6 242 -200.0
6 243 -193.0
6 244 -194.0
6 245 -194.0
6 246 -209.0
6 247 -200.0
6 248 -193.0
6 249 -207.0
6 250 -207.0
6 251 -191.0
6 252 -194.0
6 253 -196.0
6 254 -194.0
6 255 -199.0
6 256 -205.0
6 257 -202.0
6 258 -199.0
6 259 -205.0
6 260 -193.0
6 261 -200.0
6 262 -203.0
6 263 -191.0
6 264 -197.0
6 265 -202.0
6 266 -213.0
6 267 -195.0
6 268 -194.0
6 269 -200.0
6 270 -201.0
6 271 -205.0
6 272 -208.0
6 273 -199.0
6 274 -209.0
6 275 -189.0
6 276 -200.0
6 277 -205.0
6 278 -199.0
6 279 -190.0
6 280 -202.0
6 281 -197.0
6 282 -202.0
6 283 -201.0
6 284 -196.0
6 285 -202.0
6 286 -206.0
6 287 -204.0
6 288 -199.0
6 289 -202.0
6 290 -194.0
6 291 -196.0
6 292 -200.0
6 293 -206.0
6 294 -196.0
6 295 -196.0
6 296 -211.0
6 297 -201.0
6 298 -190.0
6 299 -202.0
6 300 -205.0
6 301 -197.0
6 302 -202.0
6 303 -205.0
6 304 -197.0
6 305 -207.0
6 306 -209.0
6 307 -194.0
6 308 -204.0
6 309 -202.0
6 310 -194.0
6 311 -197.0
6 312 -197.0
6 313 -196.0
6 314 -198.0
6 315 -200.0
6 316 -208.0
6 317 -194.0
6 318 -202.0
6 319 -199.0
6 320 -196.0
7 8 -292.0
7 9 -199.0
7 10 -196.0
7 11 -197.0
7 12 -195.0
7 13 -203.0
7 14 -204.0
7 15 -198.0
7 16 -206.0
7 17 -199.0
7 18 -195.0
7 19 -203.0
7 20 -203.0
7 21 -193.0
7 22 -202.0
7 23 -207.0
7 24 -200.0
7 25 -202.0
7 26 -200.0
7 27 -200.0
7 28 -205.0
7 29 -201.0
7 30 -203.0
7 31 -210.0
7 32 -200.0
7 33 -200.0
7 34 -201.0
7 35 -198.0
7 36 -201.0
7 37 -199.0
7 38 -193.0
7 39 -198.0
7 40 -190.0
7 41 -191.0
7 42 -197.0
7 43 -201.0
7 44 -196.0
7 45 -197.0
7 46 -194.0
7 47 -201.0
7 48 -194.0
7 49 -204.0
7 50 -201.0
7 51 -196.0
7 52 -205.0
7 53 -196.0
7 54 -196.0
7 55 -204.0
7 56 -189.0
7 57 -204.0
7 58 -204.0
7 59 -194.0
7 60 -193.0
7 61 -207.0
7 62 -200.0
7 63 -200.0
7 64 -204.0
7 65 -203.0
7 66 -200.0
7 67 -208.0
7 68 -197.0
7 69 -197.0
7 70 -197.0
7 71 -204.0
7 72 -199.0
7 73 -200.0
7 74 -203.0
7 75 -197.0
7 76 -200.0
7 77 -195.0
7 78 -193.0
7 79 -208.0
7 80 -201.0
7 81 -203.0
7 82 -193.0
7 83 -201.0
7 84 -201.0
7 85 -200.0
7 86 -193.0
7 87 -208.0
7 88 -200.0
7 89 -206.0
7 90 -199.0
7 91 -198.0
7 92 -201.0
7 93 -198.0
7 94 -203.0
7 95 -201.0
7 96 -195.0
7 97 -196.0
7 98 -196.0
7 99 -202.0
7 100 -192.0
7 101 -198.0
7 102 -208.0
7 103 -193.0
7 104 -198.0
7 105 -201.0
7 106 -201.0
7 107 -197.0
7 108 -200.0
7 109 -196.0
7 110 -202.0
7 111 -194.0
7 112 -202.0
7 113 -194.0
7 114 -206.0
7 115 -192.0
7 116 -199.0
7 117 -204.0
7 118 -204.0
7 119 -204.0
7 120 -193.0
7 121 -206.0
7 122 -200.0
7 123 -186.0
7 124 -198.0
7 125 -198.0
7 126 -203.0
7 127 -196.0
7 128 -205.0
7 129 -194.0
7 130 -200.0
7 131 -202.0
7 132 -209.0
7 133 -208.0
7 134 -200.0
7 135 -203.0
7 136 -204.0
7 137 -196.0
7 138 -209.0
7 139 -197.0
7 140 -200.0
7 141 -205.0
7 142 -195.0
7 143 -191.0
7 144 -200.0
7 145 -209.0
7 146 -201.0
7 147 -199.0
7 148 -204.0
7 149 -204.0
7 150 -199.0
7 151 -197.0
7 152 -194.0
7 153 -205.0
7 154 -205.0
7 155 -187.0
7 156 -208.0
7 157 -195.0
7 158 -195.0
7 159 -206.0
7 160 -201.0
7 161 -198.0
7 162 -205.0
7 163 -199.0
7 164 -201.0
7 165 -203.0
7 166 -191.0
7 167 -190.0
7 168 -193.0
7 169 -200.0
7 170 -198.0
7 171 -200.0
7 172 -192.0
7 173 -191.0
7 174 -191.0
7 175 -194.0
7 176 -194.0
7 177 -193.0
7 178 -208.0
7 179 -208.0
7 180 -207.0
7 181 -211.0
7 182 -205.0
7 183 -200.0
7 184 -206.0
7 185 -202.0
7 186 -203.0
7 187 -198.0
7 188 -190.0
7 189 -195.0
7 190 -196.0
7 191 -210.0
7 192 -204.0
7 193 -202.0
7 194 -196.0
7 195 -196.0
7 196 -197.0
7 197 -199.0
7 198 -206.0
7 199 -211.0
7 200 -201.0
7 201 -196.0
7 202 -196.0
7 203 -198.0
7 204 -201.0
7 205 -195.0
7 206 -196.0
7 207 -209.0
7 208 -200.0
7 209 -198.0
7 210 -200.0
7 211 -195.0
7 212 -203.0
7 213 -202.0
7 214 -193.0
7 215 -207.0
7 216 -202.0
7 217 -199.0
7 218 -204.0
7 219 -201.0
7 220 -198.0
7 221 -202.0
7 222 -197.0
7 223 -199.0
7 224 -203.0
7 225 -193.0
7 226 -191.0
7 227 -204.0
7 228 -200.0
7 229 -198.0
7 230 -201.0
7 231 -200.0
7 232 -204.0
7 233 -204.0
7 234 -202.0
7 235 -201.0
7 236 -211.0
7 237 -195.0
7 238 -198.0
7 239 -213.0
7 240 -202.0
7 241 -194.0
7 242 -196.0
7 243 -199.0
7 244 -197.0
7 245 -191.0
7 246 -202.0
7 247 -200.0
7 248 -203.0
7 249 -202.0
7 250 -201.0
7 251 -204.0
7 252 -195.0
7 253 -205.0
7 254 -190.0
7 255 -205.0
7 256 -193.0
7 257 -197.0
7 258 -204.0
7 259 -190.0
7 260 -199.0
7 261 -190.0
7 262 -195.0
7 263 -195.0
7 264 -195.0
7 265 -196.0
7 266 -190.0
7 267 -203.0
7 268 -200.0
7 269 -203.0
7 270 -200.0
7 271 -203.0
7 272 -188.0
7 273 -199.0
7 274 -189.0
7 275 -203.0
7 276 -201.0
7 277 -188.0
7 278 -196.0
7 279 -203.0
7 280 -197.0
7 281 -208.0
7 282 -193.0
7 283 -198.0
7 284 -193.0
7 285 -208.0
7 286 -183.0
7 287 -198.0
7 288 -200.0
7 289 -207.0
7 290 -196.0
7 291 -197.0
7 292 -198.0
7 293 -200.0
7 294 -204.0
7 295 -200.0
7 296 -200.0
7 297 -194.0
7 298 -194.0
7 299 -200.0
7 300 -192.0
7 301 -203.0
7 302 -211.0
7 303 -202.0
7 304 -202.0
7 305 -202.0
7 306 -193.0
7 307 -188.0
7 308 -200.0
7 309 -200.0
7 310 -200.0
7 311 -202.0
7 312 -194.0
7 313 -189.0
7 314 -193.0
7 315 -202.0
7 316 -197.0
7 317 -193.0
7 318 -205.0
7 319 -199.0
7 320 -203.0
8 9 -207.0
8 10 -196.0
8 11 -201.0
8 12 -197.0
8 13 -195.0
8 14 -204.0
8 15 -191.0
8 16 -189.0
8 17 -195.0
8 18 -187.0
8 19 -202.0
8 20 -202.0
8 21 -204.0
8 22 -209.0
8 23 -197.0
8 24 -207.0
8 25 -205.0
8 26 -203.0
8 27 -192.0
8 28 -194.0
8 29 -201.0
8 30 -199.0
8 31 -204.0
8 32 -196.0
8 33 -203.0
8 34 -200.0
8 35 -199.0
8 36 -191.0
8 37 -199.0
8 38 -201.0
8 39 -199.0
8 40 -207.0
8 41 -205.0
8 42 -206.0
8 43 -201.0
8 44 -201.0
8 45 -202.0
8 46 -202.0
8 47 -200.0
8 48 -196.0
8 49 -200.0
8 50 -195.0
8 51 -201.0
8 52 -199.0
8 53 -197.0
8 54 -204.0
8 55 -205.0
8 56 -199.0
8 57 -200.0
8 58 -198.0
8 59 -209.0
8 60 -204.0
8 61 -188.0
8 62 -208.0
8 63 -197.0
8 64 -203.0
8 65 -201.0
8 66 -202.0
8 67 -202.0
8 68 -193.0
8 69 -193.0
8 70 -201.0
8 71 -205.0
8 72 -201.0
8 73 -199.0
8 74 -195.0
8 75 -201.0
8 76 -202.0
8 77 -200.0
8 78 -207.0
8 79 -210.0
8 80 -195.0
8 81 -198.0
8 82 -205.0
8 83 -187.0
8 84 -198.0
8 85 -196.0
8 86 -201.0
8 87 -198.0
8 88 -199.0
8 89 -196.0
8 90 -194.0
8 91 -205.0
8 92 -204.0
8 93 -198.0
8 94 -205.0
8 95 -200.0
8 96 -199.0
8 97 -199.0
8 98 -198.0
8 99 -197.0
8 100 -208.0
8 101 -199.0
8 102 -202.0
8 103 -203.0
8 104 -192.0
8 105 -203.0
8 106 -194.0
8 107 -193.0
8 108 -202.0
8 109 -206.0
8 110 -202.0
8 111 -200.0
8 112 -192.0
8 113 -207.0
8 114 -198.0
8 115 -217.0
8 116 -199.0
8 117 -193.0
8 118 -198.0
8 119 -196.0
8 120 -205.0
8 121 -203.0
8 122 -197.0
8 123 -197.0
8 124 -190.0
8 125 -202.0
8 126 -194.0
8 127 -201.0
8 128 -196.0
8 129 -204.0
8 130 -205.0
8 131 -199.0
8 132 -196.0
8 133 -196.0
8 134 -210.0
8 135 -199.0
8 136 -196.0
8 137 -209.0
8 138 -199.0
8 139 -193.0
8 140 -199.0
8 141 -194.0
8 142 -207.0
8 143 -203.0
8 144 -198.0
8 145 -204.0
8 146 -202.0
8 147 -200.0
8 148 -194.0
8 149 -199.0
8 150 -203.0
8 151 -201.0
8 152 -195.0
8 153 -207.0
8 154 -199.0
8 155 -200.0
8 156 -203.0
8 157 -203.0
8 158 -196.0
8 159 -200.0
8 160 -198.0
8 161 -194.0
8 162 -203.0
8 163 -203.0
8 164 -193.0
8 165 -201.0
8 166 -194.0
8 167 -204.0
8 168 -208.0
8 169 -193.0
8 170 -198.0
8 171 -190.0
8 172 -191.0
8 173 -203.0
8 174 -197.0
8 175 -204.0
8 176 -199.0
8 177 -201.0
8 178 -194.0
8 179 -201.0
8 180 -195.0
8 181 -188.0
8 182 -200.0
8 183 -202.0
8 184 -201.0
8 185 -200.0
8 186 -204.0
8 187 -200.0
8 188 -199.0
8 189 -199.0
8 190 -198.0
8 191 -206.0
8 192 -199.0
8 193 -205.0
8 194 -202.0
8 195 -198.0
8 196 -195.0
8 197 -204.0
8 198 -203.0
8 199 -199.0
8 200 -190.0
8 201 -196.0
8 202 -204.0
8 203 -204.0
8 204 -194.0
8 205 -201.0
8 206 -200.0
8 207 -193.0
8 208 -196.0
8 209 -194.0
8 210 -200.0
8 211 -202.0
8 212 -205.0
8 213 -196.0
8 214 -202.0
8 215 -199.0
8 216 -196.0
8 217 -190.0
8 218 -199.0
8 219 -195.0
8 220 -202.0
8 221 -202.0
8 222 -201.0
8 223 -204.0
8 224 -210.0
8 225 -205.0
8 226 -202.0
8 227 -201.0
8 228 -209.0
8 229 -191.0
8 230 -198.0
8 231 -205.0
8 232 -193.0
8 233 -195.0
8 234 -202.0
8 235 -197.0
8 236 -200.0
8 237 -206.0
8 238 -197.0
8 239 -197.0
8 240 -202.0
8 241 -195.0
8 242 -207.0
8 243 -202.0
8 244 -198.0
8 245 -200.0
8 246 -197.0
8 247 -200.0
8 248 -193.0
8 249 -191.0
8 250 -197.0
8 251 -194.0
8 252 -198.0
8 253 -201.0
8 254 -196.0
8 255 -198.0
8 256 -202.0
8 257 -204.0
8 258 -205.0
8 259 -206.0
8 260 -197.0
8 261 -198.0
8 262 -195.0
8 263 -208.0
8 264 -196.0
8 265 -197.0
8 266 -196.0
8 267 -195.0
8 268 -198.0
8 269 -204.0
8 270 -202.0
8 271 -199.0
8 272 -196.0
8 273 -203.0
8 274 -203.0
8 275 -204.0
8 276 -207.0
8 277 -192.0
8 278 -191.0
8 279 -198.0
8 280 -206.0
8 281 -194.0
8 282 -194.0
8 283 -205.0
8 284 -207.0
8 285 -203.0
8 286 -194.0
8 287 -194.0
8 288 -191.0
8 289 -196.0
8 290 -203.0
8 291 -192.0
8 292 -203.0
8 293 -203.0
8 294 -201.0
8 295 -200.0
8 296 -199.0
8 297 -201.0
8 298 -206.0
8 299 -201.0
8 300 -207.0
8 301 -195.0
8 302 -196.0
8 303 -194.0
8 304 -198.0
8 305 -202.0
8 306 -208.0
8 307 -205.0
8 308 -200.0
8 309 -192.0
8 310 -204.0
8 311 -195.0
8 312 -189.0
8 313 -200.0
8 314 -195.0
8 315 -203.0
8 316 -205.0
8 317 -193.0
8 318 -200.0
8 319 -191.0
8 320 -193.0
9 10 -102.0
9 11 -95.0
9 12 -98.0
9 13 -97.0
9 14 -98.0
9 15 -101.0
9 16 -100.0
9 17 -100.0
9 18 -92.0
9 19 -102.0
9 20 -102.0
9 21 -105.0
9 22 -100.0
9 23 -106.0
9 24 -103.0
9 25 -106.0
9 26 -99.0
9 27 -105.0
9 28 -108.0
9 29 -96.0
9 30 -93.0
9 31 -104.0
9 32 -87.0
9 33 -100.0
9 34 -105.0
9 35 -94.0
9 36 -101.0
9 37 -98.0
9 38 -103.0
9 39 -98.0
9 40 -90.0
9 41 -103.0
9 42 -99.0
9 43 -99.0
9 44 -99.0
9 45 -101.0
9 46 -105.0
9 47 -100.0
9 48 -86.0
9 49 -103.0
9 50 -107.0
9 51 -90.0
9 52 -100.0
9 53 -105.0
9 54 -98.0
9 55 -104.0
9 56 -95.0
9 57 -100.0
9 58 -102.0
9 59 -103.0
9 60 -99.0
9 61 -104.0
9 62 -94.0
9 63 -100.0
9 64 -95.0
9 65 -104.0
9 66 -101.0
9 67 -92.0
9 68 -94.0
9 69 -107.0
9 70 -97.0
9 71 -95.0
9 72 -99.0
9 73 -102.0
9 74 -109.0
9 75 -102.0
9 76 -94.0
9 77 -103.0
9 78 -107.0
9 79 -93.0
9 80 -97.0
9 81 -104.0
9 82 -100.0
9 83 -105.0
9 84 -105.0
9 85 -105.0
9 86 -98.0
9 87 -102.0
9 88 -96.0
9 89 -98.0
9 90 -100.0
9 91 -94.0
9 92 -95.0
9 93 -99.0
9 94 -89.0
9 95 -94.0
9 96 -101.0
9 97 -102.0
9 98 -94.0
9 99 -106.0
9 100 -98.0
9 101 -96.0
9 102 -95.0
9 103 -98.0
9 104 -96.0
9 105 -95.0
9 106 -92.0
9 107 -104.0
9 108 -94.0
9 109 -99.0
9 110 -107.0
9 111 -106.0
9 112 -102.0
9 113 -91.0
9 114 -100.0
9 115 -100.0
9 116 -101.0
9 117 -101.0
9 118 -104.0
9 119 -94.0
9 120 -102.0
9 121 -106.0
9 122 -100.0
9 123 -100.0
9 124 -107.0
9 125 -95.0
9 126 -104.0
9 127 -101.0
9 128 -107.0
9 129 -96.0
9 130 -102.0
9 131 -96.0
9 132 -92.0
9 133 -100.0
9 134 -106.0
9 135 -92.0
9 136 -101.0
9 137 -95.0
9 138 -97.0
9 139 -100.0
9 140 -110.0
9 141 -102.0
9 142 -104.0
9 143 -100.0
9 144 -97.0
9 145 -92.0
9 146 -108.0
9 147 -101.0
9 148 -98.0
9 149 -104.0
9 150 -103.0
9 151 -97.0
9 152 -102.0
9 153 -99.0
9 154 -95.0
9 155 -87.0
9 156 -102.0
9 157 -100.0
9 158 -106.0
9 159 -97.0
9 160 -102.0
9 161 -100.0
9 162 -96.0
9 163 -105.0
9 164 -99.0
9 165 -96.0
9 166 -98.0
9 167 -102.0
9 168 -95.0
9 169 -96.0
9 170 -101.0
9 171 -97.0
9 172 -91.0
9 173 -102.0
9 174 -91.0
9 175 -101.0
9 176 -99.0
9 177 -93.0
9 178 -92.0
9 179 -99.0
9 180 -97.0
9 181 -102.0
9 182 -104.0
9 183 -94.0
9 184 -92.0
9 185 -98.0
9 186 -110.0
9 187 -100.0
9 188 -99.0
9 189 -106.0
9 190 -107.0
9 191 -92.0
9 192 -107.0
9 193 -111.0
9 194 -98.0
9 195 -97.0
9 196 -110.0
9 197 -104.0
9 198 -91.0
9 199 -93.0
9 200 -100.0
9 201 -94.0
9 202 -93.0
9 203 -102.0
9 204 -93.0
9 205 -113.0
9 206 -102.0
9 207 -103.0
9 208 -106.0
9 209 -100.0
9 210 -101.0
9 211 -98.0
9 212 -101.0
9 213 -105.0
9 214 -94.0
9 215 -99.0
9 216 -99.0
9 217 -101.0
9 218 -102.0
9 219 -103.0
9 220 -105.0
9 221 -95.0
9 222 -107.0
9 223 -95.0
9 224 -102.0
9 225 -95.0
9 226 -99.0
9 227 -101.0
9 228 -105.0
9 229 -95.0
9 230 -100.0
9 231 -95.0
9 232 -99.0
9 233 -101.0
9 234 -105.0
9 235 -97.0
9 236 -105.0
9 237 -108.0
9 238 -98.0
9 239 -89.0
9 240 -94.0
9 241 -101.0
9 242 -103.0
9 243 -97.0
9 244 -91.0
9 245 -101.0
9 246 -97.0
9 247 -104.0
9 248 -95.0
9 249 -103.0
9 250 -90.0
9 251 -88.0
9 252 -104.0
9 253 -109.0
9 254 -93.0
9 255 -97.0
9 256 -102.0
9 257 -104.0
9 258 -103.0
9 259 -98.0
9 260 -105.0
9 261 -102.0
9 262 -102.0
9 263 -99.0
9 264 -104.0
9 265 -102.0
9 266 -111.0
9 267 -101.0
9 268 -102.0
9 269 -100.0
9 270 -94.0
9 271 -95.0
9 272 -103.0
9 273 -106.0
9 274 -109.0
9 275 -104.0
9 276 -101.0
9 277 -100.0
9 278 -101.0
9 279 -99.0
9 280 -92.0
9 281 -96.0
9 282 -98.0
9 283 -96.0
9 284 -95.0
9 285 -101.0
9 286 -90.0
9 287 -95.0
9 288 -97.0
9 289 -90.0
9 290 -97.0
9 291 -99.0
9 292 -99.0
9 293 -99.0
9 294 -99.0
9 295 -96.0
9 296 -108.0
9 297 -109.0
9 298 -88.0
9 299 -101.0
9 300 -93.0
9 301 -98.0
9 302 -106.0
9 303 -104.0
9 304 -96.0
9 305 -98.0
9 306 -97.0
9 307 -106.0
9 308 -101.0
9 309 -106.0
9 310 -98.0
9 311 -92.0
9 312 -97.0
9 313 -100.0
9 314 -104.0
9 315 -99.0
9 316 -100.0
9 317 -96.0
9 318 -90.0
9 319 -100.0
9 320 -99.0
10 11 -102.0
10 12 -105.0
10 13 -113.0
10 14 -105.0
10 15 -93.0
10 16 -96.0
10 17 -102.0
10 18 -83.0
10 19 -99.0
10 20 -98.0
10 21 -103.0
10 22 -105.0
10 23 -93.0
10 24 -106.0
10 25 -95.0
10 26 -93.0
10 27 -101.0
10 28 -102.0
10 29 -101.0
10 30 -88.0
10 31 -94.0
10 32 -92.0
10 33 -105.0
10 34 -96.0
10 35 -100.0
10 36 -97.0
10 37 -102.0
10 38 -100.0
10 39 -104.0
10 40 -96.0
10 41 -90.0
10 42 -104.0
10 43 -97.0
10 44 -101.0
10 45 -110.0
10 46 -100.0
10 47 -90.0
10 48 -95.0
10 49 -104.0
10 50 -99.0
10 51 -99.0
10 52 -99.0
10 53 -95.0
10 54 -97.0
10 55 -106.0
10 56 -98.0
10 57 -99.0
10 58 -98.0
10 59 -96.0
10 60 -99.0
10 61 -94.0
10 62 -112.0
10 63 -96.0
10 64 -91.0
10 65 -106.0
10 66 -104.0
10 67 -99.0
10 68 -97.0
10 69 -91.0
10 70 -99.0
10 71 -101.0
10 72 -101.0
10 73 -101.0
10 74 -110.0
10 75 -100.0
10 76 -101.0
10 77 -98.0
10 78 -99.0
10 79 -98.0
10 80 -94.0
10 81 -92.0
10 82 -110.0
10 83 -100.0
10 84 -105.0
10 85 -102.0
10 86 -95.0
10 87 -109.0
10 88 -99.0
10 89 -105.0
10 90 -88.0
10 91 -108.0
10 92 -102.0
10 93 -96.0
10 94 -97.0
10 95 -98.0
10 96 -89.0
10 97 -98.0
10 98 -97.0
10 99 -88.0
10 100 -92.0
10 101 -94.0
10 102 -100.0
10 103 -102.0
10 104 -95.0
10 105 -94.0
10 106 -105.0
10 107 -101.0
10 108 -100.0
10 109 -98.0
10 110 -96.0
10 111 -100.0
10 112 -97.0
10 113 -101.0
10 114 -90.0
10 115 -98.0
10 116 -95.0
10 117 -89.0
10 118 -96.0
10 119 -107.0
10 120 -99.0
10 121 -97.0
10 122 -91.0
10 123 -100.0
10 124 -95.0
10 125 -104.0
10 126 -93.0
10 127 -98.0
10 128 -96.0
10 129 -112.0
10 130 -99.0
10 131 -97.0
10 132 -96.0
10 133 -94.0
10 134 -104.0
10 135 -101.0
10 136 -97.0
10 137 -96.0
10 138 -99.0
10 139 -94.0
10 140 -98.0
10 141 -93.0
10 142 -95.0
10 143 -101.0
10 144 -96.0
10 145 -105.0
10 146 -93.0
10 147 -104.0
10 148 -101.0
10 149 -100.0
10 150 -103.0
10 151 -98.0
10 152 -95.0
10 153 -105.0
10 154 -100.0
10 155 -101.0
10 156 -107.0
10 157 -110.0
10 158 -105.0
10 159 -94.0
10 160 -99.0
10 161 -97.0
10 162 -104.0
10 163 -99.0
10 164 -102.0
10 165 -93.0
10 166 -91.0
10 167 -91.0
10 168 -98.0
10 169 -104.0
10 170 -97.0
10 171 -109.0
10 172 -104.0
10 173 -109.0
10 174 -101.0
10 175 -91.0
10 176 -100.0
10 177 -100.0
10 178 -103.0
10 179 -98.0
10 180 -105.0
10 181 -98.0
10 182 -103.0
10 183 -102.0
10 184 -102.0
10 185 -99.0
10 186 -97.0
10 187 -94.0
10 188 -105.0
10 189 -105.0
10 190 -97.0
10 191 -103.0
10 192 -101.0
10 193 -93.0
10 194 -102.0
10 195 -92.0
10 196 -102.0
10 197 -99.0
10 198 -100.0
10 199 -101.0
10 200 -102.0
10 201 -100.0
10 202 -102.0
10 203 -108.0
10 204 -98.0
10 205 -94.0
10 206 -92.0
10 207 -96.0
10 208 -107.0
10 209 -93.0
10 210 -103.0
10 211 -104.0
10 212 -107.0
10 213 -98.0
10 214 -105.0
10 215 -95.0
10 216 -89.0
10 217 -103.0
10 218 -104.0
10 219 -102.0
10 220 -100.0
10 221 -107.0
10 222 -98.0
10 223 -104.0
10 224 -108.0
10 225 -92.0
10 226 -97.0
10 227 -97.0
10 228 -98.0
10 229 -96.0
10 230 -108.0
10 231 -97.0
10 232 -103.0
10 233 -94.0
10 234 -94.0
10 235 -95.0
10 236 -101.0
10 237 -102.0
10 238 -100.0
10 239 -109.0
10 240 -95.0
10 241 -103.0
10 242 -92.0
10 243 -94.0
10 244 -93.0
10 245 -100.0
10 246 -104.0
10 247 -108.0
10 248 -97.0
10 249 -96.0
10 250 -101.0
10 251 -96.0
10 252 -98.0
10 253 -97.0
10 254 -96.0
10 255 -101.0
10 256 -103.0
10 257 -99.0
10 258 -98.0
10 259 -105.0
10 260 -108.0
10 261 -90.0
10 262 -90.0
10 263 -95.0
10 264 -106.0
10 265 -93.0
10 266 -101.0
10 267 -92.0
10 268 -94.0
10 269 -103.0
10 270 -85.0
10 271 -102.0
10 272 -107.0
10 273 -111.0
10 274 -95.0
10 275 -94.0
10 276 -97.0
10 277 -97.0
10 278 -92.0
10 279 -92.0
10 280 -88.0
10 281 -88.0
10 282 -100.0
10 283 -98.0
10 284 -101.0
10 285 -96.0
10 286 -94.0
10 287 -89.0
10 288 -99.0
10 289 -103.0
10 290 -103.0
10 291 -93.0
10 292 -107.0
10 293 -96.0
10 294 -87.0
10 295 -96.0
10 296 -110.0
10 297 -96.0
10 298 -93.0
10 299 -105.0
10 300 -110.0
10 301 -101.0
10 302 -98.0
10 303 -99.0
10 304 -96.0
10 305 -99.0
10 306 -110.0
10 307 -104.0
10 308 -95.0
10 309 -97.0
10 310 -89.0
10 311 -98.0
10 312 -100.0
10 313 -105.0
10 314 -97.0
10 315 -102.0
10 316 -104.0
10 317 -102.0
10 318 -104.0
10 319 -99.0
10 320 -90.0
11 12 -102.0
11 13 -107.0
11 14 -89.0
11 15 -96.0
11 16 -92.0
11 17 -95.0
11 18 -98.0
11 19 -98.0
11 20 -106.0
11 21 -99.0
11 22 -94.0
11 23 -92.0
11 24 -103.0
11 25 -93.0
11 26 -94.0
11 27 -99.0
11 28 -92.0
11 29 -101.0
11 30 -92.0
11 31 -97.0
11 32 -105.0
11 33 -92.0
11 34 -94.0
11 35 -99.0
11 36 -99.0
11 37 -96.0
11 38 -106.0
11 39 -102.0
11 40 -96.0
11 41 -99.0
11 42 -109.0
11 43 -99.0
11 44 -90.0
11 45 -104.0
11 46 -106.0
11 47 -102.0
11 48 -106.0
11 49 -97.0
11 50 -97.0
11 51 -97.0
11 52 -93.0
11 53 -99.0
11 54 -101.0
11 55 -97.0
11 56 -105.0
11 57 -109.0
11 58 -94.0
11 59 -95.0
11 60 -97.0
11 61 -103.0
11 62 -102.0
11 63 -94.0
11 64 -103.0
11 65 -101.0
11 66 -98.0
11 67 -97.0
11 68 -90.0
11 69 -102.0
11 70 -94.0
11 71 -96.0
11 72 -89.0
11 73 -103.0
11 74 -98.0
11 75 -110.0
11 76 -95.0
11 77 -93.0
11 78 -108.0
11 79 -97.0
11 80 -103.0
11 81 -96.0
11 82 -92.0
11 83 -99.0
11 84 -100.0
11 85 -101.0
11 86 -94.0
11 87 -97.0
11 88 -101.0
11 89 -104.0
11 90 -90.0
11 91 -107.0
11 92 -105.0
11 93 -97.0
11 94 -102.0
11 95 -101.0
11 96 -104.0
11 97 -96.0
11 98 -97.0
11 99 -85.0
11 100 -104.0
11 101 -97.0
11 102 -103.0
11 103 -98.0
11 104 -102.0
11 105 -109.0
11 106 -107.0
11 107 -92.0
11 108 -107.0
11 109 -102.0
11 110 -95.0
11 111 -109.0
11 112 -94.0
11 113 -99.0
11 114 -97.0
11 115 -100.0
11 116 -104.0
11 117 -101.0
11 118 -104.0
11 119 -95.0
11 120 -96.0
11 121 -99.0
11 122 -97.0
11 123 -100.0
11 124 -101.0
11 125 -99.0
11 126 -95.0
11 127 -99.0
11 128 -97.0
11 129 -98.0
11 130 -102.0
11 131 -101.0
11 132 -99.0
11 133 -102.0
11 134 -107.0
11 135 -105.0
11 136 -102.0
11 137 -98.0
11 138 -102.0
11 139 -106.0
11 140 -96.0
11 141 -103.0
11 142 -107.0
11 143 -87.0
11 144 -103.0
11 145 -107.0
11 146 -93.0
11 147 -106.0
11 148 -97.0
11 149 -100.0
11 150 -94.0
11 151 -101.0
11 152 -111.0
11 153 -101.0
11 154 -101.0
11 155 -96.0
11 156 -99.0
11 157 -105.0
11 158 -102.0
11 159 -95.0
11 160 -102.0
11 161 -99.0
11 162 -103.0
11 163 -95.0
11 164 -105.0
11 165 -110.0
11 166 -97.0
11 167 -105.0
11 168 -99.0
11 169 -91.0
11 170 -102.0
11 171 -93.0
11 172 -99.0
11 173 -99.0
11 174 -92.0
11 175 -97.0
11 176 -101.0
11 177 -100.0
11 178 -98.0
11 179 -104.0
11 180 -101.0
11 181 -93.0
11 182 -99.0
11 183 -99.0
11 184 -96.0
11 185 -101.0
11 186 -97.0
11 187 -100.0
11 188 -101.0
11 189 -97.0
11 190 -103.0
11 191 -100.0
11 192 -95.0
11 193 -106.0
11 194 -99.0
11 195 -109.0
11 196 -101.0
11 197 -106.0
11 198 -97.0
11 199 -97.0
11 200 -102.0
11 201 -94.0
11 202 -100.0
11 203 -95.0
11 204 -96.0
11 205 -108.0
11 206 -101.0
11 207 -100.0
11 208 -102.0
11 209 -99.0
11 210 -99.0
11 211 -99.0
11 212 -102.0
11 213 -102.0
11 214 -92.0
11 215 -103.0
11 216 -100.0
11 217 -95.0
11 218 -96.0
11 219 -96.0
11 220 -107.0
11 221 -95.0
11 222 -97.0
11 223 -95.0
11 224 -104.0
11 225 -96.0
11 226 -103.0
11 227 -93.0
11 228 -100.0
11 229 -103.0
11 230 -109.0
11 231 -95.0
11 232 -94.0
11 233 -102.0
11 234 -95.0
11 235 -91.0
11 236 -101.0
11 237 -96.0
11 238 -103.0
11 239 -92.0
11 240 -102.0
11 241 -92.0
11 242 -95.0
11 243 -94.0
11 244 -98.0
11 245 -98.0
11 246 -101.0
11 247 -101.0
11 248 -107.0
11 249 -106.0
11 250 -95.0
11 251 -101.0
11 252 -100.0
11 253 -96.0
11 254 -93.0
11 255 -105.0
11 256 -94.0
11 257 -93.0
11 258 -102.0
11 259 -97.0
11 260 -98.0
11 261 -93.0
11 262 -102.0
11 263 -92.0
11 264 -91.0
11 265 -93.0
11 266 -96.0
11 267 -97.0
11 268 -91.0
11 269 -105.0
11 270 -102.0
11 271 -92.0
11 272 -98.0
11 273 -94.0
11 274 -113.0
11 275 -109.0
11 276 -99.0
11 277 -102.0
11 278 -108.0
11 279 -92.0
11 280 -98.0
11 281 -90.0
11 282 -95.0
11 283 -102.0
11 284 -104.0
11 285 -99.0
11 286 -93.0
11 287 -99.0
11 288 -100.0
11 289 -110.0
11 290 -101.0
11 291 -90.0
11 292 -105.0
11 293 -106.0
11 294 -99.0
11 295 -98.0
11 296 -103.0
11 297 -100.0
11 298 -100.0
11 299 -104.0
11 300 -90.0
11 301 -98.0
11 302 -102.0
11 303 -104.0
11 304 -97.0
11 305 -99.0
11 306 -92.0
11 307 -102.0
11 308 -100.0
11 309 -99.0
11 310 -99.0
11 311 -100.0
11 312 -105.0
11 313 -99.0
11 314 -94.0
11 315 -99.0
11 316 -94.0
11 317 -97.0
11 318 -105.0
11 319 -97.0
11 320 -95.0
12 13 -98.0
12 14 -99.0
12 15 -91.0
12 16 -103.0
12 17 -90.0
12 18 -89.0
12 19 -101.0
12 20 -103.0
12 21 -100.0
12 22 -99.0
12 23 -97.0
12 24 -98.0
12 25 -99.0
12 26 -107.0
12 27 -97.0
12 28 -104.0
12 29 -102.0
12 30 -107.0
12 31 -99.0
12 32 -107.0
12 33 -99.0
12 34 -100.0
12 35 -108.0
12 36 -97.0
12 37 -97.0
12 38 -93.0
12 39 -94.0
12 40 -101.0
12 41 -109.0
12 42 -104.0
12 43 -102.0
12 44 -102.0
12 45 -102.0
12 46 -98.0
12 47 -104.0
12 48 -105.0
12 49 -109.0
12 50 -87.0
12 51 -94.0
12 52 -99.0
12 53 -95.0
12 54 -104.0
12 55 -108.0
12 56 -103.0
12 57 -110.0
12 58 -102.0
12 59 -93.0
12 60 -94.0
12 61 -103.0
12 62 -94.0
12 63 -104.0
12 64 -109.0
12 65 -96.0
12 66 -102.0
12 67 -91.0
12 68 -88.0
12 69 -103.0
12 70 -97.0
12 71 -104.0
12 72 -94.0
12 73 -104.0
12 74 -99.0
12 75 -107.0
12 76 -102.0
12 77 -92.0
12 78 -98.0
12 79 -92.0
12 80 -92.0
12 81 -109.0
12 82 -99.0
12 83 -107.0
12 84 -100.0
12 85 -93.0
12 86 -115.0
12 87 -97.0
12 88 -100.0
12 89 -99.0
12 90 -101.0
12 91 -103.0
12 92 -100.0
12 93 -98.0
12 94 -93.0
12 95 -101.0
12 96 -103.0
12 97 -104.0
12 98 -100.0
12 99 -93.0
12 100 -100.0
12 101 -105.0
12 102 -100.0
12 103 -93.0
12 104 -100.0
12 105 -108.0
12 106 -93.0
12 107 -97.0
12 108 -105.0
12 109 -96.0
12 110 -109.0
12 111 -102.0
12 112 -102.0
12 113 -97.0
12 114 -98.0
12 115 -99.0
12 116 -107.0
12 117 -105.0
12 118 -101.0
12 119 -99.0
12 120 -100.0
12 121 -96.0
12 122 -98.0
12 123 -96.0
12 124 -94.0
12 125 -92.0
12 126 -104.0
12 127 -92.0
12 128 -96.0
12 129 -93.0
12 130 -102.0
12 131 -103.0
12 132 -105.0
12 133 -100.0
12 134 -108.0
12 135 -92.0
12 136 -92.0
12 137 -94.0
12 138 -108.0
12 139 -100.0
12 140 -99.0
12 141 -107.0
12 142 -107.0
12 143 -106.0
12 144 -96.0
12 145 -103.0
12 146 -104.0
12 147 -104.0
12 148 -100.0
12 149 -102.0
12 150 -101.0
12 151 -102.0
12 152 -106.0
12 153 -97.0
12 154 -104.0
12 155 -97.0
12 156 -96.0
12 157 -99.0
12 158 -91.0
12 159 -98.0
12 160 -100.0
12 161 -103.0
12 162 -92.0
12 163 -95.0
12 164 -104.0
12 165 -95.0
12 166 -97.0
12 167 -92.0
12 168 -95.0
12 169 -110.0
12 170 -102.0
12 171 -103.0
12 172 -100.0
12 173 -96.0
12 174 -96.0
12 175 -94.0
12 176 -87.0
12 177 -110.0
12 178 -100.0
12 179 -98.0
12 180 -97.0
12 181 -96.0
12 182 -95.0
12 183 -96.0
12 184 -103.0
12 185 -105.0
12 186 -99.0
12 187 -99.0
12 188 -103.0
12 189 -98.0
12 190 -101.0
12 191 -91.0
12 192 -96.0
12 193 -97.0
12 194 -103.0
12 195 -97.0
12 196 -102.0
12 197 -106.0
12 198 -102.0
12 199 -102.0
12 200 -108.0
12 201 -102.0
12 202 -97.0
12 203 -104.0
12 204 -104.0
12 205 -97.0
12 206 -94.0
12 207 -106.0
12 208 -105.0
12 209 -100.0
12 210 -103.0
12 211 -99.0
12 212 -99.0
12 213 -99.0
12 214 -99.0
12 215 -102.0
12 216 -107.0
12 217 -96.0
12 218 -112.0
12 219 -100.0
12 220 -105.0
12 221 -98.0
12 222 -97.0
12 223 -104.0
12 224 -104.0
12 225 -104.0
12 226 -103.0
12 227 -104.0
12 228 -102.0
12 229 -100.0
12 230 -102.0
12 231 -105.0
12 232 -100.0
12 233 -101.0
12 234 -99.0
12 235 -98.0
12 236 -104.0
12 237 -100.0
12 238 -100.0
12 239 -101.0
12 240 -95.0
12 241 -100.0
12 242 -97.0
12 243 -96.0
12 244 -102.0
12 245 -102.0
12 246 -99.0
12 247 -98.0
12 248 -99.0
12 249 -96.0
12 250 -107.0
12 251 -94.0
12 252 -101.0
12 253 -104.0
12 254 -99.0
12 255 -101.0
12 256 -91.0
12 257 -95.0
12 258 -93.0
12 259 -96.0
12 260 -96.0
12 261 -102.0
12 262 -99.0
12 263 -95.0
12 264 -103.0
12 265 -97.0
12 266 -104.0
12 267 -100.0
12 268 -109.0
12 269 -103.0
12 270 -107.0
12 271 -94.0
12 272 -110.0
12 273 -96.0
12 274 -109.0
12 275 -102.0
12 276 -106.0
12 277 -107.0
12 278 -94.0
12 279 -95.0
12 280 -112.0
12 281 -106.0
12 282 -100.0
12 283 -105.0
12 284 -98.0
12 285 -107.0
12 286 -101.0
12 287 -102.0
12 288 -93.0
12 289 -92.0
12 290 -98.0
12 291 -87.0
12 292 -94.0
12 293 -96.0
12 294 -94.0
12 295 -98.0
12 296 -110.0
12 297 -101.0
12 298 -101.0
12 299 -98.0
12 300 -100.0
12 301 -102.0
12 302 -106.0
12 303 -100.0
12 304 -93.0
12 305 -101.0
12 306 -94.0
12 307 -102.0
12 308 -101.0
12 309 -97.0
12 310 -97.0
12 311 -94.0
12 312 -97.0
12 313 -97.0
12 314 -101.0
12 315 -98.0
12 316 -101.0
12 317 -94.0
12 318 -103.0
12 319 -101.0
12 320 -94.0
13 14 -103.0
13 15 -97.0
13 16 -100.0
13 17 -108.0
13 18 -104.0
13 19 -95.0
13 20 -109.0
13 21 -91.0
13 22 -107.0
13 23 -98.0
13 24 -110.0
13 25 -101.0
13 26 -94.0
13 27 -97.0
13 28 -107.0
13 29 -102.0
13 30 -101.0
13 31 -98.0
13 32 -104.0
13 33 -95.0
13 34 -99.0
13 35 -95.0
13 36 -101.0
13 37 -101.0
13 38 -102.0
13 39 -101.0
13 40 -95.0
13 41 -97.0
13 42 -106.0
13 43 -98.0
13 44 -102.0
13 45 -103.0
13 46 -98.0
13 47 -110.0
13 48 -102.0
13 49 -104.0
13 50 -90.0
13 51 -93.0
13 52 -100.0
13 53 -100.0
13 54 -100.0
13 55 -105.0
13 56 -95.0
13 57 -100.0
13 58 -99.0
13 59 -101.0
13 60 -98.0
13 61 -98.0
13 62 -100.0
13 63 -94.0
13 64 -109.0
13 65 -102.0
13 66 -97.0
13 67 -110.0
13 68 -104.0
13 69 -98.0
13 70 -105.0
13 71 -103.0
13 72 -102.0
13 73 -93.0
13 74 -105.0
13 75 -98.0
13 76 -100.0
13 77 -102.0
13 78 -102.0
13 79 -97.0
13 80 -101.0
13 81 -99.0
13 82 -89.0
13 83 -96.0
13 84 -100.0
13 85 -102.0
13 86 -103.0
13 87 -102.0
13 88 -100.0
13 89 -106.0
13 90 -97.0
13 91 -105.0
13 92 -97.0
13 93 -98.0
13 94 -98.0
13 95 -102.0
13 96 -97.0
13 97 -102.0
13 98 -107.0
13 99 -89.0
13 100 -103.0
13 101 -95.0
13 102 -101.0
13 103 -96.0
13 104 -100.0
13 105 -91.0
13 106 -92.0
13 107 -103.0
13 108 -104.0
13 109 -108.0
13 110 -94.0
13 111 -95.0
13 112 -97.0
13 113 -101.0
13 114 -101.0
13 115 -101.0
13 116 -93.0
13 117 -105.0
13 118 -97.0
13 119 -97.0
13 120 -105.0
13 121 -98.0
13 122 -91.0
13 123 -97.0
13 124 -105.0
13 125 -99.0
13 126 -94.0
13 127 -97.0
13 128 -100.0
13 129 -104.0
13 130 -93.0
13 131 -86.0
13 132 -105.0
13 133 -92.0
13 134 -101.0
13 135 -92.0
13 136 -98.0
13 137 -103.0
13 138 -108.0
13 139 -100.0
13 140 -100.0
13 141 -99.0
13 142 -97.0
13 143 -102.0
13 144 -100.0
13 145 -108.0
13 146 -92.0
13 147 -105.0
13 148 -102.0
13 149 -99.0
13 150 -96.0
13 151 -103.0
13 152 -100.0
13 153 -92.0
13 154 -107.0
13 155 -102.0
13 156 -103.0
13 157 -99.0
13 158 -99.0
13 159 -95.0
13 160 -95.0
13 161 -108.0
13 162 -102.0
13 163 -95.0
13 164 -107.0
13 165 -92.0
13 166 -94.0
13 167 -100.0
13 168 -95.0
13 169 -96.0
13 170 -95.0
13 171 -103.0
13 172 -98.0
13 173 -102.0
13 174 -95.0
13 175 -99.0
13 176 -104.0
13 177 -94.0
13 178 -105.0
13 179 -94.0
13 180 -97.0
13 181 -99.0
13 182 -105.0
13 183 -99.0
13 184 -98.0
13 185 -101.0
13 186 -92.0
13 187 -95.0
13 188 -94.0
13 189 -96.0
13 190 -97.0
13 191 -99.0
13 192 -95.0
13 193 -89.0
13 194 -92.0
13 195 -103.0
13 196 -95.0
13 197 -107.0
13 198 -108.0
13 199 -99.0
13 200 -97.0
13 201 -93.0
13 202 -101.0
13 203 -97.0
13 204 -103.0
13 205 -106.0
13 206 -91.0
13 207 -90.0
13 208 -114.0
13 209 -107.0
13 210 -104.0
13 211 -97.0
13 212 -91.0
13 213 -94.0
13 214 -87.0
13 215 -108.0
13 216 -95.0
13 217 -96.0
13 218 -111.0
13 219 -95.0
13 220 -106.0
13 221 -106.0
13 222 -94.0
13 223 -98.0
13 224 -98.0
13 225 -105.0
13 226 -87.0
13 227 -98.0
13 228 -95.0
13 229 -112.0
13 230 -97.0
13 231 -102.0
13 232 -94.0
13 233 -100.0
13 234 -97.0
13 235 -92.0
13 236 -105.0
13 237 -97.0
13 238 -107.0
13 239 -88.0
13 240 -98.0
13 241 -99.0
13 242 -103.0
13 243 -94.0
13 244 -98.0
13 245 -96.0
13 246 -106.0
13 247 -100.0
13 248 -98.0
13 249 -98.0
13 250 -104.0
13 251 -94.0
13 252 -98.0
13 253 -91.0
13 254 -110.0
13 255 -100.0
13 256 -105.0
13 257 -99.0
13 258 -98.0
13 259 -93.0
13 260 -103.0
13 261 -94.0
13 262 -102.0
13 263 -104.0
13 264 -92.0
13 265 -103.0
13 266 -102.0
13 267 -107.0
13 268 -99.0
13 269 -106.0
13 270 -99.0
13 271 -100.0
13 272 -102.0
13 273 -97.0
13 274 -103.0
13 275 -95.0
13 276 -92.0
13 277 -94.0
13 278 -99.0
13 279 -102.0
13 280 -107.0
13 281 -92.0
13 282 -98.0
13 283 -99.0
13 284 -95.0
13 285 -101.0
13 286 -104.0
13 287 -97.0
13 288 -108.0
13 289 -102.0
13 290 -100.0
13 291 -95.0
13 292 -99.0
13 293 -96.0
13 294 -108.0
13 295 -102.0
13 296 -96.0
13 297 -96.0
13 298 -100.0
13 299 -94.0
13 300 -102.0
13 301 -105.0
13 302 -98.0
13 303 -102.0
13 304 -93.0
13 305 -108.0
13 306 -100.0
13 307 -92.0
13 308 -93.0
13 309 -95.0
13 310 -97.0
13 311 -90.0
13 312 -102.0
13 313 -96.0
13 314 -99.0
13 315 -95.0
13 316 -108.0
13 317 -95.0
13 318 -101.0
13 319 -97.0
13 320 -100.0
14 15 -93.0
14 16 -102.0
14 17 -85.0
14 18 -95.0
14 19 -107.0
14 20 -104.0
14 21 -102.0
14 22 -101.0
14 23 -99.0
14 24 -91.0
14 25 -95.0
14 26 -96.0
14 27 -98.0
14 28 -105.0
14 29 -95.0
14 30 -95.0
14 31 -101.0
14 32 -95.0
14 33 -102.0
14 34 -94.0
14 35 -90.0
14 36 -99.0
14 37 -100.0
14 38 -102.0
14 39 -94.0
14 40 -103.0
14 41 -100.0
14 42 -99.0
14 43 -103.0
14 44 -101.0
14 45 -102.0
14 46 -102.0
14 47 -89.0
14 48 -100.0
14 49 -91.0
14 50 -112.0
14 51 -100.0
14 52 -105.0
14 53 -99.0
14 54 -107.0
14 55 -99.0
14 56 -98.0
14 57 -103.0
14 58 -104.0
14 59 -103.0
14 60 -106.0
14 61 -96.0
14 62 -102.0
14 63 -94.0
14 64 -103.0
14 65 -97.0
14 66 -90.0
14 67 -99.0
14 68 -102.0
14 69 -90.0
14 70 -95.0
14 71 -102.0
14 72 -99.0
14 73 -107.0
14 74 -101.0
14 75 -106.0
14 76 -98.0
14 77 -102.0
14 78 -105.0
14 79 -92.0
14 80 -100.0
14 81 -96.0
14 82 -98.0
14 83 -92.0
14 84 -105.0
14 85 -94.0
14 86 -93.0
14 87 -99.0
14 88 -97.0
14 89 -103.0
14 90 -100.0
14 91 -101.0
14 92 -103.0
14 93 -105.0
14 94 -95.0
14 95 -101.0
14 96 -101.0
14 97 -96.0
14 98 -90.0
14 99 -104.0
14 100 -96.0
14 101 -95.0
14 102 -102.0
14 103 -100.0
14 104 -103.0
14 105 -93.0
14 106 -102.0
14 107 -106.0
14 108 -99.0
14 109 -106.0
14 110 -107.0
14 111 -106.0
14 112 -96.0
14 113 -95.0
14 114 -97.0
14 115 -93.0
14 116 -100.0
14 117 -106.0
14 118 -105.0
14 119 -94.0
14 120 -103.0
14 121 -99.0
14 122 -101.0
14 123 -100.0
14 124 -101.0
14 125 -99.0
14 126 -97.0
14 127 -106.0
14 128 -101.0
14 129 -102.0
14 130 -103.0
14 131 -95.0
14 132 -101.0
14 133 -107.0
14 134 -93.0
14 135 -103.0
14 136 -99.0
14 137 -101.0
14 138 -94.0
14 139 -103.0
14 140 -104.0
14 141 -96.0
14 142 -99.0
14 143 -93.0
14 144 -107.0
14 145 -101.0
14 146 -98.0
14 147 -99.0
14 148 -108.0
14 149 -92.0
14 150 -99.0
14 151 -97.0
14 152 -97.0
14 153 -98.0
14 154 -108.0
14 155 -97.0
14 156 -104.0
14 157 -98.0
14 158 -92.0
14 159 -92.0
14 160 -100.0
14 161 -98.0
14 162 -98.0
14 163 -106.0
14 164 -96.0
14 165 -101.0
14 166 -96.0
14 167 -90.0
14 168 -93.0
14 169 -103.0
14 170 -105.0
14 171 -102.0
14 172 -95.0
14 173 -100.0
14 174 -98.0
14 175 -103.0
14 176 -97.0
14 177 -100.0
14 178 -104.0
14 179 -100.0
14 180 -104.0
14 181 -105.0
14 182 -104.0
14 183 -106.0
14 184 -93.0
14 185 -101.0
14 186 -105.0
14 187 -106.0
14 188 -96.0
14 189 -101.0
14 190 -101.0
14 191 -99.0
14 192 -94.0
14 193 -105.0
14 194 -98.0
14 195 -108.0
14 196 -97.0
14 197 -98.0
14 198 -100.0
14 199 -95.0
14 200 -97.0
14 201 -103.0
14 202 -101.0
14 203 -99.0
14 204 -100.0
14 205 -103.0
14 206 -102.0
14 207 -98.0
14 208 -105.0
14 209 -106.0
14 210 -97.0
14 211 -101.0
14 212 -98.0
14 213 -94.0
14 214 -98.0
14 215 -90.0
14 216 -97.0
14 217 -98.0
14 218 -101.0
14 219 -91.0
14 220 -100.0
14 221 -99.0
14 222 -95.0
14 223 -99.0
14 224 -95.0
14 225 -95.0
14 226 -105.0
14 227 -100.0
14 228 -93.0
14 229 -100.0
14 230 -100.0
14 231 -97.0
14 232 -104.0
14 233 -96.0
14 234 -96.0
14 235 -101.0
14 236 -100.0
14 237 -93.0
14 238 -102.0
14 239 -99.0
14 240 -92.0
14 241 -95.0
14 242 -102.0
14 243 -99.0
14 244 -105.0
14 245 -95.0
14 246 -94.0
14 247 -105.0
14 248 -105.0
14 249 -93.0
14 250 -102.0
14 251 -108.0
14 252 -101.0
14 253 -104.0
14 254 -101.0
14 255 -99.0
14 256 -100.0
14 257 -99.0
14 258 -102.0
14 259 -93.0
14 260 -96.0
14 261 -94.0
14 262 -108.0
14 263 -97.0
14 264 -98.0
14 265 -96.0
14 266 -99.0
14 267 -98.0
14 268 -97.0
14 269 -96.0
14 270 -94.0
14 271 -103.0
14 272 -90.0
14 273 -95.0
14 274 -106.0
14 275 -99.0
14 276 -95.0
14 277 -106.0
14 278 -103.0
14 279 -99.0
14 280 -97.0
14 281 -99.0
14 282 -102.0
14 283 -103.0
14 284 -89.0
14 285 -113.0
14 286 -110.0
14 287 -104.0
14 288 -97.0
14 289 -94.0
14 290 -100.0
14 291 -101.0
14 292 -94.0
14 293 -104.0
14 294 -101.0
14 295 -107.0
14 296 -100.0
14 297 -96.0
14 298 -96.0
14 299 -93.0
14 300 -101.0
14 301 -106.0
14 302 -100.0
14 303 -98.0
14 304 -93.0
14 305 -96.0
14 306 -102.0
14 307 -95.0
14 308 -104.0
14 309 -98.0
14 310 -97.0
14 311 -102.0
14 312 -105.0
14 313 -107.0
14 314 -93.0
14 315 -103.0
14 316 -98.0
14 317 -102.0
14 318 -111.0
14 319 -101.0
14 320 -97.0
15 16 -104.0
15 17 -104.0
15 18 -103.0
15 19 -98.0
15 20 -94.0
15 21 -98.0
15 22 -96.0
15 23 -108.0
15 24 -94.0
15 25 -106.0
15 26 -98.0
15 27 -102.0
15 28 -103.0
15 29 -102.0
15 30 -96.0
15 31 -101.0
15 32 -93.0
15 33 -99.0
15 34 -93.0
15 35 -98.0
15 36 -93.0
15 37 -89.0
15 38 -104.0
15 39 -100.0
15 40 -97.0
15 41 -106.0
15 42 -99.0
15 43 -104.0
15 44 -104.0
15 45 -102.0
15 46 -99.0
15 47 -104.0
15 48 -96.0
15 49 -99.0
15 50 -103.0
15 51 -89.0
15 52 -101.0
15 53 -102.0
15 54 -107.0
15 55 -102.0
15 56 -102.0
15 57 -104.0
15 58 -98.0
15 59 -95.0
15 60 -102.0
15 61 -97.0
15 62 -95.0
15 63 -98.0
15 64 -91.0
15 65 -103.0
15 66 -89.0
15 67 -106.0
15 68 -95.0
15 69 -102.0
15 70 -96.0
15 71 -104.0
15 72 -95.0
15 73 -93.0
15 74 -92.0
15 75 -103.0
15 76 -101.0
15 77 -94.0
15 78 -95.0
15 79 -103.0
15 80 -105.0
15 81 -104.0
15 82 -101.0
15 83 -106.0
15 84 -101.0
15 85 -97.0
15 86 -105.0
15 87 -95.0
15 88 -103.0
15 89 -109.0
15 90 -109.0
15 91 -102.0
15 92 -102.0
15 93 -99.0
15 94 -100.0
15 95 -97.0
15 96 -99.0
15 97 -93.0
15 98 -100.0
15 99 -90.0
15 100 -102.0
15 101 -102.0
15 102 -103.0
15 103 -103.0
15 104 -99.0
15 105 -107.0
15 106 -101.0
15 107 -103.0
15 108 -100.0
15 109 -100.0
15 110 -106.0
15 111 -100.0
15 112 -98.0
15 113 -95.0
15 114 -95.0
15 115 -94.0
15 116 -98.0
15 117 -106.0
15 118 -99.0
15 119 -98.0
15 120 -94.0
15 121 -102.0
15 122 -100.0
15 123 -92.0
15 124 -96.0
15 125 -101.0
15 126 -103.0
15 127 -101.0
15 128 -104.0
15 129 -95.0
15 130 -108.0
15 131 -99.0
15 132 -108.0
15 133 -111.0
15 134 -96.0
15 135 -94.0
15 136 -99.0
15 137 -98.0
15 138 -81.0
15 139 -94.0
15 140 -102.0
15 141 -92.0
15 142 -103.0
15 143 -100.0
15 144 -104.0
15 145 -101.0
15 146 -97.0
15 147 -97.0
15 148 -107.0
15 149 -103.0
15 150 -101.0
15 151 -99.0
15 152 -93.0
15 153 -96.0
15 154 -99.0
15 155 -103.0
15 156 -103.0
15 157 -93.0
15 158 -92.0
15 159 -94.0
15 160 -98.0
15 161 -101.0
15 162 -98.0
15 163 -99.0
15 164 -103.0
15 165 -100.0
15 166 -105.0
15 167 -102.0
15 168 -104.0
15 169 -107.0
15 170 -103.0
15 171 -95.0
15 172 -95.0
15 173 -93.0
15 174 -99.0
15 175 -99.0
15 176 -91.0
15 177 -86.0
15 178 -98.0
15 179 -101.0
15 180 -100.0
15 181 -100.0
15 182 -83.0
15 183 -97.0
15 184 -101.0
15 185 -99.0
15 186 -90.0
15 187 -97.0
15 188 -99.0
15 189 -98.0
15 190 -92.0
15 191 -96.0
15 192 -101.0
15 193 -95.0
15 194 -103.0
15 195 -91.0
15 196 -101.0
15 197 -104.0
15 198 -99.0
15 199 -96.0
15 200 -99.0
15 201 -95.0
15 202 -105.0
15 203 -97.0
15 204 -106.0
15 205 -99.0
15 206 -96.0
15 207 -98.0
15 208 -96.0
15 209 -101.0
15 210 -97.0
15 211 -111.0
15 212 -101.0
15 213 -102.0
15 214 -91.0
15 215 -98.0
15 216 -95.0
15 217 -96.0
15 218 -103.0
15 219 -93.0
15 220 -102.0
15 221 -102.0
15 222 -100.0
15 223 -98.0
15 224 -101.0
15 225 -99.0
15 226 -94.0
15 227 -99.0
15 228 -100.0
15 229 -96.0
15 230 -108.0
15 231 -98.0
15 232 -107.0
15 233 -103.0
15 234 -101.0
15 235 -107.0
15 236 -97.0
15 237 -103.0
15 238 -96.0
15 239 -108.0
15 240 -107.0
15 241 -97.0
15 242 -99.0
15 243 -109.0
15 244 -98.0
15 245 -98.0
15 246 -96.0
15 247 -101.0
15 248 -104.0
15 249 -92.0
15 250 -93.0
15 251 -101.0
15 252 -106.0
15 253 -100.0
15 254 -108.0
15 255 -98.0
15 256 -90.0
15 257 -101.0
15 258 -93.0
15 259 -109.0
15 260 -101.0
15 261 -97.0
15 262 -95.0
15 263 -105.0
15 264 -96.0
15 265 -99.0
15 266 -107.0
15 267 -100.0
15 268 -99.0
15 269 -98.0
15 270 -99.0
15 271 -95.0
15 272 -101.0
15 273 -95.0
15 274 -97.0
15 275 -102.0
15 276 -98.0
15 277 -97.0
15 278 -96.0
15 279 -103.0
15 280 -102.0
15 281 -99.0
15 282 -101.0
15 283 -104.0
15 284 -100.0
15 285 -96.0
15 286 -91.0
15 287 -104.0
15 288 -93.0
15 289 -95.0
15 290 -107.0
15 291 -102.0
15 292 -101.0
15 293 -99.0
15 294 -102.0
15 295 -92.0
15 296 -92.0
15 297 -90.0
15 298 -108.0
15 299 -93.0
15 300 -98.0
15 301 -111.0
15 302 -107.0
15 303 -105.0
15 304 -97.0
15 305 -99.0
15 306 -95.0
15 307 -99.0
15 308 -97.0
15 309 -94.0
15 310 -104.0
15 311 -105.0
15 312 -100.0
15 313 -100.0
15 314 -100.0
15 315 -100.0
15 316 -101.0
15 317 -103.0
15 318 -106.0
15 319 -97.0
15 320 -99.0
16 17 -89.0
16 18 -85.0
16 19 -92.0
16 20 -102.0
16 21 -96.0
16 22 -110.0
16 23 -98.0
16 24 -100.0
16 25 -97.0
16 26 -97.0
16 27 -107.0
16 28 -100.0
16 29 -95.0
16 30 -94.0
16 31 -111.0
16 32 -103.0
16 33 -100.0
16 34 -95.0
16 35 -100.0
16 36 -100.0
16 37 -99.0
16 38 -109.0
16 39 -91.0
16 40 -104.0
16 41 -103.0
16 42 -103.0
16 43 -98.0
16 44 -100.0
16 45 -90.0
16 46 -100.0
16 47 -99.0
16 48 -89.0
16 49 -109.0
16 50 -93.0
16 51 -96.0
16 52 -99.0
16 53 -103.0
16 54 -109.0
16 55 -105.0
16 56 -101.0
16 57 -104.0
16 58 -104.0
16 59 -97.0
16 60 -103.0
16 61 -96.0
16 62 -96.0
16 63 -98.0
16 64 -94.0
16 65 -102.0
16 66 -96.0
16 67 -102.0
16 68 -98.0
16 69 -93.0
16 70 -92.0
16 71 -95.0
16 72 -98.0
16 73 -108.0
16 74 -97.0
16 75 -99.0
16 76 -83.0
16 77 -97.0
16 78 -101.0
16 79 -103.0
16 80 -104.0
16 81 -105.0
16 82 -96.0
16 83 -94.0
16 84 -97.0
16 85 -101.0
16 86 -99.0
16 87 -99.0
16 88 -105.0
16 89 -103.0
16 90 -103.0
16 91 -99.0
16 92 -105.0
16 93 -101.0
16 94 -105.0
16 95 -98.0
16 96 -101.0
16 97 -99.0
16 98 -91.0
16 99 -96.0
16 100 -98.0
16 101 -104.0
16 102 -109.0
16 103 -99.0
16 104 -111.0
16 105 -104.0
16 106 -104.0
16 107 -100.0
16 108 -113.0
16 109 -103.0
16 110 -98.0
16 111 -96.0
16 112 -95.0
16 113 -101.0
16 114 -101.0
16 115 -102.0
16 116 -104.0
16 117 -93.0
16 118 -98.0
16 119 -99.0
16 120 -101.0
16 121 -103.0
16 122 -101.0
16 123 -99.0
16 124 -97.0
16 125 -104.0
16 126 -99.0
16 127 -109.0
16 128 -98.0
16 129 -100.0
16 130 -103.0
16 131 -110.0
16 132 -91.0
16 133 -100.0
16 134 -98.0
16 135 -100.0
16 136 -101.0
16 137 -104.0
16 138 -101.0
16 139 -113.0
16 140 -103.0
16 141 -100.0
16 142 -98.0
16 143 -99.0
16 144 -92.0
16 145 -95.0
16 146 -97.0
16 147 -103.0
16 148 -100.0
16 149 -96.0
16 150 -95.0
16 151 -101.0
16 152 -90.0
16 153 -94.0
16 154 -99.0
16 155 -93.0
16 156 -102.0
16 157 -97.0
16 158 -101.0
16 159 -98.0
16 160 -91.0
16 161 -95.0
16 162 -98.0
16 163 -103.0
16 164 -97.0
16 165 -97.0
16 166 -100.0
16 167 -107.0
16 168 -99.0
16 169 -101.0
16 170 -106.0
16 171 -96.0
16 172 -94.0
16 173 -90.0
16 174 -106.0
16 175 -94.0
16 176 -109.0
16 177 -104.0
16 178 -105.0
16 179 -93.0
16 180 -111.0
16 181 -88.0
16 182 -91.0
16 183 -100.0
16 184 -94.0
16 185 -100.0
16 186 -99.0
16 187 -102.0
16 188 -90.0
16 189 -97.0
16 190 -89.0
16 191 -103.0
16 192 -102.0
16 193 -98.0
16 194 -98.0
16 195 -108.0
16 196 -101.0
16 197 -89.0
16 198 -96.0
16 199 -97.0
16 200 -104.0
16 201 -96.0
16 202 -95.0
16 203 -101.0
16 204 -112.0
16 205 -103.0
16 206 -108.0
16 207 -105.0
16 208 -98.0
16 209 -99.0
16 210 -94.0
16 211 -96.0
16 212 -103.0
16 213 -100.0
16 214 -100.0
16 215 -102.0
16 216 -106.0
16 217 -102.0
16 218 -108.0
16 219 -99.0
16 220 -93.0
16 221 -96.0
16 222 -100.0
16 223 -100.0
16 224 -107.0
16 225 -94.0
16 226 -103.0
16 227 -102.0
16 228 -95.0
16 229 -94.0
16 230 -109.0
16 231 -100.0
16 232 -92.0
16 233 -100.0
16 234 -106.0
16 235 -97.0
16 236 -90.0
16 237 -100.0
16 238 -104.0
16 239 -101.0
16 240 -95.0
16 241 -102.0
16 242 -98.0
16 243 -94.0
16 244 -101.0
16 245 -98.0
16 246 -100.0
16 247 -93.0
16 248 -101.0
16 249 -94.0
16 250 -96.0
16 251 -101.0
16 252 -97.0
16 253 -103.0
16 254 -102.0
16 255 -99.0
16 256 -86.0
16 257 -106.0
16 258 -94.0
16 259 -92.0
16 260 -112.0
16 261 -100.0
16 262 -102.0
16 263 -97.0
16 264 -100.0
16 265 -100.0
16 266 -98.0
16 267 -98.0
16 268 -102.0
16 269 -105.0
16 270 -94.0
16 271 -96.0
16 272 -97.0
16 273 -96.0
16 274 -102.0
16 275 -102.0
16 276 -105.0
16 277 -90.0
16 278 -93.0
16 279 -112.0
16 280 -98.0
16 281 -99.0
16 282 -102.0
16 283 -100.0
16 284 -91.0
16 285 -91.0
16 286 -99.0
16 287 -95.0
16 288 -106.0
16 289 -99.0
16 290 -99.0
16 291 -95.0
16 292 -90.0
16 293 -94.0
16 294 -101.0
16 295 -91.0
16 296 -106.0
16 297 -103.0
16 298 -100.0
16 299 -85.0
16 300 -105.0
16 301 -102.0
16 302 -95.0
16 303 -100.0
16 304 -104.0
16 305 -102.0
16 306 -104.0
16 307 -105.0
16 308 -102.0
16 309 -104.0
16 310 -93.0
16 311 -109.0
16 312 -107.0
16 313 -107.0
16 314 -109.0
16 315 -104.0
16 316 -90.0
16 317 -110.0
16 318 -101.0
16 319 -105.0
16 320 -100.0
17 18 -101.0
17 19 -92.0
17 20 -90.0
17 21 -100.0
17 22 -97.0
17 23 -107.0
17 24 -96.0
17 25 -106.0
17 26 -97.0
17 27 -98.0
17 28 -100.0
17 29 -109.0
17 30 -99.0
17 31 -96.0
17 32 -104.0
17 33 -94.0
17 34 -108.0
17 35 -96.0
17 36 -101.0
17 37 -106.0
17 38 -96.0
17 39 -99.0
17 40 -105.0
17 41 -101.0
17 42 -91.0
17 43 -100.0
17 44 -97.0
17 45 -104.0
17 46 -102.0
17 47 -101.0
17 48 -100.0
17 49 -93.0
17 50 -103.0
17 51 -101.0
17 52 -88.0
17 53 -100.0
17 54 -94.0
17 55 -96.0
17 56 -111.0
17 57 -94.0
17 58 -100.0
17 59 -102.0
17 60 -108.0
17 61 -102.0
17 62 -93.0
17 63 -106.0
17 64 -104.0
17 65 -98.0
17 66 -91.0
17 67 -98.0
17 68 -95.0
17 69 -100.0
17 70 -101.0
17 71 -102.0
17 72 -94.0
17 73 -104.0
17 74 -107.0
17 75 -97.0
17 76 -90.0
17 77 -96.0
17 78 -102.0
17 79 -92.0
17 80 -107.0
17 81 -99.0
17 82 -106.0
17 83 -105.0
17 84 -104.0
17 85 -104.0
17 86 -100.0
17 87 -99.0
17 88 -103.0
17 89 -103.0
17 90 -95.0
17 91 -101.0
17 92 -95.0
17 93 -95.0
17 94 -94.0
17 95 -102.0
17 96 -100.0
17 97 -96.0
17 98 -99.0
17 99 -109.0
17 100 -101.0
17 101 -97.0
17 102 -100.0
17 103 -96.0
17 104 -100.0
17 105 -102.0
17 106 -93.0
17 107 -98.0
17 108 -90.0
17 109 -105.0
17 110 -98.0
17 111 -100.0
17 112 -98.0
17 113 -91.0
17 114 -102.0
17 115 -101.0
17 116 -103.0
17 117 -111.0
17 118 -96.0
17 119 -96.0
17 120 -93.0
17 121 -94.0
17 122 -104.0
17 123 -97.0
17 124 -98.0
17 125 -108.0
17 126 -108.0
17 127 -98.0
17 128 -99.0
17 129 -96.0
17 130 -97.0
17 131 -100.0
17 132 -102.0
17 133 -102.0
17 134 -91.0
17 135 -101.0
17 136 -101.0
17 137 -99.0
17 138 -102.0
17 139 -98.0
17 140 -99.0
17 141 -95.0
17 142 -95.0
17 143 -95.0
17 144 -103.0
17 145 -103.0
17 146 -97.0
17 147 -97.0
17 148 -100.0
17 149 -99.0
17 150 -98.0
17 151 -94.0
17 152 -100.0
17 153 -99.0
17 154 -98.0
17 155 -103.0
17 156 -97.0
17 157 -103.0
17 158 -93.0
17 159 -96.0
17 160 -91.0
17 161 -89.0
17 162 -108.0
17 163 -100.0
17 164 -103.0
17 165 -96.0
17 166 -97.0
17 167 -101.0
17 168 -92.0
17 169 -100.0
17 170 -95.0
17 171 -101.0
17 172 -99.0
17 173 -100.0
17 174 -96.0
17 175 -108.0
17 176 -97.0
17 177 -100.0
17 178 -107.0
17 179 -111.0
17 180 -104.0
17 181 -101.0
17 182 -96.0
17 183 -98.0
17 184 -101.0
17 185 -105.0
17 186 -88.0
17 187 -100.0
17 188 -96.0
17 189 -96.0
17 190 -101.0
17 191 -104.0
17 192 -102.0
17 193 -106.0
17 194 -94.0
17 195 -102.0
17 196 -97.0
17 197 -101.0
17 198 -100.0
17 199 -96.0
17 200 -92.0
17 201 -98.0
17 202 -99.0
17 203 -98.0
17 204 -100.0
17 205 -102.0
17 206 -108.0
17 207 -105.0
17 208 -97.0
17 209 -94.0
17 210 -106.0
17 211 -91.0
17 212 -101.0
17 213 -103.0
17 214 -101.0
17 215 -98.0
17 216 -102.0
17 217 -97.0
17 218 -102.0
17 219 -97.0
17 220 -95.0
17 221 -99.0
17 222 -110.0
17 223 -103.0
17 224 -101.0
17 225 -103.0
17 226 -100.0
17 227 -100.0
17 228 -103.0
17 229 -107.0
17 230 -108.0
17 231 -97.0
17 232 -97.0
17 233 -93.0
17 234 -105.0
17 235 -93.0
17 236 -94.0
17 237 -104.0
17 238 -97.0
17 239 -108.0
17 240 -101.0
17 241 -99.0
17 242 -92.0
17 243 -97.0
17 244 -101.0
17 245 -92.0
17 246 -105.0
17 247 -99.0
17 248 -108.0
17 249 -100.0
17 250 -91.0
17 251 -96.0
17 252 -102.0
17 253 -102.0
17 254 -99.0
17 255 -103.0
17 256 -104.0
17 257 -91.0
17 258 -106.0
17 259 -101.0
17 260 -103.0
17 261 -95.0
17 262 -97.0
17 263 -98.0
17 264 -97.0
17 265 -98.0
17 266 -99.0
17 267 -104.0
17 268 -96.0
17 269 -98.0
17 270 -100.0
17 271 -105.0
17 272 -95.0
17 273 -101.0
17 274 -103.0
17 275 -103.0
17 276 -98.0
17 277 -96.0
17 278 -96.0
17 279 -101.0
17 280 -100.0
17 281 -104.0
17 282 -99.0
17 283 -97.0
17 284 -102.0
17 285 -101.0
17 286 -90.0
17 287 -92.0
17 288 -97.0
17 289 -107.0
17 290 -99.0
17 291 -100.0
17 292 -107.0
17 293 -101.0
17 294 -105.0
17 295 -99.0
17 296 -90.0
17 297 -99.0
17 298 -98.0
17 299 -103.0
17 300 -103.0
17 301 -111.0
17 302 -99.0
17 303 -95.0
17 304 -98.0
17 305 -96.0
17 306 -96.0
17 307 -88.0
17 308 -99.0
17 309 -100.0
17 310 -90.0
17 311 -92.0
17 312 -94.0
17 313 -101.0
17 314 -103.0
17 315 -104.0
17 316 -101.0
17 317 -96.0
17 318 -95.0
17 319 -102.0
17 320 -106.0
18 19 -97.0
18 20 -100.0
18 21 -88.0
18 22 -98.0
18 23 -108.0
18 24 -104.0
18 25 -98.0
18 26 -98.0
18 27 -96.0
18 28 -97.0
18 29 -89.0
18 30 -99.0
18 31 -100.0
18 32 -101.0
18 33 -104.0
18 34 -102.0
18 35 -108.0
18 36 -99.0
18 37 -98.0
18 38 -97.0
18 39 -107.0
18 40 -98.0
18 41 -102.0
18 42 -105.0
18 43 -107.0
18 44 -98.0
18 45 -92.0
18 46 -105.0
18 47 -97.0
18 48 -92.0
18 49 -107.0
18 50 -107.0
18 51 -103.0
18 52 -113.0
18 53 -100.0
18 54 -109.0
18 55 -92.0
18 56 -97.0
18 57 -100.0
18 58 -94.0
18 59 -92.0
18 60 -105.0
18 61 -110.0
18 62 -101.0
18 63 -107.0
18 64 -87.0
18 65 -99.0
18 66 -98.0
18 67 -95.0
18 68 -105.0
18 69 -107.0
18 70 -96.0
18 71 -97.0
18 72 -109.0
18 73 -100.0
18 74 -109.0
18 75 -104.0
18 76 -98.0
18 77 -110.0
18 78 -96.0
18 79 -105.0
18 80 -98.0
18 81 -91.0
18 82 -94.0
18 83 -95.0
18 84 -95.0
18 85 -99.0
18 86 -97.0
18 87 -96.0
18 88 -104.0
18 89 -100.0
18 90 -97.0
18 91 -99.0
18 92 -104.0
18 93 -99.0
18 94 -104.0
18 95 -100.0
18 96 -100.0
18 97 -86.0
18 98 -92.0
18 99 -102.0
18 100 -114.0
18 101 -98.0
18 102 -101.0
18 103 -98.0
18 104 -98.0
18 105 -95.0
18 106 -91.0
18 107 -98.0
18 108 -97.0
18 109 -98.0
18 110 -102.0
18 111 -105.0
18 112 -92.0
18 113 -100.0
18 114 -102.0
18 115 -91.0
18 116 -91.0
18 117 -94.0
18 118 -103.0
18 119 -105.0
18 120 -93.0
18 121 -102.0
18 122 -99.0
18 123 -103.0
18 124 -94.0
18 125 -97.0
18 126 -94.0
18 127 -106.0
18 128 -105.0
18 129 -111.0
18 130 -109.0
18 131 -91.0
18 132 -103.0
18 133 -103.0
18 134 -103.0
18 135 -97.0
18 136 -98.0
18 137 -107.0
18 138 -96.0
18 139 -95.0
18 140 -97.0
18 141 -103.0
18 142 -92.0
18 143 -107.0
18 144 -110.0
18 145 -104.0
18 146 -101.0
18 147 -103.0
18 148 -97.0
18 149 -106.0
18 150 -100.0
18 151 -99.0
18 152 -118.0
18 153 -96.0
18 154 -92.0
18 155 -98.0
18 156 -103.0
18 157 -90.0
18 158 -97.0
18 159 -96.0
18 160 -100.0
18 161 -96.0
18 162 -99.0
18 163 -101.0
18 164 -104.0
18 165 -105.0
18 166 -106.0
18 167 -91.0
18 168 -97.0
18 169 -104.0
18 170 -91.0
18 171 -98.0
18 172 -91.0
18 173 -104.0
18 174 -100.0
18 175 -100.0
18 176 -99.0
18 177 -109.0
18 178 -99.0
18 179 -98.0
18 180 -99.0
18 181 -96.0
18 182 -100.0
18 183 -96.0
18 184 -103.0
18 185 -90.0
18 186 -100.0
18 187 -98.0
18 188 -102.0
18 189 -101.0
18 190 -97.0
18 191 -107.0
18 192 -91.0
18 193 -103.0
18 194 -104.0
18 195 -105.0
18 196 -110.0
18 197 -102.0
18 198 -105.0
18 199 -95.0
18 200 -105.0
18 201 -97.0
18 202 -107.0
18 203 -96.0
18 204 -96.0
18 205 -106.0
18 206 -106.0
18 207 -96.0
18 208 -90.0
18 209 -92.0
18 210 -111.0
18 211 -92.0
18 212 -95.0
18 213 -101.0
18 214 -111.0
18 215 -95.0
18 216 -97.0
18 217 -97.0
18 218 -100.0
18 219 -103.0
18 220 -96.0
18 221 -107.0
18 222 -97.0
18 223 -105.0
18 224 -97.0
18 225 -95.0
18 226 -102.0
18 227 -99.0
18 228 -102.0
18 229 -100.0
18 230 -87.0
18 231 -98.0
18 232 -94.0
18 233 -104.0
18 234 -107.0
18 235 -101.0
18 236 -98.0
18 237 -98.0
18 238 -92.0
18 239 -97.0
18 240 -98.0
18 241 -96.0
18 242 -100.0
18 243 -99.0
18 244 -106.0
18 245 -97.0
18 246 -103.0
18 247 -98.0
18 248 -98.0
18 249 -103.0
18 250 -96.0
18 251 -99.0
18 252 -102.0
18 253 -99.0
18 254 -103.0
18 255 -98.0
18 256 -101.0
18 257 -103.0
18 258 -106.0
18 259 -94.0
18 260 -103.0
18 261 -98.0
18 262 -99.0
18 263 -99.0
18 264 -104.0
18 265 -103.0
18 266 -100.0
18 267 -89.0
18 268 -97.0
18 269 -106.0
18 270 -102.0
18 271 -95.0
18 272 -99.0
18 273 -108.0
18 274 -104.0
18 275 -105.0
18 276 -99.0
18 277 -98.0
18 278 -100.0
18 279 -105.0
18 280 -96.0
18 281 -102.0
18 282 -104.0
18 283 -98.0
18 284 -112.0
18 285 -98.0
18 286 -98.0
18 287 -105.0
18 288 -109.0
18 289 -95.0
18 290 -107.0
18 291 -92.0
18 292 -104.0
18 293 -106.0
18 294 -111.0
18 295 -93.0
18 296 -99.0
18 297 -91.0
18 298 -98.0
18 299 -99.0
18 300 -98.0
18 301 -102.0
18 302 -99.0
18 303 -99.0
18 304 -103.0
18 305 -103.0
18 306 -101.0
18 307 -101.0
18 308 -95.0
18 309 -98.0
18 310 -105.0
18 311 -102.0
18 312 -116.0
18 313 -93.0
18 314 -96.0
18 315 -100.0
18 316 -98.0
18 317 -103.0
18 318 -96.0
18 319 -105.0
18 320 -113.0
19 20 -100.0
19 21 -106.0
19 22 -101.0
19 23 -89.0
19 24 -101.0
19 25 -98.0
19 26 -103.0
19 27 -103.0
19 28 -102.0
19 29 -106.0
19 30 -96.0
19 31 -104.0
19 32 -104.0
19 33 -90.0
19 34 -99.0
19 35 -101.0
19 36 -87.0
19 37 -105.0
19 38 -107.0
19 39 -97.0
19 40 -105.0
19 41 -94.0
19 42 -104.0
19 43 -102.0
19 44 -96.0
19 45 -102.0
19 46 -102.0
19 47 -95.0
19 48 -103.0
19 49 -90.0
19 50 -111.0
19 51 -96.0
19 52 -99.0
19 53 -93.0
19 54 -94.0
19 55 -99.0
19 56 -101.0
19 57 -95.0
19 58 -95.0
19 59 -101.0
19 60 -97.0
19 61 -92.0
19 62 -102.0
19 63 -107.0
19 64 -98.0
19 65 -105.0
19 66 -98.0
19 67 -110.0
19 68 -90.0
19 69 -104.0
19 70 -95.0
19 71 -101.0
19 72 -109.0
19 73 -102.0
19 74 -103.0
19 75 -104.0
19 76 -95.0
19 77 -99.0
19 78 -86.0
19 79 -89.0
19 80 -93.0
19 81 -108.0
19 82 -97.0
19 83 -101.0
19 84 -98.0
19 85 -97.0
19 86 -102.0
19 87 -90.0
19 88 -101.0
19 89 -94.0
19 90 -104.0
19 91 -107.0
19 92 -105.0
19 93 -103.0
19 94 -107.0
19 95 -100.0
19 96 -108.0
19 97 -107.0
19 98 -101.0
19 99 -97.0
19 100 -93.0
19 101 -97.0
19 102 -109.0
19 103 -99.0
19 104 -107.0
19 105 -97.0
19 106 -100.0
19 107 -101.0
19 108 -95.0
19 109 -92.0
19 110 -94.0
19 111 -101.0
19 112 -103.0
19 113 -97.0
19 114 -104.0
19 115 -88.0
19 116 -101.0
19 117 -100.0
19 118 -104.0
19 119 -91.0
19 120 -96.0
19 121 -90.0
19 122 -108.0
19 123 -98.0
19 124 -94.0
19 125 -92.0
19 126 -97.0
19 127 -96.0
19 128 -96.0
19 129 -101.0
19 130 -112.0
19 131 -97.0
19 132 -103.0
19 133 -92.0
19 134 -97.0
19 135 -107.0
19 136 -104.0
19 137 -99.0
19 138 -109.0
19 139 -110.0
19 140 -100.0
19 141 -100.0
19 142 -100.0
19 143 -99.0
19 144 -105.0
19 145 -97.0
19 146 -98.0
19 147 -100.0
19 148 -103.0
19 149 -96.0
19 150 -100.0
19 151 -96.0
19 152 -99.0
19 153 -91.0
19 154 -96.0
19 155 -96.0
19 156 -99.0
19 157 -106.0
19 158 -105.0
19 159 -95.0
19 160 -104.0
19 161 -109.0
19 162 -97.0
19 163 -99.0
19 164 -94.0
19 165 -104.0
19 166 -94.0
19 167 -106.0
19 168 -102.0
19 169 -91.0
19 170 -101.0
19 171 -98.0
19 172 -109.0
19 173 -102.0
19 174 -98.0
19 175 -92.0
19 176 -102.0
19 177 -100.0
19 178 -97.0
19 179 -94.0
19 180 -104.0
19 181 -93.0
19 182 -97.0
19 183 -101.0
19 184 -92.0
19 185 -99.0
19 186 -99.0
19 187 -98.0
19 188 -95.0
19 189 -93.0
19 190 -100.0
19 191 -97.0
19 192 -100.0
19 193 -95.0
19 194 -99.0
19 195 -106.0
19 196 -107.0
19 197 -101.0
19 198 -108.0
19 199 -101.0
19 200 -92.0
19 201 -101.0
19 202 -99.0
19 203 -107.0
19 204 -97.0
19 205 -94.0
19 206 -103.0
19 207 -97.0
19 208 -107.0
19 209 -88.0
19 210 -94.0
19 211 -104.0
19 212 -99.0
19 213 -99.0
19 214 -97.0
19 215 -99.0
19 216 -94.0
19 217 -109.0
19 218 -100.0
19 219 -96.0
19 220 -99.0
19 221 -94.0
19 222 -95.0
19 223 -108.0
19 224 -104.0
19 225 -93.0
19 226 -105.0
19 227 -101.0
19 228 -94.0
19 229 -91.0
19 230 -99.0
19 231 -108.0
19 232 -109.0
19 233 -95.0
19 234 -94.0
19 235 -106.0
19 236 -104.0
19 237 -101.0
19 238 -103.0
19 239 -101.0
19 240 -113.0
19 241 -102.0
19 242 -99.0
19 243 -101.0
19 244 -101.0
19 245 -106.0
19 246 -104.0
19 247 -93.0
19 248 -101.0
19 249 -99.0
19 250 -102.0
19 251 -89.0
19 252 -101.0
19 253 -109.0
19 254 -98.0
19 255 -104.0
19 256 -100.0
19 257 -106.0
19 258 -98.0
19 259 -114.0
19 260 -98.0
19 261 -101.0
19 262 -100.0
19 263 -102.0
19 264 -97.0
19 265 -103.0
19 266 -99.0
19 267 -103.0
19 268 -96.0
19 269 -99.0
19 270 -103.0
19 271 -101.0
19 272 -91.0
19 273 -99.0
19 274 -98.0
19 275 -104.0
19 276 -96.0
19 277 -98.0
19 278 -94.0
19 279 -101.0
19 280 -99.0
19 281 -96.0
19 282 -105.0
19 283 -107.0
19 284 -99.0
19 285 -99.0
19 286 -93.0
19 287 -96.0
19 288 -96.0
19 289 -101.0
19 290 -100.0
19 291 -94.0
19 292 -90.0
19 293 -102.0
19 294 -96.0
19 295 -97.0
19 296 -88.0
19 297 -106.0
19 298 -106.0
19 299 -98.0
19 300 -100.0
19 301 -99.0
19 302 -92.0
19 303 -100.0
19 304 -104.0
19 305 -97.0
19 306 -99.0
19 307 -91.0
19 308 -92.0
19 309 -95.0
19 310 -91.0
19 311 -108.0
19 312 -99.0
19 313 -101.0
19 314 -97.0
19 315 -105.0
19 316 -103.0
19 317 -97.0
19 318 -99.0
19 319 -93.0
19 320 -101.0
20 21 -100.0
20 22 -103.0
20 23 -103.0
20 24 -105.0
20 25 -98.0
20 26 -96.0
20 27 -102.0
20 28 -98.0
20 29 -102.0
20 30 -93.0
20 31 -98.0
20 32 -99.0
20 33 -102.0
20 34 -102.0
20 35 -104.0
20 36 -100.0
20 37 -93.0
20 38 -96.0
20 39 -110.0
20 40 -88.0
20 41 -111.0
20 42 -104.0
20 43 -96.0
20 44 -94.0
20 45 -104.0
20 46 -103.0
20 47 -98.0
20 48 -95.0
20 49 -94.0
20 50 -95.0
20 51 -109.0
20 52 -98.0
20 53 -105.0
20 54 -101.0
20 55 -103.0
20 56 -104.0
20 57 -104.0
20 58 -102.0
20 59 -91.0
20 60 -92.0
20 61 -98.0
20 62 -103.0
20 63 -101.0
20 64 -103.0
20 65 -110.0
20 66 -96.0
20 67 -94.0
20 68 -98.0
20 69 -97.0
20 70 -101.0
20 71 -99.0
20 72 -96.0
20 73 -99.0
20 74 -99.0
20 75 -107.0
20 76 -103.0
20 77 -97.0
20 78 -114.0
20 79 -93.0
20 80 -104.0
20 81 -111.0
20 82 -92.0
20 83 -96.0
20 84 -102.0
20 85 -101.0
20 86 -89.0
20 87 -99.0
20 88 -103.0
20 89 -87.0
20 90 -102.0
20 91 -104.0
20 92 -97.0
20 93 -100.0
20 94 -99.0
20 95 -91.0
20 96 -100.0
20 97 -106.0
20 98 -103.0
20 99 -107.0
20 100 -102.0
20 101 -93.0
20 102 -105.0
20 103 -104.0
20 104 -102.0
20 105 -107.0
20 106 -95.0
20 107 -102.0
20 108 -97.0
20 109 -98.0
20 110 -102.0
20 111 -98.0
20 112 -94.0
20 113 -110.0
20 114 -108.0
20 115 -109.0
20 116 -91.0
20 117 -100.0
20 118 -97.0
20 119 -96.0
20 120 -100.0
20 121 -103.0
20 122 -98.0
20 123 -100.0
20 124 -90.0
20 125 -101.0
20 126 -103.0
20 127 -96.0
20 128 -107.0
20 129 -100.0
20 130 -104.0
20 131 -105.0
20 132 -90.0
20 133 -102.0
20 134 -95.0
20 135 -93.0
20 136 -106.0
20 137 -97.0
20 138 -92.0
20 139 -98.0
20 140 -103.0
20 141 -97.0
20 142 -97.0
20 143 -109.0
20 144 -98.0
20 145 -94.0
20 146 -103.0
20 147 -106.0
20 148 -103.0
20 149 -91.0
20 150 -109.0
20 151 -99.0
20 152 -109.0
20 153 -101.0
20 154 -111.0
20 155 -98.0
20 156 -101.0
20 157 -101.0
20 158 -98.0
20 159 -94.0
20 160 -103.0
20 161 -102.0
20 162 -103.0
20 163 -102.0
20 164 -111.0
20 165 -105.0
20 166 -98.0
20 167 -103.0
20 168 -98.0
20 169 -88.0
20 170 -93.0
20 171 -102.0
20 172 -87.0
20 173 -102.0
20 174 -92.0
20 175 -104.0
20 176 -94.0
20 177 -92.0
20 178 -98.0
20 179 -92.0
20 180 -100.0
20 181 -90.0
20 182 -98.0
20 183 -104.0
20 184 -88.0
20 185 -98.0
20 186 -99.0
20 187 -108.0
20 188 -100.0
20 189 -96.0
20 190 -95.0
20 191 -110.0
20 192 -98.0
20 193 -103.0
20 194 -105.0
20 195 -100.0
20 196 -90.0
20 197 -103.0
20 198 -99.0
20 199 -101.0
20 200 -105.0
20 201 -97.0
20 202 -101.0
20 203 -102.0
20 204 -97.0
20 205 -104.0
20 206 -93.0
20 207 -95.0
20 208 -94.0
20 209 -105.0
20 210 -99.0
20 211 -99.0
20 212 -99.0
20 213 -108.0
20 214 -96.0
20 215 -94.0
20 216 -92.0
20 217 -104.0
20 218 -94.0
20 219 -100.0
20 220 -107.0
20 221 -96.0
20 222 -97.0
20 223 -97.0
20 224 -96.0
20 225 -95.0
20 226 -94.0
20 227 -101.0
20 228 -104.0
20 229 -97.0
20 230 -107.0
20 231 -91.0
20 232 -93.0
20 233 -102.0
20 234 -98.0
20 235 -109.0
20 236 -98.0
20 237 -97.0
20 238 -98.0
20 239 -103.0
20 240 -94.0
20 241 -103.0
20 242 -105.0
20 243 -100.0
20 244 -105.0
20 245 -101.0
20 246 -102.0
20 247 -98.0
20 248 -101.0
20 249 -105.0
20 250 -103.0
20 251 -99.0
20 252 -101.0
20 253 -93.0
20 254 -100.0
20 255 -102.0
20 256 -99.0
20 257 -105.0
20 258 -101.0
20 259 -101.0
20 260 -94.0
20 261 -101.0
20 262 -99.0
20 263 -92.0
20 264 -103.0
20 265 -102.0
20 266 -101.0
20 267 -91.0
20 268 -89.0
20 269 -98.0
20 270 -107.0
20 271 -96.0
20 272 -101.0
20 273 -98.0
20 274 -98.0
20 275 -111.0
20 276 -98.0
20 277 -98.0
20 278 -105.0
20 279 -99.0
20 280 -97.0
20 281 -99.0
20 282 -105.0
20 283 -95.0
20 284 -103.0
20 285 -100.0
20 286 -104.0
20 287 -95.0
20 288 -103.0
20 289 -98.0
20 290 -104.0
20 291 -99.0
20 292 -98.0
20 293 -92.0
20 294 -104.0
20 295 -99.0
20 296 -99.0
20 297 -96.0
20 298 -97.0
20 299 -98.0
20 300 -106.0
20 301 -100.0
20 302 -100.0
20 303 -107.0
20 304 -98.0
20 305 -105.0
20 306 -98.0
20 307 -102.0
20 308 -96.0
20 309 -93.0
20 310 -94.0
20 311 -93.0
20 312 -98.0
20 313 -106.0
20 314 -106.0
20 315 -101.0
20 316 -105.0
20 317 -90.0
20 318 -96.0
20 319 -104.0
20 320 -102.0
21 22 -104.0
21 23 -103.0
21 24 -98.0
21 25 -111.0
21 26 -105.0
21 27 -104.0
21 28 -104.0
21 29 -100.0
21 30 -102.0
21 31 -102.0
21 32 -97.0
21 33 -106.0
21 34 -96.0
21 35 -100.0
21 36 -102.0
21 37 -94.0
21 38 -107.0
21 39 -104.0
21 40 -100.0
21 41 -100.0
21 42 -99.0
21 43 -101.0
21 44 -97.0
21 45 -97.0
21 46 -107.0
21 47 -96.0
21 48 -100.0
21 49 -100.0
21 50 -95.0
21 51 -97.0
21 52 -105.0
21 53 -100.0
21 54 -103.0
21 55 -105.0
21 56 -95.0
21 57 -102.0
21 58 -103.0
21 59 -103.0
21 60 -90.0
21 61 -103.0
21 62 -104.0
21 63 -106.0
21 64 -99.0
21 65 -98.0
21 66 -96.0
21 67 -98.0
21 68 -103.0
21 69 -104.0
21 70 -102.0
21 71 -98.0
21 72 -93.0
21 73 -101.0
21 74 -90.0
21 75 -97.0
21 76 -100.0
21 77 -105.0
21 78 -103.0
21 79 -101.0
21 80 -94.0
21 81 -96.0
21 82 -103.0
21 83 -97.0
21 84 -100.0
21 85 -107.0
21 86 -104.0
21 87 -94.0
21 88 -90.0
21 89 -96.0
21 90 -102.0
21 91 -105.0
21 92 -91.0
21 93 -100.0
21 94 -102.0
21 95 -97.0
21 96 -104.0
21 97 -99.0
21 98 -98.0
21 99 -105.0
21 100 -99.0
21 101 -95.0
21 102 -100.0
21 103 -99.0
21 104 -101.0
21 105 -99.0
21 106 -96.0
21 107 -101.0
21 108 -104.0
21 109 -93.0
21 110 -105.0
21 111 -103.0
21 112 -101.0
21 113 -99.0
21 114 -100.0
21 115 -96.0
21 116 -101.0
21 117 -98.0
21 118 -107.0
21 119 -95.0
21 120 -100.0
21 121 -107.0
21 122 -104.0
21 123 -97.0
21 124 -101.0
21 125 -107.0
21 126 -86.0
21 127 -98.0
21 128 -98.0
21 129 -98.0
21 130 -104.0
21 131 -101.0
21 132 -92.0
21 133 -103.0
21 134 -101.0
21 135 -93.0
21 136 -101.0
21 137 -99.0
21 138 -98.0
21 139 -107.0
21 140 -107.0
21 141 -95.0
21 142 -99.0
21 143 -107.0
21 144 -111.0
21 145 -95.0
21 146 -109.0
21 147 -97.0
21 148 -106.0
21 149 -91.0
21 150 -97.0
21 151 -101.0
21 152 -102.0
21 153 -92.0
21 154 -93.0
21 155 -99.0
21 156 -96.0
21 157 -107.0
21 158 -92.0
21 159 -101.0
21 160 -95.0
21 161 -98.0
21 162 -104.0
21 163 -97.0
21 164 -104.0
21 165 -103.0
21 166 -100.0
21 167 -102.0
21 168 -107.0
21 169 -94.0
21 170 -109.0
21 171 -103.0
21 172 -105.0
21 173 -101.0
21 174 -102.0
21 175 -100.0
21 176 -105.0
21 177 -97.0
21 178 -98.0
21 179 -89.0
21 180 -92.0
21 181 -97.0
21 182 -99.0
21 183 -101.0
21 184 -105.0
21 185 -106.0
21 186 -98.0
21 187 -103.0
21 188 -101.0
21 189 -89.0
21 190 -109.0
21 191 -91.0
21 192 -104.0
21 193 -100.0
21 194 -105.0
21 195 -100.0
21 196 -107.0
21 197 -104.0
21 198 -95.0
21 199 -104.0
21 200 -97.0
21 201 -100.0
21 202 -95.0
21 203 -97.0
21 204 -96.0
21 205 -103.0
21 206 -101.0
21 207 -97.0
21 208 -101.0
21 209 -101.0
21 210 -103.0
21 211 -104.0
21 212 -97.0
21 213 -105.0
21 214 -94.0
21 215 -96.0
21 216 -102.0
21 217 -104.0
21 218 -100.0
21 219 -98.0
21 220 -101.0
21 221 -105.0
21 222 -105.0
21 223 -106.0
21 224 -99.0
21 225 -91.0
21 226 -95.0
21 227 -88.0
21 228 -104.0
21 229 -100.0
21 230 -93.0
21 231 -100.0
21 232 -97.0
21 233 -94.0
21 234 -96.0
21 235 -97.0
21 236 -108.0
21 237 -99.0
21 238 -108.0
21 239 -92.0
21 240 -99.0
21 241 -96.0
21 242 -94.0
21 243 -91.0
21 244 -92.0
21 245 -95.0
21 246 -99.0
21 247 -103.0
21 248 -108.0
21 249 -102.0
21 250 -103.0
21 251 -101.0
21 252 -104.0
21 253 -95.0
21 254 -103.0
21 255 -103.0
21 256 -102.0
21 257 -99.0
21 258 -101.0
21 259 -108.0
21 260 -99.0
21 261 -99.0
21 262 -98.0
21 263 -93.0
21 264 -95.0
21 265 -105.0
21 266 -97.0
21 267 -91.0
21 268 -94.0
21 269 -94.0
21 270 -95.0
21 271 -95.0
21 272 -104.0
21 273 -92.0
21 274 -100.0
21 275 -96.0
21 276 -109.0
21 277 -99.0
21 278 -102.0
21 279 -107.0
21 280 -105.0
21 281 -101.0
21 282 -93.0
21 283 -106.0
21 284 -109.0
21 285 -99.0
21 286 -92.0
21 287 -104.0
21 288 -104.0
21 289 -89.0
21 290 -99.0
21 291 -103.0
21 292 -90.0
21 293 -106.0
21 294 -108.0
21 295 -90.0
21 296 -92.0
21 297 -101.0
21 298 -106.0
21 299 -102.0
21 300 -97.0
21 301 -98.0
21 302 -103.0
21 303 -100.0
21 304 -101.0
21 305 -112.0
21 306 -99.0
21 307 -98.0
21 308 -97.0
21 309 -95.0
21 310 -101.0
21 311 -101.0
21 312 -105.0
21 313 -92.0
21 314 -99.0
21 315 -106.0
21 316 -96.0
21 317 -103.0
21 318 -99.0
21 319 -109.0
21 320 -105.0
22 23 -93.0
22 24 -93.0
22 25 -105.0
22 26 -93.0
22 27 -102.0
22 28 -104.0
22 29 -103.0
22 30 -95.0
22 31 -95.0
22 32 -104.0
22 33 -97.0
22 34 -98.0
22 35 -104.0
22 36 -96.0
22 37 -93.0
22 38 -100.0
22 39 -107.0
22 40 -105.0
22 41 -95.0
22 42 -103.0
22 43 -99.0
22 44 -99.0
22 45 -97.0
22 46 -94.0
22 47 -95.0
22 48 -100.0
22 49 -104.0
22 50 -100.0
22 51 -101.0
22 52 -99.0
22 53 -108.0
22 54 -90.0
22 55 -108.0
22 56 -100.0
22 57 -97.0
22 58 -104.0
22 59 -99.0
22 60 -89.0
22 61 -90.0
22 62 -105.0
22 63 -97.0
22 64 -102.0
22 65 -96.0
22 66 -96.0
22 67 -100.0
22 68 -97.0
22 69 -94.0
22 70 -100.0
22 71 -101.0
22 72 -99.0
22 73 -105.0
22 74 -97.0
22 75 -106.0
22 76 -109.0
22 77 -95.0
22 78 -91.0
22 79 -98.0
22 80 -101.0
22 81 -100.0
22 82 -101.0
22 83 -91.0
22 84 -97.0
22 85 -96.0
22 86 -107.0
22 87 -94.0
22 88 -105.0
22 89 -94.0
22 90 -92.0
22 91 -101.0
22 92 -102.0
22 93 -101.0
22 94 -108.0
22 95 -103.0
22 96 -99.0
22 97 -102.0
22 98 -99.0
22 99 -105.0
22 100 -96.0
22 101 -101.0
22 102 -100.0
22 103 -97.0
22 104 -101.0
22 105 -99.0
22 106 -98.0
22 107 -103.0
22 108 -101.0
22 109 -94.0
22 110 -110.0
22 111 -93.0
22 112 -98.0
22 113 -102.0
22 114 -95.0
22 115 -103.0
22 116 -99.0
22 117 -105.0
22 118 -102.0
22 119 -102.0
22 120 -97.0
22 121 -97.0
22 122 -97.0
22 123 -103.0
22 124 -100.0
22 125 -91.0
22 126 -95.0
22 127 -97.0
22 128 -91.0
22 129 -117.0
22 130 -100.0
22 131 -94.0
22 132 -101.0
22 133 -97.0
22 134 -102.0
22 135 -101.0
22 136 -105.0
22 137 -87.0
22 138 -102.0
22 139 -96.0
22 140 -96.0
22 141 -104.0
22 142 -93.0
22 143 -101.0
22 144 -96.0
22 145 -102.0
22 146 -92.0
22 147 -109.0
22 148 -98.0
22 149 -100.0
22 150 -105.0
22 151 -101.0
22 152 -101.0
22 153 -99.0
22 154 -92.0
22 155 -97.0
22 156 -94.0
22 157 -98.0
22 158 -92.0
22 159 -97.0
22 160 -95.0
22 161 -90.0
22 162 -102.0
22 163 -89.0
22 164 -105.0
22 165 -98.0
22 166 -96.0
22 167 -95.0
22 168 -95.0
22 169 -97.0
22 170 -103.0
22 171 -96.0
22 172 -97.0
22 173 -102.0
22 174 -102.0
22 175 -97.0
22 176 -114.0
22 177 -102.0
22 178 -88.0
22 179 -98.0
22 180 -106.0
22 181 -99.0
22 182 -104.0
22 183 -100.0
22 184 -96.0
22 185 -92.0
22 186 -105.0
22 187 -96.0
22 188 -106.0
22 189 -103.0
22 190 -95.0
22 191 -103.0
22 192 -97.0
22 193 -99.0
22 194 -100.0
22 195 -97.0
22 196 -106.0
22 197 -89.0
22 198 -103.0
22 199 -98.0
22 200 -90.0
22 201 -102.0
22 202 -89.0
22 203 -98.0
22 204 -98.0
22 205 -101.0
22 206 -97.0
22 207 -103.0
22 208 -100.0
22 209 -103.0
22 210 -95.0
22 211 -100.0
22 212 -96.0
22 213 -96.0
22 214 -96.0
22 215 -97.0
22 216 -95.0
22 217 -99.0
22 218 -100.0
22 219 -96.0
22 220 -108.0
22 221 -102.0
22 222 -96.0
22 223 -99.0
22 224 -103.0
22 225 -105.0
22 226 -97.0
22 227 -104.0
22 228 -92.0
22 229 -93.0
22 230 -99.0
22 231 -98.0
22 232 -99.0
22 233 -98.0
22 234 -102.0
22 235 -96.0
22 236 -109.0
22 237 -98.0
22 238 -86.0
22 239 -96.0
22 240 -105.0
22 241 -105.0
22 242 -95.0
22 243 -103.0
22 244 -99.0
22 245 -96.0
22 246 -92.0
22 247 -105.0
22 248 -96.0
22 249 -97.0
22 250 -105.0
22 251 -103.0
22 252 -96.0
22 253 -100.0
22 254 -97.0
22 255 -104.0
22 256 -102.0
22 257 -103.0
22 258 -97.0
22 259 -101.0
22 260 -104.0
22 261 -98.0
22 262 -96.0
22 263 -105.0
22 264 -103.0
22 265 -105.0
22 266 -106.0
22 267 -108.0
22 268 -97.0
22 269 -96.0
22 270 -104.0
22 271 -105.0
22 272 -100.0
22 273 -100.0
22 274 -102.0
22 275 -98.0
22 276 -100.0
22 277 -98.0
22 278 -97.0
22 279 -102.0
22 280 -115.0
22 281 -110.0
22 282 -98.0
22 283 -105.0
22 284 -101.0
22 285 -95.0
22 286 -95.0
22 287 -102.0
22 288 -95.0
22 289 -97.0
22 290 -93.0
22 291 -105.0
22 292 -99.0
22 293 -112.0
22 294 -88.0
22 295 -99.0
22 296 -103.0
22 297 -100.0
22 298 -100.0
22 299 -106.0
22 300 -104.0
22 301 -101.0
22 302 -90.0
22 303 -98.0
22 304 -97.0
22 305 -101.0
22 306 -99.0
22 307 -107.0
22 308 -93.0
22 309 -102.0
22 310 -101.0
22 311 -104.0
22 312 -104.0
22 313 -99.0
22 314 -101.0
22 315 -107.0
22 316 -103.0
22 317 -98.0
22 318 -92.0
22 319 -100.0
22 320 -96.0
23 24 -99.0
23 25 -93.0
23 26 -95.0
23 27 -88.0
23 28 -97.0
23 29 -101.0
23 30 -87.0
23 31 -101.0
23 32 -95.0
23 33 -103.0
23 34 -96.0
23 35 -97.0
23 36 -103.0
23 37 -101.0
23 38 -96.0
23 39 -101.0
23 40 -107.0
23 41 -100.0
23 42 -108.0
23 43 -106.0
23 44 -100.0
23 45 -104.0
23 46 -106.0
23 47 -102.0
23 48 -102.0
23 49 -100.0
23 50 -102.0
23 51 -96.0
23 52 -109.0
23 53 -102.0
23 54 -108.0
23 55 -101.0
23 56 -97.0
23 57 -99.0
23 58 -106.0
23 59 -95.0
23 60 -99.0
23 61 -108.0
23 62 -93.0
23 63 -109.0
23 64 -93.0
23 65 -95.0
23 66 -105.0
23 67 -99.0
23 68 -90.0
23 69 -95.0
23 70 -89.0
23 71 -102.0
23 72 -101.0
23 73 -97.0
23 74 -101.0
23 75 -100.0
23 76 -103.0
23 77 -102.0
23 78 -102.0
23 79 -96.0
23 80 -90.0
23 81 -101.0
23 82 -101.0
23 83 -91.0
23 84 -92.0
23 85 -100.0
23 86 -100.0
23 87 -97.0
23 88 -105.0
23 89 -98.0
23 90 -95.0
23 91 -99.0
23 92 -98.0
23 93 -101.0
23 94 -89.0
23 95 -94.0
23 96 -100.0
23 97 -96.0
23 98 -95.0
23 99 -100.0
23 100 -95.0
23 101 -95.0
23 102 -98.0
23 103 -100.0
23 104 -101.0
23 105 -104.0
23 106 -101.0
23 107 -100.0
23 108 -110.0
23 109 -99.0
23 110 -101.0
23 111 -91.0
23 112 -96.0
23 113 -110.0
23 114 -104.0
23 115 -89.0
23 116 -94.0
23 117 -108.0
23 118 -95.0
23 119 -104.0
23 120 -96.0
23 121 -102.0
23 122 -107.0
23 123 -99.0
23 124 -100.0
23 125 -104.0
23 126 -101.0
23 127 -109.0
23 128 -102.0
23 129 -101.0
23 130 -96.0
23 131 -95.0
23 132 -103.0
23 133 -92.0
23 134 -97.0
23 135 -96.0
23 136 -97.0
23 137 -92.0
23 138 -89.0
23 139 -105.0
23 140 -88.0
23 141 -105.0
23 142 -107.0
23 143 -91.0
23 144 -92.0
23 145 -91.0
23 146 -98.0
23 147 -100.0
23 148 -96.0
23 149 -100.0
23 150 -113.0
23 151 -92.0
23 152 -91.0
23 153 -101.0
23 154 -104.0
23 155 -102.0
23 156 -104.0
23 157 -101.0
23 158 -94.0
23 159 -103.0
23 160 -96.0
23 161 -92.0
23 162 -105.0
23 163 -96.0
23 164 -99.0
23 165 -112.0
23 166 -104.0
23 167 -99.0
23 168 -98.0
23 169 -103.0
23 170 -97.0
23 171 -101.0
23 172 -97.0
23 173 -92.0
23 174 -101.0
23 175 -108.0
23 176 -97.0
23 177 -94.0
23 178 -98.0
23 179 -100.0
23 180 -102.0
23 181 -96.0
23 182 -101.0
23 183 -102.0
23 184 -97.0
23 185 -105.0
23 186 -110.0
23 187 -102.0
23 188 -98.0
23 189 -106.0
23 190 -96.0
23 191 -91.0
23 192 -96.0
23 193 -101.0
23 194 -100.0
23 195 -100.0
23 196 -96.0
23 197 -97.0
23 198 -104.0
23 199 -96.0
23 200 -110.0
23 201 -103.0
23 202 -107.0
23 203 -101.0
23 204 -101.0
23 205 -96.0
23 206 -97.0
23 207 -96.0
23 208 -111.0
23 209 -98.0
23 210 -100.0
23 211 -107.0
23 212 -96.0
23 213 -105.0
23 214 -109.0
23 215 -106.0
23 216 -101.0
23 217 -102.0
23 218 -103.0
23 219 -108.0
23 220 -97.0
23 221 -107.0
23 222 -102.0
23 223 -101.0
23 224 -97.0
23 225 -97.0
23 226 -105.0
23 227 -102.0
23 228 -111.0
23 229 -98.0
23 230 -93.0
23 231 -96.0
23 232 -107.0
23 233 -101.0
23 234 -100.0
23 235 -97.0
23 236 -98.0
23 237 -101.0
23 238 -101.0
23 239 -103.0
23 240 -105.0
23 241 -100.0
23 242 -89.0
23 243 -94.0
23 244 -108.0
23 245 -95.0
23 246 -100.0
23 247 -98.0
23 248 -93.0
23 249 -104.0
23 250 -96.0
23 251 -93.0
23 252 -92.0
23 253 -105.0
23 254 -100.0
23 255 -99.0
23 256 -104.0
23 257 -99.0
23 258 -97.0
23 259 -99.0
23 260 -109.0
23 261 -105.0
23 262 -96.0
23 263 -105.0
23 264 -99.0
23 265 -98.0
23 266 -96.0
23 267 -99.0
23 268 -91.0
23 269 -105.0
23 270 -100.0
23 271 -97.0
23 272 -101.0
23 273 -99.0
23 274 -108.0
23 275 -101.0
23 276 -95.0
23 277 -103.0
23 278 -100.0
23 279 -97.0
23 280 -98.0
23 281 -97.0
23 282 -94.0
23 283 -100.0
23 284 -100.0
23 285 -96.0
23 286 -95.0
23 287 -109.0
23 288 -104.0
23 289 -99.0
23 290 -109.0
23 291 -93.0
23 292 -103.0
23 293 -105.0
23 294 -101.0
23 295 -100.0
23 296 -100.0
23 297 -109.0
23 298 -89.0
23 299 -98.0
23 300 -103.0
23 301 -90.0
23 302 -100.0
23 303 -90.0
23 304 -101.0
23 305 -103.0
23 306 -98.0
23 307 -98.0
23 308 -98.0
23 309 -98.0
23 310 -97.0
23 311 -98.0
23 312 -94.0
23 313 -105.0
23 314 -107.0
23 315 -102.0
23 316 -99.0
23 317 -99.0
23 318 -106.0
23 319 -107.0
23 320 -101.0
24 25 -104.0
24 26 -108.0
24 27 -98.0
24 28 -97.0
24 29 -98.0
24 30 -100.0
24 31 -97.0
24 32 -99.0
24 33 -95.0
24 34 -99.0
24 35 -104.0
24 36 -109.0
24 37 -98.0
24 38 -95.0
24 39 -97.0
24 40 -108.0
24 41 -103.0
24 42 -100.0
24 43 -96.0
24 44 -97.0
24 45 -106.0
24 46 -100.0
24 47 -97.0
24 48 -103.0
24 49 -93.0
24 50 -99.0
24 51 -109.0
24 52 -99.0
24 53 -99.0
24 54 -100.0
24 55 -102.0
24 56 -97.0
24 57 -93.0
24 58 -98.0
24 59 -107.0
24 60 -98.0
24 61 -102.0
24 62 -101.0
24 63 -94.0
24 64 -103.0
24 65 -96.0
24 66 -96.0
24 67 -101.0
24 68 -100.0
24 69 -103.0
24 70 -97.0
24 71 -96.0
24 72 -101.0
24 73 -96.0
24 74 -94.0
24 75 -102.0
24 76 -107.0
24 77 -96.0
24 78 -99.0
24 79 -101.0
24 80 -102.0
24 81 -109.0
24 82 -103.0
24 83 -98.0
24 84 -100.0
24 85 -92.0
24 86 -101.0
24 87 -101.0
24 88 -103.0
24 89 -95.0
24 90 -101.0
24 91 -95.0
24 92 -109.0
24 93 -101.0
24 94 -103.0
24 95 -97.0
24 96 -100.0
24 97 -104.0
24 98 -105.0
24 99 -97.0
24 100 -102.0
24 101 -100.0
24 102 -105.0
24 103 -97.0
24 104 -98.0
24 105 -108.0
24 106 -102.0
24 107 -97.0
24 108 -102.0
24 109 -99.0
24 110 -89.0
24 111 -103.0
24 112 -101.0
24 113 -106.0
24 114 -94.0
24 115 -100.0
24 116 -96.0
24 117 -102.0
24 118 -100.0
24 119 -97.0
24 120 -97.0
24 121 -104.0
24 122 -102.0
24 123 -108.0
24 124 -101.0
24 125 -107.0
24 126 -107.0
24 127 -105.0
24 128 -102.0
24 129 -104.0
24 130 -96.0
24 131 -100.0
24 132 -92.0
24 133 -97.0
24 134 -100.0
24 135 -103.0
24 136 -95.0
24 137 -100.0
24 138 -96.0
24 139 -105.0
24 140 -100.0
24 141 -95.0
24 142 -109.0
24 143 -97.0
24 144 -101.0
24 145 -95.0
24 146 -95.0
24 147 -102.0
24 148 -94.0
24 149 -97.0
24 150 -93.0
24 151 -101.0
24 152 -93.0
24 153 -96.0
24 154 -101.0
24 155 -103.0
24 156 -98.0
24 157 -94.0
24 158 -94.0
24 159 -105.0
24 160 -104.0
24 161 -100.0
24 162 -97.0
24 163 -105.0
24 164 -106.0
24 165 -97.0
24 166 -92.0
24 167 -102.0
24 168 -100.0
24 169 -96.0
24 170 -98.0
24 171 -100.0
24 172 -97.0
24 173 -98.0
24 174 -94.0
24 175 -99.0
24 176 -91.0
24 177 -97.0
24 178 -106.0
24 179 -95.0
24 180 -98.0
24 181 -96.0
24 182 -110.0
24 183 -99.0
24 184 -101.0
24 185 -93.0
24 186 -91.0
24 187 -101.0
24 188 -100.0
24 189 -98.0
24 190 -104.0
24 191 -87.0
24 192 -104.0
24 193 -105.0
24 194 -94.0
24 195 -102.0
24 196 -107.0
24 197 -95.0
24 198 -104.0
24 199 -103.0
24 200 -102.0
24 201 -103.0
24 202 -97.0
24 203 -101.0
24 204 -105.0
24 205 -103.0
24 206 -94.0
24 207 -100.0
24 208 -101.0
24 209 -108.0
24 210 -104.0
24 211 -102.0
24 212 -104.0
24 213 -104.0
24 214 -96.0
24 215 -103.0
24 216 -96.0
24 217 -99.0
24 218 -98.0
24 219 -101.0
24 220 -100.0
24 221 -102.0
24 222 -101.0
24 223 -98.0
24 224 -102.0
24 225 -97.0
24 226 -95.0
24 227 -105.0
24 228 -97.0
24 229 -102.0
24 230 -96.0
24 231 -103.0
24 232 -100.0
24 233 -102.0
24 234 -98.0
24 235 -101.0
24 236 -98.0
24 237 -97.0
24 238 -96.0
24 239 -105.0
24 240 -109.0
24 241 -96.0
24 242 -103.0
24 243 -93.0
24 244 -103.0
24 245 -105.0
24 246 -101.0
24 247 -105.0
24 248 -103.0
24 249 -103.0
24 250 -100.0
24 251 -101.0
24 252 -102.0
24 253 -95.0
24 254 -104.0
24 255 -102.0
24 256 -83.0
24 257 -105.0
24 258 -107.0
24 259 -100.0
24 260 -96.0
24 261 -104.0
24 262 -104.0
24 263 -94.0
24 264 -99.0
24 265 -102.0
24 266 -94.0
24 267 -93.0
24 268 -99.0
24 269 -96.0
24 270 -104.0
24 271 -105.0
24 272 -95.0
24 273 -99.0
24 274 -97.0
24 275 -95.0
24 276 -98.0
24 277 -99.0
24 278 -103.0
24 279 -99.0
24 280 -98.0
24 281 -104.0
24 282 -105.0
24 283 -104.0
24 284 -101.0
24 285 -100.0
24 286 -96.0
24 287 -98.0
24 288 -98.0
24 289 -98.0
24 290 -101.0
24 291 -97.0
24 292 -102.0
24 293 -104.0
24 294 -102.0
24 295 -95.0
24 296 -104.0
24 297 -98.0
24 298 -103.0
24 299 -98.0
24 300 -103.0
24 301 -98.0
24 302 -96.0
24 303 -97.0
24 304 -101.0
24 305 -102.0
24 306 -100.0
24 307 -108.0
24 308 -103.0
24 309 -101.0
24 310 -97.0
24 311 -96.0
24 312 -103.0
24 313 -96.0
24 314 -104.0
24 315 -96.0
24 316 -101.0
24 317 -101.0
24 318 -96.0
24 319 -96.0
24 320 -102.0
25 26 -86.0
25 27 -100.0
25 28 -104.0
25 29 -97.0
25 30 -97.0
25 31 -100.0
25 32 -98.0
25 33 -101.0
25 34 -103.0
25 35 -93.0
25 36 -102.0
25 37 -100.0
25 38 -104.0
25 39 -105.0
25 40 -91.0
25 41 -110.0
25 42 -100.0
25 43 -105.0
25 44 -98.0
25 45 -102.0
25 46 -93.0
25 47 -101.0
25 48 -98.0
25 49 -97.0
25 50 -96.0
25 51 -100.0
25 52 -104.0
25 53 -98.0
25 54 -102.0
25 55 -104.0
25 56 -97.0
25 57 -94.0
25 58 -105.0
25 59 -91.0
25 60 -106.0
25 61 -102.0
25 62 -91.0
25 63 -94.0
25 64 -100.0
25 65 -98.0
25 66 -102.0
25 67 -101.0
25 68 -107.0
25 69 -95.0
25 70 -105.0
25 71 -101.0
25 72 -94.0
25 73 -95.0
25 74 -91.0
25 75 -94.0
25 76 -99.0
25 77 -99.0
25 78 -98.0
25 79 -96.0
25 80 -98.0
25 81 -97.0
25 82 -97.0
25 83 -104.0
25 84 -99.0
25 85 -100.0
25 86 -104.0
25 87 -111.0
25 88 -84.0
25 89 -91.0
25 90 -99.0
25 91 -94.0
25 92 -98.0
25 93 -104.0
25 94 -94.0
25 95 -98.0
25 96 -95.0
25 97 -102.0
25 98 -101.0
25 99 -98.0
25 100 -99.0
25 101 -104.0
25 102 -100.0
25 103 -98.0
25 104 -100.0
25 105 -96.0
25 106 -107.0
25 107 -97.0
25 108 -95.0
25 109 -93.0
25 110 -99.0
25 111 -107.0
25 112 -94.0
25 113 -108.0
25 114 -101.0
25 115 -101.0
25 116 -90.0
25 117 -96.0
25 118 -101.0
25 119 -98.0
25 120 -101.0
25 121 -104.0
25 122 -97.0
25 123 -93.0
25 124 -102.0
25 125 -106.0
25 126 -108.0
25 127 -94.0
25 128 -97.0
25 129 -97.0
25 130 -111.0
25 131 -107.0
25 132 -107.0
25 133 -94.0
25 134 -97.0
25 135 -104.0
25 136 -95.0
25 137 -99.0
25 138 -100.0
25 139 -97.0
25 140 -96.0
25 141 -100.0
25 142 -88.0
25 143 -85.0
25 144 -104.0
25 145 -102.0
25 146 -99.0
25 147 -91.0
25 148 -102.0
25 149 -97.0
25 150 -99.0
25 151 -92.0
25 152 -106.0
25 153 -103.0
25 154 -97.0
25 155 -95.0
25 156 -98.0
25 157 -100.0
25 158 -100.0
25 159 -92.0
25 160 -97.0
25 161 -104.0
25 162 -102.0
25 163 -97.0
25 164 -103.0
25 165 -105.0
25 166 -97.0
25 167 -103.0
25 168 -101.0
25 169 -103.0
25 170 -103.0
25 171 -101.0
25 172 -98.0
25 173 -99.0
25 174 -99.0
25 175 -105.0
25 176 -97.0
25 177 -101.0
25 178 -95.0
25 179 -102.0
25 180 -88.0
25 181 -102.0
25 182 -106.0
25 183 -103.0
25 184 -105.0
25 185 -95.0
25 186 -96.0
25 187 -110.0
25 188 -100.0
25 189 -93.0
25 190 -111.0
25 191 -103.0
25 192 -97.0
25 193 -93.0
25 194 -106.0
25 195 -107.0
25 196 -99.0
25 197 -99.0
25 198 -104.0
25 199 -105.0
25 200 -102.0
25 201 -105.0
25 202 -95.0
25 203 -97.0
25 204 -96.0
25 205 -94.0
25 206 -104.0
25 207 -107.0
25 208 -88.0
25 209 -96.0
25 210 -91.0
25 211 -103.0
25 212 -92.0
25 213 -101.0
25 214 -89.0
25 215 -105.0
25 216 -104.0
25 217 -108.0
25 218 -96.0
25 219 -94.0
25 220 -101.0
25 221 -101.0
25 222 -109.0
25 223 -101.0
25 224 -103.0
25 225 -99.0
25 226 -111.0
25 227 -108.0
25 228 -98.0
25 229 -102.0
25 230 -105.0
25 231 -104.0
25 232 -97.0
25 233 -100.0
25 234 -97.0
25 235 -99.0
25 236 -99.0
25 237 -105.0
25 238 -105.0
25 239 -107.0
25 240 -90.0
25 241 -97.0
25 242 -106.0
25 243 -100.0
25 244 -96.0
25 245 -95.0
25 246 -97.0
25 247 -100.0
25 248 -95.0
25 249 -112.0
25 250 -101.0
25 251 -97.0
25 252 -94.0
25 253 -93.0
25 254 -105.0
25 255 -99.0
25 256 -96.0
25 257 -104.0
25 258 -103.0
25 259 -97.0
25 260 -104.0
25 261 -104.0
25 262 -99.0
25 263 -94.0
25 264 -95.0
25 265 -89.0
25 266 -86.0
25 267 -104.0
25 268 -94.0
25 269 -98.0
25 270 -100.0
25 271 -100.0
25 272 -93.0
25 273 -104.0
25 274 -93.0
25 275 -98.0
25 276 -98.0
25 277 -103.0
25 278 -100.0
25 279 -93.0
25 280 -96.0
25 281 -98.0
25 282 -90.0
25 283 -99.0
25 284 -99.0
25 285 -94.0
25 286 -104.0
25 287 -96.0
25 288 -98.0
25 289 -100.0
25 290 -96.0
25 291 -105.0
25 292 -99.0
25 293 -97.0
25 294 -94.0
25 295 -88.0
25 296 -103.0
25 297 -101.0
25 298 -116.0
25 299 -94.0
25 300 -101.0
25 301 -97.0
25 302 -104.0
25 303 -107.0
25 304 -101.0
25 305 -105.0
25 306 -105.0
25 307 -99.0
25 308 -101.0
25 309 -98.0
25 310 -89.0
25 311 -99.0
25 312 -106.0
25 313 -95.0
25 314 -98.0
25 315 -101.0
25 316 -106.0
25 317 -102.0
25 318 -97.0
25 319 -101.0
25 320 -93.0
26 27 -95.0
26 28 -99.0
26 29 -92.0
26 30 -97.0
26 31 -109.0
26 32 -106.0
26 33 -101.0
26 34 -97.0
26 35 -99.0
26 36 -98.0
26 37 -102.0
26 38 -103.0
26 39 -101.0
26 40 -105.0
26 41 -101.0
26 42 -103.0
26 43 -101.0
26 44 -95.0
26 45 -91.0
26 46 -96.0
26 47 -92.0
26 48 -103.0
26 49 -105.0
26 50 -105.0
26 51 -108.0
26 52 -103.0
26 53 -103.0
26 54 -95.0
26 55 -92.0
26 56 -104.0
26 57 -97.0
26 58 -103.0
26 59 -94.0
26 60 -96.0
26 61 -95.0
26 62 -100.0
26 63 -103.0
26 64 -103.0
26 65 -94.0
26 66 -103.0
26 67 -105.0
26 68 -95.0
26 69 -98.0
26 70 -95.0
26 71 -107.0
26 72 -95.0
26 73 -96.0
26 74 -102.0
26 75 -92.0
26 76 -95.0
26 77 -98.0
26 78 -100.0
26 79 -95.0
26 80 -96.0
26 81 -93.0
26 82 -103.0
26 83 -97.0
26 84 -95.0
26 85 -101.0
26 86 -103.0
26 87 -96.0
26 88 -100.0
26 89 -101.0
26 90 -96.0
26 91 -92.0
26 92 -112.0
26 93 -105.0
26 94 -108.0
26 95 -98.0
26 96 -96.0
26 97 -102.0
26 98 -101.0
26 99 -96.0
26 100 -95.0
26 101 -103.0
26 102 -107.0
26 103 -99.0
26 104 -107.0
26 105 -95.0
26 106 -101.0
26 107 -98.0
26 108 -105.0
26 109 -103.0
26 110 -96.0
26 111 -99.0
26 112 -101.0
26 113 -103.0
26 114 -106.0
26 115 -109.0
26 116 -107.0
26 117 -94.0
26 118 -99.0
26 119 -94.0
26 120 -96.0
26 121 -98.0
26 122 -100.0
26 123 -104.0
26 124 -101.0
26 125 -104.0
26 126 -96.0
26 127 -95.0
26 128 -93.0
26 129 -96.0
26 130 -105.0
26 131 -93.0
26 132 -99.0
26 133 -102.0
26 134 -93.0
26 135 -102.0
26 136 -100.0
26 137 -101.0
26 138 -93.0
26 139 -107.0
26 140 -101.0
26 141 -101.0
26 142 -97.0
26 143 -98.0
26 144 -106.0
26 145 -102.0
26 146 -106.0
26 147 -103.0
26 148 -96.0
26 149 -107.0
26 150 -103.0
26 151 -103.0
26 152 -103.0
26 153 -97.0
26 154 -103.0
26 155 -94.0
26 156 -100.0
26 157 -102.0
26 158 -96.0
26 159 -98.0
26 160 -106.0
26 161 -90.0
26 162 -99.0
26 163 -98.0
26 164 -95.0
26 165 -102.0
26 166 -93.0
26 167 -104.0
26 168 -93.0
26 169 -99.0
26 170 -99.0
26 171 -97.0
26 172 -102.0
26 173 -101.0
26 174 -99.0
26 175 -99.0
26 176 -102.0
26 177 -93.0
26 178 -105.0
26 179 -99.0
26 180 -97.0
26 181 -92.0
26 182 -97.0
26 183 -111.0
26 184 -106.0
26 185 -106.0
26 186 -95.0
26 187 -104.0
26 188 -92.0
26 189 -96.0
26 190 -106.0
26 191 -94.0
26 192 -109.0
26 193 -98.0
26 194 -101.0
26 195 -104.0
26 196 -107.0
26 197 -104.0
26 198 -100.0
26 199 -101.0
26 200 -100.0
26 201 -96.0
26 202 -93.0
26 203 -105.0
26 204 -99.0
26 205 -99.0
26 206 -95.0
26 207 -102.0
26 208 -97.0
26 209 -87.0
26 210 -105.0
26 211 -103.0
26 212 -98.0
26 213 -108.0
26 214 -108.0
26 215 -90.0
26 216 -96.0
26 217 -97.0
26 218 -99.0
26 219 -96.0
26 220 -113.0
26 221 -105.0
26 222 -101.0
26 223 -93.0
26 224 -93.0
26 225 -102.0
26 226 -102.0
26 227 -102.0
26 228 -107.0
26 229 -96.0
26 230 -96.0
26 231 -100.0
26 232 -94.0
26 233 -97.0
26 234 -105.0
26 235 -92.0
26 236 -97.0
26 237 -111.0
26 238 -100.0
26 239 -101.0
26 240 -97.0
26 241 -92.0
26 242 -100.0
26 243 -97.0
26 244 -110.0
26 245 -99.0
26 246 -99.0
26 247 -97.0
26 248 -101.0
26 249 -99.0
26 250 -100.0
26 251 -101.0
26 252 -100.0
26 253 -103.0
26 254 -99.0
26 255 -99.0
26 256 -97.0
26 257 -92.0
26 258 -110.0
26 259 -98.0
26 260 -108.0
26 261 -94.0
26 262 -104.0
26 263 -104.0
26 264 -101.0
26 265 -101.0
26 266 -93.0
26 267 -99.0
26 268 -97.0
26 269 -97.0
26 270 -98.0
26 271 -96.0
26 272 -100.0
26 273 -102.0
26 274 -100.0
26 275 -90.0
26 276 -101.0
26 277 -100.0
26 278 -100.0
26 279 -101.0
26 280 -96.0
26 281 -100.0
26 282 -91.0
26 283 -98.0
26 284 -90.0
26 285 -102.0
26 286 -99.0
26 287 -97.0
26 288 -91.0
26 289 -108.0
26 290 -100.0
26 291 -103.0
26 292 -106.0
26 293 -109.0
26 294 -100.0
26 295 -93.0
26 296 -98.0
26 297 -96.0
26 298 -104.0
26 299 -99.0
26 300 -102.0
26 301 -98.0
26 302 -103.0
26 303 -102.0
26 304 -100.0
26 305 -97.0
26 306 -95.0
26 307 -102.0
26 308 -101.0
26 309 -104.0
26 310 -105.0
26 311 -92.0
26 312 -100.0
26 313 -96.0
26 314 -104.0
26 315 -104.0
26 316 -105.0
26 317 -99.0
26 318 -106.0
26 319 -107.0
26 320 -102.0
27 28 -99.0
27 29 -95.0
27 30 -101.0
27 31 -89.0
27 32 -102.0
27 33 -100.0
27 34 -101.0
27 35 -107.0
27 36 -95.0
27 37 -102.0
27 38 -85.0
27 39 -115.0
27 40 -95.0
27 41 -98.0
27 42 -93.0
27 43 -93.0
27 44 -102.0
27 45 -89.0
27 46 -112.0
27 47 -100.0
27 48 -101.0
27 49 -108.0
27 50 -90.0
27 51 -99.0
27 52 -89.0
27 53 -96.0
27 54 -98.0
27 55 -96.0
27 56 -98.0
27 57 -89.0
27 58 -95.0
27 59 -102.0
27 60 -93.0
27 61 -109.0
27 62 -101.0
27 63 -105.0
27 64 -104.0
27 65 -100.0
27 66 -95.0
27 67 -98.0
27 68 -96.0
27 69 -111.0
27 70 -98.0
27 71 -101.0
27 72 -96.0
27 73 -108.0
27 74 -100.0
27 75 -102.0
27 76 -97.0
27 77 -99.0
27 78 -103.0
27 79 -98.0
27 80 -111.0
27 81 -100.0
27 82 -98.0
27 83 -100.0
27 84 -92.0
27 85 -95.0
27 86 -101.0
27 87 -104.0
27 88 -99.0
27 89 -90.0
27 90 -106.0
27 91 -96.0
27 92 -92.0
27 93 -96.0
27 94 -94.0
27 95 -97.0
27 96 -103.0
27 97 -98.0
27 98 -106.0
27 99 -94.0
27 100 -99.0
27 101 -99.0
27 102 -97.0
27 103 -97.0
27 104 -97.0
27 105 -113.0
27 106 -104.0
27 107 -96.0
27 108 -97.0
27 109 -107.0
27 110 -106.0
27 111 -107.0
27 112 -89.0
27 113 -103.0
27 114 -99.0
27 115 -98.0
27 116 -104.0
27 117 -105.0
27 118 -99.0
27 119 -102.0
27 120 -94.0
27 121 -97.0
27 122 -103.0
27 123 -98.0
27 124 -89.0
27 125 -110.0
27 126 -109.0
27 127 -102.0
27 128 -104.0
27 129 -97.0
27 130 -90.0
27 131 -93.0
27 132 -104.0
27 133 -105.0
27 134 -103.0
27 135 -98.0
27 136 -95.0
27 137 -93.0
27 138 -99.0
27 139 -100.0
27 140 -106.0
27 141 -97.0
27 142 -97.0
27 143 -96.0
27 144 -99.0
27 145 -100.0
27 146 -96.0
27 147 -94.0
27 148 -98.0
27 149 -112.0
27 150 -89.0
27 151 -98.0
27 152 -92.0
27 153 -91.0
27 154 -103.0
27 155 -96.0
27 156 -104.0
27 157 -100.0
27 158 -98.0
27 159 -103.0
27 160 -94.0
27 161 -94.0
27 162 -100.0
27 163 -96.0
27 164 -101.0
27 165 -95.0
27 166 -94.0
27 167 -100.0
27 168 -92.0
27 169 -105.0
27 170 -109.0
27 171 -96.0
27 172 -101.0
27 173 -99.0
27 174 -104.0
27 175 -92.0
27 176 -97.0
27 177 -106.0
27 178 -99.0
27 179 -97.0
27 180 -94.0
27 181 -96.0
27 182 -101.0
27 183 -93.0
27 184 -95.0
27 185 -98.0
27 186 -108.0
27 187 -94.0
27 188 -91.0
27 189 -100.0
27 190 -92.0
27 191 -96.0
27 192 -96.0
27 193 -97.0
27 194 -90.0
27 195 -99.0
27 196 -96.0
27 197 -91.0
27 198 -105.0
27 199 -106.0
27 200 -104.0
27 201 -99.0
27 202 -92.0
27 203 -101.0
27 204 -99.0
27 205 -107.0
27 206 -96.0
27 207 -94.0
27 208 -98.0
27 209 -93.0
27 210 -102.0
27 211 -100.0
27 212 -99.0
27 213 -96.0
27 214 -96.0
27 215 -95.0
27 216 -100.0
27 217 -96.0
27 218 -109.0
27 219 -86.0
27 220 -101.0
27 221 -103.0
27 222 -97.0
27 223 -99.0
27 224 -96.0
27 225 -87.0
27 226 -94.0
27 227 -104.0
27 228 -98.0
27 229 -91.0
27 230 -102.0
27 231 -106.0
27 232 -95.0
27 233 -96.0
27 234 -110.0
27 235 -107.0
27 236 -99.0
27 237 -105.0
27 238 -103.0
27 239 -95.0
27 240 -96.0
27 241 -95.0
27 242 -98.0
27 243 -101.0
27 244 -97.0
27 245 -91.0
27 246 -88.0
27 247 -97.0
27 248 -102.0
27 249 -100.0
27 250 -104.0
27 251 -98.0
27 252 -96.0
27 253 -98.0
27 254 -103.0
27 255 -110.0
27 256 -105.0
27 257 -95.0
27 258 -97.0
27 259 -99.0
27 260 -93.0
27 261 -104.0
27 262 -104.0
27 263 -96.0
27 264 -114.0
27 265 -104.0
27 266 -108.0
27 267 -107.0
27 268 -104.0
27 269 -99.0
27 270 -97.0
27 271 -100.0
27 272 -99.0
27 273 -100.0
27 274 -100.0
27 275 -104.0
27 276 -93.0
27 277 -99.0
27 278 -101.0
27 279 -101.0
27 280 -93.0
27 281 -98.0
27 282 -99.0
27 283 -93.0
27 284 -102.0
27 285 -103.0
27 286 -92.0
27 287 -88.0
27 288 -89.0
27 289 -89.0
27 290 -92.0
27 291 -99.0
27 292 -101.0
27 293 -104.0
27 294 -95.0
27 295 -99.0
27 296 -107.0
27 297 -99.0
27 298 -96.0
27 299 -106.0
27 300 -106.0
27 301 -92.0
27 302 -100.0
27 303 -98.0
27 304 -101.0
27 305 -98.0
27 306 -101.0
27 307 -99.0
27 308 -93.0
27 309 -94.0
27 310 -99.0
27 311 -92.0
27 312 -103.0
27 313 -109.0
27 314 -97.0
27 315 -102.0
27 316 -104.0
27 317 -108.0
27 318 -108.0
27 319 -96.0
27 320 -98.0
28 29 -90.0
28 30 -100.0
28 31 -99.0
28 32 -100.0
28 33 -99.0
28 34 -107.0
28 35 -106.0
28 36 -99.0
28 37 -105.0
28 38 -93.0
28 39 -94.0
28 40 -105.0
28 41 -96.0
28 42 -94.0
28 43 -96.0
28 44 -100.0
28 45 -98.0
28 46 -95.0
28 47 -103.0
28 48 -90.0
28 49 -111.0
28 50 -92.0
28 51 -108.0
28 52 -97.0
28 53 -98.0
28 54 -88.0
28 55 -101.0
28 56 -105.0
28 57 -100.0
28 58 -94.0
28 59 -91.0
28 60 -105.0
28 61 -94.0
28 62 -94.0
28 63 -102.0
28 64 -104.0
28 65 -91.0
28 66 -97.0
28 67 -103.0
28 68 -105.0
28 69 -98.0
28 70 -101.0
28 71 -104.0
28 72 -103.0
28 73 -106.0
28 74 -96.0
28 75 -100.0
28 76 -99.0
28 77 -105.0
28 78 -97.0
28 79 -95.0
28 80 -98.0
28 81 -102.0
28 82 -94.0
28 83 -100.0
28 84 -101.0
28 85 -98.0
28 86 -92.0
28 87 -103.0
28 88 -92.0
28 89 -100.0
28 90 -101.0
28 91 -103.0
28 92 -92.0
28 93 -85.0
28 94 -102.0
28 95 -96.0
28 96 -103.0
28 97 -97.0
28 98 -100.0
28 99 -96.0
28 100 -98.0
28 101 -103.0
28 102 -99.0
28 103 -101.0
28 104 -98.0
28 105 -96.0
28 106 -98.0
28 107 -98.0
28 108 -101.0
28 109 -95.0
28 110 -95.0
28 111 -93.0
28 112 -99.0
28 113 -93.0
28 114 -103.0
28 115 -103.0
28 116 -99.0
28 117 -103.0
28 118 -98.0
28 119 -94.0
28 120 -98.0
28 121 -97.0
28 122 -101.0
28 123 -104.0
28 124 -94.0
28 125 -103.0
28 126 -101.0
28 127 -97.0
28 128 -96.0
28 129 -98.0
28 130 -103.0
28 131 -98.0
28 132 -98.0
28 133 -104.0
28 134 -102.0
28 135 -106.0
28 136 -106.0
28 137 -104.0
28 138 -101.0
28 139 -99.0
28 140 -108.0
28 141 -95.0
28 142 -104.0
28 143 -95.0
28 144 -99.0
28 145 -100.0
28 146 -106.0
28 147 -113.0
28 148 -98.0
28 149 -105.0
28 150 -99.0
28 151 -101.0
28 152 -107.0
28 153 -110.0
28 154 -105.0
28 155 -101.0
28 156 -102.0
28 157 -96.0
28 158 -102.0
28 159 -99.0
28 160 -97.0
28 161 -102.0
28 162 -97.0
28 163 -109.0
28 164 -95.0
28 165 -108.0
28 166 -103.0
28 167 -90.0
28 168 -101.0
28 169 -96.0
28 170 -108.0
28 171 -102.0
28 172 -105.0
28 173 -104.0
28 174 -98.0
28 175 -93.0
28 176 -107.0
28 177 -106.0
28 178 -98.0
28 179 -102.0
28 180 -98.0
28 181 -101.0
28 182 -93.0
28 183 -102.0
28 184 -105.0
28 185 -101.0
28 186 -100.0
28 187 -95.0
28 188 -103.0
28 189 -99.0
28 190 -105.0
28 191 -99.0
28 192 -95.0
28 193 -100.0
28 194 -95.0
28 195 -100.0
28 196 -98.0
28 197 -103.0
28 198 -98.0
28 199 -108.0
28 200 -107.0
28 201 -107.0
28 202 -95.0
28 203 -106.0
28 204 -94.0
28 205 -97.0
28 206 -101.0
28 207 -97.0
28 208 -96.0
28 209 -96.0
28 210 -104.0
28 211 -107.0
28 212 -102.0
28 213 -100.0
28 214 -97.0
28 215 -99.0
28 216 -93.0
28 217 -100.0
28 218 -98.0
28 219 -101.0
28 220 -106.0
28 221 -106.0
28 222 -96.0
28 223 -102.0
28 224 -101.0
28 225 -98.0
28 226 -102.0
28 227 -95.0
28 228 -109.0
28 229 -105.0
28 230 -114.0
28 231 -99.0
28 232 -97.0
28 233 -90.0
28 234 -98.0
28 235 -95.0
28 236 -100.0
28 237 -99.0
28 238 -102.0
28 239 -97.0
28 240 -100.0
28 241 -95.0
28 242 -105.0
28 243 -95.0
28 244 -105.0
28 245 -104.0
28 246 -92.0
28 247 -100.0
28 248 -100.0
28 249 -89.0
28 250 -103.0
28 251 -107.0
28 252 -97.0
28 253 -91.0
28 254 -100.0
28 255 -93.0
28 256 -100.0
28 257 -93.0
28 258 -102.0
28 259 -99.0
28 260 -107.0
28 261 -88.0
28 262 -101.0
28 263 -105.0
28 264 -94.0
28 265 -102.0
28 266 -94.0
28 267 -93.0
28 268 -88.0
28 269 -98.0
28 270 -93.0
28 271 -103.0
28 272 -93.0
28 273 -93.0
28 274 -98.0
28 275 -102.0
28 276 -111.0
28 277 -98.0
28 278 -102.0
28 279 -107.0
28 280 -98.0
28 281 -99.0
28 282 -99.0
28 283 -104.0
28 284 -93.0
28 285 -104.0
28 286 -93.0
28 287 -102.0
28 288 -103.0
28 289 -96.0
28 290 -98.0
28 291 -102.0
28 292 -99.0
28 293 -100.0
28 294 -97.0
28 295 -94.0
28 296 -103.0
28 297 -99.0
28 298 -100.0
28 299 -102.0
28 300 -97.0
28 301 -101.0
28 302 -102.0
28 303 -99.0
28 304 -99.0
28 305 -99.0
28 306 -97.0
28 307 -106.0
28 308 -92.0
28 309 -99.0
28 310 -108.0
28 311 -104.0
28 312 -107.0
28 313 -98.0
28 314 -101.0
28 315 -94.0
28 316 -91.0
28 317 -100.0
28 318 -93.0
28 319 -99.0
28 320 -102.0
29 30 -102.0
29 31 -102.0
29 32 -103.0
29 33 -92.0
29 34 -102.0
29 35 -95.0
29 36 -103.0
29 37 -98.0
29 38 -94.0
29 39 -99.0
29 40 -95.0
29 41 -93.0
29 42 -100.0
29 43 -103.0
29 44 -106.0
29 45 -100.0
29 46 -108.0
29 47 -105.0
29 48 -103.0
29 49 -95.0
29 50 -92.0
29 51 -99.0
29 52 -101.0
29 53 -103.0
29 54 -104.0
29 55 -107.0
29 56 -98.0
29 57 -100.0
29 58 -96.0
29 59 -92.0
29 60 -101.0
29 61 -101.0
29 62 -98.0
29 63 -98.0
29 64 -98.0
29 65 -90.0
29 66 -96.0
29 67 -103.0
29 68 -102.0
29 69 -105.0
29 70 -100.0
29 71 -107.0
29 72 -99.0
29 73 -93.0
29 74 -101.0
29 75 -107.0
29 76 -92.0
29 77 -97.0
29 78 -84.0
29 79 -99.0
29 80 -98.0
29 81 -100.0
29 82 -104.0
29 83 -93.0
29 84 -100.0
29 85 -97.0
29 86 -105.0
29 87 -93.0
29 88 -92.0
29 89 -99.0
29 90 -105.0
29 91 -103.0
29 92 -90.0
29 93 -104.0
29 94 -99.0
29 95 -100.0
29 96 -101.0
29 97 -102.0
29 98 -103.0
29 99 -100.0
29 100 -93.0
29 101 -111.0
29 102 -96.0
29 103 -98.0
29 104 -102.0
29 105 -104.0
29 106 -103.0
29 107 -104.0
29 108 -105.0
29 109 -102.0
29 110 -107.0
29 111 -97.0
29 112 -101.0
29 113 -107.0
29 114 -93.0
29 115 -102.0
29 116 -97.0
29 117 -107.0
29 118 -96.0
29 119 -92.0
29 120 -101.0
29 121 -95.0
29 122 -97.0
29 123 -104.0
29 124 -103.0
29 125 -106.0
29 126 -103.0
29 127 -109.0
29 128 -108.0
29 129 -107.0
29 130 -92.0
29 131 -109.0
29 132 -92.0
29 133 -101.0
29 134 -97.0
29 135 -99.0
29 136 -99.0
29 137 -100.0
29 138 -100.0
29 139 -102.0
29 140 -92.0
29 141 -105.0
29 142 -101.0
29 143 -91.0
29 144 -100.0
29 145 -102.0
29 146 -100.0
29 147 -109.0
29 148 -93.0
29 149 -106.0
29 150 -100.0
29 151 -103.0
29 152 -103.0
29 153 -100.0
29 154 -99.0
29 155 -109.0
29 156 -98.0
29 157 -97.0
29 158 -92.0
29 159 -101.0
29 160 -99.0
29 161 -96.0
29 162 -99.0
29 163 -95.0
29 164 -99.0
29 165 -96.0
29 166 -96.0
29 167 -107.0
29 168 -100.0
29 169 -99.0
29 170 -101.0
29 171 -109.0
29 172 -111.0
29 173 -105.0
29 174 -102.0
29 175 -97.0
29 176 -99.0
29 177 -94.0
29 178 -103.0
29 179 -102.0
29 180 -104.0
29 181 -100.0
29 182 -104.0
29 183 -86.0
29 184 -102.0
29 185 -106.0
29 186 -93.0
29 187 -92.0
29 188 -99.0
29 189 -97.0
29 190 -108.0
29 191 -101.0
29 192 -102.0
29 193 -107.0
29 194 -110.0
29 195 -103.0
29 196 -95.0
29 197 -103.0
29 198 -104.0
29 199 -98.0
29 200 -106.0
29 201 -100.0
29 202 -97.0
29 203 -100.0
29 204 -103.0
29 205 -98.0
29 206 -95.0
29 207 -106.0
29 208 -108.0
29 209 -101.0
29 210 -107.0
29 211 -102.0
29 212 -109.0
29 213 -97.0
29 214 -93.0
29 215 -97.0
29 216 -93.0
29 217 -100.0
29 218 -103.0
29 219 -98.0
29 220 -97.0
29 221 -104.0
29 222 -101.0
29 223 -97.0
29 224 -103.0
29 225 -101.0
29 226 -107.0
29 227 -100.0
29 228 -97.0
29 229 -108.0
29 230 -94.0
29 231 -100.0
29 232 -106.0
29 233 -94.0
29 234 -99.0
29 235 -100.0
29 236 -95.0
29 237 -104.0
29 238 -98.0
29 239 -97.0
29 240 -98.0
29 241 -103.0
29 242 -107.0
29 243 -93.0
29 244 -101.0
29 245 -99.0
29 246 -105.0
29 247 -101.0
29 248 -90.0
29 249 -109.0
29 250 -108.0
29 251 -106.0
29 252 -100.0
29 253 -104.0
29 254 -97.0
29 255 -107.0
29 256 -103.0
29 257 -96.0
29 258 -101.0
29 259 -106.0
29 260 -93.0
29 261 -92.0
29 262 -104.0
29 263 -105.0
29 264 -105.0
29 265 -103.0
29 266 -101.0
29 267 -99.0
29 268 -90.0
29 269 -93.0
29 270 -112.0
29 271 -98.0
29 272 -94.0
29 273 -101.0
29 274 -101.0
29 275 -98.0
29 276 -105.0
29 277 -104.0
29 278 -100.0
29 279 -92.0
29 280 -101.0
29 281 -94.0
29 282 -104.0
29 283 -98.0
29 284 -93.0
29 285 -97.0
29 286 -103.0
29 287 -103.0
29 288 -95.0
29 289 -100.0
29 290 -103.0
29 291 -104.0
29 292 -99.0
29 293 -101.0
29 294 -94.0
29 295 -94.0
29 296 -98.0
29 297 -100.0
29 298 -104.0
29 299 -103.0
29 300 -102.0
29 301 -101.0
29 302 -99.0
29 303 -98.0
29 304 -92.0
29 305 -99.0
29 306 -94.0
29 307 -99.0
29 308 -91.0
29 309 -101.0
29 310 -101.0
29 311 -100.0
29 312 -102.0
29 313 -97.0
29 314 -94.0
29 315 -95.0
29 316 -94.0
29 317 -89.0
29 318 -99.0
29 319 -104.0
29 320 -105.0
30 31 -92.0
30 32 -102.0
30 33 -101.0
30 34 -102.0
30 35 -95.0
30 36 -99.0
30 37 -95.0
30 38 -101.0
30 39 -96.0
30 40 -106.0
30 41 -104.0
30 42 -100.0
30 43 -110.0
30 44 -101.0
30 45 -101.0
30 46 -97.0
30 47 -104.0
30 48 -98.0
30 49 -107.0
30 50 -100.0
30 51 -96.0
30 52 -95.0
30 53 -97.0
30 54 -106.0
30 55 -96.0
30 56 -97.0
30 57 -112.0
30 58 -107.0
30 59 -99.0
30 60 -101.0
30 61 -94.0
30 62 -97.0
30 63 -105.0
30 64 -101.0
30 65 -95.0
30 66 -97.0
30 67 -100.0
30 68 -101.0
30 69 -94.0
30 70 -91.0
30 71 -104.0
30 72 -97.0
30 73 -96.0
30 74 -106.0
30 75 -91.0
30 76 -102.0
30 77 -104.0
30 78 -98.0
30 79 -100.0
30 80 -100.0
30 81 -94.0
30 82 -101.0
30 83 -105.0
30 84 -104.0
30 85 -108.0
30 86 -93.0
30 87 -103.0
30 88 -97.0
30 89 -100.0
30 90 -96.0
30 91 -104.0
30 92 -110.0
30 93 -97.0
30 94 -100.0
30 95 -104.0
30 96 -100.0
30 97 -98.0
30 98 -99.0
30 99 -116.0
30 100 -95.0
30 101 -88.0
30 102 -96.0
30 103 -105.0
30 104 -101.0
30 105 -106.0
30 106 -100.0
30 107 -98.0
30 108 -104.0
30 109 -101.0
30 110 -100.0
30 111 -103.0
30 112 -98.0
30 113 -99.0
30 114 -103.0
30 115 -94.0
30 116 -105.0
30 117 -92.0
30 118 -96.0
30 119 -88.0
30 120 -98.0
30 121 -97.0
30 122 -111.0
30 123 -99.0
30 124 -100.0
30 125 -103.0
30 126 -105.0
30 127 -97.0
30 128 -99.0
30 129 -102.0
30 130 -93.0
30 131 -103.0
30 132 -94.0
30 133 -96.0
30 134 -101.0
30 135 -98.0
30 136 -105.0
30 137 -106.0
30 138 -102.0
30 139 -103.0
30 140 -91.0
30 141 -93.0
30 142 -103.0
30 143 -95.0
30 144 -105.0
30 145 -103.0
30 146 -93.0
30 147 -104.0
30 148 -95.0
30 149 -96.0
30 150 -99.0
30 151 -90.0
30 152 -93.0
30 153 -104.0
30 154 -108.0
30 155 -93.0
30 156 -104.0
30 157 -98.0
30 158 -105.0
30 159 -100.0
30 160 -111.0
30 161 -104.0
30 162 -106.0
30 163 -102.0
30 164 -97.0
30 165 -104.0
30 166 -99.0
30 167 -100.0
30 168 -100.0
30 169 -96.0
30 170 -100.0
30 171 -104.0
30 172 -94.0
30 173 -106.0
30 174 -94.0
30 175 -96.0
30 176 -94.0
30 177 -107.0
30 178 -97.0
30 179 -113.0
30 180 -106.0
30 181 -103.0
30 182 -96.0
30 183 -108.0
30 184 -97.0
30 185 -99.0
30 186 -102.0
30 187 -101.0
30 188 -98.0
30 189 -99.0
30 190 -104.0
30 191 -103.0
30 192 -104.0
30 193 -101.0
30 194 -96.0
30 195 -98.0
30 196 -104.0
30 197 -102.0
30 198 -107.0
30 199 -104.0
30 200 -103.0
30 201 -100.0
30 202 -95.0
30 203 -105.0
30 204 -97.0
30 205 -101.0
30 206 -93.0
30 207 -104.0
30 208 -108.0
30 209 -95.0
30 210 -96.0
30 211 -100.0
30 212 -101.0
30 213 -98.0
30 214 -106.0
30 215 -106.0
30 216 -109.0
30 217 -103.0
30 218 -102.0
30 219 -98.0
30 220 -109.0
30 221 -97.0
30 222 -91.0
30 223 -112.0
30 224 -97.0
30 225 -91.0
30 226 -99.0
30 227 -101.0
30 228 -101.0
30 229 -100.0
30 230 -107.0
30 231 -94.0
30 232 -100.0
30 233 -101.0
30 234 -96.0
30 235 -102.0
30 236 -98.0
30 237 -100.0
30 238 -99.0
30 239 -95.0
30 240 -103.0
30 241 -104.0
30 242 -104.0
30 243 -88.0
30 244 -98.0
30 245 -84.0
30 246 -105.0
30 247 -106.0
30 248 -99.0
30 249 -100.0
30 250 -99.0
30 251 -96.0
30 252 -97.0
30 253 -103.0
30 254 -99.0
30 255 -93.0
30 256 -100.0
30 257 -106.0
30 258 -101.0
30 259 -93.0
30 260 -90.0
30 261 -105.0
30 262 -106.0
30 263 -96.0
30 264 -100.0
30 265 -92.0
30 266 -100.0
30 267 -103.0
30 268 -106.0
30 269 -102.0
30 270 -97.0
30 271 -100.0
30 272 -101.0
30 273 -103.0
30 274 -97.0
30 275 -103.0
30 276 -98.0
30 277 -95.0
30 278 -104.0
30 279 -95.0
30 280 -91.0
30 281 -90.0
30 282 -99.0
30 283 -98.0
30 284 -95.0
30 285 -91.0
30 286 -94.0
30 287 -105.0
30 288 -107.0
30 289 -94.0
30 290 -94.0
30 291 -94.0
30 292 -96.0
30 293 -104.0
30 294 -104.0
30 295 -102.0
30 296 -101.0
30 297 -100.0
30 298 -99.0
30 299 -105.0
30 300 -96.0
30 301 -97.0
30 302 -108.0
30 303 -94.0
30 304 -90.0
30 305 -96.0
30 306 -99.0
30 307 -95.0
30 308 -96.0
30 309 -97.0
30 310 -104.0
30 311 -99.0
30 312 -105.0
30 313 -98.0
30 314 -98.0
30 315 -104.0
30 316 -99.0
30 317 -103.0
30 318 -106.0
30 319 -93.0
30 320 -104.0
31 32 -100.0
31 33 -99.0
31 34 -103.0
31 35 -102.0
31 36 -105.0
31 37 -103.0
31 38 -93.0
31 39 -94.0
31 40 -93.0
31 41 -105.0
31 42 -93.0
31 43 -95.0
31 44 -99.0
31 45 -90.0
31 46 -106.0
31 47 -103.0
31 48 -97.0
31 49 -101.0
31 50 -104.0
31 51 -91.0
31 52 -105.0
31 53 -105.0
31 54 -95.0
31 55 -96.0
31 56 -109.0
31 57 -90.0
31 58 -101.0
31 59 -96.0
31 60 -98.0
31 61 -102.0
31 62 -106.0
31 63 -108.0
31 64 -103.0
31 65 -103.0
31 66 -98.0
31 67 -101.0
31 68 -99.0
31 69 -96.0
31 70 -102.0
31 71 -104.0
31 72 -102.0
31 73 -98.0
31 74 -102.0
31 75 -97.0
31 76 -105.0
31 77 -99.0
31 78 -97.0
31 79 -103.0
31 80 -91.0
31 81 -96.0
31 82 -95.0
31 83 -98.0
31 84 -101.0
31 85 -107.0
31 86 -107.0
31 87 -95.0
31 88 -105.0
31 89 -105.0
31 90 -92.0
31 91 -101.0
31 92 -106.0
31 93 -86.0
31 94 -98.0
31 95 -98.0
31 96 -102.0
31 97 -94.0
31 98 -91.0
31 99 -98.0
31 100 -101.0
31 101 -101.0
31 102 -97.0
31 103 -99.0
31 104 -104.0
31 105 -102.0
31 106 -95.0
31 107 -107.0
31 108 -96.0
31 109 -94.0
31 110 -100.0
31 111 -100.0
31 112 -103.0
31 113 -96.0
31 114 -89.0
31 115 -95.0
31 116 -107.0
31 117 -100.0
31 118 -107.0
31 119 -97.0
31 120 -97.0
31 121 -96.0
31 122 -97.0
31 123 -107.0
31 124 -96.0
31 125 -99.0
31 126 -97.0
31 127 -95.0
31 128 -96.0
31 129 -91.0
31 130 -97.0
31 131 -108.0
31 132 -101.0
31 133 -101.0
31 134 -106.0
31 135 -93.0
31 136 -94.0
31 137 -100.0
31 138 -99.0
31 139 -107.0
31 140 -99.0
31 141 -107.0
31 142 -98.0
31 143 -108.0
31 144 -102.0
31 145 -102.0
31 146 -99.0
31 147 -107.0
31 148 -94.0
31 149 -105.0
31 150 -108.0
31 151 -94.0
31 152 -102.0
31 153 -96.0
31 154 -100.0
31 155 -109.0
31 156 -96.0
31 157 -98.0
31 158 -113.0
31 159 -104.0
31 160 -98.0
31 161 -101.0
31 162 -110.0
31 163 -99.0
31 164 -102.0
31 165 -103.0
31 166 -102.0
31 167 -95.0
31 168 -105.0
31 169 -98.0
31 170 -97.0
31 171 -106.0
31 172 -98.0
31 173 -102.0
31 174 -100.0
31 175 -95.0
31 176 -88.0
31 177 -99.0
31 178 -109.0
31 179 -105.0
31 180 -100.0
31 181 -110.0
31 182 -97.0
31 183 -100.0
31 184 -101.0
31 185 -108.0
31 186 -98.0
31 187 -103.0
31 188 -99.0
31 189 -100.0
31 190 -106.0
31 191 -99.0
31 192 -94.0
31 193 -106.0
31 194 -101.0
31 195 -99.0
31 196 -98.0
31 197 -99.0
31 198 -91.0
31 199 -97.0
31 200 -95.0
31 201 -103.0
31 202 -102.0
31 203 -97.0
31 204 -93.0
31 205 -99.0
31 206 -100.0
31 207 -98.0
31 208 -109.0
31 209 -98.0
31 210 -99.0
31 211 -99.0
31 212 -107.0
31 213 -95.0
31 214 -97.0
31 215 -107.0
31 216 -97.0
31 217 -98.0
31 218 -102.0
31 219 -105.0
31 220 -97.0
31 221 -92.0
31 222 -97.0
31 223 -96.0
31 224 -95.0
31 225 -95.0
31 226 -98.0
31 227 -100.0
31 228 -98.0
31 229 -99.0
31 230 -101.0
31 231 -100.0
31 232 -101.0
31 233 -99.0
31 234 -97.0
31 235 -101.0
31 236 -93.0
31 237 -101.0
31 238 -94.0
31 239 -102.0
31 240 -98.0
31 241 -103.0
31 242 -93.0
31 243 -105.0
31 244 -99.0
31 245 -105.0
31 246 -98.0
31 247 -104.0
31 248 -95.0
31 249 -97.0
31 250 -100.0
31 251 -97.0
31 252 -82.0
31 253 -101.0
31 254 -107.0
31 255 -91.0
31 256 -98.0
31 257 -101.0
31 258 -99.0
31 259 -96.0
31 260 -94.0
31 261 -92.0
31 262 -98.0
31 263 -95.0
31 264 -89.0
31 265 -101.0
31 266 -101.0
31 267 -100.0
31 268 -93.0
31 269 -101.0
31 270 -95.0
31 271 -103.0
31 272 -103.0
31 273 -103.0
31 274 -104.0
31 275 -96.0
31 276 -95.0
31 277 -103.0
31 278 -101.0
31 279 -101.0
31 280 -94.0
31 281 -100.0
31 282 -107.0
31 283 -100.0
31 284 -102.0
31 285 -102.0
31 286 -95.0
31 287 -101.0
31 288 -99.0
31 289 -95.0
31 290 -99.0
31 291 -105.0
31 292 -98.0
31 293 -97.0
31 294 -99.0
31 295 -96.0
31 296 -94.0
31 297 -93.0
31 298 -107.0
31 299 -95.0
31 300 -101.0
31 301 -100.0
31 302 -92.0
31 303 -98.0
31 304 -98.0
31 305 -113.0
31 306 -99.0
31 307 -101.0
31 308 -94.0
31 309 -100.0
31 310 -95.0
31 311 -104.0
31 312 -99.0
31 313 -97.0
31 314 -99.0
31 315 -90.0
31 316 -98.0
31 317 -96.0
31 318 -101.0
31 319 -92.0
31 320 -97.0
32 33 -98.0
32 34 -98.0
32 35 -104.0
32 36 -100.0
32 37 -97.0
32 38 -91.0
32 39 -97.0
32 40 -97.0
32 41 -106.0
32 42 -107.0
32 43 -105.0
32 44 -109.0
32 45 -100.0
32 46 -97.0
32 47 -100.0
32 48 -100.0
32 49 -95.0
32 50 -91.0
32 51 -98.0
32 52 -104.0
32 53 -93.0
32 54 -93.0
32 55 -91.0
32 56 -103.0
32 57 -106.0
32 58 -94.0
32 59 -104.0
32 60 -96.0
32 61 -103.0
32 62 -105.0
32 63 -92.0
32 64 -92.0
32 65 -101.0
32 66 -105.0
32 67 -103.0
32 68 -102.0
32 69 -95.0
32 70 -90.0
32 71 -104.0
32 72 -104.0
32 73 -96.0
32 74 -102.0
32 75 -89.0
32 76 -108.0
32 77 -101.0
32 78 -110.0
32 79 -94.0
32 80 -108.0
32 81 -102.0
32 82 -98.0
32 83 -109.0
32 84 -98.0
32 85 -102.0
32 86 -99.0
32 87 -97.0
32 88 -107.0
32 89 -98.0
32 90 -97.0
32 91 -94.0
32 92 -97.0
32 93 -99.0
32 94 -105.0
32 95 -98.0
32 96 -94.0
32 97 -98.0
32 98 -100.0
32 99 -101.0
32 100 -103.0
32 101 -94.0
32 102 -103.0
32 103 -104.0
32 104 -98.0
32 105 -104.0
32 106 -93.0
32 107 -100.0
32 108 -100.0
32 109 -95.0
32 110 -95.0
32 111 -99.0
32 112 -103.0
32 113 -92.0
32 114 -107.0
32 115 -99.0
32 116 -100.0
32 117 -95.0
32 118 -108.0
32 119 -101.0
32 120 -104.0
32 121 -99.0
32 122 -94.0
32 123 -98.0
32 124 -102.0
32 125 -102.0
32 126 -106.0
32 127 -96.0
32 128 -103.0
32 129 -96.0
32 130 -101.0
32 131 -103.0
32 132 -106.0
32 133 -100.0
32 134 -86.0
32 135 -95.0
32 136 -95.0
32 137 -95.0
32 138 -90.0
32 139 -114.0
32 140 -90.0
32 141 -88.0
32 142 -96.0
32 143 -97.0
32 144 -107.0
32 145 -98.0
32 146 -98.0
32 147 -94.0
32 148 -100.0
32 149 -99.0
32 150 -98.0
32 151 -104.0
32 152 -96.0
32 153 -99.0
32 154 -100.0
32 155 -95.0
32 156 -95.0
32 157 -98.0
32 158 -103.0
32 159 -102.0
32 160 -108.0
32 161 -89.0
32 162 -111.0
32 163 -104.0
32 164 -104.0
32 165 -102.0
32 166 -105.0
32 167 -108.0
32 168 -102.0
32 169 -103.0
32 170 -95.0
32 171 -100.0
32 172 -96.0
32 173 -101.0
32 174 -87.0
32 175 -103.0
32 176 -98.0
32 177 -102.0
32 178 -97.0
32 179 -97.0
32 180 -94.0
32 181 -98.0
32 182 -99.0
32 183 -102.0
32 184 -103.0
32 185 -92.0
32 186 -98.0
32 187 -101.0
32 188 -101.0
32 189 -95.0
32 190 -97.0
32 191 -93.0
32 192 -99.0
32 193 -96.0
32 194 -101.0
32 195 -101.0
32 196 -103.0
32 197 -94.0
32 198 -95.0
32 199 -96.0
32 200 -99.0
32 201 -106.0
32 202 -99.0
32 203 -99.0
32 204 -96.0
32 205 -107.0
32 206 -104.0
32 207 -105.0
32 208 -112.0
32 209 -104.0
32 210 -101.0
32 211 -99.0
32 212 -97.0
32 213 -109.0
32 214 -103.0
32 215 -98.0
32 216 -103.0
32 217 -96.0
32 218 -90.0
32 219 -107.0
32 220 -105.0
32 221 -110.0
32 222 -95.0
32 223 -95.0
32 224 -94.0
32 225 -98.0
32 226 -93.0
32 227 -101.0
32 228 -96.0
32 229 -103.0
32 230 -101.0
32 231 -101.0
32 232 -100.0
32 233 -98.0
32 234 -90.0
32 235 -102.0
32 236 -89.0
32 237 -105.0
32 238 -105.0
32 239 -103.0
32 240 -100.0
32 241 -100.0
32 242 -108.0
32 243 -92.0
32 244 -99.0
32 245 -107.0
32 246 -97.0
32 247 -95.0
32 248 -101.0
32 249 -98.0
32 250 -94.0
32 251 -107.0
32 252 -101.0
32 253 -100.0
32 254 -98.0
32 255 -111.0
32 256 -97.0
32 257 -100.0
32 258 -97.0
32 259 -93.0
32 260 -101.0
32 261 -100.0
32 262 -101.0
32 263 -97.0
32 264 -90.0
32 265 -95.0
32 266 -103.0
32 267 -98.0
32 268 -97.0
32 269 -91.0
32 270 -97.0
32 271 -92.0
32 272 -101.0
32 273 -97.0
32 274 -105.0
32 275 -102.0
32 276 -96.0
32 277 -102.0
32 278 -90.0
32 279 -94.0
32 280 -101.0
32 281 -98.0
32 282 -102.0
32 283 -97.0
32 284 -97.0
32 285 -102.0
32 286 -105.0
32 287 -104.0
32 288 -103.0
32 289 -99.0
32 290 -98.0
32 291 -101.0
32 292 -97.0
32 293 -92.0
32 294 -97.0
32 295 -102.0
32 296 -99.0
32 297 -102.0
32 298 -96.0
32 299 -90.0
32 300 -101.0
32 301 -106.0
32 302 -103.0
32 303 -106.0
32 304 -101.0
32 305 -94.0
32 306 -97.0
32 307 -98.0
32 308 -98.0
32 309 -98.0
32 310 -92.0
32 311 -106.0
32 312 -100.0
32 313 -99.0
32 314 -98.0
32 315 -106.0
32 316 -94.0
32 317 -95.0
32 318 -101.0
32 319 -101.0
32 320 -102.0
33 34 -104.0
33 35 -102.0
33 36 -97.0
33 37 -106.0
33 38 -99.0
33 39 -107.0
33 40 -99.0
33 41 -96.0
33 42 -100.0
33 43 -100.0
33 44 -109.0
33 45 -106.0
33 46 -100.0
33 47 -94.0
33 48 -98.0
33 49 -96.0
33 50 -94.0
33 51 -101.0
33 52 -105.0
33 53 -99.0
33 54 -99.0
33 55 -110.0
33 56 -96.0
33 57 -100.0
33 58 -105.0
33 59 -102.0
33 60 -100.0
33 61 -108.0
33 62 -99.0
33 63 -102.0
33 64 -101.0
33 65 -99.0
33 66 -98.0
33 67 -106.0
33 68 -97.0
33 69 -101.0
33 70 -108.0
33 71 -103.0
33 72 -105.0
33 73 -95.0
33 74 -99.0
33 75 -99.0
33 76 -96.0
33 77 -105.0
33 78 -103.0
33 79 -102.0
33 80 -99.0
33 81 -105.0
33 82 -96.0
33 83 -102.0
33 84 -104.0
33 85 -93.0
33 86 -103.0
33 87 -106.0
33 88 -100.0
33 89 -103.0
33 90 -100.0
33 91 -95.0
33 92 -95.0
33 93 -96.0
33 94 -99.0
33 95 -102.0
33 96 -92.0
33 97 -93.0
33 98 -95.0
33 99 -102.0
33 100 -95.0
33 101 -91.0
33 102 -113.0
33 103 -97.0
33 104 -100.0
33 105 -95.0
33 106 -102.0
33 107 -98.0
33 108 -94.0
33 109 -97.0
33 110 -105.0
33 111 -97.0
33 112 -101.0
33 113 -100.0
33 114 -95.0
33 115 -93.0
33 116 -103.0
33 117 -99.0
33 118 -98.0
33 119 -101.0
33 120 -99.0
33 121 -102.0
33 122 -98.0
33 123 -109.0
33 124 -101.0
33 125 -102.0
33 126 -96.0
33 127 -100.0
33 128 -94.0
33 129 -94.0
33 130 -100.0
33 131 -99.0
33 132 -88.0
33 133 -104.0
33 134 -101.0
33 135 -101.0
33 136 -98.0
33 137 -92.0
33 138 -93.0
33 139 -102.0
33 140 -104.0
33 141 -102.0
33 142 -97.0
33 143 -98.0
33 144 -90.0
33 145 -98.0
33 146 -102.0
33 147 -96.0
33 148 -99.0
33 149 -104.0
33 150 -94.0
33 151 -97.0
33 152 -100.0
33 153 -90.0
33 154 -104.0
33 155 -99.0
33 156 -98.0
33 157 -102.0
33 158 -101.0
33 159 -94.0
33 160 -101.0
33 161 -98.0
33 162 -100.0
33 163 -100.0
33 164 -102.0
33 165 -96.0
33 166 -94.0
33 167 -105.0
33 168 -97.0
33 169 -99.0
33 170 -88.0
33 171 -91.0
33 172 -100.0
33 173 -99.0
33 174 -103.0
33 175 -103.0
33 176 -107.0
33 177 -93.0
33 178 -98.0
33 179 -102.0
33 180 -102.0
33 181 -99.0
33 182 -98.0
33 183 -95.0
33 184 -101.0
33 185 -100.0
33 186 -92.0
33 187 -103.0
33 188 -91.0
33 189 -93.0
33 190 -94.0
33 191 -105.0
33 192 -100.0
33 193 -104.0
33 194 -99.0
33 195 -99.0
33 196 -92.0
33 197 -88.0
33 198 -102.0
33 199 -84.0
33 200 -101.0
33 201 -95.0
33 202 -101.0
33 203 -106.0
33 204 -96.0
33 205 -112.0
33 206 -100.0
33 207 -98.0
33 208 -104.0
33 209 -100.0
33 210 -92.0
33 211 -96.0
33 212 -99.0
33 213 -95.0
33 214 -104.0
33 215 -107.0
33 216 -101.0
33 217 -107.0
33 218 -94.0
33 219 -94.0
33 220 -107.0
33 221 -88.0
33 222 -101.0
33 223 -95.0
33 224 -103.0
33 225 -103.0
33 226 -98.0
33 227 -92.0
33 228 -98.0
33 229 -108.0
33 230 -94.0
33 231 -104.0
33 232 -97.0
33 233 -95.0
33 234 -97.0
33 235 -102.0
33 236 -97.0
33 237 -93.0
33 238 -95.0
33 239 -94.0
33 240 -97.0
33 241 -101.0
33 242 -88.0
33 243 -97.0
33 244 -106.0
33 245 -102.0
33 246 -100.0
33 247 -102.0
33 248 -95.0
33 249 -100.0
33 250 -94.0
33 251 -104.0
33 252 -93.0
33 253 -103.0
33 254 -104.0
33 255 -96.0
33 256 -91.0
33 257 -109.0
33 258 -95.0
33 259 -100.0
33 260 -91.0
33 261 -104.0
33 262 -97.0
33 263 -94.0
33 264 -99.0
33 265 -97.0
33 266 -94.0
33 267 -94.0
33 268 -106.0
33 269 -96.0
33 270 -104.0
33 271 -94.0
33 272 -104.0
33 273 -98.0
33 274 -102.0
33 275 -110.0
33 276 -105.0
33 277 -91.0
33 278 -105.0
33 279 -97.0
33 280 -99.0
33 281 -98.0
33 282 -102.0
33 283 -107.0
33 284 -106.0
33 285 -108.0
33 286 -95.0
33 287 -101.0
33 288 -96.0
33 289 -98.0
33 290 -102.0
33 291 -102.0
33 292 -110.0
33 293 -99.0
33 294 -92.0
33 295 -106.0
33 296 -100.0
33 297 -106.0
33 298 -105.0
33 299 -101.0
33 300 -97.0
33 301 -99.0
33 302 -101.0
33 303 -97.0
33 304 -96.0
33 305 -98.0
33 306 -108.0
33 307 -92.0
33 308 -96.0
33 309 -105.0
33 310 -104.0
33 311 -105.0
33 312 -98.0
33 313 -100.0
33 314 -103.0
33 315 -90.0
33 316 -96.0
33 317 -94.0
33 318 -100.0
33 319 -101.0
33 320 -100.0
34 35 -104.0
34 36 -99.0
34 37 -93.0
34 38 -104.0
34 39 -105.0
34 40 -98.0
34 41 -101.0
34 42 -102.0
34 43 -99.0
34 44 -96.0
34 45 -103.0
34 46 -97.0
34 47 -102.0
34 48 -104.0
34 49 -102.0
34 50 -105.0
34 51 -95.0
34 52 -94.0
34 53 -98.0
34 54 -86.0
34 55 -101.0
34 56 -102.0
34 57 -104.0
34 58 -98.0
34 59 -99.0
34 60 -99.0
34 61 -99.0
34 62 -107.0
34 63 -99.0
34 64 -105.0
34 65 -98.0
34 66 -101.0
34 67 -99.0
34 68 -94.0
34 69 -109.0
34 70 -104.0
34 71 -97.0
34 72 -100.0
34 73 -92.0
34 74 -101.0
34 75 -99.0
34 76 -94.0
34 77 -96.0
34 78 -100.0
34 79 -96.0
34 80 -89.0
34 81 -93.0
34 82 -97.0
34 83 -106.0
34 84 -100.0
34 85 -103.0
34 86 -99.0
34 87 -103.0
34 88 -101.0
34 89 -104.0
34 90 -101.0
34 91 -95.0
34 92 -108.0
34 93 -100.0
34 94 -105.0
34 95 -97.0
34 96 -92.0
34 97 -97.0
34 98 -100.0
34 99 -102.0
34 100 -98.0
34 101 -100.0
34 102 -98.0
34 103 -96.0
34 104 -93.0
34 105 -100.0
34 106 -99.0
34 107 -97.0
34 108 -99.0
34 109 -102.0
34 110 -104.0
34 111 -103.0
34 112 -105.0
34 113 -99.0
34 114 -104.0
34 115 -103.0
34 116 -100.0
34 117 -97.0
34 118 -100.0
34 119 -101.0
34 120 -108.0
34 121 -94.0
34 122 -95.0
34 123 -100.0
34 124 -90.0
34 125 -95.0
34 126 -97.0
34 127 -106.0
34 128 -97.0
34 129 -101.0
34 130 -100.0
34 131 -106.0
34 132 -87.0
34 133 -100.0
34 134 -87.0
34 135 -109.0
34 136 -105.0
34 137 -103.0
34 138 -101.0
34 139 -94.0
34 140 -108.0
34 141 -90.0
34 142 -101.0
34 143 -100.0
34 144 -98.0
34 145 -92.0
34 146 -104.0
34 147 -101.0
34 148 -103.0
34 149 -102.0
34 150 -100.0
34 151 -93.0
34 152 -102.0
34 153 -96.0
34 154 -102.0
34 155 -101.0
34 156 -103.0
34 157 -99.0
34 158 -103.0
34 159 -102.0
34 160 -101.0
34 161 -95.0
34 162 -99.0
34 163 -99.0
34 164 -104.0
34 165 -101.0
34 166 -96.0
34 167 -102.0
34 168 -101.0
34 169 -106.0
34 170 -94.0
34 171 -101.0
34 172 -100.0
34 173 -103.0
34 174 -97.0
34 175 -107.0
34 176 -104.0
34 177 -100.0
34 178 -99.0
34 179 -93.0
34 180 -95.0
34 181 -94.0
34 182 -98.0
34 183 -88.0
34 184 -96.0
34 185 -100.0
34 186 -91.0
34 187 -105.0
34 188 -98.0
34 189 -99.0
34 190 -96.0
34 191 -93.0
34 192 -99.0
34 193 -96.0
34 194 -105.0
34 195 -88.0
34 196 -103.0
34 197 -99.0
34 198 -97.0
34 199 -92.0
34 200 -97.0
34 201 -96.0
34 202 -105.0
34 203 -110.0
34 204 -97.0
34 205 -99.0
34 206 -90.0
34 207 -103.0
34 208 -97.0
34 209 -99.0
34 210 -107.0
34 211 -106.0
34 212 -101.0
34 213 -94.0
34 214 -100.0
34 215 -96.0
34 216 -101.0
34 217 -106.0
34 218 -97.0
34 219 -103.0
34 220 -98.0
34 221 -103.0
34 222 -100.0
34 223 -101.0
34 224 -99.0
34 225 -97.0
34 226 -99.0
34 227 -98.0
34 228 -99.0
34 229 -101.0
34 230 -104.0
34 231 -105.0
34 232 -95.0
34 233 -104.0
34 234 -109.0
34 235 -102.0
34 236 -94.0
34 237 -106.0
34 238 -95.0
34 239 -96.0
34 240 -102.0
34 241 -92.0
34 242 -107.0
34 243 -103.0
34 244 -102.0
34 245 -98.0
34 246 -95.0
34 247 -102.0
34 248 -101.0
34 249 -104.0
34 250 -109.0
34 251 -100.0
34 252 -109.0
34 253 -95.0
34 254 -102.0
34 255 -101.0
34 256 -95.0
34 257 -92.0
34 258 -94.0
34 259 -91.0
34 260 -106.0
34 261 -101.0
34 262 -90.0
34 263 -96.0
34 264 -102.0
34 265 -105.0
34 266 -110.0
34 267 -105.0
34 268 -88.0
34 269 -108.0
34 270 -108.0
34 271 -102.0
34 272 -88.0
34 273 -110.0
34 274 -98.0
34 275 -97.0
34 276 -97.0
34 277 -101.0
34 278 -98.0
34 279 -97.0
34 280 -95.0
34 281 -103.0
34 282 -99.0
34 283 -97.0
34 284 -81.0
34 285 -95.0
34 286 -102.0
34 287 -102.0
34 288 -106.0
34 289 -104.0
34 290 -96.0
34 291 -99.0
34 292 -99.0
34 293 -98.0
34 294 -94.0
34 295 -92.0
34 296 -92.0
34 297 -99.0
34 298 -95.0
34 299 -94.0
34 300 -102.0
34 301 -103.0
34 302 -95.0
34 303 -100.0
34 304 -104.0
34 305 -92.0
34 306 -105.0
34 307 -99.0
34 308 -93.0
34 309 -106.0
34 310 -96.0
34 311 -92.0
34 312 -89.0
34 313 -95.0
34 314 -98.0
34 315 -98.0
34 316 -108.0
34 317 -102.0
34 318 -98.0
34 319 -92.0
34 320 -92.0
35 36 -99.0
35 37 -95.0
35 38 -100.0
35 39 -104.0
35 40 -87.0
35 41 -91.0
35 42 -98.0
35 43 -103.0
35 44 -98.0
35 45 -96.0
35 46 -98.0
35 47 -100.0
35 48 -107.0
35 49 -102.0
35 50 -98.0
35 51 -97.0
35 52 -100.0
35 53 -91.0
35 54 -98.0
35 55 -94.0
35 56 -100.0
35 57 -97.0
35 58 -105.0
35 59 -101.0
35 60 -103.0
35 61 -102.0
35 62 -98.0
35 63 -97.0
35 64 -110.0
35 65 -104.0
35 66 -102.0
35 67 -103.0
35 68 -106.0
35 69 -91.0
35 70 -92.0
35 71 -104.0
35 72 -101.0
35 73 -100.0
35 74 -96.0
35 75 -104.0
35 76 -100.0
35 77 -101.0
35 78 -100.0
35 79 -101.0
35 80 -93.0
35 81 -106.0
35 82 -102.0
35 83 -94.0
35 84 -97.0
35 85 -99.0
35 86 -104.0
35 87 -100.0
35 88 -106.0
35 89 -99.0
35 90 -104.0
35 91 -110.0
35 92 -103.0
35 93 -102.0
35 94 -97.0
35 95 -112.0
35 96 -100.0
35 97 -91.0
35 98 -97.0
35 99 -95.0
35 100 -106.0
35 101 -103.0
35 102 -105.0
35 103 -104.0
35 104 -94.0
35 105 -92.0
35 106 -113.0
35 107 -93.0
35 108 -97.0
35 109 -106.0
35 110 -99.0
35 111 -96.0
35 112 -93.0
35 113 -93.0
35 114 -108.0
35 115 -93.0
35 116 -106.0
35 117 -99.0
35 118 -106.0
35 119 -102.0
35 120 -100.0
35 121 -89.0
35 122 -104.0
35 123 -101.0
35 124 -92.0
35 125 -98.0
35 126 -100.0
35 127 -95.0
35 128 -91.0
35 129 -100.0
35 130 -106.0
35 131 -105.0
35 132 -100.0
35 133 -96.0
35 134 -96.0
35 135 -96.0
35 136 -95.0
35 137 -94.0
35 138 -99.0
35 139 -99.0
35 140 -105.0
35 141 -98.0
35 142 -102.0
35 143 -99.0
35 144 -91.0
35 145 -107.0
35 146 -105.0
35 147 -96.0
35 148 -97.0
35 149 -104.0
35 150 -96.0
35 151 -103.0
35 152 -100.0
35 153 -89.0
35 154 -100.0
35 155 -103.0
35 156 -98.0
35 157 -102.0
35 158 -100.0
35 159 -107.0
35 160 -105.0
35 161 -95.0
35 162 -107.0
35 163 -93.0
35 164 -109.0
35 165 -99.0
35 166 -102.0
35 167 -100.0
35 168 -97.0
35 169 -100.0
35 170 -99.0
35 171 -101.0
35 172 -87.0
35 173 -112.0
35 174 -101.0
35 175 -92.0
35 176 -109.0
35 177 -107.0
35 178 -104.0
35 179 -102.0
35 180 -92.0
35 181 -99.0
35 182 -105.0
35 183 -97.0
35 184 -104.0
35 185 -98.0
35 186 -96.0
35 187 -98.0
35 188 -101.0
35 189 -86.0
35 190 -90.0
35 191 -101.0
35 192 -109.0
35 193 -102.0
35 194 -95.0
35 195 -98.0
35 196 -101.0
35 197 -105.0
35 198 -97.0
35 199 -115.0
35 200 -85.0
35 201 -97.0
35 202 -103.0
35 203 -102.0
35 204 -93.0
35 205 -101.0
35 206 -90.0
35 207 -99.0
35 208 -103.0
35 209 -97.0
35 210 -98.0
35 211 -94.0
35 212 -105.0
35 213 -92.0
35 214 -95.0
35 215 -99.0
35 216 -108.0
35 217 -103.0
35 218 -102.0
35 219 -102.0
35 220 -101.0
35 221 -99.0
35 222 -100.0
35 223 -104.0
35 224 -100.0
35 225 -104.0
35 226 -97.0
35 227 -99.0
35 228 -112.0
35 229 -99.0
35 230 -106.0
35 231 -109.0
35 232 -99.0
35 233 -108.0
35 234 -96.0
35 235 -107.0
35 236 -94.0
35 237 -102.0
35 238 -98.0
35 239 -97.0
35 240 -102.0
35 241 -101.0
35 242 -103.0
35 243 -100.0
35 244 -106.0
35 245 -99.0
35 246 -97.0
35 247 -90.0
35 248 -105.0
35 249 -96.0
35 250 -102.0
35 251 -101.0
35 252 -96.0
35 253 -100.0
35 254 -99.0
35 255 -96.0
35 256 -104.0
35 257 -93.0
35 258 -103.0
35 259 -99.0
35 260 -96.0
35 261 -97.0
35 262 -98.0
35 263 -98.0
35 264 -98.0
35 265 -98.0
35 266 -102.0
35 267 -107.0
35 268 -114.0
35 269 -99.0
35 270 -97.0
35 271 -98.0
35 272 -98.0
35 273 -103.0
35 274 -102.0
35 275 -96.0
35 276 -100.0
35 277 -100.0
35 278 -93.0
35 279 -93.0
35 280 -100.0
35 281 -107.0
35 282 -99.0
35 283 -101.0
35 284 -114.0
35 285 -100.0
35 286 -108.0
35 287 -93.0
35 288 -97.0
35 289 -99.0
35 290 -102.0
35 291 -94.0
35 292 -98.0
35 293 -95.0
35 294 -100.0
35 295 -102.0
35 296 -100.0
35 297 -106.0
35 298 -105.0
35 299 -97.0
35 300 -96.0
35 301 -98.0
35 302 -97.0
35 303 -100.0
35 304 -104.0
35 305 -89.0
35 306 -94.0
35 307 -99.0
35 308 -100.0
35 309 -107.0
35 310 -105.0
35 311 -96.0
35 312 -102.0
35 313 -99.0
35 314 -100.0
35 315 -96.0
35 316 -96.0
35 317 -94.0
35 318 -106.0
35 319 -99.0
35 320 -101.0
36 37 -97.0
36 38 -100.0
36 39 -108.0
36 40 -98.0
36 41 -97.0
36 42 -107.0
36 43 -99.0
36 44 -102.0
36 45 -97.0
36 46 -104.0
36 47 -99.0
36 48 -98.0
36 49 -104.0
36 50 -97.0
36 51 -98.0
36 52 -107.0
36 53 -101.0
36 54 -94.0
36 55 -101.0
36 56 -98.0
36 57 -95.0
36 58 -104.0
36 59 -102.0
36 60 -97.0
36 61 -99.0
36 62 -93.0
36 63 -101.0
36 64 -95.0
36 65 -106.0
36 66 -101.0
36 67 -98.0
36 68 -98.0
36 69 -94.0
36 70 -104.0
36 71 -96.0
36 72 -102.0
36 73 -96.0
36 74 -87.0
36 75 -99.0
36 76 -96.0
36 77 -101.0
36 78 -100.0
36 79 -97.0
36 80 -104.0
36 81 -96.0
36 82 -98.0
36 83 -102.0
36 84 -93.0
36 85 -103.0
36 86 -96.0
36 87 -96.0
36 88 -101.0
36 89 -91.0
36 90 -102.0
36 91 -96.0
36 92 -98.0
36 93 -99.0
36 94 -102.0
36 95 -109.0
36 96 -97.0
36 97 -99.0
36 98 -96.0
36 99 -99.0
36 100 -107.0
36 101 -102.0
36 102 -98.0
36 103 -99.0
36 104 -103.0
36 105 -102.0
36 106 -99.0
36 107 -96.0
36 108 -96.0
36 109 -99.0
36 110 -99.0
36 111 -104.0
36 112 -95.0
36 113 -102.0
36 114 -94.0
36 115 -92.0
36 116 -90.0
36 117 -87.0
36 118 -104.0
36 119 -93.0
36 120 -98.0
36 121 -99.0
36 122 -104.0
36 123 -93.0
36 124 -103.0
36 125 -101.0
36 126 -101.0
36 127 -93.0
36 128 -100.0
36 129 -92.0
36 130 -105.0
36 131 -102.0
36 132 -99.0
36 133 -106.0
36 134 -95.0
36 135 -98.0
36 136 -101.0
36 137 -99.0
36 138 -96.0
36 139 -90.0
36 140 -98.0
36 141 -100.0
36 142 -102.0
36 143 -106.0
36 144 -103.0
36 145 -103.0
36 146 -97.0
36 147 -92.0
36 148 -102.0
36 149 -93.0
36 150 -97.0
36 151 -108.0
36 152 -100.0
36 153 -101.0
36 154 -106.0
36 155 -92.0
36 156 -94.0
36 157 -101.0
36 158 -105.0
36 159 -97.0
36 160 -106.0
36 161 -98.0
36 162 -92.0
36 163 -99.0
36 164 -101.0
36 165 -102.0
36 166 -98.0
36 167 -99.0
36 168 -101.0
36 169 -104.0
36 170 -105.0
36 171 -98.0
36 172 -94.0
36 173 -101.0
36 174 -100.0
36 175 -98.0
36 176 -101.0
36 177 -89.0
36 178 -103.0
36 179 -106.0
36 180 -102.0
36 181 -104.0
36 182 -93.0
36 183 -95.0
36 184 -96.0
36 185 -101.0
36 186 -100.0
36 187 -102.0
36 188 -106.0
36 189 -92.0
36 190 -111.0
36 191 -106.0
36 192 -98.0
36 193 -105.0
36 194 -99.0
36 195 -94.0
36 196 -104.0
36 197 -98.0
36 198 -97.0
36 199 -95.0
36 200 -99.0
36 201 -93.0
36 202 -97.0
36 203 -98.0
36 204 -97.0
36 205 -95.0
36 206 -106.0
36 207 -90.0
36 208 -101.0
36 209 -105.0
36 210 -95.0
36 211 -103.0
36 212 -100.0
36 213 -99.0
36 214 -108.0
36 215 -91.0
36 216 -96.0
36 217 -104.0
36 218 -102.0
36 219 -104.0
36 220 -94.0
36 221 -99.0
36 222 -103.0
36 223 -101.0
36 224 -105.0
36 225 -105.0
36 226 -107.0
36 227 -101.0
36 228 -100.0
36 229 -102.0
36 230 -101.0
36 231 -98.0
36 232 -100.0
36 233 -105.0
36 234 -99.0
36 235 -92.0
36 236 -96.0
36 237 -91.0
36 238 -104.0
36 239 -96.0
36 240 -101.0
36 241 -102.0
36 242 -104.0
36 243 -97.0
36 244 -102.0
36 245 -106.0
36 246 -96.0
36 247 -92.0
36 248 -101.0
36 249 -93.0
36 250 -98.0
36 251 -107.0
36 252 -97.0
36 253 -96.0
36 254 -101.0
36 255 -98.0
36 256 -102.0
36 257 -94.0
36 258 -92.0
36 259 -88.0
36 260 -94.0
36 261 -107.0
36 262 -101.0
36 263 -97.0
36 264 -105.0
36 265 -97.0
36 266 -92.0
36 267 -96.0
36 268 -113.0
36 269 -100.0
36 270 -105.0
36 271 -96.0
36 272 -101.0
36 273 -99.0
36 274 -104.0
36 275 -92.0
36 276 -102.0
36 277 -100.0
36 278 -102.0
36 279 -97.0
36 280 -106.0
36 281 -93.0
36 282 -103.0
36 283 -107.0
36 284 -104.0
36 285 -104.0
36 286 -95.0
36 287 -98.0
36 288 -100.0
36 289 -104.0
36 290 -97.0
36 291 -89.0
36 292 -100.0
36 293 -106.0
36 294 -85.0
36 295 -96.0
36 296 -103.0
36 297 -97.0
36 298 -105.0
36 299 -97.0
36 300 -102.0
36 301 -105.0
36 302 -99.0
36 303 -105.0
36 304 -97.0
36 305 -92.0
36 306 -102.0
36 307 -114.0
36 308 -105.0
36 309 -99.0
36 310 -97.0
36 311 -108.0
36 312 -108.0
36 313 -96.0
36 314 -99.0
36 315 -90.0
36 316 -97.0
36 317 -99.0
36 318 -97.0
36 319 -100.0
36 320 -105.0
37 38 -103.0
37 39 -98.0
37 40 -94.0
37 41 -104.0
37 42 -93.0
37 43 -91.0
37 44 -101.0
37 45 -98.0
37 46 -91.0
37 47 -101.0
37 48 -95.0
37 49 -99.0
37 50 -96.0
37 51 -101.0
37 52 -103.0
37 53 -98.0
37 54 -102.0
37 55 -94.0
37 56 -100.0
37 57 -97.0
37 58 -98.0
37 59 -94.0
37 60 -101.0
37 61 -102.0
37 62 -100.0
37 63 -103.0
37 64 -94.0
37 65 -99.0
37 66 -91.0
37 67 -101.0
37 68 -106.0
37 69 -98.0
37 70 -97.0
37 71 -105.0
37 72 -104.0
37 73 -102.0
37 74 -105.0
37 75 -102.0
37 76 -102.0
37 77 -101.0
37 78 -100.0
37 79 -108.0
37 80 -99.0
37 81 -99.0
37 82 -98.0
37 83 -91.0
37 84 -108.0
37 85 -100.0
37 86 -102.0
37 87 -95.0
37 88 -102.0
37 89 -93.0
37 90 -100.0
37 91 -92.0
37 92 -96.0
37 93 -94.0
37 94 -96.0
37 95 -94.0
37 96 -100.0
37 97 -97.0
37 98 -94.0
37 99 -93.0
37 100 -97.0
37 101 -108.0
37 102 -105.0
37 103 -98.0
37 104 -102.0
37 105 -104.0
37 106 -99.0
37 107 -100.0
37 108 -96.0
37 109 -98.0
37 110 -106.0
37 111 -100.0
37 112 -103.0
37 113 -95.0
37 114 -92.0
37 115 -100.0
37 116 -98.0
37 117 -100.0
37 118 -102.0
37 119 -102.0
37 120 -101.0
37 121 -97.0
37 122 -110.0
37 123 -105.0
37 124 -109.0
37 125 -98.0
37 126 -108.0
37 127 -111.0
37 128 -106.0
37 129 -100.0
37 130 -99.0
37 131 -103.0
37 132 -106.0
37 133 -98.0
37 134 -100.0
37 135 -103.0
37 136 -98.0
37 137 -102.0
37 138 -105.0
37 139 -94.0
37 140 -100.0
37 141 -109.0
37 142 -103.0
37 143 -94.0
37 144 -100.0
37 145 -102.0
37 146 -98.0
37 147 -106.0
37 148 -109.0
37 149 -100.0
37 150 -99.0
37 151 -97.0
37 152 -100.0
37 153 -99.0
37 154 -103.0
37 155 -99.0
37 156 -97.0
37 157 -92.0
37 158 -100.0
37 159 -107.0
37 160 -95.0
37 161 -101.0
37 162 -104.0
37 163 -100.0
37 164 -99.0
37 165 -88.0
37 166 -109.0
37 167 -94.0
37 168 -91.0
37 169 -100.0
37 170 -103.0
37 171 -99.0
37 172 -104.0
37 173 -91.0
37 174 -105.0
37 175 -96.0
37 176 -102.0
37 177 -107.0
37 178 -103.0
37 179 -104.0
37 180 -104.0
37 181 -103.0
37 182 -104.0
37 183 -104.0
37 184 -97.0
37 185 -104.0
37 186 -103.0
37 187 -105.0
37 188 -93.0
37 189 -98.0
37 190 -105.0
37 191 -103.0
37 192 -99.0
37 193 -111.0
37 194 -101.0
37 195 -108.0
37 196 -100.0
37 197 -94.0
37 198 -102.0
37 199 -100.0
37 200 -103.0
37 201 -96.0
37 202 -98.0
37 203 -102.0
37 204 -100.0
37 205 -98.0
37 206 -98.0
37 207 -92.0
37 208 -99.0
37 209 -99.0
37 210 -100.0
37 211 -91.0
37 212 -93.0
37 213 -102.0
37 214 -103.0
37 215 -102.0
37 216 -108.0
37 217 -96.0
37 218 -108.0
37 219 -107.0
37 220 -95.0
37 221 -101.0
37 222 -99.0
37 223 -105.0
37 224 -88.0
37 225 -99.0
37 226 -104.0
37 227 -103.0
37 228 -97.0
37 229 -92.0
37 230 -101.0
37 231 -103.0
37 232 -101.0
37 233 -95.0
37 234 -99.0
37 235 -96.0
37 236 -93.0
37 237 -98.0
37 238 -100.0
37 239 -99.0
37 240 -100.0
37 241 -97.0
37 242 -93.0
37 243 -97.0
37 244 -97.0
37 245 -100.0
37 246 -99.0
37 247 -100.0
37 248 -100.0
37 249 -98.0
37 250 -101.0
37 251 -95.0
37 252 -92.0
37 253 -99.0
37 254 -98.0
37 255 -102.0
37 256 -101.0
37 257 -98.0
37 258 -96.0
37 259 -104.0
37 260 -95.0
37 261 -94.0
37 262 -94.0
37 263 -95.0
37 264 -96.0
37 265 -99.0
37 266 -98.0
37 267 -101.0
37 268 -97.0
37 269 -94.0
37 270 -100.0
37 271 -107.0
37 272 -101.0
37 273 -105.0
37 274 -102.0
37 275 -91.0
37 276 -106.0
37 277 -102.0
37 278 -93.0
37 279 -103.0
37 280 -96.0
37 281 -99.0
37 282 -93.0
37 283 -102.0
37 284 -96.0
37 285 -103.0
37 286 -102.0
37 287 -92.0
37 288 -101.0
37 289 -95.0
37 290 -99.0
37 291 -106.0
37 292 -93.0
37 293 -96.0
37 294 -100.0
37 295 -99.0
37 296 -104.0
37 297 -98.0
37 298 -105.0
37 299 -108.0
37 300 -100.0
37 301 -104.0
37 302 -105.0
37 303 -102.0
37 304 -96.0
37 305 -97.0
37 306 -96.0
37 307 -95.0
37 308 -106.0
37 309 -101.0
37 310 -99.0
37 311 -103.0
37 312 -103.0
37 313 -108.0
37 314 -101.0
37 315 -102.0
37 316 -97.0
37 317 -99.0
37 318 -104.0
37 319 -107.0
37 320 -94.0
38 39 -91.0
38 40 -99.0
38 41 -99.0
38 42 -92.0
38 43 -104.0
38 44 -106.0
38 45 -108.0
38 46 -101.0
38 47 -100.0
38 48 -100.0
38 49 -102.0
38 50 -101.0
38 51 -106.0
38 52 -103.0
38 53 -100.0
38 54 -97.0
38 55 -100.0
38 56 -102.0
38 57 -95.0
38 58 -96.0
38 59 -97.0
38 60 -99.0
38 61 -104.0
38 62 -94.0
38 63 -103.0
38 64 -94.0
38 65 -95.0
38 66 -94.0
38 67 -111.0
38 68 -92.0
38 69 -93.0
38 70 -104.0
38 71 -103.0
38 72 -98.0
38 73 -97.0
38 74 -96.0
38 75 -92.0
38 76 -102.0
38 77 -102.0
38 78 -101.0
38 79 -99.0
38 80 -109.0
38 81 -95.0
38 82 -102.0
38 83 -111.0
38 84 -96.0
38 85 -96.0
38 86 -99.0
38 87 -101.0
38 88 -101.0
38 89 -99.0
38 90 -85.0
38 91 -98.0
38 92 -96.0
38 93 -96.0
38 94 -101.0
38 95 -102.0
38 96 -97.0
38 97 -101.0
38 98 -98.0
38 99 -106.0
38 100 -89.0
38 101 -100.0
38 102 -105.0
38 103 -104.0
38 104 -92.0
38 105 -102.0
38 106 -104.0
38 107 -113.0
38 108 -100.0
38 109 -95.0
38 110 -93.0
38 111 -98.0
38 112 -106.0
38 113 -94.0
38 114 -100.0
38 115 -99.0
38 116 -99.0
38 117 -96.0
38 118 -96.0
38 119 -99.0
38 120 -101.0
38 121 -95.0
38 122 -100.0
38 123 -104.0
38 124 -107.0
38 125 -103.0
38 126 -105.0
38 127 -102.0
38 128 -94.0
38 129 -103.0
38 130 -105.0
38 131 -99.0
38 132 -107.0
38 133 -99.0
38 134 -103.0
38 135 -99.0
38 136 -99.0
38 137 -94.0
38 138 -105.0
38 139 -101.0
38 140 -95.0
38 141 -103.0
38 142 -97.0
38 143 -99.0
38 144 -99.0
38 145 -111.0
38 146 -100.0
38 147 -102.0
38 148 -102.0
38 149 -109.0
38 150 -87.0
38 151 -95.0
38 152 -102.0
38 153 -108.0
38 154 -104.0
38 155 -108.0
38 156 -94.0
38 157 -100.0
38 158 -98.0
38 159 -92.0
38 160 -101.0
38 161 -90.0
38 162 -101.0
38 163 -107.0
38 164 -98.0
38 165 -101.0
38 166 -91.0
38 167 -98.0
38 168 -93.0
38 169 -101.0
38 170 -98.0
38 171 -98.0
38 172 -104.0
38 173 -101.0
38 174 -103.0
38 175 -105.0
38 176 -106.0
38 177 -97.0
38 178 -95.0
38 179 -95.0
38 180 -108.0
38 181 -99.0
38 182 -102.0
38 183 -108.0
38 184 -109.0
38 185 -103.0
38 186 -105.0
38 187 -95.0
38 188 -99.0
38 189 -92.0
38 190 -104.0
38 191 -100.0
38 192 -100.0
38 193 -102.0
38 194 -101.0
38 195 -93.0
38 196 -94.0
38 197 -98.0
38 198 -91.0
38 199 -100.0
38 200 -101.0
38 201 -100.0
38 202 -106.0
38 203 -97.0
38 204 -106.0
38 205 -107.0
38 206 -104.0
38 207 -102.0
38 208 -100.0
38 209 -106.0
38 210 -104.0
38 211 -102.0
38 212 -99.0
38 213 -93.0
38 214 -86.0
38 215 -103.0
38 216 -100.0
38 217 -93.0
38 218 -93.0
38 219 -96.0
38 220 -95.0
38 221 -97.0
38 222 -100.0
38 223 -103.0
38 224 -106.0
38 225 -92.0
38 226 -98.0
38 227 -105.0
38 228 -96.0
38 229 -97.0
38 230 -103.0
38 231 -97.0
38 232 -105.0
38 233 -100.0
38 234 -98.0
38 235 -106.0
38 236 -108.0
38 237 -94.0
38 238 -97.0
38 239 -100.0
38 240 -97.0
38 241 -105.0
38 242 -102.0
38 243 -95.0
38 244 -102.0
38 245 -97.0
38 246 -91.0
38 247 -106.0
38 248 -104.0
38 249 -99.0
38 250 -89.0
38 251 -93.0
38 252 -103.0
38 253 -105.0
38 254 -106.0
38 255 -93.0
38 256 -102.0
38 257 -106.0
38 258 -103.0
38 259 -100.0
38 260 -102.0
38 261 -93.0
38 262 -89.0
38 263 -108.0
38 264 -97.0
38 265 -96.0
38 266 -103.0
38 267 -114.0
38 268 -105.0
38 269 -97.0
38 270 -108.0
38 271 -99.0
38 272 -109.0
38 273 -104.0
38 274 -105.0
38 275 -89.0
38 276 -96.0
38 277 -101.0
38 278 -107.0
38 279 -104.0
38 280 -94.0
38 281 -97.0
38 282 -114.0
38 283 -100.0
38 284 -106.0
38 285 -98.0
38 286 -96.0
38 287 -86.0
38 288 -108.0
38 289 -104.0
38 290 -96.0
38 291 -97.0
38 292 -91.0
38 293 -104.0
38 294 -98.0
38 295 -97.0
38 296 -104.0
38 297 -102.0
38 298 -102.0
38 299 -104.0
38 300 -111.0
38 301 -99.0
38 302 -96.0
38 303 -95.0
38 304 -106.0
38 305 -92.0
38 306 -99.0
38 307 -98.0
38 308 -105.0
38 309 -107.0
38 310 -109.0
38 311 -108.0
38 312 -104.0
38 313 -99.0
38 314 -101.0
38 315 -107.0
38 316 -109.0
38 317 -104.0
38 318 -96.0
38 319 -98.0
38 320 -99.0
39 40 -103.0
39 41 -99.0
39 42 -107.0
39 43 -101.0
39 44 -98.0
39 45 -105.0
39 46 -103.0
39 47 -95.0
39 48 -96.0
39 49 -97.0
39 50 -102.0
39 51 -100.0
39 52 -107.0
39 53 -101.0
39 54 -98.0
39 55 -96.0
39 56 -104.0
39 57 -91.0
39 58 -96.0
39 59 -96.0
39 60 -99.0
39 61 -106.0
39 62 -98.0
39 63 -89.0
39 64 -104.0
39 65 -105.0
39 66 -106.0
39 67 -105.0
39 68 -107.0
39 69 -102.0
39 70 -96.0
39 71 -97.0
39 72 -95.0
39 73 -92.0
39 74 -100.0
39 75 -104.0
39 76 -101.0
39 77 -101.0
39 78 -104.0
39 79 -106.0
39 80 -96.0
39 81 -96.0
39 82 -97.0
39 83 -101.0
39 84 -108.0
39 85 -92.0
39 86 -96.0
39 87 -96.0
39 88 -100.0
39 89 -101.0
39 90 -101.0
39 91 -101.0
39 92 -100.0
39 93 -104.0
39 94 -101.0
39 95 -99.0
39 96 -100.0
39 97 -98.0
39 98 -98.0
39 99 -99.0
39 100 -99.0
39 101 -93.0
39 102 -100.0
39 103 -98.0
39 104 -102.0
39 105 -92.0
39 106 -104.0
39 107 -104.0
39 108 -97.0
39 109 -93.0
39 110 -91.0
39 111 -102.0
39 112 -95.0
39 113 -100.0
39 114 -98.0
39 115 -98.0
39 116 -99.0
39 117 -104.0
39 118 -99.0
39 119 -101.0
39 120 -105.0
39 121 -94.0
39 122 -93.0
39 123 -101.0
39 124 -97.0
39 125 -105.0
39 126 -104.0
39 127 -90.0
39 128 -97.0
39 129 -101.0
39 130 -101.0
39 131 -105.0
39 132 -97.0
39 133 -97.0
39 134 -107.0
39 135 -106.0
39 136 -98.0
39 137 -102.0
39 138 -103.0
39 139 -107.0
39 140 -99.0
39 141 -103.0
39 142 -102.0
39 143 -94.0
39 144 -105.0
39 145 -98.0
39 146 -99.0
39 147 -97.0
39 148 -98.0
39 149 -101.0
39 150 -103.0
39 151 -101.0
39 152 -97.0
39 153 -103.0
39 154 -96.0
39 155 -101.0
39 156 -111.0
39 157 -107.0
39 158 -106.0
39 159 -98.0
39 160 -98.0
39 161 -100.0
39 162 -95.0
39 163 -93.0
39 164 -100.0
39 165 -97.0
39 166 -103.0
39 167 -107.0
39 168 -101.0
39 169 -102.0
39 170 -107.0
39 171 -98.0
39 172 -87.0
39 173 -91.0
39 174 -107.0
39 175 -100.0
39 176 -97.0
39 177 -98.0
39 178 -101.0
39 179 -97.0
39 180 -99.0
39 181 -111.0
39 182 -98.0
39 183 -101.0
39 184 -109.0
39 185 -94.0
39 186 -95.0
39 187 -98.0
39 188 -101.0
39 189 -98.0
39 190 -97.0
39 191 -103.0
39 192 -103.0
39 193 -109.0
39 194 -110.0
39 195 -95.0
39 196 -101.0
39 197 -99.0
39 198 -104.0
39 199 -101.0
39 200 -100.0
39 201 -111.0
39 202 -95.0
39 203 -87.0
39 204 -104.0
39 205 -108.0
39 206 -98.0
39 207 -97.0
39 208 -100.0
39 209 -90.0
39 210 -97.0
39 211 -99.0
39 212 -101.0
39 213 -97.0
39 214 -90.0
39 215 -102.0
39 216 -103.0
39 217 -99.0
39 218 -98.0
39 219 -96.0
39 220 -97.0
39 221 -94.0
39 222 -100.0
39 223 -98.0
39 224 -99.0
39 225 -94.0
39 226 -97.0
39 227 -100.0
39 228 -101.0
39 229 -105.0
39 230 -101.0
39 231 -105.0
39 232 -111.0
39 233 -99.0
39 234 -92.0
39 235 -99.0
39 236 -99.0
39 237 -93.0
39 238 -98.0
39 239 -101.0
39 240 -88.0
39 241 -106.0
39 242 -98.0
39 243 -102.0
39 244 -106.0
39 245 -94.0
39 246 -97.0
39 247 -100.0
39 248 -101.0
39 249 -96.0
39 250 -101.0
39 251 -95.0
39 252 -105.0
39 253 -94.0
39 254 -92.0
39 255 -100.0
39 256 -94.0
39 257 -104.0
39 258 -97.0
39 259 -100.0
39 260 -98.0
39 261 -106.0
39 262 -93.0
39 263 -108.0
39 264 -100.0
39 265 -96.0
39 266 -99.0
39 267 -107.0
39 268 -95.0
39 269 -107.0
39 270 -94.0
39 271 -106.0
39 272 -99.0
39 273 -105.0
39 274 -103.0
39 275 -92.0
39 276 -101.0
39 277 -102.0
39 278 -96.0
39 279 -102.0
39 280 -96.0
39 281 -99.0
39 282 -101.0
39 283 -103.0
39 284 -95.0
39 285 -99.0
39 286 -101.0
39 287 -102.0
39 288 -107.0
39 289 -98.0
39 290 -96.0
39 291 -104.0
39 292 -99.0
39 293 -88.0
39 294 -105.0
39 295 -96.0
39 296 -96.0
39 297 -97.0
39 298 -107.0
39 299 -99.0
39 300 -95.0
39 301 -104.0
39 302 -101.0
39 303 -100.0
39 304 -105.0
39 305 -102.0
39 306 -105.0
39 307 -103.0
39 308 -105.0
39 309 -106.0
39 310 -100.0
39 311 -92.0
39 312 -104.0
39 313 -105.0
39 314 -101.0
39 315 -108.0
39 316 -95.0
39 317 -100.0
39 318 -101.0
39 319 -94.0
39 320 -92.0
40 41 -104.0
40 42 -94.0
40 43 -89.0
40 44 -105.0
40 45 -102.0
40 46 -109.0
40 47 -107.0
40 48 -100.0
40 49 -87.0
40 50 -98.0
40 51 -98.0
40 52 -95.0
40 53 -94.0
40 54 -96.0
40 55 -101.0
40 56 -99.0
40 57 -89.0
40 58 -103.0
40 59 -99.0
40 60 -90.0
40 61 -102.0
40 62 -109.0
40 63 -94.0
40 64 -94.0
40 65 -90.0
40 66 -98.0
40 67 -105.0
40 68 -94.0
40 69 -100.0
40 70 -92.0
40 71 -104.0
40 72 -100.0
40 73 -106.0
40 74 -94.0
40 75 -99.0
40 76 -102.0
40 77 -94.0
40 78 -101.0
40 79 -104.0
40 80 -95.0
40 81 -93.0
40 82 -101.0
40 83 -100.0
40 84 -95.0
40 85 -103.0
40 86 -97.0
40 87 -100.0
40 88 -98.0
40 89 -113.0
40 90 -102.0
40 91 -101.0
40 92 -105.0
40 93 -91.0
40 94 -100.0
40 95 -103.0
40 96 -95.0
40 97 -99.0
40 98 -101.0
40 99 -102.0
40 100 -101.0
40 101 -104.0
40 102 -98.0
40 103 -106.0
40 104 -99.0
40 105 -97.0
40 106 -96.0
40 107 -96.0
40 108 -103.0
40 109 -89.0
40 110 -109.0
40 111 -100.0
40 112 -106.0
40 113 -106.0
40 114 -100.0
40 115 -97.0
40 116 -91.0
40 117 -101.0
40 118 -101.0
40 119 -103.0
40 120 -94.0
40 121 -98.0
40 122 -95.0
40 123 -94.0
40 124 -94.0
40 125 -104.0
40 126 -97.0
40 127 -101.0
40 128 -99.0
40 129 -103.0
40 130 -104.0
40 131 -97.0
40 132 -102.0
40 133 -92.0
40 134 -100.0
40 135 -97.0
40 136 -102.0
40 137 -96.0
40 138 -96.0
40 139 -91.0
40 140 -104.0
40 141 -107.0
40 142 -106.0
40 143 -103.0
40 144 -97.0
40 145 -97.0
40 146 -105.0
40 147 -108.0
40 148 -98.0
40 149 -100.0
40 150 -104.0
40 151 -104.0
40 152 -101.0
40 153 -106.0
40 154 -90.0
40 155 -97.0
40 156 -97.0
40 157 -101.0
40 158 -103.0
40 159 -99.0
40 160 -101.0
40 161 -98.0
40 162 -104.0
40 163 -99.0
40 164 -101.0
40 165 -104.0
40 166 -94.0
40 167 -98.0
40 168 -87.0
40 169 -95.0
40 170 -104.0
40 171 -95.0
40 172 -90.0
40 173 -99.0
40 174 -101.0
40 175 -97.0
40 176 -99.0
40 177 -92.0
40 178 -110.0
40 179 -99.0
40 180 -101.0
40 181 -89.0
40 182 -108.0
40 183 -98.0
40 184 -100.0
40 185 -94.0
40 186 -102.0
40 187 -96.0
40 188 -104.0
40 189 -93.0
40 190 -102.0
40 191 -102.0
40 192 -104.0
40 193 -96.0
40 194 -108.0
40 195 -84.0
40 196 -96.0
40 197 -106.0
40 198 -95.0
40 199 -105.0
40 200 -107.0
40 201 -92.0
40 202 -103.0
40 203 -98.0
40 204 -105.0
40 205 -104.0
40 206 -90.0
40 207 -104.0
40 208 -98.0
40 209 -98.0
40 210 -99.0
40 211 -94.0
40 212 -98.0
40 213 -104.0
40 214 -106.0
40 215 -102.0
40 216 -106.0
40 217 -101.0
40 218 -106.0
40 219 -85.0
40 220 -93.0
40 221 -102.0
40 222 -98.0
40 223 -96.0
40 224 -100.0
40 225 -92.0
40 226 -88.0
40 227 -105.0
40 228 -91.0
40 229 -98.0
40 230 -98.0
40 231 -101.0
40 232 -103.0
40 233 -92.0
40 234 -96.0
40 235 -98.0
40 236 -103.0
40 237 -99.0
40 238 -104.0
40 239 -91.0
40 240 -94.0
40 241 -92.0
40 242 -106.0
40 243 -104.0
40 244 -96.0
40 245 -97.0
40 246 -99.0
40 247 -100.0
40 248 -107.0
40 249 -106.0
40 250 -93.0
40 251 -100.0
40 252 -88.0
40 253 -100.0
40 254 -101.0
40 255 -96.0
40 256 -98.0
40 257 -93.0
40 258 -101.0
40 259 -102.0
40 260 -97.0
40 261 -98.0
40 262 -104.0
40 263 -94.0
40 264 -102.0
40 265 -105.0
40 266 -102.0
40 267 -109.0
40 268 -93.0
40 269 -100.0
40 270 -97.0
40 271 -104.0
40 272 -97.0
40 273 -97.0
40 274 -100.0
40 275 -99.0
40 276 -93.0
40 277 -99.0
40 278 -105.0
40 279 -96.0
40 280 -101.0
40 281 -98.0
40 282 -100.0
40 283 -89.0
40 284 -98.0
40 285 -103.0
40 286 -102.0
40 287 -106.0
40 288 -102.0
40 289 -99.0
40 290 -105.0
40 291 -104.0
40 292 -106.0
40 293 -99.0
40 294 -98.0
40 295 -96.0
40 296 -96.0
40 297 -91.0
40 298 -88.0
40 299 -92.0
40 300 -98.0
40 301 -104.0
40 302 -98.0
40 303 -99.0
40 304 -103.0
40 305 -99.0
40 306 -103.0
40 307 -98.0
40 308 -98.0
40 309 -96.0
40 310 -103.0
40 311 -104.0
40 312 -94.0
40 313 -97.0
40 314 -101.0
40 315 -102.0
40 316 -96.0
40 317 -99.0
40 318 -112.0
40 319 -98.0
40 320 -100.0
41 42 -97.0
41 43 -105.0
41 44 -95.0
41 45 -96.0
41 46 -103.0
41 47 -96.0
41 48 -102.0
41 49 -94.0
41 50 -99.0
41 51 -99.0
41 52 -102.0
41 53 -103.0
41 54 -99.0
41 55 -103.0
41 56 -105.0
41 57 -97.0
41 58 -97.0
41 59 -95.0
41 60 -111.0
41 61 -104.0
41 62 -90.0
41 63 -99.0
41 64 -100.0
41 65 -99.0
41 66 -95.0
41 67 -100.0
41 68 -105.0
41 69 -97.0
41 70 -105.0
41 71 -93.0
41 72 -108.0
41 73 -97.0
41 74 -93.0
41 75 -92.0
41 76 -98.0
41 77 -89.0
41 78 -112.0
41 79 -113.0
41 80 -109.0
41 81 -92.0
41 82 -95.0
41 83 -100.0
41 84 -101.0
41 85 -96.0
41 86 -95.0
41 87 -96.0
41 88 -91.0
41 89 -103.0
41 90 -102.0
41 91 -97.0
41 92 -104.0
41 93 -101.0
41 94 -99.0
41 95 -100.0
41 96 -96.0
41 97 -98.0
41 98 -97.0
41 99 -98.0
41 100 -106.0
41 101 -108.0
41 102 -105.0
41 103 -97.0
41 104 -101.0
41 105 -101.0
41 106 -93.0
41 107 -99.0
41 108 -95.0
41 109 -92.0
41 110 -103.0
41 111 -116.0
41 112 -99.0
41 113 -98.0
41 114 -100.0
41 115 -102.0
41 116 -97.0
41 117 -102.0
41 118 -98.0
41 119 -109.0
41 120 -104.0
41 121 -102.0
41 122 -96.0
41 123 -95.0
41 124 -99.0
41 125 -99.0
41 126 -98.0
41 127 -105.0
41 128 -102.0
41 129 -93.0
41 130 -104.0
41 131 -101.0
41 132 -98.0
41 133 -105.0
41 134 -98.0
41 135 -95.0
41 136 -107.0
41 137 -106.0
41 138 -103.0
41 139 -95.0
41 140 -88.0
41 141 -95.0
41 142 -100.0
41 143 -100.0
41 144 -100.0
41 145 -105.0
41 146 -91.0
41 147 -93.0
41 148 -100.0
41 149 -96.0
41 150 -100.0
41 151 -104.0
41 152 -102.0
41 153 -99.0
41 154 -99.0
41 155 -103.0
41 156 -99.0
41 157 -105.0
41 158 -99.0
41 159 -104.0
41 160 -109.0
41 161 -94.0
41 162 -98.0
41 163 -102.0
41 164 -99.0
41 165 -106.0
41 166 -106.0
41 167 -95.0
41 168 -98.0
41 169 -95.0
41 170 -103.0
41 171 -93.0
41 172 -105.0
41 173 -104.0
41 174 -101.0
41 175 -99.0
41 176 -102.0
41 177 -101.0
41 178 -104.0
41 179 -108.0
41 180 -97.0
41 181 -102.0
41 182 -101.0
41 183 -96.0
41 184 -100.0
41 185 -107.0
41 186 -100.0
41 187 -97.0
41 188 -102.0
41 189 -96.0
41 190 -97.0
41 191 -108.0
41 192 -96.0
41 193 -97.0
41 194 -102.0
41 195 -107.0
41 196 -100.0
41 197 -93.0
41 198 -99.0
41 199 -107.0
41 200 -99.0
41 201 -99.0
41 202 -87.0
41 203 -92.0
41 204 -99.0
41 205 -99.0
41 206 -100.0
41 207 -101.0
41 208 -102.0
41 209 -99.0
41 210 -104.0
41 211 -94.0
41 212 -98.0
41 213 -91.0
41 214 -90.0
41 215 -103.0
41 216 -98.0
41 217 -98.0
41 218 -106.0
41 219 -94.0
41 220 -97.0
41 221 -90.0
41 222 -99.0
41 223 -105.0
41 224 -107.0
41 225 -101.0
41 226 -109.0
41 227 -102.0
41 228 -100.0
41 229 -112.0
41 230 -101.0
41 231 -99.0
41 232 -102.0
41 233 -104.0
41 234 -103.0
41 235 -103.0
41 236 -105.0
41 237 -95.0
41 238 -95.0
41 239 -101.0
41 240 -104.0
41 241 -99.0
41 242 -109.0
41 243 -92.0
41 244 -95.0
41 245 -100.0
41 246 -99.0
41 247 -91.0
41 248 -97.0
41 249 -107.0
41 250 -100.0
41 251 -99.0
41 252 -96.0
41 253 -98.0
41 254 -105.0
41 255 -102.0
41 256 -103.0
41 257 -82.0
41 258 -95.0
41 259 -100.0
41 260 -104.0
41 261 -98.0
41 262 -96.0
41 263 -103.0
41 264 -104.0
41 265 -103.0
41 266 -103.0
41 267 -91.0
41 268 -96.0
41 269 -103.0
41 270 -97.0
41 271 -99.0
41 272 -107.0
41 273 -104.0
41 274 -99.0
41 275 -99.0
41 276 -106.0
41 277 -100.0
41 278 -98.0
41 279 -94.0
41 280 -93.0
41 281 -99.0
41 282 -100.0
41 283 -95.0
41 284 -103.0
41 285 -103.0
41 286 -100.0
41 287 -102.0
41 288 -99.0
41 289 -98.0
41 290 -105.0
41 291 -96.0
41 292 -97.0
41 293 -95.0
41 294 -97.0
41 295 -106.0
41 296 -106.0
41 297 -92.0
41 298 -106.0
41 299 -102.0
41 300 -102.0
41 301 -101.0
41 302 -101.0
41 303 -100.0
41 304 -93.0
41 305 -103.0
41 306 -101.0
41 307 -94.0
41 308 -96.0
41 309 -90.0
41 310 -96.0
41 311 -93.0
41 312 -90.0
41 313 -99.0
41 314 -95.0
41 315 -108.0
41 316 -106.0
41 317 -99.0
41 318 -102.0
41 319 -106.0
41 320 -109.0
42 43 -105.0
42 44 -98.0
42 45 -103.0
42 46 -102.0
42 47 -95.0
42 48 -102.0
42 49 -101.0
42 50 -100.0
42 51 -101.0
42 52 -108.0
42 53 -98.0
42 54 -98.0
42 55 -97.0
42 56 -92.0
42 57 -101.0
42 58 -97.0
42 59 -100.0
42 60 -109.0
42 61 -93.0
42 62 -92.0
42 63 -101.0
42 64 -97.0
42 65 -92.0
42 66 -102.0
42 67 -102.0
42 68 -98.0
42 69 -104.0
42 70 -105.0
42 71 -102.0
42 72 -99.0
42 73 -100.0
42 74 -98.0
42 75 -102.0
42 76 -102.0
42 77 -97.0
42 78 -98.0
42 79 -108.0
42 80 -94.0
42 81 -110.0
42 82 -108.0
42 83 -103.0
42 84 -97.0
42 85 -108.0
42 86 -101.0
42 87 -96.0
42 88 -101.0
42 89 -101.0
42 90 -103.0
42 91 -107.0
42 92 -97.0
42 93 -102.0
42 94 -102.0
42 95 -111.0
42 96 -100.0
42 97 -100.0
42 98 -105.0
42 99 -95.0
42 100 -96.0
42 101 -98.0
42 102 -101.0
42 103 -100.0
42 104 -104.0
42 105 -103.0
42 106 -103.0
42 107 -99.0
42 108 -89.0
42 109 -100.0
42 110 -94.0
42 111 -105.0
42 112 -98.0
42 113 -100.0
42 114 -113.0
42 115 -97.0
42 116 -102.0
42 117 -99.0
42 118 -102.0
42 119 -103.0
42 120 -105.0
42 121 -99.0
42 122 -94.0
42 123 -102.0
42 124 -107.0
42 125 -104.0
42 126 -102.0
42 127 -100.0
42 128 -97.0
42 129 -103.0
42 130 -105.0
42 131 -100.0
42 132 -102.0
42 133 -100.0
42 134 -103.0
42 135 -99.0
42 136 -99.0
42 137 -99.0
42 138 -98.0
42 139 -100.0
42 140 -102.0
42 141 -94.0
42 142 -105.0
42 143 -100.0
42 144 -104.0
42 145 -94.0
42 146 -100.0
42 147 -99.0
42 148 -107.0
42 149 -94.0
42 150 -107.0
42 151 -95.0
42 152 -110.0
42 153 -98.0
42 154 -93.0
42 155 -94.0
42 156 -101.0
42 157 -100.0
42 158 -107.0
42 159 -92.0
42 160 -94.0
42 161 -95.0
42 162 -95.0
42 163 -96.0
42 164 -104.0
42 165 -107.0
42 166 -92.0
42 167 -98.0
42 168 -103.0
42 169 -99.0
42 170 -97.0
42 171 -102.0
42 172 -89.0
42 173 -96.0
42 174 -100.0
42 175 -97.0
42 176 -93.0
42 177 -100.0
42 178 -96.0
42 179 -96.0
42 180 -94.0
42 181 -96.0
42 182 -96.0
42 183 -91.0
42 184 -103.0
42 185 -85.0
42 186 -104.0
42 187 -94.0
42 188 -90.0
42 189 -101.0
42 190 -95.0
42 191 -99.0
42 192 -101.0
42 193 -100.0
42 194 -97.0
42 195 -106.0
42 196 -105.0
42 197 -87.0
42 198 -101.0
42 199 -93.0
42 200 -92.0
42 201 -96.0
42 202 -92.0
42 203 -103.0
42 204 -100.0
42 205 -93.0
42 206 -108.0
42 207 -95.0
42 208 -101.0
42 209 -87.0
42 210 -106.0
42 211 -102.0
42 212 -98.0
42 213 -111.0
42 214 -96.0
42 215 -101.0
42 216 -106.0
42 217 -95.0
42 218 -103.0
42 219 -106.0
42 220 -95.0
42 221 -99.0
42 222 -104.0
42 223 -101.0
42 224 -97.0
42 225 -98.0
42 226 -93.0
42 227 -98.0
42 228 -104.0
42 229 -93.0
42 230 -100.0
42 231 -100.0
42 232 -96.0
42 233 -90.0
42 234 -96.0
42 235 -104.0
42 236 -101.0
42 237 -96.0
42 238 -107.0
42 239 -99.0
42 240 -103.0
42 241 -98.0
42 242 -95.0
42 243 -98.0
42 244 -97.0
42 245 -93.0
42 246 -99.0
42 247 -112.0
42 248 -109.0
42 249 -100.0
42 250 -96.0
42 251 -107.0
42 252 -99.0
42 253 -97.0
42 254 -95.0
42 255 -108.0
42 256 -94.0
42 257 -106.0
42 258 -101.0
42 259 -97.0
42 260 -90.0
42 261 -88.0
42 262 -97.0
42 263 -93.0
42 264 -99.0
42 265 -108.0
42 266 -103.0
42 267 -97.0
42 268 -103.0
42 269 -94.0
42 270 -103.0
42 271 -93.0
42 272 -105.0
42 273 -96.0
42 274 -92.0
42 275 -98.0
42 276 -102.0
42 277 -100.0
42 278 -93.0
42 279 -101.0
42 280 -90.0
42 281 -97.0
42 282 -98.0
42 283 -102.0
42 284 -102.0
42 285 -99.0
42 286 -101.0
42 287 -104.0
42 288 -97.0
42 289 -106.0
42 290 -99.0
42 291 -112.0
42 292 -102.0
42 293 -97.0
42 294 -104.0
42 295 -93.0
42 296 -97.0
42 297 -109.0
42 298 -101.0
42 299 -98.0
42 300 -101.0
42 301 -97.0
42 302 -106.0
42 303 -107.0
42 304 -105.0
42 305 -103.0
42 306 -94.0
42 307 -93.0
42 308 -93.0
42 309 -95.0
42 310 -104.0
42 311 -98.0
42 312 -103.0
42 313 -107.0
42 314 -100.0
42 315 -100.0
42 316 -99.0
42 317 -99.0
42 318 -103.0
42 319 -104.0
42 320 -102.0
43 44 -103.0
43 45 -91.0
43 46 -97.0
43 47 -103.0
43 48 -100.0
43 49 -110.0
43 50 -99.0
43 51 -98.0
43 52 -102.0
43 53 -100.0
43 54 -100.0
43 55 -98.0
43 56 -100.0
43 57 -107.0
43 58 -105.0
43 59 -99.0
43 60 -106.0
43 61 -99.0
43 62 -93.0
43 63 -94.0
43 64 -95.0
43 65 -95.0
43 66 -97.0
43 67 -99.0
43 68 -102.0
43 69 -105.0
43 70 -96.0
43 71 -92.0
43 72 -101.0
43 73 -98.0
43 74 -96.0
43 75 -102.0
43 76 -108.0
43 77 -95.0
43 78 -97.0
43 79 -101.0
43 80 -97.0
43 81 -106.0
43 82 -101.0
43 83 -105.0
43 84 -95.0
43 85 -104.0
43 86 -97.0
43 87 -94.0
43 88 -105.0
43 89 -97.0
43 90 -98.0
43 91 -101.0
43 92 -91.0
43 93 -97.0
43 94 -103.0
43 95 -114.0
43 96 -103.0
43 97 -97.0
43 98 -100.0
43 99 -107.0
43 100 -96.0
43 101 -108.0
43 102 -97.0
43 103 -98.0
43 104 -96.0
43 105 -110.0
43 106 -101.0
43 107 -98.0
43 108 -95.0
43 109 -98.0
43 110 -102.0
43 111 -96.0
43 112 -105.0
43 113 -95.0
43 114 -104.0
43 115 -102.0
43 116 -102.0
43 117 -102.0
43 118 -91.0
43 119 -97.0
43 120 -99.0
43 121 -97.0
43 122 -99.0
43 123 -100.0
43 124 -100.0
43 125 -109.0
43 126 -93.0
43 127 -95.0
43 128 -102.0
43 129 -96.0
43 130 -107.0
43 131 -97.0
43 132 -94.0
43 133 -100.0
43 134 -100.0
43 135 -104.0
43 136 -97.0
43 137 -98.0
43 138 -96.0
43 139 -108.0
43 140 -98.0
43 141 -110.0
43 142 -100.0
43 143 -102.0
43 144 -98.0
43 145 -101.0
43 146 -105.0
43 147 -103.0
43 148 -107.0
43 149 -103.0
43 150 -107.0
43 151 -100.0
43 152 -104.0
43 153 -99.0
43 154 -92.0
43 155 -94.0
43 156 -95.0
43 157 -98.0
43 158 -103.0
43 159 -102.0
43 160 -100.0
43 161 -105.0
43 162 -95.0
43 163 -99.0
43 164 -102.0
43 165 -93.0
43 166 -109.0
43 167 -87.0
43 168 -105.0
43 169 -100.0
43 170 -94.0
43 171 -99.0
43 172 -99.0
43 173 -98.0
43 174 -98.0
43 175 -96.0
43 176 -108.0
43 177 -96.0
43 178 -102.0
43 179 -101.0
43 180 -94.0
43 181 -109.0
43 182 -99.0
43 183 -104.0
43 184 -107.0
43 185 -95.0
43 186 -107.0
43 187 -96.0
43 188 -103.0
43 189 -92.0
43 190 -98.0
43 191 -104.0
43 192 -100.0
43 193 -101.0
43 194 -95.0
43 195 -105.0
43 196 -101.0
43 197 -106.0
43 198 -109.0
43 199 -96.0
43 200 -98.0
43 201 -110.0
43 202 -101.0
43 203 -93.0
43 204 -100.0
43 205 -99.0
43 206 -93.0
43 207 -103.0
43 208 -98.0
43 209 -102.0
43 210 -96.0
43 211 -99.0
43 212 -99.0
43 213 -105.0
43 214 -94.0
43 215 -99.0
43 216 -106.0
43 217 -98.0
43 218 -98.0
43 219 -98.0
43 220 -106.0
43 221 -106.0
43 222 -101.0
43 223 -100.0
43 224 -99.0
43 225 -111.0
43 226 -101.0
43 227 -99.0
43 228 -96.0
43 229 -97.0
43 230 -100.0
43 231 -100.0
43 232 -102.0
43 233 -102.0
43 234 -96.0
43 235 -93.0
43 236 -101.0
43 237 -105.0
43 238 -99.0
43 239 -106.0
43 240 -101.0
43 241 -105.0
43 242 -102.0
43 243 -107.0
43 244 -101.0
43 245 -103.0
43 246 -97.0
43 247 -100.0
43 248 -104.0
43 249 -103.0
43 250 -103.0
43 251 -97.0
43 252 -93.0
43 253 -103.0
43 254 -96.0
43 255 -99.0
43 256 -92.0
43 257 -103.0
43 258 -102.0
43 259 -99.0
43 260 -97.0
43 261 -98.0
43 262 -110.0
43 263 -104.0
43 264 -93.0
43 265 -101.0
43 266 -100.0
43 267 -101.0
43 268 -105.0
43 269 -95.0
43 270 -101.0
43 271 -96.0
43 272 -96.0
43 273 -106.0
43 274 -102.0
43 275 -94.0
43 276 -89.0
43 277 -97.0
43 278 -103.0
43 279 -101.0
43 280 -100.0
43 281 -96.0
43 282 -102.0
43 283 -102.0
43 284 -93.0
43 285 -95.0
43 286 -99.0
43 287 -104.0
43 288 -93.0
43 289 -100.0
43 290 -104.0
43 291 -104.0
43 292 -97.0
43 293 -97.0
43 294 -102.0
43 295 -99.0
43 296 -108.0
43 297 -102.0
43 298 -89.0
43 299 -97.0
43 300 -104.0
43 301 -101.0
43 302 -98.0
43 303 -104.0
43 304 -92.0
43 305 -101.0
43 306 -101.0
43 307 -106.0
43 308 -104.0
43 309 -101.0
43 310 -90.0
43 311 -96.0
43 312 -107.0
43 313 -100.0
43 314 -97.0
43 315 -100.0
43 316 -98.0
43 317 -96.0
43 318 -99.0
43 319 -108.0
43 320 -101.0
44 45 -94.0
44 46 -97.0
44 47 -93.0
44 48 -95.0
44 49 -112.0
44 50 -97.0
44 51 -105.0
44 52 -100.0
44 53 -92.0
44 54 -101.0
44 55 -109.0
44 56 -95.0
44 57 -97.0
44 58 -101.0
44 59 -107.0
44 60 -101.0
44 61 -102.0
44 62 -101.0
44 63 -95.0
44 64 -98.0
44 65 -100.0
44 66 -100.0
44 67 -101.0
44 68 -96.0
44 69 -100.0
44 70 -105.0
44 71 -95.0
44 72 -94.0
44 73 -108.0
44 74 -96.0
44 75 -100.0
44 76 -101.0
44 77 -98.0
44 78 -99.0
44 79 -98.0
44 80 -95.0
44 81 -104.0
44 82 -97.0
44 83 -99.0
44 84 -101.0
44 85 -100.0
44 86 -102.0
44 87 -112.0
44 88 -100.0
44 89 -101.0
44 90 -98.0
44 91 -105.0
44 92 -98.0
44 93 -96.0
44 94 -104.0
44 95 -97.0
44 96 -93.0
44 97 -90.0
44 98 -105.0
44 99 -98.0
44 100 -92.0
44 101 -102.0
44 102 -104.0
44 103 -97.0
44 104 -102.0
44 105 -105.0
44 106 -103.0
44 107 -102.0
44 108 -92.0
44 109 -95.0
44 110 -94.0
44 111 -97.0
44 112 -106.0
44 113 -106.0
44 114 -99.0
44 115 -98.0
44 116 -96.0
44 117 -94.0
44 118 -102.0
44 119 -101.0
44 120 -102.0
44 121 -104.0
44 122 -94.0
44 123 -95.0
44 124 -96.0
44 125 -105.0
44 126 -101.0
44 127 -95.0
44 128 -100.0
44 129 -105.0
44 130 -102.0
44 131 -97.0
44 132 -106.0
44 133 -100.0
44 134 -95.0
44 135 -97.0
44 136 -98.0
44 137 -96.0
44 138 -107.0
44 139 -103.0
44 140 -99.0
44 141 -97.0
44 142 -103.0
44 143 -100.0
44 144 -105.0
44 145 -95.0
44 146 -97.0
44 147 -95.0
44 148 -102.0
44 149 -99.0
44 150 -100.0
44 151 -95.0
44 152 -97.0
44 153 -99.0
44 154 -103.0
44 155 -93.0
44 156 -109.0
44 157 -103.0
44 158 -99.0
44 159 -94.0
44 160 -99.0
44 161 -96.0
44 162 -98.0
44 163 -99.0
44 164 -91.0
44 165 -95.0
44 166 -103.0
44 167 -102.0
44 168 -100.0
44 169 -101.0
44 170 -104.0
44 171 -99.0
44 172 -100.0
44 173 -93.0
44 174 -105.0
44 175 -105.0
44 176 -96.0
44 177 -91.0
44 178 -103.0
44 179 -91.0
44 180 -99.0
44 181 -100.0
44 182 -95.0
44 183 -92.0
44 184 -94.0
44 185 -109.0
44 186 -103.0
44 187 -96.0
44 188 -96.0
44 189 -97.0
44 190 -99.0
44 191 -102.0
44 192 -98.0
44 193 -98.0
44 194 -92.0
44 195 -106.0
44 196 -97.0
44 197 -105.0
44 198 -111.0
44 199 -97.0
44 200 -104.0
44 201 -101.0
44 202 -91.0
44 203 -101.0
44 204 -97.0
44 205 -101.0
44 206 -98.0
44 207 -97.0
44 208 -96.0
44 209 -105.0
44 210 -97.0
44 211 -103.0
44 212 -96.0
44 213 -92.0
44 214 -104.0
44 215 -102.0
44 216 -103.0
44 217 -105.0
44 218 -97.0
44 219 -89.0
44 220 -102.0
44 221 -109.0
44 222 -106.0
44 223 -103.0
44 224 -103.0
44 225 -104.0
44 226 -100.0
44 227 -92.0
44 228 -98.0
44 229 -100.0
44 230 -95.0
44 231 -102.0
44 232 -98.0
44 233 -94.0
44 234 -100.0
44 235 -92.0
44 236 -94.0
44 237 -110.0
44 238 -101.0
44 239 -86.0
44 240 -91.0
44 241 -101.0
44 242 -96.0
44 243 -112.0
44 244 -103.0
44 245 -103.0
44 246 -102.0
44 247 -95.0
44 248 -101.0
44 249 -102.0
44 250 -94.0
44 251 -98.0
44 252 -98.0
44 253 -97.0
44 254 -92.0
44 255 -103.0
44 256 -99.0
44 257 -89.0
44 258 -100.0
44 259 -109.0
44 260 -102.0
44 261 -97.0
44 262 -102.0
44 263 -103.0
44 264 -98.0
44 265 -99.0
44 266 -106.0
44 267 -96.0
44 268 -97.0
44 269 -100.0
44 270 -100.0
44 271 -106.0
44 272 -91.0
44 273 -93.0
44 274 -91.0
44 275 -99.0
44 276 -102.0
44 277 -96.0
44 278 -96.0
44 279 -104.0
44 280 -97.0
44 281 -95.0
44 282 -103.0
44 283 -99.0
44 284 -99.0
44 285 -97.0
44 286 -95.0
44 287 -100.0
44 288 -92.0
44 289 -98.0
44 290 -97.0
44 291 -108.0
44 292 -99.0
44 293 -109.0
44 294 -102.0
44 295 -101.0
44 296 -104.0
44 297 -96.0
44 298 -104.0
44 299 -102.0
44 300 -97.0
44 301 -103.0
44 302 -112.0
44 303 -106.0
44 304 -107.0
44 305 -99.0
44 306 -102.0
44 307 -102.0
44 308 -105.0
44 309 -97.0
44 310 -92.0
44 311 -89.0
44 312 -99.0
44 313 -100.0
44 314 -92.0
44 315 -97.0
44 316 -102.0
44 317 -91.0
44 318 -106.0
44 319 -97.0
44 320 -99.0
45 46 -107.0
45 47 -102.0
45 48 -95.0
45 49 -107.0
45 50 -98.0
45 51 -90.0
45 52 -106.0
45 53 -105.0
45 54 -99.0
45 55 -100.0
45 56 -102.0
45 57 -93.0
45 58 -101.0
45 59 -105.0
45 60 -93.0
45 61 -97.0
45 62 -99.0
45 63 -102.0
45 64 -102.0
45 65 -100.0
45 66 -98.0
45 67 -107.0
45 68 -105.0
45 69 -96.0
45 70 -100.0
45 71 -104.0
45 72 -107.0
45 73 -97.0
45 74 -100.0
45 75 -90.0
45 76 -95.0
45 77 -97.0
45 78 -97.0
45 79 -100.0
45 80 -99.0
45 81 -95.0
45 82 -97.0
45 83 -100.0
45 84 -99.0
45 85 -92.0
45 86 -100.0
45 87 -105.0
45 88 -102.0
45 89 -100.0
45 90 -105.0
45 91 -107.0
45 92 -101.0
45 93 -97.0
45 94 -103.0
45 95 -111.0
45 96 -103.0
45 97 -105.0
45 98 -96.0
45 99 -99.0
45 100 -100.0
45 101 -100.0
45 102 -90.0
45 103 -101.0
45 104 -93.0
45 105 -93.0
45 106 -96.0
45 107 -106.0
45 108 -97.0
45 109 -98.0
45 110 -92.0
45 111 -102.0
45 112 -97.0
45 113 -97.0
45 114 -95.0
45 115 -97.0
45 116 -97.0
45 117 -98.0
45 118 -102.0
45 119 -98.0
45 120 -102.0
45 121 -91.0
45 122 -97.0
45 123 -98.0
45 124 -97.0
45 125 -97.0
45 126 -96.0
45 127 -97.0
45 128 -97.0
45 129 -98.0
45 130 -99.0
45 131 -98.0
45 132 -100.0
45 133 -92.0
45 134 -99.0
45 135 -85.0
45 136 -94.0
45 137 -99.0
45 138 -102.0
45 139 -96.0
45 140 -99.0
45 141 -95.0
45 142 -101.0
45 143 -105.0
45 144 -102.0
45 145 -93.0
45 146 -100.0
45 147 -93.0
45 148 -103.0
45 149 -99.0
45 150 -99.0
45 151 -104.0
45 152 -98.0
45 153 -95.0
45 154 -95.0
45 155 -93.0
45 156 -103.0
45 157 -95.0
45 158 -96.0
45 159 -98.0
45 160 -91.0
45 161 -102.0
45 162 -100.0
45 163 -100.0
45 164 -101.0
45 165 -102.0
45 166 -93.0
45 167 -102.0
45 168 -99.0
45 169 -89.0
45 170 -104.0
45 171 -89.0
45 172 -101.0
45 173 -97.0
45 174 -96.0
45 175 -104.0
45 176 -102.0
45 177 -95.0
45 178 -106.0
45 179 -103.0
45 180 -107.0
45 181 -101.0
45 182 -97.0
45 183 -106.0
45 184 -95.0
45 185 -100.0
45 186 -92.0
45 187 -94.0
45 188 -92.0
45 189 -97.0
45 190 -100.0
45 191 -105.0
45 192 -95.0
45 193 -94.0
45 194 -101.0
45 195 -97.0
45 196 -103.0
45 197 -100.0
45 198 -101.0
45 199 -96.0
45 200 -104.0
45 201 -102.0
45 202 -90.0
45 203 -101.0
45 204 -99.0
45 205 -102.0
45 206 -93.0
45 207 -94.0
45 208 -87.0
45 209 -91.0
45 210 -98.0
45 211 -98.0
45 212 -108.0
45 213 -94.0
45 214 -96.0
45 215 -99.0
45 216 -98.0
45 217 -104.0
45 218 -100.0
45 219 -96.0
45 220 -94.0
45 221 -98.0
45 222 -94.0
45 223 -101.0
45 224 -104.0
45 225 -102.0
45 226 -99.0
45 227 -103.0
45 228 -107.0
45 229 -105.0
45 230 -107.0
45 231 -99.0
45 232 -107.0
45 233 -100.0
45 234 -100.0
45 235 -98.0
45 236 -106.0
45 237 -100.0
45 238 -106.0
45 239 -108.0
45 240 -92.0
45 241 -100.0
45 242 -99.0
45 243 -99.0
45 244 -100.0
45 245 -88.0
45 246 -93.0
45 247 -98.0
45 248 -89.0
45 249 -102.0
45 250 -96.0
45 251 -100.0
45 252 -92.0
45 253 -107.0
45 254 -99.0
45 255 -96.0
45 256 -103.0
45 257 -92.0
45 258 -95.0
45 259 -104.0
45 260 -105.0
45 261 -96.0
45 262 -95.0
45 263 -99.0
45 264 -91.0
45 265 -96.0
45 266 -95.0
45 267 -100.0
45 268 -105.0
45 269 -100.0
45 270 -95.0
45 271 -99.0
45 272 -97.0
45 273 -99.0
45 274 -92.0
45 275 -103.0
45 276 -102.0
45 277 -95.0
45 278 -92.0
45 279 -96.0
45 280 -100.0
45 281 -101.0
45 282 -94.0
45 283 -105.0
45 284 -105.0
45 285 -100.0
45 286 -98.0
45 287 -96.0
45 288 -104.0
45 289 -93.0
45 290 -105.0
45 291 -102.0
45 292 -100.0
45 293 -99.0
45 294 -104.0
45 295 -102.0
45 296 -102.0
45 297 -99.0
45 298 -100.0
45 299 -101.0
45 300 -109.0
45 301 -96.0
45 302 -107.0
45 303 -108.0
45 304 -99.0
45 305 -97.0
45 306 -106.0
45 307 -103.0
45 308 -90.0
45 309 -106.0
45 310 -98.0
45 311 -101.0
45 312 -93.0
45 313 -104.0
45 314 -99.0
45 315 -98.0
45 316 -96.0
45 317 -100.0
45 318 -88.0
45 319 -91.0
45 320 -101.0
46 47 -105.0
46 48 -104.0
46 49 -101.0
46 50 -99.0
46 51 -92.0
46 52 -93.0
46 53 -96.0
46 54 -96.0
46 55 -101.0
46 56 -102.0
46 57 -103.0
46 58 -100.0
46 59 -100.0
46 60 -97.0
46 61 -99.0
46 62 -103.0
46 63 -102.0
46 64 -87.0
46 65 -93.0
46 66 -96.0
46 67 -101.0
46 68 -102.0
46 69 -104.0
46 70 -101.0
46 71 -101.0
46 72 -100.0
46 73 -102.0
46 74 -103.0
46 75 -96.0
46 76 -95.0
46 77 -107.0
46 78 -105.0
46 79 -101.0
46 80 -103.0
46 81 -96.0
46 82 -100.0
46 83 -94.0
46 84 -99.0
46 85 -97.0
46 86 -106.0
46 87 -114.0
46 88 -103.0
46 89 -103.0
46 90 -110.0
46 91 -105.0
46 92 -99.0
46 93 -98.0
46 94 -101.0
46 95 -91.0
46 96 -106.0
46 97 -96.0
46 98 -98.0
46 99 -106.0
46 100 -100.0
46 101 -101.0
46 102 -102.0
46 103 -101.0
46 104 -106.0
46 105 -96.0
46 106 -106.0
46 107 -104.0
46 108 -106.0
46 109 -100.0
46 110 -90.0
46 111 -99.0
46 112 -92.0
46 113 -103.0
46 114 -99.0
46 115 -95.0
46 116 -95.0
46 117 -108.0
46 118 -102.0
46 119 -90.0
46 120 -107.0
46 121 -98.0
46 122 -106.0
46 123 -105.0
46 124 -96.0
46 125 -114.0
46 126 -100.0
46 127 -96.0
46 128 -101.0
46 129 -92.0
46 130 -105.0
46 131 -102.0
46 132 -99.0
46 133 -96.0
46 134 -102.0
46 135 -99.0
46 136 -99.0
46 137 -98.0
46 138 -97.0
46 139 -104.0
46 140 -97.0
46 141 -98.0
46 142 -99.0
46 143 -103.0
46 144 -94.0
46 145 -94.0
46 146 -99.0
46 147 -103.0
46 148 -99.0
46 149 -100.0
46 150 -101.0
46 151 -104.0
46 152 -103.0
46 153 -101.0
46 154 -93.0
46 155 -106.0
46 156 -96.0
46 157 -100.0
46 158 -99.0
46 159 -101.0
46 160 -105.0
46 161 -99.0
46 162 -99.0
46 163 -106.0
46 164 -92.0
46 165 -101.0
46 166 -98.0
46 167 -104.0
46 168 -94.0
46 169 -98.0
46 170 -97.0
46 171 -90.0
46 172 -98.0
46 173 -104.0
46 174 -95.0
46 175 -108.0
46 176 -103.0
46 177 -98.0
46 178 -100.0
46 179 -101.0
46 180 -87.0
46 181 -98.0
46 182 -106.0
46 183 -102.0
46 184 -95.0
46 185 -106.0
46 186 -103.0
46 187 -104.0
46 188 -100.0
46 189 -107.0
46 190 -95.0
46 191 -94.0
46 192 -94.0
46 193 -98.0
46 194 -100.0
46 195 -107.0
46 196 -102.0
46 197 -102.0
46 198 -102.0
46 199 -98.0
46 200 -98.0
46 201 -94.0
46 202 -100.0
46 203 -99.0
46 204 -100.0
46 205 -100.0
46 206 -104.0
46 207 -100.0
46 208 -93.0
46 209 -102.0
46 210 -95.0
46 211 -98.0
46 212 -104.0
46 213 -99.0
46 214 -97.0
46 215 -99.0
46 216 -96.0
46 217 -98.0
46 218 -95.0
46 219 -94.0
46 220 -99.0
46 221 -95.0
46 222 -97.0
46 223 -104.0
46 224 -106.0
46 225 -93.0
46 226 -92.0
46 227 -96.0
46 228 -94.0
46 229 -99.0
46 230 -92.0
46 231 -88.0
46 232 -96.0
46 233 -106.0
46 234 -104.0
46 235 -97.0
46 236 -97.0
46 237 -92.0
46 238 -101.0
46 239 -92.0
46 240 -101.0
46 241 -101.0
46 242 -95.0
46 243 -110.0
46 244 -105.0
46 245 -99.0
46 246 -95.0
46 247 -96.0
46 248 -92.0
46 249 -98.0
46 250 -100.0
46 251 -101.0
46 252 -97.0
46 253 -104.0
46 254 -105.0
46 255 -104.0
46 256 -92.0
46 257 -94.0
46 258 -103.0
46 259 -106.0
46 260 -97.0
46 261 -100.0
46 262 -98.0
46 263 -94.0
46 264 -109.0
46 265 -107.0
46 266 -101.0
46 267 -100.0
46 268 -102.0
46 269 -98.0
46 270 -99.0
46 271 -101.0
46 272 -102.0
46 273 -97.0
46 274 -94.0
46 275 -90.0
46 276 -106.0
46 277 -103.0
46 278 -95.0
46 279 -102.0
46 280 -94.0
46 281 -94.0
46 282 -101.0
46 283 -105.0
46 284 -104.0
46 285 -91.0
46 286 -103.0
46 287 -101.0
46 288 -100.0
46 289 -100.0
46 290 -101.0
46 291 -86.0
46 292 -94.0
46 293 -98.0
46 294 -95.0
46 295 -110.0
46 296 -103.0
46 297 -102.0
46 298 -97.0
46 299 -99.0
46 300 -104.0
46 301 -104.0
46 302 -92.0
46 303 -104.0
46 304 -96.0
46 305 -102.0
46 306 -102.0
46 307 -100.0
46 308 -94.0
46 309 -91.0
46 310 -98.0
46 311 -104.0
46 312 -91.0
46 313 -93.0
46 314 -108.0
46 315 -106.0
46 316 -101.0
46 317 -98.0
46 318 -97.0
46 319 -98.0
46 320 -110.0
47 48 -91.0
47 49 -111.0
47 50 -100.0
47 51 -101.0
47 52 -91.0
47 53 -96.0
47 54 -100.0
47 55 -97.0
47 56 -102.0
47 57 -100.0
47 58 -102.0
47 59 -99.0
47 60 -95.0
47 61 -106.0
47 62 -98.0
47 63 -102.0
47 64 -94.0
47 65 -92.0
47 66 -95.0
47 67 -97.0
47 68 -94.0
47 69 -90.0
47 70 -100.0
47 71 -103.0
47 72 -97.0
47 73 -101.0
47 74 -95.0
47 75 -103.0
47 76 -104.0
47 77 -98.0
47 78 -101.0
47 79 -98.0
47 80 -108.0
47 81 -101.0
47 82 -105.0
47 83 -95.0
47 84 -90.0
47 85 -98.0
47 86 -95.0
47 87 -99.0
47 88 -101.0
47 89 -100.0
47 90 -101.0
47 91 -97.0
47 92 -96.0
47 93 -99.0
47 94 -105.0
47 95 -101.0
47 96 -98.0
47 97 -99.0
47 98 -91.0
47 99 -103.0
47 100 -91.0
47 101 -101.0
47 102 -95.0
47 103 -94.0
47 104 -92.0
47 105 -107.0
47 106 -96.0
47 107 -97.0
47 108 -103.0
47 109 -96.0
47 110 -106.0
47 111 -99.0
47 112 -90.0
47 113 -92.0
47 114 -97.0
47 115 -106.0
47 116 -100.0
47 117 -107.0
47 118 -102.0
47 119 -108.0
47 120 -99.0
47 121 -105.0
47 122 -103.0
47 123 -96.0
47 124 -96.0
47 125 -102.0
47 126 -101.0
47 127 -95.0
47 128 -98.0
47 129 -99.0
47 130 -106.0
47 131 -98.0
47 132 -93.0
47 133 -94.0
47 134 -106.0
47 135 -90.0
47 136 -98.0
47 137 -94.0
47 138 -94.0
47 139 -102.0
47 140 -101.0
47 141 -105.0
47 142 -102.0
47 143 -102.0
47 144 -97.0
47 145 -94.0
47 146 -100.0
47 147 -96.0
47 148 -97.0
47 149 -100.0
47 150 -98.0
47 151 -100.0
47 152 -103.0
47 153 -101.0
47 154 -92.0
47 155 -96.0
47 156 -94.0
47 157 -101.0
47 158 -102.0
47 159 -99.0
47 160 -103.0
47 161 -104.0
47 162 -100.0
47 163 -99.0
47 164 -101.0
47 165 -95.0
47 166 -93.0
47 167 -106.0
47 168 -107.0
47 169 -104.0
47 170 -100.0
47 171 -101.0
47 172 -94.0
47 173 -103.0
47 174 -105.0
47 175 -96.0
47 176 -94.0
47 177 -102.0
47 178 -96.0
47 179 -106.0
47 180 -102.0
47 181 -108.0
47 182 -100.0
47 183 -94.0
47 184 -103.0
47 185 -102.0
47 186 -98.0
47 187 -101.0
47 188 -100.0
47 189 -101.0
47 190 -100.0
47 191 -97.0
47 192 -104.0
47 193 -107.0
47 194 -98.0
47 195 -100.0
47 196 -98.0
47 197 -100.0
47 198 -99.0
47 199 -103.0
47 200 -111.0
47 201 -95.0
47 202 -115.0
47 203 -95.0
47 204 -103.0
47 205 -95.0
47 206 -100.0
47 207 -100.0
47 208 -102.0
47 209 -100.0
47 210 -99.0
47 211 -96.0
47 212 -101.0
47 213 -105.0
47 214 -102.0
47 215 -100.0
47 216 -94.0
47 217 -92.0
47 218 -89.0
47 219 -98.0
47 220 -103.0
47 221 -93.0
47 222 -97.0
47 223 -97.0
47 224 -101.0
47 225 -101.0
47 226 -99.0
47 227 -103.0
47 228 -100.0
47 229 -100.0
47 230 -96.0
47 231 -100.0
47 232 -106.0
47 233 -107.0
47 234 -103.0
47 235 -101.0
47 236 -113.0
47 237 -104.0
47 238 -91.0
47 239 -99.0
47 240 -95.0
47 241 -95.0
47 242 -108.0
47 243 -96.0
47 244 -90.0
47 245 -99.0
47 246 -100.0
47 247 -104.0
47 248 -101.0
47 249 -102.0
47 250 -96.0
47 251 -96.0
47 252 -92.0
47 253 -94.0
47 254 -98.0
47 255 -97.0
47 256 -100.0
47 257 -106.0
47 258 -108.0
47 259 -100.0
47 260 -93.0
47 261 -101.0
47 262 -93.0
47 263 -102.0
47 264 -98.0
47 265 -98.0
47 266 -105.0
47 267 -101.0
47 268 -98.0
47 269 -98.0
47 270 -102.0
47 271 -96.0
47 272 -95.0
47 273 -104.0
47 274 -97.0
47 275 -99.0
47 276 -101.0
47 277 -100.0
47 278 -96.0
47 279 -95.0
47 280 -95.0
47 281 -98.0
47 282 -95.0
47 283 -101.0
47 284 -99.0
47 285 -95.0
47 286 -100.0
47 287 -97.0
47 288 -101.0
47 289 -96.0
47 290 -91.0
47 291 -102.0
47 292 -102.0
47 293 -102.0
47 294 -107.0
47 295 -85.0
47 296 -103.0
47 297 -103.0
47 298 -101.0
47 299 -91.0
47 300 -95.0
47 301 -100.0
47 302 -102.0
47 303 -97.0
47 304 -106.0
47 305 -91.0
47 306 -102.0
47 307 -108.0
47 308 -102.0
47 309 -97.0
47 310 -88.0
47 311 -99.0
47 312 -97.0
47 313 -88.0
47 314 -108.0
47 315 -101.0
47 316 -106.0
47 317 -90.0
47 318 -95.0
47 319 -95.0
47 320 -97.0
48 49 -101.0
48 50 -94.0
48 51 -87.0
48 52 -103.0
48 53 -101.0
48 54 -99.0
48 55 -92.0
48 56 -84.0
48 57 -99.0
48 58 -101.0
48 59 -109.0
48 60 -102.0
48 61 -96.0
48 62 -94.0
48 63 -94.0
48 64 -103.0
48 65 -98.0
48 66 -105.0
48 67 -94.0
48 68 -100.0
48 69 -94.0
48 70 -91.0
48 71 -94.0
48 72 -104.0
48 73 -107.0
48 74 -100.0
48 75 -98.0
48 76 -102.0
48 77 -100.0
48 78 -87.0
48 79 -110.0
48 80 -108.0
48 81 -101.0
48 82 -102.0
48 83 -98.0
48 84 -92.0
48 85 -100.0
48 86 -100.0
48 87 -97.0
48 88 -97.0
48 89 -102.0
48 90 -94.0
48 91 -109.0
48 92 -103.0
48 93 -102.0
48 94 -94.0
48 95 -89.0
48 96 -96.0
48 97 -93.0
48 98 -98.0
48 99 -95.0
48 100 -101.0
48 101 -99.0
48 102 -100.0
48 103 -100.0
48 104 -103.0
48 105 -98.0
48 106 -100.0
48 107 -99.0
48 108 -96.0
48 109 -98.0
48 110 -101.0
48 111 -105.0
48 112 -100.0
48 113 -102.0
48 114 -90.0
48 115 -101.0
48 116 -94.0
48 117 -101.0
48 118 -102.0
48 119 -105.0
48 120 -101.0
48 121 -103.0
48 122 -101.0
48 123 -105.0
48 124 -91.0
48 125 -102.0
48 126 -106.0
48 127 -96.0
48 128 -96.0
48 129 -93.0
48 130 -101.0
48 131 -100.0
48 132 -98.0
48 133 -97.0
48 134 -102.0
48 135 -88.0
48 136 -92.0
48 137 -103.0
48 138 -100.0
48 139 -99.0
48 140 -98.0
48 141 -105.0
48 142 -101.0
48 143 -103.0
48 144 -96.0
48 145 -99.0
48 146 -96.0
48 147 -90.0
48 148 -103.0
48 149 -96.0
48 150 -115.0
48 151 -105.0
48 152 -103.0
48 153 -101.0
48 154 -99.0
48 155 -108.0
48 156 -97.0
48 157 -100.0
48 158 -100.0
48 159 -99.0
48 160 -95.0
48 161 -114.0
48 162 -101.0
48 163 -107.0
48 164 -106.0
48 165 -106.0
48 166 -104.0
48 167 -98.0
48 168 -102.0
48 169 -105.0
48 170 -106.0
48 171 -97.0
48 172 -103.0
48 173 -105.0
48 174 -101.0
48 175 -97.0
48 176 -100.0
48 177 -95.0
48 178 -105.0
48 179 -101.0
48 180 -98.0
48 181 -97.0
48 182 -99.0
48 183 -88.0
48 184 -104.0
48 185 -97.0
48 186 -108.0
48 187 -102.0
48 188 -99.0
48 189 -107.0
48 190 -97.0
48 191 -102.0
48 192 -103.0
48 193 -99.0
48 194 -101.0
48 195 -99.0
48 196 -92.0
48 197 -100.0
48 198 -108.0
48 199 -100.0
48 200 -98.0
48 201 -98.0
48 202 -86.0
48 203 -99.0
48 204 -96.0
48 205 -99.0
48 206 -102.0
48 207 -105.0
48 208 -98.0
48 209 -108.0
48 210 -93.0
48 211 -98.0
48 212 -100.0
48 213 -101.0
48 214 -95.0
48 215 -93.0
48 216 -95.0
48 217 -102.0
48 218 -105.0
48 219 -104.0
48 220 -106.0
48 221 -102.0
48 222 -93.0
48 223 -96.0
48 224 -95.0
48 225 -99.0
48 226 -112.0
48 227 -97.0
48 228 -93.0
48 229 -102.0
48 230 -95.0
48 231 -101.0
48 232 -104.0
48 233 -100.0
48 234 -97.0
48 235 -103.0
48 236 -103.0
48 237 -93.0
48 238 -94.0
48 239 -100.0
48 240 -99.0
48 241 -96.0
48 242 -102.0
48 243 -99.0
48 244 -96.0
48 245 -103.0
48 246 -92.0
48 247 -103.0
48 248 -98.0
48 249 -114.0
48 250 -101.0
48 251 -98.0
48 252 -111.0
48 253 -98.0
48 254 -101.0
48 255 -99.0
48 256 -101.0
48 257 -100.0
48 258 -101.0
48 259 -102.0
48 260 -96.0
48 261 -105.0
48 262 -101.0
48 263 -102.0
48 264 -104.0
48 265 -105.0
48 266 -111.0
48 267 -102.0
48 268 -91.0
48 269 -96.0
48 270 -102.0
48 271 -95.0
48 272 -100.0
48 273 -100.0
48 274 -105.0
48 275 -98.0
48 276 -84.0
48 277 -100.0
48 278 -104.0
48 279 -101.0
48 280 -97.0
48 281 -99.0
48 282 -104.0
48 283 -94.0
48 284 -96.0
48 285 -102.0
48 286 -94.0
48 287 -106.0
48 288 -107.0
48 289 -92.0
48 290 -98.0
48 291 -94.0
48 292 -96.0
48 293 -101.0
48 294 -103.0
48 295 -99.0
48 296 -103.0
48 297 -100.0
48 298 -97.0
48 299 -88.0
48 300 -99.0
48 301 -99.0
48 302 -93.0
48 303 -104.0
48 304 -97.0
48 305 -111.0
48 306 -101.0
48 307 -100.0
48 308 -96.0
48 309 -96.0
48 310 -97.0
48 311 -96.0
48 312 -104.0
48 313 -92.0
48 314 -101.0
48 315 -100.0
48 316 -92.0
48 317 -110.0
48 318 -100.0
48 319 -98.0
48 320 -98.0
49 50 -107.0
49 51 -102.0
49 52 -96.0
49 53 -109.0
49 54 -98.0
49 55 -101.0
49 56 -95.0
49 57 -97.0
49 58 -109.0
49 59 -95.0
49 60 -97.0
49 61 -82.0
49 62 -107.0
49 63 -101.0
49 64 -99.0
49 65 -101.0
49 66 -104.0
49 67 -92.0
49 68 -85.0
49 69 -101.0
49 70 -106.0
49 71 -96.0
49 72 -104.0
49 73 -100.0
49 74 -96.0
49 75 -105.0
49 76 -97.0
49 77 -108.0
49 78 -101.0
49 79 -89.0
49 80 -96.0
49 81 -98.0
49 82 -107.0
49 83 -111.0
49 84 -95.0
49 85 -91.0
49 86 -100.0
49 87 -96.0
49 88 -100.0
49 89 -93.0
49 90 -98.0
49 91 -98.0
49 92 -88.0
49 93 -101.0
49 94 -109.0
49 95 -101.0
49 96 -101.0
49 97 -96.0
49 98 -99.0
49 99 -110.0
49 100 -93.0
49 101 -86.0
49 102 -92.0
49 103 -104.0
49 104 -102.0
49 105 -93.0
49 106 -103.0
49 107 -97.0
49 108 -96.0
49 109 -94.0
49 110 -97.0
49 111 -102.0
49 112 -101.0
49 113 -105.0
49 114 -99.0
49 115 -96.0
49 116 -106.0
49 117 -100.0
49 118 -95.0
49 119 -92.0
49 120 -100.0
49 121 -91.0
49 122 -100.0
49 123 -97.0
49 124 -97.0
49 125 -95.0
49 126 -103.0
49 127 -97.0
49 128 -91.0
49 129 -95.0
49 130 -99.0
49 131 -100.0
49 132 -101.0
49 133 -91.0
49 134 -95.0
49 135 -105.0
49 136 -104.0
49 137 -98.0
49 138 -100.0
49 139 -98.0
49 140 -103.0
49 141 -93.0
49 142 -101.0
49 143 -100.0
49 144 -103.0
49 145 -91.0
49 146 -98.0
49 147 -103.0
49 148 -103.0
49 149 -95.0
49 150 -100.0
49 151 -92.0
49 152 -98.0
49 153 -97.0
49 154 -106.0
49 155 -101.0
49 156 -100.0
49 157 -95.0
49 158 -95.0
49 159 -105.0
49 160 -95.0
49 161 -105.0
49 162 -102.0
49 163 -95.0
49 164 -106.0
49 165 -104.0
49 166 -91.0
49 167 -99.0
49 168 -96.0
49 169 -105.0
49 170 -105.0
49 171 -87.0
49 172 -105.0
49 173 -104.0
49 174 -109.0
49 175 -91.0
49 176 -95.0
49 177 -108.0
49 178 -103.0
49 179 -95.0
49 180 -99.0
49 181 -97.0
49 182 -100.0
49 183 -105.0
49 184 -106.0
49 185 -101.0
49 186 -92.0
49 187 -103.0
49 188 -100.0
49 189 -100.0
49 190 -105.0
49 191 -95.0
49 192 -94.0
49 193 -92.0
49 194 -106.0
49 195 -101.0
49 196 -96.0
49 197 -102.0
49 198 -99.0
49 199 -97.0
49 200 -102.0
49 201 -99.0
49 202 -94.0
49 203 -101.0
49 204 -94.0
49 205 -96.0
49 206 -104.0
49 207 -102.0
49 208 -102.0
49 209 -104.0
49 210 -108.0
49 211 -103.0
49 212 -95.0
49 213 -100.0
49 214 -113.0
49 215 -95.0
49 216 -95.0
49 217 -97.0
49 218 -97.0
49 219 -96.0
49 220 -105.0
49 221 -101.0
49 222 -101.0
49 223 -94.0
49 224 -103.0
49 225 -99.0
49 226 -93.0
49 227 -96.0
49 228 -102.0
49 229 -95.0
49 230 -89.0
49 231 -103.0
49 232 -101.0
49 233 -99.0
49 234 -105.0
49 235 -101.0
49 236 -99.0
49 237 -91.0
49 238 -103.0
49 239 -96.0
49 240 -101.0
49 241 -99.0
49 242 -100.0
49 243 -100.0
49 244 -105.0
49 245 -98.0
49 246 -108.0
49 247 -91.0
49 248 -95.0
49 249 -99.0
49 250 -102.0
49 251 -95.0
49 252 -105.0
49 253 -103.0
49 254 -95.0
49 255 -99.0
49 256 -99.0
49 257 -97.0
49 258 -110.0
49 259 -93.0
49 260 -104.0
49 261 -100.0
49 262 -103.0
49 263 -115.0
49 264 -104.0
49 265 -104.0
49 266 -102.0
49 267 -98.0
49 268 -99.0
49 269 -99.0
49 270 -100.0
49 271 -96.0
49 272 -99.0
49 273 -100.0
49 274 -98.0
49 275 -98.0
49 276 -102.0
49 277 -95.0
49 278 -99.0
49 279 -94.0
49 280 -100.0
49 281 -102.0
49 282 -103.0
49 283 -108.0
49 284 -107.0
49 285 -103.0
49 286 -90.0
49 287 -96.0
49 288 -107.0
49 289 -100.0
49 290 -95.0
49 291 -107.0
49 292 -100.0
49 293 -100.0
49 294 -101.0
49 295 -100.0
49 296 -114.0
49 297 -97.0
49 298 -93.0
49 299 -104.0
49 300 -94.0
49 301 -99.0
49 302 -97.0
49 303 -108.0
49 304 -109.0
49 305 -112.0
49 306 -97.0
49 307 -94.0
49 308 -103.0
49 309 -101.0
49 310 -104.0
49 311 -108.0
49 312 -98.0
49 313 -98.0
49 314 -104.0
49 315 -93.0
49 316 -108.0
49 317 -99.0
49 318 -105.0
49 319 -101.0
49 320 -93.0
50 51 -114.0
50 52 -101.0
50 53 -102.0
50 54 -103.0
50 55 -100.0
50 56 -101.0
50 57 -97.0
50 58 -107.0
50 59 -104.0
50 60 -99.0
50 61 -105.0
50 62 -105.0
50 63 -104.0
50 64 -111.0
50 65 -101.0
50 66 -92.0
50 67 -102.0
50 68 -100.0
50 69 -92.0
50 70 -96.0
50 71 -99.0
50 72 -90.0
50 73 -97.0
50 74 -92.0
50 75 -110.0
50 76 -97.0
50 77 -101.0
50 78 -91.0
50 79 -96.0
50 80 -89.0
50 81 -96.0
50 82 -108.0
50 83 -101.0
50 84 -105.0
50 85 -97.0
50 86 -92.0
50 87 -104.0
50 88 -95.0
50 89 -113.0
50 90 -106.0
50 91 -96.0
50 92 -94.0
50 93 -107.0
50 94 -91.0
50 95 -108.0
50 96 -99.0
50 97 -95.0
50 98 -92.0
50 99 -102.0
50 100 -104.0
50 101 -97.0
50 102 -107.0
50 103 -97.0
50 104 -98.0
50 105 -109.0
50 106 -106.0
50 107 -100.0
50 108 -101.0
50 109 -97.0
50 110 -100.0
50 111 -99.0
50 112 -106.0
50 113 -101.0
50 114 -94.0
50 115 -107.0
50 116 -107.0
50 117 -98.0
50 118 -98.0
50 119 -99.0
50 120 -95.0
50 121 -87.0
50 122 -93.0
50 123 -106.0
50 124 -105.0
50 125 -98.0
50 126 -110.0
50 127 -102.0
50 128 -106.0
50 129 -100.0
50 130 -111.0
50 131 -96.0
50 132 -107.0
50 133 -96.0
50 134 -98.0
50 135 -95.0
50 136 -98.0
50 137 -92.0
50 138 -89.0
50 139 -110.0
50 140 -97.0
50 141 -95.0
50 142 -93.0
50 143 -103.0
50 144 -101.0
50 145 -92.0
50 146 -94.0
50 147 -97.0
50 148 -109.0
50 149 -104.0
50 150 -99.0
50 151 -93.0
50 152 -102.0
50 153 -100.0
50 154 -95.0
50 155 -105.0
50 156 -98.0
50 157 -92.0
50 158 -97.0
50 159 -98.0
50 160 -93.0
50 161 -101.0
50 162 -98.0
50 163 -105.0
50 164 -89.0
50 165 -100.0
50 166 -100.0
50 167 -103.0
50 168 -103.0
50 169 -105.0
50 170 -97.0
50 171 -101.0
50 172 -97.0
50 173 -96.0
50 174 -103.0
50 175 -96.0
50 176 -101.0
50 177 -115.0
50 178 -106.0
50 179 -102.0
50 180 -96.0
50 181 -94.0
50 182 -100.0
50 183 -101.0
50 184 -89.0
50 185 -107.0
50 186 -105.0
50 187 -103.0
50 188 -102.0
50 189 -107.0
50 190 -106.0
50 191 -93.0
50 192 -104.0
50 193 -100.0
50 194 -93.0
50 195 -103.0
50 196 -102.0
50 197 -92.0
50 198 -98.0
50 199 -97.0
50 200 -83.0
50 201 -104.0
50 202 -102.0
50 203 -93.0
50 204 -102.0
50 205 -100.0
50 206 -102.0
50 207 -100.0
50 208 -106.0
50 209 -99.0
50 210 -92.0
50 211 -94.0
50 212 -101.0
50 213 -99.0
50 214 -106.0
50 215 -97.0
50 216 -94.0
50 217 -99.0
50 218 -91.0
50 219 -96.0
50 220 -93.0
50 221 -95.0
50 222 -102.0
50 223 -100.0
50 224 -100.0
50 225 -93.0
50 226 -97.0
50 227 -100.0
50 228 -93.0
50 229 -98.0
50 230 -92.0
50 231 -101.0
50 232 -108.0
50 233 -99.0
50 234 -96.0
50 235 -99.0
50 236 -106.0
50 237 -99.0
50 238 -101.0
50 239 -103.0
50 240 -102.0
50 241 -99.0
50 242 -104.0
50 243 -102.0
50 244 -99.0
50 245 -105.0
50 246 -97.0
50 247 -99.0
50 248 -102.0
50 249 -107.0
50 250 -94.0
50 251 -101.0
50 252 -98.0
50 253 -97.0
50 254 -108.0
50 255 -108.0
50 256 -99.0
50 257 -103.0
50 258 -101.0
50 259 -101.0
50 260 -105.0
50 261 -91.0
50 262 -107.0
50 263 -93.0
50 264 -102.0
50 265 -96.0
50 266 -102.0
50 267 -102.0
50 268 -93.0
50 269 -99.0
50 270 -103.0
50 271 -96.0
50 272 -99.0
50 273 -97.0
50 274 -101.0
50 275 -95.0
50 276 -101.0
50 277 -99.0
50 278 -93.0
50 279 -105.0
50 280 -100.0
50 281 -99.0
50 282 -97.0
50 283 -97.0
50 284 -93.0
50 285 -102.0
50 286 -99.0
50 287 -99.0
50 288 -96.0
50 289 -98.0
50 290 -98.0
50 291 -96.0
50 292 -94.0
50 293 -100.0
50 294 -105.0
50 295 -93.0
50 296 -108.0
50 297 -90.0
50 298 -102.0
50 299 -95.0
50 300 -87.0
50 301 -96.0
50 302 -108.0
50 303 -102.0
50 304 -94.0
50 305 -111.0
50 306 -101.0
50 307 -97.0
50 308 -102.0
50 309 -95.0
50 310 -98.0
50 311 -104.0
50 312 -98.0
50 313 -94.0
50 314 -99.0
50 315 -92.0
50 316 -100.0
50 317 -99.0
50 318 -96.0
50 319 -95.0
50 320 -108.0
51 52 -99.0
51 53 -110.0
51 54 -100.0
51 55 -99.0
51 56 -102.0
51 57 -105.0
51 58 -94.0
51 59 -102.0
51 60 -96.0
51 61 -101.0
51 62 -94.0
51 63 -99.0
51 64 -109.0
51 65 -99.0
51 66 -98.0
51 67 -100.0
51 68 -101.0
51 69 -96.0
51 70 -95.0
51 71 -96.0
51 72 -100.0
51 73 -99.0
51 74 -94.0
51 75 -94.0
51 76 -102.0
51 77 -93.0
51 78 -107.0
51 79 -106.0
51 80 -96.0
51 81 -98.0
51 82 -102.0
51 83 -99.0
51 84 -105.0
51 85 -100.0
51 86 -107.0
51 87 -97.0
51 88 -102.0
51 89 -101.0
51 90 -97.0
51 91 -101.0
51 92 -92.0
51 93 -104.0
51 94 -109.0
51 95 -105.0
51 96 -109.0
51 97 -95.0
51 98 -102.0
51 99 -107.0
51 100 -91.0
51 101 -103.0
51 102 -99.0
51 103 -97.0
51 104 -99.0
51 105 -107.0
51 106 -100.0
51 107 -95.0
51 108 -100.0
51 109 -111.0
51 110 -97.0
51 111 -95.0
51 112 -97.0
51 113 -94.0
51 114 -98.0
51 115 -99.0
51 116 -93.0
51 117 -106.0
51 118 -95.0
51 119 -102.0
51 120 -91.0
51 121 -97.0
51 122 -101.0
51 123 -110.0
51 124 -104.0
51 125 -89.0
51 126 -96.0
51 127 -101.0
51 128 -100.0
51 129 -96.0
51 130 -94.0
51 131 -99.0
51 132 -95.0
51 133 -100.0
51 134 -107.0
51 135 -99.0
51 136 -93.0
51 137 -101.0
51 138 -98.0
51 139 -93.0
51 140 -98.0
51 141 -106.0
51 142 -97.0
51 143 -99.0
51 144 -101.0
51 145 -96.0
51 146 -103.0
51 147 -98.0
51 148 -95.0
51 149 -107.0
51 150 -94.0
51 151 -98.0
51 152 -93.0
51 153 -98.0
51 154 -99.0
51 155 -97.0
51 156 -97.0
51 157 -102.0
51 158 -99.0
51 159 -98.0
51 160 -100.0
51 161 -87.0
51 162 -118.0
51 163 -96.0
51 164 -103.0
51 165 -102.0
51 166 -96.0
51 167 -98.0
51 168 -100.0
51 169 -103.0
51 170 -96.0
51 171 -102.0
51 172 -95.0
51 173 -103.0
51 174 -98.0
51 175 -100.0
51 176 -103.0
51 177 -107.0
51 178 -104.0
51 179 -95.0
51 180 -97.0
51 181 -106.0
51 182 -98.0
51 183 -106.0
51 184 -106.0
51 185 -107.0
51 186 -100.0
51 187 -102.0
51 188 -97.0
51 189 -101.0
51 190 -94.0
51 191 -103.0
51 192 -105.0
51 193 -102.0
51 194 -101.0
51 195 -99.0
51 196 -98.0
51 197 -92.0
51 198 -101.0
51 199 -106.0
51 200 -103.0
51 201 -103.0
51 202 -91.0
51 203 -101.0
51 204 -92.0
51 205 -89.0
51 206 -99.0
51 207 -101.0
51 208 -90.0
51 209 -104.0
51 210 -95.0
51 211 -102.0
51 212 -95.0
51 213 -97.0
51 214 -103.0
51 215 -103.0
51 216 -89.0
51 217 -100.0
51 218 -106.0
51 219 -98.0
51 220 -98.0
51 221 -109.0
51 222 -100.0
51 223 -106.0
51 224 -108.0
51 225 -98.0
51 226 -100.0
51 227 -101.0
51 228 -93.0
51 229 -99.0
51 230 -92.0
51 231 -108.0
51 232 -105.0
51 233 -105.0
51 234 -105.0
51 235 -101.0
51 236 -97.0
51 237 -101.0
51 238 -107.0
51 239 -93.0
51 240 -102.0
51 241 -89.0
51 242 -93.0
51 243 -98.0
51 244 -97.0
51 245 -102.0
51 246 -94.0
51 247 -99.0
51 248 -99.0
51 249 -102.0
51 250 -97.0
51 251 -95.0
51 252 -95.0
51 253 -95.0
51 254 -104.0
51 255 -103.0
51 256 -92.0
51 257 -104.0
51 258 -104.0
51 259 -91.0
51 260 -103.0
51 261 -104.0
51 262 -100.0
51 263 -103.0
51 264 -97.0
51 265 -97.0
51 266 -106.0
51 267 -100.0
51 268 -94.0
51 269 -98.0
51 270 -103.0
51 271 -98.0
51 272 -98.0
51 273 -107.0
51 274 -103.0
51 275 -94.0
51 276 -97.0
51 277 -105.0
51 278 -105.0
51 279 -100.0
51 280 -100.0
51 281 -102.0
51 282 -94.0
51 283 -102.0
51 284 -95.0
51 285 -95.0
51 286 -99.0
51 287 -102.0
51 288 -99.0
51 289 -94.0
51 290 -105.0
51 291 -92.0
51 292 -95.0
51 293 -104.0
51 294 -90.0
51 295 -98.0
51 296 -101.0
51 297 -100.0
51 298 -101.0
51 299 -97.0
51 300 -95.0
51 301 -93.0
51 302 -91.0
51 303 -98.0
51 304 -93.0
51 305 -101.0
51 306 -97.0
51 307 -97.0
51 308 -101.0
51 309 -101.0
51 310 -103.0
51 311 -98.0
51 312 -106.0
51 313 -98.0
51 314 -95.0
51 315 -100.0
51 316 -100.0
51 317 -106.0
51 318 -106.0
51 319 -99.0
51 320 -105.0
52 53 -100.0
52 54 -93.0
52 55 -93.0
52 56 -107.0
52 57 -107.0
52 58 -99.0
52 59 -93.0
52 60 -104.0
52 61 -102.0
52 62 -107.0
52 63 -101.0
52 64 -110.0
52 65 -97.0
52 66 -91.0
52 67 -101.0
52 68 -108.0
52 69 -101.0
52 70 -99.0
52 71 -101.0
52 72 -98.0
52 73 -98.0
52 74 -103.0
52 75 -98.0
52 76 -102.0
52 77 -113.0
52 78 -94.0
52 79 -90.0
52 80 -92.0
52 81 -104.0
52 82 -96.0
52 83 -100.0
52 84 -95.0
52 85 -99.0
52 86 -99.0
52 87 -89.0
52 88 -92.0
52 89 -103.0
52 90 -107.0
52 91 -95.0
52 92 -99.0
52 93 -102.0
52 94 -89.0
52 95 -88.0
52 96 -104.0
52 97 -104.0
52 98 -97.0
52 99 -95.0
52 100 -102.0
52 101 -100.0
52 102 -98.0
52 103 -94.0
52 104 -99.0
52 105 -97.0
52 106 -101.0
52 107 -95.0
52 108 -100.0
52 109 -101.0
52 110 -98.0
52 111 -97.0
52 112 -96.0
52 113 -104.0
52 114 -100.0
52 115 -103.0
52 116 -98.0
52 117 -103.0
52 118 -100.0
52 119 -98.0
52 120 -97.0
52 121 -104.0
52 122 -105.0
52 123 -95.0
52 124 -91.0
52 125 -81.0
52 126 -92.0
52 127 -104.0
52 128 -94.0
52 129 -94.0
52 130 -105.0
52 131 -106.0
52 132 -102.0
52 133 -102.0
52 134 -92.0
52 135 -103.0
52 136 -100.0
52 137 -102.0
52 138 -98.0
52 139 -98.0
52 140 -102.0
52 141 -101.0
52 142 -102.0
52 143 -106.0
52 144 -101.0
52 145 -98.0
52 146 -89.0
52 147 -111.0
52 148 -92.0
52 149 -103.0
52 150 -102.0
52 151 -99.0
52 152 -100.0
52 153 -101.0
52 154 -86.0
52 155 -89.0
52 156 -101.0
52 157 -99.0
52 158 -93.0
52 159 -98.0
52 160 -87.0
52 161 -100.0
52 162 -101.0
52 163 -89.0
52 164 -102.0
52 165 -96.0
52 166 -97.0
52 167 -101.0
52 168 -112.0
52 169 -97.0
52 170 -101.0
52 171 -100.0
52 172 -106.0
52 173 -99.0
52 174 -99.0
52 175 -91.0
52 176 -90.0
52 177 -97.0
52 178 -89.0
52 179 -95.0
52 180 -95.0
52 181 -88.0
52 182 -93.0
52 183 -99.0
52 184 -101.0
52 185 -103.0
52 186 -94.0
52 187 -88.0
52 188 -97.0
52 189 -101.0
52 190 -92.0
52 191 -97.0
52 192 -101.0
52 193 -102.0
52 194 -95.0
52 195 -103.0
52 196 -106.0
52 197 -97.0
52 198 -91.0
52 199 -96.0
52 200 -101.0
52 201 -99.0
52 202 -104.0
52 203 -94.0
52 204 -102.0
52 205 -101.0
52 206 -90.0
52 207 -98.0
52 208 -97.0
52 209 -109.0
52 210 -94.0
52 211 -92.0
52 212 -101.0
52 213 -95.0
52 214 -107.0
52 215 -98.0
52 216 -98.0
52 217 -92.0
52 218 -102.0
52 219 -94.0
52 220 -92.0
52 221 -95.0
52 222 -99.0
52 223 -92.0
52 224 -90.0
52 225 -102.0
52 226 -97.0
52 227 -89.0
52 228 -103.0
52 229 -95.0
52 230 -102.0
52 231 -97.0
52 232 -105.0
52 233 -106.0
52 234 -91.0
52 235 -102.0
52 236 -105.0
52 237 -100.0
52 238 -105.0
52 239 -99.0
52 240 -108.0
52 241 -97.0
52 242 -110.0
52 243 -97.0
52 244 -102.0
52 245 -101.0
52 246 -94.0
52 247 -101.0
52 248 -96.0
52 249 -95.0
52 250 -97.0
52 251 -103.0
52 252 -93.0
52 253 -104.0
52 254 -96.0
52 255 -106.0
52 256 -89.0
52 257 -104.0
52 258 -97.0
52 259 -100.0
52 260 -88.0
52 261 -90.0
52 262 -100.0
52 263 -103.0
52 264 -104.0
52 265 -99.0
52 266 -90.0
52 267 -98.0
52 268 -95.0
52 269 -98.0
52 270 -104.0
52 271 -106.0
52 272 -91.0
52 273 -97.0
52 274 -104.0
52 275 -96.0
52 276 -101.0
52 277 -96.0
52 278 -99.0
52 279 -102.0
52 280 -109.0
52 281 -98.0
52 282 -89.0
52 283 -97.0
52 284 -105.0
52 285 -100.0
52 286 -109.0
52 287 -103.0
52 288 -108.0
52 289 -99.0
52 290 -104.0
52 291 -102.0
52 292 -104.0
52 293 -99.0
52 294 -101.0
52 295 -101.0
52 296 -99.0
52 297 -104.0
52 298 -100.0
52 299 -102.0
52 300 -103.0
52 301 -93.0
52 302 -99.0
52 303 -96.0
52 304 -108.0
52 305 -91.0
52 306 -102.0
52 307 -105.0
52 308 -102.0
52 309 -94.0
52 310 -92.0
52 311 -101.0
52 312 -98.0
52 313 -98.0
52 314 -108.0
52 315 -93.0
52 316 -97.0
52 317 -101.0
52 318 -98.0
52 319 -101.0
52 320 -101.0
53 54 -106.0
53 55 -89.0
53 56 -98.0
53 57 -101.0
53 58 -102.0
53 59 -96.0
53 60 -107.0
53 61 -90.0
53 62 -103.0
53 63 -99.0
53 64 -105.0
53 65 -92.0
53 66 -95.0
53 67 -104.0
53 68 -96.0
53 69 -96.0
53 70 -100.0
53 71 -98.0
53 72 -102.0
53 73 -99.0
53 74 -94.0
53 75 -98.0
53 76 -88.0
53 77 -89.0
53 78 -92.0
53 79 -95.0
53 80 -99.0
53 81 -93.0
53 82 -98.0
53 83 -99.0
53 84 -94.0
53 85 -99.0
53 86 -99.0
53 87 -100.0
53 88 -94.0
53 89 -102.0
53 90 -97.0
53 91 -105.0
53 92 -94.0
53 93 -99.0
53 94 -101.0
53 95 -95.0
53 96 -96.0
53 97 -100.0
53 98 -96.0
53 99 -100.0
53 100 -95.0
53 101 -94.0
53 102 -102.0
53 103 -94.0
53 104 -93.0
53 105 -94.0
53 106 -100.0
53 107 -97.0
53 108 -99.0
53 109 -99.0
53 110 -93.0
53 111 -97.0
53 112 -99.0
53 113 -95.0
53 114 -100.0
53 115 -97.0
53 116 -101.0
53 117 -93.0
53 118 -101.0
53 119 -97.0
53 120 -96.0
53 121 -93.0
53 122 -99.0
53 123 -101.0
53 124 -91.0
53 125 -97.0
53 126 -107.0
53 127 -98.0
53 128 -92.0
53 129 -94.0
53 130 -100.0
53 131 -96.0
53 132 -101.0
53 133 -102.0
53 134 -98.0
53 135 -105.0
53 136 -95.0
53 137 -106.0
53 138 -89.0
53 139 -101.0
53 140 -96.0
53 141 -100.0
53 142 -103.0
53 143 -99.0
53 144 -111.0
53 145 -105.0
53 146 -96.0
53 147 -99.0
53 148 -96.0
53 149 -94.0
53 150 -98.0
53 151 -98.0
53 152 -102.0
53 153 -98.0
53 154 -105.0
53 155 -97.0
53 156 -96.0
53 157 -95.0
53 158 -105.0
53 159 -94.0
53 160 -104.0
53 161 -109.0
53 162 -98.0
53 163 -103.0
53 164 -96.0
53 165 -101.0
53 166 -93.0
53 167 -101.0
53 168 -99.0
53 169 -102.0
53 170 -101.0
53 171 -88.0
53 172 -101.0
53 173 -99.0
53 174 -106.0
53 175 -109.0
53 176 -101.0
53 177 -105.0
53 178 -82.0
53 179 -95.0
53 180 -96.0
53 181 -103.0
53 182 -101.0
53 183 -92.0
53 184 -106.0
53 185 -104.0
53 186 -99.0
53 187 -109.0
53 188 -96.0
53 189 -101.0
53 190 -100.0
53 191 -95.0
53 192 -99.0
53 193 -97.0
53 194 -99.0
53 195 -100.0
53 196 -101.0
53 197 -102.0
53 198 -99.0
53 199 -101.0
53 200 -103.0
53 201 -101.0
53 202 -114.0
53 203 -104.0
53 204 -99.0
53 205 -94.0
53 206 -104.0
53 207 -98.0
53 208 -98.0
53 209 -103.0
53 210 -92.0
53 211 -107.0
53 212 -105.0
53 213 -101.0
53 214 -105.0
53 215 -99.0
53 216 -95.0
53 217 -105.0
53 218 -107.0
53 219 -102.0
53 220 -94.0
53 221 -101.0
53 222 -98.0
53 223 -103.0
53 224 -95.0
53 225 -87.0
53 226 -98.0
53 227 -103.0
53 228 -102.0
53 229 -104.0
53 230 -88.0
53 231 -98.0
53 232 -103.0
53 233 -103.0
53 234 -102.0
53 235 -97.0
53 236 -90.0
53 237 -104.0
53 238 -96.0
53 239 -92.0
53 240 -104.0
53 241 -104.0
53 242 -100.0
53 243 -97.0
53 244 -97.0
53 245 -93.0
53 246 -91.0
53 247 -107.0
53 248 -110.0
53 249 -98.0
53 250 -97.0
53 251 -98.0
53 252 -103.0
53 253 -97.0
53 254 -105.0
53 255 -103.0
53 256 -102.0
53 257 -94.0
53 258 -104.0
53 259 -107.0
53 260 -98.0
53 261 -113.0
53 262 -90.0
53 263 -98.0
53 264 -101.0
53 265 -99.0
53 266 -103.0
53 267 -108.0
53 268 -99.0
53 269 -107.0
53 270 -102.0
53 271 -100.0
53 272 -92.0
53 273 -109.0
53 274 -92.0
53 275 -101.0
53 276 -98.0
53 277 -105.0
53 278 -91.0
53 279 -105.0
53 280 -100.0
53 281 -93.0
53 282 -101.0
53 283 -93.0
53 284 -90.0
53 285 -107.0
53 286 -103.0
53 287 -94.0
53 288 -94.0
53 289 -108.0
53 290 -104.0
53 291 -106.0
53 292 -95.0
53 293 -95.0
53 294 -95.0
53 295 -111.0
53 296 -94.0
53 297 -99.0
53 298 -103.0
53 299 -106.0
53 300 -99.0
53 301 -109.0
53 302 -100.0
53 303 -98.0
53 304 -93.0
53 305 -114.0
53 306 -105.0
53 307 -101.0
53 308 -104.0
53 309 -97.0
53 310 -97.0
53 311 -108.0
53 312 -92.0
53 313 -101.0
53 314 -102.0
53 315 -103.0
53 316 -105.0
53 317 -104.0
53 318 -94.0
53 319 -100.0
53 320 -96.0
54 55 -92.0
54 56 -102.0
54 57 -95.0
54 58 -96.0
54 59 -100.0
54 60 -105.0
54 61 -105.0
54 62 -98.0
54 63 -105.0
54 64 -106.0
54 65 -105.0
54 66 -105.0
54 67 -92.0
54 68 -97.0
54 69 -103.0
54 70 -101.0
54 71 -97.0
54 72 -109.0
54 73 -100.0
54 74 -100.0
54 75 -104.0
54 76 -111.0
54 77 -102.0
54 78 -97.0
54 79 -96.0
54 80 -103.0
54 81 -93.0
54 82 -102.0
54 83 -96.0
54 84 -101.0
54 85 -105.0
54 86 -96.0
54 87 -102.0
54 88 -101.0
54 89 -109.0
54 90 -101.0
54 91 -106.0
54 92 -111.0
54 93 -101.0
54 94 -105.0
54 95 -89.0
54 96 -103.0
54 97 -105.0
54 98 -103.0
54 99 -103.0
54 100 -90.0
54 101 -108.0
54 102 -100.0
54 103 -92.0
54 104 -100.0
54 105 -94.0
54 106 -99.0
54 107 -102.0
54 108 -100.0
54 109 -95.0
54 110 -102.0
54 111 -105.0
54 112 -103.0
54 113 -99.0
54 114 -98.0
54 115 -103.0
54 116 -114.0
54 117 -95.0
54 118 -101.0
54 119 -101.0
54 120 -105.0
54 121 -102.0
54 122 -100.0
54 123 -95.0
54 124 -112.0
54 125 -88.0
54 126 -99.0
54 127 -96.0
54 128 -92.0
54 129 -102.0
54 130 -99.0
54 131 -103.0
54 132 -95.0
54 133 -108.0
54 134 -104.0
54 135 -98.0
54 136 -98.0
54 137 -96.0
54 138 -94.0
54 139 -103.0
54 140 -98.0
54 141 -97.0
54 142 -101.0
54 143 -108.0
54 144 -108.0
54 145 -108.0
54 146 -99.0
54 147 -96.0
54 148 -97.0
54 149 -95.0
54 150 -101.0
54 151 -106.0
54 152 -99.0
54 153 -106.0
54 154 -96.0
54 155 -103.0
54 156 -101.0
54 157 -97.0
54 158 -108.0
54 159 -92.0
54 160 -97.0
54 161 -105.0
54 162 -101.0
54 163 -106.0
54 164 -101.0
54 165 -91.0
54 166 -100.0
54 167 -97.0
54 168 -94.0
54 169 -98.0
54 170 -104.0
54 171 -103.0
54 172 -102.0
54 173 -107.0
54 174 -100.0
54 175 -103.0
54 176 -93.0
54 177 -99.0
54 178 -94.0
54 179 -107.0
54 180 -109.0
54 181 -100.0
54 182 -106.0
54 183 -98.0
54 184 -101.0
54 185 -101.0
54 186 -103.0
54 187 -97.0
54 188 -107.0
54 189 -93.0
54 190 -104.0
54 191 -104.0
54 192 -102.0
54 193 -103.0
54 194 -102.0
54 195 -93.0
54 196 -95.0
54 197 -100.0
54 198 -100.0
54 199 -106.0
54 200 -104.0
54 201 -105.0
54 202 -111.0
54 203 -95.0
54 204 -102.0
54 205 -98.0
54 206 -105.0
54 207 -101.0
54 208 -93.0
54 209 -97.0
54 210 -102.0
54 211 -90.0
54 212 -96.0
54 213 -96.0
54 214 -97.0
54 215 -97.0
54 216 -99.0
54 217 -102.0
54 218 -102.0
54 219 -97.0
54 220 -102.0
54 221 -104.0
54 222 -97.0
54 223 -106.0
54 224 -97.0
54 225 -106.0
54 226 -98.0
54 227 -98.0
54 228 -107.0
54 229 -98.0
54 230 -95.0
54 231 -91.0
54 232 -100.0
54 233 -97.0
54 234 -92.0
54 235 -102.0
54 236 -105.0
54 237 -101.0
54 238 -96.0
54 239 -101.0
54 240 -103.0
54 241 -107.0
54 242 -97.0
54 243 -93.0
54 244 -102.0
54 245 -95.0
54 246 -107.0
54 247 -94.0
54 248 -100.0
54 249 -93.0
54 250 -100.0
54 251 -92.0
54 252 -97.0
54 253 -99.0
54 254 -93.0
54 255 -104.0
54 256 -93.0
54 257 -115.0
54 258 -102.0
54 259 -101.0
54 260 -96.0
54 261 -104.0
54 262 -92.0
54 263 -108.0
54 264 -105.0
54 265 -101.0
54 266 -103.0
54 267 -95.0
54 268 -100.0
54 269 -106.0
54 270 -92.0
54 271 -105.0
54 272 -99.0
54 273 -103.0
54 274 -105.0
54 275 -98.0
54 276 -101.0
54 277 -99.0
54 278 -101.0
54 279 -90.0
54 280 -93.0
54 281 -102.0
54 282 -99.0
54 283 -90.0
54 284 -103.0
54 285 -100.0
54 286 -97.0
54 287 -104.0
54 288 -102.0
54 289 -102.0
54 290 -101.0
54 291 -100.0
54 292 -102.0
54 293 -106.0
54 294 -107.0
54 295 -87.0
54 296 -95.0
54 297 -99.0
54 298 -102.0
54 299 -94.0
54 300 -104.0
54 301 -111.0
54 302 -96.0
54 303 -96.0
54 304 -95.0
54 305 -102.0
54 306 -96.0
54 307 -95.0
54 308 -97.0
54 309 -93.0
54 310 -99.0
54 311 -94.0
54 312 -102.0
54 313 -102.0
54 314 -93.0
54 315 -95.0
54 316 -101.0
54 317 -103.0
54 318 -99.0
54 319 -98.0
54 320 -102.0
55 56 -103.0
55 57 -101.0
55 58 -105.0
55 59 -101.0
55 60 -99.0
55 61 -85.0
55 62 -97.0
55 63 -100.0
55 64 -95.0
55 65 -99.0
55 66 -98.0
55 67 -106.0
55 68 -99.0
55 69 -101.0
55 70 -94.0
55 71 -97.0
55 72 -95.0
55 73 -107.0
55 74 -107.0
55 75 -102.0
55 76 -92.0
55 77 -99.0
55 78 -101.0
55 79 -101.0
55 80 -103.0
55 81 -101.0
55 82 -97.0
55 83 -100.0
55 84 -97.0
55 85 -99.0
55 86 -106.0
55 87 -98.0
55 88 -91.0
55 89 -105.0
55 90 -98.0
55 91 -100.0
55 92 -96.0
55 93 -100.0
55 94 -98.0
55 95 -101.0
55 96 -101.0
55 97 -98.0
55 98 -106.0
55 99 -95.0
55 100 -94.0
55 101 -102.0
55 102 -107.0
55 103 -101.0
55 104 -101.0
55 105 -104.0
55 106 -98.0
55 107 -102.0
55 108 -96.0
55 109 -91.0
55 110 -99.0
55 111 -106.0
55 112 -94.0
55 113 -98.0
55 114 -97.0
55 115 -91.0
55 116 -92.0
55 117 -97.0
55 118 -104.0
55 119 -91.0
55 120 -98.0
55 121 -93.0
55 122 -94.0
55 123 -97.0
55 124 -101.0
55 125 -100.0
55 126 -100.0
55 127 -90.0
55 128 -97.0
55 129 -105.0
55 130 -106.0
55 131 -97.0
55 132 -101.0
55 133 -92.0
55 134 -105.0
55 135 -100.0
55 136 -104.0
55 137 -93.0
55 138 -97.0
55 139 -100.0
55 140 -92.0
55 141 -107.0
55 142 -105.0
55 143 -103.0
55 144 -106.0
55 145 -102.0
55 146 -93.0
55 147 -108.0
55 148 -101.0
55 149 -105.0
55 150 -100.0
55 151 -100.0
55 152 -102.0
55 153 -102.0
55 154 -102.0
55 155 -90.0
55 156 -94.0
55 157 -99.0
55 158 -101.0
55 159 -104.0
55 160 -102.0
55 161 -102.0
55 162 -102.0
55 163 -88.0
55 164 -99.0
55 165 -107.0
55 166 -93.0
55 167 -100.0
55 168 -101.0
55 169 -111.0
55 170 -92.0
55 171 -94.0
55 172 -96.0
55 173 -98.0
55 174 -99.0
55 175 -102.0
55 176 -101.0
55 177 -104.0
55 178 -97.0
55 179 -103.0
55 180 -101.0
55 181 -97.0
55 182 -89.0
55 183 -92.0
55 184 -99.0
55 185 -99.0
55 186 -103.0
55 187 -96.0
55 188 -100.0
55 189 -98.0
55 190 -97.0
55 191 -98.0
55 192 -101.0
55 193 -95.0
55 194 -101.0
55 195 -100.0
55 196 -99.0
55 197 -88.0
55 198 -101.0
55 199 -106.0
55 200 -98.0
55 201 -101.0
55 202 -91.0
55 203 -103.0
55 204 -90.0
55 205 -104.0
55 206 -100.0
55 207 -92.0
55 208 -106.0
55 209 -98.0
55 210 -106.0
55 211 -98.0
55 212 -98.0
55 213 -108.0
55 214 -101.0
55 215 -103.0
55 216 -107.0
55 217 -102.0
55 218 -105.0
55 219 -92.0
55 220 -100.0
55 221 -95.0
55 222 -105.0
55 223 -101.0
55 224 -99.0
55 225 -97.0
55 226 -102.0
55 227 -106.0
55 228 -91.0
55 229 -103.0
55 230 -105.0
55 231 -90.0
55 232 -104.0
55 233 -96.0
55 234 -104.0
55 235 -100.0
55 236 -100.0
55 237 -100.0
55 238 -104.0
55 239 -97.0
55 240 -98.0
55 241 -98.0
55 242 -98.0
55 243 -100.0
55 244 -90.0
55 245 -103.0
55 246 -107.0
55 247 -96.0
55 248 -98.0
55 249 -99.0
55 250 -99.0
55 251 -88.0
55 252 -100.0
55 253 -99.0
55 254 -99.0
55 255 -98.0
55 256 -100.0
55 257 -99.0
55 258 -94.0
55 259 -99.0
55 260 -102.0
55 261 -97.0
55 262 -104.0
55 263 -95.0
55 264 -105.0
55 265 -103.0
55 266 -99.0
55 267 -97.0
55 268 -90.0
55 269 -95.0
55 270 -100.0
55 271 -105.0
55 272 -98.0
55 273 -98.0
55 274 -109.0
55 275 -98.0
55 276 -96.0
55 277 -95.0
55 278 -100.0
55 279 -99.0
55 280 -96.0
55 281 -100.0
55 282 -93.0
55 283 -100.0
55 284 -98.0
55 285 -103.0
55 286 -103.0
55 287 -100.0
55 288 -92.0
55 289 -97.0
55 290 -95.0
55 291 -89.0
55 292 -108.0
55 293 -102.0
55 294 -97.0
55 295 -103.0
55 296 -92.0
55 297 -101.0
55 298 -100.0
55 299 -104.0
55 300 -99.0
55 301 -96.0
55 302 -110.0
55 303 -97.0
55 304 -97.0
55 305 -94.0
55 306 -97.0
55 307 -95.0
55 308 -91.0
55 309 -108.0
55 310 -90.0
55 311 -93.0
55 312 -94.0
55 313 -97.0
55 314 -96.0
55 315 -97.0
55 316 -88.0
55 317 -103.0
55 318 -105.0
55 319 -102.0
55 320 -99.0
56 57 -98.0
56 58 -101.0
56 59 -95.0
56 60 -98.0
56 61 -98.0
56 62 -95.0
56 63 -98.0
56 64 -97.0
56 65 -108.0
56 66 -105.0
56 67 -97.0
56 68 -102.0
56 69 -106.0
56 70 -96.0
56 71 -96.0
56 72 -104.0
56 73 -102.0
56 74 -111.0
56 75 -93.0
56 76 -104.0
56 77 -101.0
56 78 -92.0
56 79 -101.0
56 80 -97.0
56 81 -89.0
56 82 -105.0
56 83 -97.0
56 84 -99.0
56 85 -105.0
56 86 -105.0
56 87 -99.0
56 88 -107.0
56 89 -101.0
56 90 -96.0
56 91 -91.0
56 92 -98.0
56 93 -105.0
56 94 -94.0
56 95 -102.0
56 96 -105.0
56 97 -109.0
56 98 -99.0
56 99 -96.0
56 100 -101.0
56 101 -101.0
56 102 -91.0
56 103 -93.0
56 104 -100.0
56 105 -106.0
56 106 -105.0
56 107 -99.0
56 108 -108.0
56 109 -99.0
56 110 -101.0
56 111 -98.0
56 112 -102.0
56 113 -103.0
56 114 -106.0
56 115 -104.0
56 116 -89.0
56 117 -95.0
56 118 -105.0
56 119 -97.0
56 120 -103.0
56 121 -99.0
56 122 -105.0
56 123 -99.0
56 124 -101.0
56 125 -95.0
56 126 -99.0
56 127 -100.0
56 128 -81.0
56 129 -95.0
56 130 -92.0
56 131 -91.0
56 132 -105.0
56 133 -97.0
56 134 -101.0
56 135 -89.0
56 136 -103.0
56 137 -97.0
56 138 -102.0
56 139 -91.0
56 140 -95.0
56 141 -99.0
56 142 -103.0
56 143 -90.0
56 144 -99.0
56 145 -111.0
56 146 -108.0
56 147 -99.0
56 148 -102.0
56 149 -108.0
56 150 -98.0
56 151 -105.0
56 152 -97.0
56 153 -93.0
56 154 -96.0
56 155 -98.0
56 156 -108.0
56 157 -96.0
56 158 -101.0
56 159 -103.0
56 160 -110.0
56 161 -101.0
56 162 -97.0
56 163 -95.0
56 164 -103.0
56 165 -95.0
56 166 -101.0
56 167 -104.0
56 168 -103.0
56 169 -97.0
56 170 -95.0
56 171 -98.0
56 172 -97.0
56 173 -96.0
56 174 -100.0
56 175 -93.0
56 176 -102.0
56 177 -111.0
56 178 -96.0
56 179 -99.0
56 180 -99.0
56 181 -103.0
56 182 -88.0
56 183 -96.0
56 184 -104.0
56 185 -95.0
56 186 -90.0
56 187 -92.0
56 188 -95.0
56 189 -98.0
56 190 -100.0
56 191 -96.0
56 192 -103.0
56 193 -91.0
56 194 -101.0
56 195 -106.0
56 196 -92.0
56 197 -103.0
56 198 -103.0
56 199 -91.0
56 200 -96.0
56 201 -93.0
56 202 -94.0
56 203 -106.0
56 204 -107.0
56 205 -101.0
56 206 -103.0
56 207 -97.0
56 208 -104.0
56 209 -98.0
56 210 -97.0
56 211 -101.0
56 212 -102.0
56 213 -100.0
56 214 -92.0
56 215 -104.0
56 216 -100.0
56 217 -99.0
56 218 -97.0
56 219 -102.0
56 220 -101.0
56 221 -109.0
56 222 -91.0
56 223 -96.0
56 224 -107.0
56 225 -104.0
56 226 -97.0
56 227 -98.0
56 228 -101.0
56 229 -103.0
56 230 -95.0
56 231 -99.0
56 232 -101.0
56 233 -103.0
56 234 -88.0
56 235 -101.0
56 236 -107.0
56 237 -100.0
56 238 -97.0
56 239 -99.0
56 240 -96.0
56 241 -102.0
56 242 -98.0
56 243 -100.0
56 244 -100.0
56 245 -107.0
56 246 -101.0
56 247 -90.0
56 248 -103.0
56 249 -101.0
56 250 -100.0
56 251 -101.0
56 252 -104.0
56 253 -94.0
56 254 -97.0
56 255 -100.0
56 256 -93.0
56 257 -99.0
56 258 -97.0
56 259 -103.0
56 260 -95.0
56 261 -100.0
56 262 -99.0
56 263 -96.0
56 264 -98.0
56 265 -101.0
56 266 -99.0
56 267 -104.0
56 268 -108.0
56 269 -94.0
56 270 -101.0
56 271 -105.0
56 272 -103.0
56 273 -103.0
56 274 -100.0
56 275 -101.0
56 276 -91.0
56 277 -102.0
56 278 -96.0
56 279 -95.0
56 280 -103.0
56 281 -106.0
56 282 -105.0
56 283 -107.0
56 284 -100.0
56 285 -99.0
56 286 -97.0
56 287 -94.0
56 288 -102.0
56 289 -91.0
56 290 -105.0
56 291 -97.0
56 292 -103.0
56 293 -98.0
56 294 -99.0
56 295 -105.0
56 296 -92.0
56 297 -103.0
56 298 -96.0
56 299 -98.0
56 300 -98.0
56 301 -99.0
56 302 -95.0
56 303 -99.0
56 304 -91.0
56 305 -93.0
56 306 -103.0
56 307 -91.0
56 308 -97.0
56 309 -102.0
56 310 -99.0
56 311 -101.0
56 312 -88.0
56 313 -101.0
56 314 -95.0
56 315 -95.0
56 316 -97.0
56 317 -98.0
56 318 -93.0
56 319 -99.0
56 320 -104.0
57 58 -99.0
57 59 -103.0
57 60 -100.0
57 61 -101.0
57 62 -99.0
57 63 -98.0
57 64 -97.0
57 65 -100.0
57 66 -92.0
57 67 -97.0
57 68 -96.0
57 69 -104.0
57 70 -95.0
57 71 -100.0
57 72 -101.0
57 73 -103.0
57 74 -98.0
57 75 -106.0
57 76 -99.0
57 77 -102.0
57 78 -100.0
57 79 -98.0
57 80 -92.0
57 81 -92.0
57 82 -97.0
57 83 -92.0
57 84 -89.0
57 85 -94.0
57 86 -97.0
57 87 -101.0
57 88 -112.0
57 89 -109.0
57 90 -100.0
57 91 -103.0
57 92 -102.0
57 93 -101.0
57 94 -94.0
57 95 -100.0
57 96 -94.0
57 97 -93.0
57 98 -101.0
57 99 -104.0
57 100 -97.0
57 101 -101.0
57 102 -102.0
57 103 -108.0
57 104 -91.0
57 105 -101.0
57 106 -105.0
57 107 -96.0
57 108 -99.0
57 109 -98.0
57 110 -100.0
57 111 -96.0
57 112 -97.0
57 113 -86.0
57 114 -96.0
57 115 -98.0
57 116 -105.0
57 117 -90.0
57 118 -105.0
57 119 -101.0
57 120 -94.0
57 121 -100.0
57 122 -107.0
57 123 -96.0
57 124 -104.0
57 125 -104.0
57 126 -92.0
57 127 -99.0
57 128 -102.0
57 129 -109.0
57 130 -95.0
57 131 -92.0
57 132 -96.0
57 133 -106.0
57 134 -93.0
57 135 -98.0
57 136 -106.0
57 137 -99.0
57 138 -109.0
57 139 -99.0
57 140 -96.0
57 141 -109.0
57 142 -96.0
57 143 -92.0
57 144 -98.0
57 145 -102.0
57 146 -96.0
57 147 -96.0
57 148 -102.0
57 149 -98.0
57 150 -94.0
57 151 -98.0
57 152 -95.0
57 153 -112.0
57 154 -101.0
57 155 -95.0
57 156 -100.0
57 157 -102.0
57 158 -98.0
57 159 -95.0
57 160 -102.0
57 161 -98.0
57 162 -100.0
57 163 -94.0
57 164 -97.0
57 165 -97.0
57 166 -103.0
57 167 -92.0
57 168 -99.0
57 169 -108.0
57 170 -98.0
57 171 -109.0
57 172 -91.0
57 173 -99.0
57 174 -100.0
57 175 -100.0
57 176 -102.0
57 177 -92.0
57 178 -94.0
57 179 -112.0
57 180 -100.0
57 181 -99.0
57 182 -99.0
57 183 -103.0
57 184 -100.0
57 185 -110.0
57 186 -98.0
57 187 -98.0
57 188 -97.0
57 189 -101.0
57 190 -108.0
57 191 -101.0
57 192 -86.0
57 193 -92.0
57 194 -104.0
57 195 -100.0
57 196 -103.0
57 197 -101.0
57 198 -93.0
57 199 -95.0
57 200 -94.0
57 201 -93.0
57 202 -99.0
57 203 -105.0
57 204 -97.0
57 205 -102.0
57 206 -99.0
57 207 -84.0
57 208 -101.0
57 209 -100.0
57 210 -87.0
57 211 -106.0
57 212 -100.0
57 213 -101.0
57 214 -94.0
57 215 -95.0
57 216 -98.0
57 217 -99.0
57 218 -99.0
57 219 -92.0
57 220 -98.0
57 221 -104.0
57 222 -105.0
57 223 -94.0
57 224 -106.0
57 225 -96.0
57 226 -98.0
57 227 -98.0
57 228 -110.0
57 229 -104.0
57 230 -103.0
57 231 -100.0
57 232 -99.0
57 233 -94.0
57 234 -98.0
57 235 -98.0
57 236 -101.0
57 237 -101.0
57 238 -104.0
57 239 -95.0
57 240 -100.0
57 241 -99.0
57 242 -97.0
57 243 -102.0
57 244 -99.0
57 245 -110.0
57 246 -95.0
57 247 -107.0
57 248 -107.0
57 249 -105.0
57 250 -105.0
57 251 -107.0
57 252 -94.0
57 253 -105.0
57 254 -102.0
57 255 -94.0
57 256 -101.0
57 257 -97.0
57 258 -104.0
57 259 -101.0
57 260 -115.0
57 261 -102.0
57 262 -96.0
57 263 -96.0
57 264 -102.0
57 265 -103.0
57 266 -95.0
57 267 -107.0
57 268 -93.0
57 269 -102.0
57 270 -103.0
57 271 -94.0
57 272 -96.0
57 273 -99.0
57 274 -87.0
57 275 -105.0
57 276 -106.0
57 277 -105.0
57 278 -97.0
57 279 -93.0
57 280 -101.0
57 281 -90.0
57 282 -96.0
57 283 -103.0
57 284 -94.0
57 285 -96.0
57 286 -108.0
57 287 -103.0
57 288 -95.0
57 289 -92.0
57 290 -94.0
57 291 -96.0
57 292 -94.0
57 293 -92.0
57 294 -102.0
57 295 -99.0
57 296 -103.0
57 297 -95.0
57 298 -112.0
57 299 -100.0
57 300 -101.0
57 301 -95.0
57 302 -97.0
57 303 -94.0
57 304 -96.0
57 305 -96.0
57 306 -100.0
57 307 -94.0
57 308 -101.0
57 309 -103.0
57 310 -104.0
57 311 -102.0
57 312 -92.0
57 313 -107.0
57 314 -93.0
57 315 -104.0
57 316 -97.0
57 317 -106.0
57 318 -100.0
57 319 -107.0
57 320 -100.0
58 59 -99.0
58 60 -97.0
58 61 -104.0
58 62 -100.0
58 63 -104.0
58 64 -102.0
58 65 -92.0
58 66 -98.0
58 67 -105.0
58 68 -89.0
58 69 -98.0
58 70 -94.0
58 71 -109.0
58 72 -97.0
58 73 -90.0
58 74 -105.0
58 75 -103.0
58 76 -108.0
58 77 -91.0
58 78 -98.0
58 79 -99.0
58 80 -103.0
58 81 -98.0
58 82 -98.0
58 83 -105.0
58 84 -107.0
58 85 -99.0
58 86 -99.0
58 87 -94.0
58 88 -99.0
58 89 -95.0
58 90 -106.0
58 91 -104.0
58 92 -96.0
58 93 -104.0
58 94 -92.0
58 95 -100.0
58 96 -107.0
58 97 -88.0
58 98 -109.0
58 99 -95.0
58 100 -106.0
58 101 -96.0
58 102 -99.0
58 103 -105.0
58 104 -93.0
58 105 -102.0
58 106 -94.0
58 107 -97.0
58 108 -100.0
58 109 -102.0
58 110 -95.0
58 111 -104.0
58 112 -98.0
58 113 -98.0
58 114 -99.0
58 115 -103.0
58 116 -102.0
58 117 -98.0
58 118 -92.0
58 119 -104.0
58 120 -99.0
58 121 -105.0
58 122 -100.0
58 123 -103.0
58 124 -97.0
58 125 -99.0
58 126 -98.0
58 127 -103.0
58 128 -97.0
58 129 -94.0
58 130 -97.0
58 131 -97.0
58 132 -99.0
58 133 -93.0
58 134 -96.0
58 135 -104.0
58 136 -96.0
58 137 -99.0
58 138 -103.0
58 139 -107.0
58 140 -103.0
58 141 -106.0
58 142 -97.0
58 143 -101.0
58 144 -107.0
58 145 -100.0
58 146 -99.0
58 147 -95.0
58 148 -89.0
58 149 -97.0
58 150 -95.0
58 151 -101.0
58 152 -93.0
58 153 -97.0
58 154 -94.0
58 155 -92.0
58 156 -108.0
58 157 -99.0
58 158 -110.0
58 159 -96.0
58 160 -108.0
58 161 -96.0
58 162 -103.0
58 163 -100.0
58 164 -98.0
58 165 -100.0
58 166 -103.0
58 167 -104.0
58 168 -91.0
58 169 -96.0
58 170 -108.0
58 171 -103.0
58 172 -94.0
58 173 -100.0
58 174 -99.0
58 175 -99.0
58 176 -100.0
58 177 -99.0
58 178 -96.0
58 179 -99.0
58 180 -108.0
58 181 -103.0
58 182 -95.0
58 183 -93.0
58 184 -104.0
58 185 -100.0
58 186 -104.0
58 187 -91.0
58 188 -99.0
58 189 -101.0
58 190 -99.0
58 191 -100.0
58 192 -105.0
58 193 -101.0
58 194 -94.0
58 195 -97.0
58 196 -94.0
58 197 -93.0
58 198 -95.0
58 199 -92.0
58 200 -101.0
58 201 -100.0
58 202 -99.0
58 203 -92.0
58 204 -96.0
58 205 -91.0
58 206 -98.0
58 207 -107.0
58 208 -91.0
58 209 -92.0
58 210 -97.0
58 211 -90.0
58 212 -94.0
58 213 -91.0
58 214 -94.0
58 215 -99.0
58 216 -116.0
58 217 -102.0
58 218 -103.0
58 219 -98.0
58 220 -96.0
58 221 -93.0
58 222 -101.0
58 223 -98.0
58 224 -98.0
58 225 -96.0
58 226 -100.0
58 227 -97.0
58 228 -102.0
58 229 -98.0
58 230 -92.0
58 231 -103.0
58 232 -107.0
58 233 -106.0
58 234 -95.0
58 235 -103.0
58 236 -96.0
58 237 -105.0
58 238 -104.0
58 239 -106.0
58 240 -103.0
58 241 -98.0
58 242 -97.0
58 243 -90.0
58 244 -97.0
58 245 -92.0
58 246 -97.0
58 247 -95.0
58 248 -102.0
58 249 -101.0
58 250 -103.0
58 251 -98.0
58 252 -101.0
58 253 -101.0
58 254 -107.0
58 255 -113.0
58 256 -100.0
58 257 -95.0
58 258 -95.0
58 259 -92.0
58 260 -96.0
58 261 -110.0
58 262 -97.0
58 263 -105.0
58 264 -96.0
58 265 -98.0
58 266 -102.0
58 267 -101.0
58 268 -97.0
58 269 -105.0
58 270 -98.0
58 271 -95.0
58 272 -104.0
58 273 -103.0
58 274 -100.0
58 275 -90.0
58 276 -107.0
58 277 -101.0
58 278 -93.0
58 279 -96.0
58 280 -100.0
58 281 -99.0
58 282 -96.0
58 283 -99.0
58 284 -103.0
58 285 -106.0
58 286 -93.0
58 287 -102.0
58 288 -96.0
58 289 -106.0
58 290 -97.0
58 291 -105.0
58 292 -99.0
58 293 -103.0
58 294 -89.0
58 295 -102.0
58 296 -115.0
58 297 -102.0
58 298 -103.0
58 299 -101.0
58 300 -107.0
58 301 -102.0
58 302 -100.0
58 303 -97.0
58 304 -107.0
58 305 -98.0
58 306 -97.0
58 307 -99.0
58 308 -89.0
58 309 -92.0
58 310 -100.0
58 311 -108.0
58 312 -101.0
58 313 -102.0
58 314 -104.0
58 315 -104.0
58 316 -105.0
58 317 -100.0
58 318 -101.0
58 319 -107.0
58 320 -95.0
59 60 -101.0
59 61 -97.0
59 62 -99.0
59 63 -103.0
59 64 -101.0
59 65 -99.0
59 66 -94.0
59 67 -105.0
59 68 -104.0
59 69 -99.0
59 70 -90.0
59 71 -97.0
59 72 -98.0
59 73 -91.0
59 74 -107.0
59 75 -111.0
59 76 -95.0
59 77 -101.0
59 78 -91.0
59 79 -99.0
59 80 -107.0
59 81 -99.0
59 82 -103.0
59 83 -104.0
59 84 -105.0
59 85 -106.0
59 86 -98.0
59 87 -104.0
59 88 -86.0
59 89 -94.0
59 90 -101.0
59 91 -94.0
59 92 -102.0
59 93 -92.0
59 94 -102.0
59 95 -102.0
59 96 -111.0
59 97 -99.0
59 98 -103.0
59 99 -105.0
59 100 -97.0
59 101 -99.0
59 102 -109.0
59 103 -105.0
59 104 -95.0
59 105 -101.0
59 106 -105.0
59 107 -97.0
59 108 -105.0
59 109 -105.0
59 110 -104.0
59 111 -100.0
59 112 -96.0
59 113 -106.0
59 114 -99.0
59 115 -104.0
59 116 -103.0
59 117 -87.0
59 118 -90.0
59 119 -102.0
59 120 -95.0
59 121 -95.0
59 122 -98.0
59 123 -94.0
59 124 -99.0
59 125 -99.0
59 126 -97.0
59 127 -101.0
59 128 -99.0
59 129 -99.0
59 130 -93.0
59 131 -93.0
59 132 -99.0
59 133 -98.0
59 134 -103.0
59 135 -93.0
59 136 -95.0
59 137 -91.0
59 138 -107.0
59 139 -97.0
59 140 -96.0
59 141 -99.0
59 142 -105.0
59 143 -100.0
59 144 -98.0
59 145 -97.0
59 146 -100.0
59 147 -99.0
59 148 -97.0
59 149 -100.0
59 150 -103.0
59 151 -94.0
59 152 -91.0
59 153 -104.0
59 154 -102.0
59 155 -102.0
59 156 -108.0
59 157 -105.0
59 158 -100.0
59 159 -104.0
59 160 -101.0
59 161 -103.0
59 162 -96.0
59 163 -98.0
59 164 -102.0
59 165 -99.0
59 166 -94.0
59 167 -93.0
59 168 -98.0
59 169 -97.0
59 170 -98.0
59 171 -100.0
59 172 -99.0
59 173 -92.0
59 174 -96.0
59 175 -101.0
59 176 -99.0
59 177 -99.0
59 178 -100.0
59 179 -96.0
59 180 -92.0
59 181 -104.0
59 182 -107.0
59 183 -98.0
59 184 -100.0
59 185 -104.0
59 186 -99.0
59 187 -104.0
59 188 -94.0
59 189 -100.0
59 190 -100.0
59 191 -102.0
59 192 -99.0
59 193 -104.0
59 194 -102.0
59 195 -88.0
59 196 -94.0
59 197 -97.0
59 198 -99.0
59 199 -91.0
59 200 -97.0
59 201 -102.0
59 202 -94.0
59 203 -104.0
59 204 -107.0
59 205 -99.0
59 206 -110.0
59 207 -90.0
59 208 -92.0
59 209 -95.0
59 210 -94.0
59 211 -102.0
59 212 -104.0
59 213 -107.0
59 214 -91.0
59 215 -106.0
59 216 -101.0
59 217 -107.0
59 218 -96.0
59 219 -97.0
59 220 -98.0
59 221 -90.0
59 222 -94.0
59 223 -96.0
59 224 -90.0
59 225 -96.0
59 226 -92.0
59 227 -100.0
59 228 -101.0
59 229 -90.0
59 230 -100.0
59 231 -113.0
59 232 -96.0
59 233 -99.0
59 234 -107.0
59 235 -96.0
59 236 -101.0
59 237 -93.0
59 238 -98.0
59 239 -96.0
59 240 -103.0
59 241 -101.0
59 242 -108.0
59 243 -98.0
59 244 -89.0
59 245 -102.0
59 246 -92.0
59 247 -97.0
59 248 -90.0
59 249 -109.0
59 250 -95.0
59 251 -96.0
59 252 -103.0
59 253 -96.0
59 254 -92.0
59 255 -97.0
59 256 -103.0
59 257 -101.0
59 258 -95.0
59 259 -97.0
59 260 -104.0
59 261 -98.0
59 262 -108.0
59 263 -98.0
59 264 -100.0
59 265 -89.0
59 266 -98.0
59 267 -100.0
59 268 -97.0
59 269 -101.0
59 270 -90.0
59 271 -100.0
59 272 -97.0
59 273 -104.0
59 274 -98.0
59 275 -95.0
59 276 -96.0
59 277 -99.0
59 278 -110.0
59 279 -101.0
59 280 -95.0
59 281 -97.0
59 282 -99.0
59 283 -107.0
59 284 -98.0
59 285 -102.0
59 286 -100.0
59 287 -100.0
59 288 -100.0
59 289 -101.0
59 290 -89.0
59 291 -103.0
59 292 -95.0
59 293 -102.0
59 294 -90.0
59 295 -107.0
59 296 -103.0
59 297 -90.0
59 298 -94.0
59 299 -98.0
59 300 -109.0
59 301 -100.0
59 302 -99.0
59 303 -99.0
59 304 -99.0
59 305 -89.0
59 306 -89.0
59 307 -101.0
59 308 -102.0
59 309 -108.0
59 310 -92.0
59 311 -103.0
59 312 -98.0
59 313 -90.0
59 314 -94.0
59 315 -101.0
59 316 -108.0
59 317 -101.0
59 318 -98.0
59 319 -91.0
59 320 -94.0
60 61 -101.0
60 62 -98.0
60 63 -100.0
60 64 -101.0
60 65 -99.0
60 66 -102.0
60 67 -104.0
60 68 -99.0
60 69 -100.0
60 70 -101.0
60 71 -106.0
60 72 -104.0
60 73 -100.0
60 74 -94.0
60 75 -92.0
60 76 -87.0
60 77 -104.0
60 78 -96.0
60 79 -96.0
60 80 -110.0
60 81 -94.0
60 82 -105.0
60 83 -96.0
60 84 -105.0
60 85 -101.0
60 86 -106.0
60 87 -102.0
60 88 -108.0
60 89 -93.0
60 90 -96.0
60 91 -96.0
60 92 -101.0
60 93 -90.0
60 94 -94.0
60 95 -102.0
60 96 -99.0
60 97 -95.0
60 98 -93.0
60 99 -96.0
60 100 -98.0
60 101 -94.0
60 102 -103.0
60 103 -88.0
60 104 -93.0
60 105 -98.0
60 106 -100.0
60 107 -88.0
60 108 -93.0
60 109 -102.0
60 110 -98.0
60 111 -98.0
60 112 -95.0
60 113 -100.0
60 114 -99.0
60 115 -99.0
60 116 -105.0
60 117 -94.0
60 118 -95.0
60 119 -102.0
60 120 -88.0
60 121 -99.0
60 122 -102.0
60 123 -100.0
60 124 -97.0
60 125 -103.0
60 126 -105.0
60 127 -103.0
60 128 -94.0
60 129 -102.0
60 130 -102.0
60 131 -94.0
60 132 -85.0
60 133 -87.0
60 134 -96.0
60 135 -104.0
60 136 -87.0
60 137 -98.0
60 138 -99.0
60 139 -88.0
60 140 -92.0
60 141 -92.0
60 142 -102.0
60 143 -103.0
60 144 -99.0
60 145 -98.0
60 146 -103.0
60 147 -99.0
60 148 -98.0
60 149 -97.0
60 150 -96.0
60 151 -97.0
60 152 -96.0
60 153 -103.0
60 154 -101.0
60 155 -90.0
60 156 -104.0
60 157 -94.0
60 158 -96.0
60 159 -102.0
60 160 -105.0
60 161 -100.0
60 162 -109.0
60 163 -99.0
60 164 -104.0
60 165 -99.0
60 166 -95.0
60 167 -99.0
60 168 -98.0
60 169 -103.0
60 170 -105.0
60 171 -102.0
60 172 -101.0
60 173 -100.0
60 174 -96.0
60 175 -102.0
60 176 -110.0
60 177 -95.0
60 178 -101.0
60 179 -103.0
60 180 -103.0
60 181 -105.0
60 182 -95.0
60 183 -108.0
60 184 -96.0
60 185 -98.0
60 186 -104.0
60 187 -97.0
60 188 -90.0
60 189 -98.0
60 190 -98.0
60 191 -100.0
60 192 -100.0
60 193 -100.0
60 194 -95.0
60 195 -99.0
60 196 -102.0
60 197 -99.0
60 198 -100.0
60 199 -93.0
60 200 -106.0
60 201 -101.0
60 202 -102.0
60 203 -94.0
60 204 -103.0
60 205 -96.0
60 206 -100.0
60 207 -106.0
60 208 -111.0
60 209 -98.0
60 210 -96.0
60 211 -92.0
60 212 -95.0
60 213 -105.0
60 214 -94.0
60 215 -98.0
60 216 -101.0
60 217 -100.0
60 218 -93.0
60 219 -95.0
60 220 -101.0
60 221 -92.0
60 222 -92.0
60 223 -96.0
60 224 -103.0
60 225 -103.0
60 226 -105.0
60 227 -94.0
60 228 -97.0
60 229 -100.0
60 230 -100.0
60 231 -102.0
60 232 -113.0
60 233 -104.0
60 234 -92.0
60 235 -105.0
60 236 -94.0
60 237 -104.0
60 238 -92.0
60 239 -96.0
60 240 -105.0
60 241 -105.0
60 242 -99.0
60 243 -111.0
60 244 -107.0
60 245 -100.0
60 246 -102.0
60 247 -96.0
60 248 -97.0
60 249 -96.0
60 250 -102.0
60 251 -100.0
60 252 -101.0
60 253 -108.0
60 254 -99.0
60 255 -97.0
60 256 -101.0
60 257 -108.0
60 258 -95.0
60 259 -96.0
60 260 -103.0
60 261 -92.0
60 262 -97.0
60 263 -107.0
60 264 -103.0
60 265 -102.0
60 266 -108.0
60 267 -90.0
60 268 -100.0
60 269 -89.0
60 270 -94.0
60 271 -105.0
60 272 -104.0
60 273 -106.0
60 274 -95.0
60 275 -103.0
60 276 -107.0
60 277 -95.0
60 278 -99.0
60 279 -97.0
60 280 -94.0
60 281 -104.0
60 282 -100.0
60 283 -100.0
60 284 -92.0
60 285 -102.0
60 286 -104.0
60 287 -94.0
60 288 -94.0
60 289 -93.0
60 290 -96.0
60 291 -93.0
60 292 -101.0
60 293 -101.0
60 294 -94.0
60 295 -99.0
60 296 -99.0
60 297 -100.0
60 298 -84.0
60 299 -96.0
60 300 -88.0
60 301 -96.0
60 302 -95.0
60 303 -94.0
60 304 -96.0
60 305 -97.0
60 306 -109.0
60 307 -85.0
60 308 -104.0
60 309 -101.0
60 310 -99.0
60 311 -93.0
60 312 -105.0
60 313 -92.0
60 314 -96.0
60 315 -98.0
60 316 -98.0
60 317 -97.0
60 318 -103.0
60 319 -100.0
60 320 -100.0
61 62 -91.0
61 63 -108.0
61 64 -102.0
61 65 -96.0
61 66 -97.0
61 67 -98.0
61 68 -103.0
61 69 -91.0
61 70 -104.0
61 71 -102.0
61 72 -93.0
61 73 -101.0
61 74 -108.0
61 75 -106.0
61 76 -106.0
61 77 -98.0
61 78 -97.0
61 79 -106.0
61 80 -98.0
61 81 -96.0
61 82 -98.0
61 83 -97.0
61 84 -96.0
61 85 -102.0
61 86 -98.0
61 87 -101.0
61 88 -99.0
61 89 -97.0
61 90 -103.0
61 91 -105.0
61 92 -101.0
61 93 -105.0
61 94 -102.0
61 95 -104.0
61 96 -96.0
61 97 -95.0
61 98 -101.0
61 99 -95.0
61 100 -113.0
61 101 -103.0
61 102 -98.0
61 103 -109.0
61 104 -94.0
61 105 -101.0
61 106 -87.0
61 107 -97.0
61 108 -99.0
61 109 -96.0
61 110 -102.0
61 111 -98.0
61 112 -98.0
61 113 -96.0
61 114 -100.0
61 115 -98.0
61 116 -98.0
61 117 -102.0
61 118 -105.0
61 119 -102.0
61 120 -103.0
61 121 -100.0
61 122 -96.0
61 123 -103.0
61 124 -100.0
61 125 -97.0
61 126 -101.0
61 127 -99.0
61 128 -104.0
61 129 -104.0
61 130 -92.0
61 131 -95.0
61 132 -105.0
61 133 -101.0
61 134 -99.0
61 135 -97.0
61 136 -103.0
61 137 -95.0
61 138 -99.0
61 139 -98.0
61 140 -106.0
61 141 -91.0
61 142 -101.0
61 143 -106.0
61 144 -103.0
61 145 -96.0
61 146 -101.0
61 147 -99.0
61 148 -98.0
61 149 -96.0
61 150 -92.0
61 151 -97.0
61 152 -101.0
61 153 -102.0
61 154 -102.0
61 155 -99.0
61 156 -88.0
61 157 -105.0
61 158 -105.0
61 159 -102.0
61 160 -97.0
61 161 -98.0
61 162 -106.0
61 163 -95.0
61 164 -95.0
61 165 -105.0
61 166 -92.0
61 167 -91.0
61 168 -99.0
61 169 -110.0
61 170 -97.0
61 171 -95.0
61 172 -98.0
61 173 -103.0
61 174 -100.0
61 175 -106.0
61 176 -105.0
61 177 -96.0
61 178 -97.0
61 179 -98.0
61 180 -98.0
61 181 -103.0
61 182 -100.0
61 183 -94.0
61 184 -102.0
61 185 -97.0
61 186 -89.0
61 187 -105.0
61 188 -102.0
61 189 -99.0
61 190 -91.0
61 191 -95.0
61 192 -101.0
61 193 -95.0
61 194 -101.0
61 195 -105.0
61 196 -101.0
61 197 -103.0
61 198 -111.0
61 199 -93.0
61 200 -104.0
61 201 -104.0
61 202 -98.0
61 203 -98.0
61 204 -108.0
61 205 -96.0
61 206 -100.0
61 207 -101.0
61 208 -92.0
61 209 -103.0
61 210 -93.0
61 211 -102.0
61 212 -107.0
61 213 -101.0
61 214 -100.0
61 215 -106.0
61 216 -97.0
61 217 -111.0
61 218 -97.0
61 219 -109.0
61 220 -98.0
61 221 -97.0
61 222 -93.0
61 223 -99.0
61 224 -94.0
61 225 -98.0
61 226 -93.0
61 227 -95.0
61 228 -89.0
61 229 -109.0
61 230 -98.0
61 231 -94.0
61 232 -98.0
61 233 -111.0
61 234 -101.0
61 235 -101.0
61 236 -95.0
61 237 -104.0
61 238 -104.0
61 239 -94.0
61 240 -103.0
61 241 -100.0
61 242 -97.0
61 243 -104.0
61 244 -102.0
61 245 -102.0
61 246 -104.0
61 247 -105.0
61 248 -92.0
61 249 -105.0
61 250 -91.0
61 251 -102.0
61 252 -100.0
61 253 -100.0
61 254 -108.0
61 255 -102.0
61 256 -107.0
61 257 -96.0
61 258 -98.0
61 259 -102.0
61 260 -96.0
61 261 -107.0
61 262 -101.0
61 263 -89.0
61 264 -100.0
61 265 -99.0
61 266 -98.0
61 267 -98.0
61 268 -105.0
61 269 -105.0
61 270 -96.0
61 271 -92.0
61 272 -100.0
61 273 -105.0
61 274 -100.0
61 275 -102.0
61 276 -98.0
61 277 -103.0
61 278 -93.0
61 279 -102.0
61 280 -104.0
61 281 -95.0
61 282 -104.0
61 283 -104.0
61 284 -103.0
61 285 -94.0
61 286 -102.0
61 287 -99.0
61 288 -98.0
61 289 -101.0
61 290 -104.0
61 291 -102.0
61 292 -93.0
61 293 -96.0
61 294 -100.0
61 295 -100.0
61 296 -94.0
61 297 -106.0
61 298 -96.0
61 299 -103.0
61 300 -106.0
61 301 -94.0
61 302 -103.0
61 303 -100.0
61 304 -98.0
61 305 -95.0
61 306 -95.0
61 307 -98.0
61 308 -107.0
61 309 -100.0
61 310 -95.0
61 311 -99.0
61 312 -102.0
61 313 -100.0
61 314 -94.0
61 315 -105.0
61 316 -98.0
61 317 -92.0
61 318 -101.0
61 319 -86.0
61 320 -105.0
62 63 -94.0
62 64 -103.0
62 65 -101.0
62 66 -94.0
62 67 -101.0
62 68 -108.0
62 69 -89.0
62 70 -96.0
62 71 -91.0
62 72 -104.0
62 73 -99.0
62 74 -99.0
62 75 -103.0
62 76 -98.0
62 77 -99.0
62 78 -97.0
62 79 -99.0
62 80 -107.0
62 81 -98.0
62 82 -95.0
62 83 -104.0
62 84 -93.0
62 85 -101.0
62 86 -102.0
62 87 -89.0
62 88 -102.0
62 89 -104.0
62 90 -101.0
62 91 -102.0
62 92 -92.0
62 93 -95.0
62 94 -111.0
62 95 -98.0
62 96 -101.0
62 97 -99.0
62 98 -95.0
62 99 -97.0
62 100 -104.0
62 101 -99.0
62 102 -100.0
62 103 -114.0
62 104 -106.0
62 105 -95.0
62 106 -104.0
62 107 -99.0
62 108 -103.0
62 109 -99.0
62 110 -95.0
62 111 -103.0
62 112 -105.0
62 113 -99.0
62 114 -97.0
62 115 -99.0
62 116 -101.0
62 117 -104.0
62 118 -101.0
62 119 -109.0
62 120 -95.0
62 121 -97.0
62 122 -93.0
62 123 -105.0
62 124 -98.0
62 125 -101.0
62 126 -99.0
62 127 -97.0
62 128 -100.0
62 129 -96.0
62 130 -107.0
62 131 -95.0
62 132 -99.0
62 133 -104.0
62 134 -100.0
62 135 -89.0
62 136 -103.0
62 137 -102.0
62 138 -101.0
62 139 -92.0
62 140 -94.0
62 141 -101.0
62 142 -100.0
62 143 -101.0
62 144 -106.0
62 145 -98.0
62 146 -95.0
62 147 -106.0
62 148 -107.0
62 149 -95.0
62 150 -100.0
62 151 -97.0
62 152 -103.0
62 153 -103.0
62 154 -95.0
62 155 -97.0
62 156 -98.0
62 157 -105.0
62 158 -93.0
62 159 -94.0
62 160 -100.0
62 161 -101.0
62 162 -96.0
62 163 -99.0
62 164 -100.0
62 165 -97.0
62 166 -99.0
62 167 -104.0
62 168 -104.0
62 169 -95.0
62 170 -103.0
62 171 -102.0
62 172 -95.0
62 173 -106.0
62 174 -93.0
62 175 -110.0
62 176 -99.0
62 177 -94.0
62 178 -100.0
62 179 -102.0
62 180 -97.0
62 181 -94.0
62 182 -95.0
62 183 -100.0
62 184 -99.0
62 185 -89.0
62 186 -102.0
62 187 -106.0
62 188 -99.0
62 189 -101.0
62 190 -92.0
62 191 -103.0
62 192 -102.0
62 193 -107.0
62 194 -104.0
62 195 -109.0
62 196 -105.0
62 197 -102.0
62 198 -94.0
62 199 -89.0
62 200 -103.0
62 201 -97.0
62 202 -87.0
62 203 -103.0
62 204 -97.0
62 205 -101.0
62 206 -97.0
62 207 -108.0
62 208 -102.0
62 209 -98.0
62 210 -98.0
62 211 -103.0
62 212 -104.0
62 213 -104.0
62 214 -92.0
62 215 -95.0
62 216 -105.0
62 217 -101.0
62 218 -100.0
62 219 -96.0
62 220 -105.0
62 221 -101.0
62 222 -100.0
62 223 -103.0
62 224 -96.0
62 225 -96.0
62 226 -92.0
62 227 -93.0
62 228 -97.0
62 229 -103.0
62 230 -97.0
62 231 -103.0
62 232 -95.0
62 233 -106.0
62 234 -99.0
62 235 -103.0
62 236 -96.0
62 237 -92.0
62 238 -102.0
62 239 -98.0
62 240 -90.0
62 241 -103.0
62 242 -104.0
62 243 -89.0
62 244 -102.0
62 245 -105.0
62 246 -106.0
62 247 -104.0
62 248 -102.0
62 249 -99.0
62 250 -100.0
62 251 -100.0
62 252 -97.0
62 253 -102.0
62 254 -101.0
62 255 -100.0
62 256 -103.0
62 257 -93.0
62 258 -97.0
62 259 -103.0
62 260 -94.0
62 261 -98.0
62 262 -98.0
62 263 -107.0
62 264 -97.0
62 265 -100.0
62 266 -89.0
62 267 -103.0
62 268 -100.0
62 269 -106.0
62 270 -99.0
62 271 -105.0
62 272 -98.0
62 273 -102.0
62 274 -93.0
62 275 -100.0
62 276 -103.0
62 277 -101.0
62 278 -115.0
62 279 -97.0
62 280 -98.0
62 281 -94.0
62 282 -107.0
62 283 -98.0
62 284 -97.0
62 285 -94.0
62 286 -101.0
62 287 -90.0
62 288 -97.0
62 289 -104.0
62 290 -93.0
62 291 -96.0
62 292 -97.0
62 293 -84.0
62 294 -100.0
62 295 -92.0
62 296 -95.0
62 297 -96.0
62 298 -106.0
62 299 -104.0
62 300 -107.0
62 301 -107.0
62 302 -98.0
62 303 -99.0
62 304 -96.0
62 305 -102.0
62 306 -102.0
62 307 -91.0
62 308 -100.0
62 309 -90.0
62 310 -91.0
62 311 -110.0
62 312 -100.0
62 313 -92.0
62 314 -94.0
62 315 -103.0
62 316 -97.0
62 317 -99.0
62 318 -103.0
62 319 -101.0
62 320 -105.0
63 64 -105.0
63 65 -98.0
63 66 -103.0
63 67 -91.0
63 68 -94.0
63 69 -99.0
63 70 -104.0
63 71 -105.0
63 72 -103.0
63 73 -107.0
63 74 -95.0
63 75 -97.0
63 76 -105.0
63 77 -102.0
63 78 -108.0
63 79 -97.0
63 80 -98.0
63 81 -97.0
63 82 -101.0
63 83 -98.0
63 84 -97.0
63 85 -90.0
63 86 -102.0
63 87 -101.0
63 88 -102.0
63 89 -98.0
63 90 -104.0
63 91 -99.0
63 92 -101.0
63 93 -94.0
63 94 -103.0
63 95 -84.0
63 96 -94.0
63 97 -110.0
63 98 -98.0
63 99 -106.0
63 100 -105.0
63 101 -105.0
63 102 -96.0
63 103 -97.0
63 104 -109.0
63 105 -99.0
63 106 -97.0
63 107 -100.0
63 108 -105.0
63 109 -105.0
63 110 -94.0
63 111 -97.0
63 112 -92.0
63 113 -104.0
63 114 -96.0
63 115 -109.0
63 116 -105.0
63 117 -98.0
63 118 -104.0
63 119 -104.0
63 120 -99.0
63 121 -107.0
63 122 -94.0
63 123 -97.0
63 124 -100.0
63 125 -102.0
63 126 -94.0
63 127 -102.0
63 128 -103.0
63 129 -97.0
63 130 -105.0
63 131 -92.0
63 132 -95.0
63 133 -103.0
63 134 -109.0
63 135 -108.0
63 136 -98.0
63 137 -96.0
63 138 -107.0
63 139 -94.0
63 140 -104.0
63 141 -95.0
63 142 -95.0
63 143 -100.0
63 144 -96.0
63 145 -110.0
63 146 -98.0
63 147 -99.0
63 148 -109.0
63 149 -102.0
63 150 -96.0
63 151 -92.0
63 152 -97.0
63 153 -101.0
63 154 -104.0
63 155 -92.0
63 156 -98.0
63 157 -108.0
63 158 -89.0
63 159 -100.0
63 160 -95.0
63 161 -101.0
63 162 -105.0
63 163 -87.0
63 164 -106.0
63 165 -99.0
63 166 -103.0
63 167 -101.0
63 168 -107.0
63 169 -96.0
63 170 -105.0
63 171 -97.0
63 172 -94.0
63 173 -104.0
63 174 -97.0
63 175 -100.0
63 176 -97.0
63 177 -93.0
63 178 -107.0
63 179 -97.0
63 180 -101.0
63 181 -102.0
63 182 -104.0
63 183 -95.0
63 184 -108.0
63 185 -99.0
63 186 -105.0
63 187 -95.0
63 188 -104.0
63 189 -101.0
63 190 -97.0
63 191 -99.0
63 192 -99.0
63 193 -108.0
63 194 -92.0
63 195 -105.0
63 196 -98.0
63 197 -104.0
63 198 -93.0
63 199 -89.0
63 200 -94.0
63 201 -106.0
63 202 -108.0
63 203 -100.0
63 204 -104.0
63 205 -94.0
63 206 -95.0
63 207 -99.0
63 208 -112.0
63 209 -101.0
63 210 -97.0
63 211 -100.0
63 212 -106.0
63 213 -98.0
63 214 -96.0
63 215 -98.0
63 216 -91.0
63 217 -103.0
63 218 -98.0
63 219 -108.0
63 220 -91.0
63 221 -97.0
63 222 -109.0
63 223 -94.0
63 224 -100.0
63 225 -100.0
63 226 -99.0
63 227 -105.0
63 228 -96.0
63 229 -105.0
63 230 -100.0
63 231 -91.0
63 232 -101.0
63 233 -101.0
63 234 -95.0
63 235 -107.0
63 236 -98.0
63 237 -96.0
63 238 -99.0
63 239 -98.0
63 240 -100.0
63 241 -99.0
63 242 -100.0
63 243 -98.0
63 244 -96.0
63 245 -102.0
63 246 -92.0
63 247 -93.0
63 248 -90.0
63 249 -99.0
63 250 -104.0
63 251 -102.0
63 252 -96.0
63 253 -93.0
63 254 -100.0
63 255 -98.0
63 256 -97.0
63 257 -98.0
63 258 -93.0
63 259 -100.0
63 260 -88.0
63 261 -99.0
63 262 -99.0
63 263 -100.0
63 264 -107.0
63 265 -90.0
63 266 -97.0
63 267 -98.0
63 268 -106.0
63 269 -101.0
63 270 -106.0
63 271 -96.0
63 272 -100.0
63 273 -100.0
63 274 -100.0
63 275 -99.0
63 276 -96.0
63 277 -91.0
63 278 -104.0
63 279 -103.0
63 280 -94.0
63 281 -94.0
63 282 -97.0
63 283 -95.0
63 284 -99.0
63 285 -103.0
63 286 -99.0
63 287 -102.0
63 288 -91.0
63 289 -93.0
63 290 -102.0
63 291 -104.0
63 292 -101.0
63 293 -97.0
63 294 -106.0
63 295 -95.0
63 296 -100.0
63 297 -105.0
63 298 -103.0
63 299 -99.0
63 300 -100.0
63 301 -95.0
63 302 -105.0
63 303 -89.0
63 304 -102.0
63 305 -97.0
63 306 -100.0
63 307 -99.0
63 308 -99.0
63 309 -104.0
63 310 -96.0
63 311 -104.0
63 312 -106.0
63 313 -105.0
63 314 -106.0
63 315 -107.0
63 316 -83.0
63 317 -97.0
63 318 -107.0
63 319 -90.0
63 320 -108.0
64 65 -98.0
64 66 -96.0
64 67 -105.0
64 68 -103.0
64 69 -97.0
64 70 -99.0
64 71 -101.0
64 72 -100.0
64 73 -101.0
64 74 -103.0
64 75 -106.0
64 76 -100.0
64 77 -100.0
64 78 -97.0
64 79 -103.0
64 80 -107.0
64 81 -102.0
64 82 -93.0
64 83 -89.0
64 84 -106.0
64 85 -100.0
64 86 -103.0
64 87 -101.0
64 88 -105.0
64 89 -97.0
64 90 -96.0
64 91 -98.0
64 92 -107.0
64 93 -106.0
64 94 -95.0
64 95 -101.0
64 96 -93.0
64 97 -100.0
64 98 -112.0
64 99 -112.0
64 100 -102.0
64 101 -98.0
64 102 -93.0
64 103 -104.0
64 104 -93.0
64 105 -101.0
64 106 -93.0
64 107 -91.0
64 108 -101.0
64 109 -96.0
64 110 -106.0
64 111 -105.0
64 112 -103.0
64 113 -89.0
64 114 -103.0
64 115 -99.0
64 116 -107.0
64 117 -98.0
64 118 -97.0
64 119 -99.0
64 120 -93.0
64 121 -99.0
64 122 -100.0
64 123 -96.0
64 124 -85.0
64 125 -106.0
64 126 -100.0
64 127 -94.0
64 128 -90.0
64 129 -97.0
64 130 -103.0
64 131 -98.0
64 132 -96.0
64 133 -105.0
64 134 -93.0
64 135 -102.0
64 136 -102.0
64 137 -94.0
64 138 -96.0
64 139 -98.0
64 140 -104.0
64 141 -109.0
64 142 -93.0
64 143 -94.0
64 144 -93.0
64 145 -98.0
64 146 -102.0
64 147 -102.0
64 148 -93.0
64 149 -86.0
64 150 -103.0
64 151 -94.0
64 152 -92.0
64 153 -107.0
64 154 -98.0
64 155 -98.0
64 156 -105.0
64 157 -92.0
64 158 -100.0
64 159 -98.0
64 160 -99.0
64 161 -103.0
64 162 -95.0
64 163 -107.0
64 164 -93.0
64 165 -104.0
64 166 -96.0
64 167 -93.0
64 168 -97.0
64 169 -102.0
64 170 -105.0
64 171 -109.0
64 172 -96.0
64 173 -95.0
64 174 -92.0
64 175 -103.0
64 176 -103.0
64 177 -96.0
64 178 -93.0
64 179 -99.0
64 180 -102.0
64 181 -94.0
64 182 -103.0
64 183 -99.0
64 184 -103.0
64 185 -94.0
64 186 -102.0
64 187 -97.0
64 188 -105.0
64 189 -101.0
64 190 -90.0
64 191 -94.0
64 192 -102.0
64 193 -111.0
64 194 -98.0
64 195 -102.0
64 196 -99.0
64 197 -96.0
64 198 -107.0
64 199 -99.0
64 200 -102.0
64 201 -99.0
64 202 -95.0
64 203 -105.0
64 204 -100.0
64 205 -100.0
64 206 -99.0
64 207 -104.0
64 208 -110.0
64 209 -91.0
64 210 -97.0
64 211 -101.0
64 212 -103.0
64 213 -96.0
64 214 -92.0
64 215 -98.0
64 216 -90.0
64 217 -100.0
64 218 -106.0
64 219 -103.0
64 220 -97.0
64 221 -99.0
64 222 -97.0
64 223 -98.0
64 224 -113.0
64 225 -92.0
64 226 -95.0
64 227 -99.0
64 228 -99.0
64 229 -109.0
64 230 -105.0
64 231 -103.0
64 232 -103.0
64 233 -104.0
64 234 -103.0
64 235 -95.0
64 236 -96.0
64 237 -110.0
64 238 -93.0
64 239 -107.0
64 240 -104.0
64 241 -101.0
64 242 -101.0
64 243 -102.0
64 244 -103.0
64 245 -99.0
64 246 -100.0
64 247 -89.0
64 248 -112.0
64 249 -106.0
64 250 -96.0
64 251 -100.0
64 252 -91.0
64 253 -95.0
64 254 -96.0
64 255 -106.0
64 256 -111.0
64 257 -94.0
64 258 -98.0
64 259 -106.0
64 260 -97.0
64 261 -103.0
64 262 -95.0
64 263 -109.0
64 264 -99.0
64 265 -98.0
64 266 -106.0
64 267 -105.0
64 268 -100.0
64 269 -101.0
64 270 -97.0
64 271 -113.0
64 272 -106.0
64 273 -93.0
64 274 -92.0
64 275 -109.0
64 276 -101.0
64 277 -101.0
64 278 -105.0
64 279 -99.0
64 280 -94.0
64 281 -100.0
64 282 -99.0
64 283 -101.0
64 284 -97.0
64 285 -97.0
64 286 -105.0
64 287 -96.0
64 288 -98.0
64 289 -104.0
64 290 -102.0
64 291 -94.0
64 292 -110.0
64 293 -103.0
64 294 -100.0
64 295 -107.0
64 296 -95.0
64 297 -102.0
64 298 -107.0
64 299 -97.0
64 300 -101.0
64 301 -103.0
64 302 -101.0
64 303 -98.0
64 304 -104.0
64 305 -105.0
64 306 -103.0
64 307 -102.0
64 308 -97.0
64 309 -95.0
64 310 -101.0
64 311 -104.0
64 312 -94.0
64 313 -103.0
64 314 -97.0
64 315 -105.0
64 316 -99.0
64 317 -99.0
64 318 -97.0
64 319 -91.0
64 320 -97.0
65 66 -99.0
65 67 -102.0
65 68 -96.0
65 69 -98.0
65 70 -103.0
65 71 -96.0
65 72 -97.0
65 73 -112.0
65 74 -103.0
65 75 -100.0
65 76 -97.0
65 77 -97.0
65 78 -102.0
65 79 -104.0
65 80 -98.0
65 81 -94.0
65 82 -98.0
65 83 -98.0
65 84 -96.0
65 85 -106.0
65 86 -95.0
65 87 -95.0
65 88 -105.0
65 89 -104.0
65 90 -92.0
65 91 -97.0
65 92 -106.0
65 93 -106.0
65 94 -96.0
65 95 -96.0
65 96 -105.0
65 97 -100.0
65 98 -100.0
65 99 -108.0
65 100 -102.0
65 101 -105.0
65 102 -96.0
65 103 -90.0
65 104 -92.0
65 105 -107.0
65 106 -102.0
65 107 -95.0
65 108 -100.0
65 109 -98.0
65 110 -83.0
65 111 -101.0
65 112 -101.0
65 113 -89.0
65 114 -114.0
65 115 -94.0
65 116 -95.0
65 117 -86.0
65 118 -106.0
65 119 -102.0
65 120 -101.0
65 121 -102.0
65 122 -102.0
65 123 -103.0
65 124 -95.0
65 125 -100.0
65 126 -96.0
65 127 -106.0
65 128 -104.0
65 129 -96.0
65 130 -97.0
65 131 -97.0
65 132 -99.0
65 133 -96.0
65 134 -99.0
65 135 -104.0
65 136 -106.0
65 137 -106.0
65 138 -107.0
65 139 -97.0
65 140 -92.0
65 141 -107.0
65 142 -96.0
65 143 -90.0
65 144 -93.0
65 145 -105.0
65 146 -93.0
65 147 -108.0
65 148 -103.0
65 149 -101.0
65 150 -99.0
65 151 -105.0
65 152 -95.0
65 153 -98.0
65 154 -102.0
65 155 -95.0
65 156 -99.0
65 157 -100.0
65 158 -95.0
65 159 -99.0
65 160 -103.0
65 161 -96.0
65 162 -102.0
65 163 -96.0
65 164 -95.0
65 165 -94.0
65 166 -95.0
65 167 -109.0
65 168 -97.0
65 169 -104.0
65 170 -101.0
65 171 -97.0
65 172 -94.0
65 173 -102.0
65 174 -91.0
65 175 -106.0
65 176 -102.0
65 177 -99.0
65 178 -92.0
65 179 -108.0
65 180 -98.0
65 181 -96.0
65 182 -99.0
65 183 -110.0
65 184 -102.0
65 185 -105.0
65 186 -105.0
65 187 -102.0
65 188 -96.0
65 189 -100.0
65 190 -104.0
65 191 -91.0
65 192 -99.0
65 193 -95.0
65 194 -104.0
65 195 -101.0
65 196 -101.0
65 197 -100.0
65 198 -102.0
65 199 -101.0
65 200 -98.0
65 201 -97.0
65 202 -98.0
65 203 -105.0
65 204 -99.0
65 205 -99.0
65 206 -103.0
65 207 -95.0
65 208 -92.0
65 209 -93.0
65 210 -103.0
65 211 -99.0
65 212 -89.0
65 213 -100.0
65 214 -106.0
65 215 -99.0
65 216 -93.0
65 217 -111.0
65 218 -96.0
65 219 -98.0
65 220 -98.0
65 221 -95.0
65 222 -93.0
65 223 -103.0
65 224 -100.0
65 225 -96.0
65 226 -108.0
65 227 -91.0
65 228 -100.0
65 229 -107.0
65 230 -96.0
65 231 -99.0
65 232 -106.0
65 233 -101.0
65 234 -100.0
65 235 -102.0
65 236 -98.0
65 237 -103.0
65 238 -100.0
65 239 -99.0
65 240 -100.0
65 241 -98.0
65 242 -93.0
65 243 -97.0
65 244 -100.0
65 245 -102.0
65 246 -100.0
65 247 -97.0
65 248 -98.0
65 249 -96.0
65 250 -93.0
65 251 -93.0
65 252 -94.0
65 253 -103.0
65 254 -95.0
65 255 -91.0
65 256 -105.0
65 257 -105.0
65 258 -103.0
65 259 -97.0
65 260 -105.0
65 261 -101.0
65 262 -101.0
65 263 -105.0
65 264 -98.0
65 265 -99.0
65 266 -104.0
65 267 -98.0
65 268 -98.0
65 269 -95.0
65 270 -102.0
65 271 -98.0
65 272 -99.0
65 273 -108.0
65 274 -101.0
65 275 -97.0
65 276 -99.0
65 277 -92.0
65 278 -89.0
65 279 -103.0
65 280 -107.0
65 281 -100.0
65 282 -100.0
65 283 -105.0
65 284 -87.0
65 285 -99.0
65 286 -98.0
65 287 -99.0
65 288 -96.0
65 289 -93.0
65 290 -95.0
65 291 -99.0
65 292 -90.0
65 293 -92.0
65 294 -99.0
65 295 -102.0
65 296 -101.0
65 297 -101.0
65 298 -110.0
65 299 -99.0
65 300 -103.0
65 301 -100.0
65 302 -101.0
65 303 -95.0
65 304 -102.0
65 305 -101.0
65 306 -96.0
65 307 -98.0
65 308 -92.0
65 309 -98.0
65 310 -97.0
65 311 -105.0
65 312 -106.0
65 313 -93.0
65 314 -102.0
65 315 -101.0
65 316 -99.0
65 317 -98.0
65 318 -94.0
65 319 -109.0
65 320 -102.0
66 67 -99.0
66 68 -98.0
66 69 -103.0
66 70 -96.0
66 71 -101.0
66 72 -96.0
66 73 -101.0
66 74 -100.0
66 75 -100.0
66 76 -102.0
66 77 -103.0
66 78 -102.0
66 79 -98.0
66 80 -102.0
66 81 -100.0
66 82 -97.0
66 83 -96.0
66 84 -93.0
66 85 -101.0
66 86 -97.0
66 87 -98.0
66 88 -97.0
66 89 -109.0
66 90 -105.0
66 91 -100.0
66 92 -103.0
66 93 -112.0
66 94 -99.0
66 95 -103.0
66 96 -102.0
66 97 -101.0
66 98 -101.0
66 99 -97.0
66 100 -103.0
66 101 -99.0
66 102 -102.0
66 103 -100.0
66 104 -100.0
66 105 -101.0
66 106 -103.0
66 107 -95.0
66 108 -109.0
66 109 -103.0
66 110 -102.0
66 111 -102.0
66 112 -96.0
66 113 -108.0
66 114 -101.0
66 115 -90.0
66 116 -95.0
66 117 -103.0
66 118 -97.0
66 119 -104.0
66 120 -99.0
66 121 -94.0
66 122 -105.0
66 123 -97.0
66 124 -105.0
66 125 -94.0
66 126 -108.0
66 127 -107.0
66 128 -96.0
66 129 -99.0
66 130 -101.0
66 131 -101.0
66 132 -98.0
66 133 -107.0
66 134 -97.0
66 135 -103.0
66 136 -107.0
66 137 -98.0
66 138 -89.0
66 139 -98.0
66 140 -108.0
66 141 -99.0
66 142 -98.0
66 143 -102.0
66 144 -94.0
66 145 -102.0
66 146 -98.0
66 147 -109.0
66 148 -97.0
66 149 -106.0
66 150 -100.0
66 151 -96.0
66 152 -111.0
66 153 -95.0
66 154 -91.0
66 155 -96.0
66 156 -102.0
66 157 -96.0
66 158 -94.0
66 159 -96.0
66 160 -100.0
66 161 -102.0
66 162 -97.0
66 163 -100.0
66 164 -97.0
66 165 -93.0
66 166 -104.0
66 167 -84.0
66 168 -103.0
66 169 -102.0
66 170 -107.0
66 171 -98.0
66 172 -95.0
66 173 -104.0
66 174 -97.0
66 175 -100.0
66 176 -97.0
66 177 -101.0
66 178 -102.0
66 179 -101.0
66 180 -103.0
66 181 -100.0
66 182 -105.0
66 183 -98.0
66 184 -102.0
66 185 -101.0
66 186 -95.0
66 187 -97.0
66 188 -105.0
66 189 -98.0
66 190 -101.0
66 191 -91.0
66 192 -106.0
66 193 -96.0
66 194 -104.0
66 195 -91.0
66 196 -94.0
66 197 -99.0
66 198 -95.0
66 199 -100.0
66 200 -103.0
66 201 -107.0
66 202 -96.0
66 203 -97.0
66 204 -96.0
66 205 -98.0
66 206 -104.0
66 207 -101.0
66 208 -104.0
66 209 -96.0
66 210 -106.0
66 211 -100.0
66 212 -105.0
66 213 -95.0
66 214 -110.0
66 215 -109.0
66 216 -101.0
66 217 -99.0
66 218 -100.0
66 219 -94.0
66 220 -105.0
66 221 -102.0
66 222 -105.0
66 223 -98.0
66 224 -104.0
66 225 -99.0
66 226 -101.0
66 227 -100.0
66 228 -98.0
66 229 -97.0
66 230 -103.0
66 231 -97.0
66 232 -102.0
66 233 -95.0
66 234 -104.0
66 235 -93.0
66 236 -97.0
66 237 -99.0
66 238 -107.0
66 239 -95.0
66 240 -92.0
66 241 -97.0
66 242 -108.0
66 243 -102.0
66 244 -95.0
66 245 -96.0
66 246 -101.0
66 247 -99.0
66 248 -101.0
66 249 -91.0
66 250 -90.0
66 251 -93.0
66 252 -100.0
66 253 -101.0
66 254 -107.0
66 255 -92.0
66 256 -104.0
66 257 -100.0
66 258 -96.0
66 259 -100.0
66 260 -97.0
66 261 -98.0
66 262 -104.0
66 263 -93.0
66 264 -97.0
66 265 -93.0
66 266 -106.0
66 267 -89.0
66 268 -102.0
66 269 -102.0
66 270 -98.0
66 271 -108.0
66 272 -98.0
66 273 -102.0
66 274 -99.0
66 275 -103.0
66 276 -88.0
66 277 -97.0
66 278 -99.0
66 279 -95.0
66 280 -108.0
66 281 -104.0
66 282 -110.0
66 283 -94.0
66 284 -98.0
66 285 -98.0
66 286 -98.0
66 287 -106.0
66 288 -93.0
66 289 -101.0
66 290 -96.0
66 291 -102.0
66 292 -93.0
66 293 -96.0
66 294 -104.0
66 295 -94.0
66 296 -102.0
66 297 -100.0
66 298 -102.0
66 299 -101.0
66 300 -96.0
66 301 -97.0
66 302 -97.0
66 303 -97.0
66 304 -107.0
66 305 -99.0
66 306 -101.0
66 307 -92.0
66 308 -100.0
66 309 -97.0
66 310 -92.0
66 311 -105.0
66 312 -101.0
66 313 -104.0
66 314 -87.0
66 315 -93.0
66 316 -97.0
66 317 -99.0
66 318 -99.0
66 319 -100.0
66 320 -98.0
67 68 -100.0
67 69 -103.0
67 70 -107.0
67 71 -105.0
67 72 -100.0
67 73 -99.0
67 74 -94.0
67 75 -108.0
67 76 -99.0
67 77 -102.0
67 78 -97.0
67 79 -108.0
67 80 -104.0
67 81 -99.0
67 82 -100.0
67 83 -97.0
67 84 -99.0
67 85 -100.0
67 86 -99.0
67 87 -105.0
67 88 -102.0
67 89 -104.0
67 90 -101.0
67 91 -93.0
67 92 -94.0
67 93 -101.0
67 94 -105.0
67 95 -107.0
67 96 -108.0
67 97 -94.0
67 98 -99.0
67 99 -103.0
67 100 -88.0
67 101 -109.0
67 102 -100.0
67 103 -98.0
67 104 -108.0
67 105 -86.0
67 106 -105.0
67 107 -96.0
67 108 -106.0
67 109 -97.0
67 110 -99.0
67 111 -105.0
67 112 -96.0
67 113 -101.0
67 114 -94.0
67 115 -108.0
67 116 -99.0
67 117 -102.0
67 118 -98.0
67 119 -108.0
67 120 -97.0
67 121 -101.0
67 122 -106.0
67 123 -102.0
67 124 -91.0
67 125 -98.0
67 126 -107.0
67 127 -100.0
67 128 -100.0
67 129 -103.0
67 130 -102.0
67 131 -113.0
67 132 -97.0
67 133 -98.0
67 134 -92.0
67 135 -106.0
67 136 -99.0
67 137 -99.0
67 138 -98.0
67 139 -103.0
67 140 -101.0
67 141 -100.0
67 142 -111.0
67 143 -110.0
67 144 -94.0
67 145 -94.0
67 146 -90.0
67 147 -95.0
67 148 -108.0
67 149 -104.0
67 150 -97.0
67 151 -100.0
67 152 -98.0
67 153 -97.0
67 154 -98.0
67 155 -101.0
67 156 -92.0
67 157 -95.0
67 158 -92.0
67 159 -104.0
67 160 -100.0
67 161 -102.0
67 162 -107.0
67 163 -102.0
67 164 -99.0
67 165 -97.0
67 166 -97.0
67 167 -98.0
67 168 -99.0
67 169 -96.0
67 170 -98.0
67 171 -100.0
67 172 -102.0
67 173 -103.0
67 174 -97.0
67 175 -92.0
67 176 -99.0
67 177 -100.0
67 178 -95.0
67 179 -98.0
67 180 -100.0
67 181 -95.0
67 182 -97.0
67 183 -104.0
67 184 -103.0
67 185 -104.0
67 186 -100.0
67 187 -105.0
67 188 -97.0
67 189 -99.0
67 190 -102.0
67 191 -98.0
67 192 -100.0
67 193 -110.0
67 194 -108.0
67 195 -97.0
67 196 -102.0
67 197 -98.0
67 198 -97.0
67 199 -95.0
67 200 -98.0
67 201 -95.0
67 202 -102.0
67 203 -91.0
67 204 -103.0
67 205 -100.0
67 206 -101.0
67 207 -97.0
67 208 -101.0
67 209 -102.0
67 210 -95.0
67 211 -96.0
67 212 -98.0
67 213 -102.0
67 214 -100.0
67 215 -99.0
67 216 -97.0
67 217 -99.0
67 218 -98.0
67 219 -99.0
67 220 -109.0
67 221 -104.0
67 222 -101.0
67 223 -95.0
67 224 -96.0
67 225 -104.0
67 226 -89.0
67 227 -101.0
67 228 -106.0
67 229 -99.0
67 230 -96.0
67 231 -105.0
67 232 -110.0
67 233 -91.0
67 234 -90.0
67 235 -102.0
67 236 -100.0
67 237 -96.0
67 238 -93.0
67 239 -97.0
67 240 -92.0
67 241 -91.0
67 242 -98.0
67 243 -95.0
67 244 -98.0
67 245 -95.0
67 246 -100.0
67 247 -103.0
67 248 -103.0
67 249 -98.0
67 250 -96.0
67 251 -103.0
67 252 -106.0
67 253 -102.0
67 254 -99.0
67 255 -94.0
67 256 -99.0
67 257 -104.0
67 258 -92.0
67 259 -99.0
67 260 -98.0
67 261 -102.0
67 262 -99.0
67 263 -105.0
67 264 -101.0
67 265 -100.0
67 266 -101.0
67 267 -104.0
67 268 -100.0
67 269 -98.0
67 270 -98.0
67 271 -90.0
67 272 -107.0
67 273 -96.0
67 274 -98.0
67 275 -103.0
67 276 -102.0
67 277 -95.0
67 278 -98.0
67 279 -91.0
67 280 -102.0
67 281 -100.0
67 282 -98.0
67 283 -93.0
67 284 -94.0
67 285 -105.0
67 286 -103.0
67 287 -92.0
67 288 -111.0
67 289 -101.0
67 290 -102.0
67 291 -100.0
67 292 -98.0
67 293 -100.0
67 294 -107.0
67 295 -98.0
67 296 -109.0
67 297 -93.0
67 298 -86.0
67 299 -103.0
67 300 -100.0
67 301 -103.0
67 302 -105.0
67 303 -97.0
67 304 -98.0
67 305 -102.0
67 306 -102.0
67 307 -91.0
67 308 -103.0
67 309 -104.0
67 310 -103.0
67 311 -94.0
67 312 -104.0
67 313 -107.0
67 314 -90.0
67 315 -93.0
67 316 -104.0
67 317 -89.0
67 318 -97.0
67 319 -101.0
67 320 -106.0
68 69 -102.0
68 70 -90.0
68 71 -93.0
68 72 -98.0
68 73 -102.0
68 74 -104.0
68 75 -102.0
68 76 -97.0
68 77 -98.0
68 78 -108.0
68 79 -100.0
68 80 -98.0
68 81 -93.0
68 82 -98.0
68 83 -99.0
68 84 -107.0
68 85 -103.0
68 86 -103.0
68 87 -99.0
68 88 -102.0
68 89 -100.0
68 90 -98.0
68 91 -110.0
68 92 -104.0
68 93 -105.0
68 94 -94.0
68 95 -98.0
68 96 -111.0
68 97 -106.0
68 98 -91.0
68 99 -110.0
68 100 -101.0
68 101 -102.0
68 102 -107.0
68 103 -104.0
68 104 -87.0
68 105 -95.0
68 106 -99.0
68 107 -92.0
68 108 -99.0
68 109 -108.0
68 110 -106.0
68 111 -109.0
68 112 -99.0
68 113 -94.0
68 114 -95.0
68 115 -109.0
68 116 -94.0
68 117 -100.0
68 118 -106.0
68 119 -101.0
68 120 -108.0
68 121 -87.0
68 122 -97.0
68 123 -103.0
68 124 -98.0
68 125 -97.0
68 126 -101.0
68 127 -101.0
68 128 -98.0
68 129 -96.0
68 130 -92.0
68 131 -105.0
68 132 -93.0
68 133 -100.0
68 134 -105.0
68 135 -105.0
68 136 -98.0
68 137 -115.0
68 138 -101.0
68 139 -104.0
68 140 -95.0
68 141 -100.0
68 142 -105.0
68 143 -98.0
68 144 -102.0
68 145 -101.0
68 146 -100.0
68 147 -94.0
68 148 -95.0
68 149 -97.0
68 150 -94.0
68 151 -102.0
68 152 -101.0
68 153 -97.0
68 154 -101.0
68 155 -100.0
68 156 -105.0
68 157 -97.0
68 158 -97.0
68 159 -101.0
68 160 -99.0
68 161 -96.0
68 162 -95.0
68 163 -104.0
68 164 -93.0
68 165 -99.0
68 166 -107.0
68 167 -105.0
68 168 -108.0
68 169 -95.0
68 170 -102.0
68 171 -103.0
68 172 -101.0
68 173 -99.0
68 174 -100.0
68 175 -98.0
68 176 -103.0
68 177 -98.0
68 178 -100.0
68 179 -99.0
68 180 -93.0
68 181 -96.0
68 182 -96.0
68 183 -106.0
68 184 -97.0
68 185 -102.0
68 186 -100.0
68 187 -105.0
68 188 -107.0
68 189 -99.0
68 190 -100.0
68 191 -106.0
68 192 -109.0
68 193 -104.0
68 194 -104.0
68 195 -106.0
68 196 -103.0
68 197 -98.0
68 198 -102.0
68 199 -104.0
68 200 -90.0
68 201 -101.0
68 202 -94.0
68 203 -92.0
68 204 -95.0
68 205 -105.0
68 206 -93.0
68 207 -107.0
68 208 -92.0
68 209 -102.0
68 210 -88.0
68 211 -92.0
68 212 -108.0
68 213 -99.0
68 214 -112.0
68 215 -99.0
68 216 -101.0
68 217 -104.0
68 218 -103.0
68 219 -110.0
68 220 -92.0
68 221 -99.0
68 222 -99.0
68 223 -98.0
68 224 -92.0
68 225 -97.0
68 226 -87.0
68 227 -103.0
68 228 -101.0
68 229 -99.0
68 230 -93.0
68 231 -93.0
68 232 -101.0
68 233 -102.0
68 234 -93.0
68 235 -99.0
68 236 -105.0
68 237 -92.0
68 238 -104.0
68 239 -102.0
68 240 -101.0
68 241 -98.0
68 242 -93.0
68 243 -104.0
68 244 -104.0
68 245 -92.0
68 246 -88.0
68 247 -98.0
68 248 -98.0
68 249 -99.0
68 250 -99.0
68 251 -94.0
68 252 -95.0
68 253 -104.0
68 254 -99.0
68 255 -98.0
68 256 -97.0
68 257 -97.0
68 258 -102.0
68 259 -99.0
68 260 -100.0
68 261 -92.0
68 262 -106.0
68 263 -91.0
68 264 -95.0
68 265 -104.0
68 266 -104.0
68 267 -108.0
68 268 -99.0
68 269 -99.0
68 270 -110.0
68 271 -107.0
68 272 -104.0
68 273 -100.0
68 274 -88.0
68 275 -104.0
68 276 -97.0
68 277 -90.0
68 278 -102.0
68 279 -90.0
68 280 -106.0
68 281 -92.0
68 282 -100.0
68 283 -99.0
68 284 -97.0
68 285 -101.0
68 286 -100.0
68 287 -112.0
68 288 -92.0
68 289 -87.0
68 290 -109.0
68 291 -101.0
68 292 -95.0
68 293 -92.0
68 294 -98.0
68 295 -102.0
68 296 -102.0
68 297 -94.0
68 298 -93.0
68 299 -99.0
68 300 -101.0
68 301 -95.0
68 302 -91.0
68 303 -105.0
68 304 -105.0
68 305 -95.0
68 306 -92.0
68 307 -97.0
68 308 -101.0
68 309 -99.0
68 310 -95.0
68 311 -101.0
68 312 -103.0
68 313 -97.0
68 314 -103.0
68 315 -91.0
68 316 -100.0
68 317 -92.0
68 318 -108.0
68 319 -96.0
68 320 -104.0
69 70 -96.0
69 71 -100.0
69 72 -94.0
69 73 -110.0
69 74 -102.0
69 75 -106.0
69 76 -98.0
69 77 -99.0
69 78 -108.0
69 79 -93.0
69 80 -101.0
69 81 -92.0
69 82 -97.0
69 83 -89.0
69 84 -100.0
69 85 -93.0
69 86 -94.0
69 87 -102.0
69 88 -93.0
69 89 -95.0
69 90 -100.0
69 91 -104.0
69 92 -101.0
69 93 -107.0
69 94 -97.0
69 95 -96.0
69 96 -94.0
69 97 -104.0
69 98 -100.0
69 99 -99.0
69 100 -99.0
69 101 -100.0
69 102 -99.0
69 103 -94.0
69 104 -95.0
69 105 -90.0
69 106 -100.0
69 107 -90.0
69 108 -102.0
69 109 -92.0
69 110 -104.0
69 111 -95.0
69 112 -99.0
69 113 -99.0
69 114 -95.0
69 115 -96.0
69 116 -90.0
69 117 -98.0
69 118 -98.0
69 119 -104.0
69 120 -103.0
69 121 -98.0
69 122 -96.0
69 123 -94.0
69 124 -96.0
69 125 -103.0
69 126 -97.0
69 127 -106.0
69 128 -93.0
69 129 -93.0
69 130 -106.0
69 131 -103.0
69 132 -101.0
69 133 -100.0
69 134 -97.0
69 135 -96.0
69 136 -105.0
69 137 -103.0
69 138 -101.0
69 139 -101.0
69 140 -103.0
69 141 -106.0
69 142 -105.0
69 143 -96.0
69 144 -99.0
69 145 -103.0
69 146 -98.0
69 147 -103.0
69 148 -92.0
69 149 -106.0
69 150 -110.0
69 151 -110.0
69 152 -97.0
69 153 -94.0
69 154 -92.0
69 155 -92.0
69 156 -103.0
69 157 -106.0
69 158 -100.0
69 159 -100.0
69 160 -98.0
69 161 -100.0
69 162 -103.0
69 163 -96.0
69 164 -90.0
69 165 -98.0
69 166 -104.0
69 167 -109.0
69 168 -101.0
69 169 -102.0
69 170 -110.0
69 171 -101.0
69 172 -99.0
69 173 -103.0
69 174 -101.0
69 175 -99.0
69 176 -94.0
69 177 -85.0
69 178 -102.0
69 179 -103.0
69 180 -109.0
69 181 -109.0
69 182 -103.0
69 183 -103.0
69 184 -98.0
69 185 -98.0
69 186 -105.0
69 187 -93.0
69 188 -98.0
69 189 -91.0
69 190 -104.0
69 191 -99.0
69 192 -101.0
69 193 -101.0
69 194 -87.0
69 195 -97.0
69 196 -98.0
69 197 -98.0
69 198 -92.0
69 199 -103.0
69 200 -94.0
69 201 -100.0
69 202 -98.0
69 203 -109.0
69 204 -101.0
69 205 -101.0
69 206 -105.0
69 207 -96.0
69 208 -101.0
69 209 -100.0
69 210 -100.0
69 211 -100.0
69 212 -99.0
69 213 -100.0
69 214 -102.0
69 215 -92.0
69 216 -104.0
69 217 -97.0
69 218 -98.0
69 219 -98.0
69 220 -98.0
69 221 -103.0
69 222 -103.0
69 223 -86.0
69 224 -97.0
69 225 -100.0
69 226 -98.0
69 227 -85.0
69 228 -101.0
69 229 -100.0
69 230 -104.0
69 231 -94.0
69 232 -97.0
69 233 -110.0
69 234 -90.0
69 235 -95.0
69 236 -102.0
69 237 -101.0
69 238 -97.0
69 239 -96.0
69 240 -95.0
69 241 -97.0
69 242 -103.0
69 243 -100.0
69 244 -100.0
69 245 -95.0
69 246 -86.0
69 247 -100.0
69 248 -103.0
69 249 -108.0
69 250 -97.0
69 251 -101.0
69 252 -102.0
69 253 -98.0
69 254 -97.0
69 255 -99.0
69 256 -101.0
69 257 -94.0
69 258 -101.0
69 259 -101.0
69 260 -106.0
69 261 -89.0
69 262 -102.0
69 263 -104.0
69 264 -105.0
69 265 -98.0
69 266 -103.0
69 267 -98.0
69 268 -90.0
69 269 -89.0
69 270 -98.0
69 271 -110.0
69 272 -91.0
69 273 -101.0
69 274 -105.0
69 275 -98.0
69 276 -109.0
69 277 -103.0
69 278 -101.0
69 279 -112.0
69 280 -105.0
69 281 -113.0
69 282 -101.0
69 283 -92.0
69 284 -98.0
69 285 -97.0
69 286 -103.0
69 287 -103.0
69 288 -101.0
69 289 -112.0
69 290 -94.0
69 291 -94.0
69 292 -93.0
69 293 -96.0
69 294 -101.0
69 295 -100.0
69 296 -105.0
69 297 -105.0
69 298 -93.0
69 299 -95.0
69 300 -96.0
69 301 -96.0
69 302 -87.0
69 303 -98.0
69 304 -95.0
69 305 -94.0
69 306 -101.0
69 307 -106.0
69 308 -96.0
69 309 -100.0
69 310 -95.0
69 311 -94.0
69 312 -102.0
69 313 -101.0
69 314 -105.0
69 315 -102.0
69 316 -102.0
69 317 -85.0
69 318 -97.0
69 319 -102.0
69 320 -101.0
70 71 -110.0
70 72 -98.0
70 73 -100.0
70 74 -100.0
70 75 -97.0
70 76 -95.0
70 77 -93.0
70 78 -104.0
70 79 -101.0
70 80 -99.0
70 81 -98.0
70 82 -107.0
70 83 -99.0
70 84 -100.0
70 85 -104.0
70 86 -104.0
70 87 -102.0
70 88 -110.0
70 89 -102.0
70 90 -108.0
70 91 -96.0
70 92 -92.0
70 93 -102.0
70 94 -108.0
70 95 -104.0
70 96 -87.0
70 97 -101.0
70 98 -95.0
70 99 -96.0
70 100 -99.0
70 101 -106.0
70 102 -99.0
70 103 -101.0
70 104 -101.0
70 105 -100.0
70 106 -92.0
70 107 -97.0
70 108 -104.0
70 109 -100.0
70 110 -104.0
70 111 -100.0
70 112 -97.0
70 113 -103.0
70 114 -101.0
70 115 -104.0
70 116 -97.0
70 117 -100.0
70 118 -101.0
70 119 -90.0
70 120 -102.0
70 121 -94.0
70 122 -96.0
70 123 -97.0
70 124 -104.0
70 125 -93.0
70 126 -98.0
70 127 -95.0
70 128 -96.0
70 129 -96.0
70 130 -101.0
70 131 -85.0
70 132 -98.0
70 133 -100.0
70 134 -91.0
70 135 -93.0
70 136 -102.0
70 137 -99.0
70 138 -102.0
70 139 -96.0
70 140 -97.0
70 141 -95.0
70 142 -102.0
70 143 -99.0
70 144 -94.0
70 145 -100.0
70 146 -91.0
70 147 -98.0
70 148 -101.0
70 149 -94.0
70 150 -98.0
70 151 -97.0
70 152 -109.0
70 153 -104.0
70 154 -97.0
70 155 -100.0
70 156 -99.0
70 157 -91.0
70 158 -97.0
70 159 -105.0
70 160 -103.0
70 161 -98.0
70 162 -97.0
70 163 -99.0
70 164 -100.0
70 165 -93.0
70 166 -101.0
70 167 -89.0
70 168 -102.0
70 169 -87.0
70 170 -100.0
70 171 -101.0
70 172 -107.0
70 173 -92.0
70 174 -109.0
70 175 -101.0
70 176 -101.0
70 177 -102.0
70 178 -96.0
70 179 -93.0
70 180 -105.0
70 181 -99.0
70 182 -91.0
70 183 -99.0
70 184 -97.0
70 185 -99.0
70 186 -95.0
70 187 -97.0
70 188 -92.0
70 189 -110.0
70 190 -107.0
70 191 -107.0
70 192 -98.0
70 193 -92.0
70 194 -102.0
70 195 -105.0
70 196 -93.0
70 197 -97.0
70 198 -96.0
70 199 -97.0
70 200 -97.0
70 201 -97.0
70 202 -109.0
70 203 -99.0
70 204 -106.0
70 205 -102.0
70 206 -96.0
70 207 -99.0
70 208 -103.0
70 209 -96.0
70 210 -96.0
70 211 -101.0
70 212 -99.0
70 213 -102.0
70 214 -94.0
70 215 -100.0
70 216 -105.0
70 217 -107.0
70 218 -97.0
70 219 -98.0
70 220 -108.0
70 221 -99.0
70 222 -101.0
70 223 -102.0
70 224 -97.0
70 225 -100.0
70 226 -105.0
70 227 -100.0
70 228 -94.0
70 229 -93.0
70 230 -95.0
70 231 -89.0
70 232 -98.0
70 233 -94.0
70 234 -96.0
70 235 -104.0
70 236 -95.0
70 237 -111.0
70 238 -98.0
70 239 -106.0
70 240 -96.0
70 241 -93.0
70 242 -99.0
70 243 -102.0
70 244 -89.0
70 245 -109.0
70 246 -100.0
70 247 -100.0
70 248 -99.0
70 249 -99.0
70 250 -99.0
70 251 -105.0
70 252 -92.0
70 253 -102.0
70 254 -95.0
70 255 -103.0
70 256 -96.0
70 257 -94.0
70 258 -91.0
70 259 -95.0
70 260 -101.0
70 261 -101.0
70 262 -99.0
70 263 -97.0
70 264 -104.0
70 265 -102.0
70 266 -106.0
70 267 -103.0
70 268 -103.0
70 269 -103.0
70 270 -100.0
70 271 -102.0
70 272 -97.0
70 273 -104.0
70 274 -104.0
70 275 -99.0
70 276 -97.0
70 277 -98.0
70 278 -97.0
70 279 -101.0
70 280 -101.0
70 281 -98.0
70 282 -109.0
70 283 -109.0
70 284 -100.0
70 285 -104.0
70 286 -100.0
70 287 -97.0
70 288 -98.0
70 289 -109.0
70 290 -96.0
70 291 -94.0
70 292 -102.0
70 293 -99.0
70 294 -102.0
70 295 -101.0
70 296 -95.0
70 297 -99.0
70 298 -95.0
70 299 -102.0
70 300 -107.0
70 301 -99.0
70 302 -99.0
70 303 -105.0
70 304 -104.0
70 305 -101.0
70 306 -101.0
70 307 -100.0
70 308 -102.0
70 309 -101.0
70 310 -105.0
70 311 -99.0
70 312 -95.0
70 313 -92.0
70 314 -97.0
70 315 -101.0
70 316 -97.0
70 317 -94.0
70 318 -101.0
70 319 -106.0
70 320 -96.0
71 72 -95.0
71 73 -98.0
71 74 -113.0
71 75 -98.0
71 76 -101.0
71 77 -100.0
71 78 -93.0
71 79 -102.0
71 80 -98.0
71 81 -100.0
71 82 -103.0
71 83 -98.0
71 84 -94.0
71 85 -101.0
71 86 -100.0
71 87 -99.0
71 88 -94.0
71 89 -100.0
71 90 -94.0
71 91 -103.0
71 92 -96.0
71 93 -99.0
71 94 -105.0
71 95 -97.0
71 96 -107.0
71 97 -92.0
71 98 -96.0
71 99 -101.0
71 100 -100.0
71 101 -93.0
71 102 -104.0
71 103 -90.0
71 104 -99.0
71 105 -97.0
71 106 -94.0
71 107 -98.0
71 108 -97.0
71 109 -107.0
71 110 -107.0
71 111 -101.0
71 112 -100.0
71 113 -92.0
71 114 -103.0
71 115 -92.0
71 116 -116.0
71 117 -103.0
71 118 -96.0
71 119 -100.0
71 120 -101.0
71 121 -94.0
71 122 -93.0
71 123 -99.0
71 124 -100.0
71 125 -109.0
71 126 -100.0
71 127 -96.0
71 128 -98.0
71 129 -91.0
71 130 -103.0
71 131 -101.0
71 132 -98.0
71 133 -95.0
71 134 -101.0
71 135 -96.0
71 136 -103.0
71 137 -98.0
71 138 -94.0
71 139 -97.0
71 140 -99.0
71 141 -98.0
71 142 -104.0
71 143 -95.0
71 144 -100.0
71 145 -93.0
71 146 -101.0
71 147 -103.0
71 148 -102.0
71 149 -102.0
71 150 -103.0
71 151 -99.0
71 152 -105.0
71 153 -93.0
71 154 -97.0
71 155 -98.0
71 156 -98.0
71 157 -101.0
71 158 -96.0
71 159 -96.0
71 160 -104.0
71 161 -97.0
71 162 -104.0
71 163 -94.0
71 164 -110.0
71 165 -101.0
71 166 -102.0
71 167 -101.0
71 168 -109.0
71 169 -104.0
71 170 -108.0
71 171 -103.0
71 172 -95.0
71 173 -107.0
71 174 -102.0
71 175 -95.0
71 176 -106.0
71 177 -99.0
71 178 -101.0
71 179 -112.0
71 180 -95.0
71 181 -92.0
71 182 -96.0
71 183 -98.0
71 184 -100.0
71 185 -97.0
71 186 -100.0
71 187 -102.0
71 188 -95.0
71 189 -99.0
71 190 -96.0
71 191 -100.0
71 192 -106.0
71 193 -97.0
71 194 -97.0
71 195 -97.0
71 196 -95.0
71 197 -100.0
71 198 -95.0
71 199 -98.0
71 200 -96.0
71 201 -96.0
71 202 -94.0
71 203 -94.0
71 204 -92.0
71 205 -102.0
71 206 -101.0
71 207 -99.0
71 208 -101.0
71 209 -102.0
71 210 -106.0
71 211 -101.0
71 212 -103.0
71 213 -106.0
71 214 -99.0
71 215 -105.0
71 216 -95.0
71 217 -98.0
71 218 -97.0
71 219 -100.0
71 220 -96.0
71 221 -100.0
71 222 -97.0
71 223 -92.0
71 224 -102.0
71 225 -97.0
71 226 -104.0
71 227 -110.0
71 228 -98.0
71 229 -92.0
71 230 -98.0
71 231 -96.0
71 232 -103.0
71 233 -97.0
71 234 -98.0
71 235 -91.0
71 236 -106.0
71 237 -98.0
71 238 -99.0
71 239 -98.0
71 240 -95.0
71 241 -98.0
71 242 -101.0
71 243 -108.0
71 244 -101.0
71 245 -100.0
71 246 -96.0
71 247 -95.0
71 248 -99.0
71 249 -87.0
71 250 -98.0
71 251 -101.0
71 252 -103.0
71 253 -106.0
71 254 -106.0
71 255 -95.0
71 256 -100.0
71 257 -102.0
71 258 -89.0
71 259 -99.0
71 260 -103.0
71 261 -95.0
71 262 -106.0
71 263 -109.0
71 264 -97.0
71 265 -104.0
71 266 -103.0
71 267 -97.0
71 268 -90.0
71 269 -99.0
71 270 -95.0
71 271 -103.0
71 272 -105.0
71 273 -99.0
71 274 -96.0
71 275 -104.0
71 276 -98.0
71 277 -96.0
71 278 -94.0
71 279 -107.0
71 280 -106.0
71 281 -89.0
71 282 -100.0
71 283 -100.0
71 284 -96.0
71 285 -99.0
71 286 -101.0
71 287 -90.0
71 288 -93.0
71 289 -96.0
71 290 -100.0
71 291 -103.0
71 292 -91.0
71 293 -97.0
71 294 -98.0
71 295 -94.0
71 296 -94.0
71 297 -99.0
71 298 -95.0
71 299 -102.0
71 300 -100.0
71 301 -97.0
71 302 -108.0
71 303 -103.0
71 304 -100.0
71 305 -100.0
71 306 -96.0
71 307 -100.0
71 308 -102.0
71 309 -105.0
71 310 -102.0
71 311 -93.0
71 312 -102.0
71 313 -96.0
71 314 -101.0
71 315 -100.0
71 316 -90.0
71 317 -101.0
71 318 -99.0
71 319 -100.0
71 320 -104.0
72 73 -103.0
72 74 -98.0
72 75 -97.0
72 76 -96.0
72 77 -103.0
72 78 -98.0
72 79 -94.0
72 80 -100.0
72 81 -105.0
72 82 -95.0
72 83 -101.0
72 84 -107.0
72 85 -103.0
72 86 -89.0
72 87 -101.0
72 88 -91.0
72 89 -98.0
72 90 -97.0
72 91 -102.0
72 92 -96.0
72 93 -101.0
72 94 -112.0
72 95 -102.0
72 96 -97.0
72 97 -104.0
72 98 -92.0
72 99 -106.0
72 100 -106.0
72 101 -98.0
72 102 -98.0
72 103 -102.0
72 104 -97.0
72 105 -102.0
72 106 -95.0
72 107 -96.0
72 108 -89.0
72 109 -98.0
72 110 -101.0
72 111 -89.0
72 112 -100.0
72 113 -107.0
72 114 -99.0
72 115 -98.0
72 116 -100.0
72 117 -102.0
72 118 -94.0
72 119 -106.0
72 120 -101.0
72 121 -98.0
72 122 -99.0
72 123 -93.0
72 124 -105.0
72 125 -88.0
72 126 -109.0
72 127 -103.0
72 128 -93.0
72 129 -94.0
72 130 -94.0
72 131 -103.0
72 132 -99.0
72 133 -104.0
72 134 -90.0
72 135 -106.0
72 136 -103.0
72 137 -103.0
72 138 -105.0
72 139 -101.0
72 140 -106.0
72 141 -94.0
72 142 -97.0
72 143 -107.0
72 144 -108.0
72 145 -95.0
72 146 -99.0
72 147 -99.0
72 148 -96.0
72 149 -98.0
72 150 -95.0
72 151 -102.0
72 152 -99.0
72 153 -99.0
72 154 -93.0
72 155 -99.0
72 156 -99.0
72 157 -98.0
72 158 -103.0
72 159 -95.0
72 160 -108.0
72 161 -111.0
72 162 -98.0
72 163 -94.0
72 164 -96.0
72 165 -105.0
72 166 -98.0
72 167 -99.0
72 168 -100.0
72 169 -103.0
72 170 -85.0
72 171 -95.0
72 172 -102.0
72 173 -100.0
72 174 -98.0
72 175 -101.0
72 176 -97.0
72 177 -113.0
72 178 -99.0
72 179 -103.0
72 180 -97.0
72 181 -95.0
72 182 -98.0
72 183 -101.0
72 184 -105.0
72 185 -108.0
72 186 -103.0
72 187 -95.0
72 188 -106.0
72 189 -105.0
72 190 -99.0
72 191 -101.0
72 192 -102.0
72 193 -104.0
72 194 -91.0
72 195 -95.0
72 196 -100.0
72 197 -91.0
72 198 -99.0
72 199 -104.0
72 200 -104.0
72 201 -94.0
72 202 -96.0
72 203 -113.0
72 204 -104.0
72 205 -94.0
72 206 -103.0
72 207 -99.0
72 208 -92.0
72 209 -100.0
72 210 -97.0
72 211 -94.0
72 212 -104.0
72 213 -92.0
72 214 -99.0
72 215 -102.0
72 216 -98.0
72 217 -104.0
72 218 -103.0
72 219 -91.0
72 220 -97.0
72 221 -101.0
72 222 -101.0
72 223 -99.0
72 224 -101.0
72 225 -99.0
72 226 -101.0
72 227 -107.0
72 228 -92.0
72 229 -101.0
72 230 -100.0
72 231 -100.0
72 232 -102.0
72 233 -98.0
72 234 -98.0
72 235 -99.0
72 236 -107.0
72 237 -104.0
72 238 -101.0
72 239 -97.0
72 240 -97.0
72 241 -96.0
72 242 -91.0
72 243 -107.0
72 244 -103.0
72 245 -98.0
72 246 -94.0
72 247 -107.0
72 248 -107.0
72 249 -107.0
72 250 -103.0
72 251 -96.0
72 252 -94.0
72 253 -108.0
72 254 -110.0
72 255 -100.0
72 256 -93.0
72 257 -96.0
72 258 -98.0
72 259 -100.0
72 260 -97.0
72 261 -104.0
72 262 -98.0
72 263 -102.0
72 264 -96.0
72 265 -104.0
72 266 -96.0
72 267 -102.0
72 268 -96.0
72 269 -111.0
72 270 -106.0
72 271 -94.0
72 272 -101.0
72 273 -97.0
72 274 -99.0
72 275 -87.0
72 276 -107.0
72 277 -102.0
72 278 -94.0
72 279 -99.0
72 280 -88.0
72 281 -102.0
72 282 -99.0
72 283 -102.0
72 284 -109.0
72 285 -96.0
72 286 -97.0
72 287 -101.0
72 288 -103.0
72 289 -95.0
72 290 -106.0
72 291 -94.0
72 292 -101.0
72 293 -100.0
72 294 -102.0
72 295 -94.0
72 296 -93.0
72 297 -103.0
72 298 -102.0
72 299 -89.0
72 300 -98.0
72 301 -99.0
72 302 -92.0
72 303 -92.0
72 304 -100.0
72 305 -95.0
72 306 -104.0
72 307 -96.0
72 308 -99.0
72 309 -97.0
72 310 -98.0
72 311 -97.0
72 312 -97.0
72 313 -100.0
72 314 -97.0
72 315 -103.0
72 316 -103.0
72 317 -101.0
72 318 -89.0
72 319 -104.0
72 320 -105.0
73 74 -102.0
73 75 -103.0
73 76 -95.0
73 77 -97.0
73 78 -100.0
73 79 -98.0
73 80 -104.0
73 81 -101.0
73 82 -104.0
73 83 -107.0
73 84 -99.0
73 85 -96.0
73 86 -96.0
73 87 -107.0
73 88 -101.0
73 89 -99.0
73 90 -93.0
73 91 -97.0
73 92 -99.0
73 93 -101.0
73 94 -91.0
73 95 -100.0
73 96 -103.0
73 97 -93.0
73 98 -94.0
73 99 -106.0
73 100 -92.0
73 101 -99.0
73 102 -96.0
73 103 -101.0
73 104 -103.0
73 105 -102.0
73 106 -101.0
73 107 -104.0
73 108 -102.0
73 109 -92.0
73 110 -97.0
73 111 -98.0
73 112 -102.0
73 113 -113.0
73 114 -106.0
73 115 -97.0
73 116 -100.0
73 117 -98.0
73 118 -113.0
73 119 -94.0
73 120 -101.0
73 121 -104.0
73 122 -89.0
73 123 -95.0
73 124 -97.0
73 125 -98.0
73 126 -93.0
73 127 -98.0
73 128 -103.0
73 129 -97.0
73 130 -104.0
73 131 -99.0
73 132 -96.0
73 133 -102.0
73 134 -94.0
73 135 -99.0
73 136 -100.0
73 137 -110.0
73 138 -116.0
73 139 -99.0
73 140 -96.0
73 141 -100.0
73 142 -97.0
73 143 -93.0
73 144 -98.0
73 145 -106.0
73 146 -98.0
73 147 -94.0
73 148 -100.0
73 149 -85.0
73 150 -103.0
73 151 -106.0
73 152 -98.0
73 153 -103.0
73 154 -96.0
73 155 -107.0
73 156 -100.0
73 157 -99.0
73 158 -97.0
73 159 -97.0
73 160 -97.0
73 161 -103.0
73 162 -101.0
73 163 -104.0
73 164 -111.0
73 165 -108.0
73 166 -94.0
73 167 -93.0
73 168 -101.0
73 169 -90.0
73 170 -100.0
73 171 -95.0
73 172 -103.0
73 173 -105.0
73 174 -98.0
73 175 -106.0
73 176 -102.0
73 177 -106.0
73 178 -95.0
73 179 -113.0
73 180 -109.0
73 181 -111.0
73 182 -100.0
73 183 -93.0
73 184 -105.0
73 185 -98.0
73 186 -99.0
73 187 -100.0
73 188 -95.0
73 189 -85.0
73 190 -89.0
73 191 -95.0
73 192 -108.0
73 193 -101.0
73 194 -96.0
73 195 -100.0
73 196 -100.0
73 197 -102.0
73 198 -99.0
73 199 -103.0
73 200 -104.0
73 201 -85.0
73 202 -97.0
73 203 -92.0
73 204 -98.0
73 205 -102.0
73 206 -99.0
73 207 -91.0
73 208 -99.0
73 209 -95.0
73 210 -99.0
73 211 -97.0
73 212 -90.0
73 213 -99.0
73 214 -105.0
73 215 -90.0
73 216 -99.0
73 217 -89.0
73 218 -100.0
73 219 -97.0
73 220 -96.0
73 221 -100.0
73 222 -93.0
73 223 -93.0
73 224 -99.0
73 225 -104.0
73 226 -105.0
73 227 -104.0
73 228 -104.0
73 229 -99.0
73 230 -105.0
73 231 -104.0
73 232 -93.0
73 233 -100.0
73 234 -93.0
73 235 -101.0
73 236 -99.0
73 237 -99.0
73 238 -103.0
73 239 -85.0
73 240 -102.0
73 241 -97.0
73 242 -94.0
73 243 -97.0
73 244 -104.0
73 245 -89.0
73 246 -92.0
73 247 -104.0
73 248 -103.0
73 249 -101.0
73 250 -99.0
73 251 -110.0
73 252 -98.0
73 253 -106.0
73 254 -108.0
73 255 -98.0
73 256 -95.0
73 257 -106.0
73 258 -103.0
73 259 -98.0
73 260 -101.0
73 261 -103.0
73 262 -105.0
73 263 -108.0
73 264 -94.0
73 265 -98.0
73 266 -91.0
73 267 -99.0
73 268 -100.0
73 269 -98.0
73 270 -97.0
73 271 -102.0
73 272 -104.0
73 273 -98.0
73 274 -95.0
73 275 -109.0
73 276 -108.0
73 277 -101.0
73 278 -95.0
73 279 -101.0
73 280 -92.0
73 281 -106.0
73 282 -97.0
73 283 -107.0
73 284 -99.0
73 285 -96.0
73 286 -102.0
73 287 -96.0
73 288 -96.0
73 289 -98.0
73 290 -110.0
73 291 -108.0
73 292 -109.0
73 293 -109.0
73 294 -96.0
73 295 -99.0
73 296 -104.0
73 297 -100.0
73 298 -106.0
73 299 -98.0
73 300 -99.0
73 301 -99.0
73 302 -99.0
73 303 -101.0
73 304 -102.0
73 305 -100.0
73 306 -96.0
73 307 -103.0
73 308 -106.0
73 309 -107.0
73 310 -100.0
73 311 -93.0
73 312 -92.0
73 313 -94.0
73 314 -103.0
73 315 -102.0
73 316 -102.0
73 317 -98.0
73 318 -100.0
73 319 -107.0
73 320 -103.0
74 75 -97.0
74 76 -98.0
74 77 -98.0
74 78 -88.0
74 79 -95.0
74 80 -89.0
74 81 -101.0
74 82 -98.0
74 83 -96.0
74 84 -101.0
74 85 -96.0
74 86 -99.0
74 87 -95.0
74 88 -107.0
74 89 -95.0
74 90 -101.0
74 91 -99.0
74 92 -102.0
74 93 -104.0
74 94 -97.0
74 95 -103.0
74 96 -99.0
74 97 -99.0
74 98 -102.0
74 99 -97.0
74 100 -104.0
74 101 -92.0
74 102 -89.0
74 103 -106.0
74 104 -90.0
74 105 -92.0
74 106 -92.0
74 107 -94.0
74 108 -96.0
74 109 -103.0
74 110 -111.0
74 111 -107.0
74 112 -102.0
74 113 -99.0
74 114 -98.0
74 115 -105.0
74 116 -94.0
74 117 -85.0
74 118 -90.0
74 119 -91.0
74 120 -99.0
74 121 -94.0
74 122 -85.0
74 123 -99.0
74 124 -110.0
74 125 -102.0
74 126 -98.0
74 127 -98.0
74 128 -98.0
74 129 -98.0
74 130 -100.0
74 131 -98.0
74 132 -103.0
74 133 -114.0
74 134 -104.0
74 135 -92.0
74 136 -101.0
74 137 -102.0
74 138 -103.0
74 139 -101.0
74 140 -97.0
74 141 -96.0
74 142 -99.0
74 143 -97.0
74 144 -97.0
74 145 -99.0
74 146 -97.0
74 147 -107.0
74 148 -99.0
74 149 -105.0
74 150 -103.0
74 151 -102.0
74 152 -103.0
74 153 -96.0
74 154 -98.0
74 155 -99.0
74 156 -101.0
74 157 -98.0
74 158 -107.0
74 159 -100.0
74 160 -93.0
74 161 -84.0
74 162 -100.0
74 163 -96.0
74 164 -95.0
74 165 -98.0
74 166 -93.0
74 167 -101.0
74 168 -105.0
74 169 -96.0
74 170 -99.0
74 171 -99.0
74 172 -103.0
74 173 -101.0
74 174 -104.0
74 175 -101.0
74 176 -105.0
74 177 -99.0
74 178 -104.0
74 179 -100.0
74 180 -89.0
74 181 -99.0
74 182 -96.0
74 183 -101.0
74 184 -100.0
74 185 -108.0
74 186 -100.0
74 187 -95.0
74 188 -95.0
74 189 -99.0
74 190 -107.0
74 191 -107.0
74 192 -99.0
74 193 -94.0
74 194 -97.0
74 195 -104.0
74 196 -90.0
74 197 -97.0
74 198 -104.0
74 199 -107.0
74 200 -104.0
74 201 -97.0
74 202 -103.0
74 203 -103.0
74 204 -103.0
74 205 -99.0
74 206 -96.0
74 207 -106.0
74 208 -109.0
74 209 -100.0
74 210 -98.0
74 211 -103.0
74 212 -93.0
74 213 -102.0
74 214 -103.0
74 215 -99.0
74 216 -103.0
74 217 -93.0
74 218 -104.0
74 219 -101.0
74 220 -107.0
74 221 -96.0
74 222 -110.0
74 223 -96.0
74 224 -111.0
74 225 -94.0
74 226 -100.0
74 227 -91.0
74 228 -95.0
74 229 -93.0
74 230 -101.0
74 231 -107.0
74 232 -93.0
74 233 -102.0
74 234 -106.0
74 235 -107.0
74 236 -98.0
74 237 -103.0
74 238 -96.0
74 239 -102.0
74 240 -104.0
74 241 -105.0
74 242 -103.0
74 243 -105.0
74 244 -100.0
74 245 -105.0
74 246 -95.0
74 247 -92.0
74 248 -102.0
74 249 -99.0
74 250 -100.0
74 251 -104.0
74 252 -104.0
74 253 -99.0
74 254 -109.0
74 255 -100.0
74 256 -102.0
74 257 -102.0
74 258 -94.0
74 259 -88.0
74 260 -100.0
74 261 -104.0
74 262 -96.0
74 263 -98.0
74 264 -90.0
74 265 -92.0
74 266 -96.0
74 267 -104.0
74 268 -99.0
74 269 -96.0
74 270 -92.0
74 271 -101.0
74 272 -102.0
74 273 -100.0
74 274 -93.0
74 275 -96.0
74 276 -104.0
74 277 -91.0
74 278 -91.0
74 279 -97.0
74 280 -109.0
74 281 -104.0
74 282 -97.0
74 283 -99.0
74 284 -102.0
74 285 -97.0
74 286 -109.0
74 287 -94.0
74 288 -94.0
74 289 -104.0
74 290 -97.0
74 291 -104.0
74 292 -99.0
74 293 -100.0
74 294 -97.0
74 295 -106.0
74 296 -104.0
74 297 -96.0
74 298 -91.0
74 299 -108.0
74 300 -106.0
74 301 -105.0
74 302 -95.0
74 303 -100.0
74 304 -100.0
74 305 -100.0
74 306 -106.0
74 307 -96.0
74 308 -96.0
74 309 -106.0
74 310 -96.0
74 311 -101.0
74 312 -100.0
74 313 -103.0
74 314 -103.0
74 315 -101.0
74 316 -102.0
74 317 -104.0
74 318 -98.0
74 319 -103.0
74 320 -101.0
75 76 -100.0
75 77 -106.0
75 78 -96.0
75 79 -101.0
75 80 -95.0
75 81 -108.0
75 82 -100.0
75 83 -97.0
75 84 -105.0
75 85 -93.0
75 86 -113.0
75 87 -107.0
75 88 -99.0
75 89 -97.0
75 90 -102.0
75 91 -96.0
75 92 -96.0
75 93 -97.0
75 94 -94.0
75 95 -93.0
75 96 -104.0
75 97 -99.0
75 98 -105.0
75 99 -101.0
75 100 -92.0
75 101 -106.0
75 102 -92.0
75 103 -103.0
75 104 -104.0
75 105 -101.0
75 106 -92.0
75 107 -97.0
75 108 -99.0
75 109 -93.0
75 110 -109.0
75 111 -96.0
75 112 -103.0
75 113 -101.0
75 114 -106.0
75 115 -96.0
75 116 -98.0
75 117 -95.0
75 118 -108.0
75 119 -103.0
75 120 -105.0
75 121 -97.0
75 122 -105.0
75 123 -101.0
75 124 -96.0
75 125 -101.0
75 126 -91.0
75 127 -102.0
75 128 -107.0
75 129 -103.0
75 130 -98.0
75 131 -102.0
75 132 -103.0
75 133 -104.0
75 134 -94.0
75 135 -100.0
75 136 -101.0
75 137 -105.0
75 138 -98.0
75 139 -103.0
75 140 -96.0
75 141 -97.0
75 142 -103.0
75 143 -100.0
75 144 -101.0
75 145 -104.0
75 146 -103.0
75 147 -96.0
75 148 -105.0
75 149 -99.0
75 150 -97.0
75 151 -97.0
75 152 -95.0
75 153 -99.0
75 154 -103.0
75 155 -108.0
75 156 -108.0
75 157 -89.0
75 158 -99.0
75 159 -99.0
75 160 -101.0
75 161 -105.0
75 162 -103.0
75 163 -102.0
75 164 -88.0
75 165 -102.0
75 166 -87.0
75 167 -100.0
75 168 -105.0
75 169 -99.0
75 170 -102.0
75 171 -90.0
75 172 -109.0
75 173 -100.0
75 174 -106.0
75 175 -106.0
75 176 -109.0
75 177 -102.0
75 178 -98.0
75 179 -94.0
75 180 -104.0
75 181 -109.0
75 182 -99.0
75 183 -100.0
75 184 -105.0
75 185 -99.0
75 186 -89.0
75 187 -110.0
75 188 -98.0
75 189 -98.0
75 190 -95.0
75 191 -102.0
75 192 -92.0
75 193 -99.0
75 194 -106.0
75 195 -100.0
75 196 -104.0
75 197 -101.0
75 198 -102.0
75 199 -96.0
75 200 -95.0
75 201 -106.0
75 202 -100.0
75 203 -102.0
75 204 -100.0
75 205 -99.0
75 206 -91.0
75 207 -99.0
75 208 -104.0
75 209 -100.0
75 210 -95.0
75 211 -101.0
75 212 -97.0
75 213 -101.0
75 214 -97.0
75 215 -99.0
75 216 -106.0
75 217 -96.0
75 218 -104.0
75 219 -101.0
75 220 -92.0
75 221 -95.0
75 222 -100.0
75 223 -95.0
75 224 -104.0
75 225 -99.0
75 226 -108.0
75 227 -101.0
75 228 -101.0
75 229 -106.0
75 230 -97.0
75 231 -96.0
75 232 -92.0
75 233 -95.0
75 234 -95.0
75 235 -95.0
75 236 -96.0
75 237 -106.0
75 238 -102.0
75 239 -93.0
75 240 -101.0
75 241 -101.0
75 242 -92.0
75 243 -103.0
75 244 -103.0
75 245 -93.0
75 246 -107.0
75 247 -101.0
75 248 -93.0
75 249 -106.0
75 250 -93.0
75 251 -106.0
75 252 -95.0
75 253 -87.0
75 254 -98.0
75 255 -101.0
75 256 -92.0
75 257 -95.0
75 258 -104.0
75 259 -106.0
75 260 -97.0
75 261 -98.0
75 262 -100.0
75 263 -107.0
75 264 -90.0
75 265 -108.0
75 266 -90.0
75 267 -108.0
75 268 -104.0
75 269 -97.0
75 270 -102.0
75 271 -99.0
75 272 -94.0
75 273 -104.0
75 274 -99.0
75 275 -91.0
75 276 -99.0
75 277 -106.0
75 278 -91.0
75 279 -101.0
75 280 -97.0
75 281 -108.0
75 282 -95.0
75 283 -96.0
75 284 -95.0
75 285 -106.0
75 286 -97.0
75 287 -98.0
75 288 -95.0
75 289 -106.0
75 290 -106.0
75 291 -104.0
75 292 -97.0
75 293 -101.0
75 294 -104.0
75 295 -100.0
75 296 -105.0
75 297 -95.0
75 298 -106.0
75 299 -106.0
75 300 -92.0
75 301 -102.0
75 302 -92.0
75 303 -100.0
75 304 -94.0
75 305 -96.0
75 306 -95.0
75 307 -97.0
75 308 -98.0
75 309 -92.0
75 310 -103.0
75 311 -105.0
75 312 -103.0
75 313 -104.0
75 314 -101.0
75 315 -107.0
75 316 -97.0
75 317 -107.0
75 318 -101.0
75 319 -99.0
75 320 -94.0
76 77 -93.0
76 78 -99.0
76 79 -100.0
76 80 -101.0
76 81 -100.0
76 82 -103.0
76 83 -105.0
76 84 -102.0
76 85 -107.0
76 86 -110.0
76 87 -93.0
76 88 -95.0
76 89 -98.0
76 90 -104.0
76 91 -92.0
76 92 -105.0
76 93 -104.0
76 94 -100.0
76 95 -92.0
76 96 -104.0
76 97 -107.0
76 98 -102.0
76 99 -96.0
76 100 -107.0
76 101 -96.0
76 102 -99.0
76 103 -101.0
76 104 -105.0
76 105 -106.0
76 106 -102.0
76 107 -104.0
76 108 -95.0
76 109 -97.0
76 110 -107.0
76 111 -107.0
76 112 -100.0
76 113 -97.0
76 114 -103.0
76 115 -99.0
76 116 -103.0
76 117 -88.0
76 118 -96.0
76 119 -103.0
76 120 -103.0
76 121 -99.0
76 122 -93.0
76 123 -99.0
76 124 -99.0
76 125 -95.0
76 126 -97.0
76 127 -97.0
76 128 -101.0
76 129 -101.0
76 130 -106.0
76 131 -95.0
76 132 -105.0
76 133 -104.0
76 134 -101.0
76 135 -106.0
76 136 -95.0
76 137 -98.0
76 138 -105.0
76 139 -99.0
76 140 -99.0
76 141 -103.0
76 142 -103.0
76 143 -104.0
76 144 -98.0
76 145 -98.0
76 146 -107.0
76 147 -95.0
76 148 -108.0
76 149 -98.0
76 150 -104.0
76 151 -99.0
76 152 -105.0
76 153 -96.0
76 154 -79.0
76 155 -96.0
76 156 -94.0
76 157 -98.0
76 158 -95.0
76 159 -90.0
76 160 -91.0
76 161 -100.0
76 162 -93.0
76 163 -97.0
76 164 -101.0
76 165 -106.0
76 166 -105.0
76 167 -104.0
76 168 -112.0
76 169 -105.0
76 170 -100.0
76 171 -99.0
76 172 -108.0
76 173 -91.0
76 174 -103.0
76 175 -106.0
76 176 -103.0
76 177 -102.0
76 178 -103.0
76 179 -105.0
76 180 -98.0
76 181 -98.0
76 182 -99.0
76 183 -103.0
76 184 -101.0
76 185 -108.0
76 186 -102.0
76 187 -102.0
76 188 -102.0
76 189 -94.0
76 190 -106.0
76 191 -93.0
76 192 -96.0
76 193 -98.0
76 194 -103.0
76 195 -96.0
76 196 -94.0
76 197 -101.0
76 198 -99.0
76 199 -103.0
76 200 -102.0
76 201 -98.0
76 202 -109.0
76 203 -102.0
76 204 -105.0
76 205 -95.0
76 206 -96.0
76 207 -107.0
76 208 -101.0
76 209 -96.0
76 210 -103.0
76 211 -106.0
76 212 -91.0
76 213 -96.0
76 214 -107.0
76 215 -92.0
76 216 -103.0
76 217 -105.0
76 218 -100.0
76 219 -90.0
76 220 -94.0
76 221 -98.0
76 222 -99.0
76 223 -105.0
76 224 -93.0
76 225 -95.0
76 226 -95.0
76 227 -97.0
76 228 -96.0
76 229 -106.0
76 230 -107.0
76 231 -97.0
76 232 -101.0
76 233 -107.0
76 234 -102.0
76 235 -102.0
76 236 -101.0
76 237 -106.0
76 238 -95.0
76 239 -114.0
76 240 -100.0
76 241 -104.0
76 242 -104.0
76 243 -98.0
76 244 -91.0
76 245 -94.0
76 246 -102.0
76 247 -93.0
76 248 -99.0
76 249 -92.0
76 250 -98.0
76 251 -92.0
76 252 -106.0
76 253 -102.0
76 254 -104.0
76 255 -92.0
76 256 -99.0
76 257 -98.0
76 258 -106.0
76 259 -112.0
76 260 -100.0
76 261 -99.0
76 262 -99.0
76 263 -93.0
76 264 -105.0
76 265 -93.0
76 266 -91.0
76 267 -98.0
76 268 -105.0
76 269 -103.0
76 270 -99.0
76 271 -99.0
76 272 -108.0
76 273 -97.0
76 274 -103.0
76 275 -107.0
76 276 -107.0
76 277 -102.0
76 278 -103.0
76 279 -100.0
76 280 -99.0
76 281 -105.0
76 282 -92.0
76 283 -98.0
76 284 -100.0
76 285 -100.0
76 286 -96.0
76 287 -106.0
76 288 -98.0
76 289 -101.0
76 290 -95.0
76 291 -106.0
76 292 -110.0
76 293 -96.0
76 294 -100.0
76 295 -107.0
76 296 -90.0
76 297 -104.0
76 298 -97.0
76 299 -91.0
76 300 -85.0
76 301 -102.0
76 302 -102.0
76 303 -94.0
76 304 -100.0
76 305 -97.0
76 306 -105.0
76 307 -91.0
76 308 -96.0
76 309 -94.0
76 310 -96.0
76 311 -107.0
76 312 -102.0
76 313 -104.0
76 314 -99.0
76 315 -92.0
76 316 -99.0
76 317 -100.0
76 318 -112.0
76 319 -93.0
76 320 -103.0
77 78 -101.0
77 79 -103.0
77 80 -97.0
77 81 -84.0
77 82 -105.0
77 83 -90.0
77 84 -98.0
77 85 -95.0
77 86 -95.0
77 87 -98.0
77 88 -91.0
77 89 -91.0
77 90 -106.0
77 91 -95.0
77 92 -102.0
77 93 -107.0
77 94 -98.0
77 95 -100.0
77 96 -101.0
77 97 -103.0
77 98 -98.0
77 99 -101.0
77 100 -106.0
77 101 -110.0
77 102 -103.0
77 103 -107.0
77 104 -103.0
77 105 -106.0
77 106 -99.0
77 107 -109.0
77 108 -99.0
77 109 -96.0
77 110 -98.0
77 111 -104.0
77 112 -104.0
77 113 -96.0
77 114 -99.0
77 115 -99.0
77 116 -95.0
77 117 -110.0
77 118 -101.0
77 119 -105.0
77 120 -98.0
77 121 -100.0
77 122 -103.0
77 123 -98.0
77 124 -99.0
77 125 -107.0
77 126 -106.0
77 127 -99.0
77 128 -100.0
77 129 -98.0
77 130 -106.0
77 131 -101.0
77 132 -108.0
77 133 -118.0
77 134 -99.0
77 135 -95.0
77 136 -101.0
77 137 -103.0
77 138 -97.0
77 139 -107.0
77 140 -107.0
77 141 -102.0
77 142 -98.0
77 143 -92.0
77 144 -93.0
77 145 -102.0
77 146 -102.0
77 147 -96.0
77 148 -102.0
77 149 -102.0
77 150 -98.0
77 151 -96.0
77 152 -97.0
77 153 -95.0
77 154 -103.0
77 155 -97.0
77 156 -103.0
77 157 -113.0
77 158 -106.0
77 159 -98.0
77 160 -95.0
77 161 -99.0
77 162 -92.0
77 163 -90.0
77 164 -99.0
77 165 -92.0
77 166 -96.0
77 167 -96.0
77 168 -96.0
77 169 -105.0
77 170 -96.0
77 171 -99.0
77 172 -93.0
77 173 -107.0
77 174 -108.0
77 175 -100.0
77 176 -97.0
77 177 -103.0
77 178 -101.0
77 179 -102.0
77 180 -100.0
77 181 -95.0
77 182 -106.0
77 183 -99.0
77 184 -88.0
77 185 -106.0
77 186 -98.0
77 187 -103.0
77 188 -104.0
77 189 -98.0
77 190 -102.0
77 191 -100.0
77 192 -94.0
77 193 -98.0
77 194 -100.0
77 195 -101.0
77 196 -106.0
77 197 -99.0
77 198 -104.0
77 199 -104.0
77 200 -96.0
77 201 -101.0
77 202 -112.0
77 203 -93.0
77 204 -85.0
77 205 -104.0
77 206 -103.0
77 207 -97.0
77 208 -95.0
77 209 -98.0
77 210 -95.0
77 211 -99.0
77 212 -97.0
77 213 -96.0
77 214 -100.0
77 215 -106.0
77 216 -103.0
77 217 -104.0
77 218 -100.0
77 219 -107.0
77 220 -99.0
77 221 -104.0
77 222 -105.0
77 223 -103.0
77 224 -99.0
77 225 -103.0
77 226 -99.0
77 227 -90.0
77 228 -107.0
77 229 -106.0
77 230 -102.0
77 231 -105.0
77 232 -102.0
77 233 -103.0
77 234 -92.0
77 235 -99.0
77 236 -92.0
77 237 -100.0
77 238 -100.0
77 239 -107.0
77 240 -107.0
77 241 -100.0
77 242 -103.0
77 243 -99.0
77 244 -99.0
77 245 -106.0
77 246 -97.0
77 247 -95.0
77 248 -88.0
77 249 -96.0
77 250 -108.0
77 251 -98.0
77 252 -91.0
77 253 -93.0
77 254 -94.0
77 255 -97.0
77 256 -87.0
77 257 -100.0
77 258 -95.0
77 259 -99.0
77 260 -99.0
77 261 -103.0
77 262 -96.0
77 263 -94.0
77 264 -104.0
77 265 -102.0
77 266 -87.0
77 267 -94.0
77 268 -99.0
77 269 -96.0
77 270 -101.0
77 271 -96.0
77 272 -101.0
77 273 -96.0
77 274 -105.0
77 275 -102.0
77 276 -105.0
77 277 -94.0
77 278 -113.0
77 279 -96.0
77 280 -105.0
77 281 -95.0
77 282 -90.0
77 283 -102.0
77 284 -99.0
77 285 -102.0
77 286 -101.0
77 287 -100.0
77 288 -99.0
77 289 -103.0
77 290 -93.0
77 291 -103.0
77 292 -97.0
77 293 -95.0
77 294 -91.0
77 295 -95.0
77 296 -95.0
77 297 -106.0
77 298 -103.0
77 299 -94.0
77 300 -98.0
77 301 -107.0
77 302 -87.0
77 303 -102.0
77 304 -92.0
77 305 -104.0
77 306 -102.0
77 307 -106.0
77 308 -102.0
77 309 -99.0
77 310 -107.0
77 311 -99.0
77 312 -89.0
77 313 -94.0
77 314 -97.0
77 315 -104.0
77 316 -106.0
77 317 -102.0
77 318 -116.0
77 319 -96.0
77 320 -102.0
78 79 -108.0
78 80 -98.0
78 81 -104.0
78 82 -98.0
78 83 -105.0
78 84 -106.0
78 85 -98.0
78 86 -97.0
78 87 -98.0
78 88 -96.0
78 89 -96.0
78 90 -97.0
78 91 -105.0
78 92 -103.0
78 93 -97.0
78 94 -104.0
78 95 -96.0
78 96 -107.0
78 97 -100.0
78 98 -104.0
78 99 -101.0
78 100 -98.0
78 101 -89.0
78 102 -107.0
78 103 -92.0
78 104 -99.0
78 105 -101.0
78 106 -98.0
78 107 -98.0
78 108 -96.0
78 109 -102.0
78 110 -97.0
78 111 -99.0
78 112 -97.0
78 113 -102.0
78 114 -94.0
78 115 -96.0
78 116 -96.0
78 117 -103.0
78 118 -103.0
78 119 -98.0
78 120 -102.0
78 121 -95.0
78 122 -112.0
78 123 -100.0
78 124 -93.0
78 125 -110.0
78 126 -108.0
78 127 -100.0
78 128 -97.0
78 129 -99.0
78 130 -100.0
78 131 -103.0
78 132 -96.0
78 133 -99.0
78 134 -109.0
78 135 -93.0
78 136 -98.0
78 137 -102.0
78 138 -104.0
78 139 -106.0
78 140 -108.0
78 141 -98.0
78 142 -101.0
78 143 -108.0
78 144 -100.0
78 145 -101.0
78 146 -101.0
78 147 -92.0
78 148 -98.0
78 149 -97.0
78 150 -106.0
78 151 -97.0
78 152 -102.0
78 153 -101.0
78 154 -95.0
78 155 -95.0
78 156 -104.0
78 157 -99.0
78 158 -90.0
78 159 -105.0
78 160 -105.0
78 161 -97.0
78 162 -99.0
78 163 -86.0
78 164 -94.0
78 165 -106.0
78 166 -102.0
78 167 -99.0
78 168 -106.0
78 169 -96.0
78 170 -102.0
78 171 -102.0
78 172 -94.0
78 173 -99.0
78 174 -106.0
78 175 -94.0
78 176 -91.0
78 177 -97.0
78 178 -98.0
78 179 -103.0
78 180 -105.0
78 181 -97.0
78 182 -104.0
78 183 -93.0
78 184 -99.0
78 185 -102.0
78 186 -106.0
78 187 -95.0
78 188 -91.0
78 189 -95.0
78 190 -99.0
78 191 -100.0
78 192 -103.0
78 193 -102.0
78 194 -98.0
78 195 -96.0
78 196 -98.0
78 197 -94.0
78 198 -94.0
78 199 -102.0
78 200 -93.0
78 201 -104.0
78 202 -102.0
78 203 -104.0
78 204 -95.0
78 205 -103.0
78 206 -92.0
78 207 -109.0
78 208 -99.0
78 209 -94.0
78 210 -97.0
78 211 -99.0
78 212 -94.0
78 213 -108.0
78 214 -103.0
78 215 -102.0
78 216 -103.0
78 217 -101.0
78 218 -99.0
78 219 -95.0
78 220 -104.0
78 221 -97.0
78 222 -100.0
78 223 -101.0
78 224 -99.0
78 225 -96.0
78 226 -98.0
78 227 -104.0
78 228 -99.0
78 229 -96.0
78 230 -102.0
78 231 -102.0
78 232 -108.0
78 233 -92.0
78 234 -104.0
78 235 -103.0
78 236 -106.0
78 237 -93.0
78 238 -94.0
78 239 -96.0
78 240 -107.0
78 241 -106.0
78 242 -92.0
78 243 -109.0
78 244 -105.0
78 245 -101.0
78 246 -99.0
78 247 -96.0
78 248 -100.0
78 249 -101.0
78 250 -101.0
78 251 -101.0
78 252 -105.0
78 253 -102.0
78 254 -97.0
78 255 -101.0
78 256 -100.0
78 257 -103.0
78 258 -110.0
78 259 -105.0
78 260 -92.0
78 261 -96.0
78 262 -101.0
78 263 -107.0
78 264 -101.0
78 265 -101.0
78 266 -93.0
78 267 -100.0
78 268 -99.0
78 269 -99.0
78 270 -100.0
78 271 -94.0
78 272 -101.0
78 273 -103.0
78 274 -92.0
78 275 -96.0
78 276 -102.0
78 277 -95.0
78 278 -103.0
78 279 -105.0
78 280 -98.0
78 281 -103.0
78 282 -101.0
78 283 -98.0
78 284 -108.0
78 285 -101.0
78 286 -99.0
78 287 -102.0
78 288 -99.0
78 289 -103.0
78 290 -105.0
78 291 -105.0
78 292 -104.0
78 293 -104.0
78 294 -102.0
78 295 -93.0
78 296 -93.0
78 297 -106.0
78 298 -98.0
78 299 -94.0
78 300 -100.0
78 301 -95.0
78 302 -95.0
78 303 -95.0
78 304 -104.0
78 305 -99.0
78 306 -106.0
78 307 -99.0
78 308 -97.0
78 309 -103.0
78 310 -102.0
78 311 -97.0
78 312 -103.0
78 313 -99.0
78 314 -102.0
78 315 -105.0
78 316 -94.0
78 317 -100.0
78 318 -96.0
78 319 -95.0
78 320 -102.0
79 80 -92.0
79 81 -104.0
79 82 -90.0
79 83 -91.0
79 84 -95.0
79 85 -99.0
79 86 -101.0
79 87 -99.0
79 88 -102.0
79 89 -107.0
79 90 -109.0
79 91 -90.0
79 92 -101.0
79 93 -96.0
79 94 -94.0
79 95 -92.0
79 96 -94.0
79 97 -94.0
79 98 -97.0
79 99 -94.0
79 100 -95.0
79 101 -95.0
79 102 -90.0
79 103 -93.0
79 104 -92.0
79 105 -96.0
79 106 -104.0
79 107 -102.0
79 108 -108.0
79 109 -100.0
79 110 -92.0
79 111 -101.0
79 112 -105.0
79 113 -100.0
79 114 -95.0
79 115 -98.0
79 116 -98.0
79 117 -96.0
79 118 -104.0
79 119 -105.0
79 120 -101.0
79 121 -93.0
79 122 -94.0
79 123 -105.0
79 124 -88.0
79 125 -105.0
79 126 -95.0
79 127 -104.0
79 128 -97.0
79 129 -95.0
79 130 -101.0
79 131 -100.0
79 132 -99.0
79 133 -95.0
79 134 -99.0
79 135 -88.0
79 136 -86.0
79 137 -108.0
79 138 -97.0
79 139 -106.0
79 140 -101.0
79 141 -97.0
79 142 -93.0
79 143 -102.0
79 144 -106.0
79 145 -102.0
79 146 -98.0
79 147 -102.0
79 148 -106.0
79 149 -99.0
79 150 -102.0
79 151 -84.0
79 152 -89.0
79 153 -97.0
79 154 -108.0
79 155 -107.0
79 156 -94.0
79 157 -106.0
79 158 -100.0
79 159 -106.0
79 160 -113.0
79 161 -108.0
79 162 -104.0
79 163 -93.0
79 164 -101.0
79 165 -105.0
79 166 -96.0
79 167 -105.0
79 168 -92.0
79 169 -104.0
79 170 -95.0
79 171 -90.0
79 172 -100.0
79 173 -104.0
79 174 -103.0
79 175 -89.0
79 176 -99.0
79 177 -100.0
79 178 -94.0
79 179 -101.0
79 180 -99.0
79 181 -93.0
79 182 -106.0
79 183 -99.0
79 184 -94.0
79 185 -101.0
79 186 -103.0
79 187 -107.0
79 188 -98.0
79 189 -108.0
79 190 -107.0
79 191 -91.0
79 192 -92.0
79 193 -91.0
79 194 -96.0
79 195 -99.0
79 196 -97.0
79 197 -95.0
79 198 -86.0
79 199 -102.0
79 200 -95.0
79 201 -102.0
79 202 -98.0
79 203 -103.0
79 204 -90.0
79 205 -95.0
79 206 -99.0
79 207 -97.0
79 208 -98.0
79 209 -86.0
79 210 -99.0
79 211 -101.0
79 212 -103.0
79 213 -101.0
79 214 -97.0
79 215 -101.0
79 216 -101.0
79 217 -104.0
79 218 -100.0
79 219 -102.0
79 220 -95.0
79 221 -94.0
79 222 -104.0
79 223 -96.0
79 224 -102.0
79 225 -101.0
79 226 -96.0
79 227 -95.0
79 228 -98.0
79 229 -104.0
79 230 -98.0
79 231 -102.0
79 232 -110.0
79 233 -98.0
79 234 -101.0
79 235 -106.0
79 236 -108.0
79 237 -98.0
79 238 -105.0
79 239 -103.0
79 240 -98.0
79 241 -99.0
79 242 -99.0
79 243 -89.0
79 244 -105.0
79 245 -96.0
79 246 -89.0
79 247 -98.0
79 248 -106.0
79 249 -103.0
79 250 -106.0
79 251 -105.0
79 252 -104.0
79 253 -100.0
79 254 -98.0
79 255 -87.0
79 256 -101.0
79 257 -97.0
79 258 -94.0
79 259 -96.0
79 260 -114.0
79 261 -92.0
79 262 -104.0
79 263 -100.0
79 264 -107.0
79 265 -107.0
79 266 -105.0
79 267 -103.0
79 268 -99.0
79 269 -99.0
79 270 -96.0
79 271 -94.0
79 272 -98.0
79 273 -92.0
79 274 -103.0
79 275 -96.0
79 276 -92.0
79 277 -110.0
79 278 -97.0
79 279 -97.0
79 280 -100.0
79 281 -93.0
79 282 -97.0
79 283 -99.0
79 284 -98.0
79 285 -104.0
79 286 -99.0
79 287 -99.0
79 288 -92.0
79 289 -91.0
79 290 -96.0
79 291 -99.0
79 292 -95.0
79 293 -106.0
79 294 -96.0
79 295 -100.0
79 296 -98.0
79 297 -102.0
79 298 -92.0
79 299 -102.0
79 300 -102.0
79 301 -99.0
79 302 -102.0
79 303 -106.0
79 304 -99.0
79 305 -103.0
79 306 -98.0
79 307 -103.0
79 308 -96.0
79 309 -103.0
79 310 -109.0
79 311 -106.0
79 312 -103.0
79 313 -95.0
79 314 -93.0
79 315 -99.0
79 316 -103.0
79 317 -98.0
79 318 -97.0
79 319 -99.0
79 320 -98.0
80 81 -99.0
80 82 -106.0
80 83 -106.0
80 84 -107.0
80 85 -103.0
80 86 -95.0
80 87 -103.0
80 88 -108.0
80 89 -107.0
80 90 -95.0
80 91 -109.0
80 92 -96.0
80 93 -103.0
80 94 -94.0
80 95 -106.0
80 96 -96.0
80 97 -89.0
80 98 -108.0
80 99 -103.0
80 100 -107.0
80 101 -104.0
80 102 -98.0
80 103 -97.0
80 104 -91.0
80 105 -108.0
80 106 -98.0
80 107 -99.0
80 108 -102.0
80 109 -91.0
80 110 -98.0
80 111 -102.0
80 112 -100.0
80 113 -98.0
80 114 -96.0
80 115 -100.0
80 116 -99.0
80 117 -103.0
80 118 -98.0
80 119 -97.0
80 120 -98.0
80 121 -103.0
80 122 -101.0
80 123 -101.0
80 124 -96.0
80 125 -94.0
80 126 -101.0
80 127 -94.0
80 128 -104.0
80 129 -104.0
80 130 -99.0
80 131 -98.0
80 132 -96.0
80 133 -102.0
80 134 -104.0
80 135 -99.0
80 136 -95.0
80 137 -104.0
80 138 -97.0
80 139 -101.0
80 140 -95.0
80 141 -97.0
80 142 -96.0
80 143 -106.0
80 144 -93.0
80 145 -98.0
80 146 -92.0
80 147 -93.0
80 148 -101.0
80 149 -98.0
80 150 -105.0
80 151 -100.0
80 152 -103.0
80 153 -96.0
80 154 -93.0
80 155 -97.0
80 156 -101.0
80 157 -98.0
80 158 -106.0
80 159 -91.0
80 160 -105.0
80 161 -98.0
80 162 -94.0
80 163 -96.0
80 164 -102.0
80 165 -103.0
80 166 -107.0
80 167 -108.0
80 168 -92.0
80 169 -95.0
80 170 -97.0
80 171 -97.0
80 172 -108.0
80 173 -99.0
80 174 -99.0
80 175 -103.0
80 176 -98.0
80 177 -100.0
80 178 -104.0
80 179 -95.0
80 180 -102.0
80 181 -98.0
80 182 -104.0
80 183 -101.0
80 184 -102.0
80 185 -104.0
80 186 -101.0
80 187 -98.0
80 188 -103.0
80 189 -96.0
80 190 -98.0
80 191 -103.0
80 192 -100.0
80 193 -98.0
80 194 -97.0
80 195 -91.0
80 196 -103.0
80 197 -100.0
80 198 -106.0
80 199 -100.0
80 200 -101.0
80 201 -94.0
80 202 -95.0
80 203 -95.0
80 204 -102.0
80 205 -106.0
80 206 -99.0
80 207 -97.0
80 208 -93.0
80 209 -93.0
80 210 -111.0
80 211 -101.0
80 212 -101.0
80 213 -99.0
80 214 -98.0
80 215 -98.0
80 216 -99.0
80 217 -97.0
80 218 -98.0
80 219 -98.0
80 220 -105.0
80 221 -101.0
80 222 -103.0
80 223 -98.0
80 224 -105.0
80 225 -106.0
80 226 -108.0
80 227 -107.0
80 228 -100.0
80 229 -99.0
80 230 -100.0
80 231 -102.0
80 232 -91.0
80 233 -102.0
80 234 -101.0
80 235 -103.0
80 236 -98.0
80 237 -104.0
80 238 -100.0
80 239 -101.0
80 240 -91.0
80 241 -100.0
80 242 -97.0
80 243 -96.0
80 244 -101.0
80 245 -105.0
80 246 -88.0
80 247 -101.0
80 248 -105.0
80 249 -95.0
80 250 -103.0
80 251 -95.0
80 252 -98.0
80 253 -100.0
80 254 -93.0
80 255 -104.0
80 256 -100.0
80 257 -94.0
80 258 -102.0
80 259 -96.0
80 260 -96.0
80 261 -94.0
80 262 -103.0
80 263 -97.0
80 264 -96.0
80 265 -103.0
80 266 -98.0
80 267 -91.0
80 268 -100.0
80 269 -100.0
80 270 -98.0
80 271 -106.0
80 272 -100.0
80 273 -100.0
80 274 -98.0
80 275 -98.0
80 276 -101.0
80 277 -104.0
80 278 -94.0
80 279 -101.0
80 280 -96.0
80 281 -95.0
80 282 -97.0
80 283 -92.0
80 284 -82.0
80 285 -99.0
80 286 -96.0
80 287 -97.0
80 288 -94.0
80 289 -103.0
80 290 -102.0
80 291 -102.0
80 292 -102.0
80 293 -106.0
80 294 -89.0
80 295 -106.0
80 296 -98.0
80 297 -110.0
80 298 -88.0
80 299 -102.0
80 300 -103.0
80 301 -94.0
80 302 -96.0
80 303 -100.0
80 304 -98.0
80 305 -104.0
80 306 -100.0
80 307 -103.0
80 308 -92.0
80 309 -101.0
80 310 -98.0
80 311 -98.0
80 312 -94.0
80 313 -106.0
80 314 -106.0
80 315 -102.0
80 316 -92.0
80 317 -100.0
80 318 -91.0
80 319 -101.0
80 320 -103.0
81 82 -95.0
81 83 -98.0
81 84 -98.0
81 85 -96.0
81 86 -90.0
81 87 -94.0
81 88 -96.0
81 89 -104.0
81 90 -91.0
81 91 -100.0
81 92 -107.0
81 93 -91.0
81 94 -102.0
81 95 -102.0
81 96 -97.0
81 97 -109.0
81 98 -107.0
81 99 -100.0
81 100 -100.0
81 101 -100.0
81 102 -103.0
81 103 -98.0
81 104 -101.0
81 105 -100.0
81 106 -97.0
81 107 -102.0
81 108 -105.0
81 109 -106.0
81 110 -106.0
81 111 -96.0
81 112 -104.0
81 113 -100.0
81 114 -100.0
81 115 -100.0
81 116 -91.0
81 117 -103.0
81 118 -105.0
81 119 -94.0
81 120 -101.0
81 121 -99.0
81 122 -99.0
81 123 -103.0
81 124 -97.0
81 125 -96.0
81 126 -99.0
81 127 -106.0
81 128 -99.0
81 129 -99.0
81 130 -100.0
81 131 -105.0
81 132 -100.0
81 133 -106.0
81 134 -108.0
81 135 -107.0
81 136 -105.0
81 137 -104.0
81 138 -93.0
81 139 -93.0
81 140 -108.0
81 141 -105.0
81 142 -108.0
81 143 -111.0
81 144 -93.0
81 145 -105.0
81 146 -96.0
81 147 -98.0
81 148 -102.0
81 149 -98.0
81 150 -97.0
81 151 -94.0
81 152 -102.0
81 153 -99.0
81 154 -95.0
81 155 -96.0
81 156 -99.0
81 157 -100.0
81 158 -104.0
81 159 -104.0
81 160 -102.0
81 161 -102.0
81 162 -93.0
81 163 -103.0
81 164 -95.0
81 165 -97.0
81 166 -94.0
81 167 -110.0
81 168 -101.0
81 169 -104.0
81 170 -100.0
81 171 -94.0
81 172 -98.0
81 173 -99.0
81 174 -105.0
81 175 -101.0
81 176 -105.0
81 177 -105.0
81 178 -100.0
81 179 -96.0
81 180 -92.0
81 181 -102.0
81 182 -108.0
81 183 -93.0
81 184 -102.0
81 185 -106.0
81 186 -94.0
81 187 -101.0
81 188 -92.0
81 189 -98.0
81 190 -100.0
81 191 -96.0
81 192 -104.0
81 193 -94.0
81 194 -104.0
81 195 -105.0
81 196 -101.0
81 197 -93.0
81 198 -99.0
81 199 -108.0
81 200 -103.0
81 201 -97.0
81 202 -95.0
81 203 -90.0
81 204 -94.0
81 205 -103.0
81 206 -100.0
81 207 -101.0
81 208 -105.0
81 209 -93.0
81 210 -106.0
81 211 -104.0
81 212 -96.0
81 213 -90.0
81 214 -102.0
81 215 -93.0
81 216 -98.0
81 217 -103.0
81 218 -97.0
81 219 -104.0
81 220 -101.0
81 221 -90.0
81 222 -100.0
81 223 -95.0
81 224 -101.0
81 225 -92.0
81 226 -105.0
81 227 -106.0
81 228 -101.0
81 229 -109.0
81 230 -107.0
81 231 -97.0
81 232 -98.0
81 233 -88.0
81 234 -100.0
81 235 -93.0
81 236 -101.0
81 237 -104.0
81 238 -101.0
81 239 -97.0
81 240 -97.0
81 241 -94.0
81 242 -98.0
81 243 -103.0
81 244 -100.0
81 245 -109.0
81 246 -106.0
81 247 -101.0
81 248 -91.0
81 249 -95.0
81 250 -92.0
81 251 -99.0
81 252 -95.0
81 253 -96.0
81 254 -98.0
81 255 -104.0
81 256 -102.0
81 257 -99.0
81 258 -98.0
81 259 -96.0
81 260 -98.0
81 261 -111.0
81 262 -89.0
81 263 -100.0
81 264 -100.0
81 265 -102.0
81 266 -103.0
81 267 -91.0
81 268 -91.0
81 269 -97.0
81 270 -99.0
81 271 -95.0
81 272 -97.0
81 273 -103.0
81 274 -95.0
81 275 -110.0
81 276 -105.0
81 277 -107.0
81 278 -97.0
81 279 -103.0
81 280 -90.0
81 281 -91.0
81 282 -95.0
81 283 -98.0
81 284 -102.0
81 285 -110.0
81 286 -101.0
81 287 -103.0
81 288 -102.0
81 289 -101.0
81 290 -97.0
81 291 -100.0
81 292 -95.0
81 293 -103.0
81 294 -91.0
81 295 -108.0
81 296 -96.0
81 297 -91.0
81 298 -103.0
81 299 -93.0
81 300 -98.0
81 301 -96.0
81 302 -97.0
81 303 -99.0
81 304 -101.0
81 305 -99.0
81 306 -100.0
81 307 -102.0
81 308 -100.0
81 309 -106.0
81 310 -101.0
81 311 -107.0
81 312 -99.0
81 313 -97.0
81 314 -105.0
81 315 -93.0
81 316 -106.0
81 317 -106.0
81 318 -91.0
81 319 -93.0
81 320 -100.0
82 83 -100.0
82 84 -98.0
82 85 -98.0
82 86 -103.0
82 87 -105.0
82 88 -106.0
82 89 -99.0
82 90 -108.0
82 91 -100.0
82 92 -89.0
82 93 -96.0
82 94 -97.0
82 95 -97.0
82 96 -91.0
82 97 -99.0
82 98 -111.0
82 99 -94.0
82 100 -103.0
82 101 -105.0
82 102 -91.0
82 103 -100.0
82 104 -108.0
82 105 -104.0
82 106 -88.0
82 107 -90.0
82 108 -101.0
82 109 -102.0
82 110 -107.0
82 111 -111.0
82 112 -99.0
82 113 -109.0
82 114 -106.0
82 115 -100.0
82 116 -97.0
82 117 -95.0
82 118 -101.0
82 119 -108.0
82 120 -96.0
82 121 -98.0
82 122 -96.0
82 123 -99.0
82 124 -97.0
82 125 -100.0
82 126 -101.0
82 127 -105.0
82 128 -97.0
82 129 -104.0
82 130 -98.0
82 131 -98.0
82 132 -97.0
82 133 -93.0
82 134 -105.0
82 135 -101.0
82 136 -97.0
82 137 -92.0
82 138 -93.0
82 139 -96.0
82 140 -104.0
82 141 -95.0
82 142 -98.0
82 143 -96.0
82 144 -110.0
82 145 -104.0
82 146 -97.0
82 147 -104.0
82 148 -108.0
82 149 -97.0
82 150 -103.0
82 151 -100.0
82 152 -95.0
82 153 -101.0
82 154 -106.0
82 155 -98.0
82 156 -87.0
82 157 -106.0
82 158 -97.0
82 159 -104.0
82 160 -101.0
82 161 -100.0
82 162 -94.0
82 163 -96.0
82 164 -104.0
82 165 -100.0
82 166 -102.0
82 167 -96.0
82 168 -94.0
82 169 -94.0
82 170 -94.0
82 171 -105.0
82 172 -101.0
82 173 -108.0
82 174 -97.0
82 175 -94.0
82 176 -103.0
82 177 -101.0
82 178 -89.0
82 179 -91.0
82 180 -100.0
82 181 -101.0
82 182 -95.0
82 183 -101.0
82 184 -107.0
82 185 -106.0
82 186 -92.0
82 187 -101.0
82 188 -95.0
82 189 -99.0
82 190 -87.0
82 191 -95.0
82 192 -93.0
82 193 -97.0
82 194 -99.0
82 195 -100.0
82 196 -105.0
82 197 -99.0
82 198 -92.0
82 199 -104.0
82 200 -99.0
82 201 -102.0
82 202 -99.0
82 203 -100.0
82 204 -101.0
82 205 -105.0
82 206 -97.0
82 207 -103.0
82 208 -99.0
82 209 -103.0
82 210 -97.0
82 211 -85.0
82 212 -93.0
82 213 -105.0
82 214 -91.0
82 215 -107.0
82 216 -92.0
82 217 -102.0
82 218 -94.0
82 219 -93.0
82 220 -99.0
82 221 -99.0
82 222 -102.0
82 223 -98.0
82 224 -97.0
82 225 -106.0
82 226 -98.0
82 227 -96.0
82 228 -93.0
82 229 -98.0
82 230 -105.0
82 231 -100.0
82 232 -100.0
82 233 -104.0
82 234 -103.0
82 235 -97.0
82 236 -99.0
82 237 -102.0
82 238 -100.0
82 239 -97.0
82 240 -102.0
82 241 -105.0
82 242 -99.0
82 243 -111.0
82 244 -98.0
82 245 -106.0
82 246 -102.0
82 247 -105.0
82 248 -106.0
82 249 -96.0
82 250 -109.0
82 251 -97.0
82 252 -105.0
82 253 -96.0
82 254 -97.0
82 255 -108.0
82 256 -89.0
82 257 -90.0
82 258 -108.0
82 259 -90.0
82 260 -99.0
82 261 -94.0
82 262 -105.0
82 263 -98.0
82 264 -100.0
82 265 -105.0
82 266 -102.0
82 267 -100.0
82 268 -109.0
82 269 -94.0
82 270 -99.0
82 271 -97.0
82 272 -98.0
82 273 -102.0
82 274 -99.0
82 275 -95.0
82 276 -102.0
82 277 -104.0
82 278 -101.0
82 279 -93.0
82 280 -94.0
82 281 -97.0
82 282 -90.0
82 283 -92.0
82 284 -100.0
82 285 -97.0
82 286 -106.0
82 287 -92.0
82 288 -107.0
82 289 -106.0
82 290 -89.0
82 291 -99.0
82 292 -97.0
82 293 -92.0
82 294 -103.0
82 295 -104.0
82 296 -98.0
82 297 -94.0
82 298 -102.0
82 299 -95.0
82 300 -99.0
82 301 -97.0
82 302 -94.0
82 303 -97.0
82 304 -99.0
82 305 -103.0
82 306 -103.0
82 307 -104.0
82 308 -104.0
82 309 -100.0
82 310 -99.0
82 311 -95.0
82 312 -96.0
82 313 -110.0
82 314 -93.0
82 315 -101.0
82 316 -94.0
82 317 -89.0
82 318 -96.0
82 319 -90.0
82 320 -99.0
83 84 -101.0
83 85 -104.0
83 86 -91.0
83 87 -94.0
83 88 -97.0
83 89 -96.0
83 90 -93.0
83 91 -99.0
83 92 -98.0
83 93 -104.0
83 94 -96.0
83 95 -101.0
83 96 -107.0
83 97 -102.0
83 98 -102.0
83 99 -93.0
83 100 -98.0
83 101 -95.0
83 102 -96.0
83 103 -99.0
83 104 -93.0
83 105 -105.0
83 106 -99.0
83 107 -91.0
83 108 -100.0
83 109 -105.0
83 110 -100.0
83 111 -101.0
83 112 -101.0
83 113 -99.0
83 114 -97.0
83 115 -98.0
83 116 -100.0
83 117 -95.0
83 118 -100.0
83 119 -93.0
83 120 -101.0
83 121 -98.0
83 122 -104.0
83 123 -94.0
83 124 -109.0
83 125 -104.0
83 126 -100.0
83 127 -105.0
83 128 -102.0
83 129 -100.0
83 130 -100.0
83 131 -103.0
83 132 -98.0
83 133 -99.0
83 134 -102.0
83 135 -97.0
83 136 -95.0
83 137 -96.0
83 138 -96.0
83 139 -100.0
83 140 -104.0
83 141 -98.0
83 142 -103.0
83 143 -99.0
83 144 -88.0
83 145 -94.0
83 146 -105.0
83 147 -95.0
83 148 -103.0
83 149 -102.0
83 150 -100.0
83 151 -98.0
83 152 -104.0
83 153 -100.0
83 154 -95.0
83 155 -103.0
83 156 -93.0
83 157 -100.0
83 158 -103.0
83 159 -101.0
83 160 -107.0
83 161 -94.0
83 162 -101.0
83 163 -97.0
83 164 -105.0
83 165 -91.0
83 166 -92.0
83 167 -95.0
83 168 -96.0
83 169 -90.0
83 170 -101.0
83 171 -109.0
83 172 -91.0
83 173 -96.0
83 174 -105.0
83 175 -102.0
83 176 -101.0
83 177 -97.0
83 178 -93.0
83 179 -100.0
83 180 -103.0
83 181 -91.0
83 182 -98.0
83 183 -101.0
83 184 -104.0
83 185 -102.0
83 186 -98.0
83 187 -97.0
83 188 -93.0
83 189 -96.0
83 190 -108.0
83 191 -100.0
83 192 -100.0
83 193 -93.0
83 194 -96.0
83 195 -99.0
83 196 -92.0
83 197 -100.0
83 198 -108.0
83 199 -106.0
83 200 -90.0
83 201 -97.0
83 202 -107.0
83 203 -100.0
83 204 -101.0
83 205 -99.0
83 206 -97.0
83 207 -111.0
83 208 -106.0
83 209 -92.0
83 210 -95.0
83 211 -99.0
83 212 -103.0
83 213 -95.0
83 214 -99.0
83 215 -103.0
83 216 -96.0
83 217 -93.0
83 218 -109.0
83 219 -98.0
83 220 -101.0
83 221 -99.0
83 222 -98.0
83 223 -108.0
83 224 -109.0
83 225 -96.0
83 226 -87.0
83 227 -107.0
83 228 -93.0
83 229 -103.0
83 230 -99.0
83 231 -102.0
83 232 -97.0
83 233 -94.0
83 234 -100.0
83 235 -101.0
83 236 -97.0
83 237 -105.0
83 238 -103.0
83 239 -95.0
83 240 -98.0
83 241 -104.0
83 242 -110.0
83 243 -100.0
83 244 -96.0
83 245 -100.0
83 246 -100.0
83 247 -99.0
83 248 -96.0
83 249 -102.0
83 250 -101.0
83 251 -101.0
83 252 -110.0
83 253 -97.0
83 254 -99.0
83 255 -106.0
83 256 -99.0
83 257 -87.0
83 258 -103.0
83 259 -99.0
83 260 -104.0
83 261 -100.0
83 262 -97.0
83 263 -100.0
83 264 -103.0
83 265 -104.0
83 266 -106.0
83 267 -107.0
83 268 -101.0
83 269 -107.0
83 270 -100.0
83 271 -105.0
83 272 -103.0
83 273 -97.0
83 274 -98.0
83 275 -100.0
83 276 -102.0
83 277 -90.0
83 278 -105.0
83 279 -104.0
83 280 -97.0
83 281 -98.0
83 282 -93.0
83 283 -103.0
83 284 -90.0
83 285 -107.0
83 286 -95.0
83 287 -93.0
83 288 -96.0
83 289 -105.0
83 290 -100.0
83 291 -95.0
83 292 -95.0
83 293 -101.0
83 294 -106.0
83 295 -105.0
83 296 -100.0
83 297 -97.0
83 298 -102.0
83 299 -99.0
83 300 -97.0
83 301 -99.0
83 302 -102.0
83 303 -92.0
83 304 -96.0
83 305 -98.0
83 306 -102.0
83 307 -96.0
83 308 -101.0
83 309 -98.0
83 310 -106.0
83 311 -93.0
83 312 -106.0
83 313 -101.0
83 314 -98.0
83 315 -95.0
83 316 -106.0
83 317 -93.0
83 318 -99.0
83 319 -102.0
83 320 -99.0
84 85 -99.0
84 86 -107.0
84 87 -98.0
84 88 -95.0
84 89 -94.0
84 90 -96.0
84 91 -95.0
84 92 -97.0
84 93 -99.0
84 94 -95.0
84 95 -100.0
84 96 -105.0
84 97 -96.0
84 98 -96.0
84 99 -107.0
84 100 -106.0
84 101 -98.0
84 102 -98.0
84 103 -96.0
84 104 -84.0
84 105 -98.0
84 106 -100.0
84 107 -92.0
84 108 -90.0
84 109 -97.0
84 110 -100.0
84 111 -104.0
84 112 -101.0
84 113 -101.0
84 114 -96.0
84 115 -97.0
84 116 -91.0
84 117 -96.0
84 118 -92.0
84 119 -102.0
84 120 -101.0
84 121 -100.0
84 122 -98.0
84 123 -100.0
84 124 -100.0
84 125 -98.0
84 126 -106.0
84 127 -100.0
84 128 -95.0
84 129 -98.0
84 130 -97.0
84 131 -91.0
84 132 -94.0
84 133 -102.0
84 134 -102.0
84 135 -103.0
84 136 -108.0
84 137 -99.0
84 138 -96.0
84 139 -107.0
84 140 -96.0
84 141 -99.0
84 142 -100.0
84 143 -96.0
84 144 -103.0
84 145 -97.0
84 146 -100.0
84 147 -102.0
84 148 -97.0
84 149 -92.0
84 150 -101.0
84 151 -98.0
84 152 -98.0
84 153 -94.0
84 154 -97.0
84 155 -104.0
84 156 -110.0
84 157 -101.0
84 158 -95.0
84 159 -90.0
84 160 -93.0
84 161 -102.0
84 162 -106.0
84 163 -104.0
84 164 -97.0
84 165 -97.0
84 166 -93.0
84 167 -94.0
84 168 -95.0
84 169 -104.0
84 170 -98.0
84 171 -106.0
84 172 -103.0
84 173 -97.0
84 174 -100.0
84 175 -102.0
84 176 -107.0
84 177 -97.0
84 178 -96.0
84 179 -96.0
84 180 -114.0
84 181 -104.0
84 182 -102.0
84 183 -104.0
84 184 -101.0
84 185 -102.0
84 186 -99.0
84 187 -99.0
84 188 -110.0
84 189 -98.0
84 190 -98.0
84 191 -99.0
84 192 -98.0
84 193 -100.0
84 194 -96.0
84 195 -96.0
84 196 -96.0
84 197 -105.0
84 198 -99.0
84 199 -100.0
84 200 -96.0
84 201 -101.0
84 202 -107.0
84 203 -98.0
84 204 -100.0
84 205 -100.0
84 206 -102.0
84 207 -101.0
84 208 -98.0
84 209 -104.0
84 210 -102.0
84 211 -103.0
84 212 -103.0
84 213 -96.0
84 214 -97.0
84 215 -101.0
84 216 -107.0
84 217 -97.0
84 218 -98.0
84 219 -104.0
84 220 -101.0
84 221 -106.0
84 222 -92.0
84 223 -102.0
84 224 -107.0
84 225 -95.0
84 226 -97.0
84 227 -107.0
84 228 -104.0
84 229 -103.0
84 230 -100.0
84 231 -93.0
84 232 -101.0
84 233 -102.0
84 234 -99.0
84 235 -96.0
84 236 -101.0
84 237 -98.0
84 238 -102.0
84 239 -98.0
84 240 -100.0
84 241 -101.0
84 242 -104.0
84 243 -97.0
84 244 -97.0
84 245 -97.0
84 246 -91.0
84 247 -109.0
84 248 -103.0
84 249 -102.0
84 250 -105.0
84 251 -106.0
84 252 -107.0
84 253 -96.0
84 254 -93.0
84 255 -96.0
84 256 -97.0
84 257 -99.0
84 258 -106.0
84 259 -88.0
84 260 -101.0
84 261 -105.0
84 262 -104.0
84 263 -97.0
84 264 -106.0
84 265 -97.0
84 266 -102.0
84 267 -99.0
84 268 -100.0
84 269 -93.0
84 270 -105.0
84 271 -102.0
84 272 -96.0
84 273 -96.0
84 274 -99.0
84 275 -107.0
84 276 -97.0
84 277 -105.0
84 278 -95.0
84 279 -102.0
84 280 -102.0
84 281 -95.0
84 282 -105.0
84 283 -100.0
84 284 -100.0
84 285 -103.0
84 286 -100.0
84 287 -108.0
84 288 -91.0
84 289 -98.0
84 290 -110.0
84 291 -113.0
84 292 -105.0
84 293 -105.0
84 294 -111.0
84 295 -99.0
84 296 -99.0
84 297 -101.0
84 298 -98.0
84 299 -102.0
84 300 -97.0
84 301 -103.0
84 302 -95.0
84 303 -104.0
84 304 -101.0
84 305 -103.0
84 306 -97.0
84 307 -102.0
84 308 -101.0
84 309 -99.0
84 310 -97.0
84 311 -102.0
84 312 -105.0
84 313 -113.0
84 314 -101.0
84 315 -101.0
84 316 -102.0
84 317 -105.0
84 318 -102.0
84 319 -102.0
84 320 -96.0
85 86 -95.0
85 87 -94.0
85 88 -95.0
85 89 -106.0
85 90 -92.0
85 91 -103.0
85 92 -106.0
85 93 -102.0
85 94 -93.0
85 95 -96.0
85 96 -101.0
85 97 -109.0
85 98 -101.0
85 99 -92.0
85 100 -107.0
85 101 -99.0
85 102 -100.0
85 103 -103.0
85 104 -99.0
85 105 -99.0
85 106 -91.0
85 107 -105.0
85 108 -100.0
85 109 -101.0
85 110 -97.0
85 111 -99.0
85 112 -106.0
85 113 -100.0
85 114 -93.0
85 115 -99.0
85 116 -100.0
85 117 -91.0
85 118 -102.0
85 119 -96.0
85 120 -96.0
85 121 -95.0
85 122 -92.0
85 123 -97.0
85 124 -95.0
85 125 -100.0
85 126 -101.0
85 127 -101.0
85 128 -99.0
85 129 -103.0
85 130 -105.0
85 131 -94.0
85 132 -108.0
85 133 -104.0
85 134 -103.0
85 135 -93.0
85 136 -94.0
85 137 -102.0
85 138 -101.0
85 139 -95.0
85 140 -91.0
85 141 -102.0
85 142 -103.0
85 143 -97.0
85 144 -89.0
85 145 -103.0
85 146 -99.0
85 147 -95.0
85 148 -103.0
85 149 -90.0
85 150 -95.0
85 151 -105.0
85 152 -97.0
85 153 -91.0
85 154 -101.0
85 155 -99.0
85 156 -96.0
85 157 -104.0
85 158 -105.0
85 159 -103.0
85 160 -100.0
85 161 -100.0
85 162 -101.0
85 163 -102.0
85 164 -106.0
85 165 -100.0
85 166 -99.0
85 167 -94.0
85 168 -96.0
85 169 -88.0
85 170 -100.0
85 171 -100.0
85 172 -105.0
85 173 -99.0
85 174 -106.0
85 175 -88.0
85 176 -102.0
85 177 -97.0
85 178 -103.0
85 179 -107.0
85 180 -108.0
85 181 -95.0
85 182 -92.0
85 183 -95.0
85 184 -102.0
85 185 -102.0
85 186 -103.0
85 187 -99.0
85 188 -108.0
85 189 -104.0
85 190 -88.0
85 191 -101.0
85 192 -96.0
85 193 -101.0
85 194 -95.0
85 195 -95.0
85 196 -104.0
85 197 -101.0
85 198 -107.0
85 199 -95.0
85 200 -98.0
85 201 -103.0
85 202 -102.0
85 203 -103.0
85 204 -104.0
85 205 -109.0
85 206 -105.0
85 207 -92.0
85 208 -94.0
85 209 -98.0
85 210 -95.0
85 211 -88.0
85 212 -96.0
85 213 -93.0
85 214 -107.0
85 215 -92.0
85 216 -87.0
85 217 -94.0
85 218 -95.0
85 219 -92.0
85 220 -93.0
85 221 -105.0
85 222 -106.0
85 223 -90.0
85 224 -102.0
85 225 -94.0
85 226 -98.0
85 227 -99.0
85 228 -102.0
85 229 -96.0
85 230 -99.0
85 231 -97.0
85 232 -99.0
85 233 -106.0
85 234 -100.0
85 235 -101.0
85 236 -109.0
85 237 -96.0
85 238 -98.0
85 239 -100.0
85 240 -103.0
85 241 -109.0
85 242 -98.0
85 243 -101.0
85 244 -96.0
85 245 -100.0
85 246 -97.0
85 247 -105.0
85 248 -102.0
85 249 -109.0
85 250 -105.0
85 251 -99.0
85 252 -103.0
85 253 -99.0
85 254 -100.0
85 255 -102.0
85 256 -103.0
85 257 -92.0
85 258 -95.0
85 259 -105.0
85 260 -96.0
85 261 -89.0
85 262 -105.0
85 263 -104.0
85 264 -110.0
85 265 -97.0
85 266 -100.0
85 267 -102.0
85 268 -94.0
85 269 -101.0
85 270 -100.0
85 271 -99.0
85 272 -96.0
85 273 -100.0
85 274 -105.0
85 275 -106.0
85 276 -103.0
85 277 -107.0
85 278 -101.0
85 279 -99.0
85 280 -93.0
85 281 -104.0
85 282 -105.0
85 283 -105.0
85 284 -93.0
85 285 -108.0
85 286 -94.0
85 287 -100.0
85 288 -94.0
85 289 -105.0
85 290 -100.0
85 291 -88.0
85 292 -104.0
85 293 -96.0
85 294 -103.0
85 295 -97.0
85 296 -93.0
85 297 -105.0
85 298 -105.0
85 299 -101.0
85 300 -104.0
85 301 -96.0
85 302 -95.0
85 303 -103.0
85 304 -105.0
85 305 -106.0
85 306 -103.0
85 307 -99.0
85 308 -94.0
85 309 -104.0
85 310 -102.0
85 311 -106.0
85 312 -100.0
85 313 -104.0
85 314 -97.0
85 315 -110.0
85 316 -106.0
85 317 -109.0
85 318 -106.0
85 319 -106.0
85 320 -100.0
86 87 -92.0
86 88 -101.0
86 89 -106.0
86 90 -104.0
86 91 -106.0
86 92 -94.0
86 93 -93.0
86 94 -98.0
86 95 -99.0
86 96 -104.0
86 97 -105.0
86 98 -103.0
86 99 -103.0
86 100 -91.0
86 101 -99.0
86 102 -92.0
86 103 -107.0
86 104 -94.0
86 105 -101.0
86 106 -97.0
86 107 -99.0
86 108 -105.0
86 109 -86.0
86 110 -104.0
86 111 -102.0
86 112 -97.0
86 113 -101.0
86 114 -101.0
86 115 -95.0
86 116 -91.0
86 117 -101.0
86 118 -95.0
86 119 -97.0
86 120 -93.0
86 121 -106.0
86 122 -99.0
86 123 -101.0
86 124 -102.0
86 125 -104.0
86 126 -102.0
86 127 -102.0
86 128 -85.0
86 129 -105.0
86 130 -103.0
86 131 -96.0
86 132 -101.0
86 133 -96.0
86 134 -105.0
86 135 -93.0
86 136 -103.0
86 137 -106.0
86 138 -106.0
86 139 -104.0
86 140 -104.0
86 141 -96.0
86 142 -105.0
86 143 -101.0
86 144 -96.0
86 145 -101.0
86 146 -98.0
86 147 -101.0
86 148 -105.0
86 149 -99.0
86 150 -105.0
86 151 -107.0
86 152 -100.0
86 153 -99.0
86 154 -92.0
86 155 -101.0
86 156 -95.0
86 157 -101.0
86 158 -104.0
86 159 -105.0
86 160 -89.0
86 161 -102.0
86 162 -94.0
86 163 -103.0
86 164 -98.0
86 165 -102.0
86 166 -99.0
86 167 -95.0
86 168 -96.0
86 169 -95.0
86 170 -97.0
86 171 -84.0
86 172 -98.0
86 173 -99.0
86 174 -100.0
86 175 -97.0
86 176 -97.0
86 177 -104.0
86 178 -95.0
86 179 -94.0
86 180 -99.0
86 181 -107.0
86 182 -110.0
86 183 -99.0
86 184 -96.0
86 185 -94.0
86 186 -94.0
86 187 -89.0
86 188 -100.0
86 189 -99.0
86 190 -100.0
86 191 -106.0
86 192 -109.0
86 193 -97.0
86 194 -96.0
86 195 -100.0
86 196 -105.0
86 197 -101.0
86 198 -91.0
86 199 -96.0
86 200 -106.0
86 201 -99.0
86 202 -99.0
86 203 -98.0
86 204 -98.0
86 205 -93.0
86 206 -102.0
86 207 -100.0
86 208 -93.0
86 209 -98.0
86 210 -97.0
86 211 -94.0
86 212 -92.0
86 213 -101.0
86 214 -97.0
86 215 -100.0
86 216 -93.0
86 217 -108.0
86 218 -103.0
86 219 -101.0
86 220 -96.0
86 221 -100.0
86 222 -98.0
86 223 -114.0
86 224 -95.0
86 225 -90.0
86 226 -105.0
86 227 -101.0
86 228 -98.0
86 229 -104.0
86 230 -101.0
86 231 -102.0
86 232 -95.0
86 233 -106.0
86 234 -92.0
86 235 -101.0
86 236 -107.0
86 237 -94.0
86 238 -105.0
86 239 -100.0
86 240 -99.0
86 241 -99.0
86 242 -97.0
86 243 -96.0
86 244 -92.0
86 245 -99.0
86 246 -95.0
86 247 -92.0
86 248 -100.0
86 249 -107.0
86 250 -104.0
86 251 -99.0
86 252 -94.0
86 253 -94.0
86 254 -92.0
86 255 -103.0
86 256 -100.0
86 257 -95.0
86 258 -103.0
86 259 -91.0
86 260 -101.0
86 261 -89.0
86 262 -104.0
86 263 -96.0
86 264 -100.0
86 265 -108.0
86 266 -105.0
86 267 -93.0
86 268 -103.0
86 269 -98.0
86 270 -90.0
86 271 -103.0
86 272 -96.0
86 273 -88.0
86 274 -104.0
86 275 -94.0
86 276 -98.0
86 277 -90.0
86 278 -99.0
86 279 -110.0
86 280 -100.0
86 281 -100.0
86 282 -104.0
86 283 -98.0
86 284 -103.0
86 285 -100.0
86 286 -103.0
86 287 -102.0
86 288 -106.0
86 289 -103.0
86 290 -104.0
86 291 -111.0
86 292 -99.0
86 293 -102.0
86 294 -101.0
86 295 -91.0
86 296 -93.0
86 297 -102.0
86 298 -104.0
86 299 -96.0
86 300 -94.0
86 301 -99.0
86 302 -100.0
86 303 -101.0
86 304 -95.0
86 305 -105.0
86 306 -97.0
86 307 -102.0
86 308 -111.0
86 309 -97.0
86 310 -96.0
86 311 -101.0
86 312 -99.0
86 313 -96.0
86 314 -98.0
86 315 -95.0
86 316 -105.0
86 317 -91.0
86 318 -100.0
86 319 -104.0
86 320 -98.0
87 88 -107.0
87 89 -97.0
87 90 -97.0
87 91 -100.0
87 92 -99.0
87 93 -97.0
87 94 -86.0
87 95 -105.0
87 96 -106.0
87 97 -105.0
87 98 -108.0
87 99 -106.0
87 100 -105.0
87 101 -107.0
87 102 -104.0
87 103 -100.0
87 104 -102.0
87 105 -97.0
87 106 -101.0
87 107 -93.0
87 108 -102.0
87 109 -101.0
87 110 -101.0
87 111 -105.0
87 112 -100.0
87 113 -96.0
87 114 -102.0
87 115 -95.0
87 116 -98.0
87 117 -98.0
87 118 -99.0
87 119 -103.0
87 120 -104.0
87 121 -102.0
87 122 -95.0
87 123 -99.0
87 124 -99.0
87 125 -101.0
87 126 -98.0
87 127 -102.0
87 128 -104.0
87 129 -102.0
87 130 -94.0
87 131 -96.0
87 132 -106.0
87 133 -92.0
87 134 -97.0
87 135 -108.0
87 136 -98.0
87 137 -94.0
87 138 -107.0
87 139 -106.0
87 140 -105.0
87 141 -96.0
87 142 -95.0
87 143 -101.0
87 144 -93.0
87 145 -96.0
87 146 -98.0
87 147 -105.0
87 148 -105.0
87 149 -99.0
87 150 -100.0
87 151 -98.0
87 152 -97.0
87 153 -102.0
87 154 -95.0
87 155 -87.0
87 156 -102.0
87 157 -104.0
87 158 -100.0
87 159 -99.0
87 160 -94.0
87 161 -102.0
87 162 -106.0
87 163 -99.0
87 164 -99.0
87 165 -106.0
87 166 -94.0
87 167 -96.0
87 168 -98.0
87 169 -91.0
87 170 -107.0
87 171 -112.0
87 172 -100.0
87 173 -102.0
87 174 -94.0
87 175 -93.0
87 176 -84.0
87 177 -91.0
87 178 -93.0
87 179 -102.0
87 180 -91.0
87 181 -105.0
87 182 -101.0
87 183 -108.0
87 184 -101.0
87 185 -103.0
87 186 -93.0
87 187 -92.0
87 188 -93.0
87 189 -94.0
87 190 -95.0
87 191 -101.0
87 192 -99.0
87 193 -105.0
87 194 -96.0
87 195 -99.0
87 196 -108.0
87 197 -102.0
87 198 -98.0
87 199 -109.0
87 200 -96.0
87 201 -96.0
87 202 -96.0
87 203 -92.0
87 204 -99.0
87 205 -102.0
87 206 -106.0
87 207 -104.0
87 208 -103.0
87 209 -92.0
87 210 -100.0
87 211 -95.0
87 212 -105.0
87 213 -99.0
87 214 -99.0
87 215 -95.0
87 216 -106.0
87 217 -94.0
87 218 -93.0
87 219 -103.0
87 220 -106.0
87 221 -102.0
87 222 -98.0
87 223 -96.0
87 224 -101.0
87 225 -100.0
87 226 -90.0
87 227 -103.0
87 228 -97.0
87 229 -95.0
87 230 -105.0
87 231 -98.0
87 232 -99.0
87 233 -101.0
87 234 -94.0
87 235 -108.0
87 236 -111.0
87 237 -106.0
87 238 -95.0
87 239 -89.0
87 240 -100.0
87 241 -99.0
87 242 -98.0
87 243 -103.0
87 244 -98.0
87 245 -102.0
87 246 -98.0
87 247 -99.0
87 248 -108.0
87 249 -106.0
87 250 -91.0
87 251 -98.0
87 252 -107.0
87 253 -94.0
87 254 -97.0
87 255 -100.0
87 256 -105.0
87 257 -97.0
87 258 -97.0
87 259 -96.0
87 260 -95.0
87 261 -99.0
87 262 -97.0
87 263 -95.0
87 264 -99.0
87 265 -95.0
87 266 -106.0
87 267 -108.0
87 268 -97.0
87 269 -98.0
87 270 -99.0
87 271 -101.0
87 272 -105.0
87 273 -106.0
87 274 -100.0
87 275 -106.0
87 276 -103.0
87 277 -97.0
87 278 -102.0
87 279 -100.0
87 280 -101.0
87 281 -97.0
87 282 -100.0
87 283 -109.0
87 284 -99.0
87 285 -105.0
87 286 -99.0
87 287 -90.0
87 288 -107.0
87 289 -96.0
87 290 -103.0
87 291 -92.0
87 292 -94.0
87 293 -100.0
87 294 -94.0
87 295 -100.0
87 296 -96.0
87 297 -108.0
87 298 -94.0
87 299 -102.0
87 300 -98.0
87 301 -97.0
87 302 -107.0
87 303 -97.0
87 304 -100.0
87 305 -101.0
87 306 -90.0
87 307 -94.0
87 308 -96.0
87 309 -95.0
87 310 -97.0
87 311 -98.0
87 312 -101.0
87 313 -99.0
87 314 -99.0
87 315 -106.0
87 316 -101.0
87 317 -101.0
87 318 -95.0
87 319 -98.0
87 320 -90.0
88 89 -105.0
88 90 -99.0
88 91 -95.0
88 92 -113.0
88 93 -90.0
88 94 -100.0
88 95 -95.0
88 96 -105.0
88 97 -94.0
88 98 -102.0
88 99 -102.0
88 100 -98.0
88 101 -100.0
88 102 -97.0
88 103 -95.0
88 104 -96.0
88 105 -109.0
88 106 -95.0
88 107 -96.0
88 108 -98.0
88 109 -93.0
88 110 -103.0
88 111 -105.0
88 112 -100.0
88 113 -102.0
88 114 -99.0
88 115 -102.0
88 116 -90.0
88 117 -100.0
88 118 -105.0
88 119 -104.0
88 120 -96.0
88 121 -96.0
88 122 -100.0
88 123 -100.0
88 124 -103.0
88 125 -92.0
88 126 -95.0
88 127 -102.0
88 128 -104.0
88 129 -95.0
88 130 -101.0
88 131 -91.0
88 132 -94.0
88 133 -103.0
88 134 -98.0
88 135 -102.0
88 136 -102.0
88 137 -93.0
88 138 -99.0
88 139 -98.0
88 140 -106.0
88 141 -104.0
88 142 -99.0
88 143 -102.0
88 144 -104.0
88 145 -109.0
88 146 -94.0
88 147 -100.0
88 148 -98.0
88 149 -103.0
88 150 -102.0
88 151 -95.0
88 152 -107.0
88 153 -99.0
88 154 -102.0
88 155 -99.0
88 156 -101.0
88 157 -101.0
88 158 -101.0
88 159 -109.0
88 160 -94.0
88 161 -102.0
88 162 -101.0
88 163 -89.0
88 164 -102.0
88 165 -105.0
88 166 -101.0
88 167 -103.0
88 168 -93.0
88 169 -102.0
88 170 -106.0
88 171 -96.0
88 172 -105.0
88 173 -98.0
88 174 -102.0
88 175 -96.0
88 176 -98.0
88 177 -93.0
88 178 -97.0
88 179 -99.0
88 180 -102.0
88 181 -100.0
88 182 -96.0
88 183 -94.0
88 184 -101.0
88 185 -99.0
88 186 -95.0
88 187 -100.0
88 188 -102.0
88 189 -95.0
88 190 -96.0
88 191 -103.0
88 192 -96.0
88 193 -98.0
88 194 -103.0
88 195 -95.0
88 196 -105.0
88 197 -101.0
88 198 -100.0
88 199 -103.0
88 200 -101.0
88 201 -104.0
88 202 -101.0
88 203 -94.0
88 204 -107.0
88 205 -93.0
88 206 -98.0
88 207 -98.0
88 208 -96.0
88 209 -107.0
88 210 -105.0
88 211 -93.0
88 212 -94.0
88 213 -102.0
88 214 -101.0
88 215 -93.0
88 216 -106.0
88 217 -107.0
88 218 -109.0
88 219 -88.0
88 220 -98.0
88 221 -97.0
88 222 -105.0
88 223 -91.0
88 224 -106.0
88 225 -91.0
88 226 -96.0
88 227 -100.0
88 228 -97.0
88 229 -103.0
88 230 -101.0
88 231 -99.0
88 232 -100.0
88 233 -104.0
88 234 -99.0
88 235 -108.0
88 236 -100.0
88 237 -104.0
88 238 -108.0
88 239 -97.0
88 240 -105.0
88 241 -105.0
88 242 -97.0
88 243 -93.0
88 244 -101.0
88 245 -104.0
88 246 -96.0
88 247 -103.0
88 248 -101.0
88 249 -94.0
88 250 -105.0
88 251 -103.0
88 252 -101.0
88 253 -98.0
88 254 -107.0
88 255 -100.0
88 256 -97.0
88 257 -98.0
88 258 -102.0
88 259 -99.0
88 260 -99.0
88 261 -100.0
88 262 -99.0
88 263 -95.0
88 264 -92.0
88 265 -92.0
88 266 -102.0
88 267 -102.0
88 268 -100.0
88 269 -95.0
88 270 -104.0
88 271 -97.0
88 272 -98.0
88 273 -102.0
88 274 -95.0
88 275 -103.0
88 276 -95.0
88 277 -96.0
88 278 -99.0
88 279 -91.0
88 280 -98.0
88 281 -100.0
88 282 -95.0
88 283 -102.0
88 284 -96.0
88 285 -97.0
88 286 -102.0
88 287 -98.0
88 288 -95.0
88 289 -95.0
88 290 -93.0
88 291 -98.0
88 292 -97.0
88 293 -90.0
88 294 -92.0
88 295 -105.0
88 296 -100.0
88 297 -96.0
88 298 -96.0
88 299 -96.0
88 300 -102.0
88 301 -109.0
88 302 -95.0
88 303 -96.0
88 304 -92.0
88 305 -110.0
88 306 -108.0
88 307 -98.0
88 308 -104.0
88 309 -91.0
88 310 -94.0
88 311 -101.0
88 312 -97.0
88 313 -99.0
88 314 -103.0
88 315 -103.0
88 316 -107.0
88 317 -106.0
88 318 -98.0
88 319 -98.0
88 320 -97.0
89 90 -95.0
89 91 -106.0
89 92 -94.0
89 93 -97.0
89 94 -99.0
89 95 -98.0
89 96 -95.0
89 97 -98.0
89 98 -94.0
89 99 -98.0
89 100 -113.0
89 101 -96.0
89 102 -109.0
89 103 -92.0
89 104 -96.0
89 105 -101.0
89 106 -102.0
89 107 -93.0
89 108 -101.0
89 109 -98.0
89 110 -107.0
89 111 -93.0
89 112 -96.0
89 113 -101.0
89 114 -93.0
89 115 -103.0
89 116 -101.0
89 117 -94.0
89 118 -96.0
89 119 -95.0
89 120 -98.0
89 121 -107.0
89 122 -103.0
89 123 -92.0
89 124 -100.0
89 125 -99.0
89 126 -95.0
89 127 -94.0
89 128 -87.0
89 129 -108.0
89 130 -98.0
89 131 -101.0
89 132 -98.0
89 133 -108.0
89 134 -97.0
89 135 -104.0
89 136 -95.0
89 137 -92.0
89 138 -98.0
89 139 -104.0
89 140 -104.0
89 141 -98.0
89 142 -100.0
89 143 -103.0
89 144 -93.0
89 145 -91.0
89 146 -104.0
89 147 -99.0
89 148 -97.0
89 149 -110.0
89 150 -97.0
89 151 -93.0
89 152 -99.0
89 153 -103.0
89 154 -101.0
89 155 -105.0
89 156 -102.0
89 157 -106.0
89 158 -108.0
89 159 -99.0
89 160 -101.0
89 161 -94.0
89 162 -100.0
89 163 -102.0
89 164 -113.0
89 165 -94.0
89 166 -95.0
89 167 -97.0
89 168 -103.0
89 169 -99.0
89 170 -95.0
89 171 -105.0
89 172 -105.0
89 173 -98.0
89 174 -108.0
89 175 -89.0
89 176 -104.0
89 177 -101.0
89 178 -105.0
89 179 -99.0
89 180 -97.0
89 181 -97.0
89 182 -101.0
89 183 -101.0
89 184 -94.0
89 185 -106.0
89 186 -105.0
89 187 -98.0
89 188 -104.0
89 189 -100.0
89 190 -95.0
89 191 -101.0
89 192 -104.0
89 193 -102.0
89 194 -98.0
89 195 -101.0
89 196 -91.0
89 197 -99.0
89 198 -98.0
89 199 -95.0
89 200 -99.0
89 201 -101.0
89 202 -97.0
89 203 -89.0
89 204 -103.0
89 205 -109.0
89 206 -98.0
89 207 -96.0
89 208 -102.0
89 209 -100.0
89 210 -100.0
89 211 -103.0
89 212 -97.0
89 213 -100.0
89 214 -104.0
89 215 -92.0
89 216 -110.0
89 217 -95.0
89 218 -99.0
89 219 -103.0
89 220 -98.0
89 221 -89.0
89 222 -97.0
89 223 -92.0
89 224 -102.0
89 225 -97.0
89 226 -98.0
89 227 -101.0
89 228 -105.0
89 229 -97.0
89 230 -101.0
89 231 -102.0
89 232 -106.0
89 233 -101.0
89 234 -104.0
89 235 -95.0
89 236 -104.0
89 237 -95.0
89 238 -102.0
89 239 -97.0
89 240 -96.0
89 241 -95.0
89 242 -93.0
89 243 -96.0
89 244 -97.0
89 245 -102.0
89 246 -105.0
89 247 -104.0
89 248 -94.0
89 249 -103.0
89 250 -93.0
89 251 -101.0
89 252 -99.0
89 253 -100.0
89 254 -106.0
89 255 -96.0
89 256 -98.0
89 257 -90.0
89 258 -92.0
89 259 -95.0
89 260 -101.0
89 261 -101.0
89 262 -109.0
89 263 -103.0
89 264 -88.0
89 265 -102.0
89 266 -105.0
89 267 -94.0
89 268 -102.0
89 269 -114.0
89 270 -106.0
89 271 -101.0
89 272 -101.0
89 273 -97.0
89 274 -97.0
89 275 -100.0
89 276 -109.0
89 277 -90.0
89 278 -103.0
89 279 -96.0
89 280 -100.0
89 281 -94.0
89 282 -98.0
89 283 -102.0
89 284 -94.0
89 285 -103.0
89 286 -92.0
89 287 -96.0
89 288 -94.0
89 289 -104.0
89 290 -99.0
89 291 -97.0
89 292 -105.0
89 293 -102.0
89 294 -98.0
89 295 -105.0
89 296 -93.0
89 297 -102.0
89 298 -102.0
89 299 -106.0
89 300 -103.0
89 301 -105.0
89 302 -104.0
89 303 -103.0
89 304 -95.0
89 305 -95.0
89 306 -99.0
89 307 -107.0
89 308 -89.0
89 309 -94.0
89 310 -103.0
89 311 -99.0
89 312 -94.0
89 313 -98.0
89 314 -103.0
89 315 -98.0
89 316 -100.0
89 317 -101.0
89 318 -102.0
89 319 -90.0
89 320 -102.0
90 91 -100.0
90 92 -97.0
90 93 -96.0
90 94 -98.0
90 95 -98.0
90 96 -99.0
90 97 -107.0
90 98 -94.0
90 99 -104.0
90 100 -96.0
90 101 -101.0
90 102 -101.0
90 103 -104.0
90 104 -96.0
90 105 -91.0
90 106 -91.0
90 107 -94.0
90 108 -102.0
90 109 -96.0
90 110 -93.0
90 111 -105.0
90 112 -108.0
90 113 -90.0
90 114 -102.0
90 115 -105.0
90 116 -97.0
90 117 -104.0
90 118 -103.0
90 119 -107.0
90 120 -101.0
90 121 -104.0
90 122 -99.0
90 123 -109.0
90 124 -92.0
90 125 -96.0
90 126 -93.0
90 127 -96.0
90 128 -107.0
90 129 -98.0
90 130 -91.0
90 131 -106.0
90 132 -106.0
90 133 -101.0
90 134 -99.0
90 135 -94.0
90 136 -89.0
90 137 -102.0
90 138 -98.0
90 139 -94.0
90 140 -102.0
90 141 -107.0
90 142 -102.0
90 143 -96.0
90 144 -106.0
90 145 -103.0
90 146 -100.0
90 147 -101.0
90 148 -101.0
90 149 -97.0
90 150 -109.0
90 151 -102.0
90 152 -108.0
90 153 -95.0
90 154 -96.0
90 155 -99.0
90 156 -89.0
90 157 -100.0
90 158 -95.0
90 159 -103.0
90 160 -103.0
90 161 -100.0
90 162 -100.0
90 163 -99.0
90 164 -95.0
90 165 -103.0
90 166 -96.0
90 167 -100.0
90 168 -90.0
90 169 -97.0
90 170 -102.0
90 171 -87.0
90 172 -110.0
90 173 -94.0
90 174 -108.0
90 175 -99.0
90 176 -103.0
90 177 -101.0
90 178 -103.0
90 179 -88.0
90 180 -106.0
90 181 -100.0
90 182 -107.0
90 183 -93.0
90 184 -94.0
90 185 -98.0
90 186 -101.0
90 187 -98.0
90 188 -101.0
90 189 -104.0
90 190 -94.0
90 191 -90.0
90 192 -99.0
90 193 -89.0
90 194 -107.0
90 195 -96.0
90 196 -95.0
90 197 -88.0
90 198 -104.0
90 199 -103.0
90 200 -103.0
90 201 -105.0
90 202 -105.0
90 203 -94.0
90 204 -101.0
90 205 -102.0
90 206 -104.0
90 207 -102.0
90 208 -103.0
90 209 -104.0
90 210 -94.0
90 211 -88.0
90 212 -97.0
90 213 -95.0
90 214 -106.0
90 215 -95.0
90 216 -97.0
90 217 -89.0
90 218 -98.0
90 219 -101.0
90 220 -106.0
90 221 -96.0
90 222 -104.0
90 223 -95.0
90 224 -105.0
90 225 -106.0
90 226 -97.0
90 227 -105.0
90 228 -95.0
90 229 -105.0
90 230 -100.0
90 231 -102.0
90 232 -97.0
90 233 -105.0
90 234 -98.0
90 235 -100.0
90 236 -96.0
90 237 -92.0
90 238 -106.0
90 239 -100.0
90 240 -98.0
90 241 -96.0
90 242 -108.0
90 243 -100.0
90 244 -100.0
90 245 -95.0
90 246 -105.0
90 247 -93.0
90 248 -106.0
90 249 -110.0
90 250 -99.0
90 251 -100.0
90 252 -102.0
90 253 -92.0
90 254 -102.0
90 255 -103.0
90 256 -92.0
90 257 -95.0
90 258 -89.0
90 259 -94.0
90 260 -103.0
90 261 -96.0
90 262 -90.0
90 263 -100.0
90 264 -103.0
90 265 -104.0
90 266 -91.0
90 267 -94.0
90 268 -103.0
90 269 -98.0
90 270 -98.0
90 271 -101.0
90 272 -93.0
90 273 -102.0
90 274 -105.0
90 275 -94.0
90 276 -99.0
90 277 -91.0
90 278 -102.0
90 279 -96.0
90 280 -102.0
90 281 -95.0
90 282 -97.0
90 283 -97.0
90 284 -106.0
90 285 -104.0
90 286 -107.0
90 287 -94.0
90 288 -98.0
90 289 -89.0
90 290 -107.0
90 291 -108.0
90 292 -106.0
90 293 -92.0
90 294 -97.0
90 295 -101.0
90 296 -96.0
90 297 -99.0
90 298 -98.0
90 299 -105.0
90 300 -102.0
90 301 -106.0
90 302 -105.0
90 303 -99.0
90 304 -99.0
90 305 -97.0
90 306 -95.0
90 307 -97.0
90 308 -102.0
90 309 -102.0
90 310 -98.0
90 311 -106.0
90 312 -97.0
90 313 -102.0
90 314 -96.0
90 315 -98.0
90 316 -107.0
90 317 -102.0
90 318 -102.0
90 319 -96.0
90 320 -98.0
91 92 -97.0
91 93 -96.0
91 94 -100.0
91 95 -102.0
91 96 -93.0
91 97 -100.0
91 98 -88.0
91 99 -106.0
91 100 -103.0
91 101 -94.0
91 102 -98.0
91 103 -95.0
91 104 -91.0
91 105 -105.0
91 106 -96.0
91 107 -99.0
91 108 -96.0
91 109 -98.0
91 110 -101.0
91 111 -102.0
91 112 -99.0
91 113 -105.0
91 114 -100.0
91 115 -94.0
91 116 -98.0
91 117 -101.0
91 118 -99.0
91 119 -94.0
91 120 -108.0
91 121 -98.0
91 122 -101.0
91 123 -99.0
91 124 -97.0
91 125 -103.0
91 126 -100.0
91 127 -105.0
91 128 -100.0
91 129 -104.0
91 130 -96.0
91 131 -95.0
91 132 -101.0
91 133 -101.0
91 134 -99.0
91 135 -95.0
91 136 -103.0
91 137 -102.0
91 138 -96.0
91 139 -101.0
91 140 -101.0
91 141 -99.0
91 142 -107.0
91 143 -112.0
91 144 -95.0
91 145 -94.0
91 146 -93.0
91 147 -99.0
91 148 -105.0
91 149 -105.0
91 150 -92.0
91 151 -96.0
91 152 -94.0
91 153 -96.0
91 154 -95.0
91 155 -110.0
91 156 -97.0
91 157 -101.0
91 158 -98.0
91 159 -96.0
91 160 -97.0
91 161 -98.0
91 162 -98.0
91 163 -100.0
91 164 -95.0
91 165 -108.0
91 166 -95.0
91 167 -105.0
91 168 -95.0
91 169 -100.0
91 170 -92.0
91 171 -95.0
91 172 -95.0
91 173 -105.0
91 174 -102.0
91 175 -100.0
91 176 -100.0
91 177 -98.0
91 178 -108.0
91 179 -104.0
91 180 -94.0
91 181 -100.0
91 182 -107.0
91 183 -93.0
91 184 -100.0
91 185 -97.0
91 186 -103.0
91 187 -105.0
91 188 -99.0
91 189 -101.0
91 190 -96.0
91 191 -98.0
91 192 -105.0
91 193 -110.0
91 194 -102.0
91 195 -105.0
91 196 -103.0
91 197 -95.0
91 198 -105.0
91 199 -110.0
91 200 -101.0
91 201 -107.0
91 202 -103.0
91 203 -103.0
91 204 -100.0
91 205 -101.0
91 206 -101.0
91 207 -103.0
91 208 -103.0
91 209 -103.0
91 210 -103.0
91 211 -96.0
91 212 -95.0
91 213 -98.0
91 214 -97.0
91 215 -98.0
91 216 -106.0
91 217 -105.0
91 218 -90.0
91 219 -105.0
91 220 -94.0
91 221 -92.0
91 222 -113.0
91 223 -93.0
91 224 -99.0
91 225 -107.0
91 226 -99.0
91 227 -106.0
91 228 -101.0
91 229 -101.0
91 230 -96.0
91 231 -98.0
91 232 -102.0
91 233 -100.0
91 234 -93.0
91 235 -92.0
91 236 -105.0
91 237 -103.0
91 238 -90.0
91 239 -107.0
91 240 -97.0
91 241 -102.0
91 242 -101.0
91 243 -102.0
91 244 -93.0
91 245 -91.0
91 246 -97.0
91 247 -106.0
91 248 -103.0
91 249 -94.0
91 250 -100.0
91 251 -108.0
91 252 -105.0
91 253 -99.0
91 254 -93.0
91 255 -101.0
91 256 -101.0
91 257 -98.0
91 258 -94.0
91 259 -92.0
91 260 -100.0
91 261 -100.0
91 262 -98.0
91 263 -103.0
91 264 -97.0
91 265 -93.0
91 266 -96.0
91 267 -100.0
91 268 -92.0
91 269 -96.0
91 270 -101.0
91 271 -103.0
91 272 -98.0
91 273 -101.0
91 274 -101.0
91 275 -91.0
91 276 -89.0
91 277 -96.0
91 278 -107.0
91 279 -94.0
91 280 -112.0
91 281 -93.0
91 282 -101.0
91 283 -102.0
91 284 -104.0
91 285 -97.0
91 286 -94.0
91 287 -93.0
91 288 -94.0
91 289 -103.0
91 290 -99.0
91 291 -93.0
91 292 -109.0
91 293 -100.0
91 294 -101.0
91 295 -103.0
91 296 -111.0
91 297 -96.0
91 298 -99.0
91 299 -104.0
91 300 -101.0
91 301 -86.0
91 302 -103.0
91 303 -101.0
91 304 -96.0
91 305 -99.0
91 306 -99.0
91 307 -96.0
91 308 -103.0
91 309 -106.0
91 310 -102.0
91 311 -115.0
91 312 -84.0
91 313 -102.0
91 314 -105.0
91 315 -103.0
91 316 -109.0
91 317 -98.0
91 318 -100.0
91 319 -94.0
91 320 -104.0
92 93 -100.0
92 94 -104.0
92 95 -88.0
92 96 -91.0
92 97 -95.0
92 98 -109.0
92 99 -97.0
92 100 -107.0
92 101 -94.0
92 102 -98.0
92 103 -95.0
92 104 -96.0
92 105 -102.0
92 106 -99.0
92 107 -89.0
92 108 -104.0
92 109 -94.0
92 110 -105.0
92 111 -98.0
92 112 -99.0
92 113 -95.0
92 114 -97.0
92 115 -93.0
92 116 -100.0
92 117 -113.0
92 118 -96.0
92 119 -98.0
92 120 -106.0
92 121 -102.0
92 122 -107.0
92 123 -98.0
92 124 -93.0
92 125 -100.0
92 126 -91.0
92 127 -102.0
92 128 -94.0
92 129 -99.0
92 130 -102.0
92 131 -101.0
92 132 -99.0
92 133 -105.0
92 134 -96.0
92 135 -101.0
92 136 -100.0
92 137 -104.0
92 138 -92.0
92 139 -94.0
92 140 -96.0
92 141 -105.0
92 142 -110.0
92 143 -104.0
92 144 -98.0
92 145 -100.0
92 146 -95.0
92 147 -107.0
92 148 -104.0
92 149 -100.0
92 150 -109.0
92 151 -103.0
92 152 -104.0
92 153 -100.0
92 154 -108.0
92 155 -105.0
92 156 -100.0
92 157 -106.0
92 158 -106.0
92 159 -98.0
92 160 -94.0
92 161 -97.0
92 162 -108.0
92 163 -99.0
92 164 -103.0
92 165 -103.0
92 166 -100.0
92 167 -84.0
92 168 -102.0
92 169 -101.0
92 170 -96.0
92 171 -93.0
92 172 -103.0
92 173 -102.0
92 174 -101.0
92 175 -99.0
92 176 -92.0
92 177 -107.0
92 178 -100.0
92 179 -96.0
92 180 -98.0
92 181 -102.0
92 182 -98.0
92 183 -103.0
92 184 -115.0
92 185 -96.0
92 186 -103.0
92 187 -103.0
92 188 -112.0
92 189 -96.0
92 190 -96.0
92 191 -108.0
92 192 -107.0
92 193 -101.0
92 194 -104.0
92 195 -95.0
92 196 -102.0
92 197 -106.0
92 198 -91.0
92 199 -104.0
92 200 -100.0
92 201 -99.0
92 202 -100.0
92 203 -104.0
92 204 -103.0
92 205 -98.0
92 206 -102.0
92 207 -100.0
92 208 -94.0
92 209 -96.0
92 210 -102.0
92 211 -92.0
92 212 -101.0
92 213 -99.0
92 214 -96.0
92 215 -98.0
92 216 -103.0
92 217 -100.0
92 218 -103.0
92 219 -100.0
92 220 -99.0
92 221 -108.0
92 222 -94.0
92 223 -100.0
92 224 -96.0
92 225 -101.0
92 226 -86.0
92 227 -103.0
92 228 -93.0
92 229 -97.0
92 230 -95.0
92 231 -102.0
92 232 -100.0
92 233 -99.0
92 234 -102.0
92 235 -99.0
92 236 -101.0
92 237 -105.0
92 238 -105.0
92 239 -98.0
92 240 -94.0
92 241 -99.0
92 242 -106.0
92 243 -101.0
92 244 -94.0
92 245 -109.0
92 246 -98.0
92 247 -100.0
92 248 -99.0
92 249 -99.0
92 250 -105.0
92 251 -101.0
92 252 -101.0
92 253 -100.0
92 254 -94.0
92 255 -101.0
92 256 -93.0
92 257 -94.0
92 258 -108.0
92 259 -99.0
92 260 -102.0
92 261 -97.0
92 262 -95.0
92 263 -98.0
92 264 -100.0
92 265 -105.0
92 266 -104.0
92 267 -96.0
92 268 -112.0
92 269 -95.0
92 270 -110.0
92 271 -93.0
92 272 -95.0
92 273 -93.0
92 274 -101.0
92 275 -98.0
92 276 -107.0
92 277 -97.0
92 278 -95.0
92 279 -98.0
92 280 -98.0
92 281 -100.0
92 282 -104.0
92 283 -101.0
92 284 -96.0
92 285 -101.0
92 286 -107.0
92 287 -106.0
92 288 -101.0
92 289 -99.0
92 290 -102.0
92 291 -99.0
92 292 -105.0
92 293 -100.0
92 294 -100.0
92 295 -96.0
92 296 -97.0
92 297 -92.0
92 298 -99.0
92 299 -101.0
92 300 -95.0
92 301 -108.0
92 302 -101.0
92 303 -101.0
92 304 -95.0
92 305 -100.0
92 306 -107.0
92 307 -101.0
92 308 -100.0
92 309 -104.0
92 310 -108.0
92 311 -101.0
92 312 -97.0
92 313 -95.0
92 314 -89.0
92 315 -93.0
92 316 -100.0
92 317 -96.0
92 318 -101.0
92 319 -100.0
92 320 -93.0
93 94 -103.0
93 95 -110.0
93 96 -95.0
93 97 -102.0
93 98 -106.0
93 99 -98.0
93 100 -97.0
93 101 -97.0
93 102 -100.0
93 103 -98.0
93 104 -97.0
93 105 -100.0
93 106 -109.0
93 107 -111.0
93 108 -101.0
93 109 -99.0
93 110 -96.0
93 111 -93.0
93 112 -98.0
93 113 -91.0
93 114 -92.0
93 115 -103.0
93 116 -100.0
93 117 -96.0
93 118 -101.0
93 119 -108.0
93 120 -91.0
93 121 -99.0
93 122 -107.0
93 123 -109.0
93 124 -94.0
93 125 -95.0
93 126 -93.0
93 127 -93.0
93 128 -97.0
93 129 -106.0
93 130 -100.0
93 131 -95.0
93 132 -94.0
93 133 -93.0
93 134 -105.0
93 135 -98.0
93 136 -91.0
93 137 -95.0
93 138 -96.0
93 139 -104.0
93 140 -101.0
93 141 -100.0
93 142 -104.0
93 143 -103.0
93 144 -105.0
93 145 -92.0
93 146 -105.0
93 147 -96.0
93 148 -100.0
93 149 -98.0
93 150 -91.0
93 151 -105.0
93 152 -110.0
93 153 -92.0
93 154 -98.0
93 155 -101.0
93 156 -108.0
93 157 -102.0
93 158 -105.0
93 159 -96.0
93 160 -97.0
93 161 -100.0
93 162 -102.0
93 163 -93.0
93 164 -103.0
93 165 -110.0
93 166 -103.0
93 167 -107.0
93 168 -102.0
93 169 -107.0
93 170 -98.0
93 171 -94.0
93 172 -96.0
93 173 -91.0
93 174 -95.0
93 175 -101.0
93 176 -95.0
93 177 -99.0
93 178 -91.0
93 179 -101.0
93 180 -94.0
93 181 -91.0
93 182 -97.0
93 183 -89.0
93 184 -95.0
93 185 -98.0
93 186 -105.0
93 187 -93.0
93 188 -103.0
93 189 -99.0
93 190 -110.0
93 191 -98.0
93 192 -101.0
93 193 -101.0
93 194 -104.0
93 195 -108.0
93 196 -103.0
93 197 -93.0
93 198 -99.0
93 199 -97.0
93 200 -105.0
93 201 -93.0
93 202 -101.0
93 203 -97.0
93 204 -103.0
93 205 -100.0
93 206 -94.0
93 207 -95.0
93 208 -104.0
93 209 -107.0
93 210 -94.0
93 211 -104.0
93 212 -98.0
93 213 -98.0
93 214 -97.0
93 215 -101.0
93 216 -95.0
93 217 -105.0
93 218 -99.0
93 219 -98.0
93 220 -104.0
93 221 -99.0
93 222 -101.0
93 223 -99.0
93 224 -106.0
93 225 -99.0
93 226 -104.0
93 227 -96.0
93 228 -105.0
93 229 -99.0
93 230 -100.0
93 231 -101.0
93 232 -110.0
93 233 -100.0
93 234 -106.0
93 235 -90.0
93 236 -101.0
93 237 -90.0
93 238 -100.0
93 239 -101.0
93 240 -99.0
93 241 -105.0
93 242 -104.0
93 243 -96.0
93 244 -102.0
93 245 -102.0
93 246 -92.0
93 247 -96.0
93 248 -102.0
93 249 -98.0
93 250 -99.0
93 251 -97.0
93 252 -108.0
93 253 -98.0
93 254 -94.0
93 255 -98.0
93 256 -101.0
93 257 -101.0
93 258 -98.0
93 259 -103.0
93 260 -97.0
93 261 -102.0
93 262 -99.0
93 263 -106.0
93 264 -101.0
93 265 -111.0
93 266 -108.0
93 267 -103.0
93 268 -100.0
93 269 -98.0
93 270 -108.0
93 271 -93.0
93 272 -95.0
93 273 -90.0
93 274 -94.0
93 275 -103.0
93 276 -102.0
93 277 -101.0
93 278 -93.0
93 279 -108.0
93 280 -101.0
93 281 -107.0
93 282 -102.0
93 283 -94.0
93 284 -96.0
93 285 -106.0
93 286 -98.0
93 287 -108.0
93 288 -97.0
93 289 -96.0
93 290 -96.0
93 291 -100.0
93 292 -106.0
93 293 -91.0
93 294 -97.0
93 295 -110.0
93 296 -112.0
93 297 -90.0
93 298 -105.0
93 299 -108.0
93 300 -103.0
93 301 -95.0
93 302 -101.0
93 303 -101.0
93 304 -100.0
93 305 -97.0
93 306 -99.0
93 307 -98.0
93 308 -102.0
93 309 -95.0
93 310 -98.0
93 311 -92.0
93 312 -88.0
93 313 -101.0
93 314 -102.0
93 315 -100.0
93 316 -90.0
93 317 -100.0
93 318 -100.0
93 319 -100.0
93 320 -102.0
94 95 -95.0
94 96 -95.0
94 97 -111.0
94 98 -102.0
94 99 -97.0
94 100 -101.0
94 101 -108.0
94 102 -95.0
94 103 -105.0
94 104 -94.0
94 105 -108.0
94 106 -100.0
94 107 -98.0
94 108 -97.0
94 109 -98.0
94 110 -98.0
94 111 -102.0
94 112 -97.0
94 113 -103.0
94 114 -105.0
94 115 -99.0
94 116 -96.0
94 117 -99.0
94 118 -94.0
94 119 -99.0
94 120 -100.0
94 121 -99.0
94 122 -98.0
94 123 -100.0
94 124 -102.0
94 125 -106.0
94 126 -101.0
94 127 -106.0
94 128 -104.0
94 129 -94.0
94 130 -95.0
94 131 -93.0
94 132 -91.0
94 133 -94.0
94 134 -99.0
94 135 -107.0
94 136 -101.0
94 137 -98.0
94 138 -101.0
94 139 -101.0
94 140 -99.0
94 141 -91.0
94 142 -97.0
94 143 -109.0
94 144 -98.0
94 145 -102.0
94 146 -91.0
94 147 -97.0
94 148 -101.0
94 149 -100.0
94 150 -112.0
94 151 -97.0
94 152 -99.0
94 153 -98.0
94 154 -98.0
94 155 -93.0
94 156 -106.0
94 157 -97.0
94 158 -93.0
94 159 -97.0
94 160 -105.0
94 161 -93.0
94 162 -105.0
94 163 -94.0
94 164 -98.0
94 165 -103.0
94 166 -98.0
94 167 -97.0
94 168 -98.0
94 169 -97.0
94 170 -103.0
94 171 -91.0
94 172 -99.0
94 173 -100.0
94 174 -93.0
94 175 -95.0
94 176 -90.0
94 177 -100.0
94 178 -93.0
94 179 -95.0
94 180 -99.0
94 181 -95.0
94 182 -109.0
94 183 -97.0
94 184 -100.0
94 185 -98.0
94 186 -98.0
94 187 -100.0
94 188 -97.0
94 189 -91.0
94 190 -107.0
94 191 -109.0
94 192 -98.0
94 193 -109.0
94 194 -94.0
94 195 -102.0
94 196 -103.0
94 197 -111.0
94 198 -98.0
94 199 -98.0
94 200 -100.0
94 201 -96.0
94 202 -97.0
94 203 -96.0
94 204 -109.0
94 205 -95.0
94 206 -100.0
94 207 -95.0
94 208 -92.0
94 209 -96.0
94 210 -99.0
94 211 -96.0
94 212 -95.0
94 213 -104.0
94 214 -106.0
94 215 -99.0
94 216 -102.0
94 217 -91.0
94 218 -103.0
94 219 -101.0
94 220 -99.0
94 221 -101.0
94 222 -95.0
94 223 -89.0
94 224 -100.0
94 225 -106.0
94 226 -99.0
94 227 -95.0
94 228 -111.0
94 229 -99.0
94 230 -101.0
94 231 -94.0
94 232 -97.0
94 233 -97.0
94 234 -99.0
94 235 -93.0
94 236 -101.0
94 237 -106.0
94 238 -102.0
94 239 -103.0
94 240 -96.0
94 241 -95.0
94 242 -91.0
94 243 -94.0
94 244 -99.0
94 245 -91.0
94 246 -98.0
94 247 -98.0
94 248 -100.0
94 249 -97.0
94 250 -92.0
94 251 -97.0
94 252 -95.0
94 253 -86.0
94 254 -96.0
94 255 -95.0
94 256 -108.0
94 257 -99.0
94 258 -103.0
94 259 -91.0
94 260 -98.0
94 261 -104.0
94 262 -97.0
94 263 -97.0
94 264 -101.0
94 265 -96.0
94 266 -102.0
94 267 -105.0
94 268 -95.0
94 269 -98.0
94 270 -100.0
94 271 -89.0
94 272 -106.0
94 273 -99.0
94 274 -102.0
94 275 -91.0
94 276 -101.0
94 277 -102.0
94 278 -105.0
94 279 -98.0
94 280 -99.0
94 281 -98.0
94 282 -105.0
94 283 -102.0
94 284 -98.0
94 285 -93.0
94 286 -96.0
94 287 -110.0
94 288 -101.0
94 289 -101.0
94 290 -111.0
94 291 -93.0
94 292 -100.0
94 293 -104.0
94 294 -104.0
94 295 -96.0
94 296 -102.0
94 297 -102.0
94 298 -107.0
94 299 -92.0
94 300 -98.0
94 301 -106.0
94 302 -101.0
94 303 -86.0
94 304 -102.0
94 305 -101.0
94 306 -98.0
94 307 -86.0
94 308 -93.0
94 309 -92.0
94 310 -101.0
94 311 -102.0
94 312 -102.0
94 313 -102.0
94 314 -100.0
94 315 -106.0
94 316 -101.0
94 317 -94.0
94 318 -104.0
94 319 -95.0
94 320 -99.0
95 96 -94.0
95 97 -104.0
95 98 -97.0
95 99 -104.0
95 100 -97.0
95 101 -105.0
95 102 -104.0
95 103 -107.0
95 104 -102.0
95 105 -94.0
95 106 -106.0
95 107 -100.0
95 108 -90.0
95 109 -102.0
95 110 -104.0
95 111 -100.0
95 112 -108.0
95 113 -108.0
95 114 -102.0
95 115 -110.0
95 116 -109.0
95 117 -107.0
95 118 -100.0
95 119 -99.0
95 120 -92.0
95 121 -104.0
95 122 -93.0
95 123 -105.0
95 124 -102.0
95 125 -97.0
95 126 -99.0
95 127 -100.0
95 128 -103.0
95 129 -101.0
95 130 -106.0
95 131 -94.0
95 132 -99.0
95 133 -99.0
95 134 -105.0
95 135 -103.0
95 136 -94.0
95 137 -92.0
95 138 -100.0
95 139 -92.0
95 140 -95.0
95 141 -98.0
95 142 -113.0
95 143 -103.0
95 144 -91.0
95 145 -97.0
95 146 -94.0
95 147 -92.0
95 148 -102.0
95 149 -104.0
95 150 -102.0
95 151 -108.0
95 152 -99.0
95 153 -103.0
95 154 -94.0
95 155 -100.0
95 156 -107.0
95 157 -107.0
95 158 -94.0
95 159 -92.0
95 160 -105.0
95 161 -106.0
95 162 -102.0
95 163 -107.0
95 164 -104.0
95 165 -100.0
95 166 -104.0
95 167 -111.0
95 168 -92.0
95 169 -97.0
95 170 -101.0
95 171 -96.0
95 172 -102.0
95 173 -106.0
95 174 -90.0
95 175 -102.0
95 176 -98.0
95 177 -93.0
95 178 -95.0
95 179 -104.0
95 180 -103.0
95 181 -104.0
95 182 -106.0
95 183 -96.0
95 184 -103.0
95 185 -103.0
95 186 -99.0
95 187 -100.0
95 188 -97.0
95 189 -99.0
95 190 -101.0
95 191 -103.0
95 192 -102.0
95 193 -93.0
95 194 -100.0
95 195 -101.0
95 196 -105.0
95 197 -105.0
95 198 -103.0
95 199 -103.0
95 200 -95.0
95 201 -100.0
95 202 -99.0
95 203 -98.0
95 204 -104.0
95 205 -108.0
95 206 -106.0
95 207 -94.0
95 208 -104.0
95 209 -93.0
95 210 -93.0
95 211 -94.0
95 212 -104.0
95 213 -96.0
95 214 -103.0
95 215 -99.0
95 216 -102.0
95 217 -99.0
95 218 -101.0
95 219 -112.0
95 220 -102.0
95 221 -98.0
95 222 -101.0
95 223 -101.0
95 224 -98.0
95 225 -96.0
95 226 -107.0
95 227 -94.0
95 228 -96.0
95 229 -92.0
95 230 -96.0
95 231 -98.0
95 232 -96.0
95 233 -102.0
95 234 -104.0
95 235 -100.0
95 236 -101.0
95 237 -102.0
95 238 -90.0
95 239 -101.0
95 240 -99.0
95 241 -104.0
95 242 -93.0
95 243 -96.0
95 244 -94.0
95 245 -91.0
95 246 -110.0
95 247 -110.0
95 248 -96.0
95 249 -112.0
95 250 -100.0
95 251 -95.0
95 252 -96.0
95 253 -101.0
95 254 -99.0
95 255 -103.0
95 256 -99.0
95 257 -100.0
95 258 -109.0
95 259 -97.0
95 260 -91.0
95 261 -93.0
95 262 -109.0
95 263 -101.0
95 264 -100.0
95 265 -97.0
95 266 -103.0
95 267 -100.0
95 268 -96.0
95 269 -93.0
95 270 -102.0
95 271 -100.0
95 272 -98.0
95 273 -102.0
95 274 -98.0
95 275 -88.0
95 276 -101.0
95 277 -106.0
95 278 -107.0
95 279 -105.0
95 280 -94.0
95 281 -91.0
95 282 -97.0
95 283 -105.0
95 284 -101.0
95 285 -107.0
95 286 -90.0
95 287 -100.0
95 288 -96.0
95 289 -105.0
95 290 -105.0
95 291 -105.0
95 292 -92.0
95 293 -91.0
95 294 -103.0
95 295 -96.0
95 296 -97.0
95 297 -98.0
95 298 -93.0
95 299 -97.0
95 300 -96.0
95 301 -99.0
95 302 -101.0
95 303 -103.0
95 304 -103.0
95 305 -100.0
95 306 -96.0
95 307 -102.0
95 308 -100.0
95 309 -94.0
95 310 -100.0
95 311 -95.0
95 312 -105.0
95 313 -98.0
95 314 -102.0
95 315 -96.0
95 316 -93.0
95 317 -95.0
95 318 -97.0
95 319 -99.0
95 320 -97.0
96 97 -97.0
96 98 -104.0
96 99 -96.0
96 100 -95.0
96 101 -96.0
96 102 -101.0
96 103 -105.0
96 104 -99.0
96 105 -100.0
96 106 -96.0
96 107 -100.0
96 108 -98.0
96 109 -93.0
96 110 -109.0
96 111 -96.0
96 112 -93.0
96 113 -90.0
96 114 -99.0
96 115 -103.0
96 116 -98.0
96 117 -100.0
96 118 -103.0
96 119 -103.0
96 120 -94.0
96 121 -89.0
96 122 -101.0
96 123 -97.0
96 124 -86.0
96 125 -93.0
96 126 -104.0
96 127 -92.0
96 128 -106.0
96 129 -99.0
96 130 -96.0
96 131 -108.0
96 132 -105.0
96 133 -100.0
96 134 -103.0
96 135 -104.0
96 136 -97.0
96 137 -102.0
96 138 -101.0
96 139 -99.0
96 140 -92.0
96 141 -91.0
96 142 -93.0
96 143 -100.0
96 144 -92.0
96 145 -97.0
96 146 -95.0
96 147 -102.0
96 148 -95.0
96 149 -101.0
96 150 -109.0
96 151 -97.0
96 152 -105.0
96 153 -90.0
96 154 -93.0
96 155 -99.0
96 156 -107.0
96 157 -105.0
96 158 -102.0
96 159 -99.0
96 160 -99.0
96 161 -91.0
96 162 -93.0
96 163 -100.0
96 164 -88.0
96 165 -96.0
96 166 -94.0
96 167 -92.0
96 168 -98.0
96 169 -100.0
96 170 -91.0
96 171 -99.0
96 172 -105.0
96 173 -102.0
96 174 -104.0
96 175 -97.0
96 176 -101.0
96 177 -102.0
96 178 -105.0
96 179 -104.0
96 180 -97.0
96 181 -99.0
96 182 -101.0
96 183 -104.0
96 184 -109.0
96 185 -93.0
96 186 -100.0
96 187 -106.0
96 188 -104.0
96 189 -92.0
96 190 -92.0
96 191 -97.0
96 192 -97.0
96 193 -105.0
96 194 -85.0
96 195 -100.0
96 196 -96.0
96 197 -102.0
96 198 -100.0
96 199 -111.0
96 200 -92.0
96 201 -102.0
96 202 -103.0
96 203 -102.0
96 204 -92.0
96 205 -103.0
96 206 -107.0
96 207 -92.0
96 208 -90.0
96 209 -103.0
96 210 -97.0
96 211 -96.0
96 212 -103.0
96 213 -102.0
96 214 -98.0
96 215 -104.0
96 216 -96.0
96 217 -100.0
96 218 -98.0
96 219 -99.0
96 220 -95.0
96 221 -95.0
96 222 -98.0
96 223 -98.0
96 224 -89.0
96 225 -105.0
96 226 -107.0
96 227 -96.0
96 228 -101.0
96 229 -98.0
96 230 -99.0
96 231 -102.0
96 232 -113.0
96 233 -102.0
96 234 -102.0
96 235 -97.0
96 236 -102.0
96 237 -105.0
96 238 -101.0
96 239 -95.0
96 240 -102.0
96 241 -97.0
96 242 -92.0
96 243 -101.0
96 244 -102.0
96 245 -99.0
96 246 -101.0
96 247 -108.0
96 248 -97.0
96 249 -105.0
96 250 -107.0
96 251 -101.0
96 252 -109.0
96 253 -96.0
96 254 -94.0
96 255 -92.0
96 256 -103.0
96 257 -99.0
96 258 -92.0
96 259 -98.0
96 260 -100.0
96 261 -99.0
96 262 -102.0
96 263 -93.0
96 264 -97.0
96 265 -100.0
96 266 -106.0
96 267 -103.0
96 268 -98.0
96 269 -102.0
96 270 -105.0
96 271 -112.0
96 272 -99.0
96 273 -102.0
96 274 -98.0
96 275 -98.0
96 276 -93.0
96 277 -96.0
96 278 -99.0
96 279 -102.0
96 280 -103.0
96 281 -95.0
96 282 -97.0
96 283 -102.0
96 284 -103.0
96 285 -99.0
96 286 -104.0
96 287 -101.0
96 288 -107.0
96 289 -108.0
96 290 -103.0
96 291 -95.0
96 292 -103.0
96 293 -95.0
96 294 -100.0
96 295 -111.0
96 296 -100.0
96 297 -93.0
96 298 -98.0
96 299 -103.0
96 300 -103.0
96 301 -94.0
96 302 -98.0
96 303 -97.0
96 304 -95.0
96 305 -97.0
96 306 -109.0
96 307 -104.0
96 308 -96.0
96 309 -98.0
96 310 -94.0
96 311 -99.0
96 312 -96.0
96 313 -105.0
96 314 -97.0
96 315 -101.0
96 316 -94.0
96 317 -93.0
96 318 -101.0
96 319 -96.0
96 320 -102.0
97 98 -100.0
97 99 -101.0
97 100 -103.0
97 101 -95.0
97 102 -94.0
97 103 -98.0
97 104 -100.0
97 105 -93.0
97 106 -109.0
97 107 -96.0
97 108 -89.0
97 109 -102.0
97 110 -93.0
97 111 -100.0
97 112 -98.0
97 113 -109.0
97 114 -103.0
97 115 -106.0
97 116 -103.0
97 117 -108.0
97 118 -96.0
97 119 -100.0
97 120 -103.0
97 121 -98.0
97 122 -95.0
97 123 -110.0
97 124 -102.0
97 125 -96.0
97 126 -110.0
97 127 -101.0
97 128 -91.0
97 129 -96.0
97 130 -103.0
97 131 -99.0
97 132 -100.0
97 133 -104.0
97 134 -107.0
97 135 -101.0
97 136 -100.0
97 137 -100.0
97 138 -97.0
97 139 -87.0
97 140 -96.0
97 141 -100.0
97 142 -100.0
97 143 -98.0
97 144 -97.0
97 145 -103.0
97 146 -107.0
97 147 -108.0
97 148 -105.0
97 149 -94.0
97 150 -96.0
97 151 -107.0
97 152 -105.0
97 153 -99.0
97 154 -93.0
97 155 -104.0
97 156 -94.0
97 157 -103.0
97 158 -105.0
97 159 -99.0
97 160 -94.0
97 161 -99.0
97 162 -102.0
97 163 -99.0
97 164 -101.0
97 165 -95.0
97 166 -90.0
97 167 -92.0
97 168 -94.0
97 169 -101.0
97 170 -97.0
97 171 -91.0
97 172 -97.0
97 173 -97.0
97 174 -91.0
97 175 -97.0
97 176 -91.0
97 177 -99.0
97 178 -107.0
97 179 -102.0
97 180 -95.0
97 181 -99.0
97 182 -105.0
97 183 -100.0
97 184 -103.0
97 185 -99.0
97 186 -101.0
97 187 -104.0
97 188 -102.0
97 189 -94.0
97 190 -99.0
97 191 -101.0
97 192 -100.0
97 193 -97.0
97 194 -93.0
97 195 -99.0
97 196 -100.0
97 197 -100.0
97 198 -102.0
97 199 -91.0
97 200 -96.0
97 201 -94.0
97 202 -101.0
97 203 -105.0
97 204 -90.0
97 205 -100.0
97 206 -108.0
97 207 -97.0
97 208 -94.0
97 209 -100.0
97 210 -104.0
97 211 -104.0
97 212 -97.0
97 213 -102.0
97 214 -98.0
97 215 -101.0
97 216 -89.0
97 217 -99.0
97 218 -94.0
97 219 -97.0
97 220 -98.0
97 221 -101.0
97 222 -98.0
97 223 -105.0
97 224 -98.0
97 225 -101.0
97 226 -98.0
97 227 -97.0
97 228 -106.0
97 229 -101.0
97 230 -100.0
97 231 -103.0
97 232 -101.0
97 233 -96.0
97 234 -103.0
97 235 -100.0
97 236 -102.0
97 237 -103.0
97 238 -101.0
97 239 -98.0
97 240 -97.0
97 241 -96.0
97 242 -92.0
97 243 -92.0
97 244 -97.0
97 245 -98.0
97 246 -103.0
97 247 -104.0
97 248 -105.0
97 249 -91.0
97 250 -103.0
97 251 -95.0
97 252 -87.0
97 253 -105.0
97 254 -100.0
97 255 -95.0
97 256 -104.0
97 257 -101.0
97 258 -106.0
97 259 -102.0
97 260 -102.0
97 261 -98.0
97 262 -101.0
97 263 -104.0
97 264 -100.0
97 265 -98.0
97 266 -106.0
97 267 -91.0
97 268 -101.0
97 269 -99.0
97 270 -95.0
97 271 -96.0
97 272 -106.0
97 273 -93.0
97 274 -99.0
97 275 -99.0
97 276 -100.0
97 277 -102.0
97 278 -94.0
97 279 -86.0
97 280 -95.0
97 281 -96.0
97 282 -100.0
97 283 -99.0
97 284 -93.0
97 285 -99.0
97 286 -109.0
97 287 -103.0
97 288 -101.0
97 289 -98.0
97 290 -99.0
97 291 -98.0
97 292 -97.0
97 293 -105.0
97 294 -95.0
97 295 -100.0
97 296 -105.0
97 297 -92.0
97 298 -104.0
97 299 -100.0
97 300 -99.0
97 301 -101.0
97 302 -97.0
97 303 -106.0
97 304 -109.0
97 305 -96.0
97 306 -96.0
97 307 -95.0
97 308 -103.0
97 309 -94.0
97 310 -101.0
97 311 -106.0
97 312 -101.0
97 313 -99.0
97 314 -93.0
97 315 -99.0
97 316 -100.0
97 317 -112.0
97 318 -99.0
97 319 -99.0
97 320 -103.0
98 99 -104.0
98 100 -94.0
98 101 -101.0
98 102 -101.0
98 103 -98.0
98 104 -103.0
98 105 -98.0
98 106 -99.0
98 107 -106.0
98 108 -106.0
98 109 -93.0
98 110 -98.0
98 111 -96.0
98 112 -101.0
98 113 -105.0
98 114 -102.0
98 115 -100.0
98 116 -98.0
98 117 -91.0
98 118 -95.0
98 119 -105.0
98 120 -103.0
98 121 -106.0
98 122 -106.0
98 123 -99.0
98 124 -98.0
98 125 -104.0
98 126 -99.0
98 127 -90.0
98 128 -97.0
98 129 -96.0
98 130 -97.0
98 131 -99.0
98 132 -106.0
98 133 -103.0
98 134 -103.0
98 135 -99.0
98 136 -107.0
98 137 -107.0
98 138 -103.0
98 139 -104.0
98 140 -105.0
98 141 -98.0
98 142 -104.0
98 143 -105.0
98 144 -103.0
98 145 -103.0
98 146 -89.0
98 147 -95.0
98 148 -101.0
98 149 -93.0
98 150 -105.0
98 151 -99.0
98 152 -104.0
98 153 -98.0
98 154 -97.0
98 155 -100.0
98 156 -99.0
98 157 -96.0
98 158 -95.0
98 159 -98.0
98 160 -100.0
98 161 -95.0
98 162 -97.0
98 163 -96.0
98 164 -88.0
98 165 -98.0
98 166 -109.0
98 167 -108.0
98 168 -95.0
98 169 -97.0
98 170 -101.0
98 171 -103.0
98 172 -106.0
98 173 -100.0
98 174 -105.0
98 175 -106.0
98 176 -95.0
98 177 -105.0
98 178 -99.0
98 179 -98.0
98 180 -90.0
98 181 -104.0
98 182 -106.0
98 183 -103.0
98 184 -97.0
98 185 -99.0
98 186 -103.0
98 187 -103.0
98 188 -102.0
98 189 -107.0
98 190 -98.0
98 191 -101.0
98 192 -102.0
98 193 -96.0
98 194 -105.0
98 195 -105.0
98 196 -94.0
98 197 -97.0
98 198 -92.0
98 199 -98.0
98 200 -100.0
98 201 -111.0
98 202 -106.0
98 203 -102.0
98 204 -94.0
98 205 -97.0
98 206 -95.0
98 207 -94.0
98 208 -98.0
98 209 -97.0
98 210 -100.0
98 211 -104.0
98 212 -105.0
98 213 -90.0
98 214 -106.0
98 215 -100.0
98 216 -102.0
98 217 -95.0
98 218 -103.0
98 219 -97.0
98 220 -99.0
98 221 -101.0
98 222 -102.0
98 223 -94.0
98 224 -100.0
98 225 -104.0
98 226 -98.0
98 227 -101.0
98 228 -106.0
98 229 -101.0
98 230 -92.0
98 231 -104.0
98 232 -98.0
98 233 -97.0
98 234 -101.0
98 235 -88.0
98 236 -98.0
98 237 -101.0
98 238 -98.0
98 239 -90.0
98 240 -99.0
98 241 -91.0
98 242 -100.0
98 243 -98.0
98 244 -106.0
98 245 -93.0
98 246 -101.0
98 247 -89.0
98 248 -99.0
98 249 -97.0
98 250 -96.0
98 251 -93.0
98 252 -101.0
98 253 -103.0
98 254 -101.0
98 255 -97.0
98 256 -96.0
98 257 -100.0
98 258 -102.0
98 259 -94.0
98 260 -103.0
98 261 -99.0
98 262 -101.0
98 263 -99.0
98 264 -105.0
98 265 -99.0
98 266 -95.0
98 267 -99.0
98 268 -106.0
98 269 -102.0
98 270 -99.0
98 271 -107.0
98 272 -97.0
98 273 -101.0
98 274 -100.0
98 275 -108.0
98 276 -97.0
98 277 -95.0
98 278 -107.0
98 279 -103.0
98 280 -97.0
98 281 -102.0
98 282 -108.0
98 283 -97.0
98 284 -105.0
98 285 -101.0
98 286 -106.0
98 287 -93.0
98 288 -106.0
98 289 -94.0
98 290 -104.0
98 291 -101.0
98 292 -106.0
98 293 -106.0
98 294 -98.0
98 295 -101.0
98 296 -110.0
98 297 -90.0
98 298 -97.0
98 299 -99.0
98 300 -97.0
98 301 -104.0
98 302 -91.0
98 303 -101.0
98 304 -93.0
98 305 -103.0
98 306 -95.0
98 307 -97.0
98 308 -100.0
98 309 -97.0
98 310 -110.0
98 311 -106.0
98 312 -92.0
98 313 -93.0
98 314 -99.0
98 315 -96.0
98 316 -103.0
98 317 -94.0
98 318 -91.0
98 319 -105.0
98 320 -108.0
99 100 -96.0
99 101 -105.0
99 102 -99.0
99 103 -98.0
99 104 -99.0
99 105 -100.0
99 106 -101.0
99 107 -94.0
99 108 -90.0
99 109 -102.0
99 110 -104.0
99 111 -95.0
99 112 -98.0
99 113 -103.0
99 114 -104.0
99 115 -99.0
99 116 -101.0
99 117 -101.0
99 118 -96.0
99 119 -109.0
99 120 -97.0
99 121 -92.0
99 122 -107.0
99 123 -92.0
99 124 -100.0
99 125 -101.0
99 126 -102.0
99 127 -90.0
99 128 -93.0
99 129 -96.0
99 130 -103.0
99 131 -102.0
99 132 -106.0
99 133 -100.0
99 134 -102.0
99 135 -99.0
99 136 -104.0
99 137 -104.0
99 138 -99.0
99 139 -107.0
99 140 -97.0
99 141 -94.0
99 142 -92.0
99 143 -96.0
99 144 -101.0
99 145 -93.0
99 146 -101.0
99 147 -106.0
99 148 -104.0
99 149 -97.0
99 150 -108.0
99 151 -94.0
99 152 -97.0
99 153 -106.0
99 154 -106.0
99 155 -99.0
99 156 -93.0
99 157 -99.0
99 158 -96.0
99 159 -98.0
99 160 -95.0
99 161 -90.0
99 162 -98.0
99 163 -102.0
99 164 -87.0
99 165 -93.0
99 166 -95.0
99 167 -99.0
99 168 -106.0
99 169 -105.0
99 170 -103.0
99 171 -98.0
99 172 -100.0
99 173 -107.0
99 174 -102.0
99 175 -101.0
99 176 -102.0
99 177 -98.0
99 178 -98.0
99 179 -95.0
99 180 -104.0
99 181 -101.0
99 182 -101.0
99 183 -106.0
99 184 -94.0
99 185 -93.0
99 186 -93.0
99 187 -94.0
99 188 -84.0
99 189 -100.0
99 190 -103.0
99 191 -102.0
99 192 -99.0
99 193 -103.0
99 194 -94.0
99 195 -110.0
99 196 -101.0
99 197 -104.0
99 198 -102.0
99 199 -101.0
99 200 -104.0
99 201 -99.0
99 202 -99.0
99 203 -95.0
99 204 -97.0
99 205 -92.0
99 206 -109.0
99 207 -109.0
99 208 -103.0
99 209 -93.0
99 210 -105.0
99 211 -112.0
99 212 -95.0
99 213 -108.0
99 214 -100.0
99 215 -98.0
99 216 -101.0
99 217 -102.0
99 218 -97.0
99 219 -100.0
99 220 -100.0
99 221 -100.0
99 222 -103.0
99 223 -102.0
99 224 -105.0
99 225 -105.0
99 226 -100.0
99 227 -104.0
99 228 -103.0
99 229 -101.0
99 230 -102.0
99 231 -106.0
99 232 -98.0
99 233 -107.0
99 234 -100.0
99 235 -95.0
99 236 -88.0
99 237 -100.0
99 238 -96.0
99 239 -96.0
99 240 -102.0
99 241 -97.0
99 242 -105.0
99 243 -100.0
99 244 -109.0
99 245 -110.0
99 246 -100.0
99 247 -102.0
99 248 -94.0
99 249 -100.0
99 250 -101.0
99 251 -101.0
99 252 -101.0
99 253 -89.0
99 254 -108.0
99 255 -101.0
99 256 -101.0
99 257 -94.0
99 258 -102.0
99 259 -97.0
99 260 -97.0
99 261 -102.0
99 262 -90.0
99 263 -94.0
99 264 -97.0
99 265 -105.0
99 266 -94.0
99 267 -102.0
99 268 -99.0
99 269 -94.0
99 270 -91.0
99 271 -96.0
99 272 -100.0
99 273 -100.0
99 274 -98.0
99 275 -101.0
99 276 -98.0
99 277 -99.0
99 278 -100.0
99 279 -97.0
99 280 -96.0
99 281 -95.0
99 282 -96.0
99 283 -92.0
99 284 -105.0
99 285 -111.0
99 286 -97.0
99 287 -99.0
99 288 -102.0
99 289 -104.0
99 290 -105.0
99 291 -97.0
99 292 -96.0
99 293 -110.0
99 294 -97.0
99 295 -105.0
99 296 -98.0
99 297 -97.0
99 298 -97.0
99 299 -101.0
99 300 -104.0
99 301 -97.0
99 302 -98.0
99 303 -102.0
99 304 -103.0
99 305 -101.0
99 306 -105.0
99 307 -97.0
99 308 -112.0
99 309 -97.0
99 310 -98.0
99 311 -96.0
99 312 -91.0
99 313 -101.0
99 314 -102.0
99 315 -99.0
99 316 -110.0
99 317 -99.0
99 318 -105.0
99 319 -89.0
99 320 -98.0
100 101 -104.0
100 102 -97.0
100 103 -92.0
100 104 -97.0
100 105 -107.0
100 106 -101.0
100 107 -98.0
100 108 -99.0
100 109 -94.0
100 110 -106.0
100 111 -102.0
100 112 -109.0
100 113 -97.0
100 114 -98.0
100 115 -98.0
100 116 -100.0
100 117 -106.0
100 118 -103.0
100 119 -110.0
100 120 -100.0
100 121 -103.0
100 122 -98.0
100 123 -91.0
100 124 -89.0
100 125 -103.0
100 126 -97.0
100 127 -96.0
100 128 -91.0
100 129 -99.0
100 130 -98.0
100 131 -99.0
100 132 -102.0
100 133 -96.0
100 134 -98.0
100 135 -98.0
100 136 -102.0
100 137 -102.0
100 138 -102.0
100 139 -93.0
100 140 -108.0
100 141 -98.0
100 142 -94.0
100 143 -96.0
100 144 -101.0
100 145 -110.0
100 146 -95.0
100 147 -88.0
100 148 -98.0
100 149 -96.0
100 150 -97.0
100 151 -97.0
100 152 -98.0
100 153 -94.0
100 154 -93.0
100 155 -94.0
100 156 -100.0
100 157 -102.0
100 158 -102.0
100 159 -105.0
100 160 -97.0
100 161 -98.0
100 162 -96.0
100 163 -94.0
100 164 -93.0
100 165 -104.0
100 166 -90.0
100 167 -105.0
100 168 -97.0
100 169 -96.0
100 170 -97.0
100 171 -97.0
100 172 -97.0
100 173 -96.0
100 174 -102.0
100 175 -96.0
100 176 -102.0
100 177 -94.0
100 178 -104.0
100 179 -106.0
100 180 -102.0
100 181 -94.0
100 182 -97.0
100 183 -97.0
100 184 -103.0
100 185 -102.0
100 186 -104.0
100 187 -98.0
100 188 -98.0
100 189 -93.0
100 190 -95.0
100 191 -94.0
100 192 -105.0
100 193 -94.0
100 194 -99.0
100 195 -99.0
100 196 -92.0
100 197 -82.0
100 198 -103.0
100 199 -94.0
100 200 -96.0
100 201 -92.0
100 202 -103.0
100 203 -100.0
100 204 -101.0
100 205 -95.0
100 206 -111.0
100 207 -97.0
100 208 -98.0
100 209 -94.0
100 210 -97.0
100 211 -99.0
100 212 -97.0
100 213 -97.0
100 214 -104.0
100 215 -102.0
100 216 -98.0
100 217 -95.0
100 218 -100.0
100 219 -107.0
100 220 -105.0
100 221 -96.0
100 222 -97.0
100 223 -101.0
100 224 -92.0
100 225 -91.0
100 226 -101.0
100 227 -97.0
100 228 -103.0
100 229 -103.0
100 230 -98.0
100 231 -97.0
100 232 -95.0
100 233 -90.0
100 234 -103.0
100 235 -96.0
100 236 -90.0
100 237 -90.0
100 238 -106.0
100 239 -92.0
100 240 -101.0
100 241 -103.0
100 242 -96.0
100 243 -88.0
100 244 -101.0
100 245 -104.0
100 246 -100.0
100 247 -97.0
100 248 -93.0
100 249 -98.0
100 250 -119.0
100 251 -97.0
100 252 -105.0
100 253 -102.0
100 254 -95.0
100 255 -95.0
100 256 -106.0
100 257 -92.0
100 258 -98.0
100 259 -113.0
100 260 -102.0
100 261 -97.0
100 262 -96.0
100 263 -101.0
100 264 -96.0
100 265 -105.0
100 266 -96.0
100 267 -93.0
100 268 -98.0
100 269 -99.0
100 270 -97.0
100 271 -98.0
100 272 -112.0
100 273 -100.0
100 274 -105.0
100 275 -102.0
100 276 -102.0
100 277 -104.0
100 278 -99.0
100 279 -95.0
100 280 -99.0
100 281 -109.0
100 282 -99.0
100 283 -101.0
100 284 -96.0
100 285 -101.0
100 286 -97.0
100 287 -102.0
100 288 -105.0
100 289 -101.0
100 290 -94.0
100 291 -102.0
100 292 -102.0
100 293 -100.0
100 294 -101.0
100 295 -102.0
100 296 -101.0
100 297 -93.0
100 298 -103.0
100 299 -101.0
100 300 -102.0
100 301 -108.0
100 302 -102.0
100 303 -100.0
100 304 -97.0
100 305 -93.0
100 306 -102.0
100 307 -106.0
100 308 -99.0
100 309 -100.0
100 310 -91.0
100 311 -104.0
100 312 -111.0
100 313 -90.0
100 314 -99.0
100 315 -105.0
100 316 -95.0
100 317 -107.0
100 318 -96.0
100 319 -96.0
100 320 -106.0
101 102 -100.0
101 103 -108.0
101 104 -101.0
101 105 -108.0
101 106 -104.0
101 107 -97.0
101 108 -82.0
101 109 -102.0
101 110 -107.0
101 111 -100.0
101 112 -100.0
101 113 -102.0
101 114 -97.0
101 115 -108.0
101 116 -106.0
101 117 -92.0
101 118 -99.0
101 119 -105.0
101 120 -89.0
101 121 -98.0
101 122 -91.0
101 123 -98.0
101 124 -97.0
101 125 -97.0
101 126 -97.0
101 127 -94.0
101 128 -102.0
101 129 -101.0
101 130 -93.0
101 131 -103.0
101 132 -101.0
101 133 -98.0
101 134 -99.0
101 135 -101.0
101 136 -98.0
101 137 -101.0
101 138 -102.0
101 139 -98.0
101 140 -103.0
101 141 -106.0
101 142 -96.0
101 143 -99.0
101 144 -99.0
101 145 -93.0
101 146 -102.0
101 147 -99.0
101 148 -101.0
101 149 -103.0
101 150 -91.0
101 151 -102.0
101 152 -100.0
101 153 -111.0
101 154 -90.0
101 155 -100.0
101 156 -98.0
101 157 -104.0
101 158 -94.0
101 159 -97.0
101 160 -100.0
101 161 -104.0
101 162 -104.0
101 163 -102.0
101 164 -100.0
101 165 -102.0
101 166 -94.0
101 167 -101.0
101 168 -105.0
101 169 -99.0
101 170 -100.0
101 171 -95.0
101 172 -104.0
101 173 -93.0
101 174 -97.0
101 175 -102.0
101 176 -83.0
101 177 -102.0
101 178 -106.0
101 179 -93.0
101 180 -95.0
101 181 -98.0
101 182 -102.0
101 183 -107.0
101 184 -95.0
101 185 -95.0
101 186 -102.0
101 187 -97.0
101 188 -99.0
101 189 -107.0
101 190 -100.0
101 191 -107.0
101 192 -101.0
101 193 -103.0
101 194 -102.0
101 195 -106.0
101 196 -100.0
101 197 -105.0
101 198 -95.0
101 199 -91.0
101 200 -106.0
101 201 -99.0
101 202 -106.0
101 203 -98.0
101 204 -100.0
101 205 -92.0
101 206 -97.0
101 207 -91.0
101 208 -92.0
101 209 -97.0
101 210 -104.0
101 211 -103.0
101 212 -101.0
101 213 -96.0
101 214 -105.0
101 215 -93.0
101 216 -97.0
101 217 -89.0
101 218 -107.0
101 219 -107.0
101 220 -96.0
101 221 -100.0
101 222 -99.0
101 223 -97.0
101 224 -101.0
101 225 -100.0
101 226 -100.0
101 227 -100.0
101 228 -103.0
101 229 -100.0
101 230 -94.0
101 231 -110.0
101 232 -104.0
101 233 -100.0
101 234 -97.0
101 235 -102.0
101 236 -99.0
101 237 -98.0
101 238 -103.0
101 239 -97.0
101 240 -89.0
101 241 -99.0
101 242 -104.0
101 243 -102.0
101 244 -101.0
101 245 -102.0
101 246 -107.0
101 247 -104.0
101 248 -103.0
101 249 -100.0
101 250 -96.0
101 251 -100.0
101 252 -95.0
101 253 -108.0
101 254 -103.0
101 255 -97.0
101 256 -97.0
101 257 -99.0
101 258 -102.0
101 259 -106.0
101 260 -102.0
101 261 -107.0
101 262 -97.0
101 263 -97.0
101 264 -103.0
101 265 -104.0
101 266 -103.0
101 267 -101.0
101 268 -105.0
101 269 -105.0
101 270 -100.0
101 271 -103.0
101 272 -102.0
101 273 -105.0
101 274 -96.0
101 275 -94.0
101 276 -85.0
101 277 -103.0
101 278 -99.0
101 279 -92.0
101 280 -102.0
101 281 -101.0
101 282 -107.0
101 283 -93.0
101 284 -96.0
101 285 -91.0
101 286 -102.0
101 287 -101.0
101 288 -103.0
101 289 -100.0
101 290 -105.0
101 291 -102.0
101 292 -107.0
101 293 -98.0
101 294 -102.0
101 295 -112.0
101 296 -105.0
101 297 -94.0
101 298 -93.0
101 299 -104.0
101 300 -94.0
101 301 -101.0
101 302 -95.0
101 303 -106.0
101 304 -101.0
101 305 -105.0
101 306 -98.0
101 307 -97.0
101 308 -98.0
101 309 -97.0
101 310 -95.0
101 311 -102.0
101 312 -100.0
101 313 -103.0
101 314 -99.0
101 315 -103.0
101 316 -99.0
101 317 -98.0
101 318 -101.0
101 319 -106.0
101 320 -106.0
102 103 -103.0
102 104 -104.0
102 105 -98.0
102 106 -97.0
102 107 -103.0
102 108 -99.0
102 109 -100.0
102 110 -108.0
102 111 -110.0
102 112 -103.0
102 113 -98.0
102 114 -100.0
102 115 -97.0
102 116 -99.0
102 117 -96.0
102 118 -102.0
102 119 -104.0
102 120 -97.0
102 121 -100.0
102 122 -103.0
102 123 -98.0
102 124 -99.0
102 125 -104.0
102 126 -97.0
102 127 -90.0
102 128 -102.0
102 129 -105.0
102 130 -99.0
102 131 -101.0
102 132 -100.0
102 133 -98.0
102 134 -89.0
102 135 -107.0
102 136 -102.0
102 137 -106.0
102 138 -97.0
102 139 -98.0
102 140 -92.0
102 141 -98.0
102 142 -99.0
102 143 -102.0
102 144 -101.0
102 145 -99.0
102 146 -95.0
102 147 -98.0
102 148 -102.0
102 149 -104.0
102 150 -104.0
102 151 -103.0
102 152 -92.0
102 153 -94.0
102 154 -100.0
102 155 -101.0
102 156 -96.0
102 157 -90.0
102 158 -94.0
102 159 -100.0
102 160 -102.0
102 161 -97.0
102 162 -111.0
102 163 -103.0
102 164 -108.0
102 165 -101.0
102 166 -105.0
102 167 -95.0
102 168 -103.0
102 169 -97.0
102 170 -97.0
102 171 -99.0
102 172 -89.0
102 173 -104.0
102 174 -94.0
102 175 -103.0
102 176 -96.0
102 177 -100.0
102 178 -102.0
102 179 -95.0
102 180 -94.0
102 181 -104.0
102 182 -104.0
102 183 -99.0
102 184 -97.0
102 185 -99.0
102 186 -99.0
102 187 -99.0
102 188 -105.0
102 189 -102.0
102 190 -101.0
102 191 -106.0
102 192 -100.0
102 193 -98.0
102 194 -84.0
102 195 -95.0
102 196 -96.0
102 197 -104.0
102 198 -104.0
102 199 -100.0
102 200 -100.0
102 201 -106.0
102 202 -96.0
102 203 -99.0
102 204 -94.0
102 205 -105.0
102 206 -99.0
102 207 -97.0
102 208 -110.0
102 209 -90.0
102 210 -99.0
102 211 -97.0
102 212 -98.0
102 213 -95.0
102 214 -98.0
102 215 -104.0
102 216 -107.0
102 217 -101.0
102 218 -100.0
102 219 -93.0
102 220 -95.0
102 221 -96.0
102 222 -103.0
102 223 -98.0
102 224 -100.0
102 225 -102.0
102 226 -98.0
102 227 -110.0
102 228 -85.0
102 229 -101.0
102 230 -99.0
102 231 -100.0
102 232 -98.0
102 233 -104.0
102 234 -106.0
102 235 -112.0
102 236 -97.0
102 237 -100.0
102 238 -95.0
102 239 -89.0
102 240 -103.0
102 241 -105.0
102 242 -101.0
102 243 -103.0
102 244 -96.0
102 245 -95.0
102 246 -98.0
102 247 -98.0
102 248 -100.0
102 249 -92.0
102 250 -93.0
102 251 -102.0
102 252 -97.0
102 253 -97.0
102 254 -95.0
102 255 -101.0
102 256 -97.0
102 257 -97.0
102 258 -104.0
102 259 -102.0
102 260 -91.0
102 261 -108.0
102 262 -99.0
102 263 -102.0
102 264 -100.0
102 265 -104.0
102 266 -91.0
102 267 -97.0
102 268 -100.0
102 269 -95.0
102 270 -95.0
102 271 -97.0
102 272 -100.0
102 273 -104.0
102 274 -104.0
102 275 -92.0
102 276 -100.0
102 277 -99.0
102 278 -95.0
102 279 -97.0
102 280 -97.0
102 281 -95.0
102 282 -101.0
102 283 -100.0
102 284 -86.0
102 285 -102.0
102 286 -104.0
102 287 -96.0
102 288 -94.0
102 289 -99.0
102 290 -98.0
102 291 -97.0
102 292 -99.0
102 293 -90.0
102 294 -93.0
102 295 -95.0
102 296 -102.0
102 297 -91.0
102 298 -102.0
102 299 -110.0
102 300 -96.0
102 301 -103.0
102 302 -106.0
102 303 -103.0
102 304 -100.0
102 305 -101.0
102 306 -103.0
102 307 -107.0
102 308 -96.0
102 309 -96.0
102 310 -89.0
102 311 -96.0
102 312 -99.0
102 313 -101.0
102 314 -90.0
102 315 -91.0
102 316 -94.0
102 317 -102.0
102 318 -107.0
102 319 -95.0
102 320 -102.0
103 104 -89.0
103 105 -104.0
103 106 -109.0
103 107 -97.0
103 108 -97.0
103 109 -91.0
103 110 -105.0
103 111 -107.0
103 112 -95.0
103 113 -107.0
103 114 -100.0
103 115 -103.0
103 116 -95.0
103 117 -100.0
103 118 -101.0
103 119 -102.0
103 120 -101.0
103 121 -92.0
103 122 -98.0
103 123 -105.0
103 124 -107.0
103 125 -106.0
103 126 -103.0
103 127 -99.0
103 128 -107.0
103 129 -93.0
103 130 -93.0
103 131 -103.0
103 132 -99.0
103 133 -90.0
103 134 -96.0
103 135 -100.0
103 136 -100.0
103 137 -105.0
103 138 -98.0
103 139 -93.0
103 140 -93.0
103 141 -99.0
103 142 -91.0
103 143 -94.0
103 144 -102.0
103 145 -98.0
103 146 -98.0
103 147 -99.0
103 148 -96.0
103 149 -101.0
103 150 -96.0
103 151 -97.0
103 152 -99.0
103 153 -101.0
103 154 -100.0
103 155 -100.0
103 156 -94.0
103 157 -100.0
103 158 -98.0
103 159 -108.0
103 160 -93.0
103 161 -91.0
103 162 -103.0
103 163 -102.0
103 164 -98.0
103 165 -99.0
103 166 -101.0
103 167 -99.0
103 168 -100.0
103 169 -96.0
103 170 -107.0
103 171 -97.0
103 172 -94.0
103 173 -102.0
103 174 -103.0
103 175 -98.0
103 176 -95.0
103 177 -102.0
103 178 -96.0
103 179 -98.0
103 180 -95.0
103 181 -97.0
103 182 -108.0
103 183 -104.0
103 184 -99.0
103 185 -103.0
103 186 -100.0
103 187 -99.0
103 188 -101.0
103 189 -101.0
103 190 -103.0
103 191 -99.0
103 192 -107.0
103 193 -97.0
103 194 -97.0
103 195 -97.0
103 196 -106.0
103 197 -105.0
103 198 -107.0
103 199 -89.0
103 200 -97.0
103 201 -100.0
103 202 -102.0
103 203 -93.0
103 204 -106.0
103 205 -103.0
103 206 -91.0
103 207 -97.0
103 208 -93.0
103 209 -93.0
103 210 -100.0
103 211 -99.0
103 212 -102.0
103 213 -102.0
103 214 -99.0
103 215 -101.0
103 216 -100.0
103 217 -89.0
103 218 -95.0
103 219 -109.0
103 220 -90.0
103 221 -102.0
103 222 -99.0
103 223 -90.0
103 224 -105.0
103 225 -107.0
103 226 -108.0
103 227 -108.0
103 228 -101.0
103 229 -104.0
103 230 -108.0
103 231 -94.0
103 232 -98.0
103 233 -99.0
103 234 -100.0
103 235 -104.0
103 236 -97.0
103 237 -102.0
103 238 -101.0
103 239 -97.0
103 240 -97.0
103 241 -92.0
103 242 -103.0
103 243 -98.0
103 244 -100.0
103 245 -102.0
103 246 -98.0
103 247 -93.0
103 248 -92.0
103 249 -103.0
103 250 -101.0
103 251 -105.0
103 252 -98.0
103 253 -94.0
103 254 -100.0
103 255 -103.0
103 256 -101.0
103 257 -105.0
103 258 -96.0
103 259 -102.0
103 260 -110.0
103 261 -98.0
103 262 -98.0
103 263 -102.0
103 264 -98.0
103 265 -98.0
103 266 -95.0
103 267 -102.0
103 268 -94.0
103 269 -96.0
103 270 -101.0
103 271 -100.0
103 272 -100.0
103 273 -91.0
103 274 -93.0
103 275 -97.0
103 276 -100.0
103 277 -98.0
103 278 -100.0
103 279 -102.0
103 280 -103.0
103 281 -102.0
103 282 -100.0
103 283 -92.0
103 284 -99.0
103 285 -101.0
103 286 -95.0
103 287 -97.0
103 288 -100.0
103 289 -101.0
103 290 -98.0
103 291 -93.0
103 292 -100.0
103 293 -92.0
103 294 -97.0
103 295 -99.0
103 296 -107.0
103 297 -95.0
103 298 -96.0
103 299 -96.0
103 300 -103.0
103 301 -104.0
103 302 -103.0
103 303 -99.0
103 304 -96.0
103 305 -105.0
103 306 -99.0
103 307 -99.0
103 308 -101.0
103 309 -95.0
103 310 -99.0
103 311 -103.0
103 312 -102.0
103 313 -102.0
103 314 -96.0
103 315 -97.0
103 316 -100.0
103 317 -97.0
103 318 -97.0
103 319 -93.0
103 320 -99.0
104 105 -93.0
104 106 -91.0
104 107 -91.0
104 108 -108.0
104 109 -101.0
104 110 -88.0
104 111 -103.0
104 112 -99.0
104 113 -111.0
104 114 -100.0
104 115 -99.0
104 116 -110.0
104 117 -109.0
104 118 -103.0
104 119 -98.0
104 120 -98.0
104 121 -104.0
104 122 -99.0
104 123 -101.0
104 124 -108.0
104 125 -96.0
104 126 -109.0
104 127 -101.0
104 128 -103.0
104 129 -98.0
104 130 -98.0
104 131 -101.0
104 132 -106.0
104 133 -113.0
104 134 -99.0
104 135 -100.0
104 136 -102.0
104 137 -95.0
104 138 -105.0
104 139 -99.0
104 140 -103.0
104 141 -96.0
104 142 -99.0
104 143 -99.0
104 144 -103.0
104 145 -103.0
104 146 -108.0
104 147 -98.0
104 148 -101.0
104 149 -109.0
104 150 -96.0
104 151 -97.0
104 152 -105.0
104 153 -96.0
104 154 -108.0
104 155 -96.0
104 156 -102.0
104 157 -99.0
104 158 -103.0
104 159 -98.0
104 160 -93.0
104 161 -99.0
104 162 -101.0
104 163 -99.0
104 164 -105.0
104 165 -88.0
104 166 -91.0
104 167 -98.0
104 168 -102.0
104 169 -105.0
104 170 -96.0
104 171 -101.0
104 172 -94.0
104 173 -100.0
104 174 -99.0
104 175 -104.0
104 176 -102.0
104 177 -93.0
104 178 -107.0
104 179 -97.0
104 180 -96.0
104 181 -100.0
104 182 -98.0
104 183 -97.0
104 184 -94.0
104 185 -100.0
104 186 -101.0
104 187 -95.0
104 188 -94.0
104 189 -100.0
104 190 -101.0
104 191 -98.0
104 192 -98.0
104 193 -94.0
104 194 -98.0
104 195 -104.0
104 196 -96.0
104 197 -90.0
104 198 -105.0
104 199 -101.0
104 200 -99.0
104 201 -94.0
104 202 -100.0
104 203 -103.0
104 204 -107.0
104 205 -101.0
104 206 -109.0
104 207 -105.0
104 208 -99.0
104 209 -96.0
104 210 -102.0
104 211 -102.0
104 212 -99.0
104 213 -105.0
104 214 -97.0
104 215 -92.0
104 216 -100.0
104 217 -98.0
104 218 -99.0
104 219 -97.0
104 220 -104.0
104 221 -97.0
104 222 -105.0
104 223 -98.0
104 224 -100.0
104 225 -101.0
104 226 -93.0
104 227 -104.0
104 228 -97.0
104 229 -89.0
104 230 -102.0
104 231 -103.0
104 232 -100.0
104 233 -105.0
104 234 -96.0
104 235 -99.0
104 236 -101.0
104 237 -106.0
104 238 -105.0
104 239 -96.0
104 240 -100.0
104 241 -104.0
104 242 -102.0
104 243 -103.0
104 244 -101.0
104 245 -90.0
104 246 -94.0
104 247 -87.0
104 248 -108.0
104 249 -100.0
104 250 -108.0
104 251 -98.0
104 252 -97.0
104 253 -101.0
104 254 -94.0
104 255 -106.0
104 256 -102.0
104 257 -104.0
104 258 -107.0
104 259 -102.0
104 260 -109.0
104 261 -98.0
104 262 -90.0
104 263 -96.0
104 264 -99.0
104 265 -100.0
104 266 -94.0
104 267 -94.0
104 268 -101.0
104 269 -104.0
104 270 -98.0
104 271 -100.0
104 272 -102.0
104 273 -104.0
104 274 -93.0
104 275 -97.0
104 276 -94.0
104 277 -101.0
104 278 -104.0
104 279 -103.0
104 280 -107.0
104 281 -100.0
104 282 -101.0
104 283 -98.0
104 284 -111.0
104 285 -98.0
104 286 -103.0
104 287 -92.0
104 288 -104.0
104 289 -99.0
104 290 -100.0
104 291 -105.0
104 292 -101.0
104 293 -94.0
104 294 -103.0
104 295 -98.0
104 296 -91.0
104 297 -103.0
104 298 -96.0
104 299 -99.0
104 300 -99.0
104 301 -99.0
104 302 -101.0
104 303 -97.0
104 304 -89.0
104 305 -108.0
104 306 -104.0
104 307 -89.0
104 308 -100.0
104 309 -102.0
104 310 -104.0
104 311 -102.0
104 312 -104.0
104 313 -104.0
104 314 -99.0
104 315 -96.0
104 316 -105.0
104 317 -100.0
104 318 -105.0
104 319 -94.0
104 320 -93.0
105 106 -108.0
105 107 -98.0
105 108 -101.0
105 109 -102.0
105 110 -106.0
105 111 -103.0
105 112 -102.0
105 113 -100.0
105 114 -99.0
105 115 -100.0
105 116 -102.0
105 117 -99.0
105 118 -100.0
105 119 -100.0
105 120 -100.0
105 121 -98.0
105 122 -101.0
105 123 -110.0
105 124 -89.0
105 125 -98.0
105 126 -104.0
105 127 -102.0
105 128 -98.0
105 129 -103.0
105 130 -96.0
105 131 -102.0
105 132 -103.0
105 133 -91.0
105 134 -99.0
105 135 -95.0
105 136 -100.0
105 137 -98.0
105 138 -100.0
105 139 -103.0
105 140 -102.0
105 141 -105.0
105 142 -101.0
105 143 -94.0
105 144 -91.0
105 145 -102.0
105 146 -96.0
105 147 -101.0
105 148 -99.0
105 149 -100.0
105 150 -106.0
105 151 -91.0
105 152 -110.0
105 153 -89.0
105 154 -107.0
105 155 -89.0
105 156 -100.0
105 157 -95.0
105 158 -94.0
105 159 -108.0
105 160 -105.0
105 161 -104.0
105 162 -98.0
105 163 -110.0
105 164 -96.0
105 165 -93.0
105 166 -92.0
105 167 -97.0
105 168 -100.0
105 169 -104.0
105 170 -96.0
105 171 -100.0
105 172 -100.0
105 173 -107.0
105 174 -97.0
105 175 -110.0
105 176 -102.0
105 177 -99.0
105 178 -98.0
105 179 -103.0
105 180 -91.0
105 181 -98.0
105 182 -100.0
105 183 -104.0
105 184 -109.0
105 185 -88.0
105 186 -93.0
105 187 -106.0
105 188 -101.0
105 189 -100.0
105 190 -101.0
105 191 -97.0
105 192 -99.0
105 193 -107.0
105 194 -102.0
105 195 -98.0
105 196 -107.0
105 197 -94.0
105 198 -111.0
105 199 -102.0
105 200 -100.0
105 201 -107.0
105 202 -98.0
105 203 -103.0
105 204 -97.0
105 205 -99.0
105 206 -93.0
105 207 -89.0
105 208 -102.0
105 209 -105.0
105 210 -107.0
105 211 -100.0
105 212 -101.0
105 213 -103.0
105 214 -93.0
105 215 -92.0
105 216 -98.0
105 217 -97.0
105 218 -104.0
105 219 -102.0
105 220 -89.0
105 221 -104.0
105 222 -98.0
105 223 -104.0
105 224 -101.0
105 225 -89.0
105 226 -91.0
105 227 -103.0
105 228 -97.0
105 229 -101.0
105 230 -97.0
105 231 -110.0
105 232 -96.0
105 233 -95.0
105 234 -106.0
105 235 -99.0
105 236 -98.0
105 237 -99.0
105 238 -104.0
105 239 -92.0
105 240 -102.0
105 241 -105.0
105 242 -107.0
105 243 -104.0
105 244 -99.0
105 245 -107.0
105 246 -101.0
105 247 -97.0
105 248 -103.0
105 249 -106.0
105 250 -115.0
105 251 -91.0
105 252 -94.0
105 253 -106.0
105 254 -93.0
105 255 -97.0
105 256 -102.0
105 257 -104.0
105 258 -93.0
105 259 -94.0
105 260 -95.0
105 261 -92.0
105 262 -101.0
105 263 -101.0
105 264 -102.0
105 265 -95.0
105 266 -110.0
105 267 -99.0
105 268 -106.0
105 269 -96.0
105 270 -105.0
105 271 -94.0
105 272 -109.0
105 273 -92.0
105 274 -102.0
105 275 -102.0
105 276 -99.0
105 277 -96.0
105 278 -96.0
105 279 -98.0
105 280 -94.0
105 281 -92.0
105 282 -101.0
105 283 -103.0
105 284 -96.0
105 285 -101.0
105 286 -103.0
105 287 -99.0
105 288 -99.0
105 289 -99.0
105 290 -96.0
105 291 -96.0
105 292 -107.0
105 293 -96.0
105 294 -93.0
105 295 -100.0
105 296 -104.0
105 297 -101.0
105 298 -109.0
105 299 -93.0
105 300 -103.0
105 301 -100.0
105 302 -99.0
105 303 -99.0
105 304 -101.0
105 305 -97.0
105 306 -101.0
105 307 -105.0
105 308 -105.0
105 309 -109.0
105 310 -96.0
105 311 -110.0
105 312 -109.0
105 313 -96.0
105 314 -93.0
105 315 -111.0
105 316 -102.0
105 317 -94.0
105 318 -89.0
105 319 -96.0
105 320 -109.0
106 107 -107.0
106 108 -110.0
106 109 -99.0
106 110 -104.0
106 111 -97.0
106 112 -99.0
106 113 -95.0
106 114 -106.0
106 115 -94.0
106 116 -96.0
106 117 -94.0
106 118 -94.0
106 119 -102.0
106 120 -97.0
106 121 -106.0
106 122 -100.0
106 123 -94.0
106 124 -106.0
106 125 -93.0
106 126 -97.0
106 127 -107.0
106 128 -97.0
106 129 -100.0
106 130 -106.0
106 131 -110.0
106 132 -105.0
106 133 -101.0
106 134 -94.0
106 135 -99.0
106 136 -102.0
106 137 -100.0
106 138 -105.0
106 139 -105.0
106 140 -100.0
106 141 -104.0
106 142 -101.0
106 143 -98.0
106 144 -100.0
106 145 -92.0
106 146 -101.0
106 147 -94.0
106 148 -96.0
106 149 -94.0
106 150 -94.0
106 151 -108.0
106 152 -98.0
106 153 -100.0
106 154 -102.0
106 155 -91.0
106 156 -100.0
106 157 -102.0
106 158 -99.0
106 159 -105.0
106 160 -97.0
106 161 -102.0
106 162 -106.0
106 163 -96.0
106 164 -101.0
106 165 -110.0
106 166 -101.0
106 167 -98.0
106 168 -95.0
106 169 -107.0
106 170 -97.0
106 171 -104.0
106 172 -104.0
106 173 -108.0
106 174 -99.0
106 175 -105.0
106 176 -101.0
106 177 -95.0
106 178 -94.0
106 179 -98.0
106 180 -96.0
106 181 -107.0
106 182 -108.0
106 183 -105.0
106 184 -98.0
106 185 -102.0
106 186 -100.0
106 187 -96.0
106 188 -101.0
106 189 -99.0
106 190 -107.0
106 191 -94.0
106 192 -95.0
106 193 -112.0
106 194 -102.0
106 195 -101.0
106 196 -91.0
106 197 -103.0
106 198 -102.0
106 199 -94.0
106 200 -96.0
106 201 -104.0
106 202 -100.0
106 203 -102.0
106 204 -97.0
106 205 -101.0
106 206 -97.0
106 207 -101.0
106 208 -104.0
106 209 -105.0
106 210 -94.0
106 211 -104.0
106 212 -100.0
106 213 -98.0
106 214 -94.0
106 215 -94.0
106 216 -107.0
106 217 -85.0
106 218 -100.0
106 219 -89.0
106 220 -93.0
106 221 -96.0
106 222 -100.0
106 223 -101.0
106 224 -94.0
106 225 -98.0
106 226 -100.0
106 227 -95.0
106 228 -101.0
106 229 -108.0
106 230 -99.0
106 231 -100.0
106 232 -106.0
106 233 -99.0
106 234 -91.0
106 235 -92.0
106 236 -93.0
106 237 -103.0
106 238 -92.0
106 239 -99.0
106 240 -104.0
106 241 -99.0
106 242 -108.0
106 243 -97.0
106 244 -95.0
106 245 -97.0
106 246 -102.0
106 247 -105.0
106 248 -104.0
106 249 -98.0
106 250 -100.0
106 251 -97.0
106 252 -109.0
106 253 -100.0
106 254 -94.0
106 255 -106.0
106 256 -115.0
106 257 -102.0
106 258 -95.0
106 259 -108.0
106 260 -100.0
106 261 -112.0
106 262 -99.0
106 263 -97.0
106 264 -108.0
106 265 -98.0
106 266 -100.0
106 267 -103.0
106 268 -95.0
106 269 -101.0
106 270 -107.0
106 271 -99.0
106 272 -109.0
106 273 -102.0
106 274 -92.0
106 275 -110.0
106 276 -94.0
106 277 -95.0
106 278 -102.0
106 279 -102.0
106 280 -100.0
106 281 -103.0
106 282 -100.0
106 283 -98.0
106 284 -104.0
106 285 -104.0
106 286 -101.0
106 287 -103.0
106 288 -100.0
106 289 -93.0
106 290 -90.0
106 291 -97.0
106 292 -101.0
106 293 -97.0
106 294 -99.0
106 295 -105.0
106 296 -97.0
106 297 -103.0
106 298 -97.0
106 299 -97.0
106 300 -95.0
106 301 -105.0
106 302 -97.0
106 303 -97.0
106 304 -103.0
106 305 -107.0
106 306 -102.0
106 307 -101.0
106 308 -95.0
106 309 -104.0
106 310 -107.0
106 311 -100.0
106 312 -100.0
106 313 -96.0
106 314 -99.0
106 315 -100.0
106 316 -102.0
106 317 -101.0
106 318 -103.0
106 319 -98.0
106 320 -105.0
107 108 -93.0
107 109 -100.0
107 110 -92.0
107 111 -100.0
107 112 -101.0
107 113 -99.0
107 114 -100.0
107 115 -98.0
107 116 -87.0
107 117 -103.0
107 118 -95.0
107 119 -101.0
107 120 -96.0
107 121 -113.0
107 122 -98.0
107 123 -100.0
107 124 -107.0
107 125 -99.0
107 126 -94.0
107 127 -93.0
107 128 -92.0
107 129 -102.0
107 130 -100.0
107 131 -94.0
107 132 -97.0
107 133 -92.0
107 134 -91.0
107 135 -99.0
107 136 -100.0
107 137 -107.0
107 138 -94.0
107 139 -109.0
107 140 -96.0
107 141 -104.0
107 142 -98.0
107 143 -99.0
107 144 -94.0
107 145 -95.0
107 146 -97.0
107 147 -107.0
107 148 -107.0
107 149 -90.0
107 150 -104.0
107 151 -97.0
107 152 -98.0
107 153 -93.0
107 154 -90.0
107 155 -97.0
107 156 -97.0
107 157 -98.0
107 158 -103.0
107 159 -103.0
107 160 -92.0
107 161 -104.0
107 162 -97.0
107 163 -95.0
107 164 -99.0
107 165 -99.0
107 166 -98.0
107 167 -93.0
107 168 -100.0
107 169 -91.0
107 170 -100.0
107 171 -102.0
107 172 -108.0
107 173 -96.0
107 174 -101.0
107 175 -93.0
107 176 -88.0
107 177 -107.0
107 178 -105.0
107 179 -98.0
107 180 -103.0
107 181 -98.0
107 182 -98.0
107 183 -86.0
107 184 -93.0
107 185 -97.0
107 186 -92.0
107 187 -97.0
107 188 -103.0
107 189 -99.0
107 190 -96.0
107 191 -101.0
107 192 -99.0
107 193 -98.0
107 194 -100.0
107 195 -108.0
107 196 -94.0
107 197 -103.0
107 198 -96.0
107 199 -104.0
107 200 -100.0
107 201 -113.0
107 202 -100.0
107 203 -93.0
107 204 -91.0
107 205 -109.0
107 206 -100.0
107 207 -98.0
107 208 -103.0
107 209 -97.0
107 210 -104.0
107 211 -105.0
107 212 -109.0
107 213 -101.0
107 214 -94.0
107 215 -93.0
107 216 -98.0
107 217 -98.0
107 218 -96.0
107 219 -101.0
107 220 -97.0
107 221 -109.0
107 222 -106.0
107 223 -98.0
107 224 -98.0
107 225 -102.0
107 226 -98.0
107 227 -97.0
107 228 -103.0
107 229 -98.0
107 230 -94.0
107 231 -99.0
107 232 -97.0
107 233 -103.0
107 234 -90.0
107 235 -92.0
107 236 -97.0
107 237 -96.0
107 238 -101.0
107 239 -104.0
107 240 -97.0
107 241 -104.0
107 242 -101.0
107 243 -100.0
107 244 -101.0
107 245 -102.0
107 246 -92.0
107 247 -103.0
107 248 -101.0
107 249 -104.0
107 250 -99.0
107 251 -102.0
107 252 -100.0
107 253 -110.0
107 254 -92.0
107 255 -104.0
107 256 -92.0
107 257 -106.0
107 258 -103.0
107 259 -111.0
107 260 -96.0
107 261 -106.0
107 262 -100.0
107 263 -110.0
107 264 -101.0
107 265 -98.0
107 266 -104.0
107 267 -94.0
107 268 -92.0
107 269 -111.0
107 270 -103.0
107 271 -100.0
107 272 -97.0
107 273 -97.0
107 274 -97.0
107 275 -110.0
107 276 -111.0
107 277 -99.0
107 278 -94.0
107 279 -102.0
107 280 -95.0
107 281 -93.0
107 282 -100.0
107 283 -108.0
107 284 -89.0
107 285 -104.0
107 286 -90.0
107 287 -98.0
107 288 -98.0
107 289 -100.0
107 290 -100.0
107 291 -98.0
107 292 -109.0
107 293 -99.0
107 294 -101.0
107 295 -103.0
107 296 -100.0
107 297 -104.0
107 298 -95.0
107 299 -107.0
107 300 -101.0
107 301 -98.0
107 302 -100.0
107 303 -102.0
107 304 -97.0
107 305 -98.0
107 306 -94.0
107 307 -98.0
107 308 -102.0
107 309 -100.0
107 310 -100.0
107 311 -96.0
107 312 -99.0
107 313 -100.0
107 314 -101.0
107 315 -98.0
107 316 -89.0
107 317 -103.0
107 318 -98.0
107 319 -99.0
107 320 -100.0
108 109 -94.0
108 110 -96.0
108 111 -91.0
108 112 -102.0
108 113 -97.0
108 114 -99.0
108 115 -97.0
108 116 -97.0
108 117 -100.0
108 118 -98.0
108 119 -100.0
108 120 -98.0
108 121 -96.0
108 122 -109.0
108 123 -115.0
108 124 -93.0
108 125 -97.0
108 126 -104.0
108 127 -102.0
108 128 -92.0
108 129 -100.0
108 130 -101.0
108 131 -96.0
108 132 -99.0
108 133 -98.0
108 134 -97.0
108 135 -101.0
108 136 -104.0
108 137 -105.0
108 138 -101.0
108 139 -98.0
108 140 -96.0
108 141 -100.0
108 142 -94.0
108 143 -97.0
108 144 -98.0
108 145 -101.0
108 146 -104.0
108 147 -100.0
108 148 -99.0
108 149 -105.0
108 150 -98.0
108 151 -95.0
108 152 -108.0
108 153 -102.0
108 154 -99.0
108 155 -100.0
108 156 -100.0
108 157 -105.0
108 158 -95.0
108 159 -97.0
108 160 -100.0
108 161 -99.0
108 162 -98.0
108 163 -102.0
108 164 -105.0
108 165 -108.0
108 166 -104.0
108 167 -90.0
108 168 -101.0
108 169 -97.0
108 170 -99.0
108 171 -96.0
108 172 -95.0
108 173 -106.0
108 174 -102.0
108 175 -98.0
108 176 -98.0
108 177 -105.0
108 178 -108.0
108 179 -107.0
108 180 -91.0
108 181 -100.0
108 182 -87.0
108 183 -92.0
108 184 -107.0
108 185 -91.0
108 186 -100.0
108 187 -100.0
108 188 -99.0
108 189 -92.0
108 190 -92.0
108 191 -98.0
108 192 -103.0
108 193 -110.0
108 194 -100.0
108 195 -88.0
108 196 -96.0
108 197 -98.0
108 198 -106.0
108 199 -106.0
108 200 -94.0
108 201 -103.0
108 202 -103.0
108 203 -104.0
108 204 -110.0
108 205 -97.0
108 206 -94.0
108 207 -98.0
108 208 -88.0
108 209 -108.0
108 210 -101.0
108 211 -103.0
108 212 -107.0
108 213 -102.0
108 214 -100.0
108 215 -98.0
108 216 -102.0
108 217 -100.0
108 218 -98.0
108 219 -84.0
108 220 -102.0
108 221 -100.0
108 222 -97.0
108 223 -90.0
108 224 -101.0
108 225 -104.0
108 226 -110.0
108 227 -106.0
108 228 -104.0
108 229 -98.0
108 230 -104.0
108 231 -99.0
108 232 -93.0
108 233 -105.0
108 234 -110.0
108 235 -101.0
108 236 -97.0
108 237 -91.0
108 238 -96.0
108 239 -109.0
108 240 -97.0
108 241 -104.0
108 242 -103.0
108 243 -89.0
108 244 -102.0
108 245 -98.0
108 246 -96.0
108 247 -109.0
108 248 -102.0
108 249 -98.0
108 250 -91.0
108 251 -100.0
108 252 -101.0
108 253 -110.0
108 254 -108.0
108 255 -90.0
108 256 -91.0
108 257 -96.0
108 258 -93.0
108 259 -92.0
108 260 -100.0
108 261 -108.0
108 262 -91.0
108 263 -109.0
108 264 -97.0
108 265 -105.0
108 266 -101.0
108 267 -107.0
108 268 -104.0
108 269 -97.0
108 270 -100.0
108 271 -97.0
108 272 -101.0
108 273 -102.0
108 274 -97.0
108 275 -105.0
108 276 -101.0
108 277 -93.0
108 278 -97.0
108 279 -97.0
108 280 -101.0
108 281 -96.0
108 282 -101.0
108 283 -102.0
108 284 -97.0
108 285 -94.0
108 286 -94.0
108 287 -105.0
108 288 -96.0
108 289 -99.0
108 290 -97.0
108 291 -96.0
108 292 -101.0
108 293 -94.0
108 294 -95.0
108 295 -94.0
108 296 -97.0
108 297 -111.0
108 298 -99.0
108 299 -102.0
108 300 -97.0
108 301 -93.0
108 302 -99.0
108 303 -100.0
108 304 -102.0
108 305 -101.0
108 306 -104.0
108 307 -88.0
108 308 -101.0
108 309 -109.0
108 310 -96.0
108 311 -99.0
108 312 -99.0
108 313 -97.0
108 314 -100.0
108 315 -96.0
108 316 -108.0
108 317 -102.0
108 318 -96.0
108 319 -106.0
108 320 -100.0
109 110 -105.0
109 111 -103.0
109 112 -93.0
109 113 -107.0
109 114 -102.0
109 115 -96.0
109 116 -102.0
109 117 -96.0
109 118 -106.0
109 119 -102.0
109 120 -89.0
109 121 -98.0
109 122 -99.0
109 123 -100.0
109 124 -98.0
109 125 -104.0
109 126 -98.0
109 127 -96.0
109 128 -103.0
109 129 -91.0
109 130 -104.0
109 131 -95.0
109 132 -91.0
109 133 -98.0
109 134 -108.0
109 135 -94.0
109 136 -104.0
109 137 -102.0
109 138 -102.0
109 139 -92.0
109 140 -100.0
109 141 -97.0
109 142 -108.0
109 143 -100.0
109 144 -106.0
109 145 -96.0
109 146 -85.0
109 147 -93.0
109 148 -95.0
109 149 -101.0
109 150 -108.0
109 151 -100.0
109 152 -95.0
109 153 -91.0
109 154 -102.0
109 155 -99.0
109 156 -98.0
109 157 -102.0
109 158 -96.0
109 159 -96.0
109 160 -97.0
109 161 -97.0
109 162 -104.0
109 163 -94.0
109 164 -98.0
109 165 -110.0
109 166 -106.0
109 167 -102.0
109 168 -92.0
109 169 -101.0
109 170 -100.0
109 171 -98.0
109 172 -102.0
109 173 -100.0
109 174 -99.0
109 175 -104.0
109 176 -103.0
109 177 -98.0
109 178 -99.0
109 179 -102.0
109 180 -95.0
109 181 -97.0
109 182 -107.0
109 183 -94.0
109 184 -96.0
109 185 -99.0
109 186 -97.0
109 187 -101.0
109 188 -99.0
109 189 -103.0
109 190 -94.0
109 191 -99.0
109 192 -96.0
109 193 -108.0
109 194 -92.0
109 195 -92.0
109 196 -95.0
109 197 -88.0
109 198 -99.0
109 199 -101.0
109 200 -95.0
109 201 -103.0
109 202 -106.0
109 203 -103.0
109 204 -98.0
109 205 -103.0
109 206 -103.0
109 207 -99.0
109 208 -101.0
109 209 -95.0
109 210 -98.0
109 211 -102.0
109 212 -100.0
109 213 -99.0
109 214 -101.0
109 215 -102.0
109 216 -103.0
109 217 -101.0
109 218 -93.0
109 219 -97.0
109 220 -102.0
109 221 -92.0
109 222 -106.0
109 223 -101.0
109 224 -102.0
109 225 -102.0
109 226 -99.0
109 227 -98.0
109 228 -102.0
109 229 -100.0
109 230 -96.0
109 231 -98.0
109 232 -101.0
109 233 -104.0
109 234 -97.0
109 235 -104.0
109 236 -92.0
109 237 -93.0
109 238 -94.0
109 239 -97.0
109 240 -107.0
109 241 -116.0
109 242 -102.0
109 243 -106.0
109 244 -99.0
109 245 -110.0
109 246 -94.0
109 247 -102.0
109 248 -100.0
109 249 -104.0
109 250 -108.0
109 251 -101.0
109 252 -96.0
109 253 -101.0
109 254 -95.0
109 255 -107.0
109 256 -93.0
109 257 -101.0
109 258 -99.0
109 259 -101.0
109 260 -101.0
109 261 -113.0
109 262 -96.0
109 263 -100.0
109 264 -95.0
109 265 -113.0
109 266 -101.0
109 267 -89.0
109 268 -94.0
109 269 -92.0
109 270 -98.0
109 271 -102.0
109 272 -101.0
109 273 -106.0
109 274 -92.0
109 275 -103.0
109 276 -99.0
109 277 -102.0
109 278 -98.0
109 279 -95.0
109 280 -95.0
109 281 -97.0
109 282 -101.0
109 283 -98.0
109 284 -99.0
109 285 -98.0
109 286 -93.0
109 287 -98.0
109 288 -95.0
109 289 -98.0
109 290 -94.0
109 291 -93.0
109 292 -96.0
109 293 -96.0
109 294 -95.0
109 295 -96.0
109 296 -102.0
109 297 -96.0
109 298 -98.0
109 299 -103.0
109 300 -107.0
109 301 -98.0
109 302 -95.0
109 303 -103.0
109 304 -104.0
109 305 -100.0
109 306 -101.0
109 307 -101.0
109 308 -99.0
109 309 -99.0
109 310 -89.0
109 311 -94.0
109 312 -100.0
109 313 -102.0
109 314 -94.0
109 315 -106.0
109 316 -93.0
109 317 -97.0
109 318 -103.0
109 319 -99.0
109 320 -97.0
110 111 -93.0
110 112 -92.0
110 113 -99.0
110 114 -105.0
110 115 -107.0
110 116 -98.0
110 117 -101.0
110 118 -95.0
110 119 -94.0
110 120 -85.0
110 121 -99.0
110 122 -100.0
110 123 -100.0
110 124 -99.0
110 125 -98.0
110 126 -108.0
110 127 -99.0
110 128 -102.0
110 129 -97.0
110 130 -102.0
110 131 -94.0
110 132 -104.0
110 133 -97.0
110 134 -108.0
110 135 -101.0
110 136 -97.0
110 137 -106.0
110 138 -98.0
110 139 -98.0
110 140 -95.0
110 141 -103.0
110 142 -92.0
110 143 -104.0
110 144 -94.0
110 145 -102.0
110 146 -102.0
110 147 -95.0
110 148 -98.0
110 149 -102.0
110 150 -99.0
110 151 -104.0
110 152 -104.0
110 153 -102.0
110 154 -97.0
110 155 -99.0
110 156 -103.0
110 157 -101.0
110 158 -100.0
110 159 -100.0
110 160 -106.0
110 161 -98.0
110 162 -101.0
110 163 -96.0
110 164 -99.0
110 165 -96.0
110 166 -100.0
110 167 -95.0
110 168 -100.0
110 169 -99.0
110 170 -100.0
110 171 -93.0
110 172 -103.0
110 173 -97.0
110 174 -94.0
110 175 -100.0
110 176 -97.0
110 177 -112.0
110 178 -105.0
110 179 -102.0
110 180 -96.0
110 181 -102.0
110 182 -100.0
110 183 -98.0
110 184 -99.0
110 185 -99.0
110 186 -102.0
110 187 -95.0
110 188 -97.0
110 189 -101.0
110 190 -106.0
110 191 -90.0
110 192 -106.0
110 193 -104.0
110 194 -110.0
110 195 -99.0
110 196 -96.0
110 197 -105.0
110 198 -100.0
110 199 -100.0
110 200 -103.0
110 201 -99.0
110 202 -101.0
110 203 -106.0
110 204 -101.0
110 205 -95.0
110 206 -87.0
110 207 -101.0
110 208 -93.0
110 209 -102.0
110 210 -95.0
110 211 -94.0
110 212 -103.0
110 213 -109.0
110 214 -100.0
110 215 -93.0
110 216 -108.0
110 217 -110.0
110 218 -101.0
110 219 -99.0
110 220 -97.0
110 221 -107.0
110 222 -100.0
110 223 -93.0
110 224 -89.0
110 225 -100.0
110 226 -100.0
110 227 -100.0
110 228 -99.0
110 229 -89.0
110 230 -88.0
110 231 -96.0
110 232 -97.0
110 233 -93.0
110 234 -102.0
110 235 -93.0
110 236 -87.0
110 237 -103.0
110 238 -99.0
110 239 -91.0
110 240 -102.0
110 241 -100.0
110 242 -102.0
110 243 -102.0
110 244 -91.0
110 245 -83.0
110 246 -99.0
110 247 -100.0
110 248 -99.0
110 249 -101.0
110 250 -103.0
110 251 -94.0
110 252 -99.0
110 253 -96.0
110 254 -99.0
110 255 -102.0
110 256 -111.0
110 257 -95.0
110 258 -94.0
110 259 -95.0
110 260 -99.0
110 261 -100.0
110 262 -107.0
110 263 -96.0
110 264 -99.0
110 265 -95.0
110 266 -100.0
110 267 -89.0
110 268 -88.0
110 269 -100.0
110 270 -95.0
110 271 -97.0
110 272 -87.0
110 273 -101.0
110 274 -108.0
110 275 -101.0
110 276 -108.0
110 277 -98.0
110 278 -103.0
110 279 -104.0
110 280 -99.0
110 281 -101.0
110 282 -92.0
110 283 -94.0
110 284 -100.0
110 285 -100.0
110 286 -105.0
110 287 -103.0
110 288 -97.0
110 289 -108.0
110 290 -94.0
110 291 -96.0
110 292 -92.0
110 293 -109.0
110 294 -112.0
110 295 -103.0
110 296 -100.0
110 297 -96.0
110 298 -101.0
110 299 -98.0
110 300 -98.0
110 301 -98.0
110 302 -98.0
110 303 -97.0
110 304 -107.0
110 305 -98.0
110 306 -99.0
110 307 -101.0
110 308 -101.0
110 309 -97.0
110 310 -104.0
110 311 -101.0
110 312 -105.0
110 313 -103.0
110 314 -107.0
110 315 -97.0
110 316 -108.0
110 317 -98.0
110 318 -103.0
110 319 -97.0
110 320 -91.0
111 112 -101.0
111 113 -95.0
111 114 -103.0
111 115 -105.0
111 116 -99.0
111 117 -95.0
111 118 -103.0
111 119 -113.0
111 120 -96.0
111 121 -101.0
111 122 -98.0
111 123 -100.0
111 124 -99.0
111 125 -88.0
111 126 -92.0
111 127 -95.0
111 128 -110.0
111 129 -105.0
111 130 -97.0
111 131 -92.0
111 132 -99.0
111 133 -94.0
111 134 -100.0
111 135 -98.0
111 136 -96.0
111 137 -102.0
111 138 -100.0
111 139 -106.0
111 140 -99.0
111 141 -98.0
111 142 -102.0
111 143 -93.0
111 144 -105.0
111 145 -92.0
111 146 -104.0
111 147 -98.0
111 148 -103.0
111 149 -98.0
111 150 -99.0
111 151 -106.0
111 152 -96.0
111 153 -98.0
111 154 -94.0
111 155 -102.0
111 156 -95.0
111 157 -97.0
111 158 -101.0
111 159 -95.0
111 160 -101.0
111 161 -98.0
111 162 -101.0
111 163 -108.0
111 164 -98.0
111 165 -94.0
111 166 -91.0
111 167 -99.0
111 168 -94.0
111 169 -96.0
111 170 -99.0
111 171 -102.0
111 172 -107.0
111 173 -98.0
111 174 -100.0
111 175 -98.0
111 176 -107.0
111 177 -112.0
111 178 -90.0
111 179 -98.0
111 180 -97.0
111 181 -97.0
111 182 -98.0
111 183 -108.0
111 184 -103.0
111 185 -96.0
111 186 -101.0
111 187 -94.0
111 188 -106.0
111 189 -96.0
111 190 -103.0
111 191 -107.0
111 192 -102.0
111 193 -103.0
111 194 -101.0
111 195 -105.0
111 196 -87.0
111 197 -98.0
111 198 -102.0
111 199 -98.0
111 200 -98.0
111 201 -98.0
111 202 -102.0
111 203 -103.0
111 204 -101.0
111 205 -92.0
111 206 -103.0
111 207 -101.0
111 208 -96.0
111 209 -100.0
111 210 -99.0
111 211 -94.0
111 212 -99.0
111 213 -102.0
111 214 -100.0
111 215 -101.0
111 216 -90.0
111 217 -101.0
111 218 -96.0
111 219 -99.0
111 220 -90.0
111 221 -100.0
111 222 -99.0
111 223 -98.0
111 224 -98.0
111 225 -101.0
111 226 -95.0
111 227 -99.0
111 228 -103.0
111 229 -94.0
111 230 -102.0
111 231 -98.0
111 232 -103.0
111 233 -103.0
111 234 -95.0
111 235 -97.0
111 236 -104.0
111 237 -91.0
111 238 -94.0
111 239 -104.0
111 240 -91.0
111 241 -103.0
111 242 -105.0
111 243 -96.0
111 244 -98.0
111 245 -105.0
111 246 -103.0
111 247 -99.0
111 248 -107.0
111 249 -103.0
111 250 -99.0
111 251 -102.0
111 252 -102.0
111 253 -97.0
111 254 -92.0
111 255 -107.0
111 256 -102.0
111 257 -101.0
111 258 -101.0
111 259 -98.0
111 260 -96.0
111 261 -101.0
111 262 -92.0
111 263 -88.0
111 264 -104.0
111 265 -98.0
111 266 -98.0
111 267 -98.0
111 268 -96.0
111 269 -94.0
111 270 -103.0
111 271 -103.0
111 272 -109.0
111 273 -100.0
111 274 -92.0
111 275 -103.0
111 276 -98.0
111 277 -101.0
111 278 -100.0
111 279 -98.0
111 280 -97.0
111 281 -101.0
111 282 -94.0
111 283 -107.0
111 284 -102.0
111 285 -104.0
111 286 -96.0
111 287 -94.0
111 288 -94.0
111 289 -102.0
111 290 -100.0
111 291 -98.0
111 292 -100.0
111 293 -98.0
111 294 -92.0
111 295 -103.0
111 296 -107.0
111 297 -105.0
111 298 -103.0
111 299 -100.0
111 300 -96.0
111 301 -103.0
111 302 -94.0
111 303 -95.0
111 304 -90.0
111 305 -99.0
111 306 -99.0
111 307 -94.0
111 308 -93.0
111 309 -97.0
111 310 -100.0
111 311 -102.0
111 312 -98.0
111 313 -99.0
111 314 -94.0
111 315 -98.0
111 316 -96.0
111 317 -107.0
111 318 -103.0
111 319 -96.0
111 320 -103.0
112 113 -104.0
112 114 -105.0
112 115 -105.0
112 116 -102.0
112 117 -100.0
112 118 -91.0
112 119 -102.0
112 120 -99.0
112 121 -98.0
112 122 -105.0
112 123 -91.0
112 124 -102.0
112 125 -101.0
112 126 -94.0
112 127 -103.0
112 128 -96.0
112 129 -101.0
112 130 -98.0
112 131 -96.0
112 132 -99.0
112 133 -94.0
112 134 -96.0
112 135 -95.0
112 136 -96.0
112 137 -101.0
112 138 -101.0
112 139 -97.0
112 140 -104.0
112 141 -103.0
112 142 -99.0
112 143 -101.0
112 144 -87.0
112 145 -101.0
112 146 -97.0
112 147 -105.0
112 148 -88.0
112 149 -106.0
112 150 -91.0
112 151 -103.0
112 152 -102.0
112 153 -98.0
112 154 -102.0
112 155 -106.0
112 156 -94.0
112 157 -103.0
112 158 -103.0
112 159 -101.0
112 160 -98.0
112 161 -100.0
112 162 -98.0
112 163 -112.0
112 164 -111.0
112 165 -98.0
112 166 -101.0
112 167 -96.0
112 168 -100.0
112 169 -96.0
112 170 -101.0
112 171 -103.0
112 172 -99.0
112 173 -107.0
112 174 -105.0
112 175 -95.0
112 176 -102.0
112 177 -102.0
112 178 -98.0
112 179 -99.0
112 180 -102.0
112 181 -103.0
112 182 -93.0
112 183 -97.0
112 184 -99.0
112 185 -97.0
112 186 -98.0
112 187 -104.0
112 188 -99.0
112 189 -99.0
112 190 -102.0
112 191 -104.0
112 192 -100.0
112 193 -107.0
112 194 -95.0
112 195 -98.0
112 196 -102.0
112 197 -101.0
112 198 -95.0
112 199 -102.0
112 200 -95.0
112 201 -98.0
112 202 -97.0
112 203 -101.0
112 204 -104.0
112 205 -102.0
112 206 -95.0
112 207 -97.0
112 208 -100.0
112 209 -99.0
112 210 -99.0
112 211 -102.0
112 212 -102.0
112 213 -98.0
112 214 -97.0
112 215 -103.0
112 216 -101.0
112 217 -109.0
112 218 -114.0
112 219 -101.0
112 220 -110.0
112 221 -107.0
112 222 -101.0
112 223 -105.0
112 224 -103.0
112 225 -112.0
112 226 -101.0
112 227 -101.0
112 228 -95.0
112 229 -103.0
112 230 -95.0
112 231 -102.0
112 232 -86.0
112 233 -95.0
112 234 -96.0
112 235 -104.0
112 236 -96.0
112 237 -95.0
112 238 -96.0
112 239 -92.0
112 240 -103.0
112 241 -104.0
112 242 -97.0
112 243 -93.0
112 244 -107.0
112 245 -102.0
112 246 -96.0
112 247 -105.0
112 248 -103.0
112 249 -100.0
112 250 -103.0
112 251 -94.0
112 252 -101.0
112 253 -95.0
112 254 -98.0
112 255 -96.0
112 256 -110.0
112 257 -103.0
112 258 -110.0
112 259 -100.0
112 260 -109.0
112 261 -97.0
112 262 -101.0
112 263 -92.0
112 264 -105.0
112 265 -104.0
112 266 -101.0
112 267 -104.0
112 268 -103.0
112 269 -100.0
112 270 -96.0
112 271 -100.0
112 272 -96.0
112 273 -100.0
112 274 -101.0
112 275 -97.0
112 276 -98.0
112 277 -99.0
112 278 -100.0
112 279 -107.0
112 280 -101.0
112 281 -98.0
112 282 -96.0
112 283 -108.0
112 284 -89.0
112 285 -102.0
112 286 -108.0
112 287 -97.0
112 288 -96.0
112 289 -95.0
112 290 -102.0
112 291 -95.0
112 292 -112.0
112 293 -96.0
112 294 -101.0
112 295 -105.0
112 296 -92.0
112 297 -99.0
112 298 -98.0
112 299 -101.0
112 300 -106.0
112 301 -108.0
112 302 -101.0
112 303 -103.0
112 304 -103.0
112 305 -108.0
112 306 -108.0
112 307 -95.0
112 308 -96.0
112 309 -98.0
112 310 -101.0
112 311 -102.0
112 312 -99.0
112 313 -93.0
112 314 -100.0
112 315 -95.0
112 316 -99.0
112 317 -112.0
112 318 -88.0
112 319 -105.0
112 320 -93.0
113 114 -98.0
113 115 -102.0
113 116 -100.0
113 117 -97.0
113 118 -104.0
113 119 -108.0
113 120 -95.0
113 121 -98.0
113 122 -98.0
113 123 -98.0
113 124 -98.0
113 125 -96.0
113 126 -91.0
113 127 -94.0
113 128 -105.0
113 129 -101.0
113 130 -103.0
113 131 -96.0
113 132 -100.0
113 133 -102.0
113 134 -93.0
113 135 -94.0
113 136 -108.0
113 137 -100.0
113 138 -104.0
113 139 -97.0
113 140 -114.0
113 141 -102.0
113 142 -97.0
113 143 -103.0
113 144 -96.0
113 145 -99.0
113 146 -102.0
113 147 -98.0
113 148 -102.0
113 149 -101.0
113 150 -98.0
113 151 -91.0
113 152 -97.0
113 153 -102.0
113 154 -94.0
113 155 -102.0
113 156 -101.0
113 157 -100.0
113 158 -99.0
113 159 -102.0
113 160 -89.0
113 161 -88.0
113 162 -102.0
113 163 -106.0
113 164 -96.0
113 165 -102.0
113 166 -95.0
113 167 -100.0
113 168 -95.0
113 169 -91.0
113 170 -101.0
113 171 -97.0
113 172 -99.0
113 173 -95.0
113 174 -95.0
113 175 -99.0
113 176 -104.0
113 177 -100.0
113 178 -97.0
113 179 -98.0
113 180 -87.0
113 181 -94.0
113 182 -101.0
113 183 -108.0
113 184 -107.0
113 185 -94.0
113 186 -102.0
113 187 -96.0
113 188 -95.0
113 189 -93.0
113 190 -100.0
113 191 -104.0
113 192 -97.0
113 193 -101.0
113 194 -105.0
113 195 -94.0
113 196 -84.0
113 197 -96.0
113 198 -98.0
113 199 -100.0
113 200 -99.0
113 201 -104.0
113 202 -102.0
113 203 -101.0
113 204 -102.0
113 205 -101.0
113 206 -103.0
113 207 -105.0
113 208 -102.0
113 209 -107.0
113 210 -100.0
113 211 -105.0
113 212 -99.0
113 213 -98.0
113 214 -98.0
113 215 -104.0
113 216 -97.0
113 217 -98.0
113 218 -99.0
113 219 -102.0
113 220 -103.0
113 221 -99.0
113 222 -97.0
113 223 -94.0
113 224 -108.0
113 225 -104.0
113 226 -106.0
113 227 -100.0
113 228 -101.0
113 229 -100.0
113 230 -101.0
113 231 -101.0
113 232 -106.0
113 233 -96.0
113 234 -94.0
113 235 -107.0
113 236 -102.0
113 237 -103.0
113 238 -102.0
113 239 -96.0
113 240 -105.0
113 241 -101.0
113 242 -95.0
113 243 -87.0
113 244 -97.0
113 245 -98.0
113 246 -107.0
113 247 -105.0
113 248 -102.0
113 249 -93.0
113 250 -92.0
113 251 -96.0
113 252 -98.0
113 253 -103.0
113 254 -92.0
113 255 -101.0
113 256 -102.0
113 257 -97.0
113 258 -90.0
113 259 -96.0
113 260 -94.0
113 261 -99.0
113 262 -100.0
113 263 -99.0
113 264 -106.0
113 265 -97.0
113 266 -101.0
113 267 -101.0
113 268 -107.0
113 269 -92.0
113 270 -107.0
113 271 -97.0
113 272 -95.0
113 273 -91.0
113 274 -101.0
113 275 -99.0
113 276 -105.0
113 277 -97.0
113 278 -93.0
113 279 -104.0
113 280 -102.0
113 281 -99.0
113 282 -100.0
113 283 -96.0
113 284 -101.0
113 285 -93.0
113 286 -97.0
113 287 -97.0
113 288 -94.0
113 289 -105.0
113 290 -106.0
113 291 -106.0
113 292 -103.0
113 293 -97.0
113 294 -93.0
113 295 -96.0
113 296 -99.0
113 297 -103.0
113 298 -108.0
113 299 -99.0
113 300 -106.0
113 301 -104.0
113 302 -101.0
113 303 -98.0
113 304 -99.0
113 305 -98.0
113 306 -98.0
113 307 -97.0
113 308 -99.0
113 309 -99.0
113 310 -97.0
113 311 -98.0
113 312 -92.0
113 313 -97.0
113 314 -101.0
113 315 -102.0
113 316 -98.0
113 317 -98.0
113 318 -108.0
113 319 -102.0
113 320 -115.0
114 115 -93.0
114 116 -100.0
114 117 -99.0
114 118 -103.0
114 119 -102.0
114 120 -97.0
114 121 -97.0
114 122 -101.0
114 123 -101.0
114 124 -94.0
114 125 -94.0
114 126 -96.0
114 127 -106.0
114 128 -96.0
114 129 -98.0
114 130 -97.0
114 131 -96.0
114 132 -98.0
114 133 -100.0
114 134 -96.0
114 135 -96.0
114 136 -105.0
114 137 -99.0
114 138 -99.0
114 139 -96.0
114 140 -94.0
114 141 -101.0
114 142 -95.0
114 143 -95.0
114 144 -95.0
114 145 -100.0
114 146 -105.0
114 147 -105.0
114 148 -106.0
114 149 -109.0
114 150 -97.0
114 151 -106.0
114 152 -97.0
114 153 -103.0
114 154 -104.0
114 155 -98.0
114 156 -97.0
114 157 -101.0
114 158 -92.0
114 159 -100.0
114 160 -104.0
114 161 -94.0
114 162 -94.0
114 163 -100.0
114 164 -93.0
114 165 -94.0
114 166 -107.0
114 167 -94.0
114 168 -97.0
114 169 -96.0
114 170 -100.0
114 171 -99.0
114 172 -100.0
114 173 -102.0
114 174 -98.0
114 175 -99.0
114 176 -94.0
114 177 -96.0
114 178 -103.0
114 179 -101.0
114 180 -94.0
114 181 -90.0
114 182 -108.0
114 183 -101.0
114 184 -103.0
114 185 -97.0
114 186 -101.0
114 187 -103.0
114 188 -100.0
114 189 -100.0
114 190 -98.0
114 191 -96.0
114 192 -96.0
114 193 -92.0
114 194 -103.0
114 195 -95.0
114 196 -100.0
114 197 -101.0
114 198 -108.0
114 199 -107.0
114 200 -93.0
114 201 -98.0
114 202 -99.0
114 203 -103.0
114 204 -101.0
114 205 -102.0
114 206 -104.0
114 207 -105.0
114 208 -95.0
114 209 -111.0
114 210 -109.0
114 211 -98.0
114 212 -108.0
114 213 -103.0
114 214 -94.0
114 215 -96.0
114 216 -104.0
114 217 -97.0
114 218 -95.0
114 219 -103.0
114 220 -101.0
114 221 -101.0
114 222 -98.0
114 223 -108.0
114 224 -113.0
114 225 -104.0
114 226 -106.0
114 227 -103.0
114 228 -108.0
114 229 -96.0
114 230 -100.0
114 231 -103.0
114 232 -108.0
114 233 -104.0
114 234 -107.0
114 235 -103.0
114 236 -96.0
114 237 -93.0
114 238 -98.0
114 239 -96.0
114 240 -96.0
114 241 -99.0
114 242 -99.0
114 243 -98.0
114 244 -90.0
114 245 -108.0
114 246 -96.0
114 247 -100.0
114 248 -99.0
114 249 -96.0
114 250 -100.0
114 251 -112.0
114 252 -95.0
114 253 -106.0
114 254 -97.0
114 255 -101.0
114 256 -102.0
114 257 -105.0
114 258 -103.0
114 259 -97.0
114 260 -108.0
114 261 -100.0
114 262 -96.0
114 263 -88.0
114 264 -97.0
114 265 -104.0
114 266 -95.0
114 267 -103.0
114 268 -100.0
114 269 -106.0
114 270 -107.0
114 271 -96.0
114 272 -96.0
114 273 -101.0
114 274 -93.0
114 275 -109.0
114 276 -107.0
114 277 -96.0
114 278 -98.0
114 279 -95.0
114 280 -101.0
114 281 -103.0
114 282 -93.0
114 283 -103.0
114 284 -90.0
114 285 -101.0
114 286 -115.0
114 287 -96.0
114 288 -99.0
114 289 -87.0
114 290 -98.0
114 291 -100.0
114 292 -96.0
114 293 -91.0
114 294 -98.0
114 295 -104.0
114 296 -88.0
114 297 -98.0
114 298 -107.0
114 299 -102.0
114 300 -105.0
114 301 -90.0
114 302 -99.0
114 303 -102.0
114 304 -102.0
114 305 -98.0
114 306 -94.0
114 307 -101.0
114 308 -95.0
114 309 -94.0
114 310 -94.0
114 311 -102.0
114 312 -100.0
114 313 -102.0
114 314 -110.0
114 315 -102.0
114 316 -106.0
114 317 -97.0
114 318 -98.0
114 319 -93.0
114 320 -94.0
115 116 -97.0
115 117 -96.0
115 118 -106.0
115 119 -104.0
115 120 -106.0
115 121 -106.0
115 122 -101.0
115 123 -98.0
115 124 -100.0
115 125 -92.0
115 126 -99.0
115 127 -101.0
115 128 -104.0
115 129 -98.0
115 130 -103.0
115 131 -100.0
115 132 -99.0
115 133 -95.0
115 134 -96.0
115 135 -103.0
115 136 -106.0
115 137 -102.0
115 138 -103.0
115 139 -95.0
115 140 -104.0
115 141 -100.0
115 142 -100.0
115 143 -105.0
115 144 -92.0
115 145 -106.0
115 146 -98.0
115 147 -98.0
115 148 -94.0
115 149 -103.0
115 150 -103.0
115 151 -99.0
115 152 -99.0
115 153 -103.0
115 154 -103.0
115 155 -94.0
115 156 -102.0
115 157 -95.0
115 158 -107.0
115 159 -108.0
115 160 -88.0
115 161 -101.0
115 162 -97.0
115 163 -100.0
115 164 -104.0
115 165 -101.0
115 166 -97.0
115 167 -103.0
115 168 -102.0
115 169 -98.0
115 170 -92.0
115 171 -93.0
115 172 -98.0
115 173 -96.0
115 174 -92.0
115 175 -100.0
115 176 -94.0
115 177 -95.0
115 178 -93.0
115 179 -106.0
115 180 -95.0
115 181 -105.0
115 182 -94.0
115 183 -92.0
115 184 -97.0
115 185 -102.0
115 186 -102.0
115 187 -97.0
115 188 -112.0
115 189 -99.0
115 190 -99.0
115 191 -103.0
115 192 -102.0
115 193 -91.0
115 194 -105.0
115 195 -96.0
115 196 -100.0
115 197 -103.0
115 198 -93.0
115 199 -105.0
115 200 -101.0
115 201 -101.0
115 202 -100.0
115 203 -104.0
115 204 -100.0
115 205 -100.0
115 206 -90.0
115 207 -102.0
115 208 -102.0
115 209 -101.0
115 210 -98.0
115 211 -101.0
115 212 -99.0
115 213 -105.0
115 214 -105.0
115 215 -104.0
115 216 -97.0
115 217 -103.0
115 218 -96.0
115 219 -99.0
115 220 -90.0
115 221 -100.0
115 222 -98.0
115 223 -106.0
115 224 -93.0
115 225 -96.0
115 226 -93.0
115 227 -99.0
115 228 -107.0
115 229 -100.0
115 230 -97.0
115 231 -100.0
115 232 -105.0
115 233 -93.0
115 234 -102.0
115 235 -98.0
115 236 -100.0
115 237 -105.0
115 238 -95.0
115 239 -99.0
115 240 -103.0
115 241 -98.0
115 242 -99.0
115 243 -95.0
115 244 -102.0
115 245 -93.0
115 246 -92.0
115 247 -103.0
115 248 -110.0
115 249 -101.0
115 250 -99.0
115 251 -101.0
115 252 -101.0
115 253 -109.0
115 254 -105.0
115 255 -92.0
115 256 -94.0
115 257 -98.0
115 258 -104.0
115 259 -103.0
115 260 -102.0
115 261 -92.0
115 262 -95.0
115 263 -102.0
115 264 -97.0
115 265 -99.0
115 266 -104.0
115 267 -104.0
115 268 -98.0
115 269 -98.0
115 270 -108.0
115 271 -102.0
115 272 -101.0
115 273 -103.0
115 274 -102.0
115 275 -101.0
115 276 -106.0
115 277 -100.0
115 278 -99.0
115 279 -100.0
115 280 -101.0
115 281 -94.0
115 282 -103.0
115 283 -105.0
115 284 -100.0
115 285 -108.0
115 286 -96.0
115 287 -99.0
115 288 -96.0
115 289 -106.0
115 290 -85.0
115 291 -105.0
115 292 -101.0
115 293 -105.0
115 294 -101.0
115 295 -94.0
115 296 -95.0
115 297 -99.0
115 298 -96.0
115 299 -96.0
115 300 -95.0
115 301 -95.0
115 302 -102.0
115 303 -98.0
115 304 -106.0
115 305 -109.0
115 306 -102.0
115 307 -96.0
115 308 -98.0
115 309 -95.0
115 310 -98.0
115 311 -95.0
115 312 -101.0
115 313 -103.0
115 314 -95.0
115 315 -98.0
115 316 -109.0
115 317 -94.0
115 318 -94.0
115 319 -99.0
115 320 -99.0
116 117 -104.0
116 118 -99.0
116 119 -101.0
116 120 -98.0
116 121 -98.0
116 122 -93.0
116 123 -102.0
116 124 -98.0
116 125 -89.0
116 126 -102.0
116 127 -104.0
116 128 -98.0
116 129 -97.0
116 130 -104.0
116 131 -103.0
116 132 -103.0
116 133 -95.0
116 134 -92.0
116 135 -101.0
116 136 -96.0
116 137 -101.0
116 138 -105.0
116 139 -103.0
116 140 -98.0
116 141 -95.0
116 142 -102.0
116 143 -110.0
116 144 -102.0
116 145 -106.0
116 146 -93.0
116 147 -96.0
116 148 -92.0
116 149 -98.0
116 150 -88.0
116 151 -98.0
116 152 -100.0
116 153 -107.0
116 154 -102.0
116 155 -103.0
116 156 -98.0
116 157 -88.0
116 158 -94.0
116 159 -103.0
116 160 -103.0
116 161 -89.0
116 162 -97.0
116 163 -103.0
116 164 -101.0
116 165 -100.0
116 166 -99.0
116 167 -98.0
116 168 -98.0
116 169 -104.0
116 170 -99.0
116 171 -102.0
116 172 -102.0
116 173 -105.0
116 174 -104.0
116 175 -102.0
116 176 -99.0
116 177 -98.0
116 178 -98.0
116 179 -96.0
116 180 -102.0
116 181 -97.0
116 182 -100.0
116 183 -102.0
116 184 -100.0
116 185 -103.0
116 186 -91.0
116 187 -92.0
116 188 -101.0
116 189 -106.0
116 190 -98.0
116 191 -98.0
116 192 -100.0
116 193 -100.0
116 194 -97.0
116 195 -99.0
116 196 -89.0
116 197 -107.0
116 198 -97.0
116 199 -108.0
116 200 -93.0
116 201 -98.0
116 202 -89.0
116 203 -111.0
116 204 -102.0
116 205 -100.0
116 206 -104.0
116 207 -100.0
116 208 -97.0
116 209 -109.0
116 210 -99.0
116 211 -102.0
116 212 -104.0
116 213 -96.0
116 214 -102.0
116 215 -104.0
116 216 -103.0
116 217 -102.0
116 218 -110.0
116 219 -102.0
116 220 -101.0
116 221 -90.0
116 222 -97.0
116 223 -106.0
116 224 -108.0
116 225 -93.0
116 226 -105.0
116 227 -101.0
116 228 -96.0
116 229 -97.0
116 230 -106.0
116 231 -94.0
116 232 -105.0
116 233 -96.0
116 234 -94.0
116 235 -99.0
116 236 -100.0
116 237 -102.0
116 238 -99.0
116 239 -94.0
116 240 -97.0
116 241 -105.0
116 242 -104.0
116 243 -105.0
116 244 -104.0
116 245 -102.0
116 246 -92.0
116 247 -94.0
116 248 -95.0
116 249 -105.0
116 250 -100.0
116 251 -99.0
116 252 -100.0
116 253 -96.0
116 254 -95.0
116 255 -96.0
116 256 -91.0
116 257 -94.0
116 258 -105.0
116 259 -102.0
116 260 -97.0
116 261 -96.0
116 262 -98.0
116 263 -100.0
116 264 -100.0
116 265 -104.0
116 266 -108.0
116 267 -96.0
116 268 -105.0
116 269 -103.0
116 270 -96.0
116 271 -103.0
116 272 -102.0
116 273 -96.0
116 274 -93.0
116 275 -105.0
116 276 -101.0
116 277 -94.0
116 278 -105.0
116 279 -100.0
116 280 -102.0
116 281 -104.0
116 282 -106.0
116 283 -91.0
116 284 -102.0
116 285 -99.0
116 286 -100.0
116 287 -108.0
116 288 -101.0
116 289 -112.0
116 290 -105.0
116 291 -104.0
116 292 -92.0
116 293 -96.0
116 294 -99.0
116 295 -103.0
116 296 -98.0
116 297 -104.0
116 298 -109.0
116 299 -107.0
116 300 -92.0
116 301 -101.0
116 302 -99.0
116 303 -90.0
116 304 -105.0
116 305 -100.0
116 306 -99.0
116 307 -97.0
116 308 -101.0
116 309 -96.0
116 310 -94.0
116 311 -94.0
116 312 -105.0
116 313 -98.0
116 314 -95.0
116 315 -96.0
116 316 -94.0
116 317 -102.0
116 318 -109.0
116 319 -107.0
116 320 -102.0
117 118 -106.0
117 119 -101.0
117 120 -98.0
117 121 -105.0
117 122 -104.0
117 123 -96.0
117 124 -107.0
117 125 -104.0
117 126 -108.0
117 127 -95.0
117 128 -97.0
117 129 -107.0
117 130 -98.0
117 131 -106.0
117 132 -90.0
117 133 -100.0
117 134 -103.0
117 135 -94.0
117 136 -99.0
117 137 -105.0
117 138 -103.0
117 139 -102.0
117 140 -91.0
117 141 -103.0
117 142 -104.0
117 143 -89.0
117 144 -105.0
117 145 -100.0
117 146 -94.0
117 147 -94.0
117 148 -101.0
117 149 -98.0
117 150 -103.0
117 151 -105.0
117 152 -98.0
117 153 -110.0
117 154 -90.0
117 155 -104.0
117 156 -111.0
117 157 -110.0
117 158 -100.0
117 159 -90.0
117 160 -97.0
117 161 -98.0
117 162 -99.0
117 163 -97.0
117 164 -101.0
117 165 -102.0
117 166 -95.0
117 167 -99.0
117 168 -111.0
117 169 -106.0
117 170 -97.0
117 171 -102.0
117 172 -103.0
117 173 -97.0
117 174 -93.0
117 175 -98.0
117 176 -103.0
117 177 -93.0
117 178 -102.0
117 179 -101.0
117 180 -101.0
117 181 -100.0
117 182 -99.0
117 183 -101.0
117 184 -88.0
117 185 -106.0
117 186 -97.0
117 187 -91.0
117 188 -91.0
117 189 -101.0
117 190 -98.0
117 191 -100.0
117 192 -94.0
117 193 -95.0
117 194 -109.0
117 195 -109.0
117 196 -91.0
117 197 -106.0
117 198 -92.0
117 199 -93.0
117 200 -101.0
117 201 -92.0
117 202 -96.0
117 203 -105.0
117 204 -106.0
117 205 -91.0
117 206 -99.0
117 207 -105.0
117 208 -89.0
117 209 -102.0
117 210 -107.0
117 211 -100.0
117 212 -101.0
117 213 -104.0
117 214 -101.0
117 215 -87.0
117 216 -93.0
117 217 -97.0
117 218 -106.0
117 219 -92.0
117 220 -97.0
117 221 -103.0
117 222 -93.0
117 223 -94.0
117 224 -108.0
117 225 -100.0
117 226 -95.0
117 227 -104.0
117 228 -103.0
117 229 -92.0
117 230 -99.0
117 231 -101.0
117 232 -93.0
117 233 -101.0
117 234 -100.0
117 235 -102.0
117 236 -92.0
117 237 -99.0
117 238 -102.0
117 239 -97.0
117 240 -88.0
117 241 -104.0
117 242 -92.0
117 243 -98.0
117 244 -98.0
117 245 -98.0
117 246 -109.0
117 247 -103.0
117 248 -96.0
117 249 -95.0
117 250 -97.0
117 251 -104.0
117 252 -107.0
117 253 -101.0
117 254 -98.0
117 255 -104.0
117 256 -90.0
117 257 -103.0
117 258 -104.0
117 259 -96.0
117 260 -98.0
117 261 -90.0
117 262 -103.0
117 263 -92.0
117 264 -108.0
117 265 -101.0
117 266 -108.0
117 267 -104.0
117 268 -96.0
117 269 -107.0
117 270 -95.0
117 271 -103.0
117 272 -100.0
117 273 -110.0
117 274 -101.0
117 275 -98.0
117 276 -92.0
117 277 -103.0
117 278 -97.0
117 279 -100.0
117 280 -99.0
117 281 -95.0
117 282 -98.0
117 283 -101.0
117 284 -105.0
117 285 -97.0
117 286 -99.0
117 287 -99.0
117 288 -96.0
117 289 -97.0
117 290 -106.0
117 291 -94.0
117 292 -105.0
117 293 -103.0
117 294 -100.0
117 295 -98.0
117 296 -106.0
117 297 -110.0
117 298 -98.0
117 299 -103.0
117 300 -111.0
117 301 -104.0
117 302 -98.0
117 303 -96.0
117 304 -94.0
117 305 -99.0
117 306 -102.0
117 307 -104.0
117 308 -94.0
117 309 -98.0
117 310 -96.0
117 311 -98.0
117 312 -104.0
117 313 -103.0
117 314 -94.0
117 315 -97.0
117 316 -98.0
117 317 -102.0
117 318 -90.0
117 319 -93.0
117 320 -92.0
118 119 -102.0
118 120 -105.0
118 121 -99.0
118 122 -100.0
118 123 -101.0
118 124 -101.0
118 125 -105.0
118 126 -98.0
118 127 -103.0
118 128 -94.0
118 129 -98.0
118 130 -103.0
118 131 -98.0
118 132 -105.0
118 133 -104.0
118 134 -102.0
118 135 -96.0
118 136 -96.0
118 137 -97.0
118 138 -90.0
118 139 -107.0
118 140 -98.0
118 141 -99.0
118 142 -107.0
118 143 -95.0
118 144 -109.0
118 145 -100.0
118 146 -97.0
118 147 -100.0
118 148 -92.0
118 149 -95.0
118 150 -105.0
118 151 -105.0
118 152 -94.0
118 153 -100.0
118 154 -98.0
118 155 -102.0
118 156 -103.0
118 157 -95.0
118 158 -108.0
118 159 -94.0
118 160 -91.0
118 161 -100.0
118 162 -101.0
118 163 -111.0
118 164 -110.0
118 165 -98.0
118 166 -101.0
118 167 -100.0
118 168 -109.0
118 169 -104.0
118 170 -101.0
118 171 -105.0
118 172 -92.0
118 173 -106.0
118 174 -97.0
118 175 -94.0
118 176 -98.0
118 177 -95.0
118 178 -109.0
118 179 -108.0
118 180 -98.0
118 181 -100.0
118 182 -94.0
118 183 -105.0
118 184 -97.0
118 185 -95.0
118 186 -91.0
118 187 -100.0
118 188 -97.0
118 189 -101.0
118 190 -95.0
118 191 -107.0
118 192 -91.0
118 193 -98.0
118 194 -101.0
118 195 -88.0
118 196 -99.0
118 197 -95.0
118 198 -94.0
118 199 -90.0
118 200 -106.0
118 201 -100.0
118 202 -94.0
118 203 -102.0
118 204 -109.0
118 205 -97.0
118 206 -96.0
118 207 -95.0
118 208 -92.0
118 209 -100.0
118 210 -103.0
118 211 -97.0
118 212 -99.0
118 213 -95.0
118 214 -101.0
118 215 -95.0
118 216 -90.0
118 217 -89.0
118 218 -103.0
118 219 -90.0
118 220 -101.0
118 221 -93.0
118 222 -98.0
118 223 -94.0
118 224 -103.0
118 225 -98.0
118 226 -101.0
118 227 -93.0
118 228 -96.0
118 229 -94.0
118 230 -98.0
118 231 -113.0
118 232 -101.0
118 233 -95.0
118 234 -100.0
118 235 -98.0
118 236 -100.0
118 237 -100.0
118 238 -99.0
118 239 -101.0
118 240 -99.0
118 241 -97.0
118 242 -105.0
118 243 -98.0
118 244 -101.0
118 245 -103.0
118 246 -102.0
118 247 -106.0
118 248 -102.0
118 249 -94.0
118 250 -96.0
118 251 -103.0
118 252 -99.0
118 253 -93.0
118 254 -93.0
118 255 -88.0
118 256 -100.0
118 257 -102.0
118 258 -99.0
118 259 -109.0
118 260 -101.0
118 261 -107.0
118 262 -109.0
118 263 -100.0
118 264 -106.0
118 265 -93.0
118 266 -90.0
118 267 -97.0
118 268 -105.0
118 269 -97.0
118 270 -108.0
118 271 -105.0
118 272 -102.0
118 273 -105.0
118 274 -99.0
118 275 -88.0
118 276 -94.0
118 277 -108.0
118 278 -101.0
118 279 -98.0
118 280 -104.0
118 281 -104.0
118 282 -97.0
118 283 -96.0
118 284 -102.0
118 285 -103.0
118 286 -105.0
118 287 -101.0
118 288 -108.0
118 289 -105.0
118 290 -104.0
118 291 -102.0
118 292 -99.0
118 293 -94.0
118 294 -93.0
118 295 -101.0
118 296 -97.0
118 297 -104.0
118 298 -99.0
118 299 -101.0
118 300 -89.0
118 301 -93.0
118 302 -108.0
118 303 -100.0
118 304 -89.0
118 305 -91.0
118 306 -100.0
118 307 -96.0
118 308 -101.0
118 309 -105.0
118 310 -104.0
118 311 -96.0
118 312 -96.0
118 313 -92.0
118 314 -102.0
118 315 -103.0
118 316 -110.0
118 317 -104.0
118 318 -92.0
118 319 -100.0
118 320 -103.0
119 120 -109.0
119 121 -100.0
119 122 -97.0
119 123 -100.0
119 124 -102.0
119 125 -102.0
119 126 -114.0
119 127 -100.0
119 128 -98.0
119 129 -96.0
119 130 -101.0
119 131 -95.0
119 132 -95.0
119 133 -96.0
119 134 -96.0
119 135 -97.0
119 136 -102.0
119 137 -104.0
119 138 -99.0
119 139 -93.0
119 140 -92.0
119 141 -95.0
119 142 -101.0
119 143 -106.0
119 144 -94.0
119 145 -106.0
119 146 -98.0
119 147 -104.0
119 148 -98.0
119 149 -110.0
119 150 -101.0
119 151 -96.0
119 152 -101.0
119 153 -98.0
119 154 -103.0
119 155 -103.0
119 156 -97.0
119 157 -99.0
119 158 -101.0
119 159 -97.0
119 160 -101.0
119 161 -97.0
119 162 -112.0
119 163 -102.0
119 164 -97.0
119 165 -102.0
119 166 -104.0
119 167 -105.0
119 168 -105.0
119 169 -90.0
119 170 -102.0
119 171 -101.0
119 172 -95.0
119 173 -100.0
119 174 -104.0
119 175 -94.0
119 176 -98.0
119 177 -104.0
119 178 -104.0
119 179 -98.0
119 180 -96.0
119 181 -98.0
119 182 -95.0
119 183 -104.0
119 184 -96.0
119 185 -99.0
119 186 -92.0
119 187 -98.0
119 188 -104.0
119 189 -94.0
119 190 -97.0
119 191 -93.0
119 192 -105.0
119 193 -103.0
119 194 -95.0
119 195 -89.0
119 196 -96.0
119 197 -97.0
119 198 -104.0
119 199 -105.0
119 200 -105.0
119 201 -101.0
119 202 -96.0
119 203 -101.0
119 204 -99.0
119 205 -100.0
119 206 -105.0
119 207 -95.0
119 208 -107.0
119 209 -91.0
119 210 -98.0
119 211 -98.0
119 212 -102.0
119 213 -98.0
119 214 -87.0
119 215 -109.0
119 216 -97.0
119 217 -91.0
119 218 -100.0
119 219 -96.0
119 220 -103.0
119 221 -89.0
119 222 -103.0
119 223 -99.0
119 224 -107.0
119 225 -92.0
119 226 -99.0
119 227 -94.0
119 228 -98.0
119 229 -95.0
119 230 -103.0
119 231 -95.0
119 232 -105.0
119 233 -99.0
119 234 -107.0
119 235 -98.0
119 236 -104.0
119 237 -92.0
119 238 -97.0
119 239 -92.0
119 240 -104.0
119 241 -99.0
119 242 -90.0
119 243 -93.0
119 244 -95.0
119 245 -100.0
119 246 -100.0
119 247 -92.0
119 248 -106.0
119 249 -98.0
119 250 -99.0
119 251 -104.0
119 252 -100.0
119 253 -97.0
119 254 -94.0
119 255 -101.0
119 256 -96.0
119 257 -106.0
119 258 -103.0
119 259 -100.0
119 260 -109.0
119 261 -106.0
119 262 -101.0
119 263 -94.0
119 264 -103.0
119 265 -96.0
119 266 -105.0
119 267 -97.0
119 268 -103.0
119 269 -90.0
119 270 -89.0
119 271 -93.0
119 272 -109.0
119 273 -100.0
119 274 -90.0
119 275 -100.0
119 276 -102.0
119 277 -101.0
119 278 -100.0
119 279 -97.0
119 280 -93.0
119 281 -96.0
119 282 -99.0
119 283 -101.0
119 284 -99.0
119 285 -111.0
119 286 -97.0
119 287 -98.0
119 288 -100.0
119 289 -92.0
119 290 -95.0
119 291 -104.0
119 292 -100.0
119 293 -95.0
119 294 -97.0
119 295 -96.0
119 296 -98.0
119 297 -99.0
119 298 -101.0
119 299 -97.0
119 300 -104.0
119 301 -103.0
119 302 -97.0
119 303 -97.0
119 304 -100.0
119 305 -91.0
119 306 -103.0
119 307 -93.0
119 308 -101.0
119 309 -94.0
119 310 -105.0
119 311 -101.0
119 312 -101.0
119 313 -98.0
119 314 -106.0
119 315 -102.0
119 316 -97.0
119 317 -101.0
119 318 -106.0
119 319 -100.0
119 320 -97.0
120 121 -92.0
120 122 -99.0
120 123 -109.0
120 124 -96.0
120 125 -102.0
120 126 -102.0
120 127 -100.0
120 128 -93.0
120 129 -106.0
120 130 -103.0
120 131 -94.0
120 132 -96.0
120 133 -91.0
120 134 -97.0
120 135 -108.0
120 136 -111.0
120 137 -105.0
120 138 -104.0
120 139 -96.0
120 140 -99.0
120 141 -103.0
120 142 -95.0
120 143 -99.0
120 144 -98.0
120 145 -96.0
120 146 -103.0
120 147 -92.0
120 148 -101.0
120 149 -105.0
120 150 -94.0
120 151 -103.0
120 152 -93.0
120 153 -93.0
120 154 -97.0
120 155 -100.0
120 156 -106.0
120 157 -98.0
120 158 -110.0
120 159 -108.0
120 160 -108.0
120 161 -95.0
120 162 -111.0
120 163 -91.0
120 164 -84.0
120 165 -103.0
120 166 -99.0
120 167 -99.0
120 168 -95.0
120 169 -104.0
120 170 -95.0
120 171 -110.0
120 172 -91.0
120 173 -102.0
120 174 -91.0
120 175 -98.0
120 176 -96.0
120 177 -87.0
120 178 -111.0
120 179 -106.0
120 180 -97.0
120 181 -100.0
120 182 -98.0
120 183 -94.0
120 184 -97.0
120 185 -94.0
120 186 -96.0
120 187 -91.0
120 188 -96.0
120 189 -95.0
120 190 -109.0
120 191 -99.0
120 192 -101.0
120 193 -101.0
120 194 -93.0
120 195 -95.0
120 196 -99.0
120 197 -100.0
120 198 -101.0
120 199 -93.0
120 200 -97.0
120 201 -96.0
120 202 -103.0
120 203 -105.0
120 204 -112.0
120 205 -91.0
120 206 -88.0
120 207 -95.0
120 208 -96.0
120 209 -114.0
120 210 -95.0
120 211 -104.0
120 212 -103.0
120 213 -96.0
120 214 -104.0
120 215 -102.0
120 216 -106.0
120 217 -96.0
120 218 -99.0
120 219 -105.0
120 220 -101.0
120 221 -99.0
120 222 -102.0
120 223 -101.0
120 224 -108.0
120 225 -103.0
120 226 -101.0
120 227 -98.0
120 228 -94.0
120 229 -100.0
120 230 -92.0
120 231 -101.0
120 232 -99.0
120 233 -104.0
120 234 -100.0
120 235 -108.0
120 236 -89.0
120 237 -100.0
120 238 -101.0
120 239 -103.0
120 240 -101.0
120 241 -92.0
120 242 -88.0
120 243 -108.0
120 244 -102.0
120 245 -93.0
120 246 -102.0
120 247 -99.0
120 248 -97.0
120 249 -98.0
120 250 -96.0
120 251 -104.0
120 252 -96.0
120 253 -108.0
120 254 -102.0
120 255 -96.0
120 256 -99.0
120 257 -95.0
120 258 -98.0
120 259 -108.0
120 260 -95.0
120 261 -101.0
120 262 -104.0
120 263 -98.0
120 264 -94.0
120 265 -105.0
120 266 -97.0
120 267 -100.0
120 268 -103.0
120 269 -108.0
120 270 -102.0
120 271 -100.0
120 272 -102.0
120 273 -93.0
120 274 -101.0
120 275 -103.0
120 276 -98.0
120 277 -96.0
120 278 -104.0
120 279 -104.0
120 280 -98.0
120 281 -96.0
120 282 -93.0
120 283 -96.0
120 284 -95.0
120 285 -94.0
120 286 -101.0
120 287 -98.0
120 288 -90.0
120 289 -101.0
120 290 -99.0
120 291 -104.0
120 292 -102.0
120 293 -109.0
120 294 -108.0
120 295 -92.0
120 296 -98.0
120 297 -106.0
120 298 -87.0
120 299 -105.0
120 300 -106.0
120 301 -92.0
120 302 -99.0
120 303 -94.0
120 304 -97.0
120 305 -100.0
120 306 -97.0
120 307 -99.0
120 308 -101.0
120 309 -101.0
120 310 -96.0
120 311 -93.0
120 312 -103.0
120 313 -95.0
120 314 -93.0
120 315 -105.0
120 316 -105.0
120 317 -98.0
120 318 -97.0
120 319 -95.0
120 320 -100.0
121 122 -100.0
121 123 -96.0
121 124 -98.0
121 125 -98.0
121 126 -104.0
121 127 -106.0
121 128 -94.0
121 129 -106.0
121 130 -98.0
121 131 -94.0
121 132 -99.0
121 133 -95.0
121 134 -105.0
121 135 -102.0
121 136 -103.0
121 137 -96.0
121 138 -100.0
121 139 -106.0
121 140 -91.0
121 141 -100.0
121 142 -98.0
121 143 -99.0
121 144 -92.0
121 145 -94.0
121 146 -107.0
121 147 -100.0
121 148 -101.0
121 149 -89.0
121 150 -94.0
121 151 -101.0
121 152 -104.0
121 153 -112.0
121 154 -102.0
121 155 -100.0
121 156 -98.0
121 157 -104.0
121 158 -98.0
121 159 -98.0
121 160 -102.0
121 161 -102.0
121 162 -99.0
121 163 -96.0
121 164 -100.0
121 165 -99.0
121 166 -96.0
121 167 -101.0
121 168 -103.0
121 169 -101.0
121 170 -103.0
121 171 -93.0
121 172 -92.0
121 173 -101.0
121 174 -104.0
121 175 -105.0
121 176 -103.0
121 177 -95.0
121 178 -100.0
121 179 -106.0
121 180 -103.0
121 181 -102.0
121 182 -91.0
121 183 -111.0
121 184 -103.0
121 185 -99.0
121 186 -104.0
121 187 -105.0
121 188 -95.0
121 189 -105.0
121 190 -86.0
121 191 -96.0
121 192 -95.0
121 193 -101.0
121 194 -100.0
121 195 -99.0
121 196 -99.0
121 197 -103.0
121 198 -97.0
121 199 -101.0
121 200 -104.0
121 201 -107.0
121 202 -96.0
121 203 -96.0
121 204 -102.0
121 205 -101.0
121 206 -96.0
121 207 -99.0
121 208 -100.0
121 209 -108.0
121 210 -93.0
121 211 -100.0
121 212 -96.0
121 213 -101.0
121 214 -103.0
121 215 -93.0
121 216 -91.0
121 217 -98.0
121 218 -94.0
121 219 -101.0
121 220 -98.0
121 221 -92.0
121 222 -101.0
121 223 -102.0
121 224 -100.0
121 225 -97.0
121 226 -99.0
121 227 -106.0
121 228 -107.0
121 229 -97.0
121 230 -98.0
121 231 -99.0
121 232 -100.0
121 233 -98.0
121 234 -99.0
121 235 -100.0
121 236 -101.0
121 237 -94.0
121 238 -97.0
121 239 -107.0
121 240 -102.0
121 241 -101.0
121 242 -95.0
121 243 -104.0
121 244 -105.0
121 245 -97.0
121 246 -95.0
121 247 -110.0
121 248 -95.0
121 249 -100.0
121 250 -88.0
121 251 -101.0
121 252 -98.0
121 253 -96.0
121 254 -99.0
121 255 -99.0
121 256 -98.0
121 257 -88.0
121 258 -100.0
121 259 -111.0
121 260 -94.0
121 261 -100.0
121 262 -102.0
121 263 -99.0
121 264 -97.0
121 265 -97.0
121 266 -94.0
121 267 -93.0
121 268 -98.0
121 269 -101.0
121 270 -105.0
121 271 -103.0
121 272 -101.0
121 273 -88.0
121 274 -90.0
121 275 -97.0
121 276 -102.0
121 277 -99.0
121 278 -97.0
121 279 -99.0
121 280 -90.0
121 281 -101.0
121 282 -97.0
121 283 -96.0
121 284 -96.0
121 285 -105.0
121 286 -103.0
121 287 -101.0
121 288 -101.0
121 289 -99.0
121 290 -114.0
121 291 -97.0
121 292 -103.0
121 293 -99.0
121 294 -96.0
121 295 -96.0
121 296 -98.0
121 297 -102.0
121 298 -95.0
121 299 -90.0
121 300 -100.0
121 301 -100.0
121 302 -93.0
121 303 -100.0
121 304 -98.0
121 305 -97.0
121 306 -101.0
121 307 -95.0
121 308 -99.0
121 309 -96.0
121 310 -100.0
121 311 -105.0
121 312 -102.0
121 313 -96.0
121 314 -96.0
121 315 -90.0
121 316 -100.0
121 317 -101.0
121 318 -103.0
121 319 -92.0
121 320 -102.0
122 123 -103.0
122 124 -100.0
122 125 -101.0
122 126 -96.0
122 127 -101.0
122 128 -103.0
122 129 -100.0
122 130 -98.0
122 131 -110.0
122 132 -104.0
122 133 -103.0
122 134 -106.0
122 135 -102.0
122 136 -102.0
122 137 -112.0
122 138 -95.0
122 139 -100.0
122 140 -95.0
122 141 -103.0
122 142 -104.0
122 143 -106.0
122 144 -115.0
122 145 -104.0
122 146 -100.0
122 147 -88.0
122 148 -103.0
122 149 -97.0
122 150 -98.0
122 151 -107.0
122 152 -102.0
122 153 -101.0
122 154 -99.0
122 155 -97.0
122 156 -96.0
122 157 -87.0
122 158 -100.0
122 159 -102.0
122 160 -91.0
122 161 -95.0
122 162 -96.0
122 163 -103.0
122 164 -107.0
122 165 -92.0
122 166 -99.0
122 167 -97.0
122 168 -93.0
122 169 -94.0
122 170 -108.0
122 171 -94.0
122 172 -98.0
122 173 -99.0
122 174 -98.0
122 175 -103.0
122 176 -94.0
122 177 -102.0
122 178 -100.0
122 179 -104.0
122 180 -100.0
122 181 -99.0
122 182 -96.0
122 183 -103.0
122 184 -104.0
122 185 -96.0
122 186 -97.0
122 187 -92.0
122 188 -103.0
122 189 -106.0
122 190 -97.0
122 191 -100.0
122 192 -105.0
122 193 -101.0
122 194 -105.0
122 195 -108.0
122 196 -101.0
122 197 -93.0
122 198 -99.0
122 199 -96.0
122 200 -95.0
122 201 -97.0
122 202 -101.0
122 203 -99.0
122 204 -108.0
122 205 -108.0
122 206 -95.0
122 207 -99.0
122 208 -94.0
122 209 -101.0
122 210 -96.0
122 211 -106.0
122 212 -106.0
122 213 -107.0
122 214 -103.0
122 215 -103.0
122 216 -95.0
122 217 -106.0
122 218 -99.0
122 219 -106.0
122 220 -92.0
122 221 -97.0
122 222 -101.0
122 223 -98.0
122 224 -90.0
122 225 -92.0
122 226 -104.0
122 227 -100.0
122 228 -112.0
122 229 -98.0
122 230 -94.0
122 231 -108.0
122 232 -103.0
122 233 -95.0
122 234 -105.0
122 235 -103.0
122 236 -97.0
122 237 -92.0
122 238 -95.0
122 239 -106.0
122 240 -97.0
122 241 -99.0
122 242 -99.0
122 243 -105.0
122 244 -93.0
122 245 -97.0
122 246 -103.0
122 247 -96.0
122 248 -101.0
122 249 -100.0
122 250 -106.0
122 251 -101.0
122 252 -106.0
122 253 -102.0
122 254 -93.0
122 255 -96.0
122 256 -97.0
122 257 -99.0
122 258 -102.0
122 259 -93.0
122 260 -96.0
122 261 -98.0
122 262 -105.0
122 263 -107.0
122 264 -97.0
122 265 -105.0
122 266 -106.0
122 267 -99.0
122 268 -93.0
122 269 -110.0
122 270 -102.0
122 271 -101.0
122 272 -90.0
122 273 -106.0
122 274 -95.0
122 275 -94.0
122 276 -102.0
122 277 -98.0
122 278 -104.0
122 279 -97.0
122 280 -88.0
122 281 -98.0
122 282 -106.0
122 283 -107.0
122 284 -103.0
122 285 -97.0
122 286 -95.0
122 287 -99.0
122 288 -110.0
122 289 -96.0
122 290 -104.0
122 291 -105.0
122 292 -106.0
122 293 -106.0
122 294 -97.0
122 295 -95.0
122 296 -104.0
122 297 -98.0
122 298 -101.0
122 299 -102.0
122 300 -94.0
122 301 -95.0
122 302 -98.0
122 303 -92.0
122 304 -99.0
122 305 -98.0
122 306 -97.0
122 307 -99.0
122 308 -95.0
122 309 -100.0
122 310 -99.0
122 311 -102.0
122 312 -100.0
122 313 -104.0
122 314 -96.0
122 315 -100.0
122 316 -96.0
122 317 -97.0
122 318 -95.0
122 319 -107.0
122 320 -115.0
123 124 -97.0
123 125 -102.0
123 126 -97.0
123 127 -87.0
123 128 -94.0
123 129 -98.0
123 130 -97.0
123 131 -103.0
123 132 -99.0
123 133 -105.0
123 134 -97.0
123 135 -97.0
123 136 -98.0
123 137 -115.0
123 138 -100.0
123 139 -92.0
123 140 -95.0
123 141 -94.0
123 142 -102.0
123 143 -102.0
123 144 -107.0
123 145 -97.0
123 146 -98.0
123 147 -101.0
123 148 -119.0
123 149 -106.0
123 150 -99.0
123 151 -86.0
123 152 -102.0
123 153 -89.0
123 154 -94.0
123 155 -101.0
123 156 -95.0
123 157 -106.0
123 158 -95.0
123 159 -89.0
123 160 -109.0
123 161 -94.0
123 162 -108.0
123 163 -92.0
123 164 -97.0
123 165 -104.0
123 166 -108.0
123 167 -106.0
123 168 -105.0
123 169 -94.0
123 170 -105.0
123 171 -100.0
123 172 -102.0
123 173 -100.0
123 174 -92.0
123 175 -103.0
123 176 -103.0
123 177 -106.0
123 178 -98.0
123 179 -108.0
123 180 -95.0
123 181 -104.0
123 182 -96.0
123 183 -92.0
123 184 -98.0
123 185 -93.0
123 186 -90.0
123 187 -91.0
123 188 -106.0
123 189 -94.0
123 190 -107.0
123 191 -90.0
123 192 -100.0
123 193 -99.0
123 194 -97.0
123 195 -101.0
123 196 -106.0
123 197 -92.0
123 198 -101.0
123 199 -106.0
123 200 -93.0
123 201 -102.0
123 202 -101.0
123 203 -99.0
123 204 -108.0
123 205 -92.0
123 206 -95.0
123 207 -98.0
123 208 -97.0
123 209 -100.0
123 210 -98.0
123 211 -106.0
123 212 -104.0
123 213 -101.0
123 214 -99.0
123 215 -105.0
123 216 -108.0
123 217 -101.0
123 218 -100.0
123 219 -99.0
123 220 -107.0
123 221 -88.0
123 222 -94.0
123 223 -101.0
123 224 -92.0
123 225 -100.0
123 226 -111.0
123 227 -100.0
123 228 -107.0
123 229 -104.0
123 230 -99.0
123 231 -99.0
123 232 -102.0
123 233 -102.0
123 234 -94.0
123 235 -95.0
123 236 -94.0
123 237 -103.0
123 238 -98.0
123 239 -91.0
123 240 -107.0
123 241 -103.0
123 242 -98.0
123 243 -93.0
123 244 -102.0
123 245 -95.0
123 246 -100.0
123 247 -103.0
123 248 -99.0
123 249 -104.0
123 250 -96.0
123 251 -102.0
123 252 -103.0
123 253 -99.0
123 254 -98.0
123 255 -101.0
123 256 -93.0
123 257 -101.0
123 258 -97.0
123 259 -105.0
123 260 -101.0
123 261 -92.0
123 262 -102.0
123 263 -102.0
123 264 -97.0
123 265 -99.0
123 266 -91.0
123 267 -102.0
123 268 -91.0
123 269 -103.0
123 270 -101.0
123 271 -97.0
123 272 -100.0
123 273 -99.0
123 274 -89.0
123 275 -108.0
123 276 -100.0
123 277 -103.0
123 278 -99.0
123 279 -99.0
123 280 -92.0
123 281 -98.0
123 282 -102.0
123 283 -108.0
123 284 -106.0
123 285 -109.0
123 286 -99.0
123 287 -94.0
123 288 -104.0
123 289 -102.0
123 290 -96.0
123 291 -103.0
123 292 -98.0
123 293 -104.0
123 294 -94.0
123 295 -96.0
123 296 -103.0
123 297 -96.0
123 298 -101.0
123 299 -102.0
123 300 -96.0
123 301 -99.0
123 302 -95.0
123 303 -99.0
123 304 -104.0
123 305 -98.0
123 306 -100.0
123 307 -106.0
123 308 -100.0
123 309 -95.0
123 310 -91.0
123 311 -107.0
123 312 -104.0
123 313 -100.0
123 314 -105.0
123 315 -98.0
123 316 -102.0
123 317 -99.0
123 318 -99.0
123 319 -98.0
123 320 -89.0
124 125 -105.0
124 126 -103.0
124 127 -95.0
124 128 -95.0
124 129 -107.0
124 130 -100.0
124 131 -94.0
124 132 -93.0
124 133 -101.0
124 134 -97.0
124 135 -98.0
124 136 -100.0
124 137 -106.0
124 138 -104.0
124 139 -93.0
124 140 -98.0
124 141 -102.0
124 142 -95.0
124 143 -100.0
124 144 -99.0
124 145 -94.0
124 146 -102.0
124 147 -101.0
124 148 -99.0
124 149 -97.0
124 150 -99.0
124 151 -100.0
124 152 -97.0
124 153 -102.0
124 154 -97.0
124 155 -110.0
124 156 -93.0
124 157 -94.0
124 158 -89.0
124 159 -89.0
124 160 -96.0
124 161 -99.0
124 162 -96.0
124 163 -88.0
124 164 -91.0
124 165 -101.0
124 166 -108.0
124 167 -100.0
124 168 -99.0
124 169 -111.0
124 170 -105.0
124 171 -105.0
124 172 -96.0
124 173 -97.0
124 174 -102.0
124 175 -102.0
124 176 -105.0
124 177 -99.0
124 178 -95.0
124 179 -98.0
124 180 -108.0
124 181 -103.0
124 182 -98.0
124 183 -96.0
124 184 -94.0
124 185 -102.0
124 186 -100.0
124 187 -96.0
124 188 -108.0
124 189 -92.0
124 190 -108.0
124 191 -98.0
124 192 -100.0
124 193 -98.0
124 194 -83.0
124 195 -98.0
124 196 -97.0
124 197 -104.0
124 198 -100.0
124 199 -96.0
124 200 -106.0
124 201 -102.0
124 202 -95.0
124 203 -101.0
124 204 -101.0
124 205 -97.0
124 206 -100.0
124 207 -96.0
124 208 -101.0
124 209 -97.0
124 210 -98.0
124 211 -92.0
124 212 -108.0
124 213 -105.0
124 214 -105.0
124 215 -96.0
124 216 -98.0
124 217 -103.0
124 218 -81.0
124 219 -102.0
124 220 -103.0
124 221 -102.0
124 222 -94.0
124 223 -105.0
124 224 -100.0
124 225 -97.0
124 226 -96.0
124 227 -103.0
124 228 -96.0
124 229 -102.0
124 230 -100.0
124 231 -103.0
124 232 -94.0
124 233 -100.0
124 234 -101.0
124 235 -96.0
124 236 -94.0
124 237 -97.0
124 238 -94.0
124 239 -94.0
124 240 -90.0
124 241 -92.0
124 242 -108.0
124 243 -99.0
124 244 -94.0
124 245 -97.0
124 246 -92.0
124 247 -109.0
124 248 -96.0
124 249 -97.0
124 250 -97.0
124 251 -101.0
124 252 -107.0
124 253 -91.0
124 254 -98.0
124 255 -96.0
124 256 -96.0
124 257 -97.0
124 258 -91.0
124 259 -104.0
124 260 -101.0
124 261 -97.0
124 262 -94.0
124 263 -109.0
124 264 -111.0
124 265 -100.0
124 266 -105.0
124 267 -99.0
124 268 -99.0
124 269 -109.0
124 270 -102.0
124 271 -93.0
124 272 -96.0
124 273 -96.0
124 274 -96.0
124 275 -96.0
124 276 -104.0
124 277 -102.0
124 278 -98.0
124 279 -92.0
124 280 -102.0
124 281 -104.0
124 282 -101.0
124 283 -94.0
124 284 -102.0
124 285 -101.0
124 286 -99.0
124 287 -98.0
124 288 -94.0
124 289 -103.0
124 290 -98.0
124 291 -100.0
124 292 -98.0
124 293 -105.0
124 294 -98.0
124 295 -102.0
124 296 -100.0
124 297 -103.0
124 298 -99.0
124 299 -99.0
124 300 -92.0
124 301 -109.0
124 302 -103.0
124 303 -103.0
124 304 -108.0
124 305 -102.0
124 306 -96.0
124 307 -103.0
124 308 -92.0
124 309 -105.0
124 310 -100.0
124 311 -100.0
124 312 -93.0
124 313 -103.0
124 314 -101.0
124 315 -102.0
124 316 -113.0
124 317 -99.0
124 318 -104.0
124 319 -104.0
124 320 -96.0
125 126 -105.0
125 127 -94.0
125 128 -96.0
125 129 -88.0
125 130 -98.0
125 131 -102.0
125 132 -103.0
125 133 -94.0
125 134 -101.0
125 135 -91.0
125 136 -95.0
125 137 -100.0
125 138 -107.0
125 139 -98.0
125 140 -100.0
125 141 -99.0
125 142 -100.0
125 143 -98.0
125 144 -101.0
125 145 -96.0
125 146 -97.0
125 147 -104.0
125 148 -102.0
125 149 -97.0
125 150 -93.0
125 151 -102.0
125 152 -98.0
125 153 -106.0
125 154 -95.0
125 155 -97.0
125 156 -96.0
125 157 -109.0
125 158 -99.0
125 159 -97.0
125 160 -97.0
125 161 -107.0
125 162 -99.0
125 163 -106.0
125 164 -92.0
125 165 -95.0
125 166 -100.0
125 167 -104.0
125 168 -102.0
125 169 -106.0
125 170 -103.0
125 171 -102.0
125 172 -95.0
125 173 -95.0
125 174 -95.0
125 175 -93.0
125 176 -99.0
125 177 -94.0
125 178 -101.0
125 179 -101.0
125 180 -91.0
125 181 -100.0
125 182 -102.0
125 183 -101.0
125 184 -101.0
125 185 -96.0
125 186 -101.0
125 187 -99.0
125 188 -100.0
125 189 -99.0
125 190 -105.0
125 191 -91.0
125 192 -101.0
125 193 -99.0
125 194 -95.0
125 195 -104.0
125 196 -99.0
125 197 -100.0
125 198 -101.0
125 199 -95.0
125 200 -100.0
125 201 -100.0
125 202 -99.0
125 203 -108.0
125 204 -98.0
125 205 -97.0
125 206 -97.0
125 207 -97.0
125 208 -99.0
125 209 -107.0
125 210 -102.0
125 211 -99.0
125 212 -93.0
125 213 -104.0
125 214 -94.0
125 215 -90.0
125 216 -99.0
125 217 -100.0
125 218 -88.0
125 219 -101.0
125 220 -102.0
125 221 -93.0
125 222 -110.0
125 223 -105.0
125 224 -100.0
125 225 -109.0
125 226 -98.0
125 227 -105.0
125 228 -101.0
125 229 -106.0
125 230 -104.0
125 231 -104.0
125 232 -94.0
125 233 -99.0
125 234 -109.0
125 235 -96.0
125 236 -97.0
125 237 -101.0
125 238 -89.0
125 239 -101.0
125 240 -106.0
125 241 -92.0
125 242 -104.0
125 243 -98.0
125 244 -99.0
125 245 -103.0
125 246 -98.0
125 247 -100.0
125 248 -101.0
125 249 -106.0
125 250 -102.0
125 251 -100.0
125 252 -98.0
125 253 -102.0
125 254 -109.0
125 255 -105.0
125 256 -105.0
125 257 -96.0
125 258 -107.0
125 259 -105.0
125 260 -96.0
125 261 -99.0
125 262 -101.0
125 263 -95.0
125 264 -100.0
125 265 -89.0
125 266 -98.0
125 267 -107.0
125 268 -93.0
125 269 -92.0
125 270 -105.0
125 271 -101.0
125 272 -107.0
125 273 -101.0
125 274 -91.0
125 275 -106.0
125 276 -107.0
125 277 -105.0
125 278 -92.0
125 279 -100.0
125 280 -95.0
125 281 -94.0
125 282 -93.0
125 283 -99.0
125 284 -84.0
125 285 -97.0
125 286 -97.0
125 287 -105.0
125 288 -105.0
125 289 -99.0
125 290 -97.0
125 291 -90.0
125 292 -96.0
125 293 -100.0
125 294 -95.0
125 295 -105.0
125 296 -104.0
125 297 -101.0
125 298 -108.0
125 299 -98.0
125 300 -99.0
125 301 -101.0
125 302 -101.0
125 303 -101.0
125 304 -94.0
125 305 -101.0
125 306 -106.0
125 307 -104.0
125 308 -96.0
125 309 -99.0
125 310 -96.0
125 311 -103.0
125 312 -107.0
125 313 -91.0
125 314 -99.0
125 315 -93.0
125 316 -102.0
125 317 -100.0
125 318 -91.0
125 319 -102.0
125 320 -100.0
126 127 -93.0
126 128 -96.0
126 129 -99.0
126 130 -102.0
126 131 -106.0
126 132 -96.0
126 133 -99.0
126 134 -105.0
126 135 -107.0
126 136 -105.0
126 137 -102.0
126 138 -108.0
126 139 -102.0
126 140 -100.0
126 141 -105.0
126 142 -106.0
126 143 -105.0
126 144 -96.0
126 145 -96.0
126 146 -105.0
126 147 -89.0
126 148 -100.0
126 149 -95.0
126 150 -98.0
126 151 -100.0
126 152 -96.0
126 153 -109.0
126 154 -102.0
126 155 -94.0
126 156 -102.0
126 157 -96.0
126 158 -99.0
126 159 -102.0
126 160 -110.0
126 161 -102.0
126 162 -100.0
126 163 -102.0
126 164 -92.0
126 165 -106.0
126 166 -93.0
126 167 -98.0
126 168 -94.0
126 169 -94.0
126 170 -100.0
126 171 -93.0
126 172 -104.0
126 173 -106.0
126 174 -95.0
126 175 -103.0
126 176 -97.0
126 177 -103.0
126 178 -104.0
126 179 -102.0
126 180 -98.0
126 181 -96.0
126 182 -106.0
126 183 -98.0
126 184 -91.0
126 185 -110.0
126 186 -98.0
126 187 -93.0
126 188 -102.0
126 189 -88.0
126 190 -100.0
126 191 -97.0
126 192 -99.0
126 193 -104.0
126 194 -91.0
126 195 -103.0
126 196 -100.0
126 197 -103.0
126 198 -103.0
126 199 -97.0
126 200 -92.0
126 201 -97.0
126 202 -104.0
126 203 -97.0
126 204 -105.0
126 205 -99.0
126 206 -90.0
126 207 -91.0
126 208 -105.0
126 209 -100.0
126 210 -92.0
126 211 -95.0
126 212 -97.0
126 213 -98.0
126 214 -99.0
126 215 -90.0
126 216 -100.0
126 217 -105.0
126 218 -102.0
126 219 -100.0
126 220 -98.0
126 221 -95.0
126 222 -94.0
126 223 -98.0
126 224 -105.0
126 225 -91.0
126 226 -96.0
126 227 -108.0
126 228 -91.0
126 229 -99.0
126 230 -94.0
126 231 -110.0
126 232 -103.0
126 233 -107.0
126 234 -94.0
126 235 -92.0
126 236 -93.0
126 237 -98.0
126 238 -108.0
126 239 -91.0
126 240 -92.0
126 241 -96.0
126 242 -97.0
126 243 -102.0
126 244 -100.0
126 245 -89.0
126 246 -94.0
126 247 -94.0
126 248 -100.0
126 249 -109.0
126 250 -99.0
126 251 -101.0
126 252 -99.0
126 253 -105.0
126 254 -105.0
126 255 -94.0
126 256 -106.0
126 257 -98.0
126 258 -101.0
126 259 -93.0
126 260 -103.0
126 261 -101.0
126 262 -101.0
126 263 -98.0
126 264 -103.0
126 265 -98.0
126 266 -100.0
126 267 -103.0
126 268 -98.0
126 269 -95.0
126 270 -101.0
126 271 -96.0
126 272 -96.0
126 273 -98.0
126 274 -101.0
126 275 -95.0
126 276 -105.0
126 277 -98.0
126 278 -96.0
126 279 -97.0
126 280 -100.0
126 281 -102.0
126 282 -106.0
126 283 -103.0
126 284 -105.0
126 285 -94.0
126 286 -103.0
126 287 -101.0
126 288 -98.0
126 289 -104.0
126 290 -106.0
126 291 -98.0
126 292 -106.0
126 293 -107.0
126 294 -95.0
126 295 -101.0
126 296 -107.0
126 297 -114.0
126 298 -107.0
126 299 -94.0
126 300 -100.0
126 301 -92.0
126 302 -102.0
126 303 -105.0
126 304 -102.0
126 305 -101.0
126 306 -103.0
126 307 -97.0
126 308 -91.0
126 309 -111.0
126 310 -91.0
126 311 -104.0
126 312 -98.0
126 313 -100.0
126 314 -92.0
126 315 -101.0
126 316 -99.0
126 317 -102.0
126 318 -99.0
126 319 -106.0
126 320 -96.0
127 128 -110.0
127 129 -91.0
127 130 -102.0
127 131 -103.0
127 132 -103.0
127 133 -97.0
127 134 -98.0
127 135 -94.0
127 136 -96.0
127 137 -101.0
127 138 -100.0
127 139 -99.0
127 140 -100.0
127 141 -97.0
127 142 -108.0
127 143 -103.0
127 144 -95.0
127 145 -95.0
127 146 -90.0
127 147 -95.0
127 148 -95.0
127 149 -108.0
127 150 -103.0
127 151 -87.0
127 152 -98.0
127 153 -100.0
127 154 -88.0
127 155 -93.0
127 156 -97.0
127 157 -102.0
127 158 -97.0
127 159 -88.0
127 160 -98.0
127 161 -94.0
127 162 -92.0
127 163 -103.0
127 164 -89.0
127 165 -92.0
127 166 -108.0
127 167 -100.0
127 168 -100.0
127 169 -104.0
127 170 -100.0
127 171 -96.0
127 172 -99.0
127 173 -106.0
127 174 -104.0
127 175 -100.0
127 176 -100.0
127 177 -97.0
127 178 -103.0
127 179 -92.0
127 180 -102.0
127 181 -102.0
127 182 -102.0
127 183 -103.0
127 184 -102.0
127 185 -99.0
127 186 -102.0
127 187 -92.0
127 188 -90.0
127 189 -97.0
127 190 -96.0
127 191 -104.0
127 192 -98.0
127 193 -99.0
127 194 -106.0
127 195 -102.0
127 196 -99.0
127 197 -104.0
127 198 -98.0
127 199 -96.0
127 200 -99.0
127 201 -106.0
127 202 -99.0
127 203 -97.0
127 204 -101.0
127 205 -91.0
127 206 -96.0
127 207 -93.0
127 208 -96.0
127 209 -96.0
127 210 -99.0
127 211 -100.0
127 212 -98.0
127 213 -101.0
127 214 -94.0
127 215 -104.0
127 216 -104.0
127 217 -103.0
127 218 -105.0
127 219 -95.0
127 220 -98.0
127 221 -109.0
127 222 -100.0
127 223 -95.0
127 224 -104.0
127 225 -101.0
127 226 -99.0
127 227 -95.0
127 228 -100.0
127 229 -94.0
127 230 -94.0
127 231 -89.0
127 232 -92.0
127 233 -98.0
127 234 -92.0
127 235 -98.0
127 236 -93.0
127 237 -93.0
127 238 -96.0
127 239 -105.0
127 240 -97.0
127 241 -94.0
127 242 -106.0
127 243 -105.0
127 244 -94.0
127 245 -100.0
127 246 -100.0
127 247 -97.0
127 248 -107.0
127 249 -101.0
127 250 -102.0
127 251 -108.0
127 252 -108.0
127 253 -98.0
127 254 -98.0
127 255 -107.0
127 256 -99.0
127 257 -101.0
127 258 -97.0
127 259 -100.0
127 260 -98.0
127 261 -103.0
127 262 -104.0
127 263 -96.0
127 264 -105.0
127 265 -93.0
127 266 -105.0
127 267 -104.0
127 268 -95.0
127 269 -92.0
127 270 -100.0
127 271 -105.0
127 272 -104.0
127 273 -95.0
127 274 -103.0
127 275 -94.0
127 276 -98.0
127 277 -102.0
127 278 -102.0
127 279 -99.0
127 280 -104.0
127 281 -94.0
127 282 -95.0
127 283 -97.0
127 284 -94.0
127 285 -106.0
127 286 -102.0
127 287 -104.0
127 288 -105.0
127 289 -91.0
127 290 -89.0
127 291 -103.0
127 292 -105.0
127 293 -100.0
127 294 -100.0
127 295 -99.0
127 296 -102.0
127 297 -102.0
127 298 -105.0
127 299 -107.0
127 300 -102.0
127 301 -101.0
127 302 -96.0
127 303 -92.0
127 304 -100.0
127 305 -95.0
127 306 -105.0
127 307 -97.0
127 308 -102.0
127 309 -104.0
127 310 -94.0
127 311 -92.0
127 312 -99.0
127 313 -105.0
127 314 -99.0
127 315 -89.0
127 316 -96.0
127 317 -96.0
127 318 -98.0
127 319 -105.0
127 320 -102.0
128 129 -94.0
128 130 -96.0
128 131 -96.0
128 132 -92.0
128 133 -101.0
128 134 -105.0
128 135 -98.0
128 136 -100.0
128 137 -108.0
128 138 -92.0
128 139 -97.0
128 140 -103.0
128 141 -92.0
128 142 -97.0
128 143 -97.0
128 144 -79.0
128 145 -89.0
128 146 -98.0
128 147 -100.0
128 148 -101.0
128 149 -101.0
128 150 -89.0
128 151 -93.0
128 152 -104.0
128 153 -105.0
128 154 -94.0
128 155 -95.0
128 156 -95.0
128 157 -103.0
128 158 -103.0
128 159 -98.0
128 160 -96.0
128 161 -103.0
128 162 -98.0
128 163 -104.0
128 164 -88.0
128 165 -108.0
128 166 -98.0
128 167 -98.0
128 168 -98.0
128 169 -106.0
128 170 -96.0
128 171 -93.0
128 172 -91.0
128 173 -101.0
128 174 -94.0
128 175 -110.0
128 176 -107.0
128 177 -104.0
128 178 -103.0
128 179 -100.0
128 180 -97.0
128 181 -100.0
128 182 -95.0
128 183 -102.0
128 184 -97.0
128 185 -104.0
128 186 -103.0
128 187 -100.0
128 188 -103.0
128 189 -91.0
128 190 -105.0
128 191 -91.0
128 192 -104.0
128 193 -100.0
128 194 -101.0
128 195 -91.0
128 196 -96.0
128 197 -97.0
128 198 -104.0
128 199 -105.0
128 200 -98.0
128 201 -99.0
128 202 -101.0
128 203 -99.0
128 204 -113.0
128 205 -109.0
128 206 -104.0
128 207 -93.0
128 208 -105.0
128 209 -95.0
128 210 -95.0
128 211 -101.0
128 212 -94.0
128 213 -98.0
128 214 -106.0
128 215 -97.0
128 216 -98.0
128 217 -106.0
128 218 -98.0
128 219 -87.0
128 220 -96.0
128 221 -93.0
128 222 -101.0
128 223 -99.0
128 224 -96.0
128 225 -95.0
128 226 -104.0
128 227 -100.0
128 228 -93.0
128 229 -101.0
128 230 -103.0
128 231 -104.0
128 232 -98.0
128 233 -103.0
128 234 -86.0
128 235 -98.0
128 236 -99.0
128 237 -102.0
128 238 -100.0
128 239 -103.0
128 240 -104.0
128 241 -105.0
128 242 -90.0
128 243 -95.0
128 244 -106.0
128 245 -104.0
128 246 -99.0
128 247 -96.0
128 248 -97.0
128 249 -109.0
128 250 -98.0
128 251 -97.0
128 252 -105.0
128 253 -99.0
128 254 -105.0
128 255 -103.0
128 256 -98.0
128 257 -105.0
128 258 -99.0
128 259 -102.0
128 260 -101.0
128 261 -99.0
128 262 -104.0
128 263 -93.0
128 264 -103.0
128 265 -104.0
128 266 -102.0
128 267 -102.0
128 268 -104.0
128 269 -97.0
128 270 -101.0
128 271 -105.0
128 272 -109.0
128 273 -93.0
128 274 -99.0
128 275 -92.0
128 276 -105.0
128 277 -100.0
128 278 -96.0
128 279 -86.0
128 280 -102.0
128 281 -109.0
128 282 -94.0
128 283 -92.0
128 284 -110.0
128 285 -106.0
128 286 -102.0
128 287 -94.0
128 288 -102.0
128 289 -99.0
128 290 -95.0
128 291 -93.0
128 292 -96.0
128 293 -98.0
128 294 -97.0
128 295 -93.0
128 296 -100.0
128 297 -91.0
128 298 -94.0
128 299 -107.0
128 300 -103.0
128 301 -103.0
128 302 -105.0
128 303 -101.0
128 304 -91.0
128 305 -96.0
128 306 -99.0
128 307 -100.0
128 308 -96.0
128 309 -98.0
128 310 -108.0
128 311 -102.0
128 312 -98.0
128 313 -96.0
128 314 -96.0
128 315 -103.0
128 316 -98.0
128 317 -102.0
128 318 -94.0
128 319 -101.0
128 320 -101.0
129 130 -100.0
129 131 -113.0
129 132 -101.0
129 133 -105.0
129 134 -92.0
129 135 -91.0
129 136 -100.0
129 137 -92.0
129 138 -94.0
129 139 -94.0
129 140 -109.0
129 141 -99.0
129 142 -109.0
129 143 -103.0
129 144 -98.0
129 145 -112.0
129 146 -99.0
129 147 -100.0
129 148 -103.0
129 149 -116.0
129 150 -91.0
129 151 -97.0
129 152 -104.0
129 153 -101.0
129 154 -96.0
129 155 -97.0
129 156 -102.0
129 157 -103.0
129 158 -96.0
129 159 -96.0
129 160 -99.0
129 161 -94.0
129 162 -90.0
129 163 -95.0
129 164 -100.0
129 165 -94.0
129 166 -103.0
129 167 -96.0
129 168 -99.0
129 169 -92.0
129 170 -93.0
129 171 -94.0
129 172 -102.0
129 173 -98.0
129 174 -103.0
129 175 -91.0
129 176 -109.0
129 177 -105.0
129 178 -105.0
129 179 -103.0
129 180 -108.0
129 181 -109.0
129 182 -100.0
129 183 -99.0
129 184 -95.0
129 185 -108.0
129 186 -97.0
129 187 -96.0
129 188 -99.0
129 189 -100.0
129 190 -90.0
129 191 -91.0
129 192 -107.0
129 193 -103.0
129 194 -101.0
129 195 -102.0
129 196 -100.0
129 197 -97.0
129 198 -98.0
129 199 -100.0
129 200 -94.0
129 201 -97.0
129 202 -94.0
129 203 -104.0
129 204 -94.0
129 205 -95.0
129 206 -102.0
129 207 -102.0
129 208 -98.0
129 209 -101.0
129 210 -97.0
129 211 -102.0
129 212 -104.0
129 213 -102.0
129 214 -101.0
129 215 -99.0
129 216 -105.0
129 217 -98.0
129 218 -95.0
129 219 -101.0
129 220 -106.0
129 221 -111.0
129 222 -102.0
129 223 -105.0
129 224 -100.0
129 225 -98.0
129 226 -102.0
129 227 -100.0
129 228 -103.0
129 229 -103.0
129 230 -106.0
129 231 -93.0
129 232 -96.0
129 233 -103.0
129 234 -97.0
129 235 -97.0
129 236 -108.0
129 237 -93.0
129 238 -109.0
129 239 -101.0
129 240 -95.0
129 241 -98.0
129 242 -102.0
129 243 -101.0
129 244 -100.0
129 245 -102.0
129 246 -93.0
129 247 -103.0
129 248 -94.0
129 249 -102.0
129 250 -94.0
129 251 -98.0
129 252 -102.0
129 253 -97.0
129 254 -103.0
129 255 -97.0
129 256 -97.0
129 257 -98.0
129 258 -101.0
129 259 -109.0
129 260 -102.0
129 261 -100.0
129 262 -100.0
129 263 -101.0
129 264 -95.0
129 265 -98.0
129 266 -91.0
129 267 -96.0
129 268 -98.0
129 269 -97.0
129 270 -94.0
129 271 -89.0
129 272 -91.0
129 273 -105.0
129 274 -98.0
129 275 -99.0
129 276 -98.0
129 277 -99.0
129 278 -100.0
129 279 -95.0
129 280 -101.0
129 281 -95.0
129 282 -89.0
129 283 -97.0
129 284 -95.0
129 285 -100.0
129 286 -95.0
129 287 -99.0
129 288 -95.0
129 289 -95.0
129 290 -102.0
129 291 -104.0
129 292 -99.0
129 293 -97.0
129 294 -99.0
129 295 -98.0
129 296 -104.0
129 297 -96.0
129 298 -104.0
129 299 -98.0
129 300 -99.0
129 301 -103.0
129 302 -96.0
129 303 -101.0
129 304 -102.0
129 305 -106.0
129 306 -89.0
129 307 -105.0
129 308 -103.0
129 309 -101.0
129 310 -96.0
129 311 -111.0
129 312 -104.0
129 313 -96.0
129 314 -107.0
129 315 -104.0
129 316 -110.0
129 317 -91.0
129 318 -106.0
129 319 -100.0
129 320 -99.0
130 131 -97.0
130 132 -100.0
130 133 -95.0
130 134 -104.0
130 135 -104.0
130 136 -102.0
130 137 -101.0
130 138 -95.0
130 139 -97.0
130 140 -97.0
130 141 -104.0
130 142 -98.0
130 143 -110.0
130 144 -100.0
130 145 -98.0
130 146 -100.0
130 147 -111.0
130 148 -100.0
130 149 -97.0
130 150 -110.0
130 151 -92.0
130 152 -95.0
130 153 -101.0
130 154 -93.0
130 155 -101.0
130 156 -104.0
130 157 -101.0
130 158 -87.0
130 159 -90.0
130 160 -102.0
130 161 -90.0
130 162 -92.0
130 163 -94.0
130 164 -98.0
130 165 -100.0
130 166 -96.0
130 167 -93.0
130 168 -99.0
130 169 -93.0
130 170 -107.0
130 171 -103.0
130 172 -90.0
130 173 -96.0
130 174 -92.0
130 175 -89.0
130 176 -98.0
130 177 -101.0
130 178 -105.0
130 179 -105.0
130 180 -99.0
130 181 -101.0
130 182 -97.0
130 183 -97.0
130 184 -98.0
130 185 -96.0
130 186 -101.0
130 187 -93.0
130 188 -102.0
130 189 -100.0
130 190 -103.0
130 191 -97.0
130 192 -95.0
130 193 -100.0
130 194 -106.0
130 195 -101.0
130 196 -104.0
130 197 -96.0
130 198 -91.0
130 199 -97.0
130 200 -109.0
130 201 -98.0
130 202 -92.0
130 203 -101.0
130 204 -89.0
130 205 -99.0
130 206 -98.0
130 207 -108.0
130 208 -93.0
130 209 -105.0
130 210 -100.0
130 211 -103.0
130 212 -98.0
130 213 -98.0
130 214 -100.0
130 215 -90.0
130 216 -97.0
130 217 -100.0
130 218 -102.0
130 219 -103.0
130 220 -111.0
130 221 -106.0
130 222 -96.0
130 223 -104.0
130 224 -102.0
130 225 -104.0
130 226 -103.0
130 227 -106.0
130 228 -103.0
130 229 -99.0
130 230 -101.0
130 231 -94.0
130 232 -106.0
130 233 -98.0
130 234 -94.0
130 235 -94.0
130 236 -94.0
130 237 -94.0
130 238 -104.0
130 239 -94.0
130 240 -94.0
130 241 -104.0
130 242 -97.0
130 243 -102.0
130 244 -97.0
130 245 -102.0
130 246 -103.0
130 247 -106.0
130 248 -104.0
130 249 -101.0
130 250 -91.0
130 251 -97.0
130 252 -102.0
130 253 -103.0
130 254 -93.0
130 255 -105.0
130 256 -103.0
130 257 -95.0
130 258 -103.0
130 259 -105.0
130 260 -98.0
130 261 -101.0
130 262 -99.0
130 263 -100.0
130 264 -112.0
130 265 -100.0
130 266 -110.0
130 267 -98.0
130 268 -103.0
130 269 -104.0
130 270 -92.0
130 271 -105.0
130 272 -93.0
130 273 -101.0
130 274 -104.0
130 275 -95.0
130 276 -91.0
130 277 -109.0
130 278 -98.0
130 279 -98.0
130 280 -98.0
130 281 -97.0
130 282 -112.0
130 283 -101.0
130 284 -98.0
130 285 -102.0
130 286 -104.0
130 287 -106.0
130 288 -91.0
130 289 -98.0
130 290 -99.0
130 291 -101.0
130 292 -99.0
130 293 -101.0
130 294 -106.0
130 295 -102.0
130 296 -101.0
130 297 -101.0
130 298 -88.0
130 299 -104.0
130 300 -92.0
130 301 -102.0
130 302 -100.0
130 303 -105.0
130 304 -94.0
130 305 -96.0
130 306 -95.0
130 307 -100.0
130 308 -104.0
130 309 -93.0
130 310 -103.0
130 311 -98.0
130 312 -107.0
130 313 -107.0
130 314 -100.0
130 315 -104.0
130 316 -103.0
130 317 -94.0
130 318 -99.0
130 319 -99.0
130 320 -96.0
131 132 -93.0
131 133 -89.0
131 134 -105.0
131 135 -99.0
131 136 -107.0
131 137 -97.0
131 138 -95.0
131 139 -99.0
131 140 -102.0
131 141 -96.0
131 142 -96.0
131 143 -94.0
131 144 -96.0
131 145 -87.0
131 146 -101.0
131 147 -99.0
131 148 -97.0
131 149 -103.0
131 150 -91.0
131 151 -98.0
131 152 -100.0
131 153 -110.0
131 154 -106.0
131 155 -95.0
131 156 -101.0
131 157 -98.0
131 158 -106.0
131 159 -90.0
131 160 -105.0
131 161 -97.0
131 162 -99.0
131 163 -98.0
131 164 -105.0
131 165 -93.0
131 166 -98.0
131 167 -89.0
131 168 -91.0
131 169 -108.0
131 170 -95.0
131 171 -98.0
131 172 -108.0
131 173 -97.0
131 174 -103.0
131 175 -105.0
131 176 -103.0
131 177 -104.0
131 178 -98.0
131 179 -96.0
131 180 -109.0
131 181 -108.0
131 182 -105.0
131 183 -95.0
131 184 -104.0
131 185 -94.0
131 186 -100.0
131 187 -93.0
131 188 -98.0
131 189 -97.0
131 190 -94.0
131 191 -98.0
131 192 -94.0
131 193 -107.0
131 194 -110.0
131 195 -102.0
131 196 -96.0
131 197 -102.0
131 198 -101.0
131 199 -101.0
131 200 -95.0
131 201 -96.0
131 202 -94.0
131 203 -97.0
131 204 -103.0
131 205 -104.0
131 206 -92.0
131 207 -107.0
131 208 -96.0
131 209 -104.0
131 210 -116.0
131 211 -95.0
131 212 -95.0
131 213 -100.0
131 214 -98.0
131 215 -109.0
131 216 -97.0
131 217 -107.0
131 218 -99.0
131 219 -101.0
131 220 -99.0
131 221 -98.0
131 222 -100.0
131 223 -102.0
131 224 -95.0
131 225 -97.0
131 226 -90.0
131 227 -103.0
131 228 -99.0
131 229 -95.0
131 230 -97.0
131 231 -103.0
131 232 -95.0
131 233 -106.0
131 234 -96.0
131 235 -99.0
131 236 -99.0
131 237 -91.0
131 238 -109.0
131 239 -106.0
131 240 -98.0
131 241 -106.0
131 242 -112.0
131 243 -103.0
131 244 -98.0
131 245 -102.0
131 246 -92.0
131 247 -95.0
131 248 -100.0
131 249 -95.0
131 250 -94.0
131 251 -96.0
131 252 -101.0
131 253 -106.0
131 254 -98.0
131 255 -100.0
131 256 -104.0
131 257 -98.0
131 258 -105.0
131 259 -94.0
131 260 -100.0
131 261 -102.0
131 262 -105.0
131 263 -98.0
131 264 -87.0
131 265 -110.0
131 266 -100.0
131 267 -95.0
131 268 -100.0
131 269 -96.0
131 270 -103.0
131 271 -97.0
131 272 -96.0
131 273 -103.0
131 274 -90.0
131 275 -96.0
131 276 -96.0
131 277 -107.0
131 278 -99.0
131 279 -94.0
131 280 -99.0
131 281 -85.0
131 282 -97.0
131 283 -97.0
131 284 -105.0
131 285 -97.0
131 286 -100.0
131 287 -102.0
131 288 -106.0
131 289 -101.0
131 290 -100.0
131 291 -106.0
131 292 -92.0
131 293 -106.0
131 294 -100.0
131 295 -96.0
131 296 -100.0
131 297 -109.0
131 298 -103.0
131 299 -102.0
131 300 -100.0
131 301 -97.0
131 302 -99.0
131 303 -104.0
131 304 -103.0
131 305 -103.0
131 306 -108.0
131 307 -101.0
131 308 -91.0
131 309 -107.0
131 310 -101.0
131 311 -101.0
131 312 -99.0
131 313 -95.0
131 314 -99.0
131 315 -97.0
131 316 -98.0
131 317 -100.0
131 318 -96.0
131 319 -96.0
131 320 -106.0
132 133 -96.0
132 134 -101.0
132 135 -91.0
132 136 -106.0
132 137 -97.0
132 138 -96.0
132 139 -101.0
132 140 -101.0
132 141 -95.0
132 142 -89.0
132 143 -93.0
132 144 -106.0
132 145 -106.0
132 146 -101.0
132 147 -97.0
132 148 -91.0
132 149 -100.0
132 150 -92.0
132 151 -101.0
132 152 -100.0
132 153 -105.0
132 154 -102.0
132 155 -99.0
132 156 -105.0
132 157 -96.0
132 158 -94.0
132 159 -102.0
132 160 -93.0
132 161 -105.0
132 162 -102.0
132 163 -99.0
132 164 -101.0
132 165 -96.0
132 166 -105.0
132 167 -95.0
132 168 -101.0
132 169 -93.0
132 170 -97.0
132 171 -106.0
132 172 -98.0
132 173 -97.0
132 174 -102.0
132 175 -95.0
132 176 -108.0
132 177 -96.0
132 178 -100.0
132 179 -98.0
132 180 -100.0
132 181 -103.0
132 182 -101.0
132 183 -96.0
132 184 -98.0
132 185 -108.0
132 186 -102.0
132 187 -100.0
132 188 -101.0
132 189 -103.0
132 190 -97.0
132 191 -96.0
132 192 -94.0
132 193 -92.0
132 194 -96.0
132 195 -108.0
132 196 -110.0
132 197 -101.0
132 198 -97.0
132 199 -93.0
132 200 -94.0
132 201 -95.0
132 202 -108.0
132 203 -99.0
132 204 -102.0
132 205 -107.0
132 206 -99.0
132 207 -101.0
132 208 -97.0
132 209 -98.0
132 210 -99.0
132 211 -101.0
132 212 -97.0
132 213 -98.0
132 214 -106.0
132 215 -95.0
132 216 -93.0
132 217 -91.0
132 218 -99.0
132 219 -100.0
132 220 -108.0
132 221 -102.0
132 222 -96.0
132 223 -102.0
132 224 -103.0
132 225 -101.0
132 226 -97.0
132 227 -97.0
132 228 -99.0
132 229 -102.0
132 230 -93.0
132 231 -103.0
132 232 -101.0
132 233 -99.0
132 234 -96.0
132 235 -99.0
132 236 -99.0
132 237 -109.0
132 238 -96.0
132 239 -101.0
132 240 -95.0
132 241 -107.0
132 242 -98.0
132 243 -102.0
132 244 -100.0
132 245 -100.0
132 246 -102.0
132 247 -100.0
132 248 -102.0
132 249 -98.0
132 250 -104.0
132 251 -94.0
132 252 -98.0
132 253 -99.0
132 254 -91.0
132 255 -107.0
132 256 -94.0
132 257 -102.0
132 258 -103.0
132 259 -100.0
132 260 -98.0
132 261 -102.0
132 262 -94.0
132 263 -102.0
132 264 -96.0
132 265 -101.0
132 266 -87.0
132 267 -101.0
132 268 -97.0
132 269 -103.0
132 270 -109.0
132 271 -101.0
132 272 -105.0
132 273 -88.0
132 274 -94.0
132 275 -91.0
132 276 -101.0
132 277 -99.0
132 278 -100.0
132 279 -98.0
132 280 -105.0
132 281 -99.0
132 282 -103.0
132 283 -96.0
132 284 -99.0
132 285 -102.0
132 286 -95.0
132 287 -100.0
132 288 -104.0
132 289 -97.0
132 290 -96.0
132 291 -107.0
132 292 -103.0
132 293 -106.0
132 294 -99.0
132 295 -104.0
132 296 -99.0
132 297 -102.0
132 298 -101.0
132 299 -106.0
132 300 -97.0
132 301 -107.0
132 302 -94.0
132 303 -89.0
132 304 -104.0
132 305 -101.0
132 306 -96.0
132 307 -101.0
132 308 -101.0
132 309 -88.0
132 310 -99.0
132 311 -95.0
132 312 -93.0
132 313 -88.0
132 314 -97.0
132 315 -102.0
132 316 -92.0
132 317 -104.0
132 318 -95.0
132 319 -98.0
132 320 -95.0
133 134 -96.0
133 135 -96.0
133 136 -90.0
133 137 -94.0
133 138 -101.0
133 139 -98.0
133 140 -107.0
133 141 -102.0
133 142 -97.0
133 143 -106.0
133 144 -103.0
133 145 -95.0
133 146 -96.0
133 147 -104.0
133 148 -98.0
133 149 -104.0
133 150 -100.0
133 151 -105.0
133 152 -103.0
133 153 -90.0
133 154 -103.0
133 155 -84.0
133 156 -99.0
133 157 -105.0
133 158 -105.0
133 159 -108.0
133 160 -104.0
133 161 -92.0
133 162 -96.0
133 163 -103.0
133 164 -99.0
133 165 -106.0
133 166 -105.0
133 167 -100.0
133 168 -96.0
133 169 -103.0
133 170 -98.0
133 171 -100.0
133 172 -100.0
133 173 -105.0
133 174 -103.0
133 175 -101.0
133 176 -106.0
133 177 -104.0
133 178 -103.0
133 179 -98.0
133 180 -96.0
133 181 -96.0
133 182 -107.0
133 183 -97.0
133 184 -104.0
133 185 -100.0
133 186 -93.0
133 187 -99.0
133 188 -90.0
133 189 -100.0
133 190 -96.0
133 191 -102.0
133 192 -97.0
133 193 -92.0
133 194 -105.0
133 195 -96.0
133 196 -92.0
133 197 -101.0
133 198 -103.0
133 199 -103.0
133 200 -94.0
133 201 -101.0
133 202 -97.0
133 203 -110.0
133 204 -102.0
133 205 -91.0
133 206 -105.0
133 207 -90.0
133 208 -102.0
133 209 -107.0
133 210 -100.0
133 211 -104.0
133 212 -94.0
133 213 -97.0
133 214 -110.0
133 215 -99.0
133 216 -96.0
133 217 -103.0
133 218 -101.0
133 219 -105.0
133 220 -99.0
133 221 -101.0
133 222 -98.0
133 223 -98.0
133 224 -97.0
133 225 -103.0
133 226 -106.0
133 227 -93.0
133 228 -103.0
133 229 -101.0
133 230 -93.0
133 231 -95.0
133 232 -99.0
133 233 -102.0
133 234 -104.0
133 235 -100.0
133 236 -107.0
133 237 -94.0
133 238 -106.0
133 239 -107.0
133 240 -105.0
133 241 -100.0
133 242 -108.0
133 243 -102.0
133 244 -101.0
133 245 -104.0
133 246 -101.0
133 247 -101.0
133 248 -99.0
133 249 -99.0
133 250 -95.0
133 251 -102.0
133 252 -88.0
133 253 -92.0
133 254 -97.0
133 255 -94.0
133 256 -107.0
133 257 -102.0
133 258 -99.0
133 259 -101.0
133 260 -104.0
133 261 -97.0
133 262 -100.0
133 263 -94.0
133 264 -106.0
133 265 -106.0
133 266 -89.0
133 267 -96.0
133 268 -101.0
133 269 -98.0
133 270 -97.0
133 271 -103.0
133 272 -95.0
133 273 -100.0
133 274 -95.0
133 275 -104.0
133 276 -91.0
133 277 -105.0
133 278 -102.0
133 279 -97.0
133 280 -109.0
133 281 -99.0
133 282 -101.0
133 283 -103.0
133 284 -99.0
133 285 -107.0
133 286 -99.0
133 287 -98.0
133 288 -93.0
133 289 -105.0
133 290 -97.0
133 291 -100.0
133 292 -90.0
133 293 -99.0
133 294 -105.0
133 295 -104.0
133 296 -107.0
133 297 -114.0
133 298 -100.0
133 299 -94.0
133 300 -104.0
133 301 -105.0
133 302 -91.0
133 303 -103.0
133 304 -99.0
133 305 -112.0
133 306 -102.0
133 307 -103.0
133 308 -106.0
133 309 -96.0
133 310 -105.0
133 311 -95.0
133 312 -100.0
133 313 -102.0
133 314 -93.0
133 315 -93.0
133 316 -95.0
133 317 -103.0
133 318 -95.0
133 319 -102.0
133 320 -105.0
134 135 -100.0
134 136 -101.0
134 137 -100.0
134 138 -101.0
134 139 -99.0
134 140 -102.0
134 141 -100.0
134 142 -98.0
134 143 -102.0
134 144 -99.0
134 145 -94.0
134 146 -91.0
134 147 -97.0
134 148 -103.0
134 149 -98.0
134 150 -94.0
134 151 -104.0
134 152 -105.0
134 153 -97.0
134 154 -92.0
134 155 -99.0
134 156 -99.0
134 157 -101.0
134 158 -95.0
134 159 -95.0
134 160 -98.0
134 161 -102.0
134 162 -97.0
134 163 -105.0
134 164 -99.0
134 165 -95.0
134 166 -96.0
134 167 -102.0
134 168 -96.0
134 169 -96.0
134 170 -87.0
134 171 -107.0
134 172 -94.0
134 173 -97.0
134 174 -98.0
134 175 -92.0
134 176 -110.0
134 177 -108.0
134 178 -99.0
134 179 -103.0
134 180 -96.0
134 181 -97.0
134 182 -96.0
134 183 -103.0
134 184 -96.0
134 185 -107.0
134 186 -100.0
134 187 -96.0
134 188 -96.0
134 189 -100.0
134 190 -102.0
134 191 -108.0
134 192 -100.0
134 193 -97.0
134 194 -90.0
134 195 -97.0
134 196 -91.0
134 197 -105.0
134 198 -103.0
134 199 -103.0
134 200 -94.0
134 201 -94.0
134 202 -101.0
134 203 -104.0
134 204 -102.0
134 205 -96.0
134 206 -100.0
134 207 -102.0
134 208 -98.0
134 209 -104.0
134 210 -99.0
134 211 -102.0
134 212 -96.0
134 213 -93.0
134 214 -111.0
134 215 -101.0
134 216 -97.0
134 217 -100.0
134 218 -99.0
134 219 -98.0
134 220 -96.0
134 221 -106.0
134 222 -102.0
134 223 -105.0
134 224 -100.0
134 225 -98.0
134 226 -92.0
134 227 -100.0
134 228 -100.0
134 229 -99.0
134 230 -96.0
134 231 -91.0
134 232 -99.0
134 233 -102.0
134 234 -110.0
134 235 -107.0
134 236 -102.0
134 237 -100.0
134 238 -100.0
134 239 -95.0
134 240 -100.0
134 241 -101.0
134 242 -100.0
134 243 -100.0
134 244 -111.0
134 245 -101.0
134 246 -109.0
134 247 -103.0
134 248 -99.0
134 249 -101.0
134 250 -105.0
134 251 -86.0
134 252 -99.0
134 253 -94.0
134 254 -96.0
134 255 -97.0
134 256 -97.0
134 257 -100.0
134 258 -102.0
134 259 -99.0
134 260 -100.0
134 261 -104.0
134 262 -107.0
134 263 -105.0
134 264 -106.0
134 265 -99.0
134 266 -97.0
134 267 -103.0
134 268 -91.0
134 269 -98.0
134 270 -93.0
134 271 -101.0
134 272 -97.0
134 273 -90.0
134 274 -98.0
134 275 -107.0
134 276 -97.0
134 277 -100.0
134 278 -95.0
134 279 -102.0
134 280 -95.0
134 281 -86.0
134 282 -105.0
134 283 -101.0
134 284 -104.0
134 285 -93.0
134 286 -95.0
134 287 -100.0
134 288 -93.0
134 289 -96.0
134 290 -99.0
134 291 -98.0
134 292 -95.0
134 293 -100.0
134 294 -94.0
134 295 -95.0
134 296 -98.0
134 297 -101.0
134 298 -93.0
134 299 -105.0
134 300 -104.0
134 301 -101.0
134 302 -94.0
134 303 -102.0
134 304 -98.0
134 305 -109.0
134 306 -100.0
134 307 -103.0
134 308 -92.0
134 309 -89.0
134 310 -100.0
134 311 -105.0
134 312 -95.0
134 313 -101.0
134 314 -99.0
134 315 -96.0
134 316 -105.0
134 317 -97.0
134 318 -91.0
134 319 -101.0
134 320 -106.0
135 136 -103.0
135 137 -96.0
135 138 -100.0
135 139 -103.0
135 140 -93.0
135 141 -93.0
135 142 -98.0
135 143 -106.0
135 144 -92.0
135 145 -102.0
135 146 -105.0
135 147 -103.0
135 148 -102.0
135 149 -101.0
135 150 -98.0
135 151 -99.0
135 152 -100.0
135 153 -93.0
135 154 -94.0
135 155 -105.0
135 156 -97.0
135 157 -98.0
135 158 -100.0
135 159 -90.0
135 160 -98.0
135 161 -101.0
135 162 -99.0
135 163 -98.0
135 164 -87.0
135 165 -99.0
135 166 -108.0
135 167 -97.0
135 168 -97.0
135 169 -97.0
135 170 -98.0
135 171 -96.0
135 172 -88.0
135 173 -94.0
135 174 -97.0
135 175 -96.0
135 176 -100.0
135 177 -98.0
135 178 -100.0
135 179 -105.0
135 180 -102.0
135 181 -101.0
135 182 -106.0
135 183 -99.0
135 184 -104.0
135 185 -99.0
135 186 -96.0
135 187 -89.0
135 188 -98.0
135 189 -108.0
135 190 -92.0
135 191 -103.0
135 192 -105.0
135 193 -97.0
135 194 -104.0
135 195 -107.0
135 196 -97.0
135 197 -98.0
135 198 -107.0
135 199 -105.0
135 200 -100.0
135 201 -103.0
135 202 -88.0
135 203 -100.0
135 204 -99.0
135 205 -100.0
135 206 -103.0
135 207 -94.0
135 208 -102.0
135 209 -96.0
135 210 -100.0
135 211 -101.0
135 212 -88.0
135 213 -96.0
135 214 -98.0
135 215 -100.0
135 216 -103.0
135 217 -99.0
135 218 -101.0
135 219 -102.0
135 220 -100.0
135 221 -104.0
135 222 -106.0
135 223 -98.0
135 224 -107.0
135 225 -98.0
135 226 -93.0
135 227 -89.0
135 228 -85.0
135 229 -104.0
135 230 -90.0
135 231 -104.0
135 232 -90.0
135 233 -107.0
135 234 -97.0
135 235 -104.0
135 236 -102.0
135 237 -96.0
135 238 -92.0
135 239 -104.0
135 240 -108.0
135 241 -96.0
135 242 -100.0
135 243 -98.0
135 244 -100.0
135 245 -94.0
135 246 -86.0
135 247 -97.0
135 248 -96.0
135 249 -103.0
135 250 -100.0
135 251 -96.0
135 252 -101.0
135 253 -99.0
135 254 -91.0
135 255 -102.0
135 256 -102.0
135 257 -97.0
135 258 -94.0
135 259 -94.0
135 260 -93.0
135 261 -101.0
135 262 -96.0
135 263 -110.0
135 264 -102.0
135 265 -103.0
135 266 -96.0
135 267 -102.0
135 268 -103.0
135 269 -103.0
135 270 -94.0
135 271 -98.0
135 272 -98.0
135 273 -100.0
135 274 -107.0
135 275 -99.0
135 276 -90.0
135 277 -95.0
135 278 -106.0
135 279 -107.0
135 280 -95.0
135 281 -94.0
135 282 -98.0
135 283 -104.0
135 284 -106.0
135 285 -98.0
135 286 -98.0
135 287 -103.0
135 288 -93.0
135 289 -102.0
135 290 -100.0
135 291 -94.0
135 292 -99.0
135 293 -103.0
135 294 -98.0
135 295 -104.0
135 296 -105.0
135 297 -90.0
135 298 -103.0
135 299 -96.0
135 300 -98.0
135 301 -93.0
135 302 -102.0
135 303 -106.0
135 304 -112.0
135 305 -100.0
135 306 -100.0
135 307 -95.0
135 308 -97.0
135 309 -101.0
135 310 -102.0
135 311 -98.0
135 312 -93.0
135 313 -96.0
135 314 -99.0
135 315 -98.0
135 316 -98.0
135 317 -95.0
135 318 -96.0
135 319 -107.0
135 320 -99.0
136 137 -100.0
136 138 -101.0
136 139 -98.0
136 140 -103.0
136 141 -99.0
136 142 -88.0
136 143 -103.0
136 144 -107.0
136 145 -92.0
136 146 -102.0
136 147 -101.0
136 148 -94.0
136 149 -95.0
136 150 -99.0
136 151 -98.0
136 152 -113.0
136 153 -94.0
136 154 -101.0
136 155 -98.0
136 156 -100.0
136 157 -102.0
136 158 -98.0
136 159 -100.0
136 160 -100.0
136 161 -99.0
136 162 -98.0
136 163 -101.0
136 164 -103.0
136 165 -104.0
136 166 -108.0
136 167 -93.0
136 168 -96.0
136 169 -91.0
136 170 -98.0
136 171 -103.0
136 172 -91.0
136 173 -102.0
136 174 -94.0
136 175 -95.0
136 176 -93.0
136 177 -100.0
136 178 -101.0
136 179 -100.0
136 180 -103.0
136 181 -102.0
136 182 -102.0
136 183 -95.0
136 184 -104.0
136 185 -106.0
136 186 -98.0
136 187 -95.0
136 188 -104.0
136 189 -103.0
136 190 -104.0
136 191 -95.0
136 192 -98.0
136 193 -106.0
136 194 -98.0
136 195 -107.0
136 196 -99.0
136 197 -100.0
136 198 -96.0
136 199 -109.0
136 200 -98.0
136 201 -94.0
136 202 -103.0
136 203 -90.0
136 204 -93.0
136 205 -92.0
136 206 -101.0
136 207 -92.0
136 208 -105.0
136 209 -88.0
136 210 -94.0
136 211 -106.0
136 212 -105.0
136 213 -100.0
136 214 -102.0
136 215 -99.0
136 216 -97.0
136 217 -107.0
136 218 -105.0
136 219 -105.0
136 220 -99.0
136 221 -100.0
136 222 -100.0
136 223 -108.0
136 224 -104.0
136 225 -98.0
136 226 -106.0
136 227 -97.0
136 228 -96.0
136 229 -107.0
136 230 -101.0
136 231 -106.0
136 232 -103.0
136 233 -89.0
136 234 -94.0
136 235 -99.0
136 236 -105.0
136 237 -108.0
136 238 -94.0
136 239 -99.0
136 240 -97.0
136 241 -99.0
136 242 -108.0
136 243 -94.0
136 244 -98.0
136 245 -102.0
136 246 -96.0
136 247 -95.0
136 248 -95.0
136 249 -89.0
136 250 -94.0
136 251 -100.0
136 252 -101.0
136 253 -98.0
136 254 -98.0
136 255 -105.0
136 256 -95.0
136 257 -97.0
136 258 -95.0
136 259 -95.0
136 260 -98.0
136 261 -109.0
136 262 -99.0
136 263 -103.0
136 264 -99.0
136 265 -94.0
136 266 -102.0
136 267 -101.0
136 268 -94.0
136 269 -94.0
136 270 -108.0
136 271 -100.0
136 272 -102.0
136 273 -102.0
136 274 -99.0
136 275 -97.0
136 276 -99.0
136 277 -104.0
136 278 -100.0
136 279 -100.0
136 280 -91.0
136 281 -98.0
136 282 -101.0
136 283 -102.0
136 284 -96.0
136 285 -105.0
136 286 -100.0
136 287 -99.0
136 288 -103.0
136 289 -94.0
136 290 -105.0
136 291 -102.0
136 292 -89.0
136 293 -94.0
136 294 -111.0
136 295 -93.0
136 296 -99.0
136 297 -105.0
136 298 -99.0
136 299 -105.0
136 300 -99.0
136 301 -104.0
136 302 -105.0
136 303 -101.0
136 304 -92.0
136 305 -101.0
136 306 -93.0
136 307 -105.0
136 308 -92.0
136 309 -97.0
136 310 -96.0
136 311 -102.0
136 312 -101.0
136 313 -102.0
136 314 -103.0
136 315 -99.0
136 316 -105.0
136 317 -100.0
136 318 -98.0
136 319 -99.0
136 320 -106.0
137 138 -95.0
137 139 -105.0
137 140 -98.0
137 141 -90.0
137 142 -98.0
137 143 -106.0
137 144 -104.0
137 145 -101.0
137 146 -108.0
137 147 -103.0
137 148 -93.0
137 149 -89.0
137 150 -104.0
137 151 -105.0
137 152 -102.0
137 153 -96.0
137 154 -90.0
137 155 -103.0
137 156 -103.0
137 157 -89.0
137 158 -95.0
137 159 -100.0
137 160 -102.0
137 161 -104.0
137 162 -96.0
137 163 -94.0
137 164 -100.0
137 165 -100.0
137 166 -99.0
137 167 -91.0
137 168 -93.0
137 169 -96.0
137 170 -99.0
137 171 -93.0
137 172 -98.0
137 173 -100.0
137 174 -102.0
137 175 -105.0
137 176 -108.0
137 177 -96.0
137 178 -100.0
137 179 -105.0
137 180 -99.0
137 181 -91.0
137 182 -105.0
137 183 -99.0
137 184 -96.0
137 185 -109.0
137 186 -100.0
137 187 -111.0
137 188 -103.0
137 189 -95.0
137 190 -98.0
137 191 -105.0
137 192 -93.0
137 193 -103.0
137 194 -98.0
137 195 -100.0
137 196 -106.0
137 197 -100.0
137 198 -95.0
137 199 -98.0
137 200 -95.0
137 201 -104.0
137 202 -93.0
137 203 -97.0
137 204 -100.0
137 205 -95.0
137 206 -105.0
137 207 -96.0
137 208 -93.0
137 209 -94.0
137 210 -91.0
137 211 -103.0
137 212 -103.0
137 213 -100.0
137 214 -96.0
137 215 -99.0
137 216 -97.0
137 217 -110.0
137 218 -96.0
137 219 -90.0
137 220 -99.0
137 221 -96.0
137 222 -99.0
137 223 -96.0
137 224 -104.0
137 225 -104.0
137 226 -94.0
137 227 -93.0
137 228 -91.0
137 229 -97.0
137 230 -89.0
137 231 -97.0
137 232 -96.0
137 233 -97.0
137 234 -100.0
137 235 -102.0
137 236 -98.0
137 237 -98.0
137 238 -93.0
137 239 -106.0
137 240 -110.0
137 241 -89.0
137 242 -102.0
137 243 -97.0
137 244 -99.0
137 245 -102.0
137 246 -91.0
137 247 -101.0
137 248 -98.0
137 249 -104.0
137 250 -98.0
137 251 -102.0
137 252 -88.0
137 253 -104.0
137 254 -100.0
137 255 -98.0
137 256 -90.0
137 257 -102.0
137 258 -97.0
137 259 -100.0
137 260 -94.0
137 261 -98.0
137 262 -101.0
137 263 -97.0
137 264 -89.0
137 265 -102.0
137 266 -101.0
137 267 -96.0
137 268 -95.0
137 269 -99.0
137 270 -95.0
137 271 -100.0
137 272 -102.0
137 273 -105.0
137 274 -101.0
137 275 -97.0
137 276 -97.0
137 277 -101.0
137 278 -103.0
137 279 -93.0
137 280 -92.0
137 281 -97.0
137 282 -106.0
137 283 -106.0
137 284 -106.0
137 285 -100.0
137 286 -94.0
137 287 -96.0
137 288 -91.0
137 289 -104.0
137 290 -101.0
137 291 -105.0
137 292 -91.0
137 293 -100.0
137 294 -104.0
137 295 -101.0
137 296 -99.0
137 297 -93.0
137 298 -106.0
137 299 -103.0
137 300 -101.0
137 301 -103.0
137 302 -103.0
137 303 -109.0
137 304 -101.0
137 305 -103.0
137 306 -100.0
137 307 -110.0
137 308 -96.0
137 309 -100.0
137 310 -102.0
137 311 -101.0
137 312 -96.0
137 313 -102.0
137 314 -100.0
137 315 -100.0
137 316 -102.0
137 317 -96.0
137 318 -99.0
137 319 -93.0
137 320 -96.0
138 139 -98.0
138 140 -99.0
138 141 -104.0
138 142 -98.0
138 143 -100.0
138 144 -95.0
138 145 -104.0
138 146 -101.0
138 147 -96.0
138 148 -102.0
138 149 -110.0
138 150 -93.0
138 151 -100.0
138 152 -95.0
138 153 -101.0
138 154 -105.0
138 155 -103.0
138 156 -106.0
138 157 -106.0
138 158 -95.0
138 159 -94.0
138 160 -99.0
138 161 -94.0
138 162 -96.0
138 163 -107.0
138 164 -99.0
138 165 -104.0
138 166 -98.0
138 167 -94.0
138 168 -100.0
138 169 -106.0
138 170 -96.0
138 171 -99.0
138 172 -98.0
138 173 -97.0
138 174 -105.0
138 175 -95.0
138 176 -98.0
138 177 -92.0
138 178 -103.0
138 179 -102.0
138 180 -104.0
138 181 -101.0
138 182 -100.0
138 183 -100.0
138 184 -98.0
138 185 -109.0
138 186 -97.0
138 187 -104.0
138 188 -96.0
138 189 -95.0
138 190 -112.0
138 191 -107.0
138 192 -98.0
138 193 -110.0
138 194 -98.0
138 195 -96.0
138 196 -101.0
138 197 -106.0
138 198 -109.0
138 199 -94.0
138 200 -97.0
138 201 -98.0
138 202 -99.0
138 203 -98.0
138 204 -108.0
138 205 -98.0
138 206 -105.0
138 207 -95.0
138 208 -98.0
138 209 -98.0
138 210 -100.0
138 211 -88.0
138 212 -100.0
138 213 -98.0
138 214 -116.0
138 215 -105.0
138 216 -89.0
138 217 -109.0
138 218 -87.0
138 219 -102.0
138 220 -101.0
138 221 -102.0
138 222 -95.0
138 223 -104.0
138 224 -93.0
138 225 -91.0
138 226 -107.0
138 227 -93.0
138 228 -103.0
138 229 -102.0
138 230 -101.0
138 231 -96.0
138 232 -99.0
138 233 -96.0
138 234 -99.0
138 235 -102.0
138 236 -104.0
138 237 -93.0
138 238 -102.0
138 239 -100.0
138 240 -98.0
138 241 -98.0
138 242 -89.0
138 243 -101.0
138 244 -94.0
138 245 -100.0
138 246 -99.0
138 247 -97.0
138 248 -99.0
138 249 -97.0
138 250 -103.0
138 251 -103.0
138 252 -94.0
138 253 -99.0
138 254 -104.0
138 255 -108.0
138 256 -103.0
138 257 -93.0
138 258 -100.0
138 259 -104.0
138 260 -112.0
138 261 -94.0
138 262 -95.0
138 263 -101.0
138 264 -97.0
138 265 -100.0
138 266 -101.0
138 267 -91.0
138 268 -97.0
138 269 -98.0
138 270 -102.0
138 271 -99.0
138 272 -103.0
138 273 -103.0
138 274 -110.0
138 275 -93.0
138 276 -107.0
138 277 -95.0
138 278 -99.0
138 279 -99.0
138 280 -104.0
138 281 -93.0
138 282 -98.0
138 283 -98.0
138 284 -93.0
138 285 -100.0
138 286 -100.0
138 287 -105.0
138 288 -104.0
138 289 -104.0
138 290 -101.0
138 291 -94.0
138 292 -101.0
138 293 -100.0
138 294 -93.0
138 295 -100.0
138 296 -94.0
138 297 -97.0
138 298 -103.0
138 299 -98.0
138 300 -97.0
138 301 -90.0
138 302 -107.0
138 303 -97.0
138 304 -98.0
138 305 -102.0
138 306 -104.0
138 307 -101.0
138 308 -107.0
138 309 -99.0
138 310 -95.0
138 311 -104.0
138 312 -106.0
138 313 -100.0
138 314 -105.0
138 315 -102.0
138 316 -98.0
138 317 -99.0
138 318 -106.0
138 319 -90.0
138 320 -100.0
139 140 -102.0
139 141 -100.0
139 142 -102.0
139 143 -108.0
139 144 -106.0
139 145 -98.0
139 146 -104.0
139 147 -100.0
139 148 -102.0
139 149 -97.0
139 150 -97.0
139 151 -99.0
139 152 -106.0
139 153 -100.0
139 154 -96.0
139 155 -97.0
139 156 -101.0
139 157 -102.0
139 158 -100.0
139 159 -98.0
139 160 -98.0
139 161 -102.0
139 162 -105.0
139 163 -102.0
139 164 -110.0
139 165 -96.0
139 166 -92.0
139 167 -97.0
139 168 -97.0
139 169 -93.0
139 170 -97.0
139 171 -105.0
139 172 -91.0
139 173 -99.0
139 174 -103.0
139 175 -95.0
139 176 -101.0
139 177 -96.0
139 178 -96.0
139 179 -98.0
139 180 -87.0
139 181 -95.0
139 182 -98.0
139 183 -107.0
139 184 -97.0
139 185 -100.0
139 186 -98.0
139 187 -101.0
139 188 -102.0
139 189 -101.0
139 190 -108.0
139 191 -98.0
139 192 -96.0
139 193 -98.0
139 194 -96.0
139 195 -101.0
139 196 -101.0
139 197 -96.0
139 198 -95.0
139 199 -96.0
139 200 -100.0
139 201 -98.0
139 202 -95.0
139 203 -102.0
139 204 -101.0
139 205 -106.0
139 206 -98.0
139 207 -101.0
139 208 -98.0
139 209 -95.0
139 210 -105.0
139 211 -106.0
139 212 -101.0
139 213 -100.0
139 214 -102.0
139 215 -101.0
139 216 -109.0
139 217 -100.0
139 218 -92.0
139 219 -105.0
139 220 -95.0
139 221 -94.0
139 222 -95.0
139 223 -91.0
139 224 -100.0
139 225 -100.0
139 226 -107.0
139 227 -92.0
139 228 -106.0
139 229 -97.0
139 230 -94.0
139 231 -102.0
139 232 -101.0
139 233 -102.0
139 234 -97.0
139 235 -96.0
139 236 -101.0
139 237 -103.0
139 238 -97.0
139 239 -95.0
139 240 -97.0
139 241 -97.0
139 242 -98.0
139 243 -101.0
139 244 -91.0
139 245 -97.0
139 246 -94.0
139 247 -104.0
139 248 -108.0
139 249 -98.0
139 250 -102.0
139 251 -104.0
139 252 -98.0
139 253 -106.0
139 254 -97.0
139 255 -96.0
139 256 -96.0
139 257 -97.0
139 258 -98.0
139 259 -98.0
139 260 -110.0
139 261 -90.0
139 262 -102.0
139 263 -95.0
139 264 -102.0
139 265 -104.0
139 266 -104.0
139 267 -101.0
139 268 -91.0
139 269 -103.0
139 270 -100.0
139 271 -103.0
139 272 -100.0
139 273 -100.0
139 274 -97.0
139 275 -89.0
139 276 -101.0
139 277 -99.0
139 278 -91.0
139 279 -104.0
139 280 -104.0
139 281 -100.0
139 282 -104.0
139 283 -92.0
139 284 -104.0
139 285 -113.0
139 286 -100.0
139 287 -93.0
139 288 -103.0
139 289 -88.0
139 290 -101.0
139 291 -101.0
139 292 -94.0
139 293 -94.0
139 294 -96.0
139 295 -97.0
139 296 -98.0
139 297 -99.0
139 298 -97.0
139 299 -96.0
139 300 -96.0
139 301 -93.0
139 302 -99.0
139 303 -99.0
139 304 -104.0
139 305 -98.0
139 306 -102.0
139 307 -97.0
139 308 -98.0
139 309 -104.0
139 310 -97.0
139 311 -102.0
139 312 -100.0
139 313 -101.0
139 314 -95.0
139 315 -101.0
139 316 -96.0
139 317 -105.0
139 318 -112.0
139 319 -91.0
139 320 -99.0
140 141 -106.0
140 142 -96.0
140 143 -101.0
140 144 -103.0
140 145 -102.0
140 146 -95.0
140 147 -94.0
140 148 -107.0
140 149 -102.0
140 150 -94.0
140 151 -102.0
140 152 -94.0
140 153 -105.0
140 154 -97.0
140 155 -101.0
140 156 -110.0
140 157 -93.0
140 158 -101.0
140 159 -96.0
140 160 -98.0
140 161 -106.0
140 162 -92.0
140 163 -103.0
140 164 -93.0
140 165 -103.0
140 166 -95.0
140 167 -104.0
140 168 -101.0
140 169 -95.0
140 170 -104.0
140 171 -97.0
140 172 -93.0
140 173 -99.0
140 174 -92.0
140 175 -103.0
140 176 -97.0
140 177 -100.0
140 178 -93.0
140 179 -101.0
140 180 -94.0
140 181 -96.0
140 182 -99.0
140 183 -98.0
140 184 -103.0
140 185 -108.0
140 186 -99.0
140 187 -103.0
140 188 -102.0
140 189 -95.0
140 190 -97.0
140 191 -94.0
140 192 -98.0
140 193 -102.0
140 194 -102.0
140 195 -96.0
140 196 -96.0
140 197 -103.0
140 198 -99.0
140 199 -95.0
140 200 -98.0
140 201 -103.0
140 202 -101.0
140 203 -109.0
140 204 -101.0
140 205 -94.0
140 206 -93.0
140 207 -97.0
140 208 -98.0
140 209 -108.0
140 210 -93.0
140 211 -102.0
140 212 -101.0
140 213 -102.0
140 214 -95.0
140 215 -96.0
140 216 -94.0
140 217 -103.0
140 218 -102.0
140 219 -93.0
140 220 -104.0
140 221 -99.0
140 222 -103.0
140 223 -104.0
140 224 -97.0
140 225 -105.0
140 226 -104.0
140 227 -99.0
140 228 -103.0
140 229 -100.0
140 230 -96.0
140 231 -92.0
140 232 -100.0
140 233 -96.0
140 234 -95.0
140 235 -94.0
140 236 -96.0
140 237 -98.0
140 238 -91.0
140 239 -99.0
140 240 -96.0
140 241 -97.0
140 242 -93.0
140 243 -102.0
140 244 -95.0
140 245 -96.0
140 246 -98.0
140 247 -89.0
140 248 -107.0
140 249 -99.0
140 250 -90.0
140 251 -101.0
140 252 -97.0
140 253 -96.0
140 254 -98.0
140 255 -95.0
140 256 -101.0
140 257 -94.0
140 258 -101.0
140 259 -107.0
140 260 -103.0
140 261 -102.0
140 262 -90.0
140 263 -95.0
140 264 -98.0
140 265 -100.0
140 266 -98.0
140 267 -108.0
140 268 -93.0
140 269 -98.0
140 270 -102.0
140 271 -95.0
140 272 -98.0
140 273 -105.0
140 274 -101.0
140 275 -97.0
140 276 -101.0
140 277 -103.0
140 278 -105.0
140 279 -106.0
140 280 -85.0
140 281 -94.0
140 282 -106.0
140 283 -99.0
140 284 -104.0
140 285 -97.0
140 286 -102.0
140 287 -101.0
140 288 -106.0
140 289 -94.0
140 290 -90.0
140 291 -102.0
140 292 -103.0
140 293 -101.0
140 294 -102.0
140 295 -92.0
140 296 -99.0
140 297 -97.0
140 298 -107.0
140 299 -95.0
140 300 -97.0
140 301 -105.0
140 302 -102.0
140 303 -93.0
140 304 -97.0
140 305 -108.0
140 306 -106.0
140 307 -98.0
140 308 -100.0
140 309 -102.0
140 310 -104.0
140 311 -101.0
140 312 -100.0
140 313 -97.0
140 314 -102.0
140 315 -101.0
140 316 -101.0
140 317 -100.0
140 318 -105.0
140 319 -87.0
140 320 -100.0
141 142 -101.0
141 143 -95.0
141 144 -104.0
141 145 -88.0
141 146 -99.0
141 147 -105.0
141 148 -92.0
141 149 -103.0
141 150 -99.0
141 151 -104.0
141 152 -104.0
141 153 -103.0
141 154 -100.0
141 155 -103.0
141 156 -102.0
141 157 -101.0
141 158 -98.0
141 159 -105.0
141 160 -102.0
141 161 -100.0
141 162 -93.0
141 163 -103.0
141 164 -101.0
141 165 -100.0
141 166 -100.0
141 167 -98.0
141 168 -109.0
141 169 -106.0
141 170 -99.0
141 171 -98.0
141 172 -95.0
141 173 -99.0
141 174 -102.0
141 175 -108.0
141 176 -103.0
141 177 -103.0
141 178 -105.0
141 179 -109.0
141 180 -101.0
141 181 -93.0
141 182 -103.0
141 183 -112.0
141 184 -94.0
141 185 -94.0
141 186 -101.0
141 187 -102.0
141 188 -100.0
141 189 -105.0
141 190 -101.0
141 191 -98.0
141 192 -109.0
141 193 -100.0
141 194 -96.0
141 195 -97.0
141 196 -102.0
141 197 -101.0
141 198 -102.0
141 199 -96.0
141 200 -102.0
141 201 -100.0
141 202 -100.0
141 203 -88.0
141 204 -100.0
141 205 -96.0
141 206 -103.0
141 207 -102.0
141 208 -96.0
141 209 -102.0
141 210 -95.0
141 211 -97.0
141 212 -97.0
141 213 -105.0
141 214 -102.0
141 215 -104.0
141 216 -105.0
141 217 -100.0
141 218 -100.0
141 219 -97.0
141 220 -101.0
141 221 -103.0
141 222 -105.0
141 223 -100.0
141 224 -105.0
141 225 -105.0
141 226 -97.0
141 227 -101.0
141 228 -96.0
141 229 -101.0
141 230 -98.0
141 231 -95.0
141 232 -104.0
141 233 -92.0
141 234 -101.0
141 235 -99.0
141 236 -94.0
141 237 -97.0
141 238 -104.0
141 239 -104.0
141 240 -103.0
141 241 -100.0
141 242 -88.0
141 243 -101.0
141 244 -102.0
141 245 -100.0
141 246 -100.0
141 247 -91.0
141 248 -98.0
141 249 -105.0
141 250 -101.0
141 251 -98.0
141 252 -96.0
141 253 -91.0
141 254 -99.0
141 255 -91.0
141 256 -112.0
141 257 -100.0
141 258 -105.0
141 259 -99.0
141 260 -101.0
141 261 -104.0
141 262 -100.0
141 263 -102.0
141 264 -100.0
141 265 -98.0
141 266 -108.0
141 267 -109.0
141 268 -97.0
141 269 -93.0
141 270 -103.0
141 271 -96.0
141 272 -106.0
141 273 -100.0
141 274 -102.0
141 275 -101.0
141 276 -96.0
141 277 -97.0
141 278 -105.0
141 279 -100.0
141 280 -98.0
141 281 -99.0
141 282 -98.0
141 283 -99.0
141 284 -109.0
141 285 -96.0
141 286 -96.0
141 287 -98.0
141 288 -91.0
141 289 -102.0
141 290 -95.0
141 291 -99.0
141 292 -95.0
141 293 -92.0
141 294 -98.0
141 295 -108.0
141 296 -102.0
141 297 -100.0
141 298 -98.0
141 299 -101.0
141 300 -97.0
141 301 -99.0
141 302 -93.0
141 303 -103.0
141 304 -94.0
141 305 -100.0
141 306 -102.0
141 307 -107.0
141 308 -100.0
141 309 -99.0
141 310 -102.0
141 311 -101.0
141 312 -105.0
141 313 -103.0
141 314 -96.0
141 315 -105.0
141 316 -107.0
141 317 -101.0
141 318 -102.0
141 319 -97.0
141 320 -101.0
142 143 -98.0
142 144 -93.0
142 145 -104.0
142 146 -103.0
142 147 -97.0
142 148 -96.0
142 149 -88.0
142 150 -107.0
142 151 -100.0
142 152 -106.0
142 153 -100.0
142 154 -99.0
142 155 -107.0
142 156 -107.0
142 157 -99.0
142 158 -107.0
142 159 -88.0
142 160 -111.0
142 161 -101.0
142 162 -93.0
142 163 -94.0
142 164 -106.0
142 165 -93.0
142 166 -96.0
142 167 -98.0
142 168 -104.0
142 169 -105.0
142 170 -100.0
142 171 -100.0
142 172 -101.0
142 173 -99.0
142 174 -96.0
142 175 -102.0
142 176 -107.0
142 177 -99.0
142 178 -104.0
142 179 -101.0
142 180 -92.0
142 181 -102.0
142 182 -97.0
142 183 -104.0
142 184 -97.0
142 185 -98.0
142 186 -97.0
142 187 -98.0
142 188 -98.0
142 189 -107.0
142 190 -100.0
142 191 -94.0
142 192 -94.0
142 193 -95.0
142 194 -111.0
142 195 -98.0
142 196 -105.0
142 197 -86.0
142 198 -92.0
142 199 -99.0
142 200 -101.0
142 201 -98.0
142 202 -98.0
142 203 -101.0
142 204 -102.0
142 205 -99.0
142 206 -106.0
142 207 -100.0
142 208 -97.0
142 209 -98.0
142 210 -103.0
142 211 -102.0
142 212 -97.0
142 213 -101.0
142 214 -103.0
142 215 -107.0
142 216 -106.0
142 217 -94.0
142 218 -100.0
142 219 -105.0
142 220 -104.0
142 221 -98.0
142 222 -95.0
142 223 -95.0
142 224 -94.0
142 225 -96.0
142 226 -91.0
142 227 -107.0
142 228 -99.0
142 229 -96.0
142 230 -87.0
142 231 -101.0
142 232 -97.0
142 233 -92.0
142 234 -98.0
142 235 -107.0
142 236 -94.0
142 237 -96.0
142 238 -98.0
142 239 -97.0
142 240 -104.0
142 241 -104.0
142 242 -90.0
142 243 -100.0
142 244 -104.0
142 245 -99.0
142 246 -94.0
142 247 -97.0
142 248 -102.0
142 249 -111.0
142 250 -95.0
142 251 -93.0
142 252 -101.0
142 253 -101.0
142 254 -101.0
142 255 -99.0
142 256 -102.0
142 257 -107.0
142 258 -104.0
142 259 -109.0
142 260 -92.0
142 261 -98.0
142 262 -102.0
142 263 -97.0
142 264 -98.0
142 265 -100.0
142 266 -94.0
142 267 -105.0
142 268 -98.0
142 269 -92.0
142 270 -103.0
142 271 -97.0
142 272 -99.0
142 273 -94.0
142 274 -95.0
142 275 -98.0
142 276 -106.0
142 277 -101.0
142 278 -96.0
142 279 -108.0
142 280 -102.0
142 281 -99.0
142 282 -102.0
142 283 -107.0
142 284 -100.0
142 285 -95.0
142 286 -96.0
142 287 -102.0
142 288 -90.0
142 289 -103.0
142 290 -105.0
142 291 -100.0
142 292 -96.0
142 293 -100.0
142 294 -106.0
142 295 -102.0
142 296 -96.0
142 297 -104.0
142 298 -100.0
142 299 -101.0
142 300 -104.0
142 301 -100.0
142 302 -95.0
142 303 -100.0
142 304 -106.0
142 305 -100.0
142 306 -101.0
142 307 -98.0
142 308 -102.0
142 309 -109.0
142 310 -98.0
142 311 -107.0
142 312 -104.0
142 313 -95.0
142 314 -104.0
142 315 -107.0
142 316 -104.0
142 317 -97.0
142 318 -95.0
142 319 -108.0
142 320 -109.0
143 144 -94.0
143 145 -105.0
143 146 -104.0
143 147 -103.0
143 148 -96.0
143 149 -97.0
143 150 -98.0
143 151 -95.0
143 152 -95.0
143 153 -99.0
143 154 -101.0
143 155 -96.0
143 156 -93.0
143 157 -111.0
143 158 -107.0
143 159 -87.0
143 160 -98.0
143 161 -100.0
143 162 -101.0
143 163 -88.0
143 164 -101.0
143 165 -91.0
143 166 -98.0
143 167 -113.0
143 168 -104.0
143 169 -99.0
143 170 -107.0
143 171 -94.0
143 172 -101.0
143 173 -99.0
143 174 -97.0
143 175 -93.0
143 176 -102.0
143 177 -100.0
143 178 -107.0
143 179 -99.0
143 180 -98.0
143 181 -106.0
143 182 -96.0
143 183 -90.0
143 184 -93.0
143 185 -95.0
143 186 -92.0
143 187 -98.0
143 188 -90.0
143 189 -100.0
143 190 -103.0
143 191 -105.0
143 192 -95.0
143 193 -100.0
143 194 -95.0
143 195 -105.0
143 196 -91.0
143 197 -95.0
143 198 -99.0
143 199 -97.0
143 200 -100.0
143 201 -92.0
143 202 -97.0
143 203 -104.0
143 204 -101.0
143 205 -109.0
143 206 -105.0
143 207 -95.0
143 208 -102.0
143 209 -105.0
143 210 -96.0
143 211 -99.0
143 212 -110.0
143 213 -103.0
143 214 -97.0
143 215 -97.0
143 216 -100.0
143 217 -96.0
143 218 -109.0
143 219 -93.0
143 220 -105.0
143 221 -96.0
143 222 -106.0
143 223 -90.0
143 224 -107.0
143 225 -98.0
143 226 -97.0
143 227 -103.0
143 228 -100.0
143 229 -101.0
143 230 -100.0
143 231 -93.0
143 232 -94.0
143 233 -97.0
143 234 -106.0
143 235 -101.0
143 236 -100.0
143 237 -102.0
143 238 -103.0
143 239 -88.0
143 240 -105.0
143 241 -93.0
143 242 -96.0
143 243 -104.0
143 244 -104.0
143 245 -102.0
143 246 -101.0
143 247 -99.0
143 248 -97.0
143 249 -104.0
143 250 -96.0
143 251 -108.0
143 252 -94.0
143 253 -105.0
143 254 -99.0
143 255 -99.0
143 256 -103.0
143 257 -98.0
143 258 -96.0
143 259 -106.0
143 260 -106.0
143 261 -100.0
143 262 -96.0
143 263 -97.0
143 264 -95.0
143 265 -109.0
143 266 -96.0
143 267 -107.0
143 268 -103.0
143 269 -91.0
143 270 -107.0
143 271 -99.0
143 272 -96.0
143 273 -101.0
143 274 -93.0
143 275 -85.0
143 276 -98.0
143 277 -98.0
143 278 -95.0
143 279 -94.0
143 280 -99.0
143 281 -89.0
143 282 -102.0
143 283 -97.0
143 284 -93.0
143 285 -98.0
143 286 -103.0
143 287 -93.0
143 288 -110.0
143 289 -102.0
143 290 -105.0
143 291 -100.0
143 292 -102.0
143 293 -97.0
143 294 -97.0
143 295 -93.0
143 296 -102.0
143 297 -98.0
143 298 -95.0
143 299 -101.0
143 300 -92.0
143 301 -102.0
143 302 -95.0
143 303 -104.0
143 304 -104.0
143 305 -109.0
143 306 -101.0
143 307 -94.0
143 308 -106.0
143 309 -106.0
143 310 -91.0
143 311 -97.0
143 312 -99.0
143 313 -96.0
143 314 -97.0
143 315 -111.0
143 316 -110.0
143 317 -98.0
143 318 -100.0
143 319 -101.0
143 320 -97.0
144 145 -110.0
144 146 -101.0
144 147 -100.0
144 148 -102.0
144 149 -104.0
144 150 -100.0
144 151 -103.0
144 152 -111.0
144 153 -94.0
144 154 -90.0
144 155 -101.0
144 156 -101.0
144 157 -103.0
144 158 -96.0
144 159 -101.0
144 160 -96.0
144 161 -102.0
144 162 -106.0
144 163 -97.0
144 164 -102.0
144 165 -99.0
144 166 -106.0
144 167 -98.0
144 168 -103.0
144 169 -99.0
144 170 -103.0
144 171 -98.0
144 172 -106.0
144 173 -94.0
144 174 -97.0
144 175 -102.0
144 176 -114.0
144 177 -102.0
144 178 -100.0
144 179 -96.0
144 180 -98.0
144 181 -96.0
144 182 -100.0
144 183 -91.0
144 184 -104.0
144 185 -99.0
144 186 -96.0
144 187 -108.0
144 188 -102.0
144 189 -88.0
144 190 -104.0
144 191 -96.0
144 192 -109.0
144 193 -95.0
144 194 -102.0
144 195 -103.0
144 196 -98.0
144 197 -101.0
144 198 -88.0
144 199 -100.0
144 200 -99.0
144 201 -91.0
144 202 -94.0
144 203 -103.0
144 204 -100.0
144 205 -97.0
144 206 -107.0
144 207 -111.0
144 208 -106.0
144 209 -99.0
144 210 -96.0
144 211 -101.0
144 212 -105.0
144 213 -103.0
144 214 -96.0
144 215 -105.0
144 216 -100.0
144 217 -92.0
144 218 -104.0
144 219 -98.0
144 220 -97.0
144 221 -103.0
144 222 -95.0
144 223 -97.0
144 224 -101.0
144 225 -96.0
144 226 -99.0
144 227 -104.0
144 228 -101.0
144 229 -98.0
144 230 -96.0
144 231 -91.0
144 232 -101.0
144 233 -98.0
144 234 -98.0
144 235 -94.0
144 236 -95.0
144 237 -99.0
144 238 -109.0
144 239 -96.0
144 240 -102.0
144 241 -102.0
144 242 -87.0
144 243 -97.0
144 244 -97.0
144 245 -101.0
144 246 -99.0
144 247 -97.0
144 248 -105.0
144 249 -101.0
144 250 -104.0
144 251 -95.0
144 252 -104.0
144 253 -106.0
144 254 -118.0
144 255 -101.0
144 256 -92.0
144 257 -100.0
144 258 -103.0
144 259 -102.0
144 260 -97.0
144 261 -93.0
144 262 -94.0
144 263 -100.0
144 264 -99.0
144 265 -97.0
144 266 -93.0
144 267 -101.0
144 268 -99.0
144 269 -103.0
144 270 -101.0
144 271 -104.0
144 272 -91.0
144 273 -102.0
144 274 -95.0
144 275 -95.0
144 276 -97.0
144 277 -95.0
144 278 -98.0
144 279 -97.0
144 280 -91.0
144 281 -104.0
144 282 -110.0
144 283 -104.0
144 284 -98.0
144 285 -97.0
144 286 -108.0
144 287 -97.0
144 288 -103.0
144 289 -98.0
144 290 -99.0
144 291 -99.0
144 292 -97.0
144 293 -97.0
144 294 -101.0
144 295 -103.0
144 296 -107.0
144 297 -101.0
144 298 -96.0
144 299 -111.0
144 300 -99.0
144 301 -98.0
144 302 -109.0
144 303 -106.0
144 304 -94.0
144 305 -100.0
144 306 -105.0
144 307 -102.0
144 308 -100.0
144 309 -97.0
144 310 -98.0
144 311 -103.0
144 312 -98.0
144 313 -109.0
144 314 -97.0
144 315 -96.0
144 316 -94.0
144 317 -99.0
144 318 -97.0
144 319 -96.0
144 320 -107.0
145 146 -101.0
145 147 -95.0
145 148 -90.0
145 149 -95.0
145 150 -106.0
145 151 -107.0
145 152 -101.0
145 153 -104.0
145 154 -103.0
145 155 -103.0
145 156 -93.0
145 157 -99.0
145 158 -101.0
145 159 -101.0
145 160 -100.0
145 161 -101.0
145 162 -102.0
145 163 -101.0
145 164 -94.0
145 165 -97.0
145 166 -88.0
145 167 -105.0
145 168 -93.0
145 169 -100.0
145 170 -108.0
145 171 -99.0
145 172 -102.0
145 173 -111.0
145 174 -95.0
145 175 -94.0
145 176 -99.0
145 177 -107.0
145 178 -94.0
145 179 -103.0
145 180 -94.0
145 181 -108.0
145 182 -94.0
145 183 -98.0
145 184 -101.0
145 185 -94.0
145 186 -93.0
145 187 -94.0
145 188 -108.0
145 189 -99.0
145 190 -100.0
145 191 -104.0
145 192 -97.0
145 193 -98.0
145 194 -96.0
145 195 -105.0
145 196 -102.0
145 197 -102.0
145 198 -103.0
145 199 -103.0
145 200 -97.0
145 201 -94.0
145 202 -109.0
145 203 -97.0
145 204 -94.0
145 205 -93.0
145 206 -96.0
145 207 -95.0
145 208 -92.0
145 209 -93.0
145 210 -103.0
145 211 -99.0
145 212 -91.0
145 213 -96.0
145 214 -109.0
145 215 -103.0
145 216 -94.0
145 217 -100.0
145 218 -97.0
145 219 -106.0
145 220 -94.0
145 221 -108.0
145 222 -102.0
145 223 -101.0
145 224 -101.0
145 225 -97.0
145 226 -100.0
145 227 -99.0
145 228 -105.0
145 229 -104.0
145 230 -102.0
145 231 -97.0
145 232 -97.0
145 233 -93.0
145 234 -92.0
145 235 -99.0
145 236 -100.0
145 237 -106.0
145 238 -98.0
145 239 -101.0
145 240 -99.0
145 241 -100.0
145 242 -104.0
145 243 -97.0
145 244 -107.0
145 245 -101.0
145 246 -96.0
145 247 -97.0
145 248 -98.0
145 249 -93.0
145 250 -101.0
145 251 -106.0
145 252 -99.0
145 253 -105.0
145 254 -105.0
145 255 -101.0
145 256 -103.0
145 257 -106.0
145 258 -96.0
145 259 -97.0
145 260 -100.0
145 261 -107.0
145 262 -94.0
145 263 -100.0
145 264 -102.0
145 265 -99.0
145 266 -101.0
145 267 -100.0
145 268 -101.0
145 269 -109.0
145 270 -103.0
145 271 -95.0
145 272 -108.0
145 273 -98.0
145 274 -97.0
145 275 -98.0
145 276 -104.0
145 277 -97.0
145 278 -94.0
145 279 -103.0
145 280 -107.0
145 281 -97.0
145 282 -102.0
145 283 -102.0
145 284 -94.0
145 285 -111.0
145 286 -99.0
145 287 -95.0
145 288 -93.0
145 289 -96.0
145 290 -99.0
145 291 -95.0
145 292 -91.0
145 293 -101.0
145 294 -99.0
145 295 -97.0
145 296 -96.0
145 297 -96.0
145 298 -102.0
145 299 -98.0
145 300 -105.0
145 301 -92.0
145 302 -95.0
145 303 -97.0
145 304 -106.0
145 305 -94.0
145 306 -109.0
145 307 -102.0
145 308 -94.0
145 309 -104.0
145 310 -99.0
145 311 -97.0
145 312 -96.0
145 313 -98.0
145 314 -104.0
145 315 -105.0
145 316 -103.0
145 317 -98.0
145 318 -100.0
145 319 -100.0
145 320 -91.0
146 147 -107.0
146 148 -101.0
146 149 -100.0
146 150 -102.0
146 151 -94.0
146 152 -97.0
146 153 -100.0
146 154 -104.0
146 155 -103.0
146 156 -108.0
146 157 -98.0
146 158 -94.0
146 159 -99.0
146 160 -106.0
146 161 -98.0
146 162 -97.0
146 163 -107.0
146 164 -95.0
146 165 -93.0
146 166 -105.0
146 167 -90.0
146 168 -104.0
146 169 -106.0
146 170 -96.0
146 171 -96.0
146 172 -95.0
146 173 -104.0
146 174 -101.0
146 175 -97.0
146 176 -106.0
146 177 -95.0
146 178 -104.0
146 179 -94.0
146 180 -94.0
146 181 -110.0
146 182 -102.0
146 183 -100.0
146 184 -98.0
146 185 -105.0
146 186 -109.0
146 187 -108.0
146 188 -106.0
146 189 -100.0
146 190 -98.0
146 191 -93.0
146 192 -101.0
146 193 -90.0
146 194 -105.0
146 195 -103.0
146 196 -97.0
146 197 -97.0
146 198 -93.0
146 199 -91.0
146 200 -113.0
146 201 -104.0
146 202 -98.0
146 203 -93.0
146 204 -95.0
146 205 -103.0
146 206 -87.0
146 207 -95.0
146 208 -87.0
146 209 -104.0
146 210 -110.0
146 211 -103.0
146 212 -98.0
146 213 -94.0
146 214 -105.0
146 215 -109.0
146 216 -95.0
146 217 -105.0
146 218 -100.0
146 219 -98.0
146 220 -96.0
146 221 -98.0
146 222 -97.0
146 223 -103.0
146 224 -106.0
146 225 -92.0
146 226 -91.0
146 227 -99.0
146 228 -106.0
146 229 -100.0
146 230 -97.0
146 231 -100.0
146 232 -100.0
146 233 -99.0
146 234 -98.0
146 235 -103.0
146 236 -105.0
146 237 -107.0
146 238 -95.0
146 239 -94.0
146 240 -96.0
146 241 -94.0
146 242 -96.0
146 243 -102.0
146 244 -90.0
146 245 -92.0
146 246 -95.0
146 247 -106.0
146 248 -102.0
146 249 -101.0
146 250 -97.0
146 251 -97.0
146 252 -98.0
146 253 -92.0
146 254 -98.0
146 255 -99.0
146 256 -95.0
146 257 -107.0
146 258 -99.0
146 259 -93.0
146 260 -99.0
146 261 -100.0
146 262 -100.0
146 263 -96.0
146 264 -98.0
146 265 -106.0
146 266 -100.0
146 267 -96.0
146 268 -100.0
146 269 -95.0
146 270 -100.0
146 271 -97.0
146 272 -111.0
146 273 -99.0
146 274 -102.0
146 275 -98.0
146 276 -103.0
146 277 -94.0
146 278 -102.0
146 279 -103.0
146 280 -97.0
146 281 -100.0
146 282 -105.0
146 283 -104.0
146 284 -99.0
146 285 -94.0
146 286 -106.0
146 287 -104.0
146 288 -99.0
146 289 -100.0
146 290 -107.0
146 291 -91.0
146 292 -94.0
146 293 -100.0
146 294 -100.0
146 295 -103.0
146 296 -98.0
146 297 -95.0
146 298 -102.0
146 299 -92.0
146 300 -98.0
146 301 -99.0
146 302 -94.0
146 303 -96.0
146 304 -105.0
146 305 -101.0
146 306 -95.0
146 307 -90.0
146 308 -101.0
146 309 -106.0
146 310 -100.0
146 311 -102.0
146 312 -90.0
146 313 -100.0
146 314 -96.0
146 315 -109.0
146 316 -93.0
146 317 -101.0
146 318 -102.0
146 319 -103.0
146 320 -102.0
147 148 -100.0
147 149 -109.0
147 150 -102.0
147 151 -96.0
147 152 -110.0
147 153 -99.0
147 154 -97.0
147 155 -112.0
147 156 -104.0
147 157 -94.0
147 158 -101.0
147 159 -99.0
147 160 -104.0
147 161 -100.0
147 162 -96.0
147 163 -104.0
147 164 -104.0
147 165 -100.0
147 166 -101.0
147 167 -96.0
147 168 -106.0
147 169 -114.0
147 170 -100.0
147 171 -99.0
147 172 -94.0
147 173 -85.0
147 174 -102.0
147 175 -95.0
147 176 -94.0
147 177 -104.0
147 178 -98.0
147 179 -103.0
147 180 -99.0
147 181 -101.0
147 182 -97.0
147 183 -103.0
147 184 -99.0
147 185 -95.0
147 186 -103.0
147 187 -100.0
147 188 -103.0
147 189 -110.0
147 190 -99.0
147 191 -100.0
147 192 -99.0
147 193 -86.0
147 194 -103.0
147 195 -100.0
147 196 -93.0
147 197 -101.0
147 198 -106.0
147 199 -101.0
147 200 -101.0
147 201 -107.0
147 202 -89.0
147 203 -102.0
147 204 -99.0
147 205 -104.0
147 206 -91.0
147 207 -99.0
147 208 -92.0
147 209 -99.0
147 210 -97.0
147 211 -102.0
147 212 -99.0
147 213 -98.0
147 214 -102.0
147 215 -90.0
147 216 -98.0
147 217 -94.0
147 218 -102.0
147 219 -98.0
147 220 -104.0
147 221 -112.0
147 222 -93.0
147 223 -90.0
147 224 -105.0
147 225 -100.0
147 226 -93.0
147 227 -105.0
147 228 -104.0
147 229 -97.0
147 230 -96.0
147 231 -101.0
147 232 -100.0
147 233 -102.0
147 234 -92.0
147 235 -91.0
147 236 -97.0
147 237 -109.0
147 238 -99.0
147 239 -98.0
147 240 -93.0
147 241 -106.0
147 242 -117.0
147 243 -101.0
147 244 -95.0
147 245 -96.0
147 246 -97.0
147 247 -107.0
147 248 -96.0
147 249 -97.0
147 250 -91.0
147 251 -88.0
147 252 -96.0
147 253 -94.0
147 254 -90.0
147 255 -104.0
147 256 -99.0
147 257 -99.0
147 258 -106.0
147 259 -95.0
147 260 -104.0
147 261 -104.0
147 262 -97.0
147 263 -102.0
147 264 -90.0
147 265 -96.0
147 266 -93.0
147 267 -96.0
147 268 -98.0
147 269 -100.0
147 270 -99.0
147 271 -101.0
147 272 -101.0
147 273 -104.0
147 274 -98.0
147 275 -100.0
147 276 -103.0
147 277 -103.0
147 278 -92.0
147 279 -105.0
147 280 -103.0
147 281 -104.0
147 282 -101.0
147 283 -98.0
147 284 -92.0
147 285 -103.0
147 286 -104.0
147 287 -94.0
147 288 -96.0
147 289 -103.0
147 290 -97.0
147 291 -93.0
147 292 -102.0
147 293 -106.0
147 294 -100.0
147 295 -98.0
147 296 -95.0
147 297 -96.0
147 298 -98.0
147 299 -99.0
147 300 -100.0
147 301 -102.0
147 302 -102.0
147 303 -89.0
147 304 -109.0
147 305 -99.0
147 306 -96.0
147 307 -90.0
147 308 -98.0
147 309 -95.0
147 310 -102.0
147 311 -93.0
147 312 -94.0
147 313 -102.0
147 314 -96.0
147 315 -97.0
147 316 -99.0
147 317 -99.0
147 318 -102.0
147 319 -95.0
147 320 -98.0
148 149 -100.0
148 150 -101.0
148 151 -99.0
148 152 -96.0
148 153 -98.0
148 154 -103.0
148 155 -100.0
148 156 -99.0
148 157 -106.0
148 158 -94.0
148 159 -92.0
148 160 -100.0
148 161 -99.0
148 162 -98.0
148 163 -101.0
148 164 -101.0
148 165 -96.0
148 166 -95.0
148 167 -100.0
148 168 -99.0
148 169 -104.0
148 170 -96.0
148 171 -99.0
148 172 -104.0
148 173 -107.0
148 174 -101.0
148 175 -95.0
148 176 -92.0
148 177 -98.0
148 178 -96.0
148 179 -95.0
148 180 -107.0
148 181 -99.0
148 182 -101.0
148 183 -102.0
148 184 -106.0
148 185 -105.0
148 186 -86.0
148 187 -103.0
148 188 -93.0
148 189 -108.0
148 190 -99.0
148 191 -102.0
148 192 -105.0
148 193 -100.0
148 194 -102.0
148 195 -98.0
148 196 -108.0
148 197 -97.0
148 198 -95.0
148 199 -91.0
148 200 -95.0
148 201 -94.0
148 202 -96.0
148 203 -94.0
148 204 -101.0
148 205 -109.0
148 206 -91.0
148 207 -104.0
148 208 -105.0
148 209 -98.0
148 210 -96.0
148 211 -98.0
148 212 -96.0
148 213 -104.0
148 214 -93.0
148 215 -111.0
148 216 -102.0
148 217 -101.0
148 218 -92.0
148 219 -99.0
148 220 -112.0
148 221 -97.0
148 222 -102.0
148 223 -107.0
148 224 -103.0
148 225 -108.0
148 226 -106.0
148 227 -101.0
148 228 -106.0
148 229 -95.0
148 230 -91.0
148 231 -91.0
148 232 -102.0
148 233 -100.0
148 234 -101.0
148 235 -110.0
148 236 -96.0
148 237 -87.0
148 238 -97.0
148 239 -105.0
148 240 -103.0
148 241 -101.0
148 242 -97.0
148 243 -90.0
148 244 -93.0
148 245 -96.0
148 246 -102.0
148 247 -100.0
148 248 -102.0
148 249 -101.0
148 250 -93.0
148 251 -101.0
148 252 -94.0
148 253 -96.0
148 254 -93.0
148 255 -101.0
148 256 -102.0
148 257 -105.0
148 258 -92.0
148 259 -98.0
148 260 -101.0
148 261 -103.0
148 262 -112.0
148 263 -95.0
148 264 -103.0
148 265 -99.0
148 266 -104.0
148 267 -105.0
148 268 -100.0
148 269 -104.0
148 270 -107.0
148 271 -99.0
148 272 -104.0
148 273 -98.0
148 274 -95.0
148 275 -98.0
148 276 -105.0
148 277 -108.0
148 278 -104.0
148 279 -101.0
148 280 -97.0
148 281 -98.0
148 282 -105.0
148 283 -106.0
148 284 -102.0
148 285 -104.0
148 286 -99.0
148 287 -86.0
148 288 -94.0
148 289 -103.0
148 290 -98.0
148 291 -97.0
148 292 -96.0
148 293 -88.0
148 294 -101.0
148 295 -103.0
148 296 -95.0
148 297 -112.0
148 298 -96.0
148 299 -107.0
148 300 -110.0
148 301 -101.0
148 302 -95.0
148 303 -96.0
148 304 -103.0
148 305 -102.0
148 306 -103.0
148 307 -102.0
148 308 -101.0
148 309 -100.0
148 310 -92.0
148 311 -104.0
148 312 -96.0
148 313 -98.0
148 314 -94.0
148 315 -94.0
148 316 -100.0
148 317 -91.0
148 318 -93.0
148 319 -111.0
148 320 -95.0
149 150 -95.0
149 151 -92.0
149 152 -97.0
149 153 -89.0
149 154 -100.0
149 155 -97.0
149 156 -105.0
149 157 -107.0
149 158 -104.0
149 159 -111.0
149 160 -101.0
149 161 -98.0
149 162 -92.0
149 163 -94.0
149 164 -95.0
149 165 -95.0
149 166 -95.0
149 167 -91.0
149 168 -95.0
149 169 -107.0
149 170 -98.0
149 171 -103.0
149 172 -98.0
149 173 -108.0
149 174 -98.0
149 175 -98.0
149 176 -102.0
149 177 -95.0
149 178 -101.0
149 179 -106.0
149 180 -102.0
149 181 -107.0
149 182 -89.0
149 183 -104.0
149 184 -117.0
149 185 -95.0
149 186 -108.0
149 187 -97.0
149 188 -92.0
149 189 -101.0
149 190 -100.0
149 191 -103.0
149 192 -104.0
149 193 -106.0
149 194 -106.0
149 195 -101.0
149 196 -108.0
149 197 -104.0
149 198 -111.0
149 199 -96.0
149 200 -95.0
149 201 -90.0
149 202 -99.0
149 203 -101.0
149 204 -101.0
149 205 -98.0
149 206 -101.0
149 207 -103.0
149 208 -105.0
149 209 -97.0
149 210 -99.0
149 211 -102.0
149 212 -99.0
149 213 -109.0
149 214 -99.0
149 215 -99.0
149 216 -92.0
149 217 -96.0
149 218 -99.0
149 219 -101.0
149 220 -92.0
149 221 -102.0
149 222 -99.0
149 223 -102.0
149 224 -102.0
149 225 -103.0
149 226 -106.0
149 227 -101.0
149 228 -99.0
149 229 -101.0
149 230 -96.0
149 231 -97.0
149 232 -94.0
149 233 -99.0
149 234 -103.0
149 235 -105.0
149 236 -102.0
149 237 -95.0
149 238 -92.0
149 239 -101.0
149 240 -102.0
149 241 -100.0
149 242 -98.0
149 243 -108.0
149 244 -99.0
149 245 -104.0
149 246 -103.0
149 247 -100.0
149 248 -97.0
149 249 -101.0
149 250 -94.0
149 251 -96.0
149 252 -99.0
149 253 -93.0
149 254 -102.0
149 255 -92.0
149 256 -108.0
149 257 -103.0
149 258 -101.0
149 259 -99.0
149 260 -103.0
149 261 -98.0
149 262 -101.0
149 263 -97.0
149 264 -106.0
149 265 -102.0
149 266 -94.0
149 267 -97.0
149 268 -102.0
149 269 -96.0
149 270 -96.0
149 271 -99.0
149 272 -108.0
149 273 -95.0
149 274 -104.0
149 275 -101.0
149 276 -99.0
149 277 -104.0
149 278 -96.0
149 279 -98.0
149 280 -95.0
149 281 -105.0
149 282 -97.0
149 283 -99.0
149 284 -89.0
149 285 -99.0
149 286 -94.0
149 287 -99.0
149 288 -98.0
149 289 -101.0
149 290 -89.0
149 291 -98.0
149 292 -102.0
149 293 -97.0
149 294 -101.0
149 295 -98.0
149 296 -100.0
149 297 -102.0
149 298 -103.0
149 299 -98.0
149 300 -95.0
149 301 -102.0
149 302 -108.0
149 303 -102.0
149 304 -97.0
149 305 -100.0
149 306 -97.0
149 307 -97.0
149 308 -95.0
149 309 -100.0
149 310 -96.0
149 311 -106.0
149 312 -105.0
149 313 -99.0
149 314 -96.0
149 315 -108.0
149 316 -97.0
149 317 -104.0
149 318 -89.0
149 319 -91.0
149 320 -91.0
150 151 -97.0
150 152 -110.0
150 153 -102.0
150 154 -100.0
150 155 -91.0
150 156 -108.0
150 157 -96.0
150 158 -101.0
150 159 -99.0
150 160 -99.0
150 161 -97.0
150 162 -98.0
150 163 -104.0
150 164 -96.0
150 165 -104.0
150 166 -91.0
150 167 -102.0
150 168 -100.0
150 169 -100.0
150 170 -102.0
150 171 -99.0
150 172 -102.0
150 173 -99.0
150 174 -93.0
150 175 -102.0
150 176 -106.0
150 177 -97.0
150 178 -97.0
150 179 -101.0
150 180 -107.0
150 181 -94.0
150 182 -102.0
150 183 -109.0
150 184 -95.0
150 185 -97.0
150 186 -99.0
150 187 -99.0
150 188 -90.0
150 189 -103.0
150 190 -103.0
150 191 -107.0
150 192 -91.0
150 193 -100.0
150 194 -105.0
150 195 -110.0
150 196 -98.0
150 197 -100.0
150 198 -103.0
150 199 -98.0
150 200 -93.0
150 201 -99.0
150 202 -101.0
150 203 -101.0
150 204 -97.0
150 205 -93.0
150 206 -107.0
150 207 -107.0
150 208 -105.0
150 209 -96.0
150 210 -108.0
150 211 -100.0
150 212 -104.0
150 213 -92.0
150 214 -113.0
150 215 -96.0
150 216 -91.0
150 217 -99.0
150 218 -97.0
150 219 -102.0
150 220 -106.0
150 221 -115.0
150 222 -95.0
150 223 -98.0
150 224 -112.0
150 225 -95.0
150 226 -102.0
150 227 -106.0
150 228 -99.0
150 229 -98.0
150 230 -102.0
150 231 -94.0
150 232 -94.0
150 233 -104.0
150 234 -106.0
150 235 -101.0
150 236 -99.0
150 237 -105.0
150 238 -97.0
150 239 -108.0
150 240 -97.0
150 241 -100.0
150 242 -97.0
150 243 -97.0
150 244 -104.0
150 245 -92.0
150 246 -101.0
150 247 -102.0
150 248 -94.0
150 249 -98.0
150 250 -106.0
150 251 -91.0
150 252 -99.0
150 253 -100.0
150 254 -101.0
150 255 -103.0
150 256 -91.0
150 257 -96.0
150 258 -104.0
150 259 -102.0
150 260 -102.0
150 261 -101.0
150 262 -105.0
150 263 -103.0
150 264 -105.0
150 265 -105.0
150 266 -91.0
150 267 -95.0
150 268 -107.0
150 269 -97.0
150 270 -98.0
150 271 -94.0
150 272 -98.0
150 273 -94.0
150 274 -106.0
150 275 -108.0
150 276 -89.0
150 277 -104.0
150 278 -100.0
150 279 -97.0
150 280 -102.0
150 281 -99.0
150 282 -96.0
150 283 -97.0
150 284 -102.0
150 285 -99.0
150 286 -105.0
150 287 -97.0
150 288 -102.0
150 289 -98.0
150 290 -98.0
150 291 -106.0
150 292 -92.0
150 293 -105.0
150 294 -91.0
150 295 -93.0
150 296 -94.0
150 297 -95.0
150 298 -99.0
150 299 -104.0
150 300 -105.0
150 301 -102.0
150 302 -94.0
150 303 -114.0
150 304 -113.0
150 305 -103.0
150 306 -95.0
150 307 -104.0
150 308 -104.0
150 309 -103.0
150 310 -92.0
150 311 -106.0
150 312 -98.0
150 313 -93.0
150 314 -109.0
150 315 -101.0
150 316 -100.0
150 317 -93.0
150 318 -98.0
150 319 -97.0
150 320 -103.0
151 152 -97.0
151 153 -98.0
151 154 -100.0
151 155 -99.0
151 156 -100.0
151 157 -107.0
151 158 -102.0
151 159 -102.0
151 160 -104.0
151 161 -100.0
151 162 -100.0
151 163 -96.0
151 164 -100.0
151 165 -99.0
151 166 -95.0
151 167 -97.0
151 168 -103.0
151 169 -100.0
151 170 -96.0
151 171 -105.0
151 172 -101.0
151 173 -98.0
151 174 -92.0
151 175 -106.0
151 176 -99.0
151 177 -96.0
151 178 -88.0
151 179 -99.0
151 180 -104.0
151 181 -102.0
151 182 -96.0
151 183 -93.0
151 184 -97.0
151 185 -93.0
151 186 -96.0
151 187 -107.0
151 188 -101.0
151 189 -102.0
151 190 -100.0
151 191 -97.0
151 192 -96.0
151 193 -101.0
151 194 -100.0
151 195 -104.0
151 196 -96.0
151 197 -95.0
151 198 -96.0
151 199 -92.0
151 200 -102.0
151 201 -95.0
151 202 -94.0
151 203 -96.0
151 204 -94.0
151 205 -98.0
151 206 -99.0
151 207 -105.0
151 208 -99.0
151 209 -99.0
151 210 -104.0
151 211 -105.0
151 212 -102.0
151 213 -100.0
151 214 -103.0
151 215 -95.0
151 216 -101.0
151 217 -96.0
151 218 -104.0
151 219 -93.0
151 220 -95.0
151 221 -106.0
151 222 -99.0
151 223 -100.0
151 224 -105.0
151 225 -101.0
151 226 -104.0
151 227 -95.0
151 228 -94.0
151 229 -97.0
151 230 -92.0
151 231 -109.0
151 232 -101.0
151 233 -94.0
151 234 -103.0
151 235 -97.0
151 236 -100.0
151 237 -114.0
151 238 -104.0
151 239 -104.0
151 240 -105.0
151 241 -100.0
151 242 -105.0
151 243 -98.0
151 244 -99.0
151 245 -103.0
151 246 -96.0
151 247 -100.0
151 248 -93.0
151 249 -100.0
151 250 -95.0
151 251 -102.0
151 252 -104.0
151 253 -86.0
151 254 -97.0
151 255 -97.0
151 256 -105.0
151 257 -92.0
151 258 -100.0
151 259 -94.0
151 260 -93.0
151 261 -100.0
151 262 -105.0
151 263 -99.0
151 264 -103.0
151 265 -92.0
151 266 -89.0
151 267 -104.0
151 268 -100.0
151 269 -94.0
151 270 -97.0
151 271 -95.0
151 272 -99.0
151 273 -98.0
151 274 -114.0
151 275 -97.0
151 276 -101.0
151 277 -101.0
151 278 -98.0
151 279 -100.0
151 280 -96.0
151 281 -99.0
151 282 -96.0
151 283 -98.0
151 284 -103.0
151 285 -104.0
151 286 -100.0
151 287 -99.0
151 288 -102.0
151 289 -96.0
151 290 -106.0
151 291 -98.0
151 292 -98.0
151 293 -99.0
151 294 -98.0
151 295 -103.0
151 296 -104.0
151 297 -107.0
151 298 -99.0
151 299 -97.0
151 300 -102.0
151 301 -100.0
151 302 -95.0
151 303 -100.0
151 304 -101.0
151 305 -105.0
151 306 -109.0
151 307 -103.0
151 308 -107.0
151 309 -95.0
151 310 -98.0
151 311 -97.0
151 312 -104.0
151 313 -105.0
151 314 -92.0
151 315 -103.0
151 316 -93.0
151 317 -109.0
151 318 -102.0
151 319 -103.0
151 320 -100.0
152 153 -100.0
152 154 -94.0
152 155 -93.0
152 156 -105.0
152 157 -99.0
152 158 -103.0
152 159 -106.0
152 160 -99.0
152 161 -97.0
152 162 -95.0
152 163 -105.0
152 164 -95.0
152 165 -101.0
152 166 -105.0
152 167 -101.0
152 168 -100.0
152 169 -108.0
152 170 -97.0
152 171 -100.0
152 172 -107.0
152 173 -105.0
152 174 -99.0
152 175 -104.0
152 176 -101.0
152 177 -99.0
152 178 -107.0
152 179 -94.0
152 180 -99.0
152 181 -101.0
152 182 -100.0
152 183 -99.0
152 184 -86.0
152 185 -101.0
152 186 -102.0
152 187 -89.0
152 188 -102.0
152 189 -92.0
152 190 -102.0
152 191 -103.0
152 192 -94.0
152 193 -104.0
152 194 -97.0
152 195 -95.0
152 196 -99.0
152 197 -98.0
152 198 -104.0
152 199 -97.0
152 200 -103.0
152 201 -98.0
152 202 -86.0
152 203 -101.0
152 204 -102.0
152 205 -93.0
152 206 -97.0
152 207 -98.0
152 208 -109.0
152 209 -100.0
152 210 -100.0
152 211 -94.0
152 212 -99.0
152 213 -98.0
152 214 -96.0
152 215 -102.0
152 216 -95.0
152 217 -99.0
152 218 -92.0
152 219 -103.0
152 220 -99.0
152 221 -98.0
152 222 -100.0
152 223 -105.0
152 224 -100.0
152 225 -106.0
152 226 -96.0
152 227 -108.0
152 228 -93.0
152 229 -104.0
152 230 -105.0
152 231 -92.0
152 232 -103.0
152 233 -92.0
152 234 -92.0
152 235 -101.0
152 236 -89.0
152 237 -104.0
152 238 -95.0
152 239 -95.0
152 240 -96.0
152 241 -98.0
152 242 -92.0
152 243 -93.0
152 244 -106.0
152 245 -100.0
152 246 -104.0
152 247 -104.0
152 248 -88.0
152 249 -106.0
152 250 -101.0
152 251 -96.0
152 252 -91.0
152 253 -102.0
152 254 -97.0
152 255 -99.0
152 256 -90.0
152 257 -100.0
152 258 -101.0
152 259 -100.0
152 260 -101.0
152 261 -99.0
152 262 -100.0
152 263 -93.0
152 264 -97.0
152 265 -104.0
152 266 -103.0
152 267 -100.0
152 268 -108.0
152 269 -90.0
152 270 -105.0
152 271 -106.0
152 272 -109.0
152 273 -100.0
152 274 -100.0
152 275 -103.0
152 276 -100.0
152 277 -93.0
152 278 -102.0
152 279 -91.0
152 280 -107.0
152 281 -100.0
152 282 -95.0
152 283 -100.0
152 284 -107.0
152 285 -99.0
152 286 -93.0
152 287 -96.0
152 288 -103.0
152 289 -103.0
152 290 -98.0
152 291 -91.0
152 292 -96.0
152 293 -95.0
152 294 -106.0
152 295 -101.0
152 296 -105.0
152 297 -88.0
152 298 -101.0
152 299 -97.0
152 300 -92.0
152 301 -99.0
152 302 -95.0
152 303 -99.0
152 304 -96.0
152 305 -109.0
152 306 -102.0
152 307 -108.0
152 308 -97.0
152 309 -96.0
152 310 -100.0
152 311 -100.0
152 312 -100.0
152 313 -93.0
152 314 -99.0
152 315 -91.0
152 316 -94.0
152 317 -98.0
152 318 -89.0
152 319 -99.0
152 320 -99.0
153 154 -89.0
153 155 -102.0
153 156 -109.0
153 157 -96.0
153 158 -102.0
153 159 -101.0
153 160 -105.0
153 161 -103.0
153 162 -100.0
153 163 -89.0
153 164 -97.0
153 165 -102.0
153 166 -106.0
153 167 -92.0
153 168 -94.0
153 169 -112.0
153 170 -94.0
153 171 -102.0
153 172 -101.0
153 173 -93.0
153 174 -97.0
153 175 -97.0
153 176 -97.0
153 177 -100.0
153 178 -99.0
153 179 -102.0
153 180 -99.0
153 181 -84.0
153 182 -91.0
153 183 -109.0
153 184 -99.0
153 185 -98.0
153 186 -96.0
153 187 -98.0
153 188 -106.0
153 189 -105.0
153 190 -101.0
153 191 -103.0
153 192 -98.0
153 193 -105.0
153 194 -95.0
153 195 -98.0
153 196 -97.0
153 197 -97.0
153 198 -105.0
153 199 -96.0
153 200 -91.0
153 201 -99.0
153 202 -106.0
153 203 -96.0
153 204 -108.0
153 205 -98.0
153 206 -106.0
153 207 -95.0
153 208 -93.0
153 209 -103.0
153 210 -114.0
153 211 -95.0
153 212 -102.0
153 213 -100.0
153 214 -107.0
153 215 -102.0
153 216 -92.0
153 217 -95.0
153 218 -100.0
153 219 -104.0
153 220 -105.0
153 221 -95.0
153 222 -104.0
153 223 -98.0
153 224 -97.0
153 225 -95.0
153 226 -93.0
153 227 -110.0
153 228 -99.0
153 229 -97.0
153 230 -102.0
153 231 -91.0
153 232 -104.0
153 233 -107.0
153 234 -100.0
153 235 -107.0
153 236 -94.0
153 237 -109.0
153 238 -96.0
153 239 -103.0
153 240 -99.0
153 241 -93.0
153 242 -100.0
153 243 -97.0
153 244 -101.0
153 245 -103.0
153 246 -105.0
153 247 -96.0
153 248 -98.0
153 249 -109.0
153 250 -96.0
153 251 -90.0
153 252 -90.0
153 253 -106.0
153 254 -96.0
153 255 -96.0
153 256 -94.0
153 257 -102.0
153 258 -93.0
153 259 -95.0
153 260 -104.0
153 261 -101.0
153 262 -102.0
153 263 -103.0
153 264 -109.0
153 265 -91.0
153 266 -99.0
153 267 -100.0
153 268 -92.0
153 269 -108.0
153 270 -109.0
153 271 -109.0
153 272 -97.0
153 273 -98.0
153 274 -98.0
153 275 -106.0
153 276 -91.0
153 277 -92.0
153 278 -99.0
153 279 -100.0
153 280 -93.0
153 281 -95.0
153 282 -104.0
153 283 -94.0
153 284 -107.0
153 285 -97.0
153 286 -107.0
153 287 -90.0
153 288 -100.0
153 289 -103.0
153 290 -93.0
153 291 -97.0
153 292 -100.0
153 293 -99.0
153 294 -97.0
153 295 -97.0
153 296 -103.0
153 297 -102.0
153 298 -100.0
153 299 -104.0
153 300 -104.0
153 301 -105.0
153 302 -95.0
153 303 -95.0
153 304 -100.0
153 305 -90.0
153 306 -93.0
153 307 -116.0
153 308 -96.0
153 309 -92.0
153 310 -111.0
153 311 -101.0
153 312 -105.0
153 313 -98.0
153 314 -102.0
153 315 -95.0
153 316 -96.0
153 317 -89.0
153 318 -101.0
153 319 -97.0
153 320 -105.0
154 155 -104.0
154 156 -103.0
154 157 -91.0
154 158 -95.0
154 159 -103.0
154 160 -96.0
154 161 -101.0
154 162 -103.0
154 163 -99.0
154 164 -97.0
154 165 -91.0
154 166 -99.0
154 167 -97.0
154 168 -102.0
154 169 -99.0
154 170 -99.0
154 171 -102.0
154 172 -103.0
154 173 -99.0
154 174 -97.0
154 175 -95.0
154 176 -95.0
154 177 -98.0
154 178 -96.0
154 179 -90.0
154 180 -99.0
154 181 -104.0
154 182 -91.0
154 183 -99.0
154 184 -95.0
154 185 -109.0
154 186 -99.0
154 187 -109.0
154 188 -95.0
154 189 -103.0
154 190 -109.0
154 191 -103.0
154 192 -97.0
154 193 -106.0
154 194 -103.0
154 195 -91.0
154 196 -97.0
154 197 -96.0
154 198 -102.0
154 199 -101.0
154 200 -94.0
154 201 -106.0
154 202 -100.0
154 203 -103.0
154 204 -100.0
154 205 -97.0
154 206 -100.0
154 207 -100.0
154 208 -101.0
154 209 -96.0
154 210 -101.0
154 211 -91.0
154 212 -95.0
154 213 -96.0
154 214 -99.0
154 215 -98.0
154 216 -107.0
154 217 -106.0
154 218 -94.0
154 219 -104.0
154 220 -99.0
154 221 -95.0
154 222 -111.0
154 223 -104.0
154 224 -98.0
154 225 -94.0
154 226 -104.0
154 227 -94.0
154 228 -101.0
154 229 -96.0
154 230 -97.0
154 231 -97.0
154 232 -106.0
154 233 -97.0
154 234 -100.0
154 235 -101.0
154 236 -100.0
154 237 -97.0
154 238 -100.0
154 239 -102.0
154 240 -97.0
154 241 -97.0
154 242 -97.0
154 243 -97.0
154 244 -91.0
154 245 -96.0
154 246 -107.0
154 247 -103.0
154 248 -97.0
154 249 -93.0
154 250 -104.0
154 251 -104.0
154 252 -101.0
154 253 -102.0
154 254 -103.0
154 255 -102.0
154 256 -105.0
154 257 -96.0
154 258 -105.0
154 259 -100.0
154 260 -99.0
154 261 -99.0
154 262 -103.0
154 263 -98.0
154 264 -102.0
154 265 -97.0
154 266 -96.0
154 267 -108.0
154 268 -96.0
154 269 -95.0
154 270 -101.0
154 271 -100.0
154 272 -109.0
154 273 -107.0
154 274 -106.0
154 275 -92.0
154 276 -97.0
154 277 -102.0
154 278 -100.0
154 279 -98.0
154 280 -103.0
154 281 -100.0
154 282 -96.0
154 283 -99.0
154 284 -100.0
154 285 -86.0
154 286 -93.0
154 287 -96.0
154 288 -98.0
154 289 -105.0
154 290 -98.0
154 291 -106.0
154 292 -101.0
154 293 -97.0
154 294 -97.0
154 295 -94.0
154 296 -101.0
154 297 -97.0
154 298 -90.0
154 299 -103.0
154 300 -91.0
154 301 -111.0
154 302 -108.0
154 303 -109.0
154 304 -102.0
154 305 -95.0
154 306 -104.0
154 307 -93.0
154 308 -102.0
154 309 -97.0
154 310 -93.0
154 311 -91.0
154 312 -99.0
154 313 -97.0
154 314 -100.0
154 315 -102.0
154 316 -97.0
154 317 -96.0
154 318 -96.0
154 319 -92.0
154 320 -107.0
155 156 -100.0
155 157 -98.0
155 158 -102.0
155 159 -97.0
155 160 -93.0
155 161 -94.0
155 162 -92.0
155 163 -103.0
155 164 -107.0
155 165 -97.0
155 166 -103.0
155 167 -101.0
155 168 -105.0
155 169 -96.0
155 170 -94.0
155 171 -101.0
155 172 -100.0
155 173 -97.0
155 174 -90.0
155 175 -103.0
155 176 -102.0
155 177 -104.0
155 178 -101.0
155 179 -110.0
155 180 -96.0
155 181 -105.0
155 182 -95.0
155 183 -108.0
155 184 -103.0
155 185 -103.0
155 186 -105.0
155 187 -101.0
155 188 -98.0
155 189 -90.0
155 190 -102.0
155 191 -97.0
155 192 -93.0
155 193 -96.0
155 194 -102.0
155 195 -110.0
155 196 -89.0
155 197 -98.0
155 198 -96.0
155 199 -95.0
155 200 -98.0
155 201 -98.0
155 202 -108.0
155 203 -103.0
155 204 -106.0
155 205 -95.0
155 206 -100.0
155 207 -98.0
155 208 -98.0
155 209 -102.0
155 210 -107.0
155 211 -98.0
155 212 -104.0
155 213 -95.0
155 214 -101.0
155 215 -101.0
155 216 -99.0
155 217 -98.0
155 218 -103.0
155 219 -98.0
155 220 -97.0
155 221 -95.0
155 222 -103.0
155 223 -101.0
155 224 -93.0
155 225 -92.0
155 226 -96.0
155 227 -99.0
155 228 -96.0
155 229 -91.0
155 230 -101.0
155 231 -95.0
155 232 -103.0
155 233 -99.0
155 234 -103.0
155 235 -104.0
155 236 -107.0
155 237 -95.0
155 238 -103.0
155 239 -100.0
155 240 -105.0
155 241 -95.0
155 242 -104.0
155 243 -90.0
155 244 -107.0
155 245 -99.0
155 246 -95.0
155 247 -102.0
155 248 -99.0
155 249 -101.0
155 250 -87.0
155 251 -96.0
155 252 -104.0
155 253 -98.0
155 254 -95.0
155 255 -95.0
155 256 -100.0
155 257 -92.0
155 258 -100.0
155 259 -93.0
155 260 -100.0
155 261 -98.0
155 262 -106.0
155 263 -105.0
155 264 -102.0
155 265 -96.0
155 266 -99.0
155 267 -99.0
155 268 -96.0
155 269 -99.0
155 270 -95.0
155 271 -105.0
155 272 -99.0
155 273 -95.0
155 274 -102.0
155 275 -105.0
155 276 -96.0
155 277 -99.0
155 278 -101.0
155 279 -106.0
155 280 -98.0
155 281 -103.0
155 282 -102.0
155 283 -105.0
155 284 -101.0
155 285 -94.0
155 286 -94.0
155 287 -106.0
155 288 -98.0
155 289 -98.0
155 290 -99.0
155 291 -105.0
155 292 -104.0
155 293 -97.0
155 294 -99.0
155 295 -104.0
155 296 -104.0
155 297 -97.0
155 298 -102.0
155 299 -96.0
155 300 -103.0
155 301 -95.0
155 302 -96.0
155 303 -94.0
155 304 -102.0
155 305 -104.0
155 306 -93.0
155 307 -102.0
155 308 -104.0
155 309 -97.0
155 310 -103.0
155 311 -94.0
155 312 -104.0
155 313 -94.0
155 314 -101.0
155 315 -106.0
155 316 -94.0
155 317 -109.0
155 318 -101.0
155 319 -89.0
155 320 -101.0
156 157 -97.0
156 158 -110.0
156 159 -91.0
156 160 -99.0
156 161 -101.0
156 162 -95.0
156 163 -105.0
156 164 -96.0
156 165 -101.0
156 166 -91.0
156 167 -100.0
156 168 -96.0
156 169 -104.0
156 170 -96.0
156 171 -99.0
156 172 -95.0
156 173 -97.0
156 174 -98.0
156 175 -103.0
156 176 -103.0
156 177 -94.0
156 178 -95.0
156 179 -102.0
156 180 -99.0
156 181 -100.0
156 182 -107.0
156 183 -99.0
156 184 -95.0
156 185 -100.0
156 186 -104.0
156 187 -99.0
156 188 -103.0
156 189 -96.0
156 190 -103.0
156 191 -99.0
156 192 -97.0
156 193 -95.0
156 194 -104.0
156 195 -108.0
156 196 -102.0
156 197 -100.0
156 198 -97.0
156 199 -99.0
156 200 -102.0
156 201 -105.0
156 202 -97.0
156 203 -95.0
156 204 -96.0
156 205 -101.0
156 206 -92.0
156 207 -113.0
156 208 -101.0
156 209 -99.0
156 210 -101.0
156 211 -98.0
156 212 -98.0
156 213 -96.0
156 214 -98.0
156 215 -95.0
156 216 -107.0
156 217 -108.0
156 218 -101.0
156 219 -105.0
156 220 -103.0
156 221 -98.0
156 222 -100.0
156 223 -104.0
156 224 -95.0
156 225 -101.0
156 226 -98.0
156 227 -96.0
156 228 -98.0
156 229 -108.0
156 230 -109.0
156 231 -92.0
156 232 -103.0
156 233 -104.0
156 234 -99.0
156 235 -91.0
156 236 -97.0
156 237 -92.0
156 238 -114.0
156 239 -105.0
156 240 -98.0
156 241 -103.0
156 242 -104.0
156 243 -101.0
156 244 -98.0
156 245 -91.0
156 246 -108.0
156 247 -94.0
156 248 -102.0
156 249 -111.0
156 250 -101.0
156 251 -106.0
156 252 -101.0
156 253 -96.0
156 254 -106.0
156 255 -93.0
156 256 -93.0
156 257 -102.0
156 258 -97.0
156 259 -100.0
156 260 -96.0
156 261 -104.0
156 262 -94.0
156 263 -106.0
156 264 -105.0
156 265 -100.0
156 266 -96.0
156 267 -95.0
156 268 -97.0
156 269 -97.0
156 270 -99.0
156 271 -89.0
156 272 -85.0
156 273 -99.0
156 274 -107.0
156 275 -101.0
156 276 -90.0
156 277 -107.0
156 278 -101.0
156 279 -98.0
156 280 -103.0
156 281 -102.0
156 282 -96.0
156 283 -100.0
156 284 -93.0
156 285 -100.0
156 286 -97.0
156 287 -91.0
156 288 -99.0
156 289 -95.0
156 290 -100.0
156 291 -99.0
156 292 -105.0
156 293 -96.0
156 294 -103.0
156 295 -101.0
156 296 -107.0
156 297 -90.0
156 298 -99.0
156 299 -98.0
156 300 -100.0
156 301 -109.0
156 302 -96.0
156 303 -103.0
156 304 -100.0
156 305 -100.0
156 306 -103.0
156 307 -110.0
156 308 -100.0
156 309 -101.0
156 310 -96.0
156 311 -89.0
156 312 -99.0
156 313 -99.0
156 314 -111.0
156 315 -98.0
156 316 -94.0
156 317 -105.0
156 318 -96.0
156 319 -95.0
156 320 -99.0
157 158 -98.0
157 159 -103.0
157 160 -100.0
157 161 -96.0
157 162 -102.0
157 163 -104.0
157 164 -103.0
157 165 -110.0
157 166 -100.0
157 167 -98.0
157 168 -99.0
157 169 -104.0
157 170 -102.0
157 171 -92.0
157 172 -96.0
157 173 -108.0
157 174 -100.0
157 175 -102.0
157 176 -102.0
157 177 -111.0
157 178 -95.0
157 179 -101.0
157 180 -86.0
157 181 -97.0
157 182 -96.0
157 183 -103.0
157 184 -98.0
157 185 -105.0
157 186 -96.0
157 187 -102.0
157 188 -109.0
157 189 -93.0
157 190 -94.0
157 191 -93.0
157 192 -105.0
157 193 -99.0
157 194 -95.0
157 195 -104.0
157 196 -100.0
157 197 -100.0
157 198 -93.0
157 199 -103.0
157 200 -94.0
157 201 -98.0
157 202 -95.0
157 203 -99.0
157 204 -87.0
157 205 -101.0
157 206 -107.0
157 207 -94.0
157 208 -97.0
157 209 -97.0
157 210 -95.0
157 211 -99.0
157 212 -100.0
157 213 -89.0
157 214 -105.0
157 215 -112.0
157 216 -97.0
157 217 -104.0
157 218 -98.0
157 219 -111.0
157 220 -104.0
157 221 -94.0
157 222 -99.0
157 223 -98.0
157 224 -104.0
157 225 -103.0
157 226 -94.0
157 227 -106.0
157 228 -102.0
157 229 -97.0
157 230 -101.0
157 231 -110.0
157 232 -91.0
157 233 -104.0
157 234 -101.0
157 235 -105.0
157 236 -104.0
157 237 -105.0
157 238 -105.0
157 239 -105.0
157 240 -98.0
157 241 -102.0
157 242 -100.0
157 243 -95.0
157 244 -99.0
157 245 -106.0
157 246 -104.0
157 247 -100.0
157 248 -103.0
157 249 -93.0
157 250 -100.0
157 251 -107.0
157 252 -101.0
157 253 -103.0
157 254 -106.0
157 255 -102.0
157 256 -96.0
157 257 -98.0
157 258 -99.0
157 259 -102.0
157 260 -102.0
157 261 -97.0
157 262 -99.0
157 263 -95.0
157 264 -93.0
157 265 -100.0
157 266 -95.0
157 267 -101.0
157 268 -105.0
157 269 -107.0
157 270 -106.0
157 271 -98.0
157 272 -96.0
157 273 -96.0
157 274 -100.0
157 275 -101.0
157 276 -93.0
157 277 -103.0
157 278 -100.0
157 279 -93.0
157 280 -98.0
157 281 -96.0
157 282 -100.0
157 283 -91.0
157 284 -93.0
157 285 -106.0
157 286 -112.0
157 287 -102.0
157 288 -103.0
157 289 -99.0
157 290 -104.0
157 291 -109.0
157 292 -103.0
157 293 -95.0
157 294 -95.0
157 295 -97.0
157 296 -99.0
157 297 -103.0
157 298 -98.0
157 299 -102.0
157 300 -93.0
157 301 -95.0
157 302 -107.0
157 303 -95.0
157 304 -103.0
157 305 -95.0
157 306 -102.0
157 307 -100.0
157 308 -99.0
157 309 -103.0
157 310 -98.0
157 311 -99.0
157 312 -98.0
157 313 -100.0
157 314 -91.0
157 315 -99.0
157 316 -94.0
157 317 -93.0
157 318 -100.0
157 319 -100.0
157 320 -100.0
158 159 -97.0
158 160 -99.0
158 161 -99.0
158 162 -101.0
158 163 -100.0
158 164 -103.0
158 165 -95.0
158 166 -108.0
158 167 -105.0
158 168 -96.0
158 169 -91.0
158 170 -102.0
158 171 -104.0
158 172 -104.0
158 173 -97.0
158 174 -98.0
158 175 -92.0
158 176 -102.0
158 177 -98.0
158 178 -103.0
158 179 -93.0
158 180 -108.0
158 181 -97.0
158 182 -90.0
158 183 -105.0
158 184 -108.0
158 185 -99.0
158 186 -103.0
158 187 -97.0
158 188 -95.0
158 189 -99.0
158 190 -94.0
158 191 -95.0
158 192 -97.0
158 193 -111.0
158 194 -98.0
158 195 -96.0
158 196 -101.0
158 197 -94.0
158 198 -101.0
158 199 -100.0
158 200 -99.0
158 201 -101.0
158 202 -91.0
158 203 -96.0
158 204 -94.0
158 205 -99.0
158 206 -98.0
158 207 -87.0
158 208 -96.0
158 209 -103.0
158 210 -97.0
158 211 -92.0
158 212 -100.0
158 213 -103.0
158 214 -96.0
158 215 -100.0
158 216 -98.0
158 217 -106.0
158 218 -101.0
158 219 -90.0
158 220 -102.0
158 221 -102.0
158 222 -91.0
158 223 -95.0
158 224 -108.0
158 225 -94.0
158 226 -95.0
158 227 -99.0
158 228 -96.0
158 229 -92.0
158 230 -99.0
158 231 -106.0
158 232 -96.0
158 233 -102.0
158 234 -105.0
158 235 -100.0
158 236 -95.0
158 237 -90.0
158 238 -97.0
158 239 -95.0
158 240 -99.0
158 241 -99.0
158 242 -102.0
158 243 -100.0
158 244 -105.0
158 245 -88.0
158 246 -96.0
158 247 -100.0
158 248 -105.0
158 249 -95.0
158 250 -101.0
158 251 -102.0
158 252 -99.0
158 253 -103.0
158 254 -102.0
158 255 -100.0
158 256 -97.0
158 257 -106.0
158 258 -112.0
158 259 -95.0
158 260 -96.0
158 261 -95.0
158 262 -104.0
158 263 -98.0
158 264 -95.0
158 265 -107.0
158 266 -93.0
158 267 -102.0
158 268 -102.0
158 269 -94.0
158 270 -92.0
158 271 -105.0
158 272 -102.0
158 273 -93.0
158 274 -105.0
158 275 -100.0
158 276 -109.0
158 277 -100.0
158 278 -103.0
158 279 -100.0
158 280 -99.0
158 281 -96.0
158 282 -98.0
158 283 -93.0
158 284 -97.0
158 285 -103.0
158 286 -99.0
158 287 -103.0
158 288 -104.0
158 289 -91.0
158 290 -102.0
158 291 -97.0
158 292 -106.0
158 293 -102.0
158 294 -91.0
158 295 -102.0
158 296 -105.0
158 297 -102.0
158 298 -90.0
158 299 -102.0
158 300 -89.0
158 301 -103.0
158 302 -95.0
158 303 -113.0
158 304 -100.0
158 305 -104.0
158 306 -101.0
158 307 -96.0
158 308 -98.0
158 309 -99.0
158 310 -102.0
158 311 -92.0
158 312 -101.0
158 313 -93.0
158 314 -102.0
158 315 -102.0
158 316 -91.0
158 317 -108.0
158 318 -93.0
158 319 -97.0
158 320 -98.0
159 160 -100.0
159 161 -96.0
159 162 -101.0
159 163 -95.0
159 164 -102.0
159 165 -108.0
159 166 -100.0
159 167 -103.0
159 168 -99.0
159 169 -104.0
159 170 -100.0
159 171 -104.0
159 172 -95.0
159 173 -97.0
159 174 -102.0
159 175 -92.0
159 176 -105.0
159 177 -89.0
159 178 -91.0
159 179 -100.0
159 180 -96.0
159 181 -98.0
159 182 -103.0
159 183 -94.0
159 184 -96.0
159 185 -101.0
159 186 -99.0
159 187 -99.0
159 188 -89.0
159 189 -90.0
159 190 -107.0
159 191 -95.0
159 192 -111.0
159 193 -101.0
159 194 -97.0
159 195 -96.0
159 196 -98.0
159 197 -99.0
159 198 -93.0
159 199 -94.0
159 200 -101.0
159 201 -91.0
159 202 -98.0
159 203 -106.0
159 204 -96.0
159 205 -100.0
159 206 -97.0
159 207 -98.0
159 208 -99.0
159 209 -104.0
159 210 -103.0
159 211 -110.0
159 212 -102.0
159 213 -107.0
159 214 -100.0
159 215 -97.0
159 216 -104.0
159 217 -100.0
159 218 -97.0
159 219 -97.0
159 220 -90.0
159 221 -92.0
159 222 -105.0
159 223 -88.0
159 224 -100.0
159 225 -100.0
159 226 -94.0
159 227 -91.0
159 228 -94.0
159 229 -113.0
159 230 -99.0
159 231 -101.0
159 232 -102.0
159 233 -95.0
159 234 -105.0
159 235 -106.0
159 236 -101.0
159 237 -99.0
159 238 -99.0
159 239 -105.0
159 240 -100.0
159 241 -108.0
159 242 -107.0
159 243 -106.0
159 244 -98.0
159 245 -89.0
159 246 -108.0
159 247 -98.0
159 248 -104.0
159 249 -95.0
159 250 -96.0
159 251 -109.0
159 252 -106.0
159 253 -96.0
159 254 -98.0
159 255 -96.0
159 256 -105.0
159 257 -100.0
159 258 -100.0
159 259 -96.0
159 260 -98.0
159 261 -102.0
159 262 -97.0
159 263 -98.0
159 264 -94.0
159 265 -94.0
159 266 -96.0
159 267 -94.0
159 268 -96.0
159 269 -98.0
159 270 -105.0
159 271 -98.0
159 272 -99.0
159 273 -95.0
159 274 -103.0
159 275 -96.0
159 276 -105.0
159 277 -98.0
159 278 -100.0
159 279 -94.0
159 280 -100.0
159 281 -103.0
159 282 -104.0
159 283 -95.0
159 284 -111.0
159 285 -101.0
159 286 -94.0
159 287 -99.0
159 288 -102.0
159 289 -99.0
159 290 -93.0
159 291 -100.0
159 292 -103.0
159 293 -96.0
159 294 -105.0
159 295 -98.0
159 296 -108.0
159 297 -101.0
159 298 -108.0
159 299 -96.0
159 300 -94.0
159 301 -96.0
159 302 -106.0
159 303 -102.0
159 304 -95.0
159 305 -104.0
159 306 -103.0
159 307 -106.0
159 308 -104.0
159 309 -102.0
159 310 -102.0
159 311 -98.0
159 312 -99.0
159 313 -107.0
159 314 -92.0
159 315 -102.0
159 316 -101.0
159 317 -94.0
159 318 -106.0
159 319 -96.0
159 320 -109.0
160 161 -106.0
160 162 -95.0
160 163 -98.0
160 164 -103.0
160 165 -103.0
160 166 -99.0
160 167 -97.0
160 168 -94.0
160 169 -106.0
160 170 -93.0
160 171 -102.0
160 172 -99.0
160 173 -96.0
160 174 -100.0
160 175 -103.0
160 176 -105.0
160 177 -97.0
160 178 -104.0
160 179 -96.0
160 180 -102.0
160 181 -102.0
160 182 -98.0
160 183 -98.0
160 184 -106.0
160 185 -100.0
160 186 -97.0
160 187 -100.0
160 188 -101.0
160 189 -98.0
160 190 -99.0
160 191 -97.0
160 192 -102.0
160 193 -104.0
160 194 -106.0
160 195 -101.0
160 196 -98.0
160 197 -109.0
160 198 -102.0
160 199 -97.0
160 200 -98.0
160 201 -106.0
160 202 -99.0
160 203 -100.0
160 204 -100.0
160 205 -97.0
160 206 -102.0
160 207 -101.0
160 208 -107.0
160 209 -103.0
160 210 -103.0
160 211 -96.0
160 212 -104.0
160 213 -103.0
160 214 -100.0
160 215 -106.0
160 216 -86.0
160 217 -98.0
160 218 -107.0
160 219 -101.0
160 220 -95.0
160 221 -101.0
160 222 -93.0
160 223 -94.0
160 224 -100.0
160 225 -103.0
160 226 -93.0
160 227 -97.0
160 228 -101.0
160 229 -102.0
160 230 -99.0
160 231 -100.0
160 232 -101.0
160 233 -93.0
160 234 -100.0
160 235 -98.0
160 236 -102.0
160 237 -100.0
160 238 -89.0
160 239 -107.0
160 240 -96.0
160 241 -98.0
160 242 -105.0
160 243 -97.0
160 244 -87.0
160 245 -98.0
160 246 -100.0
160 247 -96.0
160 248 -95.0
160 249 -102.0
160 250 -103.0
160 251 -103.0
160 252 -98.0
160 253 -100.0
160 254 -96.0
160 255 -95.0
160 256 -104.0
160 257 -97.0
160 258 -104.0
160 259 -99.0
160 260 -99.0
160 261 -109.0
160 262 -100.0
160 263 -109.0
160 264 -103.0
160 265 -96.0
160 266 -102.0
160 267 -97.0
160 268 -101.0
160 269 -106.0
160 270 -97.0
160 271 -99.0
160 272 -92.0
160 273 -100.0
160 274 -102.0
160 275 -95.0
160 276 -100.0
160 277 -100.0
160 278 -100.0
160 279 -107.0
160 280 -106.0
160 281 -102.0
160 282 -104.0
160 283 -99.0
160 284 -103.0
160 285 -102.0
160 286 -98.0
160 287 -97.0
160 288 -98.0
160 289 -107.0
160 290 -102.0
160 291 -105.0
160 292 -95.0
160 293 -106.0
160 294 -97.0
160 295 -96.0
160 296 -94.0
160 297 -99.0
160 298 -105.0
160 299 -97.0
160 300 -101.0
160 301 -98.0
160 302 -101.0
160 303 -103.0
160 304 -100.0
160 305 -97.0
160 306 -92.0
160 307 -108.0
160 308 -102.0
160 309 -99.0
160 310 -97.0
160 311 -94.0
160 312 -94.0
160 313 -102.0
160 314 -94.0
160 315 -95.0
160 316 -101.0
160 317 -99.0
160 318 -97.0
160 319 -103.0
160 320 -98.0
161 162 -99.0
161 163 -106.0
161 164 -97.0
161 165 -101.0
161 166 -102.0
161 167 -100.0
161 168 -98.0
161 169 -99.0
161 170 -102.0
161 171 -99.0
161 172 -101.0
161 173 -93.0
161 174 -97.0
161 175 -112.0
161 176 -100.0
161 177 -105.0
161 178 -101.0
161 179 -95.0
161 180 -103.0
161 181 -96.0
161 182 -97.0
161 183 -91.0
161 184 -101.0
161 185 -99.0
161 186 -102.0
161 187 -97.0
161 188 -101.0
161 189 -101.0
161 190 -97.0
161 191 -101.0
161 192 -97.0
161 193 -111.0
161 194 -89.0
161 195 -95.0
161 196 -100.0
161 197 -98.0
161 198 -106.0
161 199 -91.0
161 200 -95.0
161 201 -93.0
161 202 -86.0
161 203 -96.0
161 204 -98.0
161 205 -103.0
161 206 -93.0
161 207 -103.0
161 208 -99.0
161 209 -99.0
161 210 -99.0
161 211 -105.0
161 212 -95.0
161 213 -97.0
161 214 -105.0
161 215 -90.0
161 216 -104.0
161 217 -97.0
161 218 -91.0
161 219 -96.0
161 220 -97.0
161 221 -101.0
161 222 -85.0
161 223 -97.0
161 224 -100.0
161 225 -105.0
161 226 -94.0
161 227 -101.0
161 228 -94.0
161 229 -102.0
161 230 -102.0
161 231 -99.0
161 232 -97.0
161 233 -110.0
161 234 -105.0
161 235 -103.0
161 236 -100.0
161 237 -98.0
161 238 -103.0
161 239 -100.0
161 240 -96.0
161 241 -98.0
161 242 -100.0
161 243 -95.0
161 244 -105.0
161 245 -98.0
161 246 -107.0
161 247 -107.0
161 248 -101.0
161 249 -102.0
161 250 -105.0
161 251 -90.0
161 252 -107.0
161 253 -98.0
161 254 -99.0
161 255 -94.0
161 256 -98.0
161 257 -96.0
161 258 -98.0
161 259 -98.0
161 260 -98.0
161 261 -99.0
161 262 -100.0
161 263 -95.0
161 264 -103.0
161 265 -94.0
161 266 -104.0
161 267 -113.0
161 268 -99.0
161 269 -98.0
161 270 -92.0
161 271 -95.0
161 272 -106.0
161 273 -101.0
161 274 -102.0
161 275 -97.0
161 276 -99.0
161 277 -97.0
161 278 -94.0
161 279 -96.0
161 280 -108.0
161 281 -99.0
161 282 -104.0
161 283 -103.0
161 284 -95.0
161 285 -100.0
161 286 -95.0
161 287 -97.0
161 288 -96.0
161 289 -95.0
161 290 -93.0
161 291 -91.0
161 292 -96.0
161 293 -104.0
161 294 -95.0
161 295 -104.0
161 296 -102.0
161 297 -100.0
161 298 -100.0
161 299 -99.0
161 300 -96.0
161 301 -108.0
161 302 -99.0
161 303 -100.0
161 304 -103.0
161 305 -105.0
161 306 -107.0
161 307 -98.0
161 308 -98.0
161 309 -100.0
161 310 -98.0
161 311 -102.0
161 312 -100.0
161 313 -95.0
161 314 -88.0
161 315 -100.0
161 316 -101.0
161 317 -96.0
161 318 -95.0
161 319 -99.0
161 320 -103.0
162 163 -101.0
162 164 -90.0
162 165 -94.0
162 166 -90.0
162 167 -103.0
162 168 -98.0
162 169 -99.0
162 170 -98.0
162 171 -99.0
162 172 -104.0
162 173 -103.0
162 174 -103.0
162 175 -99.0
162 176 -107.0
162 177 -103.0
162 178 -110.0
162 179 -104.0
162 180 -98.0
162 181 -100.0
162 182 -100.0
162 183 -93.0
162 184 -97.0
162 185 -110.0
162 186 -97.0
162 187 -90.0
162 188 -105.0
162 189 -96.0
162 190 -90.0
162 191 -104.0
162 192 -102.0
162 193 -102.0
162 194 -94.0
162 195 -104.0
162 196 -105.0
162 197 -104.0
162 198 -94.0
162 199 -99.0
162 200 -106.0
162 201 -94.0
162 202 -113.0
162 203 -94.0
162 204 -98.0
162 205 -102.0
162 206 -93.0
162 207 -94.0
162 208 -93.0
162 209 -109.0
162 210 -110.0
162 211 -100.0
162 212 -103.0
162 213 -99.0
162 214 -106.0
162 215 -102.0
162 216 -99.0
162 217 -104.0
162 218 -104.0
162 219 -105.0
162 220 -95.0
162 221 -102.0
162 222 -102.0
162 223 -93.0
162 224 -104.0
162 225 -104.0
162 226 -112.0
162 227 -83.0
162 228 -101.0
162 229 -95.0
162 230 -97.0
162 231 -102.0
162 232 -94.0
162 233 -109.0
162 234 -98.0
162 235 -102.0
162 236 -102.0
162 237 -104.0
162 238 -98.0
162 239 -101.0
162 240 -94.0
162 241 -101.0
162 242 -102.0
162 243 -103.0
162 244 -106.0
162 245 -104.0
162 246 -101.0
162 247 -96.0
162 248 -103.0
162 249 -103.0
162 250 -98.0
162 251 -100.0
162 252 -91.0
162 253 -102.0
162 254 -106.0
162 255 -102.0
162 256 -101.0
162 257 -96.0
162 258 -95.0
162 259 -91.0
162 260 -99.0
162 261 -95.0
162 262 -87.0
162 263 -107.0
162 264 -96.0
162 265 -113.0
162 266 -97.0
162 267 -110.0
162 268 -100.0
162 269 -95.0
162 270 -96.0
162 271 -104.0
162 272 -92.0
162 273 -101.0
162 274 -97.0
162 275 -99.0
162 276 -100.0
162 277 -94.0
162 278 -96.0
162 279 -100.0
162 280 -94.0
162 281 -101.0
162 282 -97.0
162 283 -101.0
162 284 -96.0
162 285 -95.0
162 286 -98.0
162 287 -98.0
162 288 -107.0
162 289 -94.0
162 290 -98.0
162 291 -97.0
162 292 -98.0
162 293 -106.0
162 294 -106.0
162 295 -109.0
162 296 -92.0
162 297 -101.0
162 298 -98.0
162 299 -96.0
162 300 -96.0
162 301 -96.0
162 302 -106.0
162 303 -102.0
162 304 -105.0
162 305 -100.0
162 306 -95.0
162 307 -95.0
162 308 -93.0
162 309 -97.0
162 310 -100.0
162 311 -104.0
162 312 -97.0
162 313 -102.0
162 314 -95.0
162 315 -104.0
162 316 -97.0
162 317 -105.0
162 318 -94.0
162 319 -104.0
162 320 -96.0
163 164 -96.0
163 165 -110.0
163 166 -89.0
163 167 -99.0
163 168 -102.0
163 169 -99.0
163 170 -101.0
163 171 -95.0
163 172 -99.0
163 173 -101.0
163 174 -102.0
163 175 -104.0
163 176 -99.0
163 177 -103.0
163 178 -96.0
163 179 -107.0
163 180 -91.0
163 181 -94.0
163 182 -100.0
163 183 -99.0
163 184 -111.0
163 185 -104.0
163 186 -93.0
163 187 -99.0
163 188 -97.0
163 189 -102.0
163 190 -100.0
163 191 -101.0
163 192 -95.0
163 193 -109.0
163 194 -99.0
163 195 -96.0
163 196 -98.0
163 197 -92.0
163 198 -93.0
163 199 -94.0
163 200 -109.0
163 201 -102.0
163 202 -91.0
163 203 -98.0
163 204 -101.0
163 205 -88.0
163 206 -100.0
163 207 -89.0
163 208 -99.0
163 209 -98.0
163 210 -107.0
163 211 -103.0
163 212 -108.0
163 213 -104.0
163 214 -102.0
163 215 -107.0
163 216 -100.0
163 217 -93.0
163 218 -97.0
163 219 -107.0
163 220 -89.0
163 221 -100.0
163 222 -96.0
163 223 -102.0
163 224 -90.0
163 225 -96.0
163 226 -107.0
163 227 -103.0
163 228 -103.0
163 229 -95.0
163 230 -95.0
163 231 -96.0
163 232 -107.0
163 233 -98.0
163 234 -106.0
163 235 -91.0
163 236 -95.0
163 237 -101.0
163 238 -105.0
163 239 -108.0
163 240 -88.0
163 241 -90.0
163 242 -97.0
163 243 -101.0
163 244 -95.0
163 245 -100.0
163 246 -101.0
163 247 -97.0
163 248 -99.0
163 249 -101.0
163 250 -100.0
163 251 -99.0
163 252 -103.0
163 253 -97.0
163 254 -95.0
163 255 -97.0
163 256 -100.0
163 257 -97.0
163 258 -99.0
163 259 -97.0
163 260 -96.0
163 261 -92.0
163 262 -97.0
163 263 -105.0
163 264 -104.0
163 265 -97.0
163 266 -100.0
163 267 -97.0
163 268 -101.0
163 269 -104.0
163 270 -107.0
163 271 -103.0
163 272 -103.0
163 273 -105.0
163 274 -101.0
163 275 -91.0
163 276 -95.0
163 277 -96.0
163 278 -96.0
163 279 -100.0
163 280 -97.0
163 281 -98.0
163 282 -106.0
163 283 -96.0
163 284 -103.0
163 285 -104.0
163 286 -97.0
163 287 -98.0
163 288 -104.0
163 289 -98.0
163 290 -104.0
163 291 -89.0
163 292 -104.0
163 293 -99.0
163 294 -109.0
163 295 -92.0
163 296 -95.0
163 297 -104.0
163 298 -109.0
163 299 -105.0
163 300 -113.0
163 301 -98.0
163 302 -100.0
163 303 -101.0
163 304 -94.0
163 305 -95.0
163 306 -88.0
163 307 -100.0
163 308 -99.0
163 309 -92.0
163 310 -95.0
163 311 -88.0
163 312 -94.0
163 313 -95.0
163 314 -96.0
163 315 -104.0
163 316 -100.0
163 317 -100.0
163 318 -96.0
163 319 -95.0
163 320 -109.0
164 165 -97.0
164 166 -91.0
164 167 -99.0
164 168 -98.0
164 169 -96.0
164 170 -107.0
164 171 -101.0
164 172 -99.0
164 173 -92.0
164 174 -98.0
164 175 -96.0
164 176 -97.0
164 177 -96.0
164 178 -96.0
164 179 -100.0
164 180 -106.0
164 181 -97.0
164 182 -103.0
164 183 -90.0
164 184 -104.0
164 185 -96.0
164 186 -100.0
164 187 -94.0
164 188 -94.0
164 189 -98.0
164 190 -92.0
164 191 -101.0
164 192 -101.0
164 193 -101.0
164 194 -101.0
164 195 -90.0
164 196 -95.0
164 197 -99.0
164 198 -103.0
164 199 -102.0
164 200 -96.0
164 201 -104.0
164 202 -105.0
164 203 -101.0
164 204 -100.0
164 205 -107.0
164 206 -105.0
164 207 -99.0
164 208 -91.0
164 209 -101.0
164 210 -105.0
164 211 -104.0
164 212 -100.0
164 213 -102.0
164 214 -104.0
164 215 -97.0
164 216 -101.0
164 217 -104.0
164 218 -102.0
164 219 -95.0
164 220 -98.0
164 221 -99.0
164 222 -93.0
164 223 -99.0
164 224 -97.0
164 225 -106.0
164 226 -99.0
164 227 -103.0
164 228 -102.0
164 229 -98.0
164 230 -102.0
164 231 -95.0
164 232 -95.0
164 233 -98.0
164 234 -104.0
164 235 -104.0
164 236 -104.0
164 237 -102.0
164 238 -109.0
164 239 -95.0
164 240 -104.0
164 241 -107.0
164 242 -96.0
164 243 -102.0
164 244 -96.0
164 245 -102.0
164 246 -105.0
164 247 -105.0
164 248 -91.0
164 249 -102.0
164 250 -99.0
164 251 -98.0
164 252 -106.0
164 253 -98.0
164 254 -100.0
164 255 -102.0
164 256 -100.0
164 257 -93.0
164 258 -99.0
164 259 -98.0
164 260 -92.0
164 261 -94.0
164 262 -99.0
164 263 -104.0
164 264 -98.0
164 265 -108.0
164 266 -103.0
164 267 -105.0
164 268 -99.0
164 269 -108.0
164 270 -101.0
164 271 -103.0
164 272 -106.0
164 273 -105.0
164 274 -94.0
164 275 -101.0
164 276 -104.0
164 277 -99.0
164 278 -96.0
164 279 -92.0
164 280 -94.0
164 281 -103.0
164 282 -101.0
164 283 -96.0
164 284 -106.0
164 285 -92.0
164 286 -85.0
164 287 -100.0
164 288 -100.0
164 289 -105.0
164 290 -101.0
164 291 -104.0
164 292 -104.0
164 293 -101.0
164 294 -93.0
164 295 -83.0
164 296 -102.0
164 297 -95.0
164 298 -99.0
164 299 -98.0
164 300 -105.0
164 301 -106.0
164 302 -94.0
164 303 -94.0
164 304 -95.0
164 305 -96.0
164 306 -95.0
164 307 -107.0
164 308 -113.0
164 309 -102.0
164 310 -96.0
164 311 -100.0
164 312 -96.0
164 313 -92.0
164 314 -94.0
164 315 -107.0
164 316 -95.0
164 317 -106.0
164 318 -104.0
164 319 -111.0
164 320 -107.0
165 166 -101.0
165 167 -105.0
165 168 -103.0
165 169 -95.0
165 170 -91.0
165 171 -96.0
165 172 -97.0
165 173 -98.0
165 174 -100.0
165 175 -101.0
165 176 -95.0
165 177 -98.0
165 178 -113.0
165 179 -104.0
165 180 -97.0
165 181 -97.0
165 182 -97.0
165 183 -103.0
165 184 -99.0
165 185 -103.0
165 186 -99.0
165 187 -98.0
165 188 -94.0
165 189 -98.0
165 190 -108.0
165 191 -95.0
165 192 -105.0
165 193 -110.0
165 194 -106.0
165 195 -96.0
165 196 -97.0
165 197 -102.0
165 198 -101.0
165 199 -113.0
165 200 -104.0
165 201 -91.0
165 202 -99.0
165 203 -95.0
165 204 -89.0
165 205 -103.0
165 206 -96.0
165 207 -95.0
165 208 -106.0
165 209 -108.0
165 210 -92.0
165 211 -106.0
165 212 -100.0
165 213 -102.0
165 214 -103.0
165 215 -105.0
165 216 -100.0
165 217 -100.0
165 218 -107.0
165 219 -89.0
165 220 -95.0
165 221 -99.0
165 222 -96.0
165 223 -110.0
165 224 -96.0
165 225 -105.0
165 226 -102.0
165 227 -91.0
165 228 -105.0
165 229 -100.0
165 230 -102.0
165 231 -99.0
165 232 -104.0
165 233 -100.0
165 234 -108.0
165 235 -98.0
165 236 -103.0
165 237 -107.0
165 238 -101.0
165 239 -96.0
165 240 -97.0
165 241 -97.0
165 242 -101.0
165 243 -97.0
165 244 -100.0
165 245 -94.0
165 246 -96.0
165 247 -106.0
165 248 -97.0
165 249 -101.0
165 250 -103.0
165 251 -102.0
165 252 -96.0
165 253 -94.0
165 254 -97.0
165 255 -105.0
165 256 -109.0
165 257 -95.0
165 258 -89.0
165 259 -105.0
165 260 -100.0
165 261 -96.0
165 262 -101.0
165 263 -98.0
165 264 -101.0
165 265 -105.0
165 266 -100.0
165 267 -92.0
165 268 -103.0
165 269 -97.0
165 270 -101.0
165 271 -94.0
165 272 -106.0
165 273 -96.0
165 274 -102.0
165 275 -104.0
165 276 -97.0
165 277 -104.0
165 278 -97.0
165 279 -98.0
165 280 -99.0
165 281 -102.0
165 282 -100.0
165 283 -96.0
165 284 -93.0
165 285 -110.0
165 286 -94.0
165 287 -96.0
165 288 -100.0
165 289 -88.0
165 290 -96.0
165 291 -106.0
165 292 -91.0
165 293 -91.0
165 294 -103.0
165 295 -99.0
165 296 -108.0
165 297 -90.0
165 298 -110.0
165 299 -93.0
165 300 -103.0
165 301 -104.0
165 302 -99.0
165 303 -98.0
165 304 -99.0
165 305 -95.0
165 306 -101.0
165 307 -106.0
165 308 -104.0
165 309 -97.0
165 310 -97.0
165 311 -100.0
165 312 -88.0
165 313 -103.0
165 314 -103.0
165 315 -96.0
165 316 -96.0
165 317 -107.0
165 318 -99.0
165 319 -98.0
165 320 -93.0
166 167 -92.0
166 168 -103.0
166 169 -95.0
166 170 -94.0
166 171 -99.0
166 172 -99.0
166 173 -100.0
166 174 -102.0
166 175 -99.0
166 176 -96.0
166 177 -97.0
166 178 -92.0
166 179 -102.0
166 180 -103.0
166 181 -101.0
166 182 -107.0
166 183 -103.0
166 184 -103.0
166 185 -93.0
166 186 -104.0
166 187 -91.0
166 188 -104.0
166 189 -100.0
166 190 -97.0
166 191 -103.0
166 192 -104.0
166 193 -99.0
166 194 -99.0
166 195 -105.0
166 196 -99.0
166 197 -100.0
166 198 -89.0
166 199 -107.0
166 200 -91.0
166 201 -102.0
166 202 -95.0
166 203 -102.0
166 204 -98.0
166 205 -101.0
166 206 -99.0
166 207 -95.0
166 208 -91.0
166 209 -109.0
166 210 -95.0
166 211 -92.0
166 212 -98.0
166 213 -94.0
166 214 -108.0
166 215 -96.0
166 216 -98.0
166 217 -108.0
166 218 -101.0
166 219 -96.0
166 220 -100.0
166 221 -95.0
166 222 -98.0
166 223 -106.0
166 224 -96.0
166 225 -96.0
166 226 -101.0
166 227 -98.0
166 228 -94.0
166 229 -105.0
166 230 -96.0
166 231 -103.0
166 232 -94.0
166 233 -95.0
166 234 -90.0
166 235 -94.0
166 236 -95.0
166 237 -89.0
166 238 -105.0
166 239 -94.0
166 240 -100.0
166 241 -106.0
166 242 -100.0
166 243 -96.0
166 244 -101.0
166 245 -101.0
166 246 -105.0
166 247 -99.0
166 248 -99.0
166 249 -101.0
166 250 -97.0
166 251 -95.0
166 252 -104.0
166 253 -98.0
166 254 -103.0
166 255 -99.0
166 256 -102.0
166 257 -103.0
166 258 -88.0
166 259 -107.0
166 260 -89.0
166 261 -102.0
166 262 -105.0
166 263 -98.0
166 264 -105.0
166 265 -108.0
166 266 -97.0
166 267 -92.0
166 268 -99.0
166 269 -96.0
166 270 -84.0
166 271 -94.0
166 272 -111.0
166 273 -95.0
166 274 -104.0
166 275 -98.0
166 276 -96.0
166 277 -89.0
166 278 -92.0
166 279 -101.0
166 280 -88.0
166 281 -101.0
166 282 -95.0
166 283 -98.0
166 284 -112.0
166 285 -104.0
166 286 -97.0
166 287 -102.0
166 288 -103.0
166 289 -103.0
166 290 -95.0
166 291 -98.0
166 292 -96.0
166 293 -110.0
166 294 -108.0
166 295 -100.0
166 296 -97.0
166 297 -107.0
166 298 -102.0
166 299 -106.0
166 300 -105.0
166 301 -98.0
166 302 -101.0
166 303 -96.0
166 304 -93.0
166 305 -97.0
166 306 -102.0
166 307 -103.0
166 308 -97.0
166 309 -105.0
166 310 -91.0
166 311 -100.0
166 312 -100.0
166 313 -103.0
166 314 -98.0
166 315 -100.0
166 316 -92.0
166 317 -104.0
166 318 -112.0
166 319 -100.0
166 320 -102.0
167 168 -98.0
167 169 -103.0
167 170 -97.0
167 171 -89.0
167 172 -96.0
167 173 -102.0
167 174 -95.0
167 175 -97.0
167 176 -107.0
167 177 -105.0
167 178 -97.0
167 179 -98.0
167 180 -98.0
167 181 -99.0
167 182 -99.0
167 183 -93.0
167 184 -89.0
167 185 -96.0
167 186 -103.0
167 187 -98.0
167 188 -99.0
167 189 -103.0
167 190 -107.0
167 191 -93.0
167 192 -94.0
167 193 -107.0
167 194 -102.0
167 195 -96.0
167 196 -102.0
167 197 -99.0
167 198 -100.0
167 199 -99.0
167 200 -106.0
167 201 -94.0
167 202 -90.0
167 203 -98.0
167 204 -98.0
167 205 -102.0
167 206 -100.0
167 207 -88.0
167 208 -100.0
167 209 -97.0
167 210 -104.0
167 211 -97.0
167 212 -99.0
167 213 -95.0
167 214 -95.0
167 215 -103.0
167 216 -98.0
167 217 -98.0
167 218 -109.0
167 219 -97.0
167 220 -96.0
167 221 -92.0
167 222 -99.0
167 223 -99.0
167 224 -98.0
167 225 -102.0
167 226 -98.0
167 227 -106.0
167 228 -93.0
167 229 -105.0
167 230 -99.0
167 231 -107.0
167 232 -112.0
167 233 -89.0
167 234 -103.0
167 235 -111.0
167 236 -99.0
167 237 -104.0
167 238 -92.0
167 239 -102.0
167 240 -92.0
167 241 -104.0
167 242 -99.0
167 243 -94.0
167 244 -94.0
167 245 -109.0
167 246 -93.0
167 247 -109.0
167 248 -101.0
167 249 -97.0
167 250 -101.0
167 251 -101.0
167 252 -99.0
167 253 -102.0
167 254 -95.0
167 255 -103.0
167 256 -95.0
167 257 -113.0
167 258 -100.0
167 259 -103.0
167 260 -105.0
167 261 -95.0
167 262 -107.0
167 263 -96.0
167 264 -95.0
167 265 -97.0
167 266 -102.0
167 267 -104.0
167 268 -104.0
167 269 -95.0
167 270 -97.0
167 271 -93.0
167 272 -91.0
167 273 -103.0
167 274 -100.0
167 275 -96.0
167 276 -100.0
167 277 -94.0
167 278 -103.0
167 279 -98.0
167 280 -92.0
167 281 -102.0
167 282 -94.0
167 283 -95.0
167 284 -89.0
167 285 -93.0
167 286 -102.0
167 287 -98.0
167 288 -99.0
167 289 -96.0
167 290 -104.0
167 291 -91.0
167 292 -98.0
167 293 -103.0
167 294 -108.0
167 295 -100.0
167 296 -95.0
167 297 -95.0
167 298 -98.0
167 299 -105.0
167 300 -99.0
167 301 -115.0
167 302 -92.0
167 303 -98.0
167 304 -107.0
167 305 -106.0
167 306 -102.0
167 307 -97.0
167 308 -91.0
167 309 -97.0
167 310 -95.0
167 311 -100.0
167 312 -104.0
167 313 -102.0
167 314 -101.0
167 315 -89.0
167 316 -97.0
167 317 -95.0
167 318 -100.0
167 319 -95.0
167 320 -98.0
168 169 -97.0
168 170 -103.0
168 171 -91.0
168 172 -93.0
168 173 -107.0
168 174 -104.0
168 175 -92.0
168 176 -95.0
168 177 -97.0
168 178 -100.0
168 179 -94.0
168 180 -93.0
168 181 -100.0
168 182 -105.0
168 183 -108.0
168 184 -108.0
168 185 -105.0
168 186 -98.0
168 187 -95.0
168 188 -105.0
168 189 -103.0
168 190 -94.0
168 191 -99.0
168 192 -93.0
168 193 -103.0
168 194 -90.0
168 195 -104.0
168 196 -104.0
168 197 -92.0
168 198 -102.0
168 199 -99.0
168 200 -101.0
168 201 -97.0
168 202 -92.0
168 203 -104.0
168 204 -101.0
168 205 -95.0
168 206 -103.0
168 207 -107.0
168 208 -100.0
168 209 -102.0
168 210 -101.0
168 211 -106.0
168 212 -89.0
168 213 -107.0
168 214 -103.0
168 215 -97.0
168 216 -95.0
168 217 -93.0
168 218 -103.0
168 219 -100.0
168 220 -94.0
168 221 -96.0
168 222 -98.0
168 223 -107.0
168 224 -103.0
168 225 -108.0
168 226 -104.0
168 227 -94.0
168 228 -101.0
168 229 -99.0
168 230 -99.0
168 231 -105.0
168 232 -99.0
168 233 -102.0
168 234 -93.0
168 235 -90.0
168 236 -113.0
168 237 -87.0
168 238 -101.0
168 239 -97.0
168 240 -107.0
168 241 -96.0
168 242 -104.0
168 243 -104.0
168 244 -102.0
168 245 -112.0
168 246 -99.0
168 247 -109.0
168 248 -111.0
168 249 -109.0
168 250 -112.0
168 251 -101.0
168 252 -92.0
168 253 -107.0
168 254 -101.0
168 255 -100.0
168 256 -102.0
168 257 -98.0
168 258 -97.0
168 259 -95.0
168 260 -89.0
168 261 -106.0
168 262 -103.0
168 263 -104.0
168 264 -100.0
168 265 -117.0
168 266 -101.0
168 267 -102.0
168 268 -101.0
168 269 -93.0
168 270 -96.0
168 271 -104.0
168 272 -103.0
168 273 -108.0
168 274 -105.0
168 275 -96.0
168 276 -98.0
168 277 -95.0
168 278 -109.0
168 279 -101.0
168 280 -104.0
168 281 -91.0
168 282 -102.0
168 283 -101.0
168 284 -113.0
168 285 -104.0
168 286 -100.0
168 287 -98.0
168 288 -105.0
168 289 -92.0
168 290 -100.0
168 291 -103.0
168 292 -103.0
168 293 -97.0
168 294 -94.0
168 295 -94.0
168 296 -102.0
168 297 -107.0
168 298 -102.0
168 299 -93.0
168 300 -89.0
168 301 -90.0
168 302 -94.0
168 303 -101.0
168 304 -111.0
168 305 -94.0
168 306 -102.0
168 307 -91.0
168 308 -99.0
168 309 -94.0
168 310 -111.0
168 311 -100.0
168 312 -98.0
168 313 -101.0
168 314 -104.0
168 315 -101.0
168 316 -98.0
168 317 -107.0
168 318 -107.0
168 319 -96.0
168 320 -96.0
169 170 -99.0
169 171 -94.0
169 172 -98.0
169 173 -107.0
169 174 -100.0
169 175 -96.0
169 176 -100.0
169 177 -100.0
169 178 -102.0
169 179 -103.0
169 180 -104.0
169 181 -102.0
169 182 -106.0
169 183 -98.0
169 184 -98.0
169 185 -99.0
169 186 -103.0
169 187 -97.0
169 188 -98.0
169 189 -110.0
169 190 -105.0
169 191 -96.0
169 192 -102.0
169 193 -100.0
169 194 -103.0
169 195 -99.0
169 196 -94.0
169 197 -106.0
169 198 -98.0
169 199 -98.0
169 200 -98.0
169 201 -99.0
169 202 -100.0
169 203 -105.0
169 204 -90.0
169 205 -110.0
169 206 -95.0
169 207 -99.0
169 208 -102.0
169 209 -89.0
169 210 -99.0
169 211 -107.0
169 212 -98.0
169 213 -99.0
169 214 -91.0
169 215 -106.0
169 216 -100.0
169 217 -105.0
169 218 -101.0
169 219 -104.0
169 220 -98.0
169 221 -95.0
169 222 -99.0
169 223 -103.0
169 224 -104.0
169 225 -92.0
169 226 -97.0
169 227 -111.0
169 228 -101.0
169 229 -98.0
169 230 -92.0
169 231 -106.0
169 232 -103.0
169 233 -99.0
169 234 -107.0
169 235 -106.0
169 236 -99.0
169 237 -98.0
169 238 -106.0
169 239 -92.0
169 240 -100.0
169 241 -100.0
169 242 -96.0
169 243 -93.0
169 244 -101.0
169 245 -106.0
169 246 -101.0
169 247 -89.0
169 248 -94.0
169 249 -101.0
169 250 -101.0
169 251 -91.0
169 252 -101.0
169 253 -102.0
169 254 -107.0
169 255 -101.0
169 256 -109.0
169 257 -103.0
169 258 -109.0
169 259 -101.0
169 260 -99.0
169 261 -96.0
169 262 -106.0
169 263 -101.0
169 264 -102.0
169 265 -101.0
169 266 -98.0
169 267 -98.0
169 268 -98.0
169 269 -95.0
169 270 -101.0
169 271 -94.0
169 272 -99.0
169 273 -100.0
169 274 -99.0
169 275 -102.0
169 276 -97.0
169 277 -115.0
169 278 -101.0
169 279 -90.0
169 280 -95.0
169 281 -106.0
169 282 -95.0
169 283 -102.0
169 284 -97.0
169 285 -102.0
169 286 -99.0
169 287 -97.0
169 288 -98.0
169 289 -106.0
169 290 -101.0
169 291 -113.0
169 292 -99.0
169 293 -106.0
169 294 -100.0
169 295 -100.0
169 296 -103.0
169 297 -96.0
169 298 -100.0
169 299 -99.0
169 300 -96.0
169 301 -93.0
169 302 -91.0
169 303 -93.0
169 304 -101.0
169 305 -98.0
169 306 -107.0
169 307 -98.0
169 308 -99.0
169 309 -100.0
169 310 -93.0
169 311 -101.0
169 312 -102.0
169 313 -107.0
169 314 -103.0
169 315 -98.0
169 316 -100.0
169 317 -97.0
169 318 -95.0
169 319 -107.0
169 320 -93.0
170 171 -98.0
170 172 -99.0
170 173 -90.0
170 174 -105.0
170 175 -103.0
170 176 -109.0
170 177 -99.0
170 178 -101.0
170 179 -106.0
170 180 -100.0
170 181 -106.0
170 182 -97.0
170 183 -103.0
170 184 -108.0
170 185 -99.0
170 186 -108.0
170 187 -97.0
170 188 -95.0
170 189 -115.0
170 190 -99.0
170 191 -97.0
170 192 -98.0
170 193 -91.0
170 194 -104.0
170 195 -105.0
170 196 -92.0
170 197 -99.0
170 198 -104.0
170 199 -95.0
170 200 -103.0
170 201 -96.0
170 202 -103.0
170 203 -92.0
170 204 -103.0
170 205 -95.0
170 206 -95.0
170 207 -106.0
170 208 -102.0
170 209 -103.0
170 210 -94.0
170 211 -93.0
170 212 -93.0
170 213 -97.0
170 214 -105.0
170 215 -97.0
170 216 -107.0
170 217 -99.0
170 218 -101.0
170 219 -102.0
170 220 -97.0
170 221 -101.0
170 222 -102.0
170 223 -97.0
170 224 -93.0
170 225 -97.0
170 226 -110.0
170 227 -100.0
170 228 -99.0
170 229 -93.0
170 230 -99.0
170 231 -96.0
170 232 -98.0
170 233 -98.0
170 234 -93.0
170 235 -101.0
170 236 -99.0
170 237 -104.0
170 238 -97.0
170 239 -97.0
170 240 -96.0
170 241 -97.0
170 242 -95.0
170 243 -91.0
170 244 -109.0
170 245 -103.0
170 246 -99.0
170 247 -108.0
170 248 -92.0
170 249 -82.0
170 250 -96.0
170 251 -92.0
170 252 -99.0
170 253 -104.0
170 254 -97.0
170 255 -101.0
170 256 -102.0
170 257 -95.0
170 258 -93.0
170 259 -101.0
170 260 -104.0
170 261 -98.0
170 262 -92.0
170 263 -106.0
170 264 -111.0
170 265 -108.0
170 266 -104.0
170 267 -90.0
170 268 -100.0
170 269 -100.0
170 270 -108.0
170 271 -97.0
170 272 -98.0
170 273 -101.0
170 274 -91.0
170 275 -103.0
170 276 -96.0
170 277 -110.0
170 278 -98.0
170 279 -103.0
170 280 -102.0
170 281 -105.0
170 282 -98.0
170 283 -90.0
170 284 -102.0
170 285 -103.0
170 286 -108.0
170 287 -104.0
170 288 -105.0
170 289 -100.0
170 290 -110.0
170 291 -103.0
170 292 -94.0
170 293 -93.0
170 294 -102.0
170 295 -93.0
170 296 -103.0
170 297 -98.0
170 298 -103.0
170 299 -100.0
170 300 -100.0
170 301 -104.0
170 302 -105.0
170 303 -99.0
170 304 -100.0
170 305 -96.0
170 306 -96.0
170 307 -97.0
170 308 -101.0
170 309 -102.0
170 310 -103.0
170 311 -93.0
170 312 -97.0
170 313 -93.0
170 314 -96.0
170 315 -100.0
170 316 -105.0
170 317 -94.0
170 318 -86.0
170 319 -95.0
170 320 -94.0
171 172 -94.0
171 173 -92.0
171 174 -94.0
171 175 -94.0
171 176 -94.0
171 177 -99.0
171 178 -98.0
171 179 -93.0
171 180 -100.0
171 181 -100.0
171 182 -102.0
171 183 -106.0
171 184 -107.0
171 185 -94.0
171 186 -95.0
171 187 -99.0
171 188 -100.0
171 189 -93.0
171 190 -97.0
171 191 -92.0
171 192 -91.0
171 193 -98.0
171 194 -104.0
171 195 -96.0
171 196 -110.0
171 197 -103.0
171 198 -91.0
171 199 -99.0
171 200 -99.0
171 201 -99.0
171 202 -94.0
171 203 -99.0
171 204 -87.0
171 205 -91.0
171 206 -109.0
171 207 -103.0
171 208 -98.0
171 209 -102.0
171 210 -95.0
171 211 -96.0
171 212 -101.0
171 213 -108.0
171 214 -104.0
171 215 -98.0
171 216 -102.0
171 217 -104.0
171 218 -109.0
171 219 -95.0
171 220 -102.0
171 221 -103.0
171 222 -111.0
171 223 -97.0
171 224 -100.0
171 225 -101.0
171 226 -99.0
171 227 -97.0
171 228 -107.0
171 229 -106.0
171 230 -92.0
171 231 -109.0
171 232 -108.0
171 233 -99.0
171 234 -104.0
171 235 -101.0
171 236 -103.0
171 237 -99.0
171 238 -109.0
171 239 -101.0
171 240 -105.0
171 241 -100.0
171 242 -90.0
171 243 -98.0
171 244 -98.0
171 245 -105.0
171 246 -94.0
171 247 -98.0
171 248 -101.0
171 249 -99.0
171 250 -100.0
171 251 -98.0
171 252 -102.0
171 253 -105.0
171 254 -102.0
171 255 -94.0
171 256 -101.0
171 257 -104.0
171 258 -99.0
171 259 -101.0
171 260 -101.0
171 261 -100.0
171 262 -103.0
171 263 -101.0
171 264 -99.0
171 265 -101.0
171 266 -100.0
171 267 -102.0
171 268 -101.0
171 269 -107.0
171 270 -94.0
171 271 -104.0
171 272 -100.0
171 273 -95.0
171 274 -103.0
171 275 -102.0
171 276 -108.0
171 277 -102.0
171 278 -95.0
171 279 -102.0
171 280 -96.0
171 281 -93.0
171 282 -107.0
171 283 -94.0
171 284 -96.0
171 285 -98.0
171 286 -100.0
171 287 -100.0
171 288 -91.0
171 289 -99.0
171 290 -95.0
171 291 -101.0
171 292 -105.0
171 293 -104.0
171 294 -104.0
171 295 -102.0
171 296 -105.0
171 297 -98.0
171 298 -100.0
171 299 -103.0
171 300 -95.0
171 301 -100.0
171 302 -103.0
171 303 -99.0
171 304 -107.0
171 305 -107.0
171 306 -102.0
171 307 -94.0
171 308 -103.0
171 309 -107.0
171 310 -100.0
171 311 -101.0
171 312 -102.0
171 313 -101.0
171 314 -101.0
171 315 -100.0
171 316 -100.0
171 317 -103.0
171 318 -106.0
171 319 -103.0
171 320 -109.0
172 173 -101.0
172 174 -101.0
172 175 -99.0
172 176 -103.0
172 177 -105.0
172 178 -94.0
172 179 -111.0
172 180 -103.0
172 181 -101.0
172 182 -98.0
172 183 -97.0
172 184 -94.0
172 185 -105.0
172 186 -102.0
172 187 -100.0
172 188 -98.0
172 189 -107.0
172 190 -104.0
172 191 -88.0
172 192 -102.0
172 193 -94.0
172 194 -95.0
172 195 -98.0
172 196 -100.0
172 197 -105.0
172 198 -105.0
172 199 -98.0
172 200 -99.0
172 201 -97.0
172 202 -97.0
172 203 -95.0
172 204 -104.0
172 205 -95.0
172 206 -103.0
172 207 -95.0
172 208 -99.0
172 209 -100.0
172 210 -102.0
172 211 -104.0
172 212 -98.0
172 213 -97.0
172 214 -101.0
172 215 -102.0
172 216 -101.0
172 217 -95.0
172 218 -97.0
172 219 -99.0
172 220 -97.0
172 221 -110.0
172 222 -110.0
172 223 -102.0
172 224 -94.0
172 225 -106.0
172 226 -99.0
172 227 -104.0
172 228 -103.0
172 229 -97.0
172 230 -96.0
172 231 -102.0
172 232 -101.0
172 233 -102.0
172 234 -104.0
172 235 -97.0
172 236 -94.0
172 237 -97.0
172 238 -105.0
172 239 -102.0
172 240 -104.0
172 241 -101.0
172 242 -98.0
172 243 -102.0
172 244 -98.0
172 245 -107.0
172 246 -101.0
172 247 -102.0
172 248 -100.0
172 249 -104.0
172 250 -103.0
172 251 -107.0
172 252 -99.0
172 253 -94.0
172 254 -98.0
172 255 -97.0
172 256 -97.0
172 257 -100.0
172 258 -106.0
172 259 -105.0
172 260 -97.0
172 261 -106.0
172 262 -96.0
172 263 -94.0
172 264 -106.0
172 265 -89.0
172 266 -100.0
172 267 -97.0
172 268 -102.0
172 269 -96.0
172 270 -106.0
172 271 -102.0
172 272 -85.0
172 273 -108.0
172 274 -104.0
172 275 -103.0
172 276 -109.0
172 277 -95.0
172 278 -97.0
172 279 -95.0
172 280 -102.0
172 281 -93.0
172 282 -98.0
172 283 -92.0
172 284 -102.0
172 285 -101.0
172 286 -92.0
172 287 -113.0
172 288 -106.0
172 289 -97.0
172 290 -93.0
172 291 -104.0
172 292 -104.0
172 293 -103.0
172 294 -94.0
172 295 -104.0
172 296 -103.0
172 297 -106.0
172 298 -95.0
172 299 -99.0
172 300 -105.0
172 301 -91.0
172 302 -104.0
172 303 -93.0
172 304 -106.0
172 305 -104.0
172 306 -107.0
172 307 -110.0
172 308 -93.0
172 309 -89.0
172 310 -101.0
172 311 -95.0
172 312 -100.0
172 313 -91.0
172 314 -103.0
172 315 -88.0
172 316 -98.0
172 317 -98.0
172 318 -101.0
172 319 -101.0
172 320 -106.0
173 174 -109.0
173 175 -86.0
173 176 -96.0
173 177 -106.0
173 178 -99.0
173 179 -99.0
173 180 -98.0
173 181 -100.0
173 182 -97.0
173 183 -96.0
173 184 -102.0
173 185 -95.0
173 186 -94.0
173 187 -95.0
173 188 -104.0
173 189 -107.0
173 190 -101.0
173 191 -94.0
173 192 -106.0
173 193 -99.0
173 194 -92.0
173 195 -89.0
173 196 -106.0
173 197 -94.0
173 198 -101.0
173 199 -95.0
173 200 -107.0
173 201 -95.0
173 202 -96.0
173 203 -97.0
173 204 -100.0
173 205 -103.0
173 206 -103.0
173 207 -105.0
173 208 -101.0
173 209 -98.0
173 210 -99.0
173 211 -103.0
173 212 -103.0
173 213 -100.0
173 214 -108.0
173 215 -110.0
173 216 -99.0
173 217 -104.0
173 218 -103.0
173 219 -106.0
173 220 -102.0
173 221 -101.0
173 222 -108.0
173 223 -99.0
173 224 -94.0
173 225 -106.0
173 226 -99.0
173 227 -102.0
173 228 -99.0
173 229 -102.0
173 230 -98.0
173 231 -97.0
173 232 -106.0
173 233 -109.0
173 234 -102.0
173 235 -99.0
173 236 -99.0
173 237 -103.0
173 238 -109.0
173 239 -101.0
173 240 -101.0
173 241 -99.0
173 242 -104.0
173 243 -99.0
173 244 -101.0
173 245 -107.0
173 246 -97.0
173 247 -102.0
173 248 -110.0
173 249 -106.0
173 250 -95.0
173 251 -104.0
173 252 -95.0
173 253 -98.0
173 254 -91.0
173 255 -95.0
173 256 -100.0
173 257 -99.0
173 258 -102.0
173 259 -108.0
173 260 -99.0
173 261 -97.0
173 262 -106.0
173 263 -108.0
173 264 -97.0
173 265 -102.0
173 266 -96.0
173 267 -96.0
173 268 -105.0
173 269 -103.0
173 270 -96.0
173 271 -102.0
173 272 -94.0
173 273 -102.0
173 274 -106.0
173 275 -101.0
173 276 -101.0
173 277 -108.0
173 278 -95.0
173 279 -96.0
173 280 -97.0
173 281 -106.0
173 282 -97.0
173 283 -103.0
173 284 -98.0
173 285 -103.0
173 286 -98.0
173 287 -98.0
173 288 -105.0
173 289 -101.0
173 290 -95.0
173 291 -101.0
173 292 -105.0
173 293 -100.0
173 294 -102.0
173 295 -101.0
173 296 -101.0
173 297 -104.0
173 298 -98.0
173 299 -101.0
173 300 -113.0
173 301 -106.0
173 302 -113.0
173 303 -96.0
173 304 -99.0
173 305 -91.0
173 306 -99.0
173 307 -103.0
173 308 -98.0
173 309 -107.0
173 310 -97.0
173 311 -96.0
173 312 -95.0
173 313 -97.0
173 314 -90.0
173 315 -99.0
173 316 -95.0
173 317 -96.0
173 318 -105.0
173 319 -101.0
173 320 -102.0
174 175 -95.0
174 176 -100.0
174 177 -100.0
174 178 -97.0
174 179 -95.0
174 180 -103.0
174 181 -95.0
174 182 -100.0
174 183 -101.0
174 184 -99.0
174 185 -108.0
174 186 -101.0
174 187 -104.0
174 188 -98.0
174 189 -101.0
174 190 -95.0
174 191 -99.0
174 192 -90.0
174 193 -102.0
174 194 -91.0
174 195 -101.0
174 196 -104.0
174 197 -99.0
174 198 -91.0
174 199 -103.0
174 200 -98.0
174 201 -106.0
174 202 -92.0
174 203 -95.0
174 204 -104.0
174 205 -97.0
174 206 -104.0
174 207 -100.0
174 208 -105.0
174 209 -105.0
174 210 -103.0
174 211 -91.0
174 212 -102.0
174 213 -101.0
174 214 -107.0
174 215 -106.0
174 216 -96.0
174 217 -99.0
174 218 -101.0
174 219 -114.0
174 220 -97.0
174 221 -99.0
174 222 -102.0
174 223 -105.0
174 224 -93.0
174 225 -96.0
174 226 -99.0
174 227 -102.0
174 228 -105.0
174 229 -92.0
174 230 -98.0
174 231 -99.0
174 232 -100.0
174 233 -100.0
174 234 -106.0
174 235 -96.0
174 236 -105.0
174 237 -98.0
174 238 -98.0
174 239 -101.0
174 240 -101.0
174 241 -101.0
174 242 -112.0
174 243 -98.0
174 244 -100.0
174 245 -95.0
174 246 -99.0
174 247 -101.0
174 248 -98.0
174 249 -111.0
174 250 -100.0
174 251 -106.0
174 252 -102.0
174 253 -99.0
174 254 -108.0
174 255 -107.0
174 256 -101.0
174 257 -100.0
174 258 -101.0
174 259 -106.0
174 260 -89.0
174 261 -100.0
174 262 -96.0
174 263 -92.0
174 264 -114.0
174 265 -106.0
174 266 -102.0
174 267 -104.0
174 268 -97.0
174 269 -91.0
174 270 -108.0
174 271 -97.0
174 272 -98.0
174 273 -90.0
174 274 -100.0
174 275 -105.0
174 276 -99.0
174 277 -97.0
174 278 -99.0
174 279 -101.0
174 280 -98.0
174 281 -98.0
174 282 -105.0
174 283 -97.0
174 284 -95.0
174 285 -92.0
174 286 -94.0
174 287 -96.0
174 288 -91.0
174 289 -94.0
174 290 -107.0
174 291 -97.0
174 292 -97.0
174 293 -101.0
174 294 -96.0
174 295 -98.0
174 296 -90.0
174 297 -109.0
174 298 -100.0
174 299 -95.0
174 300 -91.0
174 301 -97.0
174 302 -99.0
174 303 -102.0
174 304 -103.0
174 305 -107.0
174 306 -97.0
174 307 -86.0
174 308 -104.0
174 309 -103.0
174 310 -105.0
174 311 -94.0
174 312 -95.0
174 313 -106.0
174 314 -93.0
174 315 -106.0
174 316 -97.0
174 317 -110.0
174 318 -93.0
174 319 -103.0
174 320 -97.0
175 176 -98.0
175 177 -95.0
175 178 -99.0
175 179 -95.0
175 180 -98.0
175 181 -106.0
175 182 -101.0
175 183 -100.0
175 184 -97.0
175 185 -108.0
175 186 -98.0
175 187 -97.0
175 188 -111.0
175 189 -102.0
175 190 -108.0
175 191 -107.0
175 192 -100.0
175 193 -105.0
175 194 -91.0
175 195 -98.0
175 196 -99.0
175 197 -95.0
175 198 -92.0
175 199 -98.0
175 200 -96.0
175 201 -96.0
175 202 -96.0
175 203 -106.0
175 204 -108.0
175 205 -97.0
175 206 -97.0
175 207 -103.0
175 208 -100.0
175 209 -102.0
175 210 -101.0
175 211 -97.0
175 212 -100.0
175 213 -108.0
175 214 -100.0
175 215 -107.0
175 216 -105.0
175 217 -103.0
175 218 -97.0
175 219 -88.0
175 220 -99.0
175 221 -98.0
175 222 -96.0
175 223 -102.0
175 224 -94.0
175 225 -100.0
175 226 -91.0
175 227 -102.0
175 228 -105.0
175 229 -100.0
175 230 -91.0
175 231 -110.0
175 232 -103.0
175 233 -101.0
175 234 -108.0
175 235 -103.0
175 236 -91.0
175 237 -96.0
175 238 -97.0
175 239 -91.0
175 240 -101.0
175 241 -99.0
175 242 -100.0
175 243 -100.0
175 244 -97.0
175 245 -90.0
175 246 -104.0
175 247 -99.0
175 248 -104.0
175 249 -99.0
175 250 -93.0
175 251 -96.0
175 252 -93.0
175 253 -90.0
175 254 -114.0
175 255 -89.0
175 256 -108.0
175 257 -98.0
175 258 -98.0
175 259 -92.0
175 260 -92.0
175 261 -102.0
175 262 -106.0
175 263 -98.0
175 264 -104.0
175 265 -97.0
175 266 -105.0
175 267 -98.0
175 268 -95.0
175 269 -99.0
175 270 -98.0
175 271 -101.0
175 272 -91.0
175 273 -89.0
175 274 -103.0
175 275 -87.0
175 276 -99.0
175 277 -101.0
175 278 -100.0
175 279 -97.0
175 280 -97.0
175 281 -96.0
175 282 -94.0
175 283 -98.0
175 284 -106.0
175 285 -97.0
175 286 -101.0
175 287 -103.0
175 288 -106.0
175 289 -102.0
175 290 -104.0
175 291 -102.0
175 292 -92.0
175 293 -94.0
175 294 -101.0
175 295 -97.0
175 296 -95.0
175 297 -99.0
175 298 -99.0
175 299 -109.0
175 300 -93.0
175 301 -92.0
175 302 -103.0
175 303 -104.0
175 304 -87.0
175 305 -105.0
175 306 -102.0
175 307 -98.0
175 308 -105.0
175 309 -106.0
175 310 -98.0
175 311 -97.0
175 312 -105.0
175 313 -96.0
175 314 -93.0
175 315 -93.0
175 316 -106.0
175 317 -103.0
175 318 -108.0
175 319 -94.0
175 320 -97.0
176 177 -109.0
176 178 -100.0
176 179 -100.0
176 180 -95.0
176 181 -95.0
176 182 -98.0
176 183 -100.0
176 184 -100.0
176 185 -103.0
176 186 -103.0
176 187 -98.0
176 188 -95.0
176 189 -97.0
176 190 -96.0
176 191 -99.0
176 192 -99.0
176 193 -99.0
176 194 -89.0
176 195 -99.0
176 196 -96.0
176 197 -104.0
176 198 -92.0
176 199 -97.0
176 200 -100.0
176 201 -93.0
176 202 -107.0
176 203 -101.0
176 204 -103.0
176 205 -99.0
176 206 -100.0
176 207 -99.0
176 208 -95.0
176 209 -93.0
176 210 -97.0
176 211 -103.0
176 212 -98.0
176 213 -107.0
176 214 -94.0
176 215 -99.0
176 216 -98.0
176 217 -105.0
176 218 -101.0
176 219 -94.0
176 220 -103.0
176 221 -100.0
176 222 -98.0
176 223 -98.0
176 224 -98.0
176 225 -99.0
176 226 -101.0
176 227 -93.0
176 228 -97.0
176 229 -106.0
176 230 -95.0
176 231 -108.0
176 232 -97.0
176 233 -109.0
176 234 -95.0
176 235 -101.0
176 236 -106.0
176 237 -99.0
176 238 -93.0
176 239 -101.0
176 240 -92.0
176 241 -99.0
176 242 -101.0
176 243 -108.0
176 244 -95.0
176 245 -107.0
176 246 -100.0
176 247 -112.0
176 248 -108.0
176 249 -101.0
176 250 -99.0
176 251 -108.0
176 252 -101.0
176 253 -95.0
176 254 -97.0
176 255 -113.0
176 256 -105.0
176 257 -95.0
176 258 -94.0
176 259 -102.0
176 260 -94.0
176 261 -100.0
176 262 -93.0
176 263 -109.0
176 264 -110.0
176 265 -101.0
176 266 -100.0
176 267 -91.0
176 268 -102.0
176 269 -101.0
176 270 -98.0
176 271 -98.0
176 272 -95.0
176 273 -105.0
176 274 -99.0
176 275 -98.0
176 276 -106.0
176 277 -96.0
176 278 -101.0
176 279 -101.0
176 280 -105.0
176 281 -97.0
176 282 -98.0
176 283 -96.0
176 284 -93.0
176 285 -97.0
176 286 -93.0
176 287 -97.0
176 288 -105.0
176 289 -94.0
176 290 -95.0
176 291 -96.0
176 292 -103.0
176 293 -104.0
176 294 -100.0
176 295 -96.0
176 296 -99.0
176 297 -100.0
176 298 -92.0
176 299 -102.0
176 300 -94.0
176 301 -111.0
176 302 -104.0
176 303 -108.0
176 304 -113.0
176 305 -99.0
176 306 -97.0
176 307 -105.0
176 308 -99.0
176 309 -96.0
176 310 -108.0
176 311 -100.0
176 312 -96.0
176 313 -102.0
176 314 -99.0
176 315 -98.0
176 316 -92.0
176 317 -105.0
176 318 -99.0
176 319 -103.0
176 320 -97.0
177 178 -93.0
177 179 -107.0
177 180 -101.0
177 181 -105.0
177 182 -101.0
177 183 -108.0
177 184 -101.0
177 185 -99.0
177 186 -97.0
177 187 -104.0
177 188 -97.0
177 189 -97.0
177 190 -106.0
177 191 -99.0
177 192 -93.0
177 193 -97.0
177 194 -94.0
177 195 -99.0
177 196 -97.0
177 197 -98.0
177 198 -111.0
177 199 -94.0
177 200 -100.0
177 201 -99.0
177 202 -103.0
177 203 -107.0
177 204 -96.0
177 205 -93.0
177 206 -106.0
177 207 -96.0
177 208 -100.0
177 209 -99.0
177 210 -113.0
177 211 -105.0
177 212 -98.0
177 213 -99.0
177 214 -98.0
177 215 -99.0
177 216 -85.0
177 217 -101.0
177 218 -96.0
177 219 -96.0
177 220 -93.0
177 221 -96.0
177 222 -95.0
177 223 -101.0
177 224 -98.0
177 225 -99.0
177 226 -101.0
177 227 -102.0
177 228 -105.0
177 229 -100.0
177 230 -101.0
177 231 -102.0
177 232 -100.0
177 233 -106.0
177 234 -99.0
177 235 -102.0
177 236 -105.0
177 237 -98.0
177 238 -101.0
177 239 -105.0
177 240 -99.0
177 241 -99.0
177 242 -105.0
177 243 -103.0
177 244 -97.0
177 245 -103.0
177 246 -95.0
177 247 -103.0
177 248 -111.0
177 249 -91.0
177 250 -106.0
177 251 -100.0
177 252 -99.0
177 253 -108.0
177 254 -111.0
177 255 -107.0
177 256 -93.0
177 257 -95.0
177 258 -96.0
177 259 -98.0
177 260 -102.0
177 261 -92.0
177 262 -104.0
177 263 -97.0
177 264 -100.0
177 265 -112.0
177 266 -94.0
177 267 -101.0
177 268 -96.0
177 269 -110.0
177 270 -105.0
177 271 -99.0
177 272 -91.0
177 273 -96.0
177 274 -105.0
177 275 -97.0
177 276 -95.0
177 277 -92.0
177 278 -95.0
177 279 -103.0
177 280 -105.0
177 281 -99.0
177 282 -104.0
177 283 -108.0
177 284 -107.0
177 285 -88.0
177 286 -98.0
177 287 -101.0
177 288 -96.0
177 289 -101.0
177 290 -109.0
177 291 -91.0
177 292 -99.0
177 293 -105.0
177 294 -92.0
177 295 -104.0
177 296 -111.0
177 297 -92.0
177 298 -102.0
177 299 -99.0
177 300 -101.0
177 301 -95.0
177 302 -97.0
177 303 -100.0
177 304 -96.0
177 305 -94.0
177 306 -88.0
177 307 -101.0
177 308 -103.0
177 309 -104.0
177 310 -102.0
177 311 -105.0
177 312 -89.0
177 313 -99.0
177 314 -99.0
177 315 -88.0
177 316 -103.0
177 317 -104.0
177 318 -91.0
177 319 -101.0
177 320 -96.0
178 179 -98.0
178 180 -93.0
178 181 -95.0
178 182 -104.0
178 183 -99.0
178 184 -99.0
178 185 -88.0
178 186 -100.0
178 187 -95.0
178 188 -103.0
178 189 -99.0
178 190 -103.0
178 191 -104.0
178 192 -100.0
178 193 -104.0
178 194 -90.0
178 195 -97.0
178 196 -105.0
178 197 -109.0
178 198 -95.0
178 199 -103.0
178 200 -112.0
178 201 -94.0
178 202 -101.0
178 203 -99.0
178 204 -86.0
178 205 -95.0
178 206 -107.0
178 207 -96.0
178 208 -92.0
178 209 -101.0
178 210 -102.0
178 211 -102.0
178 212 -96.0
178 213 -99.0
178 214 -89.0
178 215 -110.0
178 216 -103.0
178 217 -98.0
178 218 -94.0
178 219 -98.0
178 220 -91.0
178 221 -93.0
178 222 -93.0
178 223 -104.0
178 224 -98.0
178 225 -111.0
178 226 -94.0
178 227 -97.0
178 228 -88.0
178 229 -99.0
178 230 -100.0
178 231 -102.0
178 232 -93.0
178 233 -97.0
178 234 -110.0
178 235 -99.0
178 236 -103.0
178 237 -103.0
178 238 -102.0
178 239 -98.0
178 240 -99.0
178 241 -97.0
178 242 -92.0
178 243 -92.0
178 244 -90.0
178 245 -94.0
178 246 -100.0
178 247 -92.0
178 248 -88.0
178 249 -100.0
178 250 -104.0
178 251 -102.0
178 252 -104.0
178 253 -99.0
178 254 -109.0
178 255 -98.0
178 256 -102.0
178 257 -94.0
178 258 -108.0
178 259 -98.0
178 260 -100.0
178 261 -99.0
178 262 -98.0
178 263 -102.0
178 264 -88.0
178 265 -107.0
178 266 -95.0
178 267 -98.0
178 268 -104.0
178 269 -97.0
178 270 -89.0
178 271 -98.0
178 272 -95.0
178 273 -100.0
178 274 -100.0
178 275 -102.0
178 276 -98.0
178 277 -98.0
178 278 -98.0
178 279 -101.0
178 280 -95.0
178 281 -101.0
178 282 -109.0
178 283 -108.0
178 284 -98.0
178 285 -103.0
178 286 -107.0
178 287 -95.0
178 288 -97.0
178 289 -100.0
178 290 -94.0
178 291 -103.0
178 292 -103.0
178 293 -86.0
178 294 -99.0
178 295 -102.0
178 296 -94.0
178 297 -94.0
178 298 -87.0
178 299 -108.0
178 300 -95.0
178 301 -97.0
178 302 -108.0
178 303 -98.0
178 304 -99.0
178 305 -99.0
178 306 -106.0
178 307 -95.0
178 308 -102.0
178 309 -96.0
178 310 -93.0
178 311 -98.0
178 312 -105.0
178 313 -103.0
178 314 -100.0
178 315 -106.0
178 316 -94.0
178 317 -102.0
178 318 -90.0
178 319 -100.0
178 320 -102.0
179 180 -105.0
179 181 -99.0
179 182 -100.0
179 183 -96.0
179 184 -93.0
179 185 -105.0
179 186 -93.0
179 187 -89.0
179 188 -100.0
179 189 -106.0
179 190 -100.0
179 191 -98.0
179 192 -106.0
179 193 -101.0
179 194 -97.0
179 195 -93.0
179 196 -90.0
179 197 -104.0
179 198 -96.0
179 199 -94.0
179 200 -96.0
179 201 -94.0
179 202 -95.0
179 203 -97.0
179 204 -90.0
179 205 -92.0
179 206 -99.0
179 207 -96.0
179 208 -99.0
179 209 -106.0
179 210 -103.0
179 211 -102.0
179 212 -94.0
179 213 -104.0
179 214 -98.0
179 215 -91.0
179 216 -101.0
179 217 -108.0
179 218 -104.0
179 219 -98.0
179 220 -103.0
179 221 -102.0
179 222 -96.0
179 223 -94.0
179 224 -100.0
179 225 -96.0
179 226 -96.0
179 227 -99.0
179 228 -96.0
179 229 -98.0
179 230 -99.0
179 231 -101.0
179 232 -99.0
179 233 -98.0
179 234 -95.0
179 235 -102.0
179 236 -108.0
179 237 -102.0
179 238 -105.0
179 239 -106.0
179 240 -114.0
179 241 -113.0
179 242 -99.0
179 243 -99.0
179 244 -106.0
179 245 -101.0
179 246 -104.0
179 247 -102.0
179 248 -89.0
179 249 -111.0
179 250 -97.0
179 251 -98.0
179 252 -97.0
179 253 -97.0
179 254 -96.0
179 255 -95.0
179 256 -103.0
179 257 -98.0
179 258 -94.0
179 259 -101.0
179 260 -102.0
179 261 -96.0
179 262 -100.0
179 263 -100.0
179 264 -96.0
179 265 -105.0
179 266 -114.0
179 267 -92.0
179 268 -95.0
179 269 -110.0
179 270 -95.0
179 271 -101.0
179 272 -98.0
179 273 -94.0
179 274 -101.0
179 275 -99.0
179 276 -106.0
179 277 -104.0
179 278 -92.0
179 279 -102.0
179 280 -112.0
179 281 -99.0
179 282 -102.0
179 283 -89.0
179 284 -104.0
179 285 -94.0
179 286 -109.0
179 287 -107.0
179 288 -99.0
179 289 -95.0
179 290 -101.0
179 291 -88.0
179 292 -94.0
179 293 -102.0
179 294 -99.0
179 295 -91.0
179 296 -100.0
179 297 -96.0
179 298 -97.0
179 299 -99.0
179 300 -102.0
179 301 -94.0
179 302 -101.0
179 303 -107.0
179 304 -106.0
179 305 -102.0
179 306 -107.0
179 307 -106.0
179 308 -98.0
179 309 -88.0
179 310 -100.0
179 311 -105.0
179 312 -100.0
179 313 -105.0
179 314 -104.0
179 315 -103.0
179 316 -99.0
179 317 -93.0
179 318 -97.0
179 319 -105.0
179 320 -101.0
180 181 -101.0
180 182 -97.0
180 183 -99.0
180 184 -107.0
180 185 -90.0
180 186 -108.0
180 187 -105.0
180 188 -94.0
180 189 -97.0
180 190 -104.0
180 191 -106.0
180 192 -105.0
180 193 -113.0
180 194 -107.0
180 195 -112.0
180 196 -98.0
180 197 -101.0
180 198 -102.0
180 199 -99.0
180 200 -99.0
180 201 -105.0
180 202 -93.0
180 203 -100.0
180 204 -95.0
180 205 -94.0
180 206 -95.0
180 207 -103.0
180 208 -101.0
180 209 -96.0
180 210 -98.0
180 211 -102.0
180 212 -101.0
180 213 -108.0
180 214 -99.0
180 215 -91.0
180 216 -91.0
180 217 -99.0
180 218 -95.0
180 219 -99.0
180 220 -90.0
180 221 -93.0
180 222 -97.0
180 223 -102.0
180 224 -99.0
180 225 -93.0
180 226 -98.0
180 227 -105.0
180 228 -97.0
180 229 -104.0
180 230 -93.0
180 231 -89.0
180 232 -91.0
180 233 -96.0
180 234 -98.0
180 235 -106.0
180 236 -109.0
180 237 -104.0
180 238 -101.0
180 239 -96.0
180 240 -96.0
180 241 -97.0
180 242 -94.0
180 243 -98.0
180 244 -102.0
180 245 -108.0
180 246 -102.0
180 247 -97.0
180 248 -100.0
180 249 -104.0
180 250 -95.0
180 251 -108.0
180 252 -99.0
180 253 -87.0
180 254 -98.0
180 255 -96.0
180 256 -94.0
180 257 -103.0
180 258 -103.0
180 259 -94.0
180 260 -107.0
180 261 -100.0
180 262 -100.0
180 263 -92.0
180 264 -94.0
180 265 -102.0
180 266 -101.0
180 267 -102.0
180 268 -94.0
180 269 -100.0
180 270 -103.0
180 271 -96.0
180 272 -106.0
180 273 -98.0
180 274 -106.0
180 275 -99.0
180 276 -95.0
180 277 -105.0
180 278 -98.0
180 279 -93.0
180 280 -97.0
180 281 -91.0
180 282 -97.0
180 283 -98.0
180 284 -95.0
180 285 -96.0
180 286 -97.0
180 287 -104.0
180 288 -107.0
180 289 -102.0
180 290 -97.0
180 291 -95.0
180 292 -95.0
180 293 -99.0
180 294 -102.0
180 295 -90.0
180 296 -100.0
180 297 -100.0
180 298 -104.0
180 299 -104.0
180 300 -96.0
180 301 -96.0
180 302 -97.0
180 303 -103.0
180 304 -95.0
180 305 -102.0
180 306 -97.0
180 307 -102.0
180 308 -109.0
180 309 -102.0
180 310 -94.0
180 311 -105.0
180 312 -101.0
180 313 -98.0
180 314 -101.0
180 315 -106.0
180 316 -91.0
180 317 -106.0
180 318 -100.0
180 319 -88.0
180 320 -99.0
181 182 -103.0
181 183 -97.0
181 184 -94.0
181 185 -93.0
181 186 -102.0
181 187 -100.0
181 188 -104.0
181 189 -108.0
181 190 -87.0
181 191 -99.0
181 192 -99.0
181 193 -103.0
181 194 -101.0
181 195 -96.0
181 196 -94.0
181 197 -106.0
181 198 -103.0
181 199 -105.0
181 200 -99.0
181 201 -109.0
181 202 -111.0
181 203 -93.0
181 204 -98.0
181 205 -104.0
181 206 -93.0
181 207 -98.0
181 208 -97.0
181 209 -102.0
181 210 -101.0
181 211 -104.0
181 212 -89.0
181 213 -97.0
181 214 -108.0
181 215 -105.0
181 216 -100.0
181 217 -102.0
181 218 -94.0
181 219 -105.0
181 220 -99.0
181 221 -102.0
181 222 -98.0
181 223 -105.0
181 224 -107.0
181 225 -93.0
181 226 -89.0
181 227 -96.0
181 228 -94.0
181 229 -93.0
181 230 -107.0
181 231 -97.0
181 232 -96.0
181 233 -103.0
181 234 -113.0
181 235 -101.0
181 236 -102.0
181 237 -112.0
181 238 -97.0
181 239 -97.0
181 240 -89.0
181 241 -99.0
181 242 -103.0
181 243 -104.0
181 244 -106.0
181 245 -90.0
181 246 -100.0
181 247 -97.0
181 248 -104.0
181 249 -98.0
181 250 -100.0
181 251 -102.0
181 252 -99.0
181 253 -102.0
181 254 -98.0
181 255 -99.0
181 256 -99.0
181 257 -102.0
181 258 -101.0
181 259 -104.0
181 260 -102.0
181 261 -102.0
181 262 -96.0
181 263 -97.0
181 264 -109.0
181 265 -97.0
181 266 -107.0
181 267 -90.0
181 268 -96.0
181 269 -104.0
181 270 -99.0
181 271 -105.0
181 272 -99.0
181 273 -91.0
181 274 -108.0
181 275 -103.0
181 276 -101.0
181 277 -94.0
181 278 -104.0
181 279 -102.0
181 280 -101.0
181 281 -104.0
181 282 -103.0
181 283 -103.0
181 284 -99.0
181 285 -96.0
181 286 -98.0
181 287 -95.0
181 288 -101.0
181 289 -91.0
181 290 -100.0
181 291 -102.0
181 292 -101.0
181 293 -101.0
181 294 -99.0
181 295 -101.0
181 296 -112.0
181 297 -103.0
181 298 -96.0
181 299 -99.0
181 300 -99.0
181 301 -94.0
181 302 -95.0
181 303 -96.0
181 304 -102.0
181 305 -100.0
181 306 -101.0
181 307 -101.0
181 308 -103.0
181 309 -105.0
181 310 -96.0
181 311 -97.0
181 312 -99.0
181 313 -92.0
181 314 -103.0
181 315 -95.0
181 316 -98.0
181 317 -100.0
181 318 -96.0
181 319 -103.0
181 320 -99.0
182 183 -101.0
182 184 -103.0
182 185 -93.0
182 186 -90.0
182 187 -101.0
182 188 -98.0
182 189 -103.0
182 190 -93.0
182 191 -100.0
182 192 -95.0
182 193 -99.0
182 194 -104.0
182 195 -105.0
182 196 -93.0
182 197 -106.0
182 198 -103.0
182 199 -93.0
182 200 -97.0
182 201 -98.0
182 202 -102.0
182 203 -94.0
182 204 -99.0
182 205 -102.0
182 206 -96.0
182 207 -100.0
182 208 -104.0
182 209 -104.0
182 210 -92.0
182 211 -102.0
182 212 -96.0
182 213 -104.0
182 214 -92.0
182 215 -95.0
182 216 -105.0
182 217 -104.0
182 218 -90.0
182 219 -100.0
182 220 -91.0
182 221 -93.0
182 222 -101.0
182 223 -93.0
182 224 -101.0
182 225 -93.0
182 226 -88.0
182 227 -95.0
182 228 -100.0
182 229 -107.0
182 230 -97.0
182 231 -111.0
182 232 -100.0
182 233 -97.0
182 234 -107.0
182 235 -102.0
182 236 -101.0
182 237 -103.0
182 238 -107.0
182 239 -95.0
182 240 -101.0
182 241 -97.0
182 242 -101.0
182 243 -93.0
182 244 -101.0
182 245 -98.0
182 246 -98.0
182 247 -103.0
182 248 -91.0
182 249 -100.0
182 250 -101.0
182 251 -92.0
182 252 -107.0
182 253 -95.0
182 254 -97.0
182 255 -100.0
182 256 -95.0
182 257 -101.0
182 258 -106.0
182 259 -106.0
182 260 -94.0
182 261 -99.0
182 262 -94.0
182 263 -96.0
182 264 -88.0
182 265 -104.0
182 266 -103.0
182 267 -102.0
182 268 -99.0
182 269 -101.0
182 270 -97.0
182 271 -101.0
182 272 -97.0
182 273 -99.0
182 274 -99.0
182 275 -95.0
182 276 -107.0
182 277 -101.0
182 278 -100.0
182 279 -98.0
182 280 -99.0
182 281 -97.0
182 282 -103.0
182 283 -93.0
182 284 -93.0
182 285 -104.0
182 286 -101.0
182 287 -95.0
182 288 -109.0
182 289 -107.0
182 290 -99.0
182 291 -98.0
182 292 -87.0
182 293 -100.0
182 294 -96.0
182 295 -93.0
182 296 -106.0
182 297 -98.0
182 298 -93.0
182 299 -101.0
182 300 -106.0
182 301 -99.0
182 302 -100.0
182 303 -103.0
182 304 -102.0
182 305 -98.0
182 306 -98.0
182 307 -95.0
182 308 -101.0
182 309 -98.0
182 310 -104.0
182 311 -105.0
182 312 -103.0
182 313 -102.0
182 314 -96.0
182 315 -100.0
182 316 -102.0
182 317 -99.0
182 318 -105.0
182 319 -106.0
182 320 -102.0
183 184 -99.0
183 185 -98.0
183 186 -105.0
183 187 -103.0
183 188 -98.0
183 189 -105.0
183 190 -97.0
183 191 -94.0
183 192 -105.0
183 193 -99.0
183 194 -99.0
183 195 -98.0
183 196 -99.0
183 197 -98.0
183 198 -96.0
183 199 -95.0
183 200 -97.0
183 201 -101.0
183 202 -100.0
183 203 -96.0
183 204 -98.0
183 205 -90.0
183 206 -96.0
183 207 -97.0
183 208 -104.0
183 209 -91.0
183 210 -102.0
183 211 -92.0
183 212 -100.0
183 213 -95.0
183 214 -94.0
183 215 -90.0
183 216 -95.0
183 217 -98.0
183 218 -95.0
183 219 -105.0
183 220 -98.0
183 221 -101.0
183 222 -108.0
183 223 -103.0
183 224 -97.0
183 225 -98.0
183 226 -102.0
183 227 -95.0
183 228 -105.0
183 229 -93.0
183 230 -99.0
183 231 -106.0
183 232 -107.0
183 233 -101.0
183 234 -94.0
183 235 -99.0
183 236 -97.0
183 237 -104.0
183 238 -94.0
183 239 -104.0
183 240 -104.0
183 241 -100.0
183 242 -97.0
183 243 -101.0
183 244 -98.0
183 245 -102.0
183 246 -100.0
183 247 -101.0
183 248 -101.0
183 249 -93.0
183 250 -102.0
183 251 -103.0
183 252 -94.0
183 253 -103.0
183 254 -98.0
183 255 -100.0
183 256 -103.0
183 257 -106.0
183 258 -108.0
183 259 -104.0
183 260 -97.0
183 261 -92.0
183 262 -106.0
183 263 -109.0
183 264 -105.0
183 265 -93.0
183 266 -97.0
183 267 -95.0
183 268 -102.0
183 269 -97.0
183 270 -94.0
183 271 -101.0
183 272 -94.0
183 273 -108.0
183 274 -95.0
183 275 -95.0
183 276 -109.0
183 277 -100.0
183 278 -97.0
183 279 -95.0
183 280 -96.0
183 281 -105.0
183 282 -100.0
183 283 -103.0
183 284 -97.0
183 285 -96.0
183 286 -98.0
183 287 -107.0
183 288 -100.0
183 289 -94.0
183 290 -100.0
183 291 -100.0
183 292 -96.0
183 293 -94.0
183 294 -99.0
183 295 -99.0
183 296 -110.0
183 297 -111.0
183 298 -87.0
183 299 -102.0
183 300 -92.0
183 301 -97.0
183 302 -98.0
183 303 -96.0
183 304 -99.0
183 305 -99.0
183 306 -105.0
183 307 -98.0
183 308 -105.0
183 309 -101.0
183 310 -90.0
183 311 -99.0
183 312 -103.0
183 313 -100.0
183 314 -102.0
183 315 -97.0
183 316 -102.0
183 317 -105.0
183 318 -96.0
183 319 -110.0
183 320 -104.0
184 185 -93.0
184 186 -86.0
184 187 -106.0
184 188 -100.0
184 189 -102.0
184 190 -98.0
184 191 -99.0
184 192 -100.0
184 193 -104.0
184 194 -104.0
184 195 -97.0
184 196 -109.0
184 197 -96.0
184 198 -95.0
184 199 -88.0
184 200 -91.0
184 201 -103.0
184 202 -103.0
184 203 -102.0
184 204 -99.0
184 205 -99.0
184 206 -100.0
184 207 -97.0
184 208 -92.0
184 209 -95.0
184 210 -103.0
184 211 -99.0
184 212 -97.0
184 213 -95.0
184 214 -93.0
184 215 -90.0
184 216 -95.0
184 217 -101.0
184 218 -97.0
184 219 -102.0
184 220 -101.0
184 221 -91.0
184 222 -97.0
184 223 -97.0
184 224 -100.0
184 225 -97.0
184 226 -98.0
184 227 -110.0
184 228 -100.0
184 229 -111.0
184 230 -93.0
184 231 -89.0
184 232 -93.0
184 233 -94.0
184 234 -93.0
184 235 -100.0
184 236 -94.0
184 237 -102.0
184 238 -98.0
184 239 -104.0
184 240 -99.0
184 241 -100.0
184 242 -96.0
184 243 -98.0
184 244 -92.0
184 245 -100.0
184 246 -105.0
184 247 -109.0
184 248 -101.0
184 249 -92.0
184 250 -92.0
184 251 -103.0
184 252 -101.0
184 253 -96.0
184 254 -98.0
184 255 -96.0
184 256 -103.0
184 257 -97.0
184 258 -98.0
184 259 -95.0
184 260 -100.0
184 261 -101.0
184 262 -99.0
184 263 -99.0
184 264 -100.0
184 265 -96.0
184 266 -97.0
184 267 -98.0
184 268 -102.0
184 269 -93.0
184 270 -93.0
184 271 -101.0
184 272 -91.0
184 273 -103.0
184 274 -104.0
184 275 -94.0
184 276 -105.0
184 277 -103.0
184 278 -91.0
184 279 -94.0
184 280 -94.0
184 281 -97.0
184 282 -95.0
184 283 -98.0
184 284 -103.0
184 285 -97.0
184 286 -102.0
184 287 -100.0
184 288 -106.0
184 289 -98.0
184 290 -102.0
184 291 -106.0
184 292 -100.0
184 293 -107.0
184 294 -95.0
184 295 -98.0
184 296 -102.0
184 297 -106.0
184 298 -95.0
184 299 -102.0
184 300 -102.0
184 301 -103.0
184 302 -98.0
184 303 -103.0
184 304 -102.0
184 305 -96.0
184 306 -96.0
184 307 -101.0
184 308 -100.0
184 309 -104.0
184 310 -98.0
184 311 -108.0
184 312 -107.0
184 313 -104.0
184 314 -92.0
184 315 -102.0
184 316 -98.0
184 317 -109.0
184 318 -92.0
184 319 -101.0
184 320 -103.0
185 186 -94.0
185 187 -105.0
185 188 -100.0
185 189 -97.0
185 190 -97.0
185 191 -94.0
185 192 -99.0
185 193 -105.0
185 194 -115.0
185 195 -98.0
185 196 -103.0
185 197 -100.0
185 198 -102.0
185 199 -103.0
185 200 -106.0
185 201 -106.0
185 202 -93.0
185 203 -95.0
185 204 -94.0
185 205 -95.0
185 206 -100.0
185 207 -92.0
185 208 -98.0
185 209 -101.0
185 210 -110.0
185 211 -96.0
185 212 -100.0
185 213 -93.0
185 214 -99.0
185 215 -102.0
185 216 -98.0
185 217 -98.0
185 218 -101.0
185 219 -108.0
185 220 -95.0
185 221 -97.0
185 222 -100.0
185 223 -91.0
185 224 -96.0
185 225 -94.0
185 226 -97.0
185 227 -104.0
185 228 -104.0
185 229 -95.0
185 230 -102.0
185 231 -103.0
185 232 -97.0
185 233 -112.0
185 234 -113.0
185 235 -98.0
185 236 -98.0
185 237 -96.0
185 238 -94.0
185 239 -96.0
185 240 -94.0
185 241 -104.0
185 242 -102.0
185 243 -105.0
185 244 -103.0
185 245 -106.0
185 246 -100.0
185 247 -98.0
185 248 -104.0
185 249 -100.0
185 250 -101.0
185 251 -93.0
185 252 -94.0
185 253 -93.0
185 254 -97.0
185 255 -92.0
185 256 -98.0
185 257 -92.0
185 258 -108.0
185 259 -94.0
185 260 -100.0
185 261 -93.0
185 262 -93.0
185 263 -105.0
185 264 -101.0
185 265 -107.0
185 266 -105.0
185 267 -95.0
185 268 -101.0
185 269 -96.0
185 270 -109.0
185 271 -103.0
185 272 -93.0
185 273 -92.0
185 274 -105.0
185 275 -101.0
185 276 -97.0
185 277 -104.0
185 278 -110.0
185 279 -98.0
185 280 -107.0
185 281 -106.0
185 282 -95.0
185 283 -104.0
185 284 -89.0
185 285 -103.0
185 286 -104.0
185 287 -97.0
185 288 -103.0
185 289 -98.0
185 290 -96.0
185 291 -101.0
185 292 -101.0
185 293 -94.0
185 294 -97.0
185 295 -101.0
185 296 -96.0
185 297 -101.0
185 298 -98.0
185 299 -96.0
185 300 -94.0
185 301 -104.0
185 302 -103.0
185 303 -103.0
185 304 -94.0
185 305 -107.0
185 306 -102.0
185 307 -91.0
185 308 -100.0
185 309 -99.0
185 310 -107.0
185 311 -104.0
185 312 -90.0
185 313 -95.0
185 314 -97.0
185 315 -99.0
185 316 -95.0
185 317 -100.0
185 318 -100.0
185 319 -100.0
185 320 -100.0
186 187 -90.0
186 188 -96.0
186 189 -93.0
186 190 -92.0
186 191 -96.0
186 192 -99.0
186 193 -103.0
186 194 -101.0
186 195 -95.0
186 196 -100.0
186 197 -101.0
186 198 -105.0
186 199 -99.0
186 200 -104.0
186 201 -103.0
186 202 -104.0
186 203 -89.0
186 204 -102.0
186 205 -106.0
186 206 -99.0
186 207 -101.0
186 208 -94.0
186 209 -107.0
186 210 -100.0
186 211 -106.0
186 212 -107.0
186 213 -98.0
186 214 -98.0
186 215 -97.0
186 216 -98.0
186 217 -96.0
186 218 -93.0
186 219 -100.0
186 220 -94.0
186 221 -108.0
186 222 -96.0
186 223 -98.0
186 224 -103.0
186 225 -89.0
186 226 -99.0
186 227 -100.0
186 228 -100.0
186 229 -97.0
186 230 -98.0
186 231 -113.0
186 232 -100.0
186 233 -106.0
186 234 -106.0
186 235 -96.0
186 236 -105.0
186 237 -105.0
186 238 -89.0
186 239 -96.0
186 240 -94.0
186 241 -97.0
186 242 -89.0
186 243 -93.0
186 244 -106.0
186 245 -107.0
186 246 -101.0
186 247 -92.0
186 248 -93.0
186 249 -97.0
186 250 -105.0
186 251 -98.0
186 252 -101.0
186 253 -89.0
186 254 -87.0
186 255 -88.0
186 256 -103.0
186 257 -100.0
186 258 -102.0
186 259 -101.0
186 260 -95.0
186 261 -103.0
186 262 -91.0
186 263 -104.0
186 264 -97.0
186 265 -102.0
186 266 -101.0
186 267 -88.0
186 268 -97.0
186 269 -104.0
186 270 -84.0
186 271 -95.0
186 272 -96.0
186 273 -100.0
186 274 -100.0
186 275 -95.0
186 276 -103.0
186 277 -102.0
186 278 -103.0
186 279 -95.0
186 280 -92.0
186 281 -96.0
186 282 -100.0
186 283 -107.0
186 284 -94.0
186 285 -91.0
186 286 -103.0
186 287 -93.0
186 288 -99.0
186 289 -99.0
186 290 -104.0
186 291 -99.0
186 292 -108.0
186 293 -105.0
186 294 -97.0
186 295 -93.0
186 296 -102.0
186 297 -97.0
186 298 -93.0
186 299 -97.0
186 300 -93.0
186 301 -97.0
186 302 -92.0
186 303 -108.0
186 304 -91.0
186 305 -104.0
186 306 -102.0
186 307 -102.0
186 308 -96.0
186 309 -102.0
186 310 -100.0
186 311 -99.0
186 312 -101.0
186 313 -99.0
186 314 -99.0
186 315 -100.0
186 316 -94.0
186 317 -103.0
186 318 -104.0
186 319 -96.0
186 320 -95.0
187 188 -111.0
187 189 -99.0
187 190 -95.0
187 191 -97.0
187 192 -107.0
187 193 -104.0
187 194 -91.0
187 195 -103.0
187 196 -99.0
187 197 -92.0
187 198 -89.0
187 199 -91.0
187 200 -105.0
187 201 -92.0
187 202 -102.0
187 203 -93.0
187 204 -101.0
187 205 -99.0
187 206 -108.0
187 207 -107.0
187 208 -98.0
187 209 -96.0
187 210 -103.0
187 211 -96.0
187 212 -95.0
187 213 -97.0
187 214 -100.0
187 215 -108.0
187 216 -104.0
187 217 -106.0
187 218 -101.0
187 219 -101.0
187 220 -108.0
187 221 -93.0
187 222 -96.0
187 223 -98.0
187 224 -97.0
187 225 -106.0
187 226 -93.0
187 227 -100.0
187 228 -106.0
187 229 -102.0
187 230 -101.0
187 231 -106.0
187 232 -104.0
187 233 -102.0
187 234 -100.0
187 235 -104.0
187 236 -102.0
187 237 -87.0
187 238 -109.0
187 239 -103.0
187 240 -99.0
187 241 -99.0
187 242 -96.0
187 243 -103.0
187 244 -103.0
187 245 -94.0
187 246 -98.0
187 247 -99.0
187 248 -100.0
187 249 -87.0
187 250 -98.0
187 251 -98.0
187 252 -99.0
187 253 -99.0
187 254 -97.0
187 255 -95.0
187 256 -108.0
187 257 -104.0
187 258 -105.0
187 259 -104.0
187 260 -108.0
187 261 -92.0
187 262 -98.0
187 263 -102.0
187 264 -100.0
187 265 -101.0
187 266 -97.0
187 267 -99.0
187 268 -96.0
187 269 -96.0
187 270 -100.0
187 271 -93.0
187 272 -98.0
187 273 -97.0
187 274 -91.0
187 275 -97.0
187 276 -103.0
187 277 -97.0
187 278 -99.0
187 279 -97.0
187 280 -101.0
187 281 -106.0
187 282 -102.0
187 283 -98.0
187 284 -110.0
187 285 -103.0
187 286 -97.0
187 287 -101.0
187 288 -89.0
187 289 -102.0
187 290 -96.0
187 291 -101.0
187 292 -93.0
187 293 -102.0
187 294 -99.0
187 295 -104.0
187 296 -100.0
187 297 -99.0
187 298 -97.0
187 299 -97.0
187 300 -97.0
187 301 -100.0
187 302 -105.0
187 303 -99.0
187 304 -104.0
187 305 -106.0
187 306 -93.0
187 307 -105.0
187 308 -100.0
187 309 -97.0
187 310 -97.0
187 311 -103.0
187 312 -105.0
187 313 -103.0
187 314 -99.0
187 315 -97.0
187 316 -108.0
187 317 -96.0
187 318 -93.0
187 319 -89.0
187 320 -103.0
188 189 -104.0
188 190 -97.0
188 191 -99.0
188 192 -109.0
188 193 -93.0
188 194 -100.0
188 195 -100.0
188 196 -96.0
188 197 -99.0
188 198 -98.0
188 199 -96.0
188 200 -104.0
188 201 -104.0
188 202 -102.0
188 203 -104.0
188 204 -106.0
188 205 -91.0
188 206 -85.0
188 207 -94.0
188 208 -105.0
188 209 -105.0
188 210 -99.0
188 211 -100.0
188 212 -101.0
188 213 -95.0
188 214 -106.0
188 215 -100.0
188 216 -93.0
188 217 -94.0
188 218 -103.0
188 219 -96.0
188 220 -96.0
188 221 -98.0
188 222 -97.0
188 223 -101.0
188 224 -93.0
188 225 -104.0
188 226 -99.0
188 227 -110.0
188 228 -104.0
188 229 -103.0
188 230 -100.0
188 231 -93.0
188 232 -97.0
188 233 -105.0
188 234 -106.0
188 235 -90.0
188 236 -105.0
188 237 -102.0
188 238 -102.0
188 239 -95.0
188 240 -98.0
188 241 -98.0
188 242 -102.0
188 243 -101.0
188 244 -102.0
188 245 -102.0
188 246 -89.0
188 247 -97.0
188 248 -106.0
188 249 -99.0
188 250 -87.0
188 251 -107.0
188 252 -101.0
188 253 -95.0
188 254 -106.0
188 255 -97.0
188 256 -100.0
188 257 -96.0
188 258 -108.0
188 259 -92.0
188 260 -93.0
188 261 -98.0
188 262 -108.0
188 263 -99.0
188 264 -97.0
188 265 -98.0
188 266 -103.0
188 267 -100.0
188 268 -101.0
188 269 -94.0
188 270 -109.0
188 271 -109.0
188 272 -103.0
188 273 -99.0
188 274 -98.0
188 275 -96.0
188 276 -106.0
188 277 -99.0
188 278 -98.0
188 279 -114.0
188 280 -97.0
188 281 -93.0
188 282 -101.0
188 283 -98.0
188 284 -108.0
188 285 -101.0
188 286 -101.0
188 287 -100.0
188 288 -104.0
188 289 -112.0
188 290 -102.0
188 291 -97.0
188 292 -96.0
188 293 -96.0
188 294 -101.0
188 295 -106.0
188 296 -113.0
188 297 -95.0
188 298 -102.0
188 299 -91.0
188 300 -100.0
188 301 -91.0
188 302 -102.0
188 303 -102.0
188 304 -99.0
188 305 -99.0
188 306 -98.0
188 307 -99.0
188 308 -100.0
188 309 -97.0
188 310 -103.0
188 311 -106.0
188 312 -99.0
188 313 -100.0
188 314 -98.0
188 315 -101.0
188 316 -97.0
188 317 -91.0
188 318 -100.0
188 319 -96.0
188 320 -99.0
189 190 -104.0
189 191 -92.0
189 192 -90.0
189 193 -100.0
189 194 -102.0
189 195 -102.0
189 196 -105.0
189 197 -103.0
189 198 -95.0
189 199 -93.0
189 200 -101.0
189 201 -92.0
189 202 -103.0
189 203 -94.0
189 204 -104.0
189 205 -98.0
189 206 -106.0
189 207 -103.0
189 208 -85.0
189 209 -105.0
189 210 -101.0
189 211 -102.0
189 212 -98.0
189 213 -94.0
189 214 -98.0
189 215 -99.0
189 216 -85.0
189 217 -107.0
189 218 -109.0
189 219 -102.0
189 220 -100.0
189 221 -104.0
189 222 -100.0
189 223 -97.0
189 224 -97.0
189 225 -102.0
189 226 -94.0
189 227 -101.0
189 228 -101.0
189 229 -106.0
189 230 -99.0
189 231 -90.0
189 232 -106.0
189 233 -99.0
189 234 -96.0
189 235 -97.0
189 236 -103.0
189 237 -111.0
189 238 -107.0
189 239 -95.0
189 240 -100.0
189 241 -97.0
189 242 -98.0
189 243 -97.0
189 244 -96.0
189 245 -99.0
189 246 -100.0
189 247 -102.0
189 248 -96.0
189 249 -105.0
189 250 -106.0
189 251 -99.0
189 252 -98.0
189 253 -91.0
189 254 -111.0
189 255 -102.0
189 256 -102.0
189 257 -105.0
189 258 -103.0
189 259 -103.0
189 260 -101.0
189 261 -100.0
189 262 -97.0
189 263 -99.0
189 264 -95.0
189 265 -93.0
189 266 -96.0
189 267 -98.0
189 268 -87.0
189 269 -91.0
189 270 -104.0
189 271 -102.0
189 272 -108.0
189 273 -92.0
189 274 -104.0
189 275 -101.0
189 276 -101.0
189 277 -99.0
189 278 -105.0
189 279 -98.0
189 280 -92.0
189 281 -102.0
189 282 -95.0
189 283 -104.0
189 284 -101.0
189 285 -102.0
189 286 -98.0
189 287 -103.0
189 288 -103.0
189 289 -94.0
189 290 -88.0
189 291 -94.0
189 292 -105.0
189 293 -105.0
189 294 -103.0
189 295 -105.0
189 296 -104.0
189 297 -96.0
189 298 -104.0
189 299 -103.0
189 300 -107.0
189 301 -105.0
189 302 -94.0
189 303 -97.0
189 304 -104.0
189 305 -102.0
189 306 -102.0
189 307 -102.0
189 308 -100.0
189 309 -96.0
189 310 -88.0
189 311 -95.0
189 312 -102.0
189 313 -96.0
189 314 -100.0
189 315 -107.0
189 316 -100.0
189 317 -100.0
189 318 -98.0
189 319 -96.0
189 320 -108.0
190 191 -107.0
190 192 -95.0
190 193 -91.0
190 194 -100.0
190 195 -98.0
190 196 -105.0
190 197 -100.0
190 198 -98.0
190 199 -99.0
190 200 -99.0
190 201 -91.0
190 202 -100.0
190 203 -102.0
190 204 -96.0
190 205 -95.0
190 206 -98.0
190 207 -102.0
190 208 -109.0
190 209 -91.0
190 210 -96.0
190 211 -95.0
190 212 -98.0
190 213 -100.0
190 214 -94.0
190 215 -106.0
190 216 -98.0
190 217 -98.0
190 218 -103.0
190 219 -94.0
190 220 -99.0
190 221 -97.0
190 222 -101.0
190 223 -99.0
190 224 -94.0
190 225 -91.0
190 226 -96.0
190 227 -99.0
190 228 -97.0
190 229 -105.0
190 230 -101.0
190 231 -100.0
190 232 -104.0
190 233 -96.0
190 234 -92.0
190 235 -98.0
190 236 -96.0
190 237 -101.0
190 238 -94.0
190 239 -95.0
190 240 -104.0
190 241 -95.0
190 242 -94.0
190 243 -101.0
190 244 -97.0
190 245 -97.0
190 246 -100.0
190 247 -88.0
190 248 -104.0
190 249 -99.0
190 250 -102.0
190 251 -99.0
190 252 -91.0
190 253 -95.0
190 254 -98.0
190 255 -103.0
190 256 -103.0
190 257 -95.0
190 258 -99.0
190 259 -101.0
190 260 -96.0
190 261 -107.0
190 262 -98.0
190 263 -108.0
190 264 -104.0
190 265 -95.0
190 266 -106.0
190 267 -100.0
190 268 -102.0
190 269 -104.0
190 270 -96.0
190 271 -92.0
190 272 -101.0
190 273 -103.0
190 274 -102.0
190 275 -98.0
190 276 -99.0
190 277 -96.0
190 278 -103.0
190 279 -95.0
190 280 -81.0
190 281 -104.0
190 282 -88.0
190 283 -107.0
190 284 -92.0
190 285 -104.0
190 286 -99.0
190 287 -102.0
190 288 -100.0
190 289 -96.0
190 290 -102.0
190 291 -99.0
190 292 -97.0
190 293 -101.0
190 294 -106.0
190 295 -97.0
190 296 -98.0
190 297 -94.0
190 298 -97.0
190 299 -101.0
190 300 -96.0
190 301 -99.0
190 302 -95.0
190 303 -100.0
190 304 -100.0
190 305 -98.0
190 306 -91.0
190 307 -103.0
190 308 -97.0
190 309 -108.0
190 310 -97.0
190 311 -101.0
190 312 -105.0
190 313 -97.0
190 314 -102.0
190 315 -105.0
190 316 -104.0
190 317 -101.0
190 318 -106.0
190 319 -103.0
190 320 -98.0
191 192 -103.0
191 193 -106.0
191 194 -101.0
191 195 -104.0
191 196 -100.0
191 197 -111.0
191 198 -92.0
191 199 -100.0
191 200 -98.0
191 201 -110.0
191 202 -108.0
191 203 -103.0
191 204 -103.0
191 205 -101.0
191 206 -95.0
191 207 -103.0
191 208 -103.0
191 209 -99.0
191 210 -95.0
191 211 -99.0
191 212 -86.0
191 213 -106.0
191 214 -98.0
191 215 -99.0
191 216 -94.0
191 217 -95.0
191 218 -98.0
191 219 -94.0
191 220 -103.0
191 221 -94.0
191 222 -102.0
191 223 -95.0
191 224 -97.0
191 225 -101.0
191 226 -104.0
191 227 -104.0
191 228 -112.0
191 229 -99.0
191 230 -98.0
191 231 -107.0
191 232 -103.0
191 233 -102.0
191 234 -90.0
191 235 -106.0
191 236 -104.0
191 237 -99.0
191 238 -105.0
191 239 -99.0
191 240 -91.0
191 241 -88.0
191 242 -96.0
191 243 -97.0
191 244 -99.0
191 245 -104.0
191 246 -98.0
191 247 -102.0
191 248 -100.0
191 249 -92.0
191 250 -94.0
191 251 -100.0
191 252 -99.0
191 253 -105.0
191 254 -100.0
191 255 -110.0
191 256 -106.0
191 257 -94.0
191 258 -101.0
191 259 -107.0
191 260 -106.0
191 261 -94.0
191 262 -97.0
191 263 -101.0
191 264 -99.0
191 265 -112.0
191 266 -101.0
191 267 -104.0
191 268 -98.0
191 269 -101.0
191 270 -102.0
191 271 -101.0
191 272 -100.0
191 273 -97.0
191 274 -97.0
191 275 -99.0
191 276 -92.0
191 277 -90.0
191 278 -101.0
191 279 -97.0
191 280 -97.0
191 281 -100.0
191 282 -93.0
191 283 -104.0
191 284 -102.0
191 285 -101.0
191 286 -100.0
191 287 -92.0
191 288 -100.0
191 289 -93.0
191 290 -102.0
191 291 -97.0
191 292 -104.0
191 293 -107.0
191 294 -99.0
191 295 -93.0
191 296 -99.0
191 297 -96.0
191 298 -112.0
191 299 -99.0
191 300 -101.0
191 301 -104.0
191 302 -95.0
191 303 -83.0
191 304 -98.0
191 305 -107.0
191 306 -105.0
191 307 -87.0
191 308 -103.0
191 309 -94.0
191 310 -104.0
191 311 -100.0
191 312 -98.0
191 313 -100.0
191 314 -98.0
191 315 -94.0
191 316 -98.0
191 317 -92.0
191 318 -94.0
191 319 -101.0
191 320 -108.0
192 193 -103.0
192 194 -100.0
192 195 -102.0
192 196 -104.0
192 197 -94.0
192 198 -100.0
192 199 -104.0
192 200 -104.0
192 201 -98.0
192 202 -93.0
192 203 -105.0
192 204 -101.0
192 205 -104.0
192 206 -97.0
192 207 -94.0
192 208 -99.0
192 209 -97.0
192 210 -84.0
192 211 -106.0
192 212 -101.0
192 213 -97.0
192 214 -96.0
192 215 -103.0
192 216 -99.0
192 217 -101.0
192 218 -92.0
192 219 -93.0
192 220 -103.0
192 221 -104.0
192 222 -94.0
192 223 -95.0
192 224 -103.0
192 225 -93.0
192 226 -103.0
192 227 -114.0
192 228 -102.0
192 229 -100.0
192 230 -98.0
192 231 -97.0
192 232 -103.0
192 233 -101.0
192 234 -97.0
192 235 -93.0
192 236 -102.0
192 237 -98.0
192 238 -101.0
192 239 -91.0
192 240 -103.0
192 241 -102.0
192 242 -96.0
192 243 -94.0
192 244 -99.0
192 245 -98.0
192 246 -99.0
192 247 -109.0
192 248 -98.0
192 249 -93.0
192 250 -102.0
192 251 -114.0
192 252 -101.0
192 253 -100.0
192 254 -103.0
192 255 -100.0
192 256 -91.0
192 257 -95.0
192 258 -101.0
192 259 -104.0
192 260 -101.0
192 261 -103.0
192 262 -105.0
192 263 -96.0
192 264 -101.0
192 265 -104.0
192 266 -103.0
192 267 -97.0
192 268 -89.0
192 269 -108.0
192 270 -98.0
192 271 -105.0
192 272 -87.0
192 273 -99.0
192 274 -101.0
192 275 -95.0
192 276 -102.0
192 277 -107.0
192 278 -104.0
192 279 -96.0
192 280 -103.0
192 281 -106.0
192 282 -94.0
192 283 -101.0
192 284 -105.0
192 285 -98.0
192 286 -102.0
192 287 -102.0
192 288 -101.0
192 289 -99.0
192 290 -104.0
192 291 -101.0
192 292 -97.0
192 293 -102.0
192 294 -103.0
192 295 -108.0
192 296 -99.0
192 297 -103.0
192 298 -99.0
192 299 -93.0
192 300 -94.0
192 301 -99.0
192 302 -100.0
192 303 -102.0
192 304 -100.0
192 305 -99.0
192 306 -99.0
192 307 -105.0
192 308 -93.0
192 309 -97.0
192 310 -107.0
192 311 -105.0
192 312 -100.0
192 313 -106.0
192 314 -102.0
192 315 -106.0
192 316 -96.0
192 317 -107.0
192 318 -107.0
192 319 -108.0
192 320 -97.0
193 194 -103.0
193 195 -105.0
193 196 -108.0
193 197 -107.0
193 198 -104.0
193 199 -102.0
193 200 -101.0
193 201 -96.0
193 202 -101.0
193 203 -95.0
193 204 -100.0
193 205 -98.0
193 206 -101.0
193 207 -98.0
193 208 -94.0
193 209 -96.0
193 210 -100.0
193 211 -103.0
193 212 -89.0
193 213 -98.0
193 214 -106.0
193 215 -107.0
193 216 -92.0
193 217 -98.0
193 218 -101.0
193 219 -91.0
193 220 -102.0
193 221 -101.0
193 222 -101.0
193 223 -97.0
193 224 -94.0
193 225 -91.0
193 226 -97.0
193 227 -101.0
193 228 -95.0
193 229 -91.0
193 230 -108.0
193 231 -108.0
193 232 -97.0
193 233 -98.0
193 234 -103.0
193 235 -101.0
193 236 -99.0
193 237 -105.0
193 238 -99.0
193 239 -98.0
193 240 -95.0
193 241 -97.0
193 242 -95.0
193 243 -105.0
193 244 -97.0
193 245 -109.0
193 246 -100.0
193 247 -96.0
193 248 -100.0
193 249 -96.0
193 250 -101.0
193 251 -102.0
193 252 -100.0
193 253 -100.0
193 254 -106.0
193 255 -97.0
193 256 -92.0
193 257 -106.0
193 258 -105.0
193 259 -100.0
193 260 -94.0
193 261 -96.0
193 262 -105.0
193 263 -96.0
193 264 -98.0
193 265 -91.0
193 266 -98.0
193 267 -103.0
193 268 -92.0
193 269 -112.0
193 270 -97.0
193 271 -104.0
193 272 -95.0
193 273 -103.0
193 274 -98.0
193 275 -105.0
193 276 -98.0
193 277 -97.0
193 278 -99.0
193 279 -102.0
193 280 -103.0
193 281 -106.0
193 282 -93.0
193 283 -98.0
193 284 -100.0
193 285 -93.0
193 286 -106.0
193 287 -105.0
193 288 -94.0
193 289 -104.0
193 290 -95.0
193 291 -96.0
193 292 -95.0
193 293 -100.0
193 294 -100.0
193 295 -91.0
193 296 -106.0
193 297 -96.0
193 298 -99.0
193 299 -96.0
193 300 -101.0
193 301 -98.0
193 302 -87.0
193 303 -97.0
193 304 -111.0
193 305 -94.0
193 306 -105.0
193 307 -94.0
193 308 -100.0
193 309 -103.0
193 310 -97.0
193 311 -89.0
193 312 -95.0
193 313 -100.0
193 314 -96.0
193 315 -104.0
193 316 -97.0
193 317 -93.0
193 318 -102.0
193 319 -101.0
193 320 -100.0
194 195 -90.0
194 196 -98.0
194 197 -119.0
194 198 -101.0
194 199 -101.0
194 200 -100.0
194 201 -101.0
194 202 -99.0
194 203 -100.0
194 204 -96.0
194 205 -95.0
194 206 -100.0
194 207 -107.0
194 208 -100.0
194 209 -109.0
194 210 -105.0
194 211 -93.0
194 212 -92.0
194 213 -99.0
194 214 -108.0
194 215 -100.0
194 216 -107.0
194 217 -102.0
194 218 -110.0
194 219 -101.0
194 220 -109.0
194 221 -97.0
194 222 -105.0
194 223 -104.0
194 224 -99.0
194 225 -98.0
194 226 -94.0
194 227 -99.0
194 228 -99.0
194 229 -104.0
194 230 -102.0
194 231 -93.0
194 232 -98.0
194 233 -93.0
194 234 -99.0
194 235 -98.0
194 236 -95.0
194 237 -104.0
194 238 -96.0
194 239 -105.0
194 240 -95.0
194 241 -105.0
194 242 -98.0
194 243 -94.0
194 244 -92.0
194 245 -100.0
194 246 -100.0
194 247 -103.0
194 248 -100.0
194 249 -93.0
194 250 -106.0
194 251 -108.0
194 252 -102.0
194 253 -98.0
194 254 -101.0
194 255 -95.0
194 256 -100.0
194 257 -105.0
194 258 -105.0
194 259 -103.0
194 260 -102.0
194 261 -91.0
194 262 -108.0
194 263 -103.0
194 264 -93.0
194 265 -100.0
194 266 -104.0
194 267 -94.0
194 268 -101.0
194 269 -101.0
194 270 -99.0
194 271 -107.0
194 272 -102.0
194 273 -93.0
194 274 -104.0
194 275 -95.0
194 276 -92.0
194 277 -89.0
194 278 -113.0
194 279 -109.0
194 280 -98.0
194 281 -101.0
194 282 -96.0
194 283 -97.0
194 284 -100.0
194 285 -107.0
194 286 -92.0
194 287 -98.0
194 288 -89.0
194 289 -96.0
194 290 -104.0
194 291 -98.0
194 292 -107.0
194 293 -105.0
194 294 -106.0
194 295 -101.0
194 296 -94.0
194 297 -101.0
194 298 -101.0
194 299 -92.0
194 300 -110.0
194 301 -99.0
194 302 -100.0
194 303 -94.0
194 304 -102.0
194 305 -105.0
194 306 -98.0
194 307 -96.0
194 308 -102.0
194 309 -96.0
194 310 -101.0
194 311 -100.0
194 312 -99.0
194 313 -97.0
194 314 -93.0
194 315 -102.0
194 316 -98.0
194 317 -94.0
194 318 -103.0
194 319 -94.0
194 320 -102.0
195 196 -100.0
195 197 -113.0
195 198 -103.0
195 199 -94.0
195 200 -97.0
195 201 -89.0
195 202 -92.0
195 203 -88.0
195 204 -106.0
195 205 -95.0
195 206 -98.0
195 207 -103.0
195 208 -96.0
195 209 -96.0
195 210 -97.0
195 211 -94.0
195 212 -96.0
195 213 -99.0
195 214 -105.0
195 215 -103.0
195 216 -98.0
195 217 -99.0
195 218 -94.0
195 219 -97.0
195 220 -102.0
195 221 -112.0
195 222 -106.0
195 223 -98.0
195 224 -102.0
195 225 -92.0
195 226 -101.0
195 227 -101.0
195 228 -105.0
195 229 -95.0
195 230 -104.0
195 231 -103.0
195 232 -98.0
195 233 -108.0
195 234 -110.0
195 235 -100.0
195 236 -97.0
195 237 -96.0
195 238 -105.0
195 239 -93.0
195 240 -106.0
195 241 -107.0
195 242 -104.0
195 243 -104.0
195 244 -96.0
195 245 -100.0
195 246 -102.0
195 247 -93.0
195 248 -101.0
195 249 -96.0
195 250 -95.0
195 251 -96.0
195 252 -100.0
195 253 -98.0
195 254 -101.0
195 255 -96.0
195 256 -93.0
195 257 -98.0
195 258 -95.0
195 259 -104.0
195 260 -101.0
195 261 -101.0
195 262 -101.0
195 263 -100.0
195 264 -98.0
195 265 -98.0
195 266 -100.0
195 267 -101.0
195 268 -100.0
195 269 -96.0
195 270 -96.0
195 271 -93.0
195 272 -94.0
195 273 -101.0
195 274 -97.0
195 275 -100.0
195 276 -104.0
195 277 -106.0
195 278 -103.0
195 279 -107.0
195 280 -97.0
195 281 -113.0
195 282 -104.0
195 283 -102.0
195 284 -100.0
195 285 -97.0
195 286 -106.0
195 287 -94.0
195 288 -104.0
195 289 -100.0
195 290 -96.0
195 291 -105.0
195 292 -100.0
195 293 -99.0
195 294 -95.0
195 295 -96.0
195 296 -112.0
195 297 -100.0
195 298 -103.0
195 299 -98.0
195 300 -101.0
195 301 -91.0
195 302 -94.0
195 303 -102.0
195 304 -99.0
195 305 -92.0
195 306 -96.0
195 307 -102.0
195 308 -110.0
195 309 -102.0
195 310 -98.0
195 311 -100.0
195 312 -97.0
195 313 -114.0
195 314 -98.0
195 315 -104.0
195 316 -96.0
195 317 -100.0
195 318 -104.0
195 319 -87.0
195 320 -108.0
196 197 -103.0
196 198 -95.0
196 199 -93.0
196 200 -96.0
196 201 -101.0
196 202 -86.0
196 203 -101.0
196 204 -102.0
196 205 -98.0
196 206 -96.0
196 207 -104.0
196 208 -102.0
196 209 -111.0
196 210 -94.0
196 211 -85.0
196 212 -96.0
196 213 -92.0
196 214 -96.0
196 215 -98.0
196 216 -96.0
196 217 -102.0
196 218 -102.0
196 219 -103.0
196 220 -103.0
196 221 -99.0
196 222 -96.0
196 223 -102.0
196 224 -106.0
196 225 -99.0
196 226 -95.0
196 227 -99.0
196 228 -102.0
196 229 -98.0
196 230 -97.0
196 231 -101.0
196 232 -99.0
196 233 -113.0
196 234 -102.0
196 235 -93.0
196 236 -99.0
196 237 -99.0
196 238 -95.0
196 239 -103.0
196 240 -100.0
196 241 -99.0
196 242 -103.0
196 243 -101.0
196 244 -98.0
196 245 -98.0
196 246 -99.0
196 247 -109.0
196 248 -97.0
196 249 -101.0
196 250 -105.0
196 251 -105.0
196 252 -97.0
196 253 -94.0
196 254 -103.0
196 255 -96.0
196 256 -102.0
196 257 -99.0
196 258 -103.0
196 259 -101.0
196 260 -102.0
196 261 -111.0
196 262 -99.0
196 263 -97.0
196 264 -96.0
196 265 -104.0
196 266 -97.0
196 267 -97.0
196 268 -103.0
196 269 -104.0
196 270 -91.0
196 271 -107.0
196 272 -104.0
196 273 -110.0
196 274 -97.0
196 275 -109.0
196 276 -99.0
196 277 -100.0
196 278 -97.0
196 279 -107.0
196 280 -102.0
196 281 -100.0
196 282 -101.0
196 283 -102.0
196 284 -99.0
196 285 -102.0
196 286 -93.0
196 287 -94.0
196 288 -93.0
196 289 -92.0
196 290 -96.0
196 291 -103.0
196 292 -103.0
196 293 -87.0
196 294 -98.0
196 295 -102.0
196 296 -101.0
196 297 -102.0
196 298 -102.0
196 299 -98.0
196 300 -89.0
196 301 -103.0
196 302 -96.0
196 303 -94.0
196 304 -103.0
196 305 -97.0
196 306 -97.0
196 307 -102.0
196 308 -104.0
196 309 -108.0
196 310 -100.0
196 311 -100.0
196 312 -104.0
196 313 -98.0
196 314 -100.0
196 315 -100.0
196 316 -100.0
196 317 -97.0
196 318 -94.0
196 319 -103.0
196 320 -102.0
197 198 -103.0
197 199 -112.0
197 200 -95.0
197 201 -98.0
197 202 -99.0
197 203 -102.0
197 204 -100.0
197 205 -103.0
197 206 -99.0
197 207 -99.0
197 208 -97.0
197 209 -103.0
197 210 -100.0
197 211 -99.0
197 212 -99.0
197 213 -94.0
197 214 -100.0
197 215 -103.0
197 216 -107.0
197 217 -97.0
197 218 -101.0
197 219 -96.0
197 220 -97.0
197 221 -101.0
197 222 -95.0
197 223 -92.0
197 224 -103.0
197 225 -107.0
197 226 -97.0
197 227 -96.0
197 228 -95.0
197 229 -99.0
197 230 -95.0
197 231 -109.0
197 232 -95.0
197 233 -101.0
197 234 -106.0
197 235 -103.0
197 236 -109.0
197 237 -111.0
197 238 -104.0
197 239 -99.0
197 240 -97.0
197 241 -103.0
197 242 -107.0
197 243 -99.0
197 244 -96.0
197 245 -104.0
197 246 -101.0
197 247 -104.0
197 248 -103.0
197 249 -103.0
197 250 -92.0
197 251 -100.0
197 252 -104.0
197 253 -106.0
197 254 -98.0
197 255 -97.0
197 256 -104.0
197 257 -100.0
197 258 -105.0
197 259 -92.0
197 260 -104.0
197 261 -105.0
197 262 -102.0
197 263 -110.0
197 264 -94.0
197 265 -94.0
197 266 -96.0
197 267 -93.0
197 268 -101.0
197 269 -88.0
197 270 -99.0
197 271 -92.0
197 272 -96.0
197 273 -101.0
197 274 -113.0
197 275 -103.0
197 276 -101.0
197 277 -100.0
197 278 -87.0
197 279 -107.0
197 280 -98.0
197 281 -110.0
197 282 -92.0
197 283 -96.0
197 284 -90.0
197 285 -105.0
197 286 -93.0
197 287 -102.0
197 288 -96.0
197 289 -107.0
197 290 -93.0
197 291 -97.0
197 292 -104.0
197 293 -95.0
197 294 -97.0
197 295 -103.0
197 296 -96.0
197 297 -95.0
197 298 -102.0
197 299 -90.0
197 300 -87.0
197 301 -96.0
197 302 -95.0
197 303 -96.0
197 304 -96.0
197 305 -103.0
197 306 -103.0
197 307 -109.0
197 308 -87.0
197 309 -98.0
197 310 -93.0
197 311 -103.0
197 312 -96.0
197 313 -103.0
197 314 -98.0
197 315 -103.0
197 316 -100.0
197 317 -102.0
197 318 -99.0
197 319 -94.0
197 320 -95.0
198 199 -106.0
198 200 -96.0
198 201 -93.0
198 202 -101.0
198 203 -95.0
198 204 -97.0
198 205 -98.0
198 206 -101.0
198 207 -91.0
198 208 -86.0
198 209 -100.0
198 210 -102.0
198 211 -104.0
198 212 -100.0
198 213 -104.0
198 214 -105.0
198 215 -99.0
198 216 -101.0
198 217 -103.0
198 218 -104.0
198 219 -98.0
198 220 -105.0
198 221 -103.0
198 222 -108.0
198 223 -106.0
198 224 -98.0
198 225 -97.0
198 226 -101.0
198 227 -97.0
198 228 -97.0
198 229 -98.0
198 230 -104.0
198 231 -103.0
198 232 -89.0
198 233 -100.0
198 234 -92.0
198 235 -94.0
198 236 -103.0
198 237 -99.0
198 238 -104.0
198 239 -101.0
198 240 -98.0
198 241 -91.0
198 242 -97.0
198 243 -100.0
198 244 -103.0
198 245 -102.0
198 246 -105.0
198 247 -91.0
198 248 -100.0
198 249 -99.0
198 250 -109.0
198 251 -102.0
198 252 -91.0
198 253 -102.0
198 254 -99.0
198 255 -98.0
198 256 -102.0
198 257 -101.0
198 258 -106.0
198 259 -103.0
198 260 -101.0
198 261 -100.0
198 262 -102.0
198 263 -97.0
198 264 -100.0
198 265 -109.0
198 266 -99.0
198 267 -98.0
198 268 -93.0
198 269 -99.0
198 270 -107.0
198 271 -98.0
198 272 -104.0
198 273 -95.0
198 274 -106.0
198 275 -92.0
198 276 -89.0
198 277 -100.0
198 278 -92.0
198 279 -101.0
198 280 -97.0
198 281 -107.0
198 282 -104.0
198 283 -94.0
198 284 -100.0
198 285 -97.0
198 286 -101.0
198 287 -99.0
198 288 -103.0
198 289 -94.0
198 290 -98.0
198 291 -108.0
198 292 -88.0
198 293 -97.0
198 294 -93.0
198 295 -105.0
198 296 -103.0
198 297 -92.0
198 298 -97.0
198 299 -94.0
198 300 -100.0
198 301 -99.0
198 302 -96.0
198 303 -94.0
198 304 -101.0
198 305 -99.0
198 306 -95.0
198 307 -99.0
198 308 -101.0
198 309 -94.0
198 310 -97.0
198 311 -98.0
198 312 -107.0
198 313 -94.0
198 314 -93.0
198 315 -100.0
198 316 -93.0
198 317 -99.0
198 318 -104.0
198 319 -96.0
198 320 -101.0
199 200 -97.0
199 201 -99.0
199 202 -103.0
199 203 -96.0
199 204 -100.0
199 205 -106.0
199 206 -88.0
199 207 -99.0
199 208 -91.0
199 209 -98.0
199 210 -96.0
199 211 -92.0
199 212 -103.0
199 213 -101.0
199 214 -100.0
199 215 -105.0
199 216 -93.0
199 217 -105.0
199 218 -97.0
199 219 -90.0
199 220 -91.0
199 221 -84.0
199 222 -100.0
199 223 -98.0
199 224 -99.0
199 225 -102.0
199 226 -98.0
199 227 -101.0
199 228 -99.0
199 229 -103.0
199 230 -107.0
199 231 -98.0
199 232 -111.0
199 233 -99.0
199 234 -105.0
199 235 -101.0
199 236 -102.0
199 237 -103.0
199 238 -106.0
199 239 -93.0
199 240 -102.0
199 241 -104.0
199 242 -105.0
199 243 -105.0
199 244 -106.0
199 245 -101.0
199 246 -108.0
199 247 -96.0
199 248 -100.0
199 249 -97.0
199 250 -104.0
199 251 -98.0
199 252 -103.0
199 253 -93.0
199 254 -108.0
199 255 -105.0
199 256 -108.0
199 257 -105.0
199 258 -101.0
199 259 -103.0
199 260 -98.0
199 261 -88.0
199 262 -102.0
199 263 -100.0
199 264 -99.0
199 265 -97.0
199 266 -99.0
199 267 -97.0
199 268 -97.0
199 269 -101.0
199 270 -106.0
199 271 -105.0
199 272 -103.0
199 273 -102.0
199 274 -95.0
199 275 -104.0
199 276 -101.0
199 277 -92.0
199 278 -101.0
199 279 -105.0
199 280 -100.0
199 281 -93.0
199 282 -93.0
199 283 -95.0
199 284 -104.0
199 285 -105.0
199 286 -104.0
199 287 -93.0
199 288 -100.0
199 289 -102.0
199 290 -96.0
199 291 -101.0
199 292 -104.0
199 293 -109.0
199 294 -109.0
199 295 -107.0
199 296 -94.0
199 297 -103.0
199 298 -105.0
199 299 -104.0
199 300 -102.0
199 301 -104.0
199 302 -98.0
199 303 -98.0
199 304 -104.0
199 305 -106.0
199 306 -102.0
199 307 -98.0
199 308 -102.0
199 309 -96.0
199 310 -97.0
199 311 -102.0
199 312 -110.0
199 313 -96.0
199 314 -93.0
199 315 -98.0
199 316 -103.0
199 317 -98.0
199 318 -97.0
199 319 -104.0
199 320 -100.0
200 201 -102.0
200 202 -102.0
200 203 -96.0
200 204 -102.0
200 205 -91.0
200 206 -98.0
200 207 -100.0
200 208 -92.0
200 209 -104.0
200 210 -98.0
200 211 -101.0
200 212 -106.0
200 213 -95.0
200 214 -106.0
200 215 -102.0
200 216 -96.0
200 217 -92.0
200 218 -90.0
200 219 -100.0
200 220 -111.0
200 221 -98.0
200 222 -105.0
200 223 -106.0
200 224 -103.0
200 225 -94.0
200 226 -102.0
200 227 -98.0
200 228 -104.0
200 229 -101.0
200 230 -104.0
200 231 -99.0
200 232 -102.0
200 233 -104.0
200 234 -95.0
200 235 -106.0
200 236 -98.0
200 237 -95.0
200 238 -100.0
200 239 -99.0
200 240 -93.0
200 241 -99.0
200 242 -102.0
200 243 -94.0
200 244 -95.0
200 245 -94.0
200 246 -94.0
200 247 -100.0
200 248 -94.0
200 249 -101.0
200 250 -100.0
200 251 -98.0
200 252 -98.0
200 253 -97.0
200 254 -96.0
200 255 -99.0
200 256 -100.0
200 257 -105.0
200 258 -91.0
200 259 -102.0
200 260 -97.0
200 261 -103.0
200 262 -98.0
200 263 -103.0
200 264 -105.0
200 265 -97.0
200 266 -100.0
200 267 -96.0
200 268 -98.0
200 269 -103.0
200 270 -95.0
200 271 -103.0
200 272 -93.0
200 273 -100.0
200 274 -99.0
200 275 -99.0
200 276 -96.0
200 277 -101.0
200 278 -89.0
200 279 -106.0
200 280 -96.0
200 281 -103.0
200 282 -105.0
200 283 -103.0
200 284 -106.0
200 285 -95.0
200 286 -107.0
200 287 -115.0
200 288 -95.0
200 289 -92.0
200 290 -108.0
200 291 -103.0
200 292 -96.0
200 293 -94.0
200 294 -103.0
200 295 -101.0
200 296 -106.0
200 297 -92.0
200 298 -85.0
200 299 -98.0
200 300 -93.0
200 301 -94.0
200 302 -99.0
200 303 -91.0
200 304 -95.0
200 305 -105.0
200 306 -99.0
200 307 -97.0
200 308 -95.0
200 309 -101.0
200 310 -96.0
200 311 -109.0
200 312 -99.0
200 313 -90.0
200 314 -102.0
200 315 -99.0
200 316 -101.0
200 317 -103.0
200 318 -97.0
200 319 -101.0
200 320 -101.0
201 202 -98.0
201 203 -106.0
201 204 -102.0
201 205 -94.0
201 206 -103.0
201 207 -108.0
201 208 -87.0
201 209 -97.0
201 210 -100.0
201 211 -104.0
201 212 -101.0
201 213 -98.0
201 214 -97.0
201 215 -106.0
201 216 -94.0
201 217 -97.0
201 218 -97.0
201 219 -106.0
201 220 -107.0
201 221 -102.0
201 222 -98.0
201 223 -112.0
201 224 -101.0
201 225 -107.0
201 226 -101.0
201 227 -102.0
201 228 -99.0
201 229 -98.0
201 230 -107.0
201 231 -99.0
201 232 -104.0
201 233 -100.0
201 234 -102.0
201 235 -96.0
201 236 -104.0
201 237 -106.0
201 238 -99.0
201 239 -97.0
201 240 -97.0
201 241 -102.0
201 242 -102.0
201 243 -103.0
201 244 -108.0
201 245 -95.0
201 246 -101.0
201 247 -101.0
201 248 -101.0
201 249 -101.0
201 250 -101.0
201 251 -100.0
201 252 -103.0
201 253 -97.0
201 254 -101.0
201 255 -107.0
201 256 -104.0
201 257 -96.0
201 258 -100.0
201 259 -95.0
201 260 -106.0
201 261 -101.0
201 262 -99.0
201 263 -104.0
201 264 -97.0
201 265 -106.0
201 266 -108.0
201 267 -101.0
201 268 -103.0
201 269 -104.0
201 270 -85.0
201 271 -100.0
201 272 -104.0
201 273 -95.0
201 274 -100.0
201 275 -94.0
201 276 -108.0
201 277 -95.0
201 278 -99.0
201 279 -103.0
201 280 -99.0
201 281 -101.0
201 282 -94.0
201 283 -94.0
201 284 -95.0
201 285 -95.0
201 286 -98.0
201 287 -98.0
201 288 -98.0
201 289 -100.0
201 290 -98.0
201 291 -98.0
201 292 -95.0
201 293 -107.0
201 294 -104.0
201 295 -99.0
201 296 -101.0
201 297 -92.0
201 298 -104.0
201 299 -102.0
201 300 -97.0
201 301 -103.0
201 302 -99.0
201 303 -110.0
201 304 -101.0
201 305 -106.0
201 306 -101.0
201 307 -102.0
201 308 -109.0
201 309 -93.0
201 310 -96.0
201 311 -93.0
201 312 -93.0
201 313 -103.0
201 314 -98.0
201 315 -93.0
201 316 -94.0
201 317 -97.0
201 318 -106.0
201 319 -107.0
201 320 -96.0
202 203 -94.0
202 204 -99.0
202 205 -97.0
202 206 -99.0
202 207 -98.0
202 208 -104.0
202 209 -95.0
202 210 -100.0
202 211 -100.0
202 212 -104.0
202 213 -102.0
202 214 -99.0
202 215 -103.0
202 216 -92.0
202 217 -98.0
202 218 -102.0
202 219 -99.0
202 220 -102.0
202 221 -104.0
202 222 -105.0
202 223 -111.0
202 224 -103.0
202 225 -107.0
202 226 -100.0
202 227 -93.0
202 228 -96.0
202 229 -108.0
202 230 -94.0
202 231 -101.0
202 232 -101.0
202 233 -96.0
202 234 -99.0
202 235 -99.0
202 236 -99.0
202 237 -101.0
202 238 -101.0
202 239 -104.0
202 240 -101.0
202 241 -98.0
202 242 -106.0
202 243 -108.0
202 244 -96.0
202 245 -106.0
202 246 -99.0
202 247 -106.0
202 248 -107.0
202 249 -96.0
202 250 -98.0
202 251 -99.0
202 252 -106.0
202 253 -102.0
202 254 -99.0
202 255 -99.0
202 256 -96.0
202 257 -112.0
202 258 -105.0
202 259 -106.0
202 260 -101.0
202 261 -93.0
202 262 -101.0
202 263 -96.0
202 264 -102.0
202 265 -102.0
202 266 -98.0
202 267 -99.0
202 268 -104.0
202 269 -94.0
202 270 -98.0
202 271 -102.0
202 272 -98.0
202 273 -98.0
202 274 -98.0
202 275 -99.0
202 276 -93.0
202 277 -105.0
202 278 -104.0
202 279 -97.0
202 280 -95.0
202 281 -95.0
202 282 -89.0
202 283 -99.0
202 284 -109.0
202 285 -93.0
202 286 -96.0
202 287 -95.0
202 288 -106.0
202 289 -101.0
202 290 -101.0
202 291 -99.0
202 292 -93.0
202 293 -106.0
202 294 -105.0
202 295 -95.0
202 296 -90.0
202 297 -99.0
202 298 -105.0
202 299 -92.0
202 300 -104.0
202 301 -99.0
202 302 -107.0
202 303 -102.0
202 304 -98.0
202 305 -105.0
202 306 -89.0
202 307 -94.0
202 308 -100.0
202 309 -100.0
202 310 -102.0
202 311 -100.0
202 312 -96.0
202 313 -96.0
202 314 -99.0
202 315 -107.0
202 316 -97.0
202 317 -96.0
202 318 -99.0
202 319 -104.0
202 320 -97.0
203 204 -98.0
203 205 -99.0
203 206 -94.0
203 207 -97.0
203 208 -95.0
203 209 -94.0
203 210 -96.0
203 211 -102.0
203 212 -100.0
203 213 -97.0
203 214 -101.0
203 215 -99.0
203 216 -102.0
203 217 -98.0
203 218 -105.0
203 219 -107.0
203 220 -97.0
203 221 -101.0
203 222 -105.0
203 223 -99.0
203 224 -101.0
203 225 -106.0
203 226 -102.0
203 227 -98.0
203 228 -104.0
203 229 -105.0
203 230 -97.0
203 231 -98.0
203 232 -101.0
203 233 -99.0
203 234 -107.0
203 235 -99.0
203 236 -103.0
203 237 -94.0
203 238 -100.0
203 239 -93.0
203 240 -99.0
203 241 -96.0
203 242 -94.0
203 243 -97.0
203 244 -95.0
203 245 -101.0
203 246 -86.0
203 247 -103.0
203 248 -96.0
203 249 -100.0
203 250 -108.0
203 251 -101.0
203 252 -105.0
203 253 -106.0
203 254 -96.0
203 255 -98.0
203 256 -95.0
203 257 -105.0
203 258 -98.0
203 259 -98.0
203 260 -104.0
203 261 -105.0
203 262 -99.0
203 263 -106.0
203 264 -101.0
203 265 -102.0
203 266 -99.0
203 267 -99.0
203 268 -94.0
203 269 -94.0
203 270 -107.0
203 271 -100.0
203 272 -102.0
203 273 -101.0
203 274 -97.0
203 275 -107.0
203 276 -105.0
203 277 -94.0
203 278 -103.0
203 279 -103.0
203 280 -102.0
203 281 -102.0
203 282 -95.0
203 283 -101.0
203 284 -94.0
203 285 -111.0
203 286 -100.0
203 287 -105.0
203 288 -98.0
203 289 -100.0
203 290 -93.0
203 291 -95.0
203 292 -97.0
203 293 -102.0
203 294 -101.0
203 295 -102.0
203 296 -101.0
203 297 -94.0
203 298 -97.0
203 299 -93.0
203 300 -104.0
203 301 -98.0
203 302 -101.0
203 303 -104.0
203 304 -102.0
203 305 -99.0
203 306 -103.0
203 307 -102.0
203 308 -92.0
203 309 -105.0
203 310 -105.0
203 311 -95.0
203 312 -109.0
203 313 -95.0
203 314 -105.0
203 315 -98.0
203 316 -98.0
203 317 -99.0
203 318 -101.0
203 319 -99.0
203 320 -102.0
204 205 -102.0
204 206 -104.0
204 207 -105.0
204 208 -106.0
204 209 -104.0
204 210 -96.0
204 211 -108.0
204 212 -98.0
204 213 -101.0
204 214 -102.0
204 215 -107.0
204 216 -97.0
204 217 -102.0
204 218 -99.0
204 219 -99.0
204 220 -99.0
204 221 -105.0
204 222 -100.0
204 223 -101.0
204 224 -104.0
204 225 -92.0
204 226 -98.0
204 227 -104.0
204 228 -100.0
204 229 -94.0
204 230 -98.0
204 231 -98.0
204 232 -100.0
204 233 -95.0
204 234 -99.0
204 235 -98.0
204 236 -99.0
204 237 -106.0
204 238 -102.0
204 239 -98.0
204 240 -98.0
204 241 -98.0
204 242 -104.0
204 243 -101.0
204 244 -103.0
204 245 -98.0
204 246 -102.0
204 247 -95.0
204 248 -95.0
204 249 -97.0
204 250 -109.0
204 251 -103.0
204 252 -89.0
204 253 -105.0
204 254 -96.0
204 255 -100.0
204 256 -103.0
204 257 -102.0
204 258 -104.0
204 259 -100.0
204 260 -104.0
204 261 -101.0
204 262 -95.0
204 263 -101.0
204 264 -98.0
204 265 -100.0
204 266 -92.0
204 267 -105.0
204 268 -95.0
204 269 -109.0
204 270 -102.0
204 271 -99.0
204 272 -111.0
204 273 -104.0
204 274 -90.0
204 275 -103.0
204 276 -98.0
204 277 -104.0
204 278 -96.0
204 279 -97.0
204 280 -101.0
204 281 -90.0
204 282 -98.0
204 283 -101.0
204 284 -95.0
204 285 -104.0
204 286 -99.0
204 287 -102.0
204 288 -97.0
204 289 -95.0
204 290 -99.0
204 291 -95.0
204 292 -92.0
204 293 -110.0
204 294 -97.0
204 295 -97.0
204 296 -100.0
204 297 -107.0
204 298 -99.0
204 299 -101.0
204 300 -97.0
204 301 -104.0
204 302 -106.0
204 303 -101.0
204 304 -106.0
204 305 -96.0
204 306 -90.0
204 307 -98.0
204 308 -93.0
204 309 -97.0
204 310 -97.0
204 311 -108.0
204 312 -99.0
204 313 -97.0
204 314 -96.0
204 315 -98.0
204 316 -96.0
204 317 -98.0
204 318 -94.0
204 319 -97.0
204 320 -102.0
205 206 -94.0
205 207 -106.0
205 208 -93.0
205 209 -92.0
205 210 -99.0
205 211 -100.0
205 212 -96.0
205 213 -97.0
205 214 -100.0
205 215 -101.0
205 216 -95.0
205 217 -106.0
205 218 -100.0
205 219 -106.0
205 220 -110.0
205 221 -93.0
205 222 -107.0
205 223 -99.0
205 224 -106.0
205 225 -91.0
205 226 -103.0
205 227 -105.0
205 228 -101.0
205 229 -105.0
205 230 -106.0
205 231 -103.0
205 232 -109.0
205 233 -96.0
205 234 -95.0
205 235 -97.0
205 236 -114.0
205 237 -98.0
205 238 -108.0
205 239 -99.0
205 240 -102.0
205 241 -91.0
205 242 -97.0
205 243 -98.0
205 244 -102.0
205 245 -100.0
205 246 -102.0
205 247 -101.0
205 248 -97.0
205 249 -97.0
205 250 -104.0
205 251 -98.0
205 252 -97.0
205 253 -100.0
205 254 -98.0
205 255 -100.0
205 256 -111.0
205 257 -95.0
205 258 -98.0
205 259 -85.0
205 260 -90.0
205 261 -95.0
205 262 -107.0
205 263 -100.0
205 264 -105.0
205 265 -107.0
205 266 -103.0
205 267 -92.0
205 268 -98.0
205 269 -96.0
205 270 -90.0
205 271 -89.0
205 272 -105.0
205 273 -103.0
205 274 -106.0
205 275 -93.0
205 276 -104.0
205 277 -99.0
205 278 -99.0
205 279 -105.0
205 280 -104.0
205 281 -95.0
205 282 -104.0
205 283 -105.0
205 284 -101.0
205 285 -96.0
205 286 -104.0
205 287 -106.0
205 288 -103.0
205 289 -94.0
205 290 -95.0
205 291 -109.0
205 292 -96.0
205 293 -99.0
205 294 -97.0
205 295 -97.0
205 296 -104.0
205 297 -96.0
205 298 -104.0
205 299 -101.0
205 300 -105.0
205 301 -110.0
205 302 -106.0
205 303 -97.0
205 304 -100.0
205 305 -96.0
205 306 -103.0
205 307 -111.0
205 308 -99.0
205 309 -96.0
205 310 -96.0
205 311 -102.0
205 312 -102.0
205 313 -93.0
205 314 -102.0
205 315 -108.0
205 316 -102.0
205 317 -96.0
205 318 -98.0
205 319 -101.0
205 320 -92.0
206 207 -99.0
206 208 -90.0
206 209 -95.0
206 210 -97.0
206 211 -107.0
206 212 -99.0
206 213 -92.0
206 214 -103.0
206 215 -98.0
206 216 -104.0
206 217 -98.0
206 218 -108.0
206 219 -100.0
206 220 -102.0
206 221 -94.0
206 222 -97.0
206 223 -95.0
206 224 -103.0
206 225 -104.0
206 226 -108.0
206 227 -110.0
206 228 -100.0
206 229 -105.0
206 230 -100.0
206 231 -96.0
206 232 -100.0
206 233 -97.0
206 234 -100.0
206 235 -107.0
206 236 -101.0
206 237 -103.0
206 238 -92.0
206 239 -96.0
206 240 -94.0
206 241 -99.0
206 242 -103.0
206 243 -97.0
206 244 -103.0
206 245 -96.0
206 246 -101.0
206 247 -98.0
206 248 -95.0
206 249 -98.0
206 250 -96.0
206 251 -96.0
206 252 -115.0
206 253 -103.0
206 254 -93.0
206 255 -100.0
206 256 -100.0
206 257 -96.0
206 258 -103.0
206 259 -97.0
206 260 -92.0
206 261 -99.0
206 262 -106.0
206 263 -95.0
206 264 -97.0
206 265 -94.0
206 266 -99.0
206 267 -103.0
206 268 -100.0
206 269 -105.0
206 270 -97.0
206 271 -105.0
206 272 -109.0
206 273 -99.0
206 274 -104.0
206 275 -85.0
206 276 -92.0
206 277 -97.0
206 278 -91.0
206 279 -96.0
206 280 -104.0
206 281 -93.0
206 282 -99.0
206 283 -104.0
206 284 -100.0
206 285 -106.0
206 286 -110.0
206 287 -104.0
206 288 -106.0
206 289 -99.0
206 290 -102.0
206 291 -103.0
206 292 -100.0
206 293 -99.0
206 294 -103.0
206 295 -101.0
206 296 -94.0
206 297 -97.0
206 298 -99.0
206 299 -97.0
206 300 -95.0
206 301 -91.0
206 302 -98.0
206 303 -100.0
206 304 -102.0
206 305 -95.0
206 306 -102.0
206 307 -110.0
206 308 -105.0
206 309 -103.0
206 310 -95.0
206 311 -104.0
206 312 -100.0
206 313 -108.0
206 314 -100.0
206 315 -98.0
206 316 -108.0
206 317 -100.0
206 318 -88.0
206 319 -94.0
206 320 -108.0
207 208 -105.0
207 209 -100.0
207 210 -102.0
207 211 -104.0
207 212 -91.0
207 213 -101.0
207 214 -97.0
207 215 -92.0
207 216 -94.0
207 217 -95.0
207 218 -102.0
207 219 -97.0
207 220 -97.0
207 221 -110.0
207 222 -106.0
207 223 -96.0
207 224 -95.0
207 225 -99.0
207 226 -96.0
207 227 -114.0
207 228 -101.0
207 229 -102.0
207 230 -100.0
207 231 -105.0
207 232 -93.0
207 233 -102.0
207 234 -93.0
207 235 -100.0
207 236 -110.0
207 237 -98.0
207 238 -104.0
207 239 -92.0
207 240 -96.0
207 241 -109.0
207 242 -93.0
207 243 -102.0
207 244 -95.0
207 245 -103.0
207 246 -97.0
207 247 -103.0
207 248 -108.0
207 249 -103.0
207 250 -102.0
207 251 -95.0
207 252 -105.0
207 253 -96.0
207 254 -103.0
207 255 -102.0
207 256 -104.0
207 257 -98.0
207 258 -100.0
207 259 -100.0
207 260 -101.0
207 261 -93.0
207 262 -101.0
207 263 -104.0
207 264 -90.0
207 265 -105.0
207 266 -100.0
207 267 -106.0
207 268 -99.0
207 269 -101.0
207 270 -97.0
207 271 -104.0
207 272 -96.0
207 273 -100.0
207 274 -97.0
207 275 -105.0
207 276 -105.0
207 277 -94.0
207 278 -107.0
207 279 -98.0
207 280 -96.0
207 281 -101.0
207 282 -110.0
207 283 -105.0
207 284 -104.0
207 285 -104.0
207 286 -102.0
207 287 -92.0
207 288 -106.0
207 289 -95.0
207 290 -107.0
207 291 -97.0
207 292 -100.0
207 293 -105.0
207 294 -101.0
207 295 -97.0
207 296 -110.0
207 297 -106.0
207 298 -98.0
207 299 -85.0
207 300 -102.0
207 301 -99.0
207 302 -100.0
207 303 -97.0
207 304 -93.0
207 305 -103.0
207 306 -101.0
207 307 -104.0
207 308 -100.0
207 309 -98.0
207 310 -95.0
207 311 -95.0
207 312 -89.0
207 313 -96.0
207 314 -93.0
207 315 -91.0
207 316 -99.0
207 317 -101.0
207 318 -102.0
207 319 -100.0
207 320 -98.0
208 209 -108.0
208 210 -96.0
208 211 -99.0
208 212 -101.0
208 213 -101.0
208 214 -98.0
208 215 -100.0
208 216 -93.0
208 217 -107.0
208 218 -100.0
208 219 -99.0
208 220 -98.0
208 221 -102.0
208 222 -104.0
208 223 -110.0
208 224 -103.0
208 225 -102.0
208 226 -102.0
208 227 -103.0
208 228 -92.0
208 229 -98.0
208 230 -90.0
208 231 -98.0
208 232 -103.0
208 233 -98.0
208 234 -103.0
208 235 -94.0
208 236 -93.0
208 237 -94.0
208 238 -103.0
208 239 -102.0
208 240 -103.0
208 241 -98.0
208 242 -97.0
208 243 -92.0
208 244 -95.0
208 245 -99.0
208 246 -94.0
208 247 -97.0
208 248 -103.0
208 249 -98.0
208 250 -96.0
208 251 -94.0
208 252 -98.0
208 253 -99.0
208 254 -99.0
208 255 -96.0
208 256 -95.0
208 257 -105.0
208 258 -94.0
208 259 -96.0
208 260 -103.0
208 261 -97.0
208 262 -101.0
208 263 -91.0
208 264 -93.0
208 265 -96.0
208 266 -100.0
208 267 -95.0
208 268 -110.0
208 269 -99.0
208 270 -103.0
208 271 -98.0
208 272 -94.0
208 273 -110.0
208 274 -99.0
208 275 -102.0
208 276 -99.0
208 277 -94.0
208 278 -95.0
208 279 -100.0
208 280 -106.0
208 281 -99.0
208 282 -109.0
208 283 -96.0
208 284 -98.0
208 285 -93.0
208 286 -97.0
208 287 -96.0
208 288 -94.0
208 289 -104.0
208 290 -92.0
208 291 -98.0
208 292 -107.0
208 293 -99.0
208 294 -103.0
208 295 -105.0
208 296 -100.0
208 297 -100.0
208 298 -87.0
208 299 -109.0
208 300 -104.0
208 301 -97.0
208 302 -99.0
208 303 -99.0
208 304 -104.0
208 305 -102.0
208 306 -92.0
208 307 -98.0
208 308 -94.0
208 309 -102.0
208 310 -101.0
208 311 -101.0
208 312 -93.0
208 313 -102.0
208 314 -102.0
208 315 -92.0
208 316 -107.0
208 317 -99.0
208 318 -103.0
208 319 -98.0
208 320 -96.0
209 210 -98.0
209 211 -95.0
209 212 -100.0
209 213 -93.0
209 214 -104.0
209 215 -99.0
209 216 -105.0
209 217 -98.0
209 218 -109.0
209 219 -92.0
209 220 -95.0
209 221 -100.0
209 222 -102.0
209 223 -95.0
209 224 -106.0
209 225 -102.0
209 226 -97.0
209 227 -95.0
209 228 -94.0
209 229 -94.0
209 230 -99.0
209 231 -98.0
209 232 -98.0
209 233 -100.0
209 234 -104.0
209 235 -101.0
209 236 -103.0
209 237 -101.0
209 238 -101.0
209 239 -101.0
209 240 -98.0
209 241 -100.0
209 242 -107.0
209 243 -90.0
209 244 -102.0
209 245 -98.0
209 246 -91.0
209 247 -101.0
209 248 -94.0
209 249 -97.0
209 250 -101.0
209 251 -94.0
209 252 -103.0
209 253 -95.0
209 254 -88.0
209 255 -95.0
209 256 -87.0
209 257 -106.0
209 258 -101.0
209 259 -86.0
209 260 -106.0
209 261 -102.0
209 262 -99.0
209 263 -101.0
209 264 -100.0
209 265 -98.0
209 266 -98.0
209 267 -92.0
209 268 -102.0
209 269 -101.0
209 270 -101.0
209 271 -101.0
209 272 -96.0
209 273 -94.0
209 274 -90.0
209 275 -99.0
209 276 -86.0
209 277 -98.0
209 278 -98.0
209 279 -106.0
209 280 -106.0
209 281 -102.0
209 282 -107.0
209 283 -100.0
209 284 -95.0
209 285 -100.0
209 286 -99.0
209 287 -102.0
209 288 -110.0
209 289 -102.0
209 290 -103.0
209 291 -99.0
209 292 -87.0
209 293 -100.0
209 294 -99.0
209 295 -107.0
209 296 -93.0
209 297 -107.0
209 298 -109.0
209 299 -93.0
209 300 -98.0
209 301 -100.0
209 302 -98.0
209 303 -100.0
209 304 -97.0
209 305 -100.0
209 306 -98.0
209 307 -104.0
209 308 -98.0
209 309 -99.0
209 310 -96.0
209 311 -95.0
209 312 -99.0
209 313 -91.0
209 314 -101.0
209 315 -99.0
209 316 -95.0
209 317 -100.0
209 318 -97.0
209 319 -105.0
209 320 -93.0
210 211 -105.0
210 212 -106.0
210 213 -94.0
210 214 -108.0
210 215 -100.0
210 216 -102.0
210 217 -100.0
210 218 -103.0
210 219 -101.0
210 220 -103.0
210 221 -96.0
210 222 -99.0
210 223 -104.0
210 224 -101.0
210 225 -97.0
210 226 -93.0
210 227 -103.0
210 228 -101.0
210 229 -100.0
210 230 -102.0
210 231 -102.0
210 232 -106.0
210 233 -102.0
210 234 -103.0
210 235 -93.0
210 236 -98.0
210 237 -102.0
210 238 -98.0
210 239 -97.0
210 240 -104.0
210 241 -97.0
210 242 -97.0
210 243 -104.0
210 244 -101.0
210 245 -97.0
210 246 -99.0
210 247 -95.0
210 248 -102.0
210 249 -92.0
210 250 -103.0
210 251 -101.0
210 252 -100.0
210 253 -94.0
210 254 -103.0
210 255 -101.0
210 256 -99.0
210 257 -97.0
210 258 -99.0
210 259 -95.0
210 260 -104.0
210 261 -100.0
210 262 -92.0
210 263 -97.0
210 264 -99.0
210 265 -94.0
210 266 -101.0
210 267 -89.0
210 268 -93.0
210 269 -96.0
210 270 -103.0
210 271 -96.0
210 272 -96.0
210 273 -95.0
210 274 -94.0
210 275 -92.0
210 276 -104.0
210 277 -100.0
210 278 -100.0
210 279 -96.0
210 280 -102.0
210 281 -90.0
210 282 -103.0
210 283 -103.0
210 284 -96.0
210 285 -94.0
210 286 -92.0
210 287 -94.0
210 288 -97.0
210 289 -99.0
210 290 -101.0
210 291 -90.0
210 292 -97.0
210 293 -101.0
210 294 -100.0
210 295 -96.0
210 296 -105.0
210 297 -91.0
210 298 -105.0
210 299 -106.0
210 300 -109.0
210 301 -96.0
210 302 -91.0
210 303 -97.0
210 304 -97.0
210 305 -95.0
210 306 -92.0
210 307 -107.0
210 308 -105.0
210 309 -95.0
210 310 -93.0
210 311 -102.0
210 312 -105.0
210 313 -100.0
210 314 -97.0
210 315 -98.0
210 316 -103.0
210 317 -102.0
210 318 -92.0
210 319 -103.0
210 320 -97.0
211 212 -100.0
211 213 -99.0
211 214 -100.0
211 215 -98.0
211 216 -109.0
211 217 -98.0
211 218 -95.0
211 219 -95.0
211 220 -99.0
211 221 -103.0
211 222 -99.0
211 223 -95.0
211 224 -102.0
211 225 -96.0
211 226 -95.0
211 227 -100.0
211 228 -89.0
211 229 -111.0
211 230 -95.0
211 231 -100.0
211 232 -99.0
211 233 -103.0
211 234 -94.0
211 235 -102.0
211 236 -95.0
211 237 -99.0
211 238 -98.0
211 239 -94.0
211 240 -101.0
211 241 -104.0
211 242 -111.0
211 243 -93.0
211 244 -100.0
211 245 -91.0
211 246 -92.0
211 247 -103.0
211 248 -106.0
211 249 -103.0
211 250 -96.0
211 251 -111.0
211 252 -90.0
211 253 -97.0
211 254 -98.0
211 255 -98.0
211 256 -100.0
211 257 -102.0
211 258 -103.0
211 259 -100.0
211 260 -105.0
211 261 -100.0
211 262 -99.0
211 263 -105.0
211 264 -100.0
211 265 -106.0
211 266 -100.0
211 267 -106.0
211 268 -105.0
211 269 -100.0
211 270 -104.0
211 271 -103.0
211 272 -97.0
211 273 -95.0
211 274 -94.0
211 275 -105.0
211 276 -103.0
211 277 -102.0
211 278 -102.0
211 279 -101.0
211 280 -102.0
211 281 -94.0
211 282 -94.0
211 283 -96.0
211 284 -99.0
211 285 -104.0
211 286 -110.0
211 287 -91.0
211 288 -95.0
211 289 -96.0
211 290 -97.0
211 291 -98.0
211 292 -102.0
211 293 -103.0
211 294 -96.0
211 295 -91.0
211 296 -103.0
211 297 -112.0
211 298 -96.0
211 299 -92.0
211 300 -103.0
211 301 -99.0
211 302 -98.0
211 303 -100.0
211 304 -104.0
211 305 -100.0
211 306 -101.0
211 307 -95.0
211 308 -91.0
211 309 -108.0
211 310 -111.0
211 311 -96.0
211 312 -99.0
211 313 -100.0
211 314 -94.0
211 315 -102.0
211 316 -98.0
211 317 -101.0
211 318 -112.0
211 319 -94.0
211 320 -102.0
212 213 -95.0
212 214 -104.0
212 215 -89.0
212 216 -105.0
212 217 -98.0
212 218 -97.0
212 219 -107.0
212 220 -106.0
212 221 -92.0
212 222 -104.0
212 223 -98.0
212 224 -104.0
212 225 -95.0
212 226 -106.0
212 227 -106.0
212 228 -95.0
212 229 -94.0
212 230 -95.0
212 231 -102.0
212 232 -114.0
212 233 -104.0
212 234 -98.0
212 235 -94.0
212 236 -98.0
212 237 -99.0
212 238 -98.0
212 239 -99.0
212 240 -97.0
212 241 -100.0
212 242 -91.0
212 243 -106.0
212 244 -96.0
212 245 -98.0
212 246 -89.0
212 247 -101.0
212 248 -108.0
212 249 -99.0
212 250 -92.0
212 251 -98.0
212 252 -107.0
212 253 -97.0
212 254 -110.0
212 255 -97.0
212 256 -100.0
212 257 -94.0
212 258 -99.0
212 259 -96.0
212 260 -99.0
212 261 -94.0
212 262 -102.0
212 263 -101.0
212 264 -105.0
212 265 -107.0
212 266 -95.0
212 267 -101.0
212 268 -92.0
212 269 -100.0
212 270 -95.0
212 271 -105.0
212 272 -91.0
212 273 -99.0
212 274 -103.0
212 275 -102.0
212 276 -102.0
212 277 -101.0
212 278 -96.0
212 279 -103.0
212 280 -109.0
212 281 -95.0
212 282 -105.0
212 283 -100.0
212 284 -102.0
212 285 -104.0
212 286 -93.0
212 287 -92.0
212 288 -95.0
212 289 -103.0
212 290 -101.0
212 291 -103.0
212 292 -107.0
212 293 -100.0
212 294 -106.0
212 295 -98.0
212 296 -99.0
212 297 -91.0
212 298 -94.0
212 299 -105.0
212 300 -102.0
212 301 -97.0
212 302 -105.0
212 303 -93.0
212 304 -99.0
212 305 -97.0
212 306 -98.0
212 307 -100.0
212 308 -94.0
212 309 -96.0
212 310 -100.0
212 311 -109.0
212 312 -96.0
212 313 -102.0
212 314 -98.0
212 315 -102.0
212 316 -104.0
212 317 -106.0
212 318 -95.0
212 319 -93.0
212 320 -100.0
213 214 -104.0
213 215 -92.0
213 216 -100.0
213 217 -100.0
213 218 -106.0
213 219 -99.0
213 220 -105.0
213 221 -91.0
213 222 -99.0
213 223 -103.0
213 224 -97.0
213 225 -97.0
213 226 -97.0
213 227 -93.0
213 228 -87.0
213 229 -102.0
213 230 -96.0
213 231 -97.0
213 232 -96.0
213 233 -102.0
213 234 -100.0
213 235 -110.0
213 236 -105.0
213 237 -106.0
213 238 -101.0
213 239 -104.0
213 240 -103.0
213 241 -103.0
213 242 -100.0
213 243 -99.0
213 244 -103.0
213 245 -101.0
213 246 -101.0
213 247 -93.0
213 248 -104.0
213 249 -102.0
213 250 -102.0
213 251 -96.0
213 252 -103.0
213 253 -99.0
213 254 -98.0
213 255 -106.0
213 256 -89.0
213 257 -99.0
213 258 -106.0
213 259 -98.0
213 260 -101.0
213 261 -102.0
213 262 -90.0
213 263 -101.0
213 264 -102.0
213 265 -90.0
213 266 -98.0
213 267 -93.0
213 268 -96.0
213 269 -94.0
213 270 -105.0
213 271 -99.0
213 272 -101.0
213 273 -94.0
213 274 -106.0
213 275 -97.0
213 276 -96.0
213 277 -102.0
213 278 -93.0
213 279 -101.0
213 280 -101.0
213 281 -100.0
213 282 -92.0
213 283 -101.0
213 284 -100.0
213 285 -94.0
213 286 -98.0
213 287 -104.0
213 288 -107.0
213 289 -104.0
213 290 -100.0
213 291 -99.0
213 292 -100.0
213 293 -106.0
213 294 -101.0
213 295 -105.0
213 296 -106.0
213 297 -110.0
213 298 -96.0
213 299 -106.0
213 300 -91.0
213 301 -99.0
213 302 -103.0
213 303 -104.0
213 304 -101.0
213 305 -87.0
213 306 -95.0
213 307 -101.0
213 308 -101.0
213 309 -96.0
213 310 -95.0
213 311 -101.0
213 312 -96.0
213 313 -93.0
213 314 -105.0
213 315 -105.0
213 316 -100.0
213 317 -91.0
213 318 -96.0
213 319 -107.0
213 320 -103.0
214 215 -98.0
214 216 -96.0
214 217 -103.0
214 218 -98.0
214 219 -102.0
214 220 -104.0
214 221 -106.0
214 222 -90.0
214 223 -103.0
214 224 -94.0
214 225 -103.0
214 226 -97.0
214 227 -107.0
214 228 -103.0
214 229 -102.0
214 230 -99.0
214 231 -100.0
214 232 -101.0
214 233 -98.0
214 234 -98.0
214 235 -106.0
214 236 -94.0
214 237 -100.0
214 238 -104.0
214 239 -98.0
214 240 -95.0
214 241 -108.0
214 242 -106.0
214 243 -93.0
214 244 -98.0
214 245 -92.0
214 246 -97.0
214 247 -103.0
214 248 -95.0
214 249 -102.0
214 250 -99.0
214 251 -105.0
214 252 -97.0
214 253 -100.0
214 254 -105.0
214 255 -100.0
214 256 -102.0
214 257 -97.0
214 258 -94.0
214 259 -107.0
214 260 -104.0
214 261 -102.0
214 262 -103.0
214 263 -103.0
214 264 -106.0
214 265 -99.0
214 266 -98.0
214 267 -90.0
214 268 -103.0
214 269 -98.0
214 270 -102.0
214 271 -103.0
214 272 -100.0
214 273 -110.0
214 274 -101.0
214 275 -94.0
214 276 -101.0
214 277 -104.0
214 278 -108.0
214 279 -101.0
214 280 -99.0
214 281 -109.0
214 282 -105.0
214 283 -96.0
214 284 -105.0
214 285 -98.0
214 286 -100.0
214 287 -100.0
214 288 -108.0
214 289 -99.0
214 290 -103.0
214 291 -105.0
214 292 -110.0
214 293 -92.0
214 294 -98.0
214 295 -102.0
214 296 -91.0
214 297 -100.0
214 298 -98.0
214 299 -93.0
214 300 -96.0
214 301 -93.0
214 302 -104.0
214 303 -101.0
214 304 -100.0
214 305 -98.0
214 306 -104.0
214 307 -102.0
214 308 -94.0
214 309 -96.0
214 310 -103.0
214 311 -95.0
214 312 -99.0
214 313 -101.0
214 314 -100.0
214 315 -100.0
214 316 -92.0
214 317 -97.0
214 318 -103.0
214 319 -91.0
214 320 -95.0
215 216 -106.0
215 217 -101.0
215 218 -95.0
215 219 -105.0
215 220 -96.0
215 221 -100.0
215 222 -100.0
215 223 -104.0
215 224 -104.0
215 225 -112.0
215 226 -96.0
215 227 -96.0
215 228 -100.0
215 229 -95.0
215 230 -98.0
215 231 -104.0
215 232 -101.0
215 233 -99.0
215 234 -101.0
215 235 -97.0
215 236 -102.0
215 237 -102.0
215 238 -103.0
215 239 -101.0
215 240 -99.0
215 241 -105.0
215 242 -97.0
215 243 -98.0
215 244 -106.0
215 245 -101.0
215 246 -97.0
215 247 -102.0
215 248 -101.0
215 249 -100.0
215 250 -106.0
215 251 -91.0
215 252 -95.0
215 253 -97.0
215 254 -102.0
215 255 -101.0
215 256 -101.0
215 257 -101.0
215 258 -103.0
215 259 -101.0
215 260 -98.0
215 261 -96.0
215 262 -104.0
215 263 -97.0
215 264 -101.0
215 265 -99.0
215 266 -101.0
215 267 -100.0
215 268 -112.0
215 269 -98.0
215 270 -105.0
215 271 -96.0
215 272 -107.0
215 273 -101.0
215 274 -92.0
215 275 -95.0
215 276 -94.0
215 277 -106.0
215 278 -111.0
215 279 -97.0
215 280 -95.0
215 281 -101.0
215 282 -96.0
215 283 -101.0
215 284 -92.0
215 285 -101.0
215 286 -99.0
215 287 -101.0
215 288 -99.0
215 289 -102.0
215 290 -102.0
215 291 -112.0
215 292 -101.0
215 293 -108.0
215 294 -106.0
215 295 -101.0
215 296 -98.0
215 297 -108.0
215 298 -97.0
215 299 -108.0
215 300 -109.0
215 301 -98.0
215 302 -93.0
215 303 -99.0
215 304 -101.0
215 305 -94.0
215 306 -101.0
215 307 -100.0
215 308 -97.0
215 309 -99.0
215 310 -97.0
215 311 -98.0
215 312 -105.0
215 313 -99.0
215 314 -100.0
215 315 -102.0
215 316 -99.0
215 317 -106.0
215 318 -99.0
215 319 -100.0
215 320 -98.0
216 217 -100.0
216 218 -101.0
216 219 -103.0
216 220 -93.0
216 221 -96.0
216 222 -97.0
216 223 -105.0
216 224 -103.0
216 225 -104.0
216 226 -100.0
216 227 -98.0
216 228 -103.0
216 229 -93.0
216 230 -100.0
216 231 -98.0
216 232 -96.0
216 233 -101.0
216 234 -92.0
216 235 -103.0
216 236 -99.0
216 237 -100.0
216 238 -97.0
216 239 -100.0
216 240 -100.0
216 241 -97.0
216 242 -99.0
216 243 -104.0
216 244 -97.0
216 245 -93.0
216 246 -102.0
216 247 -97.0
216 248 -102.0
216 249 -103.0
216 250 -92.0
216 251 -104.0
216 252 -94.0
216 253 -105.0
216 254 -104.0
216 255 -104.0
216 256 -101.0
216 257 -99.0
216 258 -104.0
216 259 -102.0
216 260 -102.0
216 261 -108.0
216 262 -106.0
216 263 -99.0
216 264 -104.0
216 265 -112.0
216 266 -93.0
216 267 -105.0
216 268 -98.0
216 269 -108.0
216 270 -104.0
216 271 -102.0
216 272 -102.0
216 273 -102.0
216 274 -100.0
216 275 -92.0
216 276 -101.0
216 277 -97.0
216 278 -96.0
216 279 -104.0
216 280 -105.0
216 281 -95.0
216 282 -94.0
216 283 -107.0
216 284 -102.0
216 285 -101.0
216 286 -104.0
216 287 -102.0
216 288 -93.0
216 289 -99.0
216 290 -103.0
216 291 -96.0
216 292 -87.0
216 293 -102.0
216 294 -103.0
216 295 -106.0
216 296 -98.0
216 297 -99.0
216 298 -98.0
216 299 -96.0
216 300 -94.0
216 301 -91.0
216 302 -99.0
216 303 -90.0
216 304 -103.0
216 305 -103.0
216 306 -94.0
216 307 -105.0
216 308 -101.0
216 309 -115.0
216 310 -92.0
216 311 -99.0
216 312 -107.0
216 313 -99.0
216 314 -102.0
216 315 -94.0
216 316 -104.0
216 317 -105.0
216 318 -104.0
216 319 -97.0
216 320 -96.0
217 218 -96.0
217 219 -95.0
217 220 -102.0
217 221 -105.0
217 222 -97.0
217 223 -102.0
217 224 -97.0
217 225 -98.0
217 226 -99.0
217 227 -100.0
217 228 -112.0
217 229 -103.0
217 230 -102.0
217 231 -100.0
217 232 -98.0
217 233 -92.0
217 234 -106.0
217 235 -98.0
217 236 -98.0
217 237 -94.0
217 238 -96.0
217 239 -97.0
217 240 -103.0
217 241 -102.0
217 242 -103.0
217 243 -89.0
217 244 -92.0
217 245 -104.0
217 246 -98.0
217 247 -92.0
217 248 -89.0
217 249 -103.0
217 250 -112.0
217 251 -110.0
217 252 -96.0
217 253 -95.0
217 254 -103.0
217 255 -97.0
217 256 -98.0
217 257 -108.0
217 258 -94.0
217 259 -97.0
217 260 -97.0
217 261 -94.0
217 262 -101.0
217 263 -107.0
217 264 -102.0
217 265 -105.0
217 266 -92.0
217 267 -99.0
217 268 -94.0
217 269 -95.0
217 270 -102.0
217 271 -98.0
217 272 -90.0
217 273 -99.0
217 274 -100.0
217 275 -98.0
217 276 -100.0
217 277 -101.0
217 278 -103.0
217 279 -97.0
217 280 -109.0
217 281 -101.0
217 282 -101.0
217 283 -101.0
217 284 -95.0
217 285 -102.0
217 286 -99.0
217 287 -101.0
217 288 -91.0
217 289 -97.0
217 290 -102.0
217 291 -99.0
217 292 -99.0
217 293 -99.0
217 294 -109.0
217 295 -102.0
217 296 -81.0
217 297 -100.0
217 298 -96.0
217 299 -97.0
217 300 -106.0
217 301 -92.0
217 302 -101.0
217 303 -98.0
217 304 -104.0
217 305 -96.0
217 306 -98.0
217 307 -92.0
217 308 -109.0
217 309 -96.0
217 310 -103.0
217 311 -99.0
217 312 -91.0
217 313 -106.0
217 314 -102.0
217 315 -106.0
217 316 -96.0
217 317 -106.0
217 318 -106.0
217 319 -93.0
217 320 -100.0
218 219 -103.0
218 220 -102.0
218 221 -99.0
218 222 -96.0
218 223 -100.0
218 224 -106.0
218 225 -93.0
218 226 -103.0
218 227 -97.0
218 228 -106.0
218 229 -94.0
218 230 -90.0
218 231 -104.0
218 232 -101.0
218 233 -102.0
218 234 -95.0
218 235 -104.0
218 236 -106.0
218 237 -97.0
218 238 -100.0
218 239 -97.0
218 240 -100.0
218 241 -97.0
218 242 -102.0
218 243 -99.0
218 244 -107.0
218 245 -107.0
218 246 -103.0
218 247 -99.0
218 248 -101.0
218 249 -102.0
218 250 -94.0
218 251 -97.0
218 252 -98.0
218 253 -110.0
218 254 -99.0
218 255 -98.0
218 256 -95.0
218 257 -101.0
218 258 -92.0
218 259 -98.0
218 260 -99.0
218 261 -94.0
218 262 -101.0
218 263 -97.0
218 264 -94.0
218 265 -101.0
218 266 -99.0
218 267 -98.0
218 268 -100.0
218 269 -99.0
218 270 -97.0
218 271 -98.0
218 272 -97.0
218 273 -95.0
218 274 -92.0
218 275 -108.0
218 276 -99.0
218 277 -94.0
218 278 -99.0
218 279 -104.0
218 280 -95.0
218 281 -99.0
218 282 -92.0
218 283 -98.0
218 284 -93.0
218 285 -95.0
218 286 -100.0
218 287 -107.0
218 288 -100.0
218 289 -99.0
218 290 -102.0
218 291 -97.0
218 292 -102.0
218 293 -94.0
218 294 -97.0
218 295 -90.0
218 296 -103.0
218 297 -95.0
218 298 -100.0
218 299 -93.0
218 300 -100.0
218 301 -110.0
218 302 -101.0
218 303 -98.0
218 304 -106.0
218 305 -91.0
218 306 -102.0
218 307 -98.0
218 308 -105.0
218 309 -103.0
218 310 -88.0
218 311 -98.0
218 312 -100.0
218 313 -98.0
218 314 -107.0
218 315 -101.0
218 316 -98.0
218 317 -99.0
218 318 -103.0
218 319 -92.0
218 320 -98.0
219 220 -91.0
219 221 -95.0
219 222 -102.0
219 223 -107.0
219 224 -96.0
219 225 -99.0
219 226 -96.0
219 227 -109.0
219 228 -100.0
219 229 -92.0
219 230 -107.0
219 231 -98.0
219 232 -105.0
219 233 -98.0
219 234 -100.0
219 235 -101.0
219 236 -96.0
219 237 -91.0
219 238 -102.0
219 239 -101.0
219 240 -99.0
219 241 -91.0
219 242 -98.0
219 243 -100.0
219 244 -99.0
219 245 -100.0
219 246 -94.0
219 247 -93.0
219 248 -98.0
219 249 -101.0
219 250 -96.0
219 251 -106.0
219 252 -92.0
219 253 -111.0
219 254 -105.0
219 255 -104.0
219 256 -108.0
219 257 -103.0
219 258 -88.0
219 259 -106.0
219 260 -94.0
219 261 -97.0
219 262 -100.0
219 263 -96.0
219 264 -97.0
219 265 -103.0
219 266 -106.0
219 267 -94.0
219 268 -106.0
219 269 -95.0
219 270 -102.0
219 271 -102.0
219 272 -104.0
219 273 -96.0
219 274 -103.0
219 275 -102.0
219 276 -107.0
219 277 -108.0
219 278 -105.0
219 279 -92.0
219 280 -97.0
219 281 -95.0
219 282 -103.0
219 283 -104.0
219 284 -97.0
219 285 -97.0
219 286 -103.0
219 287 -98.0
219 288 -95.0
219 289 -104.0
219 290 -99.0
219 291 -102.0
219 292 -98.0
219 293 -100.0
219 294 -104.0
219 295 -105.0
219 296 -101.0
219 297 -101.0
219 298 -93.0
219 299 -102.0
219 300 -94.0
219 301 -96.0
219 302 -98.0
219 303 -98.0
219 304 -99.0
219 305 -103.0
219 306 -94.0
219 307 -89.0
219 308 -105.0
219 309 -107.0
219 310 -108.0
219 311 -104.0
219 312 -98.0
219 313 -101.0
219 314 -101.0
219 315 -98.0
219 316 -102.0
219 317 -98.0
219 318 -94.0
219 319 -101.0
219 320 -102.0
220 221 -103.0
220 222 -98.0
220 223 -103.0
220 224 -104.0
220 225 -98.0
220 226 -104.0
220 227 -100.0
220 228 -94.0
220 229 -99.0
220 230 -94.0
220 231 -100.0
220 232 -101.0
220 233 -103.0
220 234 -97.0
220 235 -96.0
220 236 -106.0
220 237 -102.0
220 238 -92.0
220 239 -105.0
220 240 -93.0
220 241 -105.0
220 242 -109.0
220 243 -100.0
220 244 -103.0
220 245 -95.0
220 246 -99.0
220 247 -103.0
220 248 -93.0
220 249 -101.0
220 250 -91.0
220 251 -111.0
220 252 -95.0
220 253 -96.0
220 254 -90.0
220 255 -97.0
220 256 -98.0
220 257 -98.0
220 258 -103.0
220 259 -98.0
220 260 -90.0
220 261 -107.0
220 262 -103.0
220 263 -98.0
220 264 -98.0
220 265 -101.0
220 266 -97.0
220 267 -92.0
220 268 -92.0
220 269 -97.0
220 270 -98.0
220 271 -98.0
220 272 -92.0
220 273 -97.0
220 274 -94.0
220 275 -102.0
220 276 -94.0
220 277 -103.0
220 278 -92.0
220 279 -99.0
220 280 -93.0
220 281 -101.0
220 282 -92.0
220 283 -104.0
220 284 -93.0
220 285 -98.0
220 286 -105.0
220 287 -101.0
220 288 -103.0
220 289 -102.0
220 290 -101.0
220 291 -100.0
220 292 -101.0
220 293 -96.0
220 294 -102.0
220 295 -97.0
220 296 -94.0
220 297 -92.0
220 298 -88.0
220 299 -108.0
220 300 -105.0
220 301 -98.0
220 302 -92.0
220 303 -103.0
220 304 -99.0
220 305 -97.0
220 306 -107.0
220 307 -110.0
220 308 -95.0
220 309 -94.0
220 310 -107.0
220 311 -97.0
220 312 -100.0
220 313 -93.0
220 314 -98.0
220 315 -105.0
220 316 -102.0
220 317 -91.0
220 318 -103.0
220 319 -111.0
220 320 -90.0
221 222 -94.0
221 223 -105.0
221 224 -111.0
221 225 -100.0
221 226 -104.0
221 227 -99.0
221 228 -116.0
221 229 -101.0
221 230 -102.0
221 231 -98.0
221 232 -90.0
221 233 -101.0
221 234 -99.0
221 235 -103.0
221 236 -100.0
221 237 -102.0
221 238 -104.0
221 239 -107.0
221 240 -97.0
221 241 -96.0
221 242 -91.0
221 243 -108.0
221 244 -101.0
221 245 -98.0
221 246 -99.0
221 247 -94.0
221 248 -97.0
221 249 -93.0
221 250 -98.0
221 251 -97.0
221 252 -93.0
221 253 -99.0
221 254 -100.0
221 255 -98.0
221 256 -100.0
221 257 -105.0
221 258 -98.0
221 259 -96.0
221 260 -93.0
221 261 -99.0
221 262 -96.0
221 263 -111.0
221 264 -95.0
221 265 -101.0
221 266 -99.0
221 267 -96.0
221 268 -106.0
221 269 -93.0
221 270 -100.0
221 271 -105.0
221 272 -92.0
221 273 -98.0
221 274 -104.0
221 275 -99.0
221 276 -103.0
221 277 -100.0
221 278 -93.0
221 279 -99.0
221 280 -96.0
221 281 -96.0
221 282 -94.0
221 283 -97.0
221 284 -96.0
221 285 -97.0
221 286 -103.0
221 287 -92.0
221 288 -98.0
221 289 -109.0
221 290 -105.0
221 291 -96.0
221 292 -104.0
221 293 -96.0
221 294 -92.0
221 295 -105.0
221 296 -105.0
221 297 -103.0
221 298 -101.0
221 299 -92.0
221 300 -92.0
221 301 -106.0
221 302 -95.0
221 303 -99.0
221 304 -104.0
221 305 -106.0
221 306 -97.0
221 307 -95.0
221 308 -106.0
221 309 -103.0
221 310 -106.0
221 311 -94.0
221 312 -100.0
221 313 -91.0
221 314 -91.0
221 315 -90.0
221 316 -96.0
221 317 -101.0
221 318 -99.0
221 319 -99.0
221 320 -99.0
222 223 -110.0
222 224 -96.0
222 225 -100.0
222 226 -99.0
222 227 -96.0
222 228 -102.0
222 229 -93.0
222 230 -102.0
222 231 -97.0
222 232 -98.0
222 233 -96.0
222 234 -92.0
222 235 -97.0
222 236 -96.0
222 237 -92.0
222 238 -108.0
222 239 -100.0
222 240 -103.0
222 241 -90.0
222 242 -97.0
222 243 -101.0
222 244 -98.0
222 245 -90.0
222 246 -97.0
222 247 -97.0
222 248 -102.0
222 249 -91.0
222 250 -99.0
222 251 -105.0
222 252 -103.0
222 253 -102.0
222 254 -99.0
222 255 -98.0
222 256 -100.0
222 257 -102.0
222 258 -96.0
222 259 -102.0
222 260 -100.0
222 261 -100.0
222 262 -100.0
222 263 -105.0
222 264 -98.0
222 265 -99.0
222 266 -103.0
222 267 -93.0
222 268 -104.0
222 269 -110.0
222 270 -95.0
222 271 -106.0
222 272 -95.0
222 273 -94.0
222 274 -98.0
222 275 -88.0
222 276 -97.0
222 277 -94.0
222 278 -105.0
222 279 -98.0
222 280 -99.0
222 281 -90.0
222 282 -95.0
222 283 -102.0
222 284 -102.0
222 285 -106.0
222 286 -101.0
222 287 -111.0
222 288 -92.0
222 289 -104.0
222 290 -95.0
222 291 -94.0
222 292 -105.0
222 293 -104.0
222 294 -102.0
222 295 -102.0
222 296 -101.0
222 297 -103.0
222 298 -100.0
222 299 -99.0
222 300 -107.0
222 301 -95.0
222 302 -96.0
222 303 -102.0
222 304 -106.0
222 305 -91.0
222 306 -104.0
222 307 -108.0
222 308 -87.0
222 309 -102.0
222 310 -98.0
222 311 -94.0
222 312 -97.0
222 313 -103.0
222 314 -99.0
222 315 -93.0
222 316 -106.0
222 317 -100.0
222 318 -111.0
222 319 -97.0
222 320 -97.0
223 224 -106.0
223 225 -99.0
223 226 -98.0
223 227 -93.0
223 228 -102.0
223 229 -100.0
223 230 -108.0
223 231 -100.0
223 232 -106.0
223 233 -101.0
223 234 -104.0
223 235 -98.0
223 236 -98.0
223 237 -101.0
223 238 -100.0
223 239 -92.0
223 240 -103.0
223 241 -103.0
223 242 -98.0
223 243 -99.0
223 244 -101.0
223 245 -98.0
223 246 -98.0
223 247 -100.0
223 248 -97.0
223 249 -110.0
223 250 -97.0
223 251 -104.0
223 252 -103.0
223 253 -99.0
223 254 -100.0
223 255 -94.0
223 256 -97.0
223 257 -102.0
223 258 -100.0
223 259 -98.0
223 260 -95.0
223 261 -107.0
223 262 -103.0
223 263 -99.0
223 264 -101.0
223 265 -106.0
223 266 -99.0
223 267 -97.0
223 268 -91.0
223 269 -103.0
223 270 -98.0
223 271 -98.0
223 272 -114.0
223 273 -96.0
223 274 -92.0
223 275 -101.0
223 276 -109.0
223 277 -99.0
223 278 -96.0
223 279 -96.0
223 280 -99.0
223 281 -102.0
223 282 -102.0
223 283 -97.0
223 284 -110.0
223 285 -98.0
223 286 -93.0
223 287 -97.0
223 288 -94.0
223 289 -95.0
223 290 -95.0
223 291 -108.0
223 292 -103.0
223 293 -103.0
223 294 -103.0
223 295 -106.0
223 296 -102.0
223 297 -103.0
223 298 -99.0
223 299 -99.0
223 300 -102.0
223 301 -106.0
223 302 -96.0
223 303 -99.0
223 304 -93.0
223 305 -97.0
223 306 -94.0
223 307 -100.0
223 308 -115.0
223 309 -107.0
223 310 -100.0
223 311 -97.0
223 312 -100.0
223 313 -100.0
223 314 -100.0
223 315 -100.0
223 316 -96.0
223 317 -96.0
223 318 -97.0
223 319 -97.0
223 320 -100.0
224 225 -102.0
224 226 -96.0
224 227 -103.0
224 228 -102.0
224 229 -107.0
224 230 -95.0
224 231 -100.0
224 232 -104.0
224 233 -98.0
224 234 -105.0
224 235 -100.0
224 236 -99.0
224 237 -108.0
224 238 -96.0
224 239 -101.0
224 240 -95.0
224 241 -91.0
224 242 -98.0
224 243 -97.0
224 244 -102.0
224 245 -99.0
224 246 -104.0
224 247 -99.0
224 248 -98.0
224 249 -96.0
224 250 -99.0
224 251 -95.0
224 252 -93.0
224 253 -109.0
224 254 -103.0
224 255 -99.0
224 256 -97.0
224 257 -93.0
224 258 -105.0
224 259 -104.0
224 260 -101.0
224 261 -98.0
224 262 -98.0
224 263 -109.0
224 264 -106.0
224 265 -101.0
224 266 -98.0
224 267 -101.0
224 268 -94.0
224 269 -105.0
224 270 -110.0
224 271 -104.0
224 272 -96.0
224 273 -108.0
224 274 -99.0
224 275 -106.0
224 276 -109.0
224 277 -97.0
224 278 -106.0
224 279 -96.0
224 280 -98.0
224 281 -103.0
224 282 -98.0
224 283 -101.0
224 284 -85.0
224 285 -106.0
224 286 -103.0
224 287 -103.0
224 288 -103.0
224 289 -105.0
224 290 -98.0
224 291 -100.0
224 292 -106.0
224 293 -100.0
224 294 -91.0
224 295 -104.0
224 296 -104.0
224 297 -107.0
224 298 -95.0
224 299 -120.0
224 300 -96.0
224 301 -104.0
224 302 -95.0
224 303 -99.0
224 304 -103.0
224 305 -98.0
224 306 -100.0
224 307 -107.0
224 308 -102.0
224 309 -98.0
224 310 -101.0
224 311 -98.0
224 312 -105.0
224 313 -92.0
224 314 -107.0
224 315 -106.0
224 316 -99.0
224 317 -111.0
224 318 -100.0
224 319 -98.0
224 320 -102.0
225 226 -99.0
225 227 -99.0
225 228 -102.0
225 229 -97.0
225 230 -105.0
225 231 -100.0
225 232 -102.0
225 233 -91.0
225 234 -94.0
225 235 -91.0
225 236 -108.0
225 237 -95.0
225 238 -107.0
225 239 -101.0
225 240 -96.0
225 241 -98.0
225 242 -92.0
225 243 -88.0
225 244 -100.0
225 245 -90.0
225 246 -97.0
225 247 -99.0
225 248 -103.0
225 249 -100.0
225 250 -100.0
225 251 -105.0
225 252 -102.0
225 253 -92.0
225 254 -96.0
225 255 -104.0
225 256 -90.0
225 257 -110.0
225 258 -95.0
225 259 -98.0
225 260 -103.0
225 261 -105.0
225 262 -101.0
225 263 -109.0
225 264 -97.0
225 265 -95.0
225 266 -89.0
225 267 -103.0
225 268 -104.0
225 269 -100.0
225 270 -96.0
225 271 -109.0
225 272 -99.0
225 273 -105.0
225 274 -102.0
225 275 -99.0
225 276 -98.0
225 277 -101.0
225 278 -99.0
225 279 -102.0
225 280 -108.0
225 281 -101.0
225 282 -103.0
225 283 -102.0
225 284 -103.0
225 285 -99.0
225 286 -97.0
225 287 -96.0
225 288 -101.0
225 289 -115.0
225 290 -104.0
225 291 -104.0
225 292 -101.0
225 293 -99.0
225 294 -97.0
225 295 -102.0
225 296 -99.0
225 297 -96.0
225 298 -109.0
225 299 -97.0
225 300 -104.0
225 301 -103.0
225 302 -103.0
225 303 -102.0
225 304 -98.0
225 305 -98.0
225 306 -104.0
225 307 -103.0
225 308 -102.0
225 309 -93.0
225 310 -110.0
225 311 -88.0
225 312 -107.0
225 313 -98.0
225 314 -100.0
225 315 -102.0
225 316 -88.0
225 317 -107.0
225 318 -93.0
225 319 -99.0
225 320 -102.0
226 227 -103.0
226 228 -104.0
226 229 -96.0
226 230 -101.0
226 231 -108.0
226 232 -93.0
226 233 -92.0
226 234 -110.0
226 235 -102.0
226 236 -104.0
226 237 -95.0
226 238 -97.0
226 239 -113.0
226 240 -97.0
226 241 -107.0
226 242 -103.0
226 243 -100.0
226 244 -102.0
226 245 -98.0
226 246 -88.0
226 247 -99.0
226 248 -104.0
226 249 -101.0
226 250 -111.0
226 251 -92.0
226 252 -96.0
226 253 -98.0
226 254 -96.0
226 255 -101.0
226 256 -101.0
226 257 -101.0
226 258 -92.0
226 259 -98.0
226 260 -101.0
226 261 -100.0
226 262 -93.0
226 263 -110.0
226 264 -109.0
226 265 -91.0
226 266 -102.0
226 267 -99.0
226 268 -99.0
226 269 -100.0
226 270 -99.0
226 271 -102.0
226 272 -100.0
226 273 -109.0
226 274 -97.0
226 275 -102.0
226 276 -105.0
226 277 -103.0
226 278 -104.0
226 279 -98.0
226 280 -107.0
226 281 -102.0
226 282 -101.0
226 283 -107.0
226 284 -93.0
226 285 -112.0
226 286 -87.0
226 287 -100.0
226 288 -101.0
226 289 -95.0
226 290 -102.0
226 291 -100.0
226 292 -104.0
226 293 -102.0
226 294 -97.0
226 295 -95.0
226 296 -104.0
226 297 -100.0
226 298 -96.0
226 299 -95.0
226 300 -97.0
226 301 -101.0
226 302 -108.0
226 303 -100.0
226 304 -103.0
226 305 -101.0
226 306 -103.0
226 307 -92.0
226 308 -107.0
226 309 -96.0
226 310 -107.0
226 311 -101.0
226 312 -105.0
226 313 -100.0
226 314 -99.0
226 315 -101.0
226 316 -106.0
226 317 -96.0
226 318 -95.0
226 319 -105.0
226 320 -99.0
227 228 -94.0
227 229 -96.0
227 230 -103.0
227 231 -97.0
227 232 -91.0
227 233 -95.0
227 234 -94.0
227 235 -95.0
227 236 -91.0
227 237 -104.0
227 238 -93.0
227 239 -98.0
227 240 -112.0
227 241 -97.0
227 242 -98.0
227 243 -103.0
227 244 -99.0
227 245 -100.0
227 246 -102.0
227 247 -104.0
227 248 -104.0
227 249 -96.0
227 250 -105.0
227 251 -99.0
227 252 -99.0
227 253 -99.0
227 254 -97.0
227 255 -92.0
227 256 -97.0
227 257 -105.0
227 258 -106.0
227 259 -95.0
227 260 -96.0
227 261 -99.0
227 262 -102.0
227 263 -99.0
227 264 -96.0
227 265 -97.0
227 266 -107.0
227 267 -104.0
227 268 -109.0
227 269 -96.0
227 270 -95.0
227 271 -98.0
227 272 -102.0
227 273 -98.0
227 274 -98.0
227 275 -104.0
227 276 -104.0
227 277 -96.0
227 278 -100.0
227 279 -103.0
227 280 -102.0
227 281 -103.0
227 282 -101.0
227 283 -98.0
227 284 -109.0
227 285 -105.0
227 286 -104.0
227 287 -102.0
227 288 -100.0
227 289 -98.0
227 290 -107.0
227 291 -103.0
227 292 -89.0
227 293 -106.0
227 294 -100.0
227 295 -111.0
227 296 -111.0
227 297 -102.0
227 298 -91.0
227 299 -94.0
227 300 -89.0
227 301 -102.0
227 302 -99.0
227 303 -97.0
227 304 -94.0
227 305 -98.0
227 306 -103.0
227 307 -91.0
227 308 -106.0
227 309 -103.0
227 310 -86.0
227 311 -92.0
227 312 -99.0
227 313 -103.0
227 314 -100.0
227 315 -95.0
227 316 -92.0
227 317 -102.0
227 318 -101.0
227 319 -90.0
227 320 -101.0
228 229 -94.0
228 230 -92.0
228 231 -94.0
228 232 -100.0
228 233 -96.0
228 234 -102.0
228 235 -104.0
228 236 -93.0
228 237 -97.0
228 238 -98.0
228 239 -107.0
228 240 -93.0
228 241 -99.0
228 242 -94.0
228 243 -102.0
228 244 -104.0
228 245 -94.0
228 246 -97.0
228 247 -101.0
228 248 -103.0
228 249 -105.0
228 250 -100.0
228 251 -110.0
228 252 -99.0
228 253 -100.0
228 254 -90.0
228 255 -98.0
228 256 -95.0
228 257 -92.0
228 258 -100.0
228 259 -95.0
228 260 -99.0
228 261 -103.0
228 262 -96.0
228 263 -101.0
228 264 -101.0
228 265 -96.0
228 266 -98.0
228 267 -108.0
228 268 -98.0
228 269 -106.0
228 270 -101.0
228 271 -98.0
228 272 -94.0
228 273 -100.0
228 274 -89.0
228 275 -103.0
228 276 -92.0
228 277 -100.0
228 278 -98.0
228 279 -92.0
228 280 -97.0
228 281 -93.0
228 282 -99.0
228 283 -92.0
228 284 -99.0
228 285 -94.0
228 286 -108.0
228 287 -111.0
228 288 -99.0
228 289 -95.0
228 290 -91.0
228 291 -103.0
228 292 -94.0
228 293 -97.0
228 294 -106.0
228 295 -103.0
228 296 -95.0
228 297 -98.0
228 298 -98.0
228 299 -97.0
228 300 -100.0
228 301 -96.0
228 302 -102.0
228 303 -99.0
228 304 -100.0
228 305 -102.0
228 306 -98.0
228 307 -95.0
228 308 -98.0
228 309 -97.0
228 310 -92.0
228 311 -93.0
228 312 -97.0
228 313 -97.0
228 314 -98.0
228 315 -102.0
228 316 -100.0
228 317 -96.0
228 318 -97.0
228 319 -101.0
228 320 -89.0
229 230 -103.0
229 231 -96.0
229 232 -101.0
229 233 -102.0
229 234 -98.0
229 235 -100.0
229 236 -100.0
229 237 -100.0
229 238 -92.0
229 239 -107.0
229 240 -104.0
229 241 -105.0
229 242 -100.0
229 243 -97.0
229 244 -101.0
229 245 -90.0
229 246 -103.0
229 247 -97.0
229 248 -101.0
229 249 -98.0
229 250 -98.0
229 251 -100.0
229 252 -105.0
229 253 -100.0
229 254 -101.0
229 255 -93.0
229 256 -103.0
229 257 -97.0
229 258 -100.0
229 259 -96.0
229 260 -101.0
229 261 -94.0
229 262 -98.0
229 263 -92.0
229 264 -99.0
229 265 -102.0
229 266 -92.0
229 267 -101.0
229 268 -102.0
229 269 -95.0
229 270 -108.0
229 271 -88.0
229 272 -96.0
229 273 -100.0
229 274 -105.0
229 275 -100.0
229 276 -96.0
229 277 -93.0
229 278 -103.0
229 279 -97.0
229 280 -99.0
229 281 -98.0
229 282 -98.0
229 283 -102.0
229 284 -103.0
229 285 -97.0
229 286 -97.0
229 287 -103.0
229 288 -98.0
229 289 -93.0
229 290 -100.0
229 291 -97.0
229 292 -102.0
229 293 -102.0
229 294 -101.0
229 295 -103.0
229 296 -102.0
229 297 -107.0
229 298 -98.0
229 299 -102.0
229 300 -104.0
229 301 -96.0
229 302 -103.0
229 303 -94.0
229 304 -97.0
229 305 -98.0
229 306 -92.0
229 307 -101.0
229 308 -95.0
229 309 -102.0
229 310 -92.0
229 311 -95.0
229 312 -107.0
229 313 -102.0
229 314 -102.0
229 315 -103.0
229 316 -91.0
229 317 -97.0
229 318 -93.0
229 319 -94.0
229 320 -102.0
230 231 -107.0
230 232 -102.0
230 233 -98.0
230 234 -91.0
230 235 -103.0
230 236 -98.0
230 237 -92.0
230 238 -98.0
230 239 -96.0
230 240 -98.0
230 241 -109.0
230 242 -100.0
230 243 -100.0
230 244 -97.0
230 245 -117.0
230 246 -95.0
230 247 -97.0
230 248 -102.0
230 249 -99.0
230 250 -103.0
230 251 -101.0
230 252 -103.0
230 253 -92.0
230 254 -92.0
230 255 -96.0
230 256 -96.0
230 257 -99.0
230 258 -104.0
230 259 -95.0
230 260 -107.0
230 261 -103.0
230 262 -107.0
230 263 -99.0
230 264 -101.0
230 265 -91.0
230 266 -102.0
230 267 -99.0
230 268 -105.0
230 269 -90.0
230 270 -106.0
230 271 -97.0
230 272 -97.0
230 273 -101.0
230 274 -101.0
230 275 -101.0
230 276 -103.0
230 277 -95.0
230 278 -114.0
230 279 -100.0
230 280 -93.0
230 281 -100.0
230 282 -100.0
230 283 -105.0
230 284 -99.0
230 285 -99.0
230 286 -96.0
230 287 -100.0
230 288 -106.0
230 289 -93.0
230 290 -100.0
230 291 -94.0
230 292 -101.0
230 293 -100.0
230 294 -99.0
230 295 -96.0
230 296 -105.0
230 297 -101.0
230 298 -95.0
230 299 -99.0
230 300 -103.0
230 301 -92.0
230 302 -104.0
230 303 -108.0
230 304 -96.0
230 305 -100.0
230 306 -97.0
230 307 -106.0
230 308 -100.0
230 309 -106.0
230 310 -98.0
230 311 -92.0
230 312 -97.0
230 313 -100.0
230 314 -80.0
230 315 -94.0
230 316 -102.0
230 317 -98.0
230 318 -97.0
230 319 -97.0
230 320 -99.0
231 232 -88.0
231 233 -104.0
231 234 -96.0
231 235 -105.0
231 236 -104.0
231 237 -104.0
231 238 -97.0
231 239 -102.0
231 240 -103.0
231 241 -93.0
231 242 -101.0
231 243 -103.0
231 244 -112.0
231 245 -95.0
231 246 -100.0
231 247 -100.0
231 248 -104.0
231 249 -92.0
231 250 -102.0
231 251 -96.0
231 252 -95.0
231 253 -104.0
231 254 -100.0
231 255 -104.0
231 256 -98.0
231 257 -90.0
231 258 -95.0
231 259 -102.0
231 260 -109.0
231 261 -88.0
231 262 -102.0
231 263 -94.0
231 264 -103.0
231 265 -108.0
231 266 -101.0
231 267 -98.0
231 268 -90.0
231 269 -94.0
231 270 -92.0
231 271 -110.0
231 272 -104.0
231 273 -98.0
231 274 -103.0
231 275 -99.0
231 276 -92.0
231 277 -99.0
231 278 -106.0
231 279 -107.0
231 280 -95.0
231 281 -103.0
231 282 -102.0
231 283 -98.0
231 284 -95.0
231 285 -95.0
231 286 -94.0
231 287 -103.0
231 288 -100.0
231 289 -104.0
231 290 -103.0
231 291 -95.0
231 292 -96.0
231 293 -99.0
231 294 -98.0
231 295 -101.0
231 296 -113.0
231 297 -116.0
231 298 -104.0
231 299 -98.0
231 300 -95.0
231 301 -98.0
231 302 -99.0
231 303 -106.0
231 304 -84.0
231 305 -107.0
231 306 -96.0
231 307 -95.0
231 308 -88.0
231 309 -96.0
231 310 -99.0
231 311 -100.0
231 312 -99.0
231 313 -104.0
231 314 -98.0
231 315 -98.0
231 316 -99.0
231 317 -95.0
231 318 -92.0
231 319 -95.0
231 320 -94.0
232 233 -98.0
232 234 -96.0
232 235 -95.0
232 236 -101.0
232 237 -98.0
232 238 -103.0
232 239 -101.0
232 240 -99.0
232 241 -91.0
232 242 -105.0
232 243 -103.0
232 244 -105.0
232 245 -103.0
232 246 -96.0
232 247 -101.0
232 248 -102.0
232 249 -97.0
232 250 -98.0
232 251 -103.0
232 252 -108.0
232 253 -106.0
232 254 -96.0
232 255 -101.0
232 256 -98.0
232 257 -97.0
232 258 -93.0
232 259 -100.0
232 260 -93.0
232 261 -103.0
232 262 -105.0
232 263 -101.0
232 264 -99.0
232 265 -96.0
232 266 -105.0
232 267 -101.0
232 268 -97.0
232 269 -100.0
232 270 -100.0
232 271 -104.0
232 272 -107.0
232 273 -96.0
232 274 -97.0
232 275 -96.0
232 276 -108.0
232 277 -97.0
232 278 -105.0
232 279 -94.0
232 280 -100.0
232 281 -110.0
232 282 -98.0
232 283 -103.0
232 284 -103.0
232 285 -95.0
232 286 -104.0
232 287 -104.0
232 288 -88.0
232 289 -105.0
232 290 -104.0
232 291 -104.0
232 292 -101.0
232 293 -95.0
232 294 -97.0
232 295 -104.0
232 296 -96.0
232 297 -100.0
232 298 -105.0
232 299 -101.0
232 300 -96.0
232 301 -90.0
232 302 -99.0
232 303 -102.0
232 304 -104.0
232 305 -99.0
232 306 -105.0
232 307 -105.0
232 308 -102.0
232 309 -97.0
232 310 -91.0
232 311 -98.0
232 312 -99.0
232 313 -99.0
232 314 -89.0
232 315 -106.0
232 316 -108.0
232 317 -102.0
232 318 -99.0
232 319 -108.0
232 320 -97.0
233 234 -101.0
233 235 -92.0
233 236 -101.0
233 237 -99.0
233 238 -92.0
233 239 -101.0
233 240 -107.0
233 241 -101.0
233 242 -96.0
233 243 -92.0
233 244 -102.0
233 245 -97.0
233 246 -94.0
233 247 -108.0
233 248 -96.0
233 249 -102.0
233 250 -97.0
233 251 -94.0
233 252 -98.0
233 253 -95.0
233 254 -96.0
233 255 -93.0
233 256 -85.0
233 257 -106.0
233 258 -96.0
233 259 -93.0
233 260 -101.0
233 261 -98.0
233 262 -100.0
233 263 -100.0
233 264 -102.0
233 265 -98.0
233 266 -97.0
233 267 -100.0
233 268 -101.0
233 269 -90.0
233 270 -100.0
233 271 -104.0
233 272 -99.0
233 273 -107.0
233 274 -102.0
233 275 -107.0
233 276 -96.0
233 277 -101.0
233 278 -99.0
233 279 -94.0
233 280 -106.0
233 281 -107.0
233 282 -101.0
233 283 -106.0
233 284 -98.0
233 285 -93.0
233 286 -107.0
233 287 -100.0
233 288 -99.0
233 289 -88.0
233 290 -103.0
233 291 -103.0
233 292 -95.0
233 293 -90.0
233 294 -89.0
233 295 -100.0
233 296 -100.0
233 297 -103.0
233 298 -100.0
233 299 -97.0
233 300 -97.0
233 301 -105.0
233 302 -100.0
233 303 -104.0
233 304 -106.0
233 305 -95.0
233 306 -94.0
233 307 -89.0
233 308 -97.0
233 309 -104.0
233 310 -99.0
233 311 -98.0
233 312 -100.0
233 313 -107.0
233 314 -104.0
233 315 -94.0
233 316 -103.0
233 317 -89.0
233 318 -109.0
233 319 -98.0
233 320 -101.0
234 235 -97.0
234 236 -99.0
234 237 -96.0
234 238 -102.0
234 239 -99.0
234 240 -98.0
234 241 -104.0
234 242 -104.0
234 243 -103.0
234 244 -108.0
234 245 -95.0
234 246 -95.0
234 247 -109.0
234 248 -93.0
234 249 -92.0
234 250 -104.0
234 251 -102.0
234 252 -93.0
234 253 -101.0
234 254 -102.0
234 255 -100.0
234 256 -99.0
234 257 -98.0
234 258 -107.0
234 259 -103.0
234 260 -89.0
234 261 -108.0
234 262 -93.0
234 263 -103.0
234 264 -101.0
234 265 -111.0
234 266 -102.0
234 267 -91.0
234 268 -105.0
234 269 -98.0
234 270 -99.0
234 271 -97.0
234 272 -95.0
234 273 -103.0
234 274 -101.0
234 275 -103.0
234 276 -101.0
234 277 -108.0
234 278 -103.0
234 279 -92.0
234 280 -102.0
234 281 -106.0
234 282 -103.0
234 283 -94.0
234 284 -102.0
234 285 -103.0
234 286 -101.0
234 287 -99.0
234 288 -98.0
234 289 -105.0
234 290 -99.0
234 291 -108.0
234 292 -101.0
234 293 -103.0
234 294 -88.0
234 295 -97.0
234 296 -96.0
234 297 -102.0
234 298 -93.0
234 299 -96.0
234 300 -107.0
234 301 -105.0
234 302 -100.0
234 303 -92.0
234 304 -101.0
234 305 -95.0
234 306 -100.0
234 307 -97.0
234 308 -99.0
234 309 -96.0
234 310 -105.0
234 311 -98.0
234 312 -106.0
234 313 -93.0
234 314 -91.0
234 315 -107.0
234 316 -106.0
234 317 -101.0
234 318 -97.0
234 319 -108.0
234 320 -102.0
235 236 -100.0
235 237 -97.0
235 238 -97.0
235 239 -100.0
235 240 -102.0
235 241 -98.0
235 242 -98.0
235 243 -88.0
235 244 -110.0
235 245 -95.0
235 246 -109.0
235 247 -101.0
235 248 -104.0
235 249 -106.0
235 250 -98.0
235 251 -95.0
235 252 -104.0
235 253 -94.0
235 254 -98.0
235 255 -94.0
235 256 -101.0
235 257 -101.0
235 258 -97.0
235 259 -97.0
235 260 -96.0
235 261 -94.0
235 262 -112.0
235 263 -95.0
235 264 -103.0
235 265 -92.0
235 266 -102.0
235 267 -94.0
235 268 -108.0
235 269 -105.0
235 270 -103.0
235 271 -96.0
235 272 -95.0
235 273 -99.0
235 274 -107.0
235 275 -96.0
235 276 -97.0
235 277 -91.0
235 278 -91.0
235 279 -95.0
235 280 -102.0
235 281 -99.0
235 282 -103.0
235 283 -107.0
235 284 -97.0
235 285 -93.0
235 286 -107.0
235 287 -94.0
235 288 -96.0
235 289 -94.0
235 290 -102.0
235 291 -104.0
235 292 -101.0
235 293 -107.0
235 294 -103.0
235 295 -98.0
235 296 -106.0
235 297 -95.0
235 298 -97.0
235 299 -102.0
235 300 -102.0
235 301 -97.0
235 302 -95.0
235 303 -95.0
235 304 -102.0
235 305 -107.0
235 306 -98.0
235 307 -99.0
235 308 -101.0
235 309 -91.0
235 310 -99.0
235 311 -96.0
235 312 -85.0
235 313 -99.0
235 314 -104.0
235 315 -99.0
235 316 -99.0
235 317 -94.0
235 318 -106.0
235 319 -103.0
235 320 -92.0
236 237 -93.0
236 238 -103.0
236 239 -95.0
236 240 -100.0
236 241 -99.0
236 242 -97.0
236 243 -98.0
236 244 -97.0
236 245 -99.0
236 246 -90.0
236 247 -96.0
236 248 -93.0
236 249 -97.0
236 250 -96.0
236 251 -94.0
236 252 -98.0
236 253 -110.0
236 254 -97.0
236 255 -103.0
236 256 -94.0
236 257 -102.0
236 258 -104.0
236 259 -106.0
236 260 -103.0
236 261 -108.0
236 262 -104.0
236 263 -109.0
236 264 -97.0
236 265 -96.0
236 266 -96.0
236 267 -110.0
236 268 -95.0
236 269 -101.0
236 270 -91.0
236 271 -101.0
236 272 -96.0
236 273 -99.0
236 274 -101.0
236 275 -102.0
236 276 -104.0
236 277 -107.0
236 278 -92.0
236 279 -91.0
236 280 -104.0
236 281 -97.0
236 282 -108.0
236 283 -93.0
236 284 -94.0
236 285 -87.0
236 286 -103.0
236 287 -95.0
236 288 -102.0
236 289 -95.0
236 290 -97.0
236 291 -95.0
236 292 -95.0
236 293 -101.0
236 294 -99.0
236 295 -104.0
236 296 -89.0
236 297 -102.0
236 298 -98.0
236 299 -98.0
236 300 -97.0
236 301 -101.0
236 302 -102.0
236 303 -93.0
236 304 -108.0
236 305 -100.0
236 306 -96.0
236 307 -101.0
236 308 -106.0
236 309 -103.0
236 310 -101.0
236 311 -96.0
236 312 -97.0
236 313 -101.0
236 314 -96.0
236 315 -102.0
236 316 -99.0
236 317 -98.0
236 318 -98.0
236 319 -106.0
236 320 -104.0
237 238 -114.0
237 239 -106.0
237 240 -110.0
237 241 -104.0
237 242 -101.0
237 243 -112.0
237 244 -99.0
237 245 -96.0
237 246 -106.0
237 247 -90.0
237 248 -94.0
237 249 -100.0
237 250 -100.0
237 251 -93.0
237 252 -92.0
237 253 -103.0
237 254 -99.0
237 255 -99.0
237 256 -102.0
237 257 -91.0
237 258 -106.0
237 259 -97.0
237 260 -93.0
237 261 -91.0
237 262 -97.0
237 263 -97.0
237 264 -105.0
237 265 -92.0
237 266 -93.0
237 267 -94.0
237 268 -102.0
237 269 -99.0
237 270 -105.0
237 271 -99.0
237 272 -107.0
237 273 -102.0
237 274 -100.0
237 275 -108.0
237 276 -97.0
237 277 -102.0
237 278 -104.0
237 279 -93.0
237 280 -100.0
237 281 -104.0
237 282 -100.0
237 283 -105.0
237 284 -94.0
237 285 -96.0
237 286 -94.0
237 287 -88.0
237 288 -107.0
237 289 -111.0
237 290 -99.0
237 291 -104.0
237 292 -102.0
237 293 -105.0
237 294 -112.0
237 295 -106.0
237 296 -101.0
237 297 -104.0
237 298 -98.0
237 299 -93.0
237 300 -102.0
237 301 -94.0
237 302 -111.0
237 303 -86.0
237 304 -94.0
237 305 -97.0
237 306 -107.0
237 307 -100.0
237 308 -96.0
237 309 -97.0
237 310 -99.0
237 311 -93.0
237 312 -107.0
237 313 -100.0
237 314 -97.0
237 315 -100.0
237 316 -109.0
237 317 -89.0
237 318 -102.0
237 319 -99.0
237 320 -104.0
238 239 -93.0
238 240 -107.0
238 241 -104.0
238 242 -93.0
238 243 -105.0
238 244 -93.0
238 245 -93.0
238 246 -107.0
238 247 -101.0
238 248 -103.0
238 249 -98.0
238 250 -100.0
238 251 -107.0
238 252 -99.0
238 253 -88.0
238 254 -103.0
238 255 -102.0
238 256 -98.0
238 257 -101.0
238 258 -103.0
238 259 -100.0
238 260 -107.0
238 261 -97.0
238 262 -94.0
238 263 -93.0
238 264 -101.0
238 265 -105.0
238 266 -102.0
238 267 -102.0
238 268 -108.0
238 269 -99.0
238 270 -94.0
238 271 -103.0
238 272 -92.0
238 273 -101.0
238 274 -91.0
238 275 -96.0
238 276 -101.0
238 277 -94.0
238 278 -102.0
238 279 -102.0
238 280 -94.0
238 281 -103.0
238 282 -100.0
238 283 -92.0
238 284 -101.0
238 285 -101.0
238 286 -98.0
238 287 -105.0
238 288 -99.0
238 289 -92.0
238 290 -103.0
238 291 -101.0
238 292 -97.0
238 293 -107.0
238 294 -101.0
238 295 -99.0
238 296 -102.0
238 297 -97.0
238 298 -102.0
238 299 -104.0
238 300 -103.0
238 301 -102.0
238 302 -94.0
238 303 -101.0
238 304 -114.0
238 305 -105.0
238 306 -102.0
238 307 -94.0
238 308 -108.0
238 309 -89.0
238 310 -101.0
238 311 -97.0
238 312 -104.0
238 313 -94.0
238 314 -105.0
238 315 -103.0
238 316 -102.0
238 317 -99.0
238 318 -108.0
238 319 -103.0
238 320 -101.0
239 240 -97.0
239 241 -94.0
239 242 -99.0
239 243 -102.0
239 244 -97.0
239 245 -98.0
239 246 -100.0
239 247 -95.0
239 248 -89.0
239 249 -112.0
239 250 -104.0
239 251 -96.0
239 252 -97.0
239 253 -97.0
239 254 -107.0
239 255 -104.0
239 256 -97.0
239 257 -98.0
239 258 -100.0
239 259 -108.0
239 260 -98.0
239 261 -99.0
239 262 -99.0
239 263 -99.0
239 264 -102.0
239 265 -98.0
239 266 -99.0
239 267 -99.0
239 268 -102.0
239 269 -102.0
239 270 -104.0
239 271 -104.0
239 272 -106.0
239 273 -97.0
239 274 -96.0
239 275 -97.0
239 276 -90.0
239 277 -101.0
239 278 -105.0
239 279 -95.0
239 280 -102.0
239 281 -97.0
239 282 -108.0
239 283 -99.0
239 284 -105.0
239 285 -102.0
239 286 -95.0
239 287 -109.0
239 288 -93.0
239 289 -98.0
239 290 -95.0
239 291 -107.0
239 292 -98.0
239 293 -106.0
239 294 -105.0
239 295 -96.0
239 296 -112.0
239 297 -103.0
239 298 -97.0
239 299 -92.0
239 300 -91.0
239 301 -101.0
239 302 -99.0
239 303 -98.0
239 304 -98.0
239 305 -100.0
239 306 -101.0
239 307 -109.0
239 308 -93.0
239 309 -102.0
239 310 -108.0
239 311 -96.0
239 312 -103.0
239 313 -109.0
239 314 -98.0
239 315 -101.0
239 316 -92.0
239 317 -109.0
239 318 -86.0
239 319 -102.0
239 320 -97.0
240 241 -92.0
240 242 -107.0
240 243 -99.0
240 244 -111.0
240 245 -103.0
240 246 -103.0
240 247 -101.0
240 248 -106.0
240 249 -102.0
240 250 -92.0
240 251 -98.0
240 252 -97.0
240 253 -98.0
240 254 -94.0
240 255 -111.0
240 256 -98.0
240 257 -106.0
240 258 -95.0
240 259 -98.0
240 260 -100.0
240 261 -101.0
240 262 -105.0
240 263 -94.0
240 264 -112.0
240 265 -100.0
240 266 -102.0
240 267 -98.0
240 268 -98.0
240 269 -102.0
240 270 -97.0
240 271 -109.0
240 272 -104.0
240 273 -107.0
240 274 -91.0
240 275 -107.0
240 276 -106.0
240 277 -102.0
240 278 -104.0
240 279 -101.0
240 280 -105.0
240 281 -86.0
240 282 -104.0
240 283 -99.0
240 284 -95.0
240 285 -101.0
240 286 -100.0
240 287 -96.0
240 288 -90.0
240 289 -94.0
240 290 -93.0
240 291 -103.0
240 292 -99.0
240 293 -98.0
240 294 -95.0
240 295 -103.0
240 296 -103.0
240 297 -100.0
240 298 -100.0
240 299 -102.0
240 300 -104.0
240 301 -97.0
240 302 -103.0
240 303 -101.0
240 304 -102.0
240 305 -100.0
240 306 -97.0
240 307 -95.0
240 308 -96.0
240 309 -100.0
240 310 -96.0
240 311 -98.0
240 312 -104.0
240 313 -95.0
240 314 -98.0
240 315 -100.0
240 316 -96.0
240 317 -112.0
240 318 -101.0
240 319 -105.0
240 320 -105.0
241 242 -99.0
241 243 -95.0
241 244 -99.0
241 245 -103.0
241 246 -108.0
241 247 -95.0
241 248 -99.0
241 249 -103.0
241 250 -102.0
241 251 -90.0
241 252 -102.0
241 253 -99.0
241 254 -101.0
241 255 -95.0
241 256 -98.0
241 257 -110.0
241 258 -87.0
241 259 -98.0
241 260 -104.0
241 261 -102.0
241 262 -111.0
241 263 -101.0
241 264 -101.0
241 265 -97.0
241 266 -102.0
241 267 -102.0
241 268 -96.0
241 269 -103.0
241 270 -94.0
241 271 -104.0
241 272 -101.0
241 273 -94.0
241 274 -99.0
241 275 -108.0
241 276 -91.0
241 277 -108.0
241 278 -92.0
241 279 -95.0
241 280 -104.0
241 281 -93.0
241 282 -98.0
241 283 -102.0
241 284 -104.0
241 285 -96.0
241 286 -99.0
241 287 -104.0
241 288 -100.0
241 289 -98.0
241 290 -104.0
241 291 -103.0
241 292 -104.0
241 293 -100.0
241 294 -101.0
241 295 -96.0
241 296 -94.0
241 297 -100.0
241 298 -98.0
241 299 -101.0
241 300 -94.0
241 301 -97.0
241 302 -100.0
241 303 -99.0
241 304 -94.0
241 305 -97.0
241 306 -106.0
241 307 -100.0
241 308 -97.0
241 309 -100.0
241 310 -101.0
241 311 -103.0
241 312 -98.0
241 313 -101.0
241 314 -96.0
241 315 -101.0
241 316 -96.0
241 317 -99.0
241 318 -98.0
241 319 -97.0
241 320 -104.0
242 243 -92.0
242 244 -97.0
242 245 -96.0
242 246 -107.0
242 247 -102.0
242 248 -98.0
242 249 -106.0
242 250 -102.0
242 251 -99.0
242 252 -90.0
242 253 -99.0
242 254 -99.0
242 255 -105.0
242 256 -86.0
242 257 -93.0
242 258 -105.0
242 259 -94.0
242 260 -101.0
242 261 -91.0
242 262 -100.0
242 263 -104.0
242 264 -93.0
242 265 -98.0
242 266 -100.0
242 267 -105.0
242 268 -97.0
242 269 -97.0
242 270 -108.0
242 271 -102.0
242 272 -108.0
242 273 -98.0
242 274 -99.0
242 275 -97.0
242 276 -99.0
242 277 -106.0
242 278 -91.0
242 279 -98.0
242 280 -94.0
242 281 -91.0
242 282 -102.0
242 283 -97.0
242 284 -105.0
242 285 -110.0
242 286 -98.0
242 287 -101.0
242 288 -101.0
242 289 -100.0
242 290 -107.0
242 291 -107.0
242 292 -89.0
242 293 -105.0
242 294 -94.0
242 295 -96.0
242 296 -102.0
242 297 -92.0
242 298 -107.0
242 299 -105.0
242 300 -94.0
242 301 -96.0
242 302 -96.0
242 303 -106.0
242 304 -104.0
242 305 -101.0
242 306 -106.0
242 307 -94.0
242 308 -103.0
242 309 -97.0
242 310 -101.0
242 311 -96.0
242 312 -90.0
242 313 -88.0
242 314 -96.0
242 315 -107.0
242 316 -102.0
242 317 -104.0
242 318 -93.0
242 319 -98.0
242 320 -102.0
243 244 -100.0
243 245 -100.0
243 246 -99.0
243 247 -99.0
243 248 -99.0
243 249 -90.0
243 250 -109.0
243 251 -109.0
243 252 -89.0
243 253 -92.0
243 254 -105.0
243 255 -101.0
243 256 -95.0
243 257 -106.0
243 258 -97.0
243 259 -103.0
243 260 -99.0
243 261 -99.0
243 262 -99.0
243 263 -99.0
243 264 -94.0
243 265 -98.0
243 266 -105.0
243 267 -102.0
243 268 -93.0
243 269 -101.0
243 270 -91.0
243 271 -108.0
243 272 -106.0
243 273 -94.0
243 274 -97.0
243 275 -98.0
243 276 -106.0
243 277 -101.0
243 278 -104.0
243 279 -102.0
243 280 -101.0
243 281 -102.0
243 282 -90.0
243 283 -108.0
243 284 -95.0
243 285 -100.0
243 286 -96.0
243 287 -91.0
243 288 -95.0
243 289 -101.0
243 290 -100.0
243 291 -101.0
243 292 -92.0
243 293 -106.0
243 294 -113.0
243 295 -101.0
243 296 -106.0
243 297 -99.0
243 298 -102.0
243 299 -97.0
243 300 -95.0
243 301 -104.0
243 302 -99.0
243 303 -101.0
243 304 -102.0
243 305 -95.0
243 306 -99.0
243 307 -105.0
243 308 -106.0
243 309 -96.0
243 310 -95.0
243 311 -100.0
243 312 -102.0
243 313 -106.0
243 314 -104.0
243 315 -104.0
243 316 -100.0
243 317 -92.0
243 318 -100.0
243 319 -109.0
243 320 -97.0
244 245 -103.0
244 246 -95.0
244 247 -97.0
244 248 -95.0
244 249 -100.0
244 250 -109.0
244 251 -91.0
244 252 -101.0
244 253 -90.0
244 254 -96.0
244 255 -98.0
244 256 -101.0
244 257 -104.0
244 258 -99.0
244 259 -103.0
244 260 -97.0
244 261 -96.0
244 262 -100.0
244 263 -93.0
244 264 -94.0
244 265 -101.0
244 266 -97.0
244 267 -106.0
244 268 -105.0
244 269 -93.0
244 270 -97.0
244 271 -96.0
244 272 -102.0
244 273 -105.0
244 274 -110.0
244 275 -97.0
244 276 -93.0
244 277 -97.0
244 278 -99.0
244 279 -103.0
244 280 -106.0
244 281 -102.0
244 282 -99.0
244 283 -97.0
244 284 -102.0
244 285 -99.0
244 286 -105.0
244 287 -97.0
244 288 -103.0
244 289 -93.0
244 290 -105.0
244 291 -103.0
244 292 -101.0
244 293 -93.0
244 294 -89.0
244 295 -91.0
244 296 -104.0
244 297 -89.0
244 298 -103.0
244 299 -104.0
244 300 -92.0
244 301 -105.0
244 302 -101.0
244 303 -98.0
244 304 -98.0
244 305 -98.0
244 306 -99.0
244 307 -102.0
244 308 -99.0
244 309 -103.0
244 310 -101.0
244 311 -104.0
244 312 -99.0
244 313 -101.0
244 314 -107.0
244 315 -105.0
244 316 -98.0
244 317 -107.0
244 318 -97.0
244 319 -99.0
244 320 -101.0
245 246 -104.0
245 247 -98.0
245 248 -100.0
245 249 -108.0
245 250 -99.0
245 251 -93.0
245 252 -102.0
245 253 -91.0
245 254 -100.0
245 255 -100.0
245 256 -104.0
245 257 -111.0
245 258 -97.0
245 259 -102.0
245 260 -101.0
245 261 -97.0
245 262 -98.0
245 263 -98.0
245 264 -105.0
245 265 -98.0
245 266 -102.0
245 267 -93.0
245 268 -100.0
245 269 -98.0
245 270 -93.0
245 271 -99.0
245 272 -93.0
245 273 -99.0
245 274 -92.0
245 275 -95.0
245 276 -94.0
245 277 -92.0
245 278 -98.0
245 279 -96.0
245 280 -101.0
245 281 -94.0
245 282 -103.0
245 283 -103.0
245 284 -99.0
245 285 -102.0
245 286 -99.0
245 287 -102.0
245 288 -103.0
245 289 -98.0
245 290 -99.0
245 291 -102.0
245 292 -101.0
245 293 -98.0
245 294 -100.0
245 295 -96.0
245 296 -94.0
245 297 -108.0
245 298 -106.0
245 299 -98.0
245 300 -98.0
245 301 -94.0
245 302 -109.0
245 303 -106.0
245 304 -102.0
245 305 -100.0
245 306 -101.0
245 307 -112.0
245 308 -101.0
245 309 -97.0
245 310 -102.0
245 311 -97.0
245 312 -101.0
245 313 -109.0
245 314 -93.0
245 315 -93.0
245 316 -106.0
245 317 -106.0
245 318 -96.0
245 319 -96.0
245 320 -99.0
246 247 -96.0
246 248 -99.0
246 249 -102.0
246 250 -103.0
246 251 -99.0
246 252 -101.0
246 253 -99.0
246 254 -100.0
246 255 -93.0
246 256 -106.0
246 257 -100.0
246 258 -102.0
246 259 -96.0
246 260 -93.0
246 261 -100.0
246 262 -90.0
246 263 -96.0
246 264 -89.0
246 265 -106.0
246 266 -101.0
246 267 -96.0
246 268 -102.0
246 269 -95.0
246 270 -92.0
246 271 -101.0
246 272 -97.0
246 273 -93.0
246 274 -89.0
246 275 -96.0
246 276 -105.0
246 277 -100.0
246 278 -92.0
246 279 -100.0
246 280 -107.0
246 281 -94.0
246 282 -96.0
246 283 -105.0
246 284 -104.0
246 285 -94.0
246 286 -90.0
246 287 -112.0
246 288 -97.0
246 289 -98.0
246 290 -104.0
246 291 -90.0
246 292 -92.0
246 293 -100.0
246 294 -93.0
246 295 -100.0
246 296 -91.0
246 297 -96.0
246 298 -100.0
246 299 -104.0
246 300 -102.0
246 301 -90.0
246 302 -92.0
246 303 -99.0
246 304 -96.0
246 305 -104.0
246 306 -100.0
246 307 -96.0
246 308 -104.0
246 309 -104.0
246 310 -88.0
246 311 -102.0
246 312 -105.0
246 313 -100.0
246 314 -91.0
246 315 -105.0
246 316 -106.0
246 317 -100.0
246 318 -98.0
246 319 -99.0
246 320 -99.0
247 248 -100.0
247 249 -102.0
247 250 -96.0
247 251 -104.0
247 252 -101.0
247 253 -98.0
247 254 -95.0
247 255 -96.0
247 256 -94.0
247 257 -99.0
247 258 -101.0
247 259 -99.0
247 260 -107.0
247 261 -99.0
247 262 -93.0
247 263 -100.0
247 264 -108.0
247 265 -101.0
247 266 -102.0
247 267 -99.0
247 268 -100.0
247 269 -92.0
247 270 -101.0
247 271 -101.0
247 272 -106.0
247 273 -102.0
247 274 -101.0
247 275 -103.0
247 276 -102.0
247 277 -96.0
247 278 -91.0
247 279 -103.0
247 280 -94.0
247 281 -104.0
247 282 -105.0
247 283 -103.0
247 284 -103.0
247 285 -96.0
247 286 -93.0
247 287 -96.0
247 288 -107.0
247 289 -99.0
247 290 -93.0
247 291 -91.0
247 292 -97.0
247 293 -100.0
247 294 -94.0
247 295 -94.0
247 296 -109.0
247 297 -105.0
247 298 -109.0
247 299 -108.0
247 300 -103.0
247 301 -106.0
247 302 -96.0
247 303 -101.0
247 304 -90.0
247 305 -97.0
247 306 -98.0
247 307 -95.0
247 308 -96.0
247 309 -105.0
247 310 -99.0
247 311 -95.0
247 312 -94.0
247 313 -95.0
247 314 -93.0
247 315 -100.0
247 316 -99.0
247 317 -100.0
247 318 -98.0
247 319 -98.0
247 320 -100.0
248 249 -102.0
248 250 -103.0
248 251 -99.0
248 252 -95.0
248 253 -96.0
248 254 -101.0
248 255 -104.0
248 256 -104.0
248 257 -111.0
248 258 -102.0
248 259 -104.0
248 260 -100.0
248 261 -106.0
248 262 -101.0
248 263 -105.0
248 264 -88.0
248 265 -105.0
248 266 -111.0
248 267 -105.0
248 268 -102.0
248 269 -95.0
248 270 -105.0
248 271 -98.0
248 272 -96.0
248 273 -92.0
248 274 -98.0
248 275 -106.0
248 276 -104.0
248 277 -91.0
248 278 -103.0
248 279 -98.0
248 280 -99.0
248 281 -101.0
248 282 -103.0
248 283 -100.0
248 284 -102.0
248 285 -96.0
248 286 -101.0
248 287 -101.0
248 288 -97.0
248 289 -102.0
248 290 -100.0
248 291 -94.0
248 292 -104.0
248 293 -91.0
248 294 -96.0
248 295 -92.0
248 296 -109.0
248 297 -98.0
248 298 -90.0
248 299 -103.0
248 300 -103.0
248 301 -102.0
248 302 -100.0
248 303 -104.0
248 304 -94.0
248 305 -102.0
248 306 -92.0
248 307 -96.0
248 308 -107.0
248 309 -101.0
248 310 -95.0
248 311 -89.0
248 312 -97.0
248 313 -99.0
248 314 -96.0
248 315 -95.0
248 316 -105.0
248 317 -102.0
248 318 -104.0
248 319 -104.0
248 320 -103.0
249 250 -93.0
249 251 -94.0
249 252 -91.0
249 253 -98.0
249 254 -94.0
249 255 -94.0
249 256 -105.0
249 257 -99.0
249 258 -100.0
249 259 -99.0
249 260 -103.0
249 261 -102.0
249 262 -107.0
249 263 -101.0
249 264 -96.0
249 265 -99.0
249 266 -98.0
249 267 -106.0
249 268 -91.0
249 269 -106.0
249 270 -101.0
249 271 -95.0
249 272 -94.0
249 273 -101.0
249 274 -107.0
249 275 -95.0
249 276 -95.0
249 277 -102.0
249 278 -101.0
249 279 -100.0
249 280 -95.0
249 281 -93.0
249 282 -100.0
249 283 -97.0
249 284 -97.0
249 285 -94.0
249 286 -90.0
249 287 -92.0
249 288 -100.0
249 289 -97.0
249 290 -100.0
249 291 -92.0
249 292 -95.0
249 293 -92.0
249 294 -90.0
249 295 -93.0
249 296 -85.0
249 297 -97.0
249 298 -96.0
249 299 -109.0
249 300 -100.0
249 301 -91.0
249 302 -99.0
249 303 -85.0
249 304 -102.0
249 305 -100.0
249 306 -99.0
249 307 -94.0
249 308 -101.0
249 309 -98.0
249 310 -93.0
249 311 -103.0
249 312 -101.0
249 313 -102.0
249 314 -107.0
249 315 -98.0
249 316 -96.0
249 317 -104.0
249 318 -95.0
249 319 -104.0
249 320 -102.0
250 251 -98.0
250 252 -105.0
250 253 -106.0
250 254 -101.0
250 255 -98.0
250 256 -93.0
250 257 -107.0
250 258 -99.0
250 259 -100.0
250 260 -103.0
250 261 -104.0
250 262 -101.0
250 263 -97.0
250 264 -107.0
250 265 -88.0
250 266 -94.0
250 267 -98.0
250 268 -100.0
250 269 -106.0
250 270 -92.0
250 271 -107.0
250 272 -99.0
250 273 -91.0
250 274 -99.0
250 275 -99.0
250 276 -95.0
250 277 -97.0
250 278 -98.0
250 279 -93.0
250 280 -96.0
250 281 -86.0
250 282 -98.0
250 283 -97.0
250 284 -101.0
250 285 -100.0
250 286 -97.0
250 287 -100.0
250 288 -103.0
250 289 -93.0
250 290 -104.0
250 291 -94.0
250 292 -99.0
250 293 -103.0
250 294 -98.0
250 295 -103.0
250 296 -95.0
250 297 -105.0
250 298 -92.0
250 299 -95.0
250 300 -91.0
250 301 -100.0
250 302 -99.0
250 303 -97.0
250 304 -96.0
250 305 -95.0
250 306 -94.0
250 307 -106.0
250 308 -102.0
250 309 -97.0
250 310 -100.0
250 311 -98.0
250 312 -98.0
250 313 -89.0
250 314 -106.0
250 315 -90.0
250 316 -100.0
250 317 -99.0
250 318 -106.0
250 319 -92.0
250 320 -103.0
251 252 -98.0
251 253 -93.0
251 254 -101.0
251 255 -101.0
251 256 -101.0
251 257 -98.0
251 258 -92.0
251 259 -101.0
251 260 -101.0
251 261 -99.0
251 262 -102.0
251 263 -93.0
251 264 -93.0
251 265 -108.0
251 266 -92.0
251 267 -96.0
251 268 -104.0
251 269 -100.0
251 270 -101.0
251 271 -101.0
251 272 -103.0
251 273 -106.0
251 274 -97.0
251 275 -98.0
251 276 -101.0
251 277 -97.0
251 278 -94.0
251 279 -107.0
251 280 -113.0
251 281 -102.0
251 282 -102.0
251 283 -92.0
251 284 -99.0
251 285 -95.0
251 286 -104.0
251 287 -107.0
251 288 -101.0
251 289 -103.0
251 290 -100.0
251 291 -105.0
251 292 -91.0
251 293 -101.0
251 294 -92.0
251 295 -97.0
251 296 -95.0
251 297 -93.0
251 298 -94.0
251 299 -103.0
251 300 -105.0
251 301 -98.0
251 302 -100.0
251 303 -104.0
251 304 -93.0
251 305 -95.0
251 306 -93.0
251 307 -100.0
251 308 -93.0
251 309 -92.0
251 310 -101.0
251 311 -96.0
251 312 -87.0
251 313 -99.0
251 314 -97.0
251 315 -106.0
251 316 -98.0
251 317 -92.0
251 318 -106.0
251 319 -94.0
251 320 -88.0
252 253 -100.0
252 254 -107.0
252 255 -102.0
252 256 -103.0
252 257 -101.0
252 258 -101.0
252 259 -93.0
252 260 -95.0
252 261 -107.0
252 262 -99.0
252 263 -95.0
252 264 -96.0
252 265 -96.0
252 266 -101.0
252 267 -97.0
252 268 -100.0
252 269 -106.0
252 270 -95.0
252 271 -101.0
252 272 -97.0
252 273 -105.0
252 274 -96.0
252 275 -94.0
252 276 -98.0
252 277 -97.0
252 278 -104.0
252 279 -96.0
252 280 -110.0
252 281 -100.0
252 282 -105.0
252 283 -99.0
252 284 -102.0
252 285 -102.0
252 286 -108.0
252 287 -95.0
252 288 -99.0
252 289 -104.0
252 290 -100.0
252 291 -109.0
252 292 -98.0
252 293 -97.0
252 294 -97.0
252 295 -104.0
252 296 -99.0
252 297 -99.0
252 298 -98.0
252 299 -100.0
252 300 -96.0
252 301 -104.0
252 302 -88.0
252 303 -106.0
252 304 -97.0
252 305 -102.0
252 306 -104.0
252 307 -100.0
252 308 -103.0
252 309 -98.0
252 310 -98.0
252 311 -97.0
252 312 -98.0
252 313 -99.0
252 314 -89.0
252 315 -97.0
252 316 -104.0
252 317 -104.0
252 318 -100.0
252 319 -103.0
252 320 -99.0
253 254 -100.0
253 255 -98.0
253 256 -95.0
253 257 -93.0
253 258 -94.0
253 259 -97.0
253 260 -102.0
253 261 -101.0
253 262 -98.0
253 263 -100.0
253 264 -105.0
253 265 -99.0
253 266 -101.0
253 267 -95.0
253 268 -97.0
253 269 -100.0
253 270 -97.0
253 271 -102.0
253 272 -102.0
253 273 -94.0
253 274 -104.0
253 275 -91.0
253 276 -95.0
253 277 -96.0
253 278 -100.0
253 279 -97.0
253 280 -107.0
253 281 -97.0
253 282 -93.0
253 283 -101.0
253 284 -109.0
253 285 -92.0
253 286 -96.0
253 287 -97.0
253 288 -108.0
253 289 -101.0
253 290 -106.0
253 291 -95.0
253 292 -93.0
253 293 -92.0
253 294 -99.0
253 295 -103.0
253 296 -94.0
253 297 -89.0
253 298 -96.0
253 299 -97.0
253 300 -105.0
253 301 -102.0
253 302 -99.0
253 303 -98.0
253 304 -101.0
253 305 -93.0
253 306 -96.0
253 307 -101.0
253 308 -95.0
253 309 -96.0
253 310 -109.0
253 311 -94.0
253 312 -99.0
253 313 -101.0
253 314 -98.0
253 315 -100.0
253 316 -106.0
253 317 -97.0
253 318 -97.0
253 319 -96.0
253 320 -99.0
254 255 -98.0
254 256 -96.0
254 257 -108.0
254 258 -103.0
254 259 -97.0
254 260 -104.0
254 261 -102.0
254 262 -100.0
254 263 -92.0
254 264 -102.0
254 265 -97.0
254 266 -104.0
254 267 -101.0
254 268 -96.0
254 269 -96.0
254 270 -101.0
254 271 -99.0
254 272 -106.0
254 273 -94.0
254 274 -106.0
254 275 -95.0
254 276 -98.0
254 277 -103.0
254 278 -95.0
254 279 -102.0
254 280 -98.0
254 281 -100.0
254 282 -93.0
254 283 -104.0
254 284 -98.0
254 285 -97.0
254 286 -95.0
254 287 -102.0
254 288 -102.0
254 289 -99.0
254 290 -97.0
254 291 -93.0
254 292 -111.0
254 293 -107.0
254 294 -101.0
254 295 -97.0
254 296 -98.0
254 297 -90.0
254 298 -100.0
254 299 -107.0
254 300 -97.0
254 301 -101.0
254 302 -97.0
254 303 -104.0
254 304 -102.0
254 305 -100.0
254 306 -104.0
254 307 -100.0
254 308 -105.0
254 309 -98.0
254 310 -101.0
254 311 -104.0
254 312 -86.0
254 313 -100.0
254 314 -87.0
254 315 -96.0
254 316 -108.0
254 317 -98.0
254 318 -100.0
254 319 -105.0
254 320 -102.0
255 256 -104.0
255 257 -96.0
255 258 -101.0
255 259 -98.0
255 260 -103.0
255 261 -104.0
255 262 -100.0
255 263 -98.0
255 264 -94.0
255 265 -88.0
255 266 -105.0
255 267 -108.0
255 268 -104.0
255 269 -103.0
255 270 -102.0
255 271 -98.0
255 272 -98.0
255 273 -97.0
255 274 -94.0
255 275 -103.0
255 276 -100.0
255 277 -105.0
255 278 -101.0
255 279 -93.0
255 280 -96.0
255 281 -91.0
255 282 -96.0
255 283 -93.0
255 284 -103.0
255 285 -102.0
255 286 -100.0
255 287 -93.0
255 288 -97.0
255 289 -103.0
255 290 -96.0
255 291 -100.0
255 292 -94.0
255 293 -92.0
255 294 -100.0
255 295 -105.0
255 296 -101.0
255 297 -97.0
255 298 -91.0
255 299 -96.0
255 300 -96.0
255 301 -106.0
255 302 -98.0
255 303 -101.0
255 304 -95.0
255 305 -91.0
255 306 -100.0
255 307 -106.0
255 308 -108.0
255 309 -97.0
255 310 -96.0
255 311 -91.0
255 312 -95.0
255 313 -104.0
255 314 -96.0
255 315 -97.0
255 316 -99.0
255 317 -94.0
255 318 -110.0
255 319 -99.0
255 320 -97.0
256 257 -109.0
256 258 -103.0
256 259 -105.0
256 260 -105.0
256 261 -99.0
256 262 -92.0
256 263 -96.0
256 264 -97.0
256 265 -103.0
256 266 -90.0
256 267 -95.0
256 268 -104.0
256 269 -95.0
256 270 -89.0
256 271 -94.0
256 272 -102.0
256 273 -100.0
256 274 -106.0
256 275 -103.0
256 276 -103.0
256 277 -94.0
256 278 -103.0
256 279 -98.0
256 280 -94.0
256 281 -101.0
256 282 -99.0
256 283 -102.0
256 284 -104.0
256 285 -89.0
256 286 -93.0
256 287 -104.0
256 288 -96.0
256 289 -99.0
256 290 -100.0
256 291 -98.0
256 292 -89.0
256 293 -104.0
256 294 -103.0
256 295 -99.0
256 296 -100.0
256 297 -101.0
256 298 -104.0
256 299 -105.0
256 300 -94.0
256 301 -91.0
256 302 -105.0
256 303 -100.0
256 304 -103.0
256 305 -111.0
256 306 -102.0
256 307 -96.0
256 308 -83.0
256 309 -99.0
256 310 -105.0
256 311 -105.0
256 312 -95.0
256 313 -101.0
256 314 -100.0
256 315 -104.0
256 316 -98.0
256 317 -102.0
256 318 -98.0
256 319 -101.0
256 320 -97.0
257 258 -103.0
257 259 -96.0
257 260 -102.0
257 261 -100.0
257 262 -101.0
257 263 -104.0
257 264 -103.0
257 265 -98.0
257 266 -97.0
257 267 -101.0
257 268 -106.0
257 269 -99.0
257 270 -93.0
257 271 -108.0
257 272 -94.0
257 273 -97.0
257 274 -97.0
257 275 -103.0
257 276 -97.0
257 277 -106.0
257 278 -106.0
257 279 -99.0
257 280 -102.0
257 281 -99.0
257 282 -104.0
257 283 -104.0
257 284 -103.0
257 285 -100.0
257 286 -104.0
257 287 -101.0
257 288 -99.0
257 289 -108.0
257 290 -92.0
257 291 -97.0
257 292 -94.0
257 293 -100.0
257 294 -107.0
257 295 -94.0
257 296 -101.0
257 297 -105.0
257 298 -102.0
257 299 -99.0
257 300 -95.0
257 301 -100.0
257 302 -93.0
257 303 -99.0
257 304 -97.0
257 305 -108.0
257 306 -103.0
257 307 -104.0
257 308 -93.0
257 309 -96.0
257 310 -93.0
257 311 -103.0
257 312 -99.0
257 313 -100.0
257 314 -92.0
257 315 -103.0
257 316 -99.0
257 317 -105.0
257 318 -100.0
257 319 -95.0
257 320 -108.0
258 259 -99.0
258 260 -100.0
258 261 -105.0
258 262 -97.0
258 263 -101.0
258 264 -107.0
258 265 -104.0
258 266 -94.0
258 267 -93.0
258 268 -101.0
258 269 -105.0
258 270 -102.0
258 271 -102.0
258 272 -99.0
258 273 -97.0
258 274 -108.0
258 275 -93.0
258 276 -103.0
258 277 -103.0
258 278 -98.0
258 279 -104.0
258 280 -104.0
258 281 -93.0
258 282 -108.0
258 283 -98.0
258 284 -100.0
258 285 -90.0
258 286 -102.0
258 287 -107.0
258 288 -104.0
258 289 -100.0
258 290 -100.0
258 291 -101.0
258 292 -100.0
258 293 -102.0
258 294 -103.0
258 295 -102.0
258 296 -105.0
258 297 -97.0
258 298 -106.0
258 299 -98.0
258 300 -101.0
258 301 -97.0
258 302 -97.0
258 303 -106.0
258 304 -93.0
258 305 -100.0
258 306 -98.0
258 307 -102.0
258 308 -106.0
258 309 -87.0
258 310 -99.0
258 311 -106.0
258 312 -106.0
258 313 -104.0
258 314 -90.0
258 315 -97.0
258 316 -95.0
258 317 -99.0
258 318 -99.0
258 319 -101.0
258 320 -106.0
259 260 -93.0
259 261 -99.0
259 262 -102.0
259 263 -103.0
259 264 -97.0
259 265 -99.0
259 266 -93.0
259 267 -107.0
259 268 -101.0
259 269 -94.0
259 270 -102.0
259 271 -102.0
259 272 -95.0
259 273 -102.0
259 274 -103.0
259 275 -100.0
259 276 -101.0
259 277 -98.0
259 278 -104.0
259 279 -94.0
259 280 -106.0
259 281 -104.0
259 282 -98.0
259 283 -89.0
259 284 -90.0
259 285 -98.0
259 286 -97.0
259 287 -107.0
259 288 -100.0
259 289 -99.0
259 290 -96.0
259 291 -99.0
259 292 -95.0
259 293 -95.0
259 294 -103.0
259 295 -98.0
259 296 -102.0
259 297 -101.0
259 298 -89.0
259 299 -96.0
259 300 -100.0
259 301 -91.0
259 302 -94.0
259 303 -101.0
259 304 -104.0
259 305 -99.0
259 306 -103.0
259 307 -107.0
259 308 -99.0
259 309 -98.0
259 310 -101.0
259 311 -93.0
259 312 -99.0
259 313 -86.0
259 314 -98.0
259 315 -101.0
259 316 -96.0
259 317 -101.0
259 318 -105.0
259 319 -105.0
259 320 -104.0
260 261 -97.0
260 262 -99.0
260 263 -99.0
260 264 -94.0
260 265 -101.0
260 266 -90.0
260 267 -99.0
260 268 -102.0
260 269 -102.0
260 270 -91.0
260 271 -108.0
260 272 -93.0
260 273 -96.0
260 274 -104.0
260 275 -107.0
260 276 -98.0
260 277 -102.0
260 278 -94.0
260 279 -101.0
260 280 -100.0
260 281 -102.0
260 282 -103.0
260 283 -102.0
260 284 -98.0
260 285 -96.0
260 286 -95.0
260 287 -95.0
260 288 -101.0
260 289 -99.0
260 290 -97.0
260 291 -101.0
260 292 -95.0
260 293 -95.0
260 294 -105.0
260 295 -95.0
260 296 -92.0
260 297 -112.0
260 298 -105.0
260 299 -94.0
260 300 -113.0
260 301 -95.0
260 302 -106.0
260 303 -103.0
260 304 -94.0
260 305 -98.0
260 306 -101.0
260 307 -97.0
260 308 -96.0
260 309 -103.0
260 310 -97.0
260 311 -102.0
260 312 -104.0
260 313 -106.0
260 314 -100.0
260 315 -100.0
260 316 -92.0
260 317 -102.0
260 318 -103.0
260 319 -104.0
260 320 -103.0
261 262 -104.0
261 263 -102.0
261 264 -101.0
261 265 -93.0
261 266 -100.0
261 267 -103.0
261 268 -99.0
261 269 -102.0
261 270 -98.0
261 271 -106.0
261 272 -99.0
261 273 -101.0
261 274 -96.0
261 275 -96.0
261 276 -104.0
261 277 -103.0
261 278 -107.0
261 279 -107.0
261 280 -97.0
261 281 -99.0
261 282 -104.0
261 283 -102.0
261 284 -94.0
261 285 -101.0
261 286 -97.0
261 287 -106.0
261 288 -106.0
261 289 -105.0
261 290 -98.0
261 291 -97.0
261 292 -98.0
261 293 -102.0
261 294 -101.0
261 295 -100.0
261 296 -103.0
261 297 -104.0
261 298 -106.0
261 299 -102.0
261 300 -97.0
261 301 -102.0
261 302 -96.0
261 303 -97.0
261 304 -105.0
261 305 -91.0
261 306 -100.0
261 307 -100.0
261 308 -96.0
261 309 -101.0
261 310 -96.0
261 311 -103.0
261 312 -100.0
261 313 -102.0
261 314 -98.0
261 315 -98.0
261 316 -113.0
261 317 -93.0
261 318 -98.0
261 319 -103.0
261 320 -104.0
262 263 -94.0
262 264 -108.0
262 265 -100.0
262 266 -99.0
262 267 -91.0
262 268 -103.0
262 269 -90.0
262 270 -94.0
262 271 -90.0
262 272 -97.0
262 273 -91.0
262 274 -106.0
262 275 -99.0
262 276 -98.0
262 277 -95.0
262 278 -96.0
262 279 -96.0
262 280 -102.0
262 281 -108.0
262 282 -99.0
262 283 -103.0
262 284 -105.0
262 285 -96.0
262 286 -100.0
262 287 -102.0
262 288 -107.0
262 289 -100.0
262 290 -101.0
262 291 -98.0
262 292 -92.0
262 293 -101.0
262 294 -100.0
262 295 -88.0
262 296 -98.0
262 297 -104.0
262 298 -101.0
262 299 -96.0
262 300 -98.0
262 301 -102.0
262 302 -101.0
262 303 -91.0
262 304 -107.0
262 305 -101.0
262 306 -101.0
262 307 -95.0
262 308 -104.0
262 309 -84.0
262 310 -96.0
262 311 -94.0
262 312 -106.0
262 313 -96.0
262 314 -105.0
262 315 -102.0
262 316 -107.0
262 317 -107.0
262 318 -102.0
262 319 -113.0
262 320 -101.0
263 264 -99.0
263 265 -96.0
263 266 -97.0
263 267 -98.0
263 268 -107.0
263 269 -90.0
263 270 -108.0
263 271 -93.0
263 272 -91.0
263 273 -99.0
263 274 -93.0
263 275 -93.0
263 276 -102.0
263 277 -101.0
263 278 -92.0
263 279 -99.0
263 280 -106.0
263 281 -96.0
263 282 -94.0
263 283 -107.0
263 284 -100.0
263 285 -104.0
263 286 -101.0
263 287 -95.0
263 288 -101.0
263 289 -99.0
263 290 -96.0
263 291 -102.0
263 292 -103.0
263 293 -97.0
263 294 -105.0
263 295 -100.0
263 296 -105.0
263 297 -98.0
263 298 -111.0
263 299 -100.0
263 300 -100.0
263 301 -95.0
263 302 -90.0
263 303 -95.0
263 304 -97.0
263 305 -103.0
263 306 -100.0
263 307 -99.0
263 308 -104.0
263 309 -89.0
263 310 -102.0
263 311 -102.0
263 312 -94.0
263 313 -103.0
263 314 -103.0
263 315 -101.0
263 316 -104.0
263 317 -103.0
263 318 -95.0
263 319 -101.0
263 320 -95.0
264 265 -101.0
264 266 -98.0
264 267 -98.0
264 268 -97.0
264 269 -96.0
264 270 -104.0
264 271 -96.0
264 272 -106.0
264 273 -106.0
264 274 -99.0
264 275 -99.0
264 276 -99.0
264 277 -99.0
264 278 -92.0
264 279 -100.0
264 280 -102.0
264 281 -94.0
264 282 -100.0
264 283 -106.0
264 284 -93.0
264 285 -99.0
264 286 -101.0
264 287 -98.0
264 288 -96.0
264 289 -106.0
264 290 -100.0
264 291 -99.0
264 292 -103.0
264 293 -96.0
264 294 -103.0
264 295 -93.0
264 296 -109.0
264 297 -101.0
264 298 -94.0
264 299 -103.0
264 300 -99.0
264 301 -96.0
264 302 -98.0
264 303 -100.0
264 304 -95.0
264 305 -92.0
264 306 -96.0
264 307 -102.0
264 308 -105.0
264 309 -115.0
264 310 -105.0
264 311 -87.0
264 312 -99.0
264 313 -99.0
264 314 -99.0
264 315 -104.0
264 316 -101.0
264 317 -106.0
264 318 -101.0
264 319 -90.0
264 320 -97.0
265 266 -105.0
265 267 -106.0
265 268 -102.0
265 269 -105.0
265 270 -103.0
265 271 -91.0
265 272 -100.0
265 273 -100.0
265 274 -110.0
265 275 -101.0
265 276 -97.0
265 277 -95.0
265 278 -109.0
265 279 -96.0
265 280 -94.0
265 281 -100.0
265 282 -100.0
265 283 -102.0
265 284 -96.0
265 285 -101.0
265 286 -102.0
265 287 -101.0
265 288 -93.0
265 289 -99.0
265 290 -92.0
265 291 -97.0
265 292 -103.0
265 293 -92.0
265 294 -103.0
265 295 -109.0
265 296 -104.0
265 297 -97.0
265 298 -97.0
265 299 -103.0
265 300 -100.0
265 301 -107.0
265 302 -91.0
265 303 -96.0
265 304 -106.0
265 305 -95.0
265 306 -102.0
265 307 -107.0
265 308 -95.0
265 309 -105.0
265 310 -106.0
265 311 -104.0
265 312 -97.0
265 313 -94.0
265 314 -94.0
265 315 -96.0
265 316 -106.0
265 317 -97.0
265 318 -99.0
265 319 -99.0
265 320 -100.0
266 267 -92.0
266 268 -99.0
266 269 -92.0
266 270 -98.0
266 271 -95.0
266 272 -105.0
266 273 -104.0
266 274 -90.0
266 275 -95.0
266 276 -106.0
266 277 -100.0
266 278 -103.0
266 279 -100.0
266 280 -96.0
266 281 -105.0
266 282 -101.0
266 283 -104.0
266 284 -103.0
266 285 -101.0
266 286 -99.0
266 287 -94.0
266 288 -93.0
266 289 -100.0
266 290 -102.0
266 291 -109.0
266 292 -102.0
266 293 -94.0
266 294 -98.0
266 295 -90.0
266 296 -107.0
266 297 -100.0
266 298 -96.0
266 299 -98.0
266 300 -95.0
266 301 -97.0
266 302 -101.0
266 303 -104.0
266 304 -100.0
266 305 -96.0
266 306 -99.0
266 307 -89.0
266 308 -97.0
266 309 -100.0
266 310 -95.0
266 311 -95.0
266 312 -99.0
266 313 -99.0
266 314 -101.0
266 315 -97.0
266 316 -103.0
266 317 -102.0
266 318 -98.0
266 319 -94.0
266 320 -101.0
267 268 -101.0
267 269 -105.0
267 270 -110.0
267 271 -100.0
267 272 -88.0
267 273 -96.0
267 274 -96.0
267 275 -96.0
267 276 -113.0
267 277 -94.0
267 278 -94.0
267 279 -103.0
267 280 -90.0
267 281 -94.0
267 282 -91.0
267 283 -97.0
267 284 -97.0
267 285 -102.0
267 286 -100.0
267 287 -101.0
267 288 -101.0
267 289 -103.0
267 290 -95.0
267 291 -101.0
267 292 -96.0
267 293 -111.0
267 294 -103.0
267 295 -99.0
267 296 -100.0
267 297 -106.0
267 298 -102.0
267 299 -94.0
267 300 -102.0
267 301 -94.0
267 302 -98.0
267 303 -93.0
267 304 -99.0
267 305 -106.0
267 306 -98.0
267 307 -99.0
267 308 -92.0
267 309 -95.0
267 310 -108.0
267 311 -89.0
267 312 -96.0
267 313 -108.0
267 314 -102.0
267 315 -99.0
267 316 -106.0
267 317 -105.0
267 318 -102.0
267 319 -95.0
267 320 -87.0
268 269 -97.0
268 270 -95.0
268 271 -95.0
268 272 -106.0
268 273 -109.0
268 274 -93.0
268 275 -93.0
268 276 -97.0
268 277 -100.0
268 278 -97.0
268 279 -104.0
268 280 -101.0
268 281 -103.0
268 282 -96.0
268 283 -99.0
268 284 -96.0
268 285 -94.0
268 286 -108.0
268 287 -102.0
268 288 -96.0
268 289 -105.0
268 290 -110.0
268 291 -97.0
268 292 -97.0
268 293 -106.0
268 294 -100.0
268 295 -102.0
268 296 -95.0
268 297 -102.0
268 298 -96.0
268 299 -99.0
268 300 -100.0
268 301 -102.0
268 302 -97.0
268 303 -107.0
268 304 -101.0
268 305 -97.0
268 306 -100.0
268 307 -104.0
268 308 -96.0
268 309 -100.0
268 310 -101.0
268 311 -100.0
268 312 -101.0
268 313 -103.0
268 314 -103.0
268 315 -93.0
268 316 -104.0
268 317 -106.0
268 318 -104.0
268 319 -103.0
268 320 -91.0
269 270 -103.0
269 271 -100.0
269 272 -90.0
269 273 -96.0
269 274 -105.0
269 275 -105.0
269 276 -96.0
269 277 -96.0
269 278 -96.0
269 279 -106.0
269 280 -95.0
269 281 -102.0
269 282 -103.0
269 283 -94.0
269 284 -106.0
269 285 -101.0
269 286 -106.0
269 287 -106.0
269 288 -104.0
269 289 -98.0
269 290 -90.0
269 291 -86.0
269 292 -97.0
269 293 -100.0
269 294 -110.0
269 295 -93.0
269 296 -102.0
269 297 -101.0
269 298 -97.0
269 299 -100.0
269 300 -101.0
269 301 -97.0
269 302 -103.0
269 303 -92.0
269 304 -100.0
269 305 -97.0
269 306 -103.0
269 307 -89.0
269 308 -96.0
269 309 -96.0
269 310 -95.0
269 311 -99.0
269 312 -96.0
269 313 -98.0
269 314 -100.0
269 315 -102.0
269 316 -99.0
269 317 -105.0
269 318 -101.0
269 319 -95.0
269 320 -99.0
270 271 -97.0
270 272 -97.0
270 273 -102.0
270 274 -87.0
270 275 -94.0
270 276 -98.0
270 277 -105.0
270 278 -105.0
270 279 -107.0
270 280 -98.0
270 281 -98.0
270 282 -102.0
270 283 -100.0
270 284 -98.0
270 285 -106.0
270 286 -99.0
270 287 -102.0
270 288 -102.0
270 289 -102.0
270 290 -94.0
270 291 -99.0
270 292 -108.0
270 293 -111.0
270 294 -92.0
270 295 -101.0
270 296 -96.0
270 297 -101.0
270 298 -99.0
270 299 -93.0
270 300 -104.0
270 301 -100.0
270 302 -103.0
270 303 -100.0
270 304 -100.0
270 305 -103.0
270 306 -88.0
270 307 -104.0
270 308 -101.0
270 309 -99.0
270 310 -99.0
270 311 -98.0
270 312 -91.0
270 313 -104.0
270 314 -98.0
270 315 -103.0
270 316 -98.0
270 317 -96.0
270 318 -89.0
270 319 -92.0
270 320 -104.0
271 272 -100.0
271 273 -99.0
271 274 -107.0
271 275 -102.0
271 276 -105.0
271 277 -102.0
271 278 -97.0
271 279 -101.0
271 280 -103.0
271 281 -102.0
271 282 -101.0
271 283 -100.0
271 284 -101.0
271 285 -102.0
271 286 -94.0
271 287 -107.0
271 288 -95.0
271 289 -96.0
271 290 -104.0
271 291 -106.0
271 292 -100.0
271 293 -102.0
271 294 -102.0
271 295 -95.0
271 296 -97.0
271 297 -92.0
271 298 -99.0
271 299 -105.0
271 300 -99.0
271 301 -105.0
271 302 -97.0
271 303 -100.0
271 304 -104.0
271 305 -105.0
271 306 -95.0
271 307 -106.0
271 308 -101.0
271 309 -95.0
271 310 -100.0
271 311 -104.0
271 312 -104.0
271 313 -107.0
271 314 -95.0
271 315 -92.0
271 316 -102.0
271 317 -97.0
271 318 -98.0
271 319 -102.0
271 320 -98.0
272 273 -95.0
272 274 -99.0
272 275 -97.0
272 276 -92.0
272 277 -106.0
272 278 -93.0
272 279 -101.0
272 280 -101.0
272 281 -94.0
272 282 -102.0
272 283 -106.0
272 284 -106.0
272 285 -97.0
272 286 -98.0
272 287 -97.0
272 288 -97.0
272 289 -101.0
272 290 -99.0
272 291 -103.0
272 292 -106.0
272 293 -95.0
272 294 -97.0
272 295 -97.0
272 296 -94.0
272 297 -97.0
272 298 -104.0
272 299 -101.0
272 300 -94.0
272 301 -92.0
272 302 -106.0
272 303 -105.0
272 304 -105.0
272 305 -104.0
272 306 -91.0
272 307 -92.0
272 308 -106.0
272 309 -101.0
272 310 -94.0
272 311 -96.0
272 312 -92.0
272 313 -96.0
272 314 -103.0
272 315 -105.0
272 316 -99.0
272 317 -94.0
272 318 -90.0
272 319 -97.0
272 320 -99.0
273 274 -95.0
273 275 -95.0
273 276 -110.0
273 277 -96.0
273 278 -98.0
273 279 -96.0
273 280 -100.0
273 281 -99.0
273 282 -98.0
273 283 -95.0
273 284 -96.0
273 285 -94.0
273 286 -101.0
273 287 -106.0
273 288 -94.0
273 289 -92.0
273 290 -105.0
273 291 -96.0
273 292 -106.0
273 293 -92.0
273 294 -98.0
273 295 -91.0
273 296 -104.0
273 297 -97.0
273 298 -97.0
273 299 -93.0
273 300 -101.0
273 301 -98.0
273 302 -103.0
273 303 -104.0
273 304 -104.0
273 305 -104.0
273 306 -95.0
273 307 -93.0
273 308 -109.0
273 309 -89.0
273 310 -106.0
273 311 -98.0
273 312 -97.0
273 313 -93.0
273 314 -101.0
273 315 -93.0
273 316 -106.0
273 317 -94.0
273 318 -91.0
273 319 -107.0
273 320 -96.0
274 275 -97.0
274 276 -87.0
274 277 -110.0
274 278 -96.0
274 279 -107.0
274 280 -97.0
274 281 -106.0
274 282 -97.0
274 283 -102.0
274 284 -94.0
274 285 -107.0
274 286 -103.0
274 287 -96.0
274 288 -92.0
274 289 -106.0
274 290 -104.0
274 291 -103.0
274 292 -98.0
274 293 -97.0
274 294 -99.0
274 295 -96.0
274 296 -98.0
274 297 -98.0
274 298 -96.0
274 299 -107.0
274 300 -101.0
274 301 -88.0
274 302 -95.0
274 303 -92.0
274 304 -95.0
274 305 -111.0
274 306 -92.0
274 307 -94.0
274 308 -100.0
274 309 -90.0
274 310 -100.0
274 311 -103.0
274 312 -107.0
274 313 -106.0
274 314 -96.0
274 315 -103.0
274 316 -91.0
274 317 -105.0
274 318 -107.0
274 319 -100.0
274 320 -84.0
275 276 -97.0
275 277 -104.0
275 278 -100.0
275 279 -97.0
275 280 -100.0
275 281 -93.0
275 282 -97.0
275 283 -106.0
275 284 -109.0
275 285 -102.0
275 286 -98.0
275 287 -100.0
275 288 -100.0
275 289 -90.0
275 290 -96.0
275 291 -95.0
275 292 -101.0
275 293 -100.0
275 294 -97.0
275 295 -94.0
275 296 -104.0
275 297 -108.0
275 298 -94.0
275 299 -100.0
275 300 -100.0
275 301 -97.0
275 302 -97.0
275 303 -99.0
275 304 -105.0
275 305 -104.0
275 306 -103.0
275 307 -103.0
275 308 -98.0
275 309 -97.0
275 310 -96.0
275 311 -97.0
275 312 -103.0
275 313 -104.0
275 314 -94.0
275 315 -105.0
275 316 -100.0
275 317 -105.0
275 318 -95.0
275 319 -103.0
275 320 -107.0
276 277 -101.0
276 278 -93.0
276 279 -99.0
276 280 -106.0
276 281 -104.0
276 282 -93.0
276 283 -96.0
276 284 -97.0
276 285 -97.0
276 286 -90.0
276 287 -101.0
276 288 -98.0
276 289 -99.0
276 290 -104.0
276 291 -104.0
276 292 -103.0
276 293 -91.0
276 294 -103.0
276 295 -99.0
276 296 -94.0
276 297 -98.0
276 298 -98.0
276 299 -109.0
276 300 -98.0
276 301 -99.0
276 302 -87.0
276 303 -102.0
276 304 -93.0
276 305 -98.0
276 306 -97.0
276 307 -101.0
276 308 -95.0
276 309 -101.0
276 310 -101.0
276 311 -103.0
276 312 -109.0
276 313 -93.0
276 314 -99.0
276 315 -94.0
276 316 -98.0
276 317 -104.0
276 318 -104.0
276 319 -103.0
276 320 -106.0
277 278 -86.0
277 279 -98.0
277 280 -99.0
277 281 -105.0
277 282 -98.0
277 283 -103.0
277 284 -102.0
277 285 -100.0
277 286 -90.0
277 287 -94.0
277 288 -103.0
277 289 -104.0
277 290 -99.0
277 291 -102.0
277 292 -100.0
277 293 -102.0
277 294 -89.0
277 295 -103.0
277 296 -95.0
277 297 -103.0
277 298 -103.0
277 299 -98.0
277 300 -101.0
277 301 -105.0
277 302 -99.0
277 303 -99.0
277 304 -91.0
277 305 -96.0
277 306 -105.0
277 307 -99.0
277 308 -95.0
277 309 -95.0
277 310 -104.0
277 311 -97.0
277 312 -100.0
277 313 -100.0
277 314 -99.0
277 315 -98.0
277 316 -102.0
277 317 -101.0
277 318 -106.0
277 319 -107.0
277 320 -95.0
278 279 -96.0
278 280 -97.0
278 281 -103.0
278 282 -108.0
278 283 -98.0
278 284 -100.0
278 285 -93.0
278 286 -100.0
278 287 -95.0
278 288 -98.0
278 289 -101.0
278 290 -110.0
278 291 -91.0
278 292 -91.0
278 293 -106.0
278 294 -97.0
278 295 -98.0
278 296 -102.0
278 297 -105.0
278 298 -99.0
278 299 -93.0
278 300 -104.0
278 301 -100.0
278 302 -92.0
278 303 -93.0
278 304 -98.0
278 305 -97.0
278 306 -100.0
278 307 -92.0
278 308 -90.0
278 309 -96.0
278 310 -103.0
278 311 -100.0
278 312 -88.0
278 313 -98.0
278 314 -107.0
278 315 -97.0
278 316 -103.0
278 317 -104.0
278 318 -98.0
278 319 -98.0
278 320 -101.0
279 280 -106.0
279 281 -87.0
279 282 -95.0
279 283 -101.0
279 284 -97.0
279 285 -95.0
279 286 -98.0
279 287 -101.0
279 288 -94.0
279 289 -97.0
279 290 -101.0
279 291 -106.0
279 292 -99.0
279 293 -102.0
279 294 -101.0
279 295 -97.0
279 296 -98.0
279 297 -106.0
279 298 -98.0
279 299 -97.0
279 300 -96.0
279 301 -90.0
279 302 -111.0
279 303 -97.0
279 304 -104.0
279 305 -101.0
279 306 -101.0
279 307 -97.0
279 308 -101.0
279 309 -101.0
279 310 -95.0
279 311 -97.0
279 312 -92.0
279 313 -98.0
279 314 -97.0
279 315 -102.0
279 316 -97.0
279 317 -106.0
279 318 -102.0
279 319 -107.0
279 320 -95.0
280 281 -93.0
280 282 -102.0
280 283 -93.0
280 284 -101.0
280 285 -98.0
280 286 -97.0
280 287 -105.0
280 288 -103.0
280 289 -104.0
280 290 -107.0
280 291 -100.0
280 292 -106.0
280 293 -100.0
280 294 -100.0
280 295 -109.0
280 296 -101.0
280 297 -98.0
280 298 -103.0
280 299 -98.0
280 300 -98.0
280 301 -97.0
280 302 -101.0
280 303 -93.0
280 304 -94.0
280 305 -92.0
280 306 -101.0
280 307 -93.0
280 308 -95.0
280 309 -102.0
280 310 -102.0
280 311 -92.0
280 312 -98.0
280 313 -106.0
280 314 -102.0
280 315 -101.0
280 316 -100.0
280 317 -97.0
280 318 -99.0
280 319 -101.0
280 320 -99.0
281 282 -106.0
281 283 -109.0
281 284 -103.0
281 285 -108.0
281 286 -87.0
281 287 -100.0
281 288 -96.0
281 289 -97.0
281 290 -108.0
281 291 -97.0
281 292 -106.0
281 293 -101.0
281 294 -114.0
281 295 -100.0
281 296 -108.0
281 297 -99.0
281 298 -107.0
281 299 -96.0
281 300 -100.0
281 301 -105.0
281 302 -94.0
281 303 -100.0
281 304 -102.0
281 305 -94.0
281 306 -102.0
281 307 -98.0
281 308 -94.0
281 309 -100.0
281 310 -105.0
281 311 -107.0
281 312 -98.0
281 313 -94.0
281 314 -99.0
281 315 -108.0
281 316 -104.0
281 317 -93.0
281 318 -99.0
281 319 -102.0
281 320 -100.0
282 283 -103.0
282 284 -97.0
282 285 -102.0
282 286 -98.0
282 287 -96.0
282 288 -101.0
282 289 -95.0
282 290 -103.0
282 291 -98.0
282 292 -103.0
282 293 -100.0
282 294 -102.0
282 295 -103.0
282 296 -99.0
282 297 -97.0
282 298 -99.0
282 299 -102.0
282 300 -98.0
282 301 -105.0
282 302 -103.0
282 303 -102.0
282 304 -97.0
282 305 -90.0
282 306 -98.0
282 307 -100.0
282 308 -102.0
282 309 -101.0
282 310 -98.0
282 311 -96.0
282 312 -106.0
282 313 -103.0
282 314 -103.0
282 315 -93.0
282 316 -103.0
282 317 -106.0
282 318 -98.0
282 319 -110.0
282 320 -105.0
283 284 -96.0
283 285 -100.0
283 286 -101.0
283 287 -101.0
283 288 -106.0
283 289 -99.0
283 290 -93.0
283 291 -101.0
283 292 -95.0
283 293 -99.0
283 294 -97.0
283 295 -90.0
283 296 -105.0
283 297 -93.0
283 298 -103.0
283 299 -98.0
283 300 -101.0
283 301 -97.0
283 302 -96.0
283 303 -100.0
283 304 -102.0
283 305 -104.0
283 306 -92.0
283 307 -102.0
283 308 -107.0
283 309 -104.0
283 310 -103.0
283 311 -94.0
283 312 -93.0
283 313 -92.0
283 314 -101.0
283 315 -107.0
283 316 -90.0
283 317 -101.0
283 318 -96.0
283 319 -99.0
283 320 -97.0
284 285 -102.0
284 286 -89.0
284 287 -100.0
284 288 -105.0
284 289 -96.0
284 290 -91.0
284 291 -100.0
284 292 -99.0
284 293 -99.0
284 294 -103.0
284 295 -102.0
284 296 -104.0
284 297 -92.0
284 298 -100.0
284 299 -98.0
284 300 -110.0
284 301 -107.0
284 302 -108.0
284 303 -97.0
284 304 -96.0
284 305 -98.0
284 306 -95.0
284 307 -100.0
284 308 -102.0
284 309 -96.0
284 310 -101.0
284 311 -104.0
284 312 -101.0
284 313 -96.0
284 314 -104.0
284 315 -101.0
284 316 -104.0
284 317 -105.0
284 318 -98.0
284 319 -90.0
284 320 -95.0
285 286 -94.0
285 287 -99.0
285 288 -99.0
285 289 -98.0
285 290 -106.0
285 291 -104.0
285 292 -100.0
285 293 -100.0
285 294 -105.0
285 295 -101.0
285 296 -104.0
285 297 -104.0
285 298 -99.0
285 299 -103.0
285 300 -96.0
285 301 -83.0
285 302 -104.0
285 303 -98.0
285 304 -99.0
285 305 -96.0
285 306 -95.0
285 307 -106.0
285 308 -87.0
285 309 -98.0
285 310 -97.0
285 311 -93.0
285 312 -94.0
285 313 -94.0
285 314 -103.0
285 315 -96.0
285 316 -97.0
285 317 -102.0
285 318 -101.0
285 319 -99.0
285 320 -95.0
286 287 -99.0
286 288 -109.0
286 289 -94.0
286 290 -94.0
286 291 -98.0
286 292 -105.0
286 293 -99.0
286 294 -88.0
286 295 -102.0
286 296 -103.0
286 297 -86.0
286 298 -93.0
286 299 -101.0
286 300 -102.0
286 301 -94.0
286 302 -96.0
286 303 -99.0
286 304 -104.0
286 305 -94.0
286 306 -96.0
286 307 -102.0
286 308 -92.0
286 309 -97.0
286 310 -97.0
286 311 -92.0
286 312 -101.0
286 313 -101.0
286 314 -95.0
286 315 -102.0
286 316 -99.0
286 317 -96.0
286 318 -106.0
286 319 -104.0
286 320 -95.0
287 288 -96.0
287 289 -101.0
287 290 -100.0
287 291 -98.0
287 292 -96.0
287 293 -105.0
287 294 -100.0
287 295 -100.0
287 296 -95.0
287 297 -99.0
287 298 -97.0
287 299 -101.0
287 300 -100.0
287 301 -99.0
287 302 -92.0
287 303 -107.0
287 304 -104.0
287 305 -104.0
287 306 -109.0
287 307 -91.0
287 308 -103.0
287 309 -101.0
287 310 -96.0
287 311 -101.0
287 312 -96.0
287 313 -96.0
287 314 -100.0
287 315 -101.0
287 316 -96.0
287 317 -100.0
287 318 -100.0
287 319 -98.0
287 320 -94.0
288 289 -101.0
288 290 -100.0
288 291 -96.0
288 292 -106.0
288 293 -104.0
288 294 -99.0
288 295 -102.0
288 296 -97.0
288 297 -101.0
288 298 -110.0
288 299 -104.0
288 300 -112.0
288 301 -92.0
288 302 -97.0
288 303 -107.0
288 304 -98.0
288 305 -94.0
288 306 -94.0
288 307 -105.0
288 308 -98.0
288 309 -97.0
288 310 -101.0
288 311 -98.0
288 312 -106.0
288 313 -96.0
288 314 -107.0
288 315 -100.0
288 316 -102.0
288 317 -102.0
288 318 -89.0
288 319 -99.0
288 320 -102.0
289 290 -95.0
289 291 -100.0
289 292 -109.0
289 293 -93.0
289 294 -103.0
289 295 -99.0
289 296 -99.0
289 297 -117.0
289 298 -105.0
289 299 -101.0
289 300 -95.0
289 301 -96.0
289 302 -102.0
289 303 -96.0
289 304 -103.0
289 305 -103.0
289 306 -99.0
289 307 -99.0
289 308 -97.0
289 309 -102.0
289 310 -97.0
289 311 -98.0
289 312 -96.0
289 313 -102.0
289 314 -100.0
289 315 -104.0
289 316 -99.0
289 317 -98.0
289 318 -95.0
289 319 -101.0
289 320 -97.0
290 291 -100.0
290 292 -95.0
290 293 -97.0
290 294 -101.0
290 295 -92.0
290 296 -97.0
290 297 -99.0
290 298 -98.0
290 299 -94.0
290 300 -98.0
290 301 -104.0
290 302 -97.0
290 303 -97.0
290 304 -107.0
290 305 -87.0
290 306 -111.0
290 307 -107.0
290 308 -98.0
290 309 -96.0
290 310 -95.0
290 311 -103.0
290 312 -102.0
290 313 -86.0
290 314 -98.0
290 315 -100.0
290 316 -94.0
290 317 -97.0
290 318 -106.0
290 319 -102.0
290 320 -108.0
291 292 -105.0
291 293 -100.0
291 294 -112.0
291 295 -97.0
291 296 -89.0
291 297 -102.0
291 298 -92.0
291 299 -98.0
291 300 -109.0
291 301 -103.0
291 302 -110.0
291 303 -102.0
291 304 -101.0
291 305 -107.0
291 306 -93.0
291 307 -104.0
291 308 -101.0
291 309 -95.0
291 310 -86.0
291 311 -104.0
291 312 -99.0
291 313 -106.0
291 314 -94.0
291 315 -105.0
291 316 -98.0
291 317 -99.0
291 318 -104.0
291 319 -106.0
291 320 -104.0
292 293 -100.0
292 294 -101.0
292 295 -103.0
292 296 -104.0
292 297 -97.0
292 298 -104.0
292 299 -93.0
292 300 -111.0
292 301 -98.0
292 302 -104.0
292 303 -110.0
292 304 -110.0
292 305 -92.0
292 306 -103.0
292 307 -99.0
292 308 -104.0
292 309 -99.0
292 310 -102.0
292 311 -96.0
292 312 -101.0
292 313 -110.0
292 314 -102.0
292 315 -96.0
292 316 -92.0
292 317 -103.0
292 318 -103.0
292 319 -93.0
292 320 -104.0
293 294 -107.0
293 295 -98.0
293 296 -104.0
293 297 -102.0
293 298 -101.0
293 299 -103.0
293 300 -104.0
293 301 -97.0
293 302 -89.0
293 303 -94.0
293 304 -112.0
293 305 -98.0
293 306 -102.0
293 307 -99.0
293 308 -94.0
293 309 -101.0
293 310 -96.0
293 311 -104.0
293 312 -105.0
293 313 -99.0
293 314 -99.0
293 315 -103.0
293 316 -98.0
293 317 -101.0
293 318 -94.0
293 319 -110.0
293 320 -96.0
294 295 -91.0
294 296 -109.0
294 297 -97.0
294 298 -96.0
294 299 -105.0
294 300 -99.0
294 301 -99.0
294 302 -102.0
294 303 -95.0
294 304 -99.0
294 305 -90.0
294 306 -96.0
294 307 -103.0
294 308 -102.0
294 309 -107.0
294 310 -102.0
294 311 -100.0
294 312 -101.0
294 313 -106.0
294 314 -102.0
294 315 -94.0
294 316 -105.0
294 317 -93.0
294 318 -101.0
294 319 -95.0
294 320 -99.0
295 296 -97.0
295 297 -103.0
295 298 -97.0
295 299 -94.0
295 300 -106.0
295 301 -102.0
295 302 -104.0
295 303 -93.0
295 304 -99.0
295 305 -102.0
295 306 -93.0
295 307 -103.0
295 308 -95.0
295 309 -105.0
295 310 -102.0
295 311 -93.0
295 312 -101.0
295 313 -108.0
295 314 -101.0
295 315 -102.0
295 316 -95.0
295 317 -101.0
295 318 -101.0
295 319 -98.0
295 320 -102.0
296 297 -99.0
296 298 -110.0
296 299 -99.0
296 300 -101.0
296 301 -99.0
296 302 -104.0
296 303 -98.0
296 304 -92.0
296 305 -98.0
296 306 -103.0
296 307 -94.0
296 308 -94.0
296 309 -103.0
296 310 -110.0
296 311 -100.0
296 312 -95.0
296 313 -107.0
296 314 -99.0
296 315 -105.0
296 316 -98.0
296 317 -101.0
296 318 -103.0
296 319 -95.0
296 320 -101.0
297 298 -101.0
297 299 -103.0
297 300 -106.0
297 301 -105.0
297 302 -103.0
297 303 -105.0
297 304 -106.0
297 305 -97.0
297 306 -105.0
297 307 -107.0
297 308 -105.0
297 309 -91.0
297 310 -89.0
297 311 -95.0
297 312 -102.0
297 313 -103.0
297 314 -94.0
297 315 -109.0
297 316 -106.0
297 317 -108.0
297 318 -96.0
297 319 -93.0
297 320 -99.0
298 299 -94.0
298 300 -110.0
298 301 -96.0
298 302 -104.0
298 303 -107.0
298 304 -95.0
298 305 -98.0
298 306 -96.0
298 307 -94.0
298 308 -97.0
298 309 -101.0
298 310 -90.0
298 311 -99.0
298 312 -100.0
298 313 -107.0
298 314 -94.0
298 315 -103.0
298 316 -106.0
298 317 -91.0
298 318 -96.0
298 319 -96.0
298 320 -93.0
299 300 -100.0
299 301 -95.0
299 302 -97.0
299 303 -104.0
299 304 -98.0
299 305 -99.0
299 306 -112.0
299 307 -93.0
299 308 -104.0
299 309 -114.0
299 310 -96.0
299 311 -109.0
299 312 -103.0
299 313 -103.0
299 314 -104.0
299 315 -95.0
299 316 -97.0
299 317 -97.0
299 318 -103.0
299 319 -100.0
299 320 -92.0
300 301 -100.0
300 302 -93.0
300 303 -94.0
300 304 -93.0
300 305 -100.0
300 306 -97.0
300 307 -94.0
300 308 -108.0
300 309 -105.0
300 310 -100.0
300 311 -102.0
300 312 -95.0
300 313 -97.0
300 314 -101.0
300 315 -95.0
300 316 -100.0
300 317 -106.0
300 318 -102.0
300 319 -111.0
300 320 -103.0
301 302 -101.0
301 303 -106.0
301 304 -99.0
301 305 -93.0
301 306 -96.0
301 307 -96.0
301 308 -105.0
301 309 -100.0
301 310 -100.0
301 311 -94.0
301 312 -95.0
301 313 -96.0
301 314 -105.0
301 315 -94.0
301 316 -96.0
301 317 -98.0
301 318 -98.0
301 319 -100.0
301 320 -98.0
302 303 -95.0
302 304 -97.0
302 305 -93.0
302 306 -110.0
302 307 -99.0
302 308 -108.0
302 309 -109.0
302 310 -110.0
302 311 -102.0
302 312 -103.0
302 313 -105.0
302 314 -97.0
302 315 -102.0
302 316 -100.0
302 317 -111.0
302 318 -84.0
302 319 -107.0
302 320 -109.0
303 304 -95.0
303 305 -100.0
303 306 -103.0
303 307 -99.0
303 308 -98.0
303 309 -95.0
303 310 -100.0
303 311 -99.0
303 312 -91.0
303 313 -95.0
303 314 -105.0
303 315 -104.0
303 316 -98.0
303 317 -102.0
303 318 -98.0
303 319 -102.0
303 320 -90.0
304 305 -97.0
304 306 -100.0
304 307 -98.0
304 308 -102.0
304 309 -93.0
304 310 -100.0
304 311 -98.0
304 312 -103.0
304 313 -102.0
304 314 -108.0
304 315 -96.0
304 316 -104.0
304 317 -101.0
304 318 -93.0
304 319 -98.0
304 320 -102.0
305 306 -102.0
305 307 -105.0
305 308 -102.0
305 309 -98.0
305 310 -98.0
305 311 -96.0
305 312 -92.0
305 313 -99.0
305 314 -102.0
305 315 -97.0
305 316 -91.0
305 317 -103.0
305 318 -98.0
305 319 -90.0
305 320 -99.0
306 307 -103.0
306 308 -100.0
306 309 -101.0
306 310 -92.0
306 311 -109.0
306 312 -102.0
306 313 -92.0
306 314 -101.0
306 315 -108.0
306 316 -104.0
306 317 -96.0
306 318 -101.0
306 319 -106.0
306 320 -96.0
307 308 -109.0
307 309 -105.0
307 310 -100.0
307 311 -92.0
307 312 -102.0
307 313 -99.0
307 314 -102.0
307 315 -101.0
307 316 -93.0
307 317 -95.0
307 318 -96.0
307 319 -94.0
307 320 -99.0
308 309 -102.0
308 310 -103.0
308 311 -101.0
308 312 -97.0
308 313 -104.0
308 314 -99.0
308 315 -97.0
308 316 -102.0
308 317 -96.0
308 318 -106.0
308 319 -101.0
308 320 -97.0
309 310 -100.0
309 311 -102.0
309 312 -94.0
309 313 -107.0
309 314 -98.0
309 315 -101.0
309 316 -99.0
309 317 -105.0
309 318 -91.0
309 319 -102.0
309 320 -100.0
310 311 -103.0
310 312 -101.0
310 313 -102.0
310 314 -101.0
310 315 -100.0
310 316 -103.0
310 317 -103.0
310 318 -95.0
310 319 -95.0
310 320 -97.0
311 312 -100.0
311 313 -107.0
311 314 -99.0
311 315 -103.0
311 316 -94.0
311 317 -95.0
311 318 -101.0
311 319 -103.0
311 320 -99.0
312 313 -99.0
312 314 -94.0
312 315 -96.0
312 316 -107.0
312 317 -101.0
312 318 -96.0
312 319 -100.0
312 320 -97.0
313 314 -108.0
313 315 -105.0
313 316 -102.0
313 317 -98.0
313 318 -102.0
313 319 -98.0
313 320 -108.0
314 315 -114.0
314 316 -98.0
314 317 -102.0
314 318 -99.0
314 319 -104.0
314 320 -109.0
315 316 -108.0
315 317 -101.0
315 318 -101.0
315 319 -96.0
315 320 -104.0
316 317 -99.0
316 318 -97.0
316 319 -95.0
316 320 -97.0
317 318 -100.0
317 319 -95.0
317 320 -102.0
318 319 -99.0
318 320 -94.0
319 320 -95.0
