MULTICUT
1 642 -17.837269312
1 772 -14.8953970932
1 773 -11.4221483785
1 782 -11.7404770866
1 25 -13.1143536155
1 533 -9.5211579839
1 279 -10.5406019162
1 24 -11.0842289546
1 281 -14.7046251048
1 709 -9.78342680561
1 288 -14.3386651834
1 290 -9.21674354254
1 711 -13.5575375528
1 295 -12.0177977733
1 809 -12.756476457
1 813 -11.1370728595
1 672 -11.023179708
1 710 -13.2506296473
1 438 -13.7841964133
1 826 -12.8130361928
1 59 -12.3365365264
1 544 -11.3613225348
1 573 -7.52834850005
1 62 -7.4237839225
1 182 -14.9389032309
1 449 -12.7055904054
1 323 -15.6760942633
1 581 -16.5921380497
1 454 -15.3686289369
1 455 -15.0144161331
1 203 -12.7187542158
1 846 -15.7630652015
1 849 -16.1800867043
1 83 -10.9962985058
1 725 -15.8552743367
1 473 -12.456701226
1 475 -12.5014095008
1 864 -16.3194023526
1 97 -11.745611452
1 355 -15.9819807906
1 484 -11.8873173522
1 230 -11.6871981607
1 617 -10.0216843818
1 490 -10.4084774508
1 235 -8.6144499002
1 748 -9.82390120743
1 749 -11.7389457346
1 239 -15.909780215
1 499 -11.7909223359
1 628 -13.3560583547
1 373 -14.7231217605
1 120 -12.9771992035
1 252 -10.3871163821
2 131 -14.3403421033
2 5 -15.4684947015
2 520 -11.6774246521
2 884 -10.8206328851
2 138 -7.57894624291
2 652 -12.1251562679
2 15 -15.5932124768
2 400 -7.29402314314
2 17 -11.132988953
2 786 -9.42779865725
2 531 -12.5506383333
2 149 -13.4226823568
2 878 -12.4035800075
2 756 -11.7013729718
2 581 -9.4409910829
2 412 -13.529982836
2 288 -14.9561493988
2 417 -12.0711486158
2 805 -12.0869392348
2 820 -12.3169012504
2 679 -13.306572773
2 296 -13.1103706678
2 170 -10.2955154612
2 555 -13.459538843
2 302 -8.41100881717
2 687 -14.4578441053
2 304 -13.5363902547
2 305 -10.4459917398
2 50 -6.13560806852
2 308 -10.3400022365
2 183 -13.5927766008
2 394 -9.51451738526
2 57 -12.8727678728
2 571 -10.3898392869
2 701 -9.60134710054
2 830 -8.23221512001
2 447 -11.8371163688
2 578 -13.2323181776
2 452 -16.3732493145
2 325 -15.9532391949
2 839 -10.5774162984
2 331 -11.2550033971
2 716 -3.46877918146
2 659 -12.0319445768
2 463 -13.2703641196
2 592 -8.71234874921
2 209 -13.5762090237
2 825 -9.48784017741
2 558 -10.4752670073
2 596 -10.2352105065
2 811 -12.6014675314
2 562 -14.7735898843
2 792 -14.7193513491
2 673 -14.042467169
2 94 -12.8516726966
2 863 -15.5209398015
2 352 -10.9644426454
2 851 -13.4469125194
2 699 -13.4913169315
2 595 -14.9052475026
2 114 -14.6576731355
2 755 -14.480822885
2 724 -14.4389842527
2 757 -13.2535657401
2 703 -13.4106718294
2 503 -7.4973680551
2 682 -15.5504311719
2 249 -15.684865128
2 661 -15.4344639857
2 510 -8.5204578822
2 606 -11.1195706658
2 512 -13.7156684275
3 670 -14.0797684576
3 260 -10.046708707
3 6 -12.2730531608
3 764 -12.9538780761
3 398 -13.1312013829
3 399 -12.3110085465
3 784 -15.2678286657
3 657 -13.2447015415
3 403 -14.0685033878
3 559 -13.5496230441
3 535 -11.8144098455
3 794 -14.3525229082
3 155 -15.5044565367
3 30 -8.62855026966
3 31 -13.0830836124
3 544 -14.9988369034
3 369 -13.9083319467
3 36 -12.5718910738
3 422 -9.10166520436
3 808 -12.9740647521
3 41 -10.620192414
3 43 -12.0873721371
3 300 -8.21550971532
3 685 -12.3912886407
3 303 -12.3551650227
3 560 -10.9829244821
3 434 -11.3594062885
3 415 -12.8749192147
3 824 -11.7611432832
3 57 -12.8393370262
3 698 -12.2111800503
3 188 -14.5151897238
3 63 -15.2534312903
3 438 -12.6671887145
3 69 -12.0277400112
3 198 -11.4650909458
3 674 -11.083756746
3 202 -12.3197983387
3 206 -16.0131456661
3 335 -13.4888952805
3 484 -13.9270851277
3 726 -15.8857409027
3 471 -10.9391429501
3 600 -11.2992969635
3 602 -9.59281829822
3 605 -15.4508519402
3 350 -10.0565330816
3 607 -15.8388440642
3 352 -14.6000070764
3 97 -15.4780738731
3 227 -11.3756227862
3 316 -11.2772655334
3 485 -9.90761211758
3 230 -13.203380187
3 231 -11.7117207282
3 787 -7.76625106697
3 241 -13.8298144098
3 444 -13.6906239974
3 884 -12.2338167916
3 703 -12.0152079131
3 870 -14.3586528993
3 636 -11.2180337581
3 126 -11.2407595396
3 512 -11.5148276101
4 129 -13.0259135649
4 130 -15.423823817
4 388 -14.4113875353
4 5 -14.7771733996
4 261 -11.0415845913
4 514 -16.5925744744
4 666 -11.1226930394
4 651 -10.9007090923
4 141 -8.27118362152
4 654 -12.7524534255
4 784 -12.8412450198
4 17 -17.7829615884
4 530 -7.59152294854
4 147 -15.5156639768
4 277 -15.19806091
4 22 -13.8360129322
4 23 -11.846363758
4 410 -14.391478578
4 154 -10.2947622102
4 283 -15.9244277734
4 880 -15.1714282971
4 542 -13.6632177112
4 292 -14.1884804713
4 37 -16.2228973361
4 806 -12.1784105114
4 39 -10.5731546498
4 424 -15.3963685037
4 425 -13.0054107899
4 557 -13.9304415711
4 303 -10.6003164646
4 560 -9.16191689574
4 178 -14.2088325626
4 564 -15.0083006301
4 437 -10.5760377601
4 566 -14.9464523401
4 56 -9.19924789287
4 642 -9.78703943537
4 58 -10.4502691592
4 736 -8.34580766778
4 317 -5.71879207892
4 62 -11.3637576522
4 319 -12.6491968452
4 64 -12.842434731
4 583 -11.565372621
4 738 -6.28537792121
4 329 -11.8038104666
4 843 -13.8436570654
4 79 -13.9058537366
4 630 -7.73264791652
4 593 -8.18923642173
4 662 -9.16305253083
4 847 -12.420215533
4 89 -15.6912975971
4 732 -14.9140367089
4 861 -11.9500818794
4 224 -14.5081635926
4 610 -16.0568590933
4 848 -15.4878465685
4 230 -8.75652755607
4 869 -16.3011101075
4 102 -13.3676556448
4 573 -7.72070625893
4 680 -16.9003922175
4 749 -11.0285223439
4 752 -9.76685431334
4 881 -11.9177775092
4 502 -15.3998526484
4 635 -12.1468024803
4 125 -14.1277313979
4 167 -11.4810045639
5 390 -10.2586209369
5 386 -13.5411443396
5 730 -11.6136241814
5 632 -12.3840659275
5 529 -11.0088543369
5 20 -11.8953518165
5 278 -10.5287762903
5 536 -9.8900489763
5 26 -9.63469217897
5 285 -8.86743704803
5 542 -15.0274846315
5 582 -11.0557392695
5 673 -11.3325469868
5 164 -13.1916195465
5 37 -11.9073511043
5 294 -11.8390872253
5 167 -12.5939451053
5 626 -10.6032247499
5 297 -5.67405158372
5 392 -13.0170050499
5 851 -7.81880756351
5 436 -8.54592401919
5 437 -15.7852131083
5 504 -10.1542145245
5 695 -9.00982632744
5 440 -10.6167157184
5 186 -9.58157228308
5 608 -7.85792488975
5 444 -14.6863829531
5 189 -4.78148220686
5 702 -12.8195544497
5 652 -13.7426386695
5 70 -10.4541361483
5 455 -11.8720443627
5 201 -5.50907350742
5 332 -13.4248425401
5 845 -11.5453951373
5 719 -14.8495781701
5 723 -16.1831202276
5 214 -9.05333199533
5 215 -9.55533670788
5 728 -11.6161333616
5 549 -16.1999834973
5 224 -8.30131162472
5 225 -11.1851819201
5 631 -13.4604839758
5 111 -11.0789703966
5 830 -13.378180194
5 498 -11.0251982732
5 116 -12.062851405
5 246 -14.9803038141
5 503 -11.6935904841
5 120 -14.3572406224
5 124 -9.38529867107
5 381 -10.7521150069
5 256 -8.50546289942
6 513 -11.8414343905
6 518 -13.7814467738
6 10 -12.3278960515
6 13 -16.4680613712
6 531 -9.02262767332
6 532 -9.15496880265
6 22 -7.26352244252
6 23 -11.8740402577
6 31 -10.0938114749
6 550 -8.72609728274
6 554 -11.9998394561
6 50 -9.31713315925
6 567 -14.2941845007
6 57 -10.594802371
6 62 -13.4056888592
6 67 -11.9773054167
6 582 -13.3974157186
6 586 -15.9936630073
6 591 -13.0634688003
6 81 -15.8990034205
6 83 -12.5674303745
6 92 -15.4035950142
6 94 -17.2762931548
6 99 -10.3252059132
6 619 -11.4188910916
6 621 -10.7504207769
6 111 -16.280828164
6 628 -11.4642208648
6 119 -10.7126226963
6 124 -9.05029513016
6 107 -11.0487676483
6 128 -13.1063541513
6 131 -12.2009219905
6 653 -15.9857761618
6 655 -18.0913403955
6 146 -11.709783203
6 153 -9.14265480241
6 668 -11.0676569278
6 795 -6.87685745719
6 174 -14.57101876
6 184 -12.5952828658
6 186 -12.6905609542
6 187 -9.90129107857
6 190 -13.0376288014
6 203 -11.6853214581
6 728 -15.400451669
6 218 -12.8032500461
6 739 -12.8553572909
6 236 -11.367202202
6 762 -13.9444673142
6 763 -12.1125065014
6 766 -13.3016402217
6 255 -10.6053449411
6 257 -10.7452298894
6 792 -14.0609885795
6 794 -8.88318313645
6 283 -7.27434393084
6 796 -11.7351353226
6 801 -15.2601942084
6 802 -11.6049000309
6 298 -11.4946902188
6 811 -16.0287498578
6 316 -12.0456735755
6 335 -12.9190892683
6 342 -10.6968662382
6 355 -12.4615742132
6 871 -16.0495741457
6 658 -10.5483013803
6 875 -11.2166259344
6 365 -14.5600443859
6 375 -13.8640684863
6 376 -10.8987202599
6 377 -10.4936180387
6 380 -13.6048056232
6 382 -10.2412153084
6 399 -14.5861172929
6 401 -9.09768335102
6 441 -9.09627482032
6 443 -14.8306761197
6 448 -15.5098436015
6 458 -17.2442995172
6 468 -8.04798732596
6 473 -8.43134289749
6 489 -11.0912166225
6 497 -9.48819193535
7 386 -14.7514439098
7 643 -11.3831432874
7 791 -12.1391377694
7 776 -11.6232729936
7 13 -14.2358281304
7 875 -14.56721101
7 144 -11.7559115269
7 274 -8.87890456185
7 532 -11.6427953983
7 277 -8.1026340558
7 407 -15.1143368755
7 537 -12.6759415651
7 855 -12.4289589195
7 156 -16.1632677037
7 752 -15.419561308
7 497 -9.50699890224
7 164 -8.06919602572
7 37 -10.1012014545
7 167 -8.39448120073
7 168 -11.722858282
7 170 -11.7181403327
7 299 -15.2005494236
7 558 -15.0854315636
7 432 -13.5573480597
7 49 -14.0162616773
7 814 -13.5261500089
7 565 -14.3439975883
7 607 -13.2033008239
7 55 -10.1156566105
7 313 -10.1579874172
7 188 -11.3023013749
7 191 -11.1036329737
7 832 -14.2939010514
7 766 -10.4724815539
7 453 -8.65550696045
7 823 -11.5831950003
7 327 -6.75647690008
7 738 -10.2872288692
7 781 -11.2087263567
7 459 -13.2353592648
7 589 -10.5113183806
7 591 -13.1412108461
7 370 -10.0256004095
7 337 -9.29919704828
7 210 -13.2028745687
7 340 -10.4341857924
7 343 -12.0484697266
7 472 -7.35522348843
7 89 -11.8628299282
7 95 -14.2794533399
7 610 -14.5921943291
7 100 -13.393602244
7 869 -6.28745225907
7 295 -7.33679994627
7 487 -12.6604335189
7 745 -13.3245523884
7 107 -8.37036584292
7 624 -12.5535327817
7 369 -12.1089221861
7 60 -16.2620228506
7 883 -10.8330746181
7 852 -12.700296978
7 757 -13.88946594
7 374 -9.98413939983
7 836 -11.7666874684
7 250 -9.01672636366
7 251 -12.7216416851
7 866 -11.7319005281
7 747 -10.6040897062
7 255 -13.5355678285
7 128 -12.6894680558
8 260 -6.39419742108
8 261 -12.4879469868
8 727 -5.24289290897
8 775 -11.2560097997
8 777 -10.0831884919
8 269 -8.57826558113
8 143 -12.5182819694
8 145 -16.2190680033
8 516 -10.4845655431
8 21 -10.2389390747
8 23 -9.94844002393
8 152 -7.72265906223
8 537 -12.9231768272
8 645 -10.948639676
8 669 -12.6472119444
8 286 -14.4293150134
8 774 -13.185817642
8 33 -6.28450933967
8 675 -9.76823863375
8 36 -11.2171085864
8 37 -8.91045357209
8 422 -11.657762942
8 551 -12.3344267959
8 811 -13.4519203958
8 44 -11.0401520073
8 302 -13.6570562213
8 176 -7.94286650417
8 49 -11.0574394839
8 435 -10.122606077
8 842 -15.4076283325
8 698 -13.0270357196
8 829 -10.0547467626
8 575 -13.6194292184
8 321 -11.0828979395
8 719 -13.2042596814
8 67 -11.9281545183
8 844 -13.8059703499
8 453 -11.2441699941
8 198 -10.5887638151
8 202 -15.4121805067
8 76 -13.498414016
8 77 -10.9063051848
8 78 -10.1853917225
8 79 -10.7989757384
8 720 -11.2947860424
8 636 -10.7924637329
8 420 -10.003484347
8 341 -13.3609949336
8 399 -12.1339768927
8 215 -11.4967236674
8 90 -14.9271334937
8 347 -15.8889695316
8 224 -10.8114726441
8 481 -15.0512805352
8 354 -11.3521473824
8 356 -12.3612674272
8 102 -11.9848701097
8 615 -10.2759478573
8 380 -14.133054956
8 709 -15.207497252
8 243 -7.83243301559
8 596 -10.8083050066
8 245 -12.6502471964
8 374 -11.8786364838
8 504 -8.84492894361
8 505 -15.398242736
8 661 -8.62907898702
8 397 -13.7423689304
8 252 -12.4222616076
8 807 -12.9141453773
9 641 -13.5731110932
9 130 -6.98606837436
9 748 -14.9606931451
9 535 -9.87598656377
9 504 -10.1755441297
9 777 -11.4672195407
9 525 -17.4657351639
9 399 -12.2687612124
9 760 -12.0936519422
9 601 -10.9869966112
9 20 -12.0930444208
9 789 -15.1328563702
9 751 -9.76201265341
9 407 -15.6799367157
9 666 -12.9916134984
9 410 -11.1425418492
9 700 -13.1821919868
9 285 -13.308079425
9 415 -12.8635998828
9 544 -14.7770338606
9 33 -13.4814958731
9 34 -10.8727965085
9 547 -12.74183098
9 37 -11.2724523528
9 551 -12.93431644
9 169 -9.97997402245
9 810 -10.1384840835
9 43 -14.7126980687
9 430 -9.8371954576
9 563 -15.257733369
9 184 -5.60873244203
9 186 -9.43594630282
9 706 -15.3405269715
9 60 -16.2672860842
9 322 -11.6543252294
9 324 -8.68116175564
9 454 -15.2099743222
9 328 -11.4340298487
9 843 -7.33524229216
9 440 -10.5504499867
9 739 -12.1013915427
9 80 -13.7064266829
9 527 -11.9445903248
9 89 -10.8460737266
9 602 -12.9648019658
9 91 -12.0695252526
9 221 -12.0842800537
9 460 -9.7757667349
9 611 -12.6862602272
9 612 -11.5043285892
9 236 -16.0786730015
9 878 -13.9377583676
9 452 -13.2668038382
9 625 -13.5175524988
9 374 -10.4137785997
9 376 -11.3569902968
9 505 -11.4911248833
9 123 -11.2727299168
9 381 -9.25745887481
9 427 -10.7489283019
10 545 -15.6037218864
10 391 -9.62240445565
10 777 -8.18479350224
10 394 -13.3232461621
10 396 -11.6674754241
10 14 -11.8206136011
10 145 -10.456574413
10 18 -15.3649534948
10 275 -8.43837467404
10 532 -11.2866057406
10 534 -15.9358121317
10 23 -14.2073267238
10 756 -10.5967100094
10 658 -12.171783828
10 27 -4.49863704319
10 284 -11.5635307971
10 413 -14.3122043924
10 414 -11.7337168944
10 159 -8.77798181419
10 862 -14.0806202085
10 161 -10.4983168421
10 162 -9.11620022927
10 291 -13.9174855712
10 420 -12.4508219241
10 714 -15.8325471563
10 829 -6.74779120044
10 797 -12.339893045
10 43 -12.6953581174
10 584 -12.0439069522
10 45 -10.8332706756
10 557 -12.9001877751
10 176 -13.5250534403
10 880 -16.774392527
10 51 -14.4836368264
10 52 -10.0489879505
10 181 -13.8314972843
10 182 -16.81647454
10 439 -9.80229679058
10 184 -10.4446993706
10 565 -6.55237035223
10 828 -9.94156978219
10 61 -8.71115882064
10 192 -10.9790791572
10 449 -9.05396255698
10 289 -8.66178899938
10 707 -8.98468475305
10 68 -12.4705173775
10 732 -13.7897735422
10 328 -9.23291566129
10 457 -10.3057935852
10 698 -14.3607272713
10 824 -15.2395217439
10 228 -13.2504744196
10 725 -14.7560146566
10 344 -11.95620486
10 473 -12.8137933117
10 603 -14.8059468109
10 348 -9.55635839169
10 94 -15.26741968
10 801 -10.5980541883
10 98 -15.3729095293
10 100 -15.7131973221
10 17 -15.6948647794
10 104 -11.8882513986
10 361 -13.146057898
10 701 -14.1887266902
10 619 -9.735969223
10 232 -12.1876640137
10 749 -8.89779531959
10 622 -6.62709923626
10 240 -11.8110407987
10 754 -13.8145048389
10 563 -11.1594441591
10 758 -15.5060478831
10 708 -13.7052577046
10 633 -11.6191834945
10 250 -14.3539711283
10 379 -13.3920536117
10 320 -14.6944590016
10 383 -11.875387225
10 767 -12.7150449678
11 769 -14.5734706125
11 642 -12.8268361263
11 264 -14.8805915783
11 265 -12.9933027619
11 138 -10.4740656389
11 780 -15.0157387572
11 653 -14.5662582915
11 696 -12.4601753373
11 144 -14.8707922419
11 409 -9.86295620472
11 532 -9.21118442129
11 790 -9.68084816973
11 25 -12.9455930201
11 445 -14.8115223453
11 838 -9.04211609282
11 561 -16.3095037401
11 548 -12.2288817983
11 37 -9.24214695495
11 39 -8.87410514613
11 40 -13.6378542614
11 41 -11.0312077532
11 429 -13.1239225111
11 755 -15.9724712838
11 433 -9.73340943058
11 51 -10.8795016346
11 180 -5.76716661972
11 694 -5.52015961758
11 695 -4.87779951336
11 586 -10.2688382208
11 185 -8.64866373899
11 757 -12.3544432779
11 315 -14.7362233174
11 61 -11.5408307206
11 609 -10.2071900406
11 192 -9.99876363065
11 705 -12.4884861943
11 578 -8.98845146283
11 196 -12.9863244653
11 454 -11.3192011476
11 583 -10.1617768259
11 328 -12.1603570616
11 202 -4.76689436571
11 587 -10.4729715727
11 681 -16.4337666528
11 207 -14.3957117745
11 337 -10.4350561599
11 215 -12.5635315422
11 217 -12.8081624339
11 90 -13.9087174359
11 347 -10.3656626513
11 220 -11.9637629617
11 606 -15.032884037
11 225 -15.8842170219
11 867 -9.90820568086
11 613 -12.0656113357
11 551 -14.4497799371
11 871 -8.3744937237
11 234 -13.1598048343
11 623 -11.6313746208
11 169 -12.4098052355
11 371 -10.6753370088
11 500 -12.9404576954
11 245 -13.197105136
11 503 -9.4172803278
11 874 -4.61104030633
11 251 -7.30643619598
11 381 -11.3258209809
11 510 -12.4685315143
12 770 -10.9578599941
12 516 -11.7017881635
12 262 -11.8201884651
12 391 -15.386573031
12 140 -10.3082878405
12 654 -13.7731555803
12 405 -12.6362755069
12 149 -13.3680282085
12 791 -15.2510376106
12 536 -13.1765433306
12 26 -10.232234368
12 411 -14.1044475702
12 30 -11.9950523547
12 672 -10.0894800453
12 881 -16.5286112886
12 163 -10.6266989577
12 604 -17.1787818178
12 421 -14.052248366
12 38 -12.5989006636
12 39 -12.0409674333
12 809 -4.87603095994
12 426 -5.59009191486
12 691 -11.1805243163
12 51 -10.6560027081
12 309 -12.9418741565
12 57 -8.46602702294
12 501 -10.7136024553
12 71 -15.6037084964
12 587 -12.9465503751
12 322 -12.2368696277
12 579 -7.98636109841
12 460 -13.3623997728
12 581 -10.2556464383
12 199 -13.8094058834
12 712 -12.3833621922
12 458 -15.735876025
12 459 -14.9424948233
12 76 -11.6214948915
12 461 -9.27868219006
12 463 -13.3149587905
12 80 -9.61879954564
12 83 -11.4488225898
12 340 -11.4964346742
12 341 -14.2150244844
12 853 -14.8830537469
12 219 -11.9079993731
12 92 -9.01918431183
12 734 -12.9311210342
12 735 -10.5545884552
12 807 -13.5901365208
12 226 -10.8575484948
12 636 -12.0584551257
12 423 -13.1400765918
12 232 -9.85602791806
12 445 -14.2508521338
12 363 -15.1525458498
12 367 -11.9156347628
12 624 -7.93895820239
12 625 -13.7045236852
12 628 -14.9274083727
12 373 -11.489417903
12 249 -7.67036274079
12 277 -9.77830668844
12 507 -10.6290213847
12 380 -10.8255346725
13 641 -14.9370653014
13 261 -8.50856298013
13 813 -11.3327426342
13 268 -13.1261580598
13 269 -11.4682897767
13 526 -12.7200675763
13 658 -12.8203839223
13 278 -13.4575069997
13 407 -12.4630858931
13 792 -6.14704100866
13 537 -15.0584844612
13 811 -13.066494158
13 667 -8.40876558464
13 737 -11.7792511792
13 518 -13.1059877815
13 674 -13.7573388275
13 163 -14.7981650173
13 293 -11.3050232628
13 678 -11.2688936051
13 170 -14.2822586471
13 555 -14.8759845333
13 840 -14.833780025
13 685 -17.3535958695
13 46 -12.396092998
13 478 -16.5832207928
13 817 -12.6202621182
13 306 -14.5085906368
13 310 -11.2064313332
13 313 -9.38562742533
13 544 -5.24070095546
13 701 -12.66657563
13 578 -13.3711028709
13 332 -7.21346550515
13 325 -13.7081224603
13 710 -8.85538747073
13 328 -11.5956429123
13 586 -12.8870746744
13 587 -14.7444133176
13 204 -13.5072015389
13 718 -10.9035514339
13 336 -14.0091767483
13 337 -9.63503920067
13 825 -9.37222629414
13 83 -12.7791029812
13 475 -14.2054090924
13 350 -12.1254979592
13 524 -8.87838371991
13 593 -6.8762875779
13 229 -13.5308896535
13 618 -12.5210912978
13 233 -12.0605646862
13 490 -9.15845589479
13 844 -10.3192709059
13 877 -14.6730421177
13 793 -13.1916271465
13 113 -12.6900386267
13 489 -9.91554697979
13 371 -13.869926278
13 372 -14.2209580902
13 373 -10.7998918536
13 248 -13.6924396027
13 763 -8.34143089669
13 380 -14.1163355597
13 721 -11.1988706023
13 510 -11.2847153198
13 866 -12.3912608428
14 133 -9.38846220381
14 855 -8.27250101017
14 520 -13.5114955486
14 140 -12.0648536023
14 141 -5.26594787994
14 529 -12.3622271118
14 786 -13.6445284023
14 147 -13.7211568457
14 789 -14.4217321399
14 692 -11.7459889676
14 281 -8.68774704341
14 261 -9.57581446986
14 155 -13.5965924211
14 158 -14.4478202962
14 672 -7.27433841968
14 34 -8.14003039258
14 163 -7.97697889532
14 36 -11.6869336357
14 806 -14.9568879682
14 434 -9.38581084242
14 425 -14.9960771132
14 584 -10.117185307
14 558 -14.2128242473
14 687 -12.4794396572
14 286 -10.4503355972
14 701 -12.6957688489
14 306 -14.4797110131
14 52 -15.6904314268
14 676 -10.5086621435
14 567 -16.3124705253
14 650 -12.214042098
14 569 -15.8746431609
14 59 -10.6397663435
14 189 -9.38482720576
14 62 -10.3632397229
14 577 -9.91767351637
14 706 -8.20684033497
14 707 -8.08265517559
14 780 -8.3597743801
14 454 -8.55293894317
14 199 -12.1829965806
14 72 -13.1487238929
14 841 -12.6420084569
14 74 -13.8379669109
14 719 -13.5621684711
14 464 -14.0814601822
14 594 -15.0716884605
14 595 -13.0077524591
14 548 -13.2057590118
14 215 -7.89718309298
14 474 -8.50363845613
14 848 -14.2311899445
14 443 -8.95149768443
14 351 -14.9272351784
14 482 -10.2353103689
14 612 -15.6952352141
14 102 -7.93380752745
14 745 -12.2817411458
14 106 -12.5739197779
14 235 -11.3359251841
14 236 -11.5695247497
14 624 -10.3818090985
14 809 -11.4693944697
14 840 -14.1967066
14 500 -14.78161125
14 632 -9.68229979895
14 674 -14.3590108469
14 123 -16.2034283237
14 606 -14.8892195141
15 259 -13.7667643404
15 132 -15.2664184482
15 263 -13.3167262355
15 520 -12.9401085369
15 650 -12.6293027621
15 651 -10.3160830914
15 143 -8.8381781941
15 581 -10.7089267784
15 18 -15.1905972781
15 531 -10.1908940762
15 661 -14.2522888639
15 406 -11.7190734185
15 792 -10.4587233672
15 281 -11.5012961188
15 282 -13.5972162514
15 27 -8.50769953906
15 156 -9.05971584074
15 29 -13.9669011125
15 542 -14.8056943996
15 31 -13.6238822061
15 33 -15.2029991109
15 305 -12.5686531335
15 294 -13.0201512808
15 295 -10.4143555549
15 297 -7.72254919899
15 429 -8.55738452011
15 174 -13.249888953
15 559 -11.4751183111
15 177 -10.186498767
15 818 -11.7046844714
15 179 -12.1591432156
15 287 -14.5413614038
15 56 -12.820617081
15 185 -13.0850975481
15 826 -13.6798160674
15 699 -11.4913397867
15 445 -15.459399275
15 446 -13.0369850382
15 64 -10.3270055154
15 705 -16.543624979
15 66 -12.4333266876
15 325 -13.1806339358
15 328 -13.4319749959
15 332 -10.2345165211
15 846 -6.69334036095
15 79 -12.7811790663
15 465 -9.67857498777
15 313 -13.3107348044
15 342 -13.644891263
15 599 -15.9265708742
15 88 -9.44416494148
15 217 -10.5335089252
15 346 -16.4765523952
15 92 -13.7785868768
15 733 -12.2339200955
15 95 -11.7134000464
15 96 -9.59169083413
15 657 -11.1964336725
15 817 -14.7046884313
15 228 -10.4579748599
15 813 -11.2918934356
15 106 -4.28053644079
15 235 -10.1551370907
15 876 -10.1405905995
15 493 -9.09127093239
15 115 -16.3217462893
15 756 -12.0493158462
15 767 -8.47089104624
15 121 -7.2784477574
15 491 -11.8339838074
15 463 -12.8349885603
15 470 -12.0108426973
16 129 -13.6680998132
16 670 -9.5924388295
16 643 -10.7742701346
16 388 -10.361789805
16 135 -14.1671332258
16 648 -10.5588771972
16 649 -11.5116257817
16 600 -7.5086316422
16 527 -13.7750122904
16 366 -14.4237572567
16 529 -9.57998375116
16 786 -16.1129552591
16 533 -11.7808065101
16 431 -9.63066423405
16 152 -9.79677000037
16 746 -8.79278588107
16 709 -15.4218058936
16 560 -13.8626917854
16 157 -12.082332994
16 347 -13.5052024642
16 160 -14.8892840543
16 161 -13.049277292
16 162 -10.6164586095
16 36 -11.8234415174
16 37 -14.8859202197
16 422 -13.4171849578
16 169 -10.3867655594
16 298 -10.6174264319
16 299 -6.59717438569
16 174 -12.1619619315
16 47 -12.9073248085
16 304 -15.447628624
16 305 -12.9721800368
16 690 -13.7244897143
16 692 -11.8576297419
16 56 -11.8678625056
16 185 -11.1790131656
16 828 -11.6268580518
16 574 -14.3242401112
16 832 -14.9018145881
16 705 -15.5293859949
16 578 -6.61126318963
16 451 -13.1287762665
16 325 -14.223207904
16 710 -13.8593235527
16 584 -8.46771408338
16 333 -11.8731607826
16 337 -10.7311751074
16 212 -11.1058215589
16 469 -13.9391464713
16 216 -14.0710357208
16 421 -10.549976147
16 219 -11.2249502015
16 673 -9.44315505886
16 622 -13.1305242058
16 350 -10.6887322735
16 541 -14.6151078873
16 230 -11.6512006395
16 866 -17.7330494914
16 102 -13.0142618385
16 743 -11.9587821861
16 106 -10.5009796678
16 364 -13.0241612001
16 238 -15.6285291092
16 367 -14.0468714707
16 370 -14.7071813818
16 499 -12.1064983574
16 852 -7.53602280856
16 376 -13.4227571033
16 495 -10.7616765049
16 478 -15.9936497284
16 381 -13.411921731
16 427 -12.1217334172
16 512 -16.6984911509
17 774 -14.9460999949
17 135 -9.01193369237
17 648 -15.7769137044
17 524 -14.2326045613
17 141 -14.007573097
17 786 -14.6298159991
17 516 -9.56699709176
17 278 -10.1281129345
17 27 -14.9101795972
17 284 -16.4247343081
17 705 -9.75352828808
17 411 -13.5208294656
17 415 -13.2915940657
17 161 -11.4458714412
17 561 -8.79058648546
17 291 -9.35233368607
17 668 -13.5719597417
17 294 -13.777634135
17 295 -10.8206496047
17 168 -16.4313471511
17 681 -12.4707432985
17 300 -10.2498127815
17 557 -13.8709231112
17 560 -12.7667761511
17 177 -9.75380331809
17 562 -9.75926049715
17 307 -13.5811554931
17 54 -18.6155816214
17 567 -16.8156187348
17 266 -11.5858567513
17 689 -14.6315947352
17 447 -10.3372194133
17 193 -12.7548221796
17 66 -7.9668052768
17 197 -13.401877576
17 696 -13.1418481335
17 82 -9.61535139814
17 215 -13.4727705103
17 728 -11.4470650495
17 730 -11.4940498812
17 219 -12.3129354951
17 479 -11.3458804411
17 98 -10.9422859045
17 99 -10.7241479093
17 612 -10.5483610311
17 742 -9.34298114738
17 615 -11.4854730496
17 232 -15.1115085878
17 107 -13.3324636707
17 110 -15.4176819759
17 751 -14.0194071923
17 766 -13.0409639986
17 242 -9.52778325338
17 499 -11.281675322
17 629 -13.6320433753
17 246 -12.8282118203
17 760 -10.5304878702
17 249 -11.8330415208
17 509 -13.8491456782
17 363 -8.16285005086
17 255 -12.9163941666
18 129 -11.7262375883
18 513 -9.47570752983
18 515 -12.646797479
18 135 -11.4009300313
18 136 -9.91674510618
18 265 -13.8889831408
18 779 -9.57521581463
18 216 -11.3084536476
18 270 -15.2656393181
18 786 -12.8956733969
18 787 -9.68801587931
18 148 -6.93755216721
18 410 -8.57825825268
18 26 -12.8693260046
18 48 -12.3343870467
18 157 -11.4936359809
18 186 -11.586098794
18 710 -12.5112693561
18 35 -11.4787978953
18 28 -7.40128998654
18 647 -15.1358627075
18 845 -12.0803570004
18 43 -8.16912210156
18 45 -9.502573205
18 819 -13.1408428805
18 47 -6.91554641558
18 176 -12.6794033041
18 649 -6.31214165386
18 563 -7.58174437105
18 184 -11.1673617598
18 58 -10.78343596
18 572 -6.81472132496
18 591 -12.3921899393
18 834 -12.7631008755
18 737 -15.1367946582
18 783 -14.1612490871
18 452 -17.2612328206
18 453 -15.822216939
18 454 -11.4323136218
18 455 -9.16672645142
18 328 -11.6361967113
18 536 -14.5253804563
18 842 -15.1987927595
18 664 -11.5689334294
18 334 -8.35590152524
18 207 -10.0554869847
18 708 -12.4463810047
18 852 -10.8158504331
18 466 -7.73552378546
18 83 -13.1871211079
18 548 -14.0322749391
18 85 -10.7372875462
18 214 -9.90809982176
18 88 -12.6787554735
18 601 -7.76875179762
18 850 -16.6014795412
18 734 -11.4382484821
18 480 -16.4918057489
18 524 -11.5123132172
18 359 -12.5110734121
18 232 -12.0139084031
18 620 -11.066880736
18 404 -15.6095101409
18 117 -9.92594603806
18 247 -9.93810756036
18 504 -11.1898853555
18 508 -8.97967273637
18 381 -11.5021833186
18 511 -14.8906073147
18 384 -12.525223653
19 449 -14.2101468873
19 772 -9.23741563846
19 747 -8.24753989221
19 518 -11.9505473448
19 429 -8.06440128811
19 523 -7.57259156015
19 652 -12.0853148365
19 143 -10.1388420788
19 402 -14.8040947482
19 531 -14.6583043049
19 532 -12.5537991115
19 406 -12.9647569117
19 675 -14.5305316858
19 581 -10.2152949666
19 879 -11.7794810832
19 28 -9.71884494134
19 159 -11.4734561593
19 838 -13.9664077133
19 673 -10.3100460132
19 291 -12.829978836
19 420 -14.4985599255
19 680 -11.0457605368
19 170 -8.83822190428
19 741 -8.08463193032
19 456 -8.2444525857
19 173 -14.784948199
19 558 -14.4447663755
19 559 -10.7592984749
19 49 -11.0759900295
19 808 -10.3056052234
19 563 -8.90325136897
19 183 -12.6200717657
19 184 -13.4451515519
19 569 -12.4518144711
19 58 -15.2291665924
19 59 -11.7907366153
19 510 -14.6930778348
19 869 -10.688886233
19 704 -10.1641178421
19 321 -13.9874195603
19 578 -15.4528904407
19 195 -10.8796054201
19 453 -14.6070713778
19 198 -15.3154269588
19 199 -10.943820481
19 200 -15.6680576459
19 841 -14.7289874678
19 332 -5.86794642843
19 462 -15.257855803
19 720 -8.32100828166
19 209 -13.0817566183
19 825 -14.047473355
19 676 -11.3848997117
19 597 -7.78449839542
19 214 -13.9295917343
19 727 -8.66123968673
19 472 -13.5793020192
19 218 -9.89055612192
19 348 -12.380188827
19 222 -14.6997412229
19 96 -13.048374723
19 737 -11.629746209
19 819 -11.9933052265
19 357 -8.06349368851
19 486 -16.2608975408
19 658 -7.00844400247
19 489 -9.90665222632
19 363 -13.8330277357
19 620 -13.1429418126
19 365 -11.6580702252
19 750 -7.66123401018
19 367 -8.54638945219
19 112 -16.3453985362
19 660 -11.5305712975
19 850 -10.2059795614
19 604 -11.8625575967
19 764 -11.1019020888
19 254 -13.9500429168
19 255 -9.46692943947
19 384 -12.292653287
20 514 -8.66509294167
20 643 -15.6009161608
20 295 -12.9463312298
20 727 -13.8901124694
20 391 -15.3018436658
20 392 -14.7843285286
20 523 -16.1341816059
20 195 -12.6502794958
20 400 -16.200409088
20 805 -9.49443680209
20 658 -13.2205776204
20 148 -12.714972614
20 277 -11.2113655254
20 278 -13.9755847635
20 730 -9.96551445467
20 389 -10.785018724
20 283 -9.34800510228
20 156 -12.1520030751
20 30 -9.91736632271
20 232 -12.8177727206
20 758 -7.53638102985
20 547 -11.0968572699
20 293 -10.9047960574
20 39 -10.8291177525
20 882 -12.299686348
20 868 -7.54501812233
20 172 -10.443507283
20 46 -14.7060985235
20 436 -16.5729909419
20 437 -8.19175750364
20 438 -11.7825597627
20 586 -10.3571449437
20 57 -9.77171107061
20 699 -11.3765552864
20 416 -13.910529732
20 189 -12.177041324
20 843 -6.78160967697
20 447 -11.5770403486
20 64 -8.95426996622
20 834 -16.3271364874
20 67 -14.2808204159
20 68 -16.2125778948
20 866 -12.433714382
20 202 -12.3630515863
20 331 -16.8344938646
20 76 -16.4308436066
20 205 -11.2727369379
20 462 -12.4779293743
20 398 -11.0120110911
20 592 -12.2235171899
20 594 -14.0774582174
20 212 -12.4439971689
20 85 -12.770375442
20 470 -11.5336662789
20 464 -13.0993915269
20 344 -12.5292819172
20 346 -11.8190406653
20 91 -11.2909733871
20 92 -15.8821481559
20 93 -10.2307366368
20 606 -12.9300144377
20 609 -9.0059802659
20 721 -8.15264827954
20 483 -14.6104206127
20 635 -14.5050148456
20 167 -9.58922496776
20 104 -13.643638608
20 361 -14.6337707727
20 509 -9.647731571
20 108 -9.15703331773
20 111 -11.7463788804
20 836 -10.464672166
20 489 -17.1560317346
20 499 -11.1969388822
20 116 -10.9508675395
20 630 -12.2666165724
20 251 -7.9989465408
20 381 -11.7231853543
20 126 -11.1099304299
21 513 -10.4720217698
21 769 -8.93274523459
21 516 -15.8708137596
21 522 -12.0706051717
21 139 -7.73231827645
21 600 -13.1129717074
21 824 -7.79070274238
21 276 -13.5501955759
21 667 -11.2926635331
21 156 -15.4282218621
21 541 -12.8203671443
21 509 -13.3364331592
21 33 -14.2148829445
21 290 -11.7756283549
21 803 -7.52048050815
21 796 -9.51246528699
21 806 -12.8248422962
21 866 -10.4655687342
21 815 -11.663027223
21 176 -12.8506104278
21 312 -11.75290475
21 442 -14.9648360848
21 316 -14.6510294341
21 317 -9.38466552231
21 779 -13.4458246776
21 64 -6.12714733436
21 161 -10.1855235019
21 324 -12.0560522789
21 570 -8.30818861868
21 711 -12.050027797
21 674 -9.55064173634
21 585 -12.0593367766
21 586 -9.61067815301
21 331 -14.382276161
21 460 -9.4638709924
21 590 -12.8899420373
21 591 -10.7529423804
21 848 -12.1576400065
21 721 -16.8140427158
21 839 -13.5617312705
21 88 -15.5224627636
21 733 -13.9742988332
21 608 -12.1402759706
21 738 -12.0190227311
21 444 -9.29769266698
21 232 -8.86147031225
21 189 -9.6781101207
21 619 -14.8909472967
21 620 -12.39143583
21 494 -7.02117829184
21 623 -10.7239096838
21 752 -15.6482061225
21 370 -4.75333433258
21 756 -10.9884542759
21 502 -9.96657534598
21 250 -14.4321197544
21 507 -6.19977587817
21 768 -12.2059064525
21 381 -12.4038698892
21 256 -15.0489939213
22 513 -9.61749085835
22 734 -11.8004813762
22 133 -9.00824205552
22 135 -11.5801906502
22 493 -10.4364970217
22 142 -6.48810965179
22 147 -11.2809818348
22 584 -15.4657485564
22 815 -15.1494201648
22 773 -10.071365532
22 474 -12.7004197102
22 410 -8.95804799362
22 700 -7.83636140591
22 668 -13.5145329076
22 286 -9.18387218009
22 160 -6.35695749963
22 34 -11.2675488398
22 165 -10.1682133684
22 391 -12.0739020821
22 425 -11.597090869
22 683 -10.6595121272
22 456 -9.35917828141
22 429 -9.00462484598
22 687 -19.1905661203
22 670 -11.0705397717
22 646 -8.6245850642
22 710 -6.28554299621
22 884 -12.9595338306
22 694 -12.6564389601
22 696 -6.67977279723
22 313 -8.00152116987
22 188 -11.2715006779
22 701 -13.1992707049
22 772 -9.94929583604
22 65 -9.14874971567
22 621 -12.6291073414
22 844 -12.2033173122
22 453 -15.8142358789
22 503 -9.59712200551
22 328 -15.69154078
22 714 -7.85062076587
22 76 -11.3126258052
22 485 -12.5411159198
22 851 -11.1784817076
22 724 -10.5348153938
22 86 -14.474129692
22 215 -14.1060298625
22 472 -15.7102251457
22 90 -11.1838584546
22 645 -14.764947221
22 606 -11.3292438468
22 864 -12.950468476
22 609 -10.9856832824
22 867 -11.1360782797
22 228 -13.3340039858
22 101 -11.6027924698
22 234 -14.0196132527
22 235 -9.02243491342
22 109 -11.0301304986
22 628 -12.1347452557
22 375 -12.045017656
22 632 -15.3161271601
22 421 -14.7533604134
23 769 -8.53415058126
23 137 -12.922567024
23 269 -12.3852214597
23 270 -14.1031607981
23 399 -10.6294988362
23 686 -11.8796163561
23 273 -11.3993540141
23 531 -11.6732596558
23 150 -11.6053954585
23 24 -13.2080179056
23 161 -13.3165730341
23 418 -13.3539817359
23 419 -10.9187596672
23 732 -12.4585417642
23 298 -9.84931637952
23 171 -10.6443593619
23 648 -10.4945058355
23 174 -16.6485880003
23 559 -12.6632308321
23 176 -15.3998827684
23 817 -13.1759389367
23 690 -12.9309068579
23 692 -12.9948296075
23 822 -5.2918216632
23 440 -14.2472452394
23 58 -8.28551335115
23 574 -10.1002492365
23 758 -15.6404885724
23 833 -14.6129005784
23 836 -9.84738060142
23 326 -4.97742707201
23 713 -14.4310534738
23 461 -4.64543824259
23 803 -14.1302556486
23 812 -12.1516342428
23 526 -8.86835648942
23 596 -15.3101947209
23 598 -10.5633960906
23 471 -15.9485217032
23 218 -8.62335367247
23 604 -13.9937153832
23 862 -14.0310775945
23 484 -11.0666517151
23 102 -14.2623994
23 743 -4.69777677687
23 233 -10.2796478456
23 503 -8.09082357497
23 364 -14.2167682339
23 787 -14.5633552276
23 495 -16.8397276947
23 759 -4.47342807114
23 373 -14.2201600828
23 502 -9.91375184767
23 247 -2.72252037763
23 120 -12.6198569788
23 636 -9.82876250274
23 766 -11.3814549073
23 854 -13.6367938867
24 791 -7.25409379224
24 263 -8.61515152684
24 264 -13.4893648264
24 393 -12.0538976661
24 395 -12.344531381
24 780 -13.1365857912
24 786 -14.0250229734
24 659 -11.3622064366
24 788 -14.6096724976
24 879 -11.1064507023
24 730 -13.1633557059
24 283 -14.7359688363
24 624 -6.09179648917
24 669 -9.10214724315
24 688 -7.13165707443
24 287 -15.880925233
24 672 -7.14495805758
24 420 -11.7788015782
24 775 -10.5444343045
24 39 -15.8182850014
24 432 -9.22168649893
24 839 -13.8546188094
24 521 -10.295122043
24 308 -9.47377140403
24 53 -12.9735739731
24 55 -11.0237281722
24 185 -8.35541798967
24 570 -13.6535420931
24 787 -9.38168521622
24 62 -5.64808471177
24 704 -11.241183632
24 195 -10.8476800521
24 324 -15.4516288026
24 651 -9.39372620422
24 584 -15.0795241071
24 464 -12.6319834906
24 209 -12.3319952476
24 210 -4.97482358062
24 868 -13.602454322
24 213 -12.2120775715
24 762 -10.9288677598
24 602 -11.1569099302
24 92 -13.4008370607
24 734 -13.0181843086
24 720 -15.2556230844
24 96 -8.36403233573
24 227 -12.0383074284
24 356 -10.1408090816
24 488 -11.4000136147
24 106 -16.2986716027
24 107 -10.7488247718
24 616 -10.8368575368
24 750 -17.4274847054
24 239 -12.1080469428
24 368 -16.020992722
24 490 -15.1840463621
24 117 -11.8168247282
24 248 -11.1731751141
24 378 -10.5258322585
24 635 -13.2776248064
25 385 -12.5406425547
25 131 -9.48340765559
25 132 -12.4735501191
25 863 -12.1110523299
25 685 -13.8603023626
25 600 -14.3970926173
25 271 -10.8516541472
25 400 -12.8675283981
25 537 -7.42700119926
25 787 -6.64931079014
25 260 -3.51949942419
25 661 -12.4451564198
25 623 -10.6801898494
25 854 -14.6790621671
25 408 -12.4984573763
25 409 -8.14117701261
25 539 -15.4614558188
25 796 -13.2624387051
25 797 -11.4446402331
25 798 -12.1439788837
25 326 -13.0576297318
25 803 -14.7976003805
25 604 -12.8062480069
25 165 -14.1184744079
25 809 -13.1523710992
25 298 -10.5851978431
25 683 -13.5472601434
25 557 -8.88289950696
25 819 -13.7870277025
25 47 -9.00806953903
25 560 -8.73621908993
25 561 -14.7348433971
25 51 -12.3504422784
25 500 -12.9753666391
25 735 -12.4193134969
25 312 -9.41096678226
25 318 -10.9939606497
25 704 -11.8407931669
25 833 -14.6264956447
25 66 -5.76994144341
25 707 -9.78267799558
25 70 -8.95448086531
25 702 -15.3678045296
25 75 -9.179308895
25 844 -14.5826640939
25 77 -5.8481914096
25 355 -8.09355839578
25 847 -11.471901233
25 590 -14.2034415755
25 593 -11.9113401518
25 377 -12.8895568507
25 726 -13.8166843799
25 855 -11.0390607944
25 88 -10.5325924418
25 729 -13.3250995692
25 549 -10.925716354
25 528 -10.6665541607
25 606 -11.7848342358
25 720 -7.30585113717
25 480 -12.0314736828
25 784 -14.8837039117
25 99 -13.5593149084
25 869 -12.4274483267
25 230 -14.0193234303
25 233 -7.3113236262
25 486 -12.2640457796
25 388 -13.9487880939
25 367 -12.1646071346
25 112 -14.0838838448
25 369 -12.3289196828
25 116 -10.3603625249
25 117 -8.45839508394
25 759 -9.06007518903
25 249 -6.75420734182
25 790 -13.0279937933
26 643 -15.4252056444
26 791 -8.18794433801
26 884 -12.3944491484
26 771 -4.83531294529
26 517 -9.69070049272
26 272 -10.8680775337
26 787 -15.2683324171
26 405 -13.8379341736
26 663 -7.98186383618
26 372 -13.4972925536
26 540 -9.71469199337
26 415 -14.4640967539
26 416 -11.2893392932
26 735 -12.1019522752
26 34 -9.08541666179
26 547 -10.6403286909
26 701 -10.7023580285
26 829 -6.73595101064
26 93 -10.9532069032
26 683 -13.1257174233
26 799 -13.893975947
26 302 -12.1108780427
26 180 -10.2863796452
26 821 -9.24885034986
26 694 -10.8906009014
26 185 -11.0825514017
26 827 -14.3972009236
26 445 -12.7690143226
26 655 -9.38344069477
26 822 -7.07466234257
26 833 -8.90871988209
26 834 -9.60981190527
26 67 -8.08829461547
26 452 -11.9202813567
26 837 -11.6953787317
26 841 -14.8547267896
26 205 -15.6100099738
26 656 -13.4204497516
26 718 -12.5200060731
26 209 -16.5144751211
26 467 -11.0631233567
26 212 -7.73971338388
26 341 -12.523722147
26 470 -13.1333481615
26 215 -11.7745435394
26 88 -8.87611093632
26 474 -13.3378116242
26 220 -13.3113940321
26 221 -14.8776462191
26 734 -14.5338707979
26 479 -8.38327689308
26 608 -11.5902859948
26 593 -13.2691739022
26 611 -8.81636127218
26 484 -11.1615811779
26 742 -11.5559418506
26 872 -7.73632029275
26 780 -11.7137028224
26 362 -16.1292866891
26 491 -16.0357638534
26 851 -13.8954156627
26 882 -8.75247493289
26 244 -7.52038366562
26 119 -12.9389976542
26 490 -14.2356261125
26 875 -7.15308934066
27 129 -11.3520429764
27 769 -13.8722749836
27 387 -14.4269052488
27 504 -9.49424927141
27 265 -9.66706351616
27 526 -16.2302731828
27 656 -11.8622654705
27 402 -13.8982112998
27 533 -11.1240762344
27 854 -13.2569336386
27 539 -10.1728317112
27 796 -13.8113448073
27 157 -14.1079939461
27 414 -14.0633256868
27 34 -8.87827993063
27 40 -15.5565681981
27 41 -13.0979778746
27 29 -13.3971470128
27 684 -11.67784747
27 689 -12.3629392156
27 562 -12.9562042957
27 884 -8.21359181724
27 399 -9.87267551033
27 568 -5.83438375485
27 313 -7.07118225875
27 442 -11.5400290479
27 699 -9.84290184
27 188 -10.83275104
27 189 -11.0676981763
27 702 -6.21529232183
27 655 -8.1386933284
27 194 -14.706944955
27 852 -10.217247565
27 69 -11.4889345124
27 199 -6.31634434532
27 840 -9.05975653094
27 587 -5.18737005704
27 460 -11.9279323591
27 843 -13.9200764845
27 867 -9.17595875256
27 719 -12.5647627578
27 81 -8.60065587045
27 697 -16.1619167955
27 84 -14.974500822
27 214 -11.0621336562
27 824 -11.0769278362
27 826 -8.34932196969
27 857 -12.1802826827
27 474 -11.3978112151
27 91 -11.5755619588
27 738 -5.90824016814
27 483 -10.7748875204
27 741 -9.22966752734
27 690 -9.30476316801
27 487 -12.8560723756
27 105 -13.9449864277
27 747 -5.16975894608
27 494 -10.834813157
27 879 -10.9809189867
27 241 -15.9154001419
27 628 -11.7979581064
27 376 -15.9197547333
27 380 -6.35404976333
27 383 -14.2621808933
27 768 -11.9873698013
28 385 -13.2961481939
28 653 -9.91537353701
28 390 -12.7833423755
28 264 -9.9389232905
28 649 -11.689529138
28 779 -13.8983545037
28 396 -14.9447401976
28 525 -9.48813986402
28 274 -14.4458394379
28 708 -13.760525223
28 661 -12.514677105
28 495 -11.8040038989
28 794 -8.77300804103
28 538 -12.2557230348
28 669 -14.0427669048
28 414 -11.0699054177
28 415 -9.33266221139
28 163 -10.094232085
28 164 -8.73063929111
28 806 -14.4112897682
28 423 -15.7114748632
28 298 -11.3088494726
28 172 -9.09838481655
28 302 -11.8555797427
28 688 -11.7562356879
28 500 -7.73214342032
28 54 -10.7022783464
28 823 -13.7750079702
28 568 -11.0268857986
28 441 -12.0587149211
28 187 -8.50964378999
28 623 -9.36013302226
28 189 -17.0749298236
28 320 -15.0614042258
28 577 -14.004050288
28 196 -15.0833513147
28 202 -14.7334968954
28 844 -10.6785638012
28 718 -12.3599628126
28 728 -9.19894758101
28 848 -13.2540778234
28 850 -9.79168308191
28 853 -13.5560266824
28 600 -8.94633601051
28 799 -11.6155606156
28 220 -13.5052781739
28 733 -14.7884075383
28 699 -10.7242626606
28 863 -9.93652338835
28 738 -10.8459586795
28 104 -10.9636008761
28 573 -15.5957218692
28 877 -11.5017555843
28 438 -12.855361488
28 881 -4.89074168459
28 243 -10.2423790259
28 372 -13.8691517713
28 120 -13.4880026795
28 789 -8.98348539878
28 763 -15.9449791046
28 126 -13.9715078956
29 514 -12.4089959663
29 261 -15.8743137523
29 700 -11.8634960841
29 138 -11.6973467414
29 524 -12.5188678343
29 526 -10.1313732572
29 145 -11.9216273696
29 787 -14.0045417917
29 476 -10.708540442
29 150 -9.47549837503
29 663 -9.11637266422
29 409 -13.8815975697
29 645 -17.2039421106
29 796 -14.4124998893
29 859 -11.4720715823
29 287 -17.5483891158
29 160 -12.1618703312
29 753 -9.95047537059
29 810 -16.7912326252
29 36 -9.07164407255
29 805 -13.4727943864
29 551 -15.4952672986
29 690 -4.6483361787
29 426 -9.06138180446
29 559 -10.3333472986
29 880 -12.6284481211
29 337 -15.4964716135
29 435 -9.27305866656
29 437 -14.5773062921
29 310 -12.1282707902
29 440 -11.7837897569
29 693 -8.37889710663
29 316 -11.3732044845
29 190 -12.3739898273
29 319 -9.4644303446
29 830 -8.49389939456
29 326 -10.0340603054
29 456 -12.786571692
29 698 -13.8230744588
29 205 -13.9017787654
29 591 -9.531764195
29 80 -9.45132514139
29 81 -11.1809225507
29 467 -10.0196477325
29 212 -11.8768315414
29 344 -10.3387094221
29 89 -10.3616371238
29 474 -14.8738917154
29 731 -14.3353934423
29 92 -12.5677914639
29 477 -11.4549850575
29 94 -15.7064294067
29 608 -11.5726015869
29 226 -12.2230019758
29 228 -12.6841760654
29 357 -7.30693754571
29 742 -13.4963463787
29 872 -10.2017471249
29 234 -13.5570786368
29 107 -10.5651069981
29 108 -8.5777146527
29 110 -12.833681931
29 574 -12.5675641581
29 241 -13.21069367
29 627 -13.6314205755
29 682 -7.95992578805
29 504 -13.7318144501
29 821 -10.8862096845
29 235 -11.6733513996
29 256 -7.94819529345
30 577 -9.76207919906
30 517 -13.121643342
30 642 -11.8706465279
30 521 -7.4140408732
30 650 -16.9258549449
30 523 -13.3638053201
30 771 -12.2325851032
30 302 -9.43022053487
30 274 -12.9187353384
30 790 -13.4220799749
30 662 -8.96642183606
30 407 -12.6486128925
30 792 -13.2780184028
30 658 -13.4721949424
30 411 -14.8739220371
30 816 -9.86617662979
30 541 -8.48234112809
30 710 -11.5791639652
30 674 -13.1531245156
30 163 -11.0833897026
30 676 -13.0156495621
30 39 -11.5358023042
30 299 -13.2038776745
30 813 -14.8872387878
30 46 -7.02035864685
30 532 -11.6732270279
30 50 -8.1937106714
30 569 -7.83751602997
30 314 -5.94615792353
30 699 -10.2065639437
30 829 -13.5609618312
30 65 -11.8742791155
30 881 -11.330410952
30 786 -12.3751714335
30 524 -17.021850425
30 837 -10.8981555257
30 582 -13.9974082672
30 482 -13.7259141797
30 204 -7.22988646838
30 205 -11.565137041
30 419 -12.626276857
30 590 -12.8007401654
30 209 -17.1368886753
30 722 -13.7750179996
30 595 -9.47923859511
30 484 -10.7441308788
30 597 -13.9482709798
30 471 -9.13344199098
30 357 -14.2314907455
30 860 -14.4815313908
30 94 -9.53609952781
30 97 -16.17835113
30 354 -15.341901935
30 867 -10.8584512656
30 228 -9.08065544964
30 101 -10.3903088844
30 486 -12.966242971
30 103 -6.329746905
30 488 -13.0679403681
30 235 -15.7460873975
30 620 -15.5143844819
30 366 -12.5887174132
30 750 -8.26341077676
30 116 -9.60561340473
30 246 -16.6503005203
30 247 -10.114239819
30 248 -14.9698921568
30 377 -11.5200491332
30 123 -12.5155511766
30 716 -11.379505016
30 547 -14.3789874255
31 770 -13.7125571971
31 260 -12.0724965463
31 394 -9.65192084436
31 664 -9.95750267643
31 526 -13.3714020046
31 532 -13.3995042134
31 536 -14.7217000901
31 837 -11.8483482047
31 282 -12.9507870902
31 156 -10.2743160384
31 668 -15.388594057
31 343 -12.8384733136
31 426 -12.932144691
31 822 -11.7677920712
31 558 -14.7830895369
31 689 -11.7536563598
31 182 -11.8867736519
31 311 -9.45148234001
31 441 -10.4792346086
31 736 -11.0426909264
31 566 -9.54475750601
31 321 -13.1101823748
31 66 -9.3981480628
31 709 -15.1310517915
31 200 -11.7722733762
31 330 -10.5667556218
31 627 -7.48262046968
31 77 -8.99113414577
31 79 -15.5586309023
31 596 -7.51120099534
31 342 -13.9944271362
31 215 -10.1166810488
31 601 -12.5063063176
31 90 -11.0063621276
31 731 -9.54707834245
31 734 -11.6023292044
31 223 -12.8590770506
31 608 -15.375732665
31 225 -10.8744179247
31 767 -11.740732136
31 618 -13.2391180306
31 493 -12.7280963688
31 114 -4.25074604639
31 115 -10.441064048
31 373 -9.57669341641
31 502 -13.5890566974
31 503 -11.9169147183
31 248 -9.99578309542
31 252 -15.153377527
31 382 -12.0366788151
31 383 -13.9968046945
31 726 -18.0827648966
32 769 -9.18733195642
32 258 -10.3215699501
32 132 -10.550821965
32 262 -8.9715085456
32 139 -14.929611412
32 524 -11.7792805901
32 781 -10.6098400109
32 142 -17.4250911471
32 644 -12.3605819853
32 406 -6.3514858781
32 791 -15.6206684377
32 281 -12.3318198879
32 154 -13.9549635279
32 796 -15.0551045034
32 157 -10.0807734317
32 670 -14.7656764727
32 288 -11.5225929034
32 289 -12.4639981562
32 162 -8.90813510638
32 803 -10.4846046406
32 711 -10.2213062719
32 296 -13.350660886
32 840 -18.6535506222
32 413 -10.8434342441
32 44 -7.20465491855
32 724 -12.3045306424
32 818 -6.54339921545
32 184 -11.5301000206
32 544 -11.6028516902
32 188 -14.9462783618
32 318 -11.5958059411
32 63 -10.9148017896
32 194 -12.2254168092
32 716 -11.2525294519
32 69 -14.016104576
32 71 -14.7782830522
32 72 -11.7756451368
32 587 -10.0373586093
32 440 -14.6199605669
32 720 -14.1237794082
32 83 -9.41652362616
32 340 -10.4888071173
32 599 -11.718888894
32 93 -6.80987297468
32 614 -15.8338257953
32 426 -13.6139638121
32 444 -13.7066579227
32 487 -12.8258300328
32 456 -8.20901433824
32 105 -11.4954034022
32 682 -9.24840815452
32 875 -12.7643709057
32 365 -13.2830606257
32 112 -17.0319001151
32 115 -14.2563131866
32 116 -10.8461392839
32 117 -13.3638484458
32 118 -10.3702275135
32 120 -14.496926618
32 506 -11.3747283058
32 836 -12.4290678015
33 129 -11.9432688488
33 130 -15.7901795444
33 734 -9.12528233852
33 132 -11.8651121527
33 599 -15.8663854422
33 263 -11.9161186352
33 140 -11.3583873625
33 525 -8.22726761552
33 385 -13.3665378013
33 788 -12.0679680306
33 278 -12.9772560058
33 791 -7.45382910218
33 816 -5.77249762754
33 669 -12.4440723881
33 774 -11.7228716608
33 162 -12.7463154606
33 166 -7.79206332543
33 167 -11.0749468684
33 168 -17.8227999966
33 818 -10.949841099
33 173 -16.4378556448
33 176 -13.919225202
33 649 -8.82523390786
33 52 -13.3591515966
33 438 -8.12280053852
33 55 -8.47792609277
33 696 -10.5915335911
33 501 -12.8547988062
33 827 -5.99074582393
33 736 -12.3723728045
33 189 -15.6000245106
33 694 -13.072217054
33 577 -18.1858191619
33 268 -9.37384906689
33 567 -13.9053027295
33 457 -7.67223060233
33 806 -15.4732028542
33 716 -11.3493382222
33 847 -16.2531431733
33 80 -13.2759000573
33 721 -12.0642654046
33 379 -12.090511933
33 343 -8.6138008855
33 720 -14.9322387838
33 730 -13.482013128
33 476 -10.3413365658
33 396 -11.8382377089
33 94 -7.68916595177
33 479 -10.6546574255
33 678 -13.5870531189
33 611 -13.8674510751
33 101 -7.82397528706
33 105 -11.6416502664
33 363 -13.8018055245
33 364 -12.6450525331
33 695 -14.4572121316
33 113 -14.808367765
33 245 -7.06775130685
33 246 -12.6728367145
33 119 -14.7512702186
33 248 -10.6036365188
33 505 -12.3105035047
33 251 -11.028371832
33 875 -12.128392586
33 768 -9.06411811829
34 641 -12.1724164377
34 515 -13.50194345
34 260 -15.7392799305
34 390 -10.3670176759
34 781 -15.8698960925
34 264 -10.6596124085
34 137 -14.1831281247
34 487 -13.0147200523
34 269 -12.6234728863
34 466 -10.9256228106
34 750 -14.5638370159
34 774 -14.0868360019
34 146 -12.5609311518
34 403 -9.99285475281
34 658 -11.3628864401
34 414 -13.6133784758
34 710 -10.2773833416
34 35 -14.4790514694
34 785 -12.7228883768
34 293 -6.69579899949
34 422 -11.8553808941
34 562 -9.72328223246
34 553 -10.3334490501
34 811 -14.235306876
34 684 -12.7853104422
34 599 -13.97120886
34 302 -12.9203790799
34 181 -15.169573372
34 184 -13.8439821716
34 826 -11.0191268402
34 59 -8.26390801348
34 316 -13.0037596326
34 317 -6.787093998
34 322 -6.38022434719
34 198 -9.67178767987
34 71 -13.3186597058
34 712 -10.4742224756
34 73 -10.8662967185
34 650 -10.2794200508
34 845 -13.908450973
34 675 -12.9260257192
34 848 -13.040836987
34 210 -12.3767330142
34 339 -14.63613594
34 212 -9.0471919126
34 739 -13.5189614265
34 470 -11.6220173473
34 215 -9.24926361497
34 858 -13.1734864929
34 91 -11.6362541721
34 92 -11.666960506
34 478 -9.51284551683
34 607 -14.930394591
34 486 -8.54890996069
34 482 -13.1822956826
34 483 -13.3343943223
34 740 -12.2791810401
34 102 -15.5722580419
34 231 -10.306183262
34 274 -12.6298653531
34 106 -7.11376159975
34 110 -9.72397912705
34 731 -14.2490948741
34 113 -15.1099315549
34 809 -11.1507881738
34 840 -9.54628428716
34 756 -12.0145976652
34 776 -11.8270215651
34 618 -10.7486992555
34 265 -12.9199087522
34 534 -11.3022418229
35 620 -10.9717018973
35 264 -10.8554566691
35 393 -9.57455818897
35 266 -12.89968201
35 782 -13.7509610957
35 792 -11.429686539
35 397 -15.0046872624
35 654 -9.60731486922
35 366 -16.7961372836
35 150 -13.6147162862
35 663 -13.0558233513
35 730 -8.87870413413
35 666 -7.59174761779
35 476 -13.7395414118
35 764 -14.1274045467
35 296 -15.2888013848
35 170 -13.0695973922
35 303 -10.3773667666
35 862 -9.58359913371
35 548 -14.4314511926
35 309 -11.665012361
35 438 -7.30843850079
35 184 -16.5744730454
35 314 -11.6569050771
35 59 -14.8369570573
35 316 -12.7412962151
35 448 -14.7877188177
35 452 -15.4350964095
35 837 -9.45824259186
35 418 -11.1003910877
35 458 -9.15894275155
35 440 -11.7090206037
35 78 -12.7747446883
35 336 -10.9275587468
35 209 -16.2224110009
35 211 -12.3893775939
35 484 -6.90312716128
35 469 -6.80980336918
35 726 -12.6985120126
35 343 -19.1723439989
35 218 -12.2308148132
35 219 -12.9567634407
35 348 -13.1603769286
35 827 -12.3475004158
35 223 -15.9579421962
35 354 -10.3481043143
35 848 -15.4178291347
35 444 -15.2051902578
35 869 -10.1460234559
35 230 -8.95601814459
35 552 -15.3119415848
35 339 -10.9501857623
35 495 -15.8909598258
35 880 -11.7254402605
35 497 -14.2524638263
35 500 -13.620042917
35 767 -9.49782877242
35 375 -10.0034360892
35 810 -9.83339952946
35 597 -12.8988450945
35 636 -10.8879577748
35 127 -12.8678117814
35 406 -9.28911992077
36 514 -15.1028830598
36 516 -13.4014677524
36 391 -12.9129716003
36 525 -10.6395493397
36 527 -14.637356975
36 469 -8.3838777007
36 277 -11.8688519312
36 406 -12.6484375619
36 664 -16.8758375574
36 155 -10.1762931101
36 414 -9.24745954017
36 454 -11.9892224968
36 369 -14.1343800369
36 539 -8.77594625947
36 804 -7.47535284714
36 294 -15.4542345439
36 807 -5.68178855796
36 562 -15.8637629731
36 553 -8.66686380777
36 43 -5.74530085505
36 712 -10.3109945025
36 859 -6.77358628532
36 559 -12.0413056444
36 434 -10.1383724842
36 692 -15.1219693679
36 181 -11.3423832034
36 95 -8.63017975373
36 418 -9.75384899112
36 315 -9.8104949744
36 316 -14.9901473943
36 830 -13.9696546387
36 831 -10.4597260361
36 704 -11.6816087123
36 65 -10.8382838183
36 881 -13.5951521922
36 324 -9.32799632721
36 325 -16.5999750289
36 326 -10.563198834
36 328 -9.76203121134
36 845 -10.7653704196
36 718 -9.21648042277
36 515 -12.7684058628
36 341 -12.1452012518
36 748 -16.2070540461
36 343 -15.1758025882
36 674 -12.9200365987
36 217 -11.8073671001
36 731 -15.4896158216
36 732 -17.0872854861
36 223 -14.3159569927
36 613 -6.29828707952
36 230 -10.6157317034
36 103 -12.1062993
36 360 -13.7849053501
36 364 -14.2594885778
36 365 -12.9168214699
36 531 -14.5427293343
36 879 -14.5589452073
36 241 -10.0635378247
36 114 -14.227123384
36 883 -14.5166773331
36 511 -12.2974887036
36 759 -11.3154405384
36 248 -12.4169438321
36 405 -12.4997741783
36 802 -14.0419316234
36 255 -13.6680475656
36 128 -12.0014764712
37 387 -11.4465899763
37 266 -11.6210538455
37 396 -11.2869088798
37 525 -5.19371475645
37 696 -11.6570778995
37 529 -10.9548059966
37 711 -11.4934522627
37 659 -11.4459995907
37 613 -16.3735081472
37 153 -11.2408660482
37 539 -13.4414231287
37 156 -9.1976946944
37 285 -15.8270536006
37 286 -10.9373769081
37 543 -12.4756646242
37 263 -9.92187365446
37 296 -7.71332550448
37 669 -12.3067261246
37 46 -15.1921413442
37 432 -12.6949273338
37 691 -7.91875314113
37 53 -9.80296613178
37 351 -13.1921777723
37 440 -9.62709345079
37 187 -10.6716810741
37 317 -11.4258071705
37 493 -11.5279666726
37 832 -10.337905534
37 609 -10.694412779
37 830 -11.5783638881
37 391 -12.4305237018
37 584 -4.94290390633
37 455 -12.135837331
37 330 -12.141543152
37 460 -11.2075084097
37 206 -13.9114209168
37 81 -11.9699282861
37 82 -13.0815543125
37 342 -12.6072768228
37 378 -13.1892570976
37 601 -12.4087259586
37 602 -14.3781906206
37 603 -14.7179841689
37 477 -10.5774923018
37 350 -7.78817824446
37 223 -11.0501181601
37 864 -14.1762852288
37 225 -15.3263655489
37 507 -13.2896077097
37 101 -6.22151697327
37 102 -12.9754000934
37 105 -13.8446169915
37 491 -9.12862067423
37 237 -12.4188043551
37 622 -12.215466452
37 877 -13.1558127602
37 752 -11.9432710909
37 497 -8.76561850482
37 498 -14.4829745897
37 377 -15.007787277
37 250 -14.6609984991
37 123 -9.33644518077
37 253 -9.36999970721
37 726 -11.0385946329
38 770 -9.56502770298
38 644 -11.2310760699
38 262 -9.85910807672
38 392 -13.2122026302
38 394 -11.1633226072
38 653 -13.1137661853
38 654 -10.1595995692
38 858 -14.4344272871
38 871 -7.30453295723
38 790 -13.6863402355
38 346 -13.4202968376
38 281 -15.6074766011
38 288 -13.0372696653
38 161 -10.5456089438
38 689 -18.6807602781
38 678 -15.2789496101
38 306 -14.9199612611
38 41 -15.9874016367
38 810 -12.6622458533
38 456 -12.0940294306
38 49 -13.2629799789
38 178 -12.2990294927
38 710 -13.4251684005
38 181 -15.1489810617
38 578 -12.7134151162
38 834 -13.6858321687
38 57 -8.1877381959
38 826 -16.7232820789
38 864 -9.63834880618
38 830 -10.5592875366
38 191 -9.44028756468
38 320 -13.6392088459
38 65 -13.4215246501
38 322 -9.54400648187
38 326 -12.6605489958
38 354 -12.3491037913
38 74 -13.7527517378
38 334 -10.7866575029
38 728 -11.7046806622
38 718 -10.2467591162
38 81 -16.4629906751
38 466 -16.4994672212
38 86 -11.1093440375
38 216 -14.2563001642
38 697 -14.3334752282
38 90 -8.44128992142
38 93 -7.01044014137
38 94 -12.3214706245
38 806 -11.606516323
38 226 -13.0916494135
38 357 -10.1733812746
38 102 -8.16249380045
38 231 -10.9182975532
38 873 -13.1147541049
38 618 -11.1409424134
38 619 -13.8818060039
38 236 -11.3222051773
38 337 -14.2766009447
38 500 -8.79816616141
38 501 -13.6974998852
38 808 -11.1611455556
38 120 -13.1921723255
38 505 -17.0188026431
38 379 -10.359050632
38 636 -13.3127433714
38 802 -13.8090673972
38 214 -5.93088405635
39 519 -11.2370690298
39 533 -13.9893356347
39 541 -6.52912433065
39 560 -14.8177754938
39 49 -13.8827393917
39 58 -13.4687002459
39 65 -9.04481262174
39 70 -13.3960823665
39 87 -12.5903017552
39 88 -7.47926262492
39 602 -12.7691730889
39 608 -11.1782689409
39 107 -12.6791075158
39 108 -13.1770625421
39 113 -8.38413979864
39 118 -13.3350510318
39 122 -12.6186102333
39 132 -14.1212576918
39 134 -10.6518829172
39 647 -13.2431448703
39 136 -13.918719764
39 649 -13.300618545
39 651 -11.314060457
39 146 -7.71561772432
39 659 -15.9898775846
39 669 -17.5836624086
39 881 -13.0337838278
39 677 -11.6963290575
39 167 -12.495350623
39 170 -8.55896172496
39 687 -10.841209031
39 696 -10.2144302511
39 187 -11.4776267869
39 701 -14.6944431205
39 194 -10.1028871074
39 196 -11.4165056235
39 197 -13.5118576187
39 711 -10.9592675865
39 734 -16.231576192
39 230 -7.84618452716
39 235 -10.7995475597
39 748 -12.3241268619
39 237 -11.2201983561
39 752 -10.5161444529
39 247 -8.28161204252
39 767 -15.3299452607
39 261 -14.0529879278
39 265 -13.5372426309
39 273 -11.1328081411
39 792 -11.7607901607
39 798 -11.2034260132
39 289 -9.29697114888
39 292 -9.47093245925
39 811 -15.4240094335
39 302 -8.28571587979
39 815 -9.47981959116
39 819 -14.3715080584
39 308 -15.455896545
39 825 -14.5797021722
39 315 -9.96157405854
39 323 -15.5779412167
39 841 -12.0327941974
39 847 -13.7728813742
39 351 -8.46203721923
39 870 -10.4289754859
39 875 -10.536921508
39 369 -12.3520175511
39 382 -8.47414657182
39 386 -13.2647449646
39 389 -14.4858808598
39 392 -12.2170832027
39 395 -11.4384847013
39 403 -14.2356674962
39 424 -12.800763588
39 435 -12.5807149772
39 437 -9.8684461673
39 443 -10.5543122536
39 450 -13.349501149
39 255 -8.67758948414
39 473 -10.0989346021
39 801 -13.7642341277
39 502 -9.02962932919
39 507 -11.1775669208
39 509 -15.5834692932
40 642 -10.5934974592
40 388 -7.79588429999
40 582 -12.8679528458
40 134 -9.17549139686
40 391 -12.0551149929
40 648 -13.8531618112
40 534 -12.4537907808
40 144 -13.7542495258
40 772 -10.0596725531
40 533 -10.2518862632
40 406 -12.2281599304
40 284 -14.5902357102
40 541 -12.5850029295
40 731 -14.2792904913
40 415 -16.9574290556
40 416 -4.2920839666
40 673 -7.64014752252
40 418 -9.25535131984
40 292 -10.5655352178
40 421 -15.7318642511
40 550 -11.0710644524
40 297 -14.1501859948
40 172 -11.287762517
40 429 -16.9831841633
40 558 -13.0610259904
40 559 -8.08701308443
40 561 -8.02482930665
40 690 -13.9542832509
40 693 -7.36753016297
40 55 -10.7516259969
40 56 -12.7165771062
40 608 -8.09125429256
40 480 -15.1103486675
40 191 -5.84546753982
40 64 -7.84881186022
40 323 -10.654162372
40 183 -8.34579527077
40 839 -11.0927574166
40 674 -11.363236233
40 715 -10.8947040701
40 604 -15.7210812038
40 207 -9.69922618118
40 549 -8.52389771513
40 338 -12.8985507526
40 84 -11.2355357088
40 335 -9.83519531411
40 474 -10.2632411641
40 603 -15.4145163257
40 528 -7.96666944365
40 221 -10.8271395131
40 606 -7.61263708035
40 224 -11.1051911229
40 686 -10.3803201623
40 99 -8.95016111825
40 103 -13.0276588618
40 104 -11.6689620346
40 745 -13.1336471177
40 878 -13.3323205829
40 567 -8.55047544725
40 366 -12.038919629
40 367 -11.7304506169
40 880 -10.4096707081
40 114 -11.8341454946
40 115 -13.1889371838
40 340 -12.1070304966
40 757 -10.8630706137
40 633 -10.6571058199
40 320 -6.97516610636
40 253 -10.1471757924
40 510 -7.9655251451
40 342 -16.0942665292
41 258 -12.1201849057
41 388 -11.7238495478
41 517 -7.23188625249
41 134 -13.2214115032
41 136 -6.04714566405
41 777 -9.77249057776
41 397 -8.62954204145
41 399 -12.8968530939
41 273 -11.6269231416
41 807 -11.4228703477
41 661 -10.4795495486
41 406 -15.4510339146
41 815 -8.05956972423
41 410 -16.331492956
41 688 -11.8467974012
41 518 -12.9139375886
41 162 -14.8807272468
41 805 -12.860167533
41 167 -14.9298653041
41 172 -5.99032611259
41 813 -10.6929151344
41 558 -14.5031967198
41 431 -8.51210707232
41 432 -15.8803886306
41 182 -10.3623494739
41 55 -11.1609940164
41 312 -12.0118923645
41 57 -11.1917467724
41 699 -13.2564936193
41 829 -6.7504989878
41 267 -12.3313029086
41 831 -8.7341247227
41 816 -12.0449149619
41 450 -11.6679274937
41 68 -11.8981637199
41 69 -9.39532263024
41 183 -9.30774509413
41 881 -8.78871305778
41 546 -12.6792431185
41 843 -15.7890471507
41 568 -13.9417430933
41 333 -12.0508175147
41 611 -7.85478326366
41 846 -12.8125328217
41 569 -15.963809817
41 597 -8.26825472001
41 822 -9.41688052609
41 87 -8.7297603796
41 603 -10.9744692024
41 222 -12.0302219459
41 481 -12.6310536598
41 507 -13.0397341831
41 99 -10.7281901406
41 635 -8.84005276693
41 850 -10.9496302962
41 489 -12.6662008852
41 234 -12.6454355935
41 108 -14.3952132367
41 621 -12.2998000809
41 879 -14.6660569736
41 873 -15.6637305296
41 113 -12.553871304
41 626 -9.26259442662
41 627 -14.1172791665
41 246 -13.3040127617
41 379 -7.56935133435
41 256 -14.8791983066
42 386 -15.7291162883
42 812 -13.2353881432
42 517 -6.37557434479
42 647 -7.88524001011
42 648 -13.0734252813
42 777 -17.141025493
42 267 -10.1151256728
42 525 -12.1277935879
42 272 -11.4948498088
42 145 -13.0782874514
42 403 -14.5916194745
42 533 -10.3437304661
42 278 -8.10197244119
42 539 -11.3651615699
42 286 -6.83126247185
42 544 -14.8186254252
42 801 -14.7432954304
42 369 -11.7260024306
42 677 -8.74899784768
42 807 -11.8323458673
42 681 -7.02607356475
42 554 -11.8429288924
42 811 -11.4313391854
42 684 -11.6242330249
42 302 -8.21809778941
42 582 -10.6673207448
42 688 -9.50300292241
42 49 -7.26499024921
42 818 -14.5853578969
42 179 -12.1801842805
42 692 -10.1316030454
42 438 -13.4211019544
42 184 -11.5017328716
42 757 -14.4816481398
42 689 -13.1009560561
42 701 -10.9846827315
42 318 -14.6551631415
42 704 -11.4632485594
42 321 -12.3556985033
42 578 -12.757010835
42 523 -7.88621597031
42 325 -11.3041680571
42 454 -14.2521417816
42 866 -13.9123324142
42 843 -10.9263409013
42 847 -8.13790131052
42 208 -11.8928374412
42 339 -16.0656939423
42 468 -17.7353541339
42 854 -11.1779948714
42 826 -9.5775392734
42 90 -7.08300558742
42 859 -12.0538531878
42 348 -10.4456568023
42 225 -11.8496863109
42 784 -9.8448413409
42 100 -10.7097283551
42 107 -13.3193892017
42 493 -12.1600954145
42 659 -11.6342567822
42 574 -14.887837357
42 113 -13.8940286736
42 244 -14.8126002027
42 117 -16.2748078852
42 247 -12.2638299847
42 509 -11.497312671
42 511 -10.9271383597
42 790 -13.0568426758
43 514 -14.7101612842
43 260 -17.537022975
43 626 -14.7497395784
43 391 -11.3924702167
43 396 -14.6604646958
43 653 -12.4750469024
43 415 -11.5167415073
43 850 -11.1150461571
43 432 -14.5118764023
43 688 -12.6481004185
43 287 -13.2456158169
43 294 -12.6152686996
43 846 -16.6604219696
43 498 -13.8913470682
43 426 -9.69464029459
43 594 -13.0434854804
43 420 -12.0290035533
43 842 -10.9744293021
43 304 -12.9985081977
43 505 -10.3408705593
43 691 -13.0416654588
43 565 -15.5176608427
43 182 -17.0239917528
43 678 -10.8862787396
43 56 -12.5769031905
43 187 -10.793803206
43 736 -10.4435790164
43 445 -15.7366835797
43 843 -12.3843515992
43 192 -7.33602911367
43 225 -15.6097072273
43 70 -11.0656831764
43 328 -13.1355689216
43 841 -15.6480297379
43 714 -13.041435911
43 519 -7.66876313063
43 844 -9.74319447618
43 566 -12.0711797311
43 647 -14.3743257534
43 592 -10.8987957064
43 849 -10.5824533175
43 353 -15.0425956411
43 84 -11.0392418769
43 469 -9.17511164124
43 214 -13.6756737507
43 727 -14.8256033182
43 472 -13.0057493485
43 473 -14.1750572591
43 858 -11.5814253719
43 720 -13.9239255503
43 224 -11.9478771855
43 97 -13.1658024608
43 360 -14.0988417399
43 873 -13.494761973
43 875 -13.9481363193
43 751 -15.2908325059
43 496 -13.5270546517
43 857 -10.6517492138
43 242 -15.3116759644
43 755 -15.1743216985
43 500 -10.6740908658
43 632 -12.1698056609
43 121 -13.828133136
43 634 -8.92554339859
43 507 -11.7113355
43 380 -13.4952457494
43 127 -4.43475936091
43 256 -10.6283351721
44 770 -12.2761207856
44 387 -12.4906618573
44 108 -12.011805622
44 261 -9.88758957702
44 646 -11.0847475363
44 135 -9.31596462231
44 397 -9.61807535936
44 707 -8.09536025779
44 783 -8.56759385707
44 815 -14.3661413051
44 867 -12.1290388651
44 790 -9.54602855689
44 664 -13.2845137297
44 539 -9.59367575897
44 285 -4.15942545325
44 798 -12.6895654082
44 287 -10.6221005985
44 718 -12.0425298583
44 804 -12.1001177224
44 805 -16.6951515392
44 294 -5.18212845162
44 425 -10.1402141601
44 554 -16.2913440378
44 428 -12.7020723433
44 303 -10.8304289186
44 690 -13.432789236
44 416 -8.39698089172
44 695 -12.3251097692
44 184 -13.4754881429
44 570 -6.21445777607
44 443 -12.676641442
44 316 -14.2681322507
44 445 -10.4850606131
44 447 -14.5415980741
44 322 -9.79884814068
44 579 -13.1312831394
44 838 -14.9766809388
44 866 -14.3093368555
44 331 -12.0705923493
44 462 -11.7137586841
44 79 -6.57158853459
44 590 -11.4430404171
44 849 -8.2725932707
44 467 -11.9705561099
44 341 -11.2648011352
44 342 -11.0696367723
44 727 -14.9461561005
44 616 -12.4324220697
44 218 -11.2890476611
44 720 -11.581007203
44 94 -10.4635979675
44 550 -12.2587526795
44 226 -17.0139986383
44 739 -14.4762340597
44 636 -7.57294954247
44 101 -12.6536871314
44 797 -6.08312158674
44 488 -14.8911863837
44 746 -11.4310307154
44 747 -16.197736741
44 236 -11.6707561298
44 494 -13.4182689286
44 497 -13.6124145565
44 519 -12.6918209986
44 374 -14.573013563
44 376 -17.0363167564
44 762 -7.18866315883
44 379 -12.0670416715
44 124 -13.7985948433
45 513 -12.7390403464
45 130 -11.1196247902
45 387 -15.698986136
45 388 -12.5278989243
45 774 -8.29333530217
45 520 -15.2772991684
45 656 -10.0616313067
45 657 -18.8934803982
45 403 -13.7607868163
45 530 -10.8819019495
45 666 -10.2348162567
45 581 -14.1387094172
45 667 -13.4952017124
45 156 -11.8348052831
45 798 -12.5527768131
45 289 -13.9879743468
45 162 -14.7034328136
45 292 -9.9680752715
45 422 -14.9271793376
45 296 -11.3065756506
45 556 -13.1094374888
45 174 -12.772688392
45 178 -11.8771252034
45 185 -9.77330640504
45 314 -12.6954454319
45 316 -10.2965415765
45 447 -13.603686046
45 322 -14.978264975
45 453 -8.27623710834
45 198 -11.1060938735
45 330 -9.70507283684
45 203 -10.5678763478
45 334 -8.37860608594
45 464 -10.8163143654
45 849 -11.2302448426
45 338 -8.9310865132
45 498 -10.3234072478
45 85 -10.8243717527
45 481 -15.6654335406
45 869 -12.750088443
45 731 -10.8501337004
45 477 -15.2514749203
45 225 -10.5510900043
45 610 -9.80984438512
45 485 -12.9795193095
45 103 -11.534495016
45 466 -13.9852554247
45 619 -12.2055738161
45 648 -16.347191267
45 625 -8.23658122587
45 242 -13.1441562624
45 757 -16.1176261633
45 632 -11.1167935646
45 341 -10.996657963
45 637 -11.7878143445
45 382 -12.6453406579
46 131 -6.34846580089
46 855 -13.2052617352
46 391 -10.5757986523
46 394 -15.5078439879
46 782 -9.24233951179
46 783 -12.8609141771
46 400 -11.6799991071
46 145 -14.2923695764
46 787 -13.5051541549
46 150 -15.8344957093
46 152 -15.724559434
46 665 -11.3747314648
46 538 -16.212842176
46 799 -11.8292444865
46 160 -13.8384210744
46 675 -15.1330113062
46 804 -9.11538522023
46 166 -14.1156976268
46 297 -12.4871123254
46 171 -13.4166662204
46 556 -14.055906407
46 627 -12.5493806358
46 561 -7.19266886129
46 179 -8.51763965037
46 437 -13.5694966869
46 183 -13.2915496904
46 883 -14.4791906078
46 701 -10.9865873359
46 832 -9.40881074147
46 451 -11.4773858408
46 196 -12.0927562851
46 610 -8.83476047874
46 713 -14.0370769178
46 842 -12.0853545449
46 248 -12.5273495965
46 463 -12.4811490376
46 464 -4.90011746276
46 599 -7.8067742471
46 600 -12.4418747082
46 730 -10.3928233214
46 860 -9.98528468387
46 352 -12.5071325749
46 482 -12.0408307654
46 99 -12.0649729448
46 814 -13.8249309008
46 743 -10.7603968651
46 487 -14.0439048789
46 233 -14.0482889246
46 829 -15.5885620941
46 107 -7.24512242325
46 493 -12.5804067719
46 111 -8.71388427291
46 496 -11.1024608855
46 369 -16.3771092831
46 873 -14.6818344072
46 580 -11.0475408929
46 532 -12.472523452
46 120 -16.1524108043
46 761 -12.0538176457
46 755 -12.2970443886
46 763 -13.5933629243
46 555 -10.2580004647
46 256 -13.0885305974
47 771 -14.3480788107
47 389 -14.3116989544
47 791 -16.1036340414
47 395 -14.9702410741
47 268 -13.7139581808
47 397 -11.7951605562
47 142 -9.84038642565
47 655 -12.1623996727
47 274 -13.4110478444
47 787 -11.6921663435
47 628 -9.47625574927
47 789 -11.8300683891
47 278 -9.49548110017
47 535 -14.2469595337
47 792 -8.2628838636
47 645 -13.23988263
47 816 -14.5355648091
47 798 -10.0485338072
47 161 -13.9466049619
47 497 -14.8221745348
47 547 -11.0225880159
47 476 -15.0421064476
47 165 -12.7171055287
47 735 -14.3937140803
47 554 -9.29570161185
47 371 -15.2641471693
47 564 -10.2857412447
47 436 -12.0835520542
47 720 -15.1180733802
47 694 -10.2967830224
47 183 -13.8241984547
47 184 -12.8323779411
47 186 -13.7522200405
47 700 -9.96037786884
47 317 -13.015615458
47 534 -11.7052556066
47 451 -12.2693335751
47 580 -10.4002209274
47 325 -15.6676971183
47 331 -13.9919069141
47 604 -8.92533915958
47 77 -12.1593647038
47 207 -15.9399197554
47 80 -9.03464468027
47 465 -12.6845920683
47 464 -11.9737271896
47 378 -10.3491135672
47 218 -15.1481138037
47 144 -12.3061622942
47 281 -12.1866185135
47 738 -13.8027243137
47 848 -7.18438934615
47 612 -12.2838106342
47 807 -8.37642615288
47 871 -15.1342457596
47 489 -18.6018361693
47 445 -11.1704192319
47 236 -12.8502114104
47 622 -14.7000877535
47 239 -12.7918681192
47 880 -16.6687935443
47 113 -8.60490707896
47 882 -13.3223503185
47 115 -6.48790191827
47 600 -11.9628441485
47 376 -11.7389653362
47 122 -8.48148902372
47 256 -14.0208361599
48 130 -11.3530921978
48 261 -10.9092566893
48 392 -13.3514321908
48 828 -10.2133587287
48 779 -12.4517010776
48 273 -11.5205723468
48 788 -13.3363513118
48 277 -11.4917341635
48 281 -12.4673892196
48 670 -13.1159532105
48 543 -9.4625879446
48 454 -5.75031858449
48 625 -11.2809276326
48 297 -10.3350582305
48 172 -11.2555356758
48 557 -12.0012194665
48 686 -15.4878956179
48 689 -13.4203964185
48 821 -12.905295479
48 514 -9.67321332163
48 439 -12.5993089829
48 56 -9.42143375999
48 642 -11.2716124091
48 58 -6.00788886564
48 827 -8.1677145864
48 444 -12.5544759325
48 317 -10.0663754741
48 587 -12.4768847708
48 704 -13.8731289798
48 65 -16.9470775971
48 579 -8.70158970091
48 70 -13.1532178338
48 71 -11.2222463377
48 75 -13.8204975649
48 205 -12.8389270625
48 719 -13.2278183467
48 80 -12.6450799684
48 210 -11.4138788664
48 379 -6.35608179196
48 730 -12.0233254828
48 91 -11.7002734191
48 592 -6.89073791534
48 222 -12.826033932
48 228 -12.5682737457
48 230 -9.23386672752
48 232 -4.30697838118
48 873 -11.8586844123
48 748 -3.69828977616
48 241 -13.0967729262
48 681 -10.2892274856
48 499 -13.0564499845
48 633 -13.7322911563
48 405 -14.8002855356
48 251 -17.5432375881
48 637 -6.08154961759
48 382 -12.2953242008
48 511 -11.8917422454
48 128 -9.74208364632
49 262 -13.1513905466
49 520 -17.4495294226
49 268 -14.6891385186
49 653 -11.3020936695
49 452 -11.5994529304
49 150 -14.8038835546
49 151 -6.56787921914
49 408 -14.0607435919
49 409 -12.7795532331
49 666 -10.8492675508
49 688 -10.7048276806
49 542 -12.3280530325
49 454 -11.6842767772
49 162 -8.51585676109
49 168 -11.0972473465
49 580 -10.3911246656
49 427 -6.68164814102
49 172 -10.4508827845
49 301 -12.5018916983
49 670 -15.8354755187
49 841 -9.64826062285
49 691 -10.0739941399
49 309 -10.3269198597
49 825 -11.5694459121
49 59 -8.7837208424
49 188 -14.1208007042
49 317 -14.3836984205
49 830 -10.0844297747
49 449 -8.64404940796
49 578 -11.3021975919
49 579 -13.8749589989
49 324 -14.2312609785
49 581 -12.6054389454
49 198 -6.10071243633
49 290 -14.048628656
49 201 -14.4282889152
49 731 -10.4495929309
49 587 -9.41369180996
49 843 -13.88849224
49 78 -14.7537661227
49 719 -13.7708564444
49 208 -10.4125438564
49 82 -11.0567152167
49 596 -11.4937235401
49 868 -12.9220881758
49 87 -11.7755117621
49 856 -10.553010626
49 788 -13.4707938285
49 858 -9.85192870162
49 489 -8.5724566542
49 396 -13.5980070969
49 734 -14.9120633689
49 352 -13.1350100498
49 866 -7.62340836764
49 484 -11.9681074127
49 742 -16.3636054992
49 359 -11.1708658637
49 338 -15.2999346069
49 105 -7.16089930649
49 746 -15.1276802308
49 491 -13.4209108996
49 680 -10.8517389144
49 623 -12.6777164166
49 497 -13.7131100306
49 233 -14.0682208025
49 115 -7.22405335789
49 372 -11.7812573599
49 245 -10.4914756602
49 374 -13.5945367656
49 810 -10.974516066
49 764 -16.3317455408
49 802 -11.6230034325
49 456 -14.0903314189
50 387 -11.9351621324
50 516 -6.86707678995
50 263 -13.5271886161
50 514 -16.1720232063
50 265 -6.58806024737
50 394 -12.671496523
50 734 -11.292460552
50 271 -12.4612651975
50 272 -9.71375480769
50 786 -12.3058574233
50 532 -11.8289166228
50 367 -10.6005359493
50 791 -5.51106876494
50 280 -12.0071239796
50 154 -14.7865976785
50 797 -12.8758078364
50 678 -7.61677306578
50 295 -15.2183394553
50 684 -13.9974796199
50 302 -10.8572836519
50 606 -8.11556675544
50 563 -11.8008724196
50 436 -12.9067556053
50 695 -14.3655110961
50 442 -9.92502913457
50 699 -14.351343414
50 772 -17.453434414
50 832 -15.9917552677
50 834 -10.9293727176
50 323 -11.6767152091
50 749 -5.36224707118
50 199 -14.1146771455
50 858 -11.3628779924
50 806 -15.0165086352
50 206 -10.1853013258
50 335 -12.7055518525
50 80 -12.4021396373
50 596 -12.4874862866
50 719 -12.2148487746
50 218 -10.7393814187
50 603 -10.0369511883
50 220 -15.6588293244
50 93 -14.0037868193
50 558 -11.3072926838
50 224 -12.2790572056
50 482 -13.5082535323
50 814 -13.9417672322
50 231 -8.47134257685
50 872 -12.9175086906
50 234 -14.1240958802
50 365 -12.3447032706
50 239 -8.69640690339
50 627 -8.29689022384
50 756 -15.8356225972
50 117 -8.34748754198
50 630 -11.4032117526
50 120 -15.1089494396
50 633 -11.3349725458
50 495 -11.7978914358
51 257 -14.7416161646
51 719 -11.5279153773
51 636 -12.6235727204
51 261 -16.235242959
51 134 -11.2879224333
51 400 -15.4460685746
51 273 -10.5436526906
51 793 -11.7601651613
51 644 -13.3800002976
51 277 -8.92378269967
51 408 -9.48822761608
51 538 -13.9453078734
51 413 -15.1688389648
51 288 -13.9368069366
51 625 -13.9762633749
51 548 -9.12375726333
51 807 -10.1845054223
51 296 -15.2916186673
51 93 -14.9618136764
51 430 -11.4029061364
51 182 -15.2645596892
51 56 -9.78556073402
51 753 -12.6850038476
51 566 -7.44757485512
51 577 -8.28187452987
51 322 -11.8152311164
51 837 -12.4461995788
51 71 -7.07104528832
51 328 -16.4179580413
51 841 -6.20387073452
51 589 -10.7427480846
51 205 -14.6661293115
51 622 -15.9927324144
51 463 -11.2836583253
51 593 -8.75067656689
51 740 -13.1048617424
51 591 -9.61313350686
51 349 -12.3852776061
51 608 -13.6279335768
51 354 -12.9598019382
51 483 -7.67374394509
51 356 -12.3511438305
51 870 -9.98631871542
51 492 -5.08024228821
51 366 -13.1735077596
51 239 -10.2917797739
51 497 -13.4084726649
51 244 -14.7794226786
51 760 -10.8869021144
51 380 -11.1655136083
51 381 -15.8697927982
51 638 -8.88333338608
52 642 -14.4841973227
52 259 -13.6161733915
52 516 -10.7360760736
52 770 -11.4296653884
52 393 -9.7023118903
52 399 -12.9940797288
52 400 -12.783898642
52 401 -13.6938429171
52 539 -15.9368019007
52 540 -14.6598458972
52 797 -12.8162242836
52 158 -9.86712336537
52 590 -9.10991493359
52 546 -12.2190781488
52 748 -12.45548227
52 425 -15.073020388
52 299 -14.2189877897
52 819 -12.4787943119
52 304 -10.8361203819
52 178 -10.6937699112
52 179 -14.2184271519
52 692 -9.08046295702
52 522 -12.0490606573
52 825 -7.6535232961
52 315 -14.2664757654
52 572 -11.3030050514
52 459 -13.0594185419
52 703 -14.8682347272
52 229 -11.7681574892
52 712 -11.6692654004
52 585 -9.05781545272
52 75 -16.5784744323
52 332 -14.0290783434
52 205 -12.9744390157
52 206 -12.935454137
52 463 -9.74682261519
52 270 -10.2665189204
52 725 -10.6188334368
52 591 -11.6819184647
52 643 -17.6431582484
52 473 -10.1208795674
52 346 -10.3345911963
52 92 -14.4128326864
52 827 -14.0899448503
52 351 -8.8239018596
52 864 -6.31736476752
52 354 -10.5448142655
52 101 -14.0738465484
52 615 -12.6614654542
52 746 -13.8472126183
52 108 -13.4080275529
52 750 -13.3896902313
52 752 -12.0942507588
52 753 -15.0191380738
52 802 -10.9690801566
52 116 -13.9409763468
52 757 -9.33939063014
52 502 -10.4717087259
52 503 -13.3664176181
52 761 -12.3274954745
52 657 -12.2017342285
52 508 -12.9857375833
52 768 -13.6920568431
52 427 -11.6757283958
52 726 -13.9631437485
53 589 -15.5556583786
53 832 -13.4605367169
53 259 -13.9192908713
53 132 -12.0041568044
53 389 -10.9241839082
53 862 -13.4377422161
53 267 -12.9005839036
53 664 -13.4599743021
53 397 -15.9928848468
53 387 -16.6095790375
53 430 -14.7190022623
53 530 -12.6117525195
53 147 -13.9407911086
53 533 -12.9732665461
53 278 -10.5457292405
53 773 -14.8190453609
53 154 -12.778068839
53 286 -4.57614882416
53 543 -10.4139318022
53 863 -9.4188340894
53 735 -13.2113652028
53 162 -7.42505326643
53 678 -5.39981557589
53 426 -13.5287413881
53 685 -13.6192940498
53 174 -15.0317459925
53 303 -13.6520761248
53 798 -12.2063888419
53 690 -13.2490969259
53 179 -11.4834841633
53 628 -15.6914607046
53 693 -8.76835224981
53 694 -11.8194664682
53 55 -15.2323000078
53 699 -8.95835872136
53 779 -5.70446401464
53 822 -12.5217042114
53 449 -13.5471487863
53 865 -12.6429706797
53 68 -13.6966946808
53 418 -13.7028448283
53 329 -8.85721518826
53 202 -13.1681203447
53 331 -4.57857275368
53 77 -14.8562620351
53 208 -12.1892899098
53 856 -10.6424426917
53 468 -9.94189691049
53 85 -13.3724633084
53 87 -12.4782835592
53 600 -13.9375828005
53 857 -14.8165137152
53 165 -14.3972164876
53 771 -12.7573533568
53 604 -7.83325319317
53 827 -7.08893367264
53 607 -10.2349956142
53 608 -13.1629259406
53 225 -12.1768565337
53 106 -16.8205134909
53 621 -13.093794718
53 367 -11.1095210885
53 112 -8.77121217863
53 881 -14.2202160938
53 754 -12.7735592799
53 500 -11.5324207963
53 490 -15.9040940097
53 379 -15.088196445
53 794 -11.5831538408
53 525 -12.4339043668
54 385 -9.51025704756
54 643 -13.313193829
54 812 -12.5623372521
54 262 -6.28945936047
54 578 -11.9653866281
54 139 -10.4019098079
54 652 -16.1638437686
54 398 -9.76138183214
54 430 -13.7367476405
54 793 -6.41752774993
54 660 -12.447073231
54 662 -15.1118755315
54 791 -15.5577694638
54 537 -13.977903136
54 739 -8.92754265909
54 413 -12.6858486129
54 286 -11.9368793572
54 416 -16.9766647892
54 289 -11.3536116733
54 418 -12.6378488755
54 291 -7.86902510582
54 165 -10.5589854086
54 294 -15.0765803823
54 168 -14.8568303227
54 172 -10.7609238658
54 174 -9.02211727387
54 431 -12.183856793
54 744 -13.7693776517
54 178 -9.32901040701
54 310 -11.4986604683
54 56 -12.8764448128
54 185 -9.41827082162
54 827 -10.032842896
54 700 -8.02657148699
54 447 -11.0068782591
54 322 -12.3551221986
54 581 -10.6184342214
54 456 -13.3869187019
54 713 -8.77219620722
54 206 -13.8655618726
54 207 -11.2325986808
54 718 -14.2043422625
54 465 -12.2466188867
54 57 -12.9657618023
54 639 -8.76346781633
54 727 -13.0795941712
54 859 -8.36392527602
54 93 -11.0552187763
54 222 -11.7043704794
54 483 -12.4224074539
54 828 -14.1169127491
54 101 -12.7214146709
54 742 -12.3361076929
54 104 -3.93942874116
54 296 -13.034027128
54 751 -14.0491818369
54 624 -16.5782155436
54 373 -13.0672106371
54 511 -13.3982628293
54 814 -16.4933890308
54 637 -9.71724397886
54 383 -15.0573892052
55 770 -14.3812690733
55 259 -11.8920733657
55 364 -10.2649430143
55 645 -16.0236044298
55 779 -14.7207034494
55 268 -12.9795831033
55 145 -17.7548689236
55 726 -13.4538659339
55 276 -10.5429476978
55 821 -14.1888368285
55 278 -10.5952440112
55 279 -14.8988348715
55 811 -9.7298766451
55 283 -14.3795052239
55 602 -13.8052848863
55 158 -11.5210183663
55 804 -15.2272596473
55 232 -10.3562487762
55 419 -8.57045497897
55 608 -11.5839003018
55 165 -14.0672711944
55 295 -11.4921678543
55 669 -11.7611364928
55 299 -11.9708799046
55 172 -12.2144626886
55 429 -13.2435734942
55 814 -9.47251579573
55 872 -12.4748839654
55 823 -12.1634137353
55 568 -12.6333138852
55 441 -12.1746710147
55 565 -10.6248684967
55 443 -7.92637942997
55 352 -13.0727766853
55 317 -13.6808937303
55 575 -12.6691401656
55 578 -11.6038975548
55 328 -7.06105880379
55 73 -14.0407408916
55 824 -9.97949182729
55 826 -12.9482172734
55 721 -7.2160756663
55 613 -9.39152801513
55 467 -16.1772606757
55 676 -9.69355955165
55 469 -6.88662740443
55 214 -13.7186094239
55 727 -10.0164449755
55 570 -9.36008110759
55 601 -10.6831769178
55 346 -8.56251825059
55 603 -15.5977651434
55 673 -11.4736816766
55 733 -14.8680652663
55 224 -13.0007481294
55 738 -12.0651467995
55 357 -10.0826032813
55 551 -9.31396476192
55 797 -15.7446928238
55 104 -12.4989009445
55 106 -14.2574479274
55 747 -15.374205976
55 108 -12.2180636382
55 874 -10.3956400712
55 113 -14.8097440626
55 703 -15.5541893906
55 490 -10.6912073865
55 505 -14.1219469609
55 853 -14.7974706342
55 509 -12.1944156278
55 638 -8.29237905106
55 128 -8.3632106805
56 670 -11.5868745409
56 262 -12.4286706095
56 777 -10.0427930671
56 397 -11.5135992332
56 707 -10.0406559802
56 146 -8.12187161551
56 788 -8.96663953313
56 602 -13.9648241097
56 537 -8.15632322441
56 739 -10.9854594827
56 700 -11.946455738
56 112 -8.33537102183
56 542 -13.0938243016
56 390 -7.55717139925
56 673 -10.9099470618
56 291 -10.6297502171
56 164 -5.48197838411
56 422 -10.9594827198
56 553 -14.5322910838
56 428 -8.06460954302
56 175 -12.7023797369
56 571 -8.34900804416
56 696 -10.5448124997
56 528 -14.3684529751
56 59 -12.9839730111
56 572 -10.2772858202
56 573 -10.4329048348
56 66 -13.0054995239
56 579 -12.816607822
56 631 -11.1740977937
56 763 -13.5067375668
56 329 -13.9645503617
56 824 -14.1089067321
56 589 -10.1970199596
56 355 -10.8354278779
56 463 -7.96463243923
56 80 -14.7090937875
56 338 -10.5660577251
56 467 -7.00201488628
56 340 -15.0499457384
56 719 -12.9340302479
56 727 -14.6780602513
56 600 -12.0616723056
56 473 -13.0709237588
56 346 -14.2082658388
56 592 -9.66363534627
56 464 -16.7223514592
56 477 -11.9258775024
56 187 -12.6441179178
56 742 -9.08260783875
56 784 -7.38775208719
56 99 -14.0004758899
56 484 -9.11986850436
56 101 -10.2636649051
56 486 -15.8874468978
56 488 -12.9286970131
56 701 -12.6463623854
56 665 -11.7302412681
56 492 -11.0380858928
56 877 -12.254878571
56 878 -12.2047187567
56 240 -14.5939499015
56 241 -13.4966008647
56 858 -6.47601098446
56 350 -7.86642479516
56 874 -9.38808082864
56 379 -9.35205028358
56 380 -8.41013066526
56 255 -13.2724774329
56 508 -13.2599341251
57 589 -10.5584345445
57 517 -12.8828755597
57 308 -14.2081103773
57 395 -6.78309327547
57 387 -7.03308769565
57 500 -9.49532785136
57 564 -12.9066900547
57 659 -11.1890094278
57 789 -13.2328951542
57 662 -15.7195557116
57 151 -14.1740958066
57 536 -13.5854711967
57 414 -14.4505157186
57 262 -12.2220624754
57 673 -14.0443947897
57 881 -10.9753155342
57 676 -13.1989754002
57 421 -9.45154598765
57 682 -13.0969466934
57 814 -9.96988399643
57 663 -12.0331596012
57 176 -14.804470158
57 561 -13.1042937088
57 180 -13.9128385085
57 565 -14.1398049295
57 61 -7.9750621283
57 446 -8.68698251691
57 831 -12.0019160469
57 833 -15.5470459177
57 194 -16.0122152988
57 835 -17.0354252418
57 708 -12.6112458181
57 587 -10.8919049596
57 328 -16.565508382
57 202 -10.9718764754
57 331 -6.7091744078
57 461 -16.4722420494
57 78 -9.22433303025
57 720 -12.8458534184
57 337 -15.2364778265
57 722 -12.2110335495
57 211 -16.2610241258
57 469 -13.74215475
57 344 -12.5105742565
57 730 -8.58303174748
57 350 -13.8540430231
57 479 -14.2889979733
57 98 -11.7813551285
57 356 -12.6136934409
57 553 -12.9144499579
57 616 -12.8228757052
57 361 -11.0834703713
57 746 -10.7411786835
57 620 -8.67220220078
57 595 -15.1145255416
57 239 -12.6957445975
57 750 -11.6788644735
57 169 -7.58523526934
57 243 -14.4891590071
57 244 -9.71861388925
57 629 -11.3303908345
57 124 -16.2104427159
57 510 -14.6426919203
57 127 -10.7755004735
58 641 -5.69072693732
58 734 -13.7346315565
58 133 -10.8127953205
58 775 -9.21972894443
58 136 -11.4458636486
58 141 -8.62281605027
58 771 -13.2845403876
58 783 -11.3112247707
58 516 -14.3763463927
58 533 -7.78356082613
58 837 -14.5332591751
58 540 -8.62825034693
58 414 -5.79506567057
58 160 -10.5946770239
58 545 -9.08473733319
58 549 -10.7395889008
58 294 -12.506823982
58 810 -15.1996740687
58 520 -12.0573126683
58 558 -13.412092333
58 177 -9.55363925908
58 841 -15.3939291688
58 695 -13.0697800888
58 826 -9.70964004136
58 63 -11.8948466168
58 833 -15.8822634366
58 323 -11.4592455737
58 709 -10.6966406882
58 328 -16.0298061201
58 713 -13.5537102396
58 525 -14.2477592116
58 720 -13.9954360768
58 466 -12.1145115798
58 723 -15.7172950754
58 725 -16.9612264659
58 741 -8.95850926416
58 805 -13.1666058895
58 218 -10.1656814899
58 347 -14.2016990099
58 861 -13.7353635835
58 222 -13.1133959329
58 225 -17.0181032825
58 226 -13.2855607453
58 101 -12.5614472298
58 359 -12.9242954923
58 360 -17.2597970625
58 875 -11.9660752761
58 744 -7.62871721965
58 621 -13.4586433886
58 622 -13.0959133367
58 623 -9.97383213097
58 660 -16.2274562126
58 703 -11.5182124844
58 248 -14.1940707269
58 122 -8.91377280544
58 251 -14.289155371
58 512 -13.4347041823
58 766 -12.788429366
58 127 -15.3517253109
58 128 -8.85839831762
59 642 -8.30959131496
59 474 -14.234387651
59 132 -10.3105673019
59 645 -13.774724752
59 134 -11.9879511642
59 812 -16.0994491542
59 749 -10.0930189558
59 144 -8.36353099807
59 401 -10.9628450932
59 788 -10.9566720119
59 834 -13.4338009999
59 535 -12.1840362018
59 408 -9.92086338041
59 413 -11.0301704636
59 417 -14.7880156437
59 292 -14.883275487
59 165 -11.5442546098
59 370 -12.1521546435
59 425 -17.9710276179
59 426 -14.1714763461
59 684 -8.41055214627
59 301 -8.30344929785
59 686 -10.0272023137
59 560 -8.46734309949
59 782 -10.2296804158
59 659 -12.9080667074
59 188 -13.8828196735
59 702 -10.4367808009
59 831 -13.8107427042
59 817 -11.5228740282
59 578 -16.5641245285
59 579 -13.2138152672
59 247 -8.70136874611
59 71 -15.4398867604
59 584 -12.9845050609
59 759 -10.7510975884
59 587 -5.20459192667
59 716 -13.6423531791
59 77 -13.4676698876
59 335 -12.5282182937
59 142 -14.0150461142
59 722 -7.79144356831
59 724 -11.2745639972
59 85 -11.735791291
59 343 -10.0803727953
59 366 -6.54533461463
59 357 -10.8041959154
59 220 -5.09271178826
59 606 -13.2747252607
59 96 -10.6162575508
59 866 -11.9390941343
59 101 -13.2759732917
59 743 -9.12157609326
59 615 -14.9366195334
59 744 -11.9380672731
59 763 -13.2761822367
59 872 -12.4285426143
59 109 -14.7146252048
59 238 -13.0620513493
59 623 -10.1022733377
59 497 -14.3459099377
59 242 -10.8873207316
59 371 -13.1528691704
59 119 -11.4784474983
59 762 -11.7739339276
59 469 -9.91748422174
59 123 -10.9971177304
59 638 -16.4890967808
59 256 -13.8109682026
60 257 -13.420758869
60 258 -9.80483500161
60 771 -12.8882513053
60 834 -14.1446688841
60 649 -11.5961044908
60 396 -11.2308197724
60 655 -11.6309555116
60 430 -16.3078232786
60 145 -14.3842441325
60 385 -14.2654088693
60 534 -9.51732977569
60 513 -9.85984507014
60 284 -12.7129727749
60 413 -9.53391000401
60 287 -8.36430065978
60 289 -13.9245472598
60 735 -13.4523870146
60 291 -12.4013180725
60 164 -14.5110049708
60 550 -13.8541926419
60 679 -14.7064887601
60 552 -11.0978083392
60 297 -5.62625577352
60 300 -7.31733962437
60 173 -15.5126509969
60 371 -11.9009101878
60 304 -6.45064865992
60 434 -13.1002901268
60 755 -12.4745374112
60 310 -9.22143941829
60 695 -5.12843851177
60 185 -11.4998549087
60 698 -14.3817780192
60 868 -13.3194166239
60 445 -11.2099164172
60 822 -15.1191568106
60 66 -16.6807510557
60 652 -14.5380601198
60 199 -12.9465583954
60 457 -8.35004478064
60 331 -13.9271855503
60 463 -7.99621448964
60 211 -13.5019550855
60 468 -9.27674491196
60 213 -15.2608225712
60 719 -8.66511463291
60 471 -18.1614864843
60 344 -8.40829477738
60 731 -10.3489401798
60 223 -12.5686417118
60 608 -11.3975658251
60 482 -13.216865266
60 612 -14.4139195614
60 742 -15.745705426
60 616 -14.7516929571
60 106 -13.7684452731
60 237 -11.2725704193
60 659 -12.8906801735
60 879 -9.58391729153
60 240 -16.9661925605
60 497 -10.475701755
60 242 -14.6905981178
60 115 -12.3257582646
60 118 -15.3777167664
60 631 -10.5763098894
60 249 -11.5051254696
60 122 -15.1631158619
60 124 -10.6525983101
60 125 -16.187987597
60 854 -14.4128915749
61 131 -11.6641388904
61 646 -9.56997662618
61 647 -12.3931310619
61 264 -12.1565419384
61 527 -9.68213337288
61 594 -12.7984878349
61 408 -12.7126815935
61 538 -13.7772582242
61 670 -10.8633639746
61 288 -14.3690234293
61 801 -16.0494687714
61 674 -8.57397422239
61 163 -12.4052059731
61 676 -10.5003059964
61 680 -7.74303175854
61 681 -13.1443632404
61 811 -11.8221641027
61 172 -11.2727121395
61 814 -11.591485337
61 791 -6.66670813053
61 689 -6.75707128799
61 563 -13.8914181051
61 310 -12.8949457875
61 202 -8.78660632941
61 313 -12.3667025017
61 190 -11.1450254356
61 191 -9.47816308558
61 320 -10.6480669097
61 196 -8.31071909049
61 70 -11.5771167059
61 651 -11.5335517083
61 584 -13.9789733503
61 329 -10.4194727282
61 74 -9.4287884282
61 779 -12.0825002601
61 568 -10.6618750778
61 334 -10.4960150789
61 591 -10.8611636259
61 337 -12.4118760182
61 595 -9.90176732645
61 859 -11.9637756323
61 94 -15.4805303704
61 479 -12.3681493753
61 703 -14.3864519299
61 588 -11.6330553834
61 508 -7.73303295485
61 360 -12.4935141833
61 710 -10.9383663949
61 239 -12.599245273
61 694 -15.7742264027
61 497 -13.5385552157
61 840 -13.176580139
61 448 -5.75468589556
61 761 -14.5212062525
61 192 -10.0790256123
62 514 -11.6938861776
62 578 -13.1585411305
62 521 -8.84522249597
62 308 -7.32590488882
62 268 -15.1264247217
62 783 -10.4469706153
62 272 -13.0335174799
62 273 -10.6418695382
62 146 -17.0600709357
62 276 -15.5576347788
62 277 -5.99065070761
62 662 -12.1234008648
62 161 -14.6491025471
62 290 -9.49122769037
62 676 -11.425708398
62 678 -13.1162236563
62 584 -12.9082487234
62 301 -10.158191651
62 304 -10.9486611454
62 561 -9.89971375754
62 776 -12.5499118484
62 819 -13.739220312
62 180 -11.7743393162
62 696 -13.7371990388
62 185 -16.4579229805
62 827 -8.83779683279
62 450 -14.8041556151
62 707 -11.7768697638
62 652 -9.51330773288
62 454 -13.6295372643
62 354 -13.6848124225
62 473 -13.7717511573
62 462 -11.1152533518
62 207 -11.302428512
62 464 -8.75151232775
62 81 -14.3017375519
62 467 -13.0024784914
62 85 -11.574234303
62 545 -12.2504789281
62 89 -11.2701240169
62 90 -8.46548730949
62 144 -10.0660534704
62 733 -15.9640599403
62 98 -6.46659507
62 101 -11.3236962099
62 494 -16.4961152844
62 880 -12.4153739239
62 369 -13.9680913717
62 246 -13.2227884624
62 119 -10.6441529987
62 504 -9.82243670674
62 249 -11.4581211038
62 533 -14.1452710726
62 346 -14.5773397561
63 514 -10.1656672436
63 748 -12.5409054013
63 389 -8.28313878821
63 518 -13.6549301893
63 519 -14.2048553383
63 265 -10.7649941678
63 527 -10.0842501058
63 419 -15.3073532325
63 661 -8.32979954975
63 717 -11.7875697578
63 791 -13.2742791258
63 538 -12.0887407156
63 410 -9.76078018246
63 797 -13.6336549797
63 162 -11.3270478697
63 291 -3.01200678953
63 164 -12.701386247
63 549 -9.57384255901
63 296 -13.3188239221
63 810 -11.3527804248
63 847 -14.1575351905
63 556 -17.1402293947
63 432 -15.0063234327
63 433 -14.9014540559
63 178 -11.8672929573
63 828 -12.2112221142
63 190 -9.36377398116
63 832 -13.4851736949
63 449 -12.22401328
63 450 -11.1052607664
63 67 -14.6410470881
63 452 -12.9449511691
63 709 -10.8257297435
63 839 -7.63064926838
63 840 -14.6426010426
63 330 -16.0181911214
63 783 -14.3640854992
63 461 -10.3633011575
63 78 -6.75012739635
63 812 -6.63878186663
63 851 -14.2721579746
63 852 -10.0141608697
63 598 -13.9193979556
63 218 -14.8406713186
63 348 -12.5972806871
63 351 -14.5198605481
63 352 -10.5655016485
63 481 -13.8082602406
63 354 -13.7520406574
63 483 -10.5248845501
63 229 -11.829087342
63 102 -8.5635152998
63 615 -11.4728509053
63 232 -14.1424189313
63 424 -11.3478726629
63 237 -11.6447189358
63 367 -10.6599038276
63 753 -11.2846104584
63 632 -10.7158361459
63 121 -7.96211547168
63 637 -16.0680331099
63 128 -11.4771314258
64 751 -15.7014768897
64 131 -9.03301234215
64 133 -8.8992328747
64 343 -12.0187556761
64 832 -15.0142118825
64 394 -10.06504908
64 856 -12.5572736515
64 269 -14.4577260963
64 727 -11.3562367995
64 657 -12.1693481925
64 431 -16.2506302212
64 666 -10.4438358065
64 153 -16.609559909
64 538 -13.9161222363
64 411 -12.7822601179
64 880 -14.869223629
64 158 -14.3032188186
64 390 -12.0358008992
64 161 -7.75821994267
64 290 -12.0216684571
64 421 -13.851238968
64 678 -10.6389621969
64 471 -10.5695627116
64 427 -12.3261772562
64 300 -12.0422285623
64 859 -15.2325939943
64 175 -11.5799772606
64 670 -13.4336672495
64 646 -13.4529198467
64 178 -12.0751183456
64 809 -14.8981568186
64 872 -9.90002228043
64 439 -8.88565773888
64 522 -13.5813824474
64 697 -17.4654058163
64 826 -9.99331036277
64 573 -13.0296319306
64 549 -10.0279154607
64 320 -10.0910225226
64 833 -15.7558255409
64 289 -7.23712761924
64 68 -12.7088395208
64 582 -8.88307824017
64 328 -12.6133199137
64 332 -10.99184647
64 589 -8.91327443014
64 335 -15.4444844798
64 208 -7.22231862369
64 338 -14.9194517502
64 467 -11.1445844771
64 868 -15.2169802905
64 85 -13.1130926671
64 87 -13.4256384029
64 600 -11.5458313923
64 90 -8.96692117023
64 830 -13.268470768
64 93 -13.999458846
64 481 -14.4409844208
64 588 -10.1979441835
64 100 -10.8753474493
64 615 -14.7261520454
64 616 -12.4541624362
64 233 -11.6053643062
64 744 -10.4000736602
64 623 -6.42202292501
64 240 -11.3292522974
64 370 -12.6215848443
64 373 -11.7429067513
64 375 -7.4982137074
64 504 -10.663681034
64 377 -8.9235677888
64 634 -10.2948437875
64 380 -15.5262824561
64 716 -6.35554366066
65 257 -11.372027556
65 130 -7.81718174277
65 259 -10.7032888781
65 236 -13.7480976921
65 390 -11.8777261022
65 775 -13.4331457488
65 392 -11.7468526401
65 265 -11.6296188728
65 138 -14.3403936855
65 781 -15.720222122
65 598 -10.8061253014
65 272 -12.138471186
65 657 -9.79091401102
65 404 -14.2758110927
65 279 -13.4368104443
65 536 -11.3463781934
65 540 -11.2757427037
65 669 -10.8214543121
65 416 -17.3278554657
65 289 -12.1420432247
65 625 -10.6887269704
65 681 -11.0109826273
65 741 -14.172058966
65 429 -13.7299605901
65 563 -11.0221448306
65 180 -15.4138248089
65 822 -13.1417333718
65 266 -11.6510852843
65 441 -10.3658880064
65 186 -11.4144672244
65 827 -11.8296237831
65 573 -11.7103787971
65 576 -12.8550812576
65 719 -9.28521897441
65 834 -10.1981389188
65 583 -13.7192106149
65 72 -9.89573040798
65 585 -12.5011857349
65 332 -14.373229066
65 207 -8.90139831107
65 720 -9.22800680797
65 86 -15.1827954912
65 601 -11.3673857423
65 485 -12.7280768053
65 603 -12.0146028594
65 881 -11.3688014238
65 222 -17.130895324
65 550 -13.517751421
65 229 -13.0955905824
65 295 -13.6696630326
65 796 -15.2638900198
65 108 -10.9488930776
65 239 -10.9002204291
65 369 -11.5878161163
65 246 -12.4238328483
65 631 -14.5164105214
65 120 -13.0885368401
65 379 -14.1923182424
65 811 -14.7040079005
65 256 -13.3832996863
66 641 -16.8821967707
66 258 -12.0586221545
66 643 -13.2189192267
66 389 -11.8617014656
66 391 -10.72520019
66 139 -11.7181001234
66 526 -9.54300011176
66 528 -11.0798090129
66 274 -13.4073676724
66 147 -12.3967896049
66 148 -16.0135190007
66 815 -11.3034479431
66 666 -11.7064641543
66 539 -10.6634207152
66 413 -8.59228101521
66 414 -10.0289672182
66 291 -13.4282545811
66 805 -9.6240376186
66 166 -15.4367068275
66 296 -10.0913172694
66 868 -11.3927293913
66 810 -14.5281439986
66 555 -11.2865289742
66 584 -12.1824781
66 303 -11.4383650355
66 178 -14.7283524611
66 819 -9.25264181566
66 185 -13.0153517917
66 787 -11.3701739835
66 318 -10.7920653514
66 831 -13.6287160045
66 834 -9.92879091959
66 195 -12.4370498225
66 326 -9.61239475271
66 651 -12.9704448256
66 72 -15.8279334426
66 74 -13.4656647485
66 519 -12.2065098377
66 588 -12.212775823
66 206 -13.2697368654
66 465 -11.1988389449
66 210 -4.92417691054
66 467 -9.68386059412
66 498 -12.1621003156
66 469 -8.46979672197
66 732 -12.1413453518
66 221 -12.1119420545
66 736 -14.6851156235
66 529 -15.6579670874
66 700 -14.534765585
66 487 -9.30655778041
66 530 -10.9622458294
66 105 -10.8265107723
66 490 -9.94853184702
66 108 -10.0109609834
66 659 -8.45505302427
66 617 -6.27836681836
66 702 -9.10870333173
66 114 -16.7264373285
66 371 -11.0832275778
66 593 -11.8954217823
66 250 -11.7979312215
66 123 -5.5387845464
66 765 -11.4532680812
66 127 -8.72688595929
67 771 -15.410089028
67 132 -8.95970352074
67 261 -12.4970271587
67 391 -9.51783987609
67 137 -12.4302066054
67 779 -13.0723273083
67 269 -15.3964428375
67 521 -8.81891938436
67 656 -9.97220436265
67 274 -16.1001598352
67 787 -12.9566292935
67 260 -14.0563161595
67 457 -12.0670171367
67 412 -9.96360371673
67 157 -13.249675407
67 219 -13.1235209751
67 518 -10.5857894002
67 802 -13.7585483374
67 806 -16.0844900637
67 434 -13.26736475
67 541 -8.96821151089
67 683 -8.56881485832
67 556 -13.5053268104
67 302 -11.0959251655
67 815 -14.1650280776
67 432 -10.3679336
67 689 -12.5211521722
67 265 -13.1129892285
67 691 -10.8642484648
67 756 -13.9282569614
67 694 -15.5610167391
67 568 -8.63346710174
67 441 -12.9831769324
67 570 -17.2830580223
67 443 -7.69856700878
67 700 -12.2662619887
67 701 -14.0017425471
67 843 -5.88041417801
67 822 -10.8667569
67 322 -13.8240338949
67 451 -13.0228672912
67 716 -14.2076266948
67 276 -9.07302713301
67 781 -14.760334711
67 587 -15.3078489632
67 76 -10.4160485152
67 207 -7.53246198039
67 82 -7.19294343969
67 212 -10.149688184
67 213 -12.5158649669
67 847 -12.6832858178
67 91 -12.9218235318
67 348 -12.1637208601
67 862 -9.1943766741
67 614 -10.9593014642
67 612 -6.02671624204
67 357 -10.2292331459
67 230 -11.8172986952
67 104 -16.1537260822
67 108 -10.9953549902
67 744 -9.33810713081
67 238 -12.9435642353
67 495 -12.6532776066
67 752 -8.07660992398
67 113 -11.7770246072
67 755 -12.5066973942
67 516 -16.2811578283
67 504 -9.55059111585
67 854 -15.9722515859
68 513 -14.627839247
68 386 -12.4527276582
68 771 -11.239569289
68 388 -15.877904094
68 133 -10.8590778651
68 519 -7.80368678956
68 136 -11.2400152893
68 137 -10.0738098977
68 396 -13.1137774215
68 276 -14.5557030348
68 687 -10.2219288193
68 535 -15.4888524741
68 261 -7.80535955516
68 155 -12.3034524751
68 412 -14.744621465
68 92 -14.35015423
68 551 -10.0994020491
68 882 -2.94299637575
68 171 -8.49640170601
68 431 -11.4172774256
68 305 -13.6717348714
68 691 -11.2734676863
68 693 -7.38861387266
68 309 -10.571942751
68 438 -14.4928612645
68 440 -9.0370754205
68 185 -13.8310758423
68 574 -14.4665980389
68 833 -13.9350328574
68 195 -14.2724250183
68 580 -9.4165327655
68 325 -13.0191452386
68 710 -14.2816749888
68 458 -15.0031425838
68 448 -11.9368228621
68 78 -9.57136855669
68 720 -6.7737834168
68 441 -10.9253547387
68 668 -7.50473335662
68 728 -10.2296434899
68 474 -14.3131828086
68 220 -12.7762379209
68 477 -10.8748992578
68 486 -13.1394585497
68 871 -12.8610157219
68 618 -8.60786212631
68 496 -9.0293246577
68 369 -6.261899037
68 754 -12.5712206924
68 499 -6.83745586265
68 373 -10.7280149865
68 118 -15.0215863214
68 124 -16.0484291664
68 765 -13.8538971208
68 299 -6.67422390876
68 820 -13.0999091512
69 772 -14.877133673
69 391 -12.3202777911
69 265 -10.2513644537
69 266 -13.8680649978
69 632 -14.0415274771
69 269 -13.3464631866
69 271 -6.87737212782
69 366 -10.5441365845
69 277 -12.8726468736
69 282 -9.99682920352
69 155 -7.61190148566
69 540 -12.489765577
69 158 -12.7795077235
69 673 -10.418867072
69 551 -10.4226160977
69 170 -11.2770238558
69 301 -14.47729923
69 559 -10.5116360658
69 414 -5.91949027897
69 564 -12.9782873981
69 566 -10.6320967511
69 416 -15.628440549
69 451 -17.6384228936
69 844 -6.02437544918
69 325 -12.5264724237
69 711 -14.0960334212
69 457 -14.7548358189
69 429 -5.2489906423
69 504 -14.4910674659
69 335 -13.6784753082
69 81 -7.98610264541
69 85 -15.3506762444
69 598 -16.3958861087
69 87 -8.60215994558
69 217 -15.8531931018
69 730 -14.0518677808
69 603 -11.0395078178
69 348 -13.6257004115
69 479 -12.6536687819
69 465 -10.9225092005
69 740 -10.1492346301
69 746 -11.2160250999
69 238 -11.9649751408
69 240 -15.2917238791
69 882 -13.5183905586
69 372 -6.16974068559
69 248 -9.46830039934
69 783 -10.9823391388
69 635 -14.1011328452
69 509 -13.8907284861
69 126 -11.4736599143
69 560 -13.1876185656
69 512 -5.05938617245
70 257 -10.8062435142
70 312 -8.56355558226
70 644 -12.7742115521
70 262 -13.5781791863
70 391 -8.55306053273
70 695 -14.1301422841
70 813 -9.76919388594
70 523 -9.93194215628
70 269 -12.6924265321
70 656 -12.281264003
70 867 -14.3043257291
70 276 -11.7933681359
70 791 -12.0303890294
70 408 -9.46877652524
70 668 -14.0559599647
70 669 -8.86288298621
70 603 -12.5125236171
70 415 -15.3639750646
70 862 -15.745638906
70 816 -12.0021812797
70 422 -7.39792380082
70 168 -11.0593815973
70 169 -12.7480943775
70 557 -11.47444547
70 558 -12.163025571
70 561 -11.9586632136
70 595 -11.4399139304
70 311 -11.1836100688
70 184 -9.24308910498
70 569 -13.9255988264
70 186 -7.8496698123
70 319 -12.6126919267
70 834 -7.91891467167
70 325 -7.52660645932
70 454 -11.0219049941
70 584 -10.3872968634
70 74 -7.20137730557
70 76 -12.2087777889
70 845 -11.4739070599
70 78 -10.2240657175
70 591 -12.4219648983
70 334 -15.5286219839
70 209 -14.7111460251
70 339 -9.22889896938
70 343 -13.3981078292
70 314 -8.57490871645
70 473 -13.8665955192
70 90 -9.7569344926
70 219 -12.0521532522
70 221 -7.69343549672
70 478 -13.9046895476
70 353 -8.72296135659
70 81 -11.6076233338
70 680 -12.8283587551
70 356 -15.1952637287
70 357 -11.7698078092
70 230 -11.5850434476
70 108 -10.8272585179
70 366 -15.1344760964
70 496 -12.9991538652
70 497 -10.4800319601
70 754 -11.1667177169
70 660 -11.0633359142
70 465 -13.221412507
70 447 -7.97834434751
70 634 -10.1647847227
70 507 -13.3616130829
70 509 -12.7650828226
70 683 -13.2031020293
70 866 -12.7928564303
71 670 -12.1468561276
71 260 -10.7363351347
71 645 -11.416892249
71 390 -11.324618675
71 263 -11.1076153131
71 813 -11.7124502571
71 139 -15.2902564613
71 397 -11.3922006417
71 782 -11.7818521588
71 655 -12.2960464768
71 151 -12.4946369654
71 410 -16.8498974631
71 282 -7.99379428119
71 155 -13.981077778
71 286 -9.3625822789
71 850 -9.58179938345
71 160 -15.3956831147
71 539 -15.8809765392
71 412 -15.6676059133
71 549 -13.5096661526
71 294 -10.058971496
71 168 -14.841128338
71 170 -11.022442326
71 300 -10.1228968321
71 614 -15.3848150364
71 176 -12.7934386776
71 548 -13.0906449872
71 179 -15.5476802411
71 872 -9.1963876964
71 309 -11.5218027417
71 704 -13.0322927597
71 864 -6.47386106802
71 460 -8.99539595382
71 290 -6.41353721195
71 536 -16.6604532534
71 203 -10.4224653341
71 76 -16.7948451849
71 337 -15.1848373141
71 466 -13.627254634
71 854 -9.21949744171
71 498 -9.94757100403
71 853 -8.93489319387
71 783 -11.0697055888
71 724 -9.19407648929
71 511 -11.6058724461
71 315 -14.1646781218
71 222 -10.0021414809
71 224 -12.0263573785
71 483 -9.89315866861
71 100 -12.9702438861
71 359 -14.1974389734
71 231 -11.922834848
71 488 -8.64816275885
71 361 -14.4855943075
71 490 -17.3288779871
71 491 -8.99144262275
71 307 -13.8217746747
71 621 -15.2330354563
71 112 -14.2883804435
71 489 -7.29344516315
71 499 -10.2564653216
71 596 -10.7030027209
71 496 -12.3950188721
71 118 -11.9476857836
71 375 -13.9406910305
71 505 -13.7446021357
71 378 -12.0917249661
71 507 -11.3997858294
71 380 -11.7287548054
71 619 -14.1119234403
71 127 -14.3278581576
71 716 -13.8372579065
72 129 -12.7532623757
72 641 -9.72203403638
72 388 -6.90453036681
72 646 -12.006996704
72 391 -12.248755303
72 137 -14.1758162066
72 778 -10.0416757963
72 399 -11.5253160327
72 277 -11.5389964342
72 662 -9.74334728853
72 667 -11.226608982
72 284 -12.8836545447
72 285 -10.7131065337
72 158 -12.8596349241
72 799 -12.756453881
72 803 -14.8584476403
72 668 -9.40816599599
72 647 -14.2884598116
72 424 -10.2225862626
72 297 -14.4225993748
72 171 -7.58774190335
72 428 -11.123741894
72 175 -15.269423402
72 393 -9.79200005403
72 307 -10.1724451685
72 436 -13.1546587146
72 182 -10.1446517749
72 440 -8.59207437965
72 825 -9.78439997123
72 757 -8.46318218362
72 187 -15.1295260701
72 700 -10.1052315685
72 832 -10.5377261142
72 451 -13.203888714
72 709 -14.8207210256
72 201 -10.792958855
72 845 -11.286333041
72 459 -14.308026249
72 705 -9.88828320992
72 461 -7.27558558854
72 719 -15.7342764284
72 464 -11.0436565953
72 209 -12.1632444778
72 850 -13.197906154
72 212 -12.9871115836
72 343 -14.4791886931
72 826 -6.64638615927
72 345 -13.3356820374
72 90 -15.396306312
72 92 -11.5505844228
72 763 -12.3950115925
72 865 -11.3128938889
72 355 -8.9160012087
72 870 -11.8004699561
72 105 -14.3439712889
72 619 -14.052156945
72 110 -11.2991481188
72 628 -10.2862492109
72 629 -9.75444710034
72 758 -5.91108810927
72 122 -13.1294913783
72 251 -13.0056716696
72 125 -12.0495330888
73 556 -12.6216344462
73 517 -11.3700594928
73 791 -9.58186004977
73 138 -10.5467254521
73 523 -9.64314595441
73 396 -10.776460307
73 781 -5.38355154489
73 526 -12.3876013941
73 655 -12.2063715199
73 401 -15.1387230258
73 530 -9.76006758171
73 787 -14.362609147
73 584 -8.43754459181
73 407 -17.2321457599
73 408 -11.3406304359
73 281 -10.5893429121
73 645 -5.21163714562
73 671 -7.56124040052
73 416 -7.65960522437
73 161 -13.7954435736
73 419 -14.7582721046
73 548 -7.70958000606
73 550 -8.61669079727
73 551 -3.42075835036
73 553 -12.2703930567
73 428 -10.6793319381
73 430 -9.30535244595
73 175 -10.6422603712
73 433 -11.997147809
73 841 -11.9971518374
73 435 -12.9813456389
73 822 -12.3487647152
73 827 -10.30626359
73 316 -13.8851814288
73 320 -9.19415994945
73 673 -10.3922111526
73 579 -16.4694356471
73 836 -14.3697294858
73 328 -15.7988963263
73 713 -13.0297011636
73 589 -4.7130641562
73 715 -11.5188550833
73 461 -7.85864247166
73 355 -14.1373561609
73 377 -11.8021687718
73 342 -8.45114404017
73 599 -10.6412465615
73 728 -11.8866884986
73 729 -11.6212192209
73 730 -10.9054452327
73 735 -11.959991983
73 225 -14.0198981059
73 99 -10.5462560018
73 613 -11.514338647
73 614 -14.5645081561
73 231 -13.339955303
73 363 -10.3290108729
73 237 -12.5652489779
73 879 -11.9284259684
73 840 -12.0433363557
73 501 -13.6837003291
73 121 -13.8764199119
73 378 -9.37801854053
73 124 -12.0273041275
73 637 -12.0671013862
73 126 -13.0350660301
73 512 -13.4398071284
74 769 -11.4091399525
74 388 -12.1014243316
74 133 -11.2920528506
74 700 -17.2253449828
74 135 -13.3433474444
74 136 -11.5465243135
74 393 -11.9600966546
74 652 -12.5815929842
74 141 -8.6683357034
74 656 -15.0252981427
74 145 -13.0833855083
74 277 -10.7640337005
74 495 -13.3475863797
74 664 -9.9212499449
74 794 -10.4107294541
74 411 -7.08088290742
74 284 -10.031953893
74 667 -8.00784212333
74 159 -8.34120518309
74 795 -11.3897046199
74 420 -14.9666563524
74 680 -8.86668738826
74 775 -7.59773654949
74 427 -13.7486762706
74 648 -14.7856594043
74 176 -9.75375147509
74 561 -15.4906473197
74 565 -11.9749087044
74 182 -13.9526268435
74 695 -8.89452086579
74 187 -11.150591707
74 188 -9.84706096595
74 574 -6.10744747016
74 447 -8.52984352315
74 321 -15.7307183211
74 780 -11.7287038084
74 325 -17.6850277082
74 199 -11.0470714342
74 328 -10.1229829881
74 331 -16.2028508126
74 206 -10.0163544413
74 81 -8.73108087445
74 339 -7.00359794167
74 724 -13.1631809187
74 801 -8.62879706505
74 222 -11.4553923075
74 480 -10.2424768105
74 867 -4.28388312263
74 571 -10.4858781334
74 101 -13.6691359019
74 699 -12.0188244164
74 745 -8.7042830755
74 362 -16.0356229758
74 107 -11.5129459693
74 111 -12.7207989956
74 702 -9.98005670706
74 852 -10.2838445026
74 758 -15.6149447056
74 375 -12.3179851874
74 633 -12.4106684203
74 508 -11.8099349833
74 253 -13.3093500688
74 255 -13.4244955608
74 790 -7.82764143976
75 833 -10.124934647
75 517 -8.35878285735
75 263 -14.705290745
75 265 -11.6094609285
75 394 -14.1020545212
75 811 -13.6873756074
75 785 -12.2763703848
75 403 -7.76476518482
75 149 -9.64258152655
75 495 -11.7275056168
75 794 -9.22707887946
75 153 -13.9229704622
75 560 -11.6812962289
75 411 -14.2844086353
75 304 -12.5052368987
75 162 -15.2081202337
75 165 -13.8000467185
75 519 -8.04267031976
75 552 -10.1395585835
75 427 -12.9727323959
75 712 -9.02515992388
75 558 -9.75463643139
75 815 -14.8960081659
75 457 -7.46451069795
75 566 -12.0437495802
75 313 -8.98989643781
75 186 -12.2919009937
75 573 -14.3904818055
75 703 -5.47217035388
75 449 -12.0996679305
75 322 -13.9421298742
75 324 -15.7594951863
75 583 -9.19232665981
75 200 -12.2181917087
75 201 -16.6928745677
75 202 -10.2894953191
75 332 -13.1308663871
75 845 -10.0067950516
75 718 -14.5040075093
75 463 -15.9673103755
75 209 -13.7694296684
75 697 -5.81464016538
75 211 -7.90555360847
75 868 -15.5089932881
75 213 -11.2366847887
75 591 -12.2549918892
75 855 -10.0052773983
75 442 -13.1676409587
75 604 -11.9773060066
75 477 -11.3825205121
75 350 -11.431294161
75 740 -14.1888770214
75 230 -17.9433369668
75 364 -9.8763800193
75 111 -15.5894879668
75 242 -14.1537888221
75 755 -11.4427499929
75 117 -12.8538449077
75 630 -10.2130769695
75 631 -15.8878480331
75 505 -6.02804162441
75 478 -12.7950588672
75 252 -12.886170755
75 555 -12.8938369757
75 640 -6.28691652029
76 515 -15.1175571262
76 791 -8.6882185537
76 135 -8.30156180056
76 651 -14.5285021421
76 781 -13.3108365772
76 272 -12.262915697
76 276 -8.13562123749
76 663 -16.3873402965
76 538 -13.9452306599
76 154 -12.4052724931
76 541 -13.7385350039
76 414 -10.5549089686
76 547 -7.8427337407
76 164 -12.3168317269
76 647 -10.7918720714
76 295 -12.9756468226
76 300 -11.9173434557
76 175 -13.7037010288
76 478 -8.35075081672
76 306 -13.7455538848
76 440 -12.7825973657
76 699 -8.24861999647
76 447 -13.0901480023
76 846 -10.4421744731
76 321 -12.2083415367
76 322 -8.1245572493
76 745 -9.34049552188
76 208 -3.49533250604
76 532 -17.070391322
76 466 -8.04920838763
76 211 -12.691269692
76 214 -7.03258917298
76 600 -12.8691876488
76 345 -10.1051500806
76 741 -9.42395080855
76 592 -15.1174460653
76 349 -5.3191890281
76 94 -9.98116702938
76 353 -16.73481989
76 848 -12.4268036621
76 101 -12.8462747562
76 870 -11.6957869602
76 231 -16.3122314328
76 616 -11.5227994197
76 105 -15.2863805941
76 744 -10.8380376957
76 367 -13.8171333342
76 854 -12.0684269962
76 370 -11.6459560432
76 118 -12.4332964611
76 759 -10.0234967455
76 86 -8.61387610765
77 642 -17.797036235
77 387 -12.9430741498
77 815 -11.6482365849
77 263 -13.7248995756
77 515 -16.3504195035
77 399 -10.5120849882
77 529 -12.330015077
77 824 -12.5452430722
77 708 -16.037264127
77 277 -8.87108536222
77 559 -11.1675351037
77 535 -12.3612527815
77 730 -6.13006458869
77 798 -13.0875505329
77 545 -7.3847709431
77 833 -14.0606449303
77 687 -11.0579594103
77 678 -10.2001104181
77 349 -12.9587758652
77 300 -8.75180694748
77 819 -13.3263768463
77 884 -6.04275649595
77 181 -13.3755218318
77 415 -8.80164395614
77 823 -11.0103074298
77 696 -10.6170987607
77 831 -12.3079935477
77 704 -10.3870504399
77 321 -10.3416103758
77 834 -11.1836105154
77 452 -15.9388243745
77 585 -10.3165954779
77 203 -14.4193762575
77 332 -14.2521737252
77 462 -12.6630940926
77 207 -13.6994453457
77 846 -10.2549797987
77 850 -16.7315984043
77 211 -9.3005324086
77 724 -8.34259852019
77 85 -10.7192257815
77 343 -13.3891558642
77 799 -9.96242734067
77 602 -9.97439210272
77 93 -10.4033315135
77 609 -15.6949682257
77 865 -6.18747344372
77 868 -11.2908456579
77 358 -7.7295690994
77 106 -13.9591877529
77 339 -9.94748824582
77 126 -7.87966654951
77 753 -12.0293234681
77 756 -14.3826561679
77 874 -9.7865827142
77 251 -11.1257252845
77 253 -11.0171317478
77 254 -11.8488734394
77 662 -13.0360506889
78 876 -10.5027781411
78 262 -15.0121475784
78 654 -7.7151617848
78 532 -10.2251524797
78 276 -12.395169803
78 277 -13.1569882719
78 407 -15.7127757779
78 792 -10.5283088089
78 700 -9.00828761381
78 884 -13.0088498468
78 799 -10.465023498
78 774 -13.6294520199
78 161 -14.4033456715
78 497 -15.6935386664
78 804 -11.1835912999
78 805 -17.5852366093
78 550 -13.2601298596
78 424 -14.3564828513
78 425 -10.5675628515
78 682 -11.2321191694
78 648 -15.8009212586
78 825 -10.7454488506
78 612 -12.6195450089
78 439 -16.8439807656
78 869 -10.8189173316
78 314 -12.145863169
78 827 -11.9469228878
78 188 -13.0615868253
78 578 -14.4482071612
78 553 -12.1816264956
78 201 -10.4127372625
78 330 -10.8464495008
78 762 -10.5140432552
78 717 -11.6380895816
78 99 -9.96942789554
78 209 -17.3168136621
78 313 -13.9432392371
78 212 -12.5330350052
78 85 -14.8671855822
78 854 -15.5453166817
78 378 -14.6020438536
78 729 -10.7832201072
78 474 -12.6538252859
78 735 -12.127551193
78 352 -9.61165645557
78 481 -14.0813370459
78 227 -13.2664856192
78 228 -9.231459807
78 357 -11.0418480916
78 103 -9.37763591963
78 594 -15.400103862
78 341 -9.99787131128
78 552 -11.5334923563
78 365 -12.585479248
78 752 -16.4051923548
78 113 -9.36423228807
78 498 -14.2706074699
78 244 -8.55520008038
78 501 -13.0368333072
78 319 -9.30446241594
78 759 -13.6501619862
78 249 -12.3447187485
78 250 -6.28588637186
78 127 -13.9300739797
78 128 -15.6313094133
79 642 -12.859776704
79 647 -8.56151079046
79 520 -12.4773919779
79 267 -9.76179236676
79 529 -14.766859666
79 658 -9.60857442981
79 531 -11.4772745949
79 324 -12.0808698301
79 661 -4.69034348397
79 792 -8.83939763521
79 413 -11.889489559
79 428 -13.3028353097
79 544 -13.729735443
79 161 -11.0476874958
79 162 -9.95177450279
79 292 -11.5889900309
79 775 -11.0045975477
79 423 -12.5991816927
79 552 -13.8964255605
79 669 -8.4877213879
79 302 -12.1961331943
79 559 -10.810283629
79 178 -14.4251549669
79 691 -13.2049950566
79 821 -16.2163192718
79 823 -11.5174443908
79 696 -10.9357500064
79 186 -12.3388269604
79 580 -11.3376193124
79 190 -15.0192171038
79 834 -11.9248463499
79 579 -7.08709757216
79 196 -7.51242039147
79 198 -12.1817027895
79 585 -9.99204157494
79 461 -7.14256265589
79 213 -10.1678977362
79 342 -9.99697528272
79 87 -9.74443160643
79 473 -10.1999031641
79 772 -14.5874161103
79 94 -14.999745627
79 100 -11.2597965585
79 741 -10.7922573121
79 744 -10.9747371002
79 341 -10.2603579433
79 729 -9.37434955316
79 238 -13.7447885305
79 371 -14.8593335842
79 660 -16.1920690518
79 759 -12.4706234327
79 376 -13.4689600863
79 249 -10.875260913
79 122 -10.7518853722
79 251 -16.2903622691
79 768 -16.305435645
79 637 -14.3530404157
79 383 -13.7477686883
79 128 -10.338776496
80 258 -13.5245423496
80 131 -12.1926661684
80 644 -6.02813541393
80 776 -17.2993147317
80 534 -5.36098660995
80 750 -6.21517703627
80 657 -5.28581988584
80 787 -16.1091017085
80 405 -10.5591264883
80 431 -10.9923635696
80 815 -14.3376667004
80 152 -6.29611368519
80 153 -7.57059605165
80 475 -8.02020109869
80 544 -12.3613776023
80 164 -15.7988058319
80 167 -9.54132656107
80 553 -15.6295145763
80 221 -13.7358754966
80 171 -12.0522846803
80 689 -12.1272752512
80 710 -2.71201411717
80 314 -12.930445312
80 191 -13.3804503046
80 705 -11.241506882
80 268 -11.3681767873
80 326 -12.0517931427
80 536 -11.5475134169
80 600 -15.4678701307
80 664 -12.5534132798
80 591 -11.9940283364
80 570 -14.0601864088
80 594 -8.68839169003
80 83 -11.1763236584
80 85 -8.03525167884
80 847 -9.54927969087
80 87 -12.0414235524
80 216 -13.3124699314
80 601 -10.1919625798
80 91 -14.7358745524
80 93 -13.0038670999
80 94 -9.50179381531
80 352 -9.86021299788
80 865 -14.5081427254
80 738 -13.5816774768
80 739 -10.9685604249
80 613 -8.97645420952
80 679 -13.945639533
80 103 -12.5914337002
80 360 -14.5892368355
80 238 -10.7129526647
80 883 -12.4229166415
80 116 -11.8007092815
80 117 -16.3231006473
80 350 -14.6916633109
80 512 -17.9770659923
80 508 -15.5501451646
80 768 -9.45259753453
80 555 -12.1789186466
80 606 -13.7066917654
80 256 -9.07643788968
81 129 -12.1317740902
81 131 -13.2216783158
81 636 -12.834679126
81 137 -14.363104084
81 138 -12.6204137528
81 396 -8.70012601797
81 794 -9.73427405443
81 387 -13.3399235141
81 558 -12.5209486762
81 529 -11.6044711951
81 793 -10.8041607274
81 149 -14.6711614194
81 879 -10.3774156867
81 602 -9.71695669879
81 409 -13.5730941595
81 282 -10.5935821348
81 240 -9.11980295348
81 731 -15.1547597756
81 671 -12.9888785621
81 288 -11.916856613
81 547 -7.39721985733
81 676 -14.9457020569
81 168 -15.145303251
81 169 -12.4822211399
81 299 -7.79110778137
81 302 -15.0724446973
81 842 -11.30428881
81 304 -9.82673861464
81 562 -11.0425147578
81 437 -8.29010755309
81 439 -9.85961454067
81 650 -12.2764160194
81 826 -12.7675624746
81 571 -12.95804195
81 828 -13.9679002016
81 317 -15.300614258
81 575 -17.6898089531
81 652 -9.82719002245
81 732 -10.476383049
81 201 -7.85744062393
81 459 -14.8499597725
81 594 -10.788335121
81 467 -14.2273810658
81 598 -10.471585066
81 634 -10.084837055
81 90 -11.3876148984
81 91 -11.854003649
81 220 -13.4772982786
81 735 -12.1009753565
81 767 -12.9814967434
81 739 -13.4646972568
81 612 -11.4119444636
81 358 -15.1474733112
81 618 -11.1473096197
81 390 -13.5293362028
81 112 -12.6675593283
81 113 -14.5651160226
81 114 -15.2489759685
81 755 -12.6570649345
81 372 -13.7391734529
81 703 -13.7776466179
81 789 -11.0607875738
81 633 -15.0437904459
81 533 -3.71708733999
81 512 -9.25046811169
81 766 -13.654270211
81 511 -15.4132566162
81 256 -8.40179624001
82 131 -9.89264834005
82 764 -16.654231908
82 685 -10.1558953367
82 268 -16.3621427891
82 277 -15.3041698148
82 534 -13.3417380896
82 407 -12.2032495687
82 664 -5.72618340906
82 154 -12.5306184303
82 156 -12.9688247542
82 158 -10.5213934937
82 416 -10.8954971717
82 420 -14.4089841037
82 422 -7.39503270329
82 296 -10.512276285
82 297 -10.8415278802
82 429 -11.8656253545
82 883 -15.3256545637
82 431 -7.15416109023
82 542 -9.95481503908
82 307 -9.92964833342
82 310 -12.0011641228
82 183 -12.9003722579
82 765 -15.2888882278
82 189 -15.3915245702
82 833 -14.2194082997
82 353 -14.4585636034
82 837 -11.5206013383
82 567 -12.3907737331
82 327 -12.8049049739
82 584 -11.5261798768
82 202 -10.0486478707
82 845 -11.5431431594
82 464 -9.23201859929
82 852 -10.2113337612
82 470 -12.427971248
82 609 -12.6555323799
82 219 -10.5163858553
82 754 -9.76695987624
82 222 -11.810988698
82 882 -16.8177323217
82 225 -9.56841860113
82 226 -8.8559800531
82 380 -10.782664087
82 741 -11.7811771958
82 701 -13.735677669
82 364 -10.703548753
82 621 -7.34377491083
82 496 -8.44496101859
82 681 -13.304055586
82 401 -14.2906990323
82 500 -13.0789201161
82 785 -9.13154273943
82 634 -7.35294200032
82 252 -8.53348980737
82 509 -9.26251140366
82 382 -8.91262950095
82 606 -9.50604563823
82 726 -7.67092078736
83 769 -9.10555065093
83 601 -14.4553104643
83 142 -11.6025582585
83 814 -13.8364673226
83 708 -12.3992610759
83 794 -15.2512876859
83 796 -5.38226485118
83 542 -10.0925454057
83 543 -13.2689937028
83 716 -11.6097575823
83 164 -9.00127396889
83 677 -16.5361936919
83 169 -12.136549703
83 428 -12.7079443122
83 518 -12.16625431
83 371 -10.2989985451
83 303 -12.7297797408
83 563 -15.7533349689
83 308 -11.4826136795
83 694 -14.2209016578
83 184 -11.3484612564
83 699 -10.3219892339
83 703 -12.8182824078
83 396 -11.4379486113
83 453 -10.2889116071
83 199 -13.119237507
83 738 -13.5543529651
83 201 -5.56955284408
83 440 -14.7102864714
83 717 -8.71462958153
83 217 -8.84173583533
83 212 -11.7240410528
83 472 -9.27212386838
83 89 -13.3930054556
83 336 -10.0136800876
83 221 -9.48982755004
83 720 -12.135846463
83 610 -9.97119323699
83 813 -10.6290831319
83 486 -11.5916141151
83 359 -16.2417332498
83 105 -14.8050665796
83 844 -12.9259569143
83 109 -6.05498275682
83 366 -9.18237201374
83 239 -8.36969583643
83 617 -11.2065937163
83 243 -12.6394320933
83 503 -13.4923172133
83 120 -13.8834495315
83 836 -17.2365108475
83 125 -10.7356224668
83 767 -10.2941169736
83 384 -12.3685463309
84 258 -9.95084442602
84 748 -5.62103145918
84 776 -11.7569645311
84 778 -10.957760366
84 875 -13.508324258
84 528 -9.634420209
84 657 -12.6420739193
84 531 -11.894485829
84 836 -11.7755231373
84 405 -5.96363611903
84 538 -13.5306289447
84 153 -12.1253851227
84 410 -6.37613487834
84 674 -5.11840316478
84 675 -12.8091277218
84 549 -7.08868961757
84 298 -11.0702908293
84 499 -13.4658739229
84 561 -11.8730798448
84 179 -13.5635236636
84 628 -13.8324036197
84 822 -11.9255757658
84 568 -9.76910805904
84 192 -12.2707473153
84 833 -14.9038383036
84 706 -13.0168108138
84 707 -10.4811745156
84 324 -12.2753055596
84 802 -10.2764883554
84 458 -12.7007737102
84 331 -10.266146893
84 205 -10.0690662054
84 846 -11.8519603767
84 848 -7.44766049388
84 498 -13.6161858884
84 597 -13.4850146835
84 728 -7.52010788878
84 601 -13.3418796657
84 613 -14.7461594862
84 859 -13.5270898924
84 882 -12.5288027218
84 478 -9.50297495356
84 224 -12.1605925335
84 226 -12.4278090377
84 100 -14.2570674593
84 229 -10.1587205646
84 486 -12.5076695151
84 232 -13.6291327536
84 361 -9.64915635892
84 235 -9.96239492835
84 364 -15.8209794937
84 749 -12.8581858171
84 659 -11.2487296784
84 239 -9.03649928972
84 489 -12.940539867
84 115 -5.31976471081
84 563 -9.14310820468
84 629 -12.6756164346
84 247 -10.4978027384
84 789 -11.0407823606
84 381 -12.4734865751
84 510 -18.0203123918
85 129 -9.96462834478
85 656 -11.6759207879
85 555 -9.9527844483
85 133 -14.9062299133
85 518 -10.0207551849
85 301 -11.0968729947
85 771 -11.9749031702
85 528 -14.4522484107
85 273 -15.3351687378
85 147 -14.6257678636
85 661 -13.0684383613
85 334 -11.6487212939
85 281 -11.5353339883
85 154 -9.90804126521
85 462 -9.96270587581
85 596 -14.6666297054
85 573 -10.8970078077
85 670 -14.5283715326
85 799 -13.3248665827
85 160 -11.9811958818
85 545 -13.4199294321
85 550 -9.37343078238
85 295 -12.4192582726
85 829 -12.0512392834
85 169 -9.54213429975
85 535 -9.64176122793
85 304 -12.4756809028
85 817 -12.2310872554
85 311 -12.0600677661
85 312 -10.7475725516
85 437 -13.5989851884
85 800 -10.8481258336
85 557 -11.3182050253
85 193 -7.406027723
85 194 -6.89693966597
85 327 -8.71895041689
85 460 -9.23091094705
85 338 -13.2288839061
85 595 -7.51521167036
85 340 -14.0505389352
85 341 -8.92672662224
85 726 -13.3159084923
85 215 -10.9271194132
85 218 -8.04566997139
85 206 -11.6948042358
85 349 -9.17619848742
85 443 -13.0652601467
85 97 -11.8206277524
85 785 -15.7959639967
85 356 -13.227742595
85 871 -13.0627290501
85 615 -13.7685042774
85 274 -11.129110763
85 617 -13.3944730299
85 362 -10.5335413834
85 619 -13.8165301516
85 865 -11.3575206996
85 751 -6.73049906002
85 353 -16.9989636906
85 276 -10.9599694083
85 629 -7.83875998895
85 119 -12.2829068938
85 512 -12.6417935466
85 772 -14.3169888122
85 506 -15.9574643992
85 448 -14.3942960328
85 253 -11.3879919395
85 254 -14.8042831526
85 255 -12.2602507688
85 128 -13.6008430217
86 131 -12.9469787577
86 392 -14.2157893762
86 521 -9.43045573841
86 651 -14.6834279388
86 145 -12.7700009179
86 663 -12.0445991001
86 153 -12.062029164
86 156 -14.5556415058
86 801 -7.20089831571
86 294 -12.5656734124
86 884 -15.1885993313
86 776 -11.5899395131
86 557 -5.50279328589
86 687 -15.106236638
86 307 -9.64851423422
86 436 -14.4320877294
86 310 -14.9215948432
86 695 -10.3877142581
86 696 -13.2739314262
86 441 -11.0587175898
86 827 -14.0650050203
86 189 -12.1366876311
86 318 -17.3724018562
86 822 -12.7900513017
86 834 -9.82434988417
86 323 -13.3725247039
86 836 -5.51089988576
86 201 -12.8861215454
86 714 -12.9080242975
86 461 -10.9977558297
86 847 -11.0314350655
86 336 -14.8521916564
86 599 -10.6313140037
86 217 -9.88550362041
86 602 -13.7919243258
86 350 -8.40390890094
86 351 -11.2404583589
86 98 -9.3317531636
86 483 -11.9296154018
86 484 -14.6830558336
86 102 -5.92368220069
86 765 -14.5338902433
86 875 -15.1181888344
86 367 -12.7701089409
86 446 -16.9707204448
86 883 -8.03509739573
86 500 -13.9454203649
86 119 -10.7188439518
86 248 -11.3824659722
86 764 -12.5346110686
86 637 -6.38373330217
86 638 -11.4094175165
86 511 -11.604000458
87 295 -5.72894024865
87 707 -14.1829067166
87 527 -15.1557521299
87 145 -7.45919184053
87 275 -12.6460563278
87 276 -10.3645674138
87 407 -12.5042788834
87 794 -14.8475457621
87 285 -13.4594938825
87 347 -8.56861777989
87 674 -11.2144820058
87 291 -12.3391014607
87 441 -12.254997306
87 294 -10.3711326178
87 168 -9.30734276814
87 859 -13.2703846723
87 174 -10.4005862411
87 713 -12.1878596465
87 179 -11.7510396661
87 439 -12.4521057423
87 185 -9.0622374292
87 821 -14.797797101
87 316 -14.1266030127
87 703 -14.9409826344
87 192 -11.9800450875
87 193 -13.4167593237
87 195 -12.3056717066
87 326 -13.6313268067
87 327 -12.484302439
87 200 -7.9470952867
87 585 -6.87558652378
87 205 -11.1431043109
87 210 -13.1038393314
87 469 -11.8227906671
87 215 -7.80875621172
87 218 -15.0263057491
87 91 -12.3976335015
87 96 -10.4048044012
87 273 -10.9715040341
87 508 -15.9761638684
87 167 -8.51927354183
87 103 -8.1595762708
87 808 -12.256685132
87 750 -13.2577619387
87 766 -11.2723794477
87 625 -13.1831220913
87 553 -7.95696748046
87 755 -12.1729005044
87 884 -10.0362469754
87 117 -15.3593167558
87 631 -10.1003036523
87 250 -8.5947338831
87 638 -8.23757056382
87 767 -12.3746030441
87 866 -10.5212558757
88 130 -14.5882681513
88 387 -12.1619078229
88 132 -15.2744028911
88 391 -12.1054582075
88 392 -13.6926150855
88 521 -14.1123217799
88 266 -12.6584497648
88 269 -11.0238784216
88 400 -10.4372536289
88 273 -12.5724163835
88 466 -8.74794178312
88 516 -14.7770570777
88 536 -7.59218110521
88 475 -9.97169629296
88 287 -11.6963229687
88 163 -11.1697664426
88 293 -12.8144049972
88 647 -10.741916233
88 553 -12.5952375392
88 298 -11.4502070993
88 429 -14.9779838019
88 761 -12.3598652316
88 670 -12.8318821793
88 177 -11.2393883024
88 531 -12.6163491045
88 693 -16.1326612464
88 650 -10.5252951514
88 661 -15.3612608066
88 794 -9.18385466124
88 193 -15.1313073866
88 685 -11.4201952696
88 583 -15.6407464967
88 584 -9.29550276763
88 338 -11.0247286491
88 467 -15.357228153
88 868 -15.4982526086
88 341 -15.4785773803
88 471 -7.01371006187
88 346 -15.3350352988
88 347 -9.65013649334
88 124 -11.5155211305
88 614 -11.7032740606
88 231 -12.7126122647
88 104 -10.5801967841
88 233 -13.7040909971
88 875 -13.2251171623
88 876 -10.1700925512
88 621 -11.7726944712
88 366 -14.5805796232
88 638 -10.5115830626
88 241 -13.6248015915
88 627 -12.6364552362
88 631 -12.4526719612
88 120 -13.4443119457
88 121 -9.12838596761
88 506 -13.1575130059
88 252 -11.6892249187
88 253 -9.5163719567
88 126 -6.33036228341
89 642 -9.5530155189
89 262 -14.9079694631
89 520 -14.4702213625
89 522 -11.6438024572
89 655 -13.3150201787
89 878 -3.49184420992
89 663 -10.0912812458
89 412 -16.4807680472
89 804 -15.152248522
89 160 -10.4017008778
89 164 -17.6034367409
89 764 -16.0502288498
89 423 -10.3299504029
89 680 -13.8022323947
89 390 -13.7725482503
89 605 -15.2575679113
89 684 -9.50924923085
89 813 -8.3191878842
89 770 -5.79310043864
89 137 -11.6502813326
89 307 -8.3196772003
89 309 -14.6415699209
89 694 -11.2264184849
89 311 -11.1717427021
89 441 -9.56702083367
89 565 -11.3627166702
89 317 -9.14490107578
89 318 -13.3883049454
89 452 -14.5854340019
89 197 -14.057475316
89 713 -8.51117210009
89 459 -9.24373949057
89 592 -11.2317123447
89 596 -4.87962132059
89 726 -15.4472403517
89 477 -12.117477944
89 222 -11.9484266367
89 863 -11.6033158319
89 736 -11.9007024806
89 226 -10.0253246718
89 484 -13.1028058172
89 231 -15.899173953
89 619 -8.85552491876
89 768 -7.26490001134
89 367 -11.3200321163
89 115 -15.6597437375
89 500 -8.87021433605
89 504 -9.78075770233
89 762 -12.589147437
89 128 -10.7130099328
89 637 -8.87374373092
89 256 -10.4130902517
90 642 -15.0329309047
90 515 -10.7943438456
90 492 -9.05358318788
90 699 -13.7909349852
90 774 -15.6992751896
90 265 -14.3034950484
90 396 -14.6144174547
90 534 -9.99578779398
90 657 -8.52357938512
90 148 -10.4205731708
90 405 -8.86838885611
90 280 -15.4382860386
90 282 -14.7445686124
90 284 -13.2971161886
90 731 -8.48793275692
90 289 -12.3185973494
90 433 -10.7336266396
90 292 -14.9052348336
90 421 -11.2450635176
90 423 -15.5036466597
90 681 -13.0844170999
90 648 -16.168927058
90 429 -14.1967212293
90 303 -14.2066751518
90 177 -10.4167572774
90 562 -9.36851880298
90 691 -6.69526059411
90 287 -14.4721411766
90 568 -16.3034820764
90 569 -10.8231874763
90 267 -12.8146945024
90 829 -4.64518656833
90 869 -11.5987645592
90 536 -10.0496670991
90 458 -8.31464187968
90 779 -13.5361730709
90 589 -10.1372932112
90 845 -12.594143484
90 723 -13.0532553597
90 612 -13.4512196192
90 728 -14.696113911
90 730 -13.5721609291
90 347 -10.1371427655
90 732 -10.1524916635
90 221 -12.9170045301
90 94 -13.6179358836
90 735 -8.60927030066
90 605 -12.8350623763
90 610 -11.5141556973
90 227 -12.2859523732
90 484 -11.0804681525
90 613 -9.27363404013
90 807 -6.49908353456
90 717 -13.1571535924
90 616 -15.3890675159
90 491 -13.1196205408
90 108 -11.8855026145
90 111 -16.1243502051
90 240 -8.11117362804
90 571 -4.90665108408
90 627 -15.4178369555
90 116 -16.1508271593
90 644 -16.3886981364
90 121 -10.3607020315
90 789 -14.0769217732
90 379 -10.5139993474
90 384 -12.1469856798
90 253 -14.3751482277
90 639 -8.30414640415
90 256 -18.3779973583
91 257 -13.236504578
91 855 -15.2882197268
91 521 -10.3675478324
91 778 -14.8389825731
91 524 -12.3048652927
91 525 -11.1036088473
91 707 -10.5124837967
91 144 -15.6337509838
91 531 -14.1588774053
91 149 -12.7499354436
91 790 -13.2559254663
91 668 -13.8895208369
91 669 -13.9685576363
91 825 -7.67086261988
91 547 -9.15010736701
91 805 -5.2056311019
91 422 -10.4173534004
91 423 -9.64746689265
91 427 -11.3798507866
91 301 -10.1184339326
91 302 -11.8140884456
91 303 -12.3543434601
91 177 -8.02666411244
91 178 -11.1914312106
91 755 -9.97635843748
91 185 -15.0390486886
91 447 -9.91114588184
91 704 -15.3429247514
91 581 -11.899391618
91 199 -14.5603240546
91 418 -12.7741912195
91 455 -7.92619963327
91 586 -13.6107462726
91 459 -11.3539245135
91 589 -7.66709704433
91 207 -13.9710000605
91 697 -9.93716402539
91 856 -11.7419295839
91 340 -11.0291229873
91 213 -15.7079304254
91 634 -12.0378207519
91 603 -11.6168610145
91 94 -15.7331463334
91 351 -14.176646533
91 737 -8.80816496644
91 355 -12.2602902419
91 101 -15.8997193029
91 616 -12.8597399506
91 873 -7.51571571921
91 875 -12.5104707574
91 621 -13.5775496627
91 495 -13.6276086681
91 241 -15.5723175588
91 370 -10.2871441488
91 115 -9.41370644365
91 501 -15.4671362734
91 255 -10.2218044263
91 122 -13.1243888047
91 379 -9.93992061008
91 509 -13.3180250177
91 127 -11.9142745988
92 386 -12.5921999917
92 653 -9.80052053935
92 748 -12.7387458585
92 261 -13.0376703967
92 264 -11.3982030176
92 649 -9.71447558109
92 651 -6.3901704476
92 141 -12.75734156
92 646 -12.3639586546
92 145 -10.9578713358
92 786 -15.428003449
92 148 -11.3458301513
92 278 -14.0580208813
92 773 -9.90119691669
92 667 -13.5701329299
92 156 -15.5538136455
92 288 -13.2010253523
92 292 -10.7489866442
92 421 -10.3084039261
92 586 -8.68072367089
92 349 -14.1530954893
92 427 -11.3955270259
92 392 -15.3213814621
92 307 -11.5094235091
92 582 -15.7796271844
92 561 -13.6935960759
92 629 -13.5423315374
92 179 -9.32656334808
92 183 -11.3263182879
92 440 -10.407528835
92 501 -10.2885287234
92 444 -15.0619174018
92 574 -10.6154875366
92 191 -14.7381213589
92 577 -12.2942503802
92 742 -14.2339942378
92 709 -14.9377327701
92 311 -13.1343244003
92 536 -9.3970709116
92 525 -10.9424364968
92 733 -11.4911107777
92 716 -16.2644377481
92 826 -12.6532244243
92 815 -12.0078209516
92 723 -9.93555339357
92 852 -9.19342441565
92 727 -14.2365090215
92 378 -12.4067001073
92 730 -10.0443346361
92 603 -11.9878222922
92 604 -12.6403669588
92 221 -12.9007220768
92 224 -8.6587035099
92 226 -13.4117314169
92 828 -14.9205969607
92 357 -12.6702158505
92 102 -13.2171972192
92 360 -12.4708828811
92 873 -10.5761680431
92 490 -14.4817321136
92 567 -12.8275300036
92 452 -11.6749440687
92 836 -13.2998275725
92 498 -12.0312953458
92 580 -9.33642149153
92 117 -13.1161309993
92 246 -8.2789538294
92 762 -9.79137921263
92 122 -10.8613590347
92 123 -12.7837996458
92 710 -10.8538087294
93 516 -10.1647389176
93 717 -11.0976323633
93 134 -8.33653216919
93 264 -12.6076784468
93 394 -15.2779391797
93 653 -12.501280688
93 782 -11.3502103976
93 686 -10.6990986692
93 273 -13.024762293
93 147 -13.5530937528
93 878 -12.40316202
93 151 -11.3478791323
93 152 -12.210416531
93 286 -15.6364320086
93 159 -14.3821420202
93 758 -13.7342712948
93 290 -14.0742871931
93 420 -12.7207535242
93 822 -14.0993151407
93 434 -14.5539732071
93 298 -14.661512743
93 171 -15.779676673
93 392 -11.3633166728
93 499 -11.2433249145
93 431 -12.3958256654
93 176 -17.0737076165
93 701 -14.9730253209
93 184 -10.5337044828
93 314 -11.4838908241
93 443 -10.5145019861
93 573 -4.95591491556
93 578 -14.0674457454
93 196 -8.87590253773
93 581 -9.87471394848
93 838 -10.5183861194
93 200 -11.8863623428
93 461 -14.0760678082
93 312 -5.57765194561
93 846 -16.8726018255
93 209 -6.76218163168
93 714 -9.45966302707
93 597 -15.6610095667
93 214 -14.1898788905
93 476 -14.8698119564
93 221 -7.98126130782
93 571 -13.7416709542
93 678 -14.4748687536
93 226 -11.7397250303
93 355 -13.9955373388
93 484 -7.50539131606
93 663 -13.8570092589
93 234 -10.8387295839
93 365 -13.0448741623
93 787 -15.4090394053
93 111 -12.3156395744
93 114 -14.3668695472
93 401 -11.814772361
93 246 -13.7758939961
93 529 -7.61889898752
93 810 -9.8948991615
93 772 -14.4009302503
93 124 -9.96661014296
93 282 -11.5128176948
93 126 -8.1951145005
93 640 -11.1541528433
94 259 -8.49938022397
94 132 -13.3252527097
94 391 -12.7679207395
94 258 -5.94149259983
94 525 -11.5204053844
94 751 -14.052569581
94 271 -16.2625685707
94 366 -13.8402437575
94 644 -7.79926414549
94 172 -13.003922429
94 873 -11.9077464787
94 666 -10.5787763056
94 281 -11.3708476287
94 282 -8.53599179339
94 624 -10.3045477784
94 157 -14.3765457102
94 415 -11.0901148535
94 288 -13.3089355617
94 377 -6.85291302735
94 165 -10.8429933967
94 432 -15.7314683349
94 689 -14.8125319086
94 437 -14.537786095
94 694 -16.103408586
94 440 -12.5601722686
94 821 -9.8957951513
94 684 -11.6811669127
94 736 -10.9671784781
94 549 -12.1135631034
94 831 -8.19399443013
94 638 -9.29855914995
94 833 -8.96679573812
94 545 -12.655303039
94 830 -9.67681407518
94 702 -13.8901777659
94 458 -12.4013513911
94 519 -8.666634762
94 867 -13.2908456608
94 721 -13.2070875132
94 338 -9.44068445185
94 783 -15.7969982262
94 876 -3.84109325252
94 349 -13.0617387985
94 222 -10.8974884413
94 224 -10.6924612745
94 609 -11.6965429451
94 482 -15.4533910087
94 739 -12.4712173339
94 356 -15.213470236
94 104 -11.5820185508
94 861 -6.64572935408
94 701 -11.8409958649
94 236 -12.4509036398
94 237 -11.2112680757
94 238 -14.2573938503
94 367 -14.2347767139
94 240 -12.0289158883
94 370 -14.4683016311
94 639 -8.04179001124
94 759 -6.46266479902
94 554 -17.6509122993
94 249 -8.40456180224
94 382 -16.6153353235
94 300 -7.30616248478
94 278 -9.59676630098
95 513 -11.2049064076
95 648 -10.1512529058
95 138 -13.3951771047
95 142 -14.4421354917
95 400 -11.3943667468
95 785 -13.3610683208
95 665 -11.7954372116
95 751 -10.6095668966
95 535 -13.5489342521
95 409 -11.5643390036
95 560 -12.5552391724
95 155 -11.7761990455
95 432 -14.3693243572
95 157 -9.37994164508
95 688 -7.61587862349
95 654 -12.4839131088
95 291 -11.1159148336
95 805 -4.95612760996
95 711 -8.60522681282
95 562 -11.4567565222
95 425 -12.4014837774
95 298 -16.8885613876
95 795 -14.2817057574
95 428 -15.9696730997
95 173 -12.430389758
95 176 -13.6809691959
95 306 -10.9135512266
95 822 -14.0580350973
95 399 -6.95435006487
95 650 -8.71610011911
95 441 -14.8395011533
95 442 -5.45599108132
95 571 -13.2034541182
95 429 -11.589759503
95 574 -11.5976324963
95 324 -10.1390599214
95 327 -12.6086223544
95 553 -5.08868770024
95 754 -8.37174353411
95 840 -10.7165252144
95 464 -11.7515349142
95 420 -10.2560157604
95 853 -10.0052763659
95 143 -14.9329360749
95 599 -11.3240888127
95 728 -4.57371062813
95 217 -15.3535721351
95 858 -8.89238735319
95 219 -13.413975224
95 592 -12.5273886292
95 859 -9.61095453772
95 358 -10.6464418801
95 784 -14.9642759994
95 848 -13.5767427355
95 101 -11.4849341336
95 230 -13.2889120486
95 359 -10.6104997923
95 744 -10.805579764
95 361 -9.64297800621
95 618 -7.6587493577
95 623 -15.0337234852
95 369 -6.31908230388
95 114 -11.1256577657
95 499 -10.8691224646
95 810 -8.59773687518
95 507 -13.428954072
95 252 -11.0933806572
95 811 -11.6430043463
95 127 -11.435407831
95 214 -9.52619278851
96 514 -14.8225110836
96 771 -7.18324692676
96 578 -16.6439527022
96 393 -10.8363945621
96 408 -6.6985379338
96 145 -4.7208122055
96 786 -13.6901421216
96 404 -14.7998355585
96 665 -11.1585387033
96 794 -8.96306821275
96 624 -15.3617637827
96 799 -13.2501947193
96 160 -5.86723137246
96 689 -14.0886852581
96 547 -13.3981437778
96 732 -14.2908969764
96 165 -12.4642986274
96 424 -7.79907997397
96 803 -10.1449499241
96 687 -13.6454469814
96 177 -8.1594952325
96 694 -8.53392651657
96 672 -12.5582046839
96 770 -10.548569233
96 753 -11.2807621102
96 704 -14.6156917283
96 800 -8.94463342178
96 450 -10.3600828352
96 652 -10.2637574764
96 709 -15.5214779426
96 860 -9.75513474521
96 200 -11.0581004573
96 331 -11.5163173448
96 589 -9.12078318117
96 590 -14.8060469189
96 720 -3.40795083065
96 594 -11.1803058117
96 468 -14.1067092727
96 470 -10.4563113473
96 858 -13.2413235479
96 220 -11.99939579
96 223 -13.2002831093
96 657 -11.3624039232
96 124 -8.43286802123
96 105 -7.64697251918
96 619 -6.92634798222
96 876 -7.07255918387
96 750 -6.62764544824
96 240 -10.5212761697
96 625 -14.2094785136
96 370 -11.5016275064
96 243 -10.9356744362
96 596 -11.9621366886
96 380 -13.4062434352
96 125 -14.8498107808
97 258 -11.4236742525
97 390 -13.9834483612
97 775 -10.617776864
97 642 -7.64401374621
97 393 -14.097982977
97 621 -8.24774203247
97 387 -12.7273199613
97 272 -11.8046372499
97 657 -12.7740227408
97 786 -12.655884379
97 189 -9.18248605457
97 151 -13.014220498
97 816 -10.5478499397
97 676 -15.6064665539
97 165 -10.6189709527
97 626 -5.27603342562
97 861 -15.7777420806
97 513 -12.2488988601
97 176 -10.6322019885
97 435 -10.8609170666
97 756 -13.6243180939
97 821 -8.81555507604
97 310 -10.6810507044
97 311 -9.44302160167
97 824 -12.5658262155
97 187 -15.1803051187
97 317 -10.6739619073
97 702 -11.1568302268
97 832 -11.1533435062
97 860 -11.0877551285
97 706 -13.980180531
97 324 -13.4004722323
97 754 -14.6676217753
97 459 -10.7588492847
97 716 -11.7291899147
97 336 -15.1523979427
97 804 -9.04741602575
97 854 -11.9507040668
97 634 -13.2823984713
97 788 -11.7125707061
97 476 -17.045748999
97 656 -10.9872177189
97 571 -8.87816368246
97 351 -9.35777221083
97 480 -10.4331094016
97 739 -10.8263185088
97 484 -14.8882718622
97 613 -12.6150538103
97 106 -15.6563202467
97 848 -12.3283023731
97 237 -13.0967185679
97 110 -11.8796313572
97 496 -12.0932527886
97 241 -16.4989578213
97 370 -8.67046821637
97 500 -15.3148870417
97 501 -6.4167274407
97 630 -15.1836686786
97 122 -6.80071635687
97 635 -11.6231449176
97 508 -11.6995289556
97 637 -11.2128442948
97 766 -11.1559486962
97 512 -12.920225602
98 770 -12.5921540851
98 387 -4.75017718099
98 260 -11.9582065273
98 393 -10.573272189
98 268 -12.3099634808
98 525 -10.8254123602
98 143 -11.6306848374
98 686 -15.3729393745
98 147 -10.2507039542
98 152 -11.4273696999
98 155 -13.6026231501
98 157 -11.9812035622
98 798 -14.8899161367
98 287 -9.67179880751
98 549 -12.5041558813
98 748 -14.711711785
98 809 -12.556354188
98 413 -12.8743795107
98 430 -9.38945437634
98 640 -9.94907188339
98 825 -13.6959020163
98 808 -14.9115193961
98 435 -10.7578185769
98 693 -10.9505602103
98 568 -11.3793190954
98 313 -7.76125608429
98 821 -14.4565175469
98 787 -8.67955778876
98 883 -15.5238122412
98 831 -13.0385764073
98 322 -13.639108378
98 589 -12.7718732856
98 846 -15.5172768693
98 463 -15.2738349232
98 724 -14.6454633353
98 342 -9.38540271275
98 343 -11.4951317861
98 726 -13.8112381337
98 349 -12.9054204576
98 480 -15.5205368453
98 739 -9.58135728492
98 740 -8.63206613185
98 617 -15.2915089384
98 363 -10.1918918975
98 108 -11.525443665
98 493 -10.7283354365
98 110 -16.2043924822
98 574 -5.4640482029
98 626 -13.2445485361
98 371 -11.4135995962
98 118 -12.1030386119
98 122 -7.56403914267
98 763 -12.2978557396
98 252 -11.5729404945
98 126 -15.1533785229
99 386 -10.8962950431
99 566 -15.787325004
99 364 -11.036947241
99 770 -9.03585228729
99 557 -14.6667175098
99 140 -14.5048327471
99 782 -12.6112376263
99 784 -14.4603798645
99 792 -14.1340136968
99 404 -6.73710265824
99 149 -9.0525534319
99 280 -13.6026638421
99 709 -14.0309988679
99 283 -12.1041081502
99 412 -12.4538793453
99 670 -15.3527344095
99 416 -15.7226227457
99 417 -10.027561363
99 676 -7.93333059137
99 583 -9.31112955102
99 812 -12.0227977751
99 556 -8.8728861203
99 518 -11.2273943436
99 798 -15.2533121796
99 561 -11.8673394777
99 306 -15.84318521
99 564 -12.3653693854
99 693 -10.0734950812
99 310 -11.6248337382
99 567 -9.07415828687
99 826 -8.29556522914
99 699 -10.5111293974
99 736 -12.1397334267
99 459 -11.2023355299
99 575 -13.7097265125
99 192 -14.124658743
99 323 -14.8247194298
99 588 -7.93112623457
99 408 -10.8592672612
99 199 -7.3721873097
99 328 -15.90189427
99 202 -9.45295252383
99 203 -15.287515576
99 312 -14.8368358823
99 205 -13.7405451825
99 206 -10.3449594133
99 685 -4.89760421265
99 468 -11.1115795728
99 470 -10.2920477281
99 599 -14.519156274
99 728 -14.2317850948
99 858 -14.007017319
99 720 -14.6997604707
99 221 -12.2686199047
99 607 -6.64894791255
99 224 -5.09701597107
99 844 -13.9960080069
99 355 -9.36208588637
99 743 -13.9408896264
99 615 -12.4091172817
99 796 -14.1007589747
99 363 -14.0478425924
99 108 -12.7217638008
99 110 -6.45607564716
99 881 -11.9422050104
99 246 -9.44304554366
99 772 -14.9628201157
99 836 -14.1435185098
99 636 -13.3955583469
100 577 -12.3526096717
100 748 -16.0019922392
100 717 -9.9581611565
100 774 -11.6614014811
100 263 -15.6004810551
100 140 -8.78383026168
100 141 -8.43924259929
100 142 -10.1186979022
100 785 -12.0767572399
100 660 -12.4996351302
100 789 -11.1453575454
100 157 -6.96062004104
100 800 -11.4822113532
100 802 -10.3718212507
100 803 -13.5787557612
100 548 -15.1086301226
100 677 -13.0593944914
100 434 -11.9009895578
100 174 -10.9409093489
100 178 -8.21503910924
100 435 -11.724209525
100 821 -12.2810733231
100 676 -8.55931184803
100 824 -10.4222734382
100 186 -14.3230710533
100 700 -14.1120459731
100 702 -10.7116660305
100 321 -7.66327556009
100 709 -15.741018035
100 199 -8.79927843087
100 698 -15.1102147443
100 583 -9.93267751598
100 782 -12.0920216492
100 344 -13.1012508783
100 730 -11.86357186
100 475 -14.5787119476
100 476 -13.441752305
100 541 -8.45030735941
100 610 -15.0334818337
100 355 -14.8185901577
100 357 -15.1269691997
100 487 -12.6441106531
100 233 -10.6980201885
100 829 -13.0670953395
100 235 -9.68996099557
100 680 -16.3099191971
100 238 -7.68626931245
100 114 -9.86876689789
100 631 -8.55437464025
100 249 -11.5442401869
100 382 -14.4757063694
101 734 -12.6784716238
101 855 -9.77659413096
101 389 -9.53514950088
101 791 -11.8145230629
101 776 -12.0463174795
101 777 -10.2713899304
101 778 -15.1845373562
101 269 -12.6386311361
101 270 -10.2460721937
101 399 -15.6972373879
101 144 -14.5415080317
101 729 -12.2537348216
101 660 -12.1412532203
101 533 -16.0876322906
101 535 -12.6409649151
101 756 -7.41654025385
101 153 -13.5749934914
101 820 -9.76586802767
101 411 -12.5524294013
101 540 -16.0225036318
101 285 -14.8778583273
101 330 -7.55707217828
101 326 -13.8222168683
101 290 -15.1124486601
101 294 -10.0700441451
101 807 -13.4167733883
101 559 -13.3185054933
101 606 -14.6757875955
101 857 -7.97360602106
101 565 -13.0168379528
101 569 -7.07454653595
101 187 -10.9949208379
101 192 -14.6762735679
101 321 -13.4811392794
101 195 -10.3531398155
101 332 -15.4274379024
101 709 -9.5233550586
101 310 -13.2786342682
101 587 -14.5522838878
101 334 -11.2340428941
101 207 -9.09939986199
101 398 -15.2131553874
101 849 -15.304553693
101 697 -10.9967198932
101 467 -10.4501569161
101 468 -11.5082618484
101 469 -13.2059725368
101 852 -11.096232667
101 601 -6.60011995137
101 848 -12.1238422677
101 487 -12.4148345317
101 878 -15.78382986
101 107 -13.3102339704
101 364 -12.3515303448
101 366 -5.84154235792
101 438 -13.2650489466
101 368 -14.6629465256
101 497 -10.060083997
101 596 -8.69841517666
101 725 -17.0407361294
101 758 -14.5883479277
101 247 -9.91318202602
101 633 -15.7350037448
101 597 -14.0617571903
101 836 -13.9918190129
101 716 -10.3428694626
101 127 -14.214718794
101 128 -13.5870549978
102 258 -12.8047439298
102 773 -11.0241722207
102 518 -13.9573885926
102 647 -6.90557894652
102 265 -8.6513291922
102 812 -7.4765526588
102 144 -13.2826412554
102 145 -12.9168273258
102 530 -14.3420703323
102 867 -8.73612870838
102 708 -11.58072959
102 661 -14.6182505418
102 150 -16.2429090577
102 154 -12.1713889961
102 795 -12.868282056
102 540 -13.9593309695
102 669 -10.7755178306
102 414 -12.7188848715
102 625 -11.1052649371
102 646 -10.5144901429
102 833 -11.5024220655
102 562 -11.283053723
102 682 -12.6099184126
102 299 -11.7472136453
102 264 -14.6643720656
102 301 -11.531960856
102 687 -7.53507447277
102 862 -11.8603800903
102 561 -7.59626835566
102 306 -13.4112793177
102 691 -10.0676759292
102 854 -9.29393828524
102 514 -14.6499017073
102 603 -11.9915959045
102 314 -12.3339831718
102 187 -13.735784529
102 572 -11.1344561326
102 191 -17.6085263391
102 193 -13.9123034016
102 604 -8.69535542513
102 452 -11.2079727556
102 197 -3.52445813861
102 866 -12.2894135709
102 329 -13.0684503262
102 714 -11.7286984548
102 331 -8.29691879841
102 333 -12.4560372113
102 590 -14.8227920621
102 463 -11.7143141716
102 846 -9.2680603233
102 466 -13.3674742029
102 723 -10.9498719701
102 341 -10.0253731042
102 165 -10.8124649639
102 219 -12.3393712816
102 350 -16.5225734653
102 479 -8.86829259925
102 482 -10.3051046597
102 355 -13.501263841
102 828 -7.89145593928
102 357 -16.2725036386
102 359 -10.1171362675
102 872 -11.8762998765
102 878 -15.6122030661
102 815 -12.7122922649
102 597 -11.2327996831
102 115 -11.6267662172
102 504 -15.6428384741
102 378 -15.2294317228
102 427 -15.8246136928
102 768 -12.4287102129
103 770 -13.3493255257
103 389 -9.16386069172
103 134 -10.2984139012
103 139 -13.2768148955
103 783 -14.4035488496
103 400 -13.232585884
103 145 -11.1471741648
103 404 -9.3847820868
103 790 -12.3791565309
103 858 -15.7386405031
103 581 -12.7484528101
103 411 -12.4625352176
103 752 -11.6309728647
103 291 -10.6072796087
103 806 -10.1764417508
103 297 -10.0033186911
103 426 -7.44079027996
103 299 -13.3066983999
103 684 -10.9212251149
103 350 -12.9599082697
103 880 -13.5220423286
103 460 -12.9290097115
103 569 -10.652133927
103 651 -11.6720840989
103 575 -13.6042236462
103 704 -12.5259740825
103 706 -16.3817225537
103 452 -12.2444343795
103 453 -13.2351586542
103 839 -16.6951938199
103 796 -14.7746933858
103 845 -12.3208466421
103 332 -10.8129212976
103 461 -8.49880544707
103 210 -14.638928882
103 740 -8.72252589965
103 598 -8.22363869086
103 343 -12.2896960395
103 344 -15.4517963273
103 346 -7.86961786632
103 222 -4.6523413684
103 351 -12.9722622546
103 866 -13.2209399889
103 228 -11.2009801981
103 486 -14.7909495327
103 682 -12.893747648
103 798 -8.77626957899
103 492 -8.06318930841
103 112 -14.0673273656
103 114 -14.5044051444
103 580 -13.6455946066
103 503 -7.91142614409
103 120 -14.1107757218
103 377 -10.9665706391
103 764 -10.4575088632
103 509 -13.7091359873
103 640 -15.1612489719
104 641 -12.167538209
104 849 -11.5359016191
104 566 -12.3916570585
104 516 -11.6755133282
104 647 -11.0333168726
104 450 -13.8710744464
104 395 -8.18900128314
104 451 -9.97215758291
104 783 -13.9924462541
104 528 -11.5860564675
104 529 -10.9975395265
104 533 -13.5368613873
104 406 -11.6501311209
104 794 -11.9574251424
104 158 -8.01886349524
104 671 -7.95558908171
104 416 -9.29087877776
104 802 -15.2294814976
104 419 -13.4215852093
104 348 -14.889727555
104 422 -13.0970737909
104 295 -12.6767571432
104 454 -11.4779935728
104 520 -11.9540553894
104 816 -10.3090460404
104 582 -12.9474601502
104 560 -13.7217575725
104 561 -12.4235094642
104 710 -8.62118206578
104 394 -6.66891886785
104 828 -15.2184538349
104 701 -9.68078035894
104 318 -11.9333832187
104 319 -11.1105179718
104 320 -10.2795722251
104 322 -10.7091687153
104 580 -13.751013518
104 326 -11.9345274885
104 711 -12.6340404659
104 712 -17.8896427982
104 457 -12.0553206763
104 331 -10.9223162822
104 523 -14.4477615702
104 333 -14.1138173242
104 547 -12.3074710183
104 654 -12.4224086672
104 337 -9.85797397781
104 210 -9.20752608242
104 211 -14.3435281649
104 804 -13.9433186571
104 599 -15.714917147
104 718 -11.7536917605
104 347 -15.0574242945
104 220 -7.37264555414
104 720 -11.2790292563
104 481 -13.4125846603
104 593 -13.5859769532
104 834 -8.18388322906
104 231 -12.2884110144
104 873 -13.1765223946
104 234 -10.9950480512
104 235 -10.9359218376
104 236 -11.0368867869
104 574 -11.4297908944
104 880 -14.9376304431
104 755 -14.2217867701
104 852 -14.9383658946
104 119 -13.1879044118
104 377 -10.1629049367
104 379 -12.3130018411
104 381 -16.7315716582
105 643 -11.0896238979
105 136 -9.56955556833
105 137 -14.1674486228
105 877 -5.75200173911
105 779 -10.6061448451
105 811 -9.42703124728
105 878 -10.6893091216
105 658 -9.47891626274
105 792 -10.5901429515
105 786 -8.81443305037
105 667 -12.5030849055
105 159 -17.5366265611
105 860 -8.25693757412
105 294 -13.6949484937
105 551 -14.8774522715
105 424 -13.4546605516
105 731 -17.1601069785
105 299 -15.3093345004
105 684 -13.06012351
105 688 -16.6074356735
105 305 -12.9412981888
105 562 -10.3422773863
105 180 -5.3196882478
105 437 -14.2702803753
105 823 -11.5218943811
105 561 -9.32294823707
105 313 -13.4808323573
105 501 -12.5783954346
105 829 -13.0420375961
105 446 -10.2257612784
105 630 -11.9999434631
105 451 -16.0360010007
105 716 -13.1636536632
105 713 -15.2668046354
105 330 -13.1944023052
105 719 -10.4820148005
105 848 -10.2645600534
105 466 -11.4578371038
105 211 -17.6119042071
105 341 -10.6317248934
105 470 -9.85733877183
105 600 -13.5701496942
105 609 -9.35792923267
105 475 -7.98090599042
105 604 -10.8743087018
105 734 -13.948394252
105 481 -8.30859761017
105 767 -14.3868842779
105 868 -12.0354792499
105 742 -13.682667523
105 616 -12.2523929821
105 747 -14.1283832544
105 748 -6.86126362459
105 749 -14.564017143
105 496 -13.2281228014
105 840 -11.7897905674
105 373 -13.6031015328
105 127 -16.4915222423
105 506 -10.2371148778
105 764 -9.93123112671
105 766 -9.68577878073
105 255 -15.0450250623
105 640 -14.3848769526
106 515 -13.3203539765
106 519 -10.2378362895
106 522 -9.21233152731
106 525 -10.323336687
106 553 -10.0852425453
106 557 -6.90747573518
106 574 -15.3833630176
106 583 -11.3930011111
106 584 -12.1085287776
106 781 -8.15123629903
106 592 -12.1671980321
106 599 -12.0577355
106 616 -12.1942824855
106 621 -4.39783507671
106 114 -15.6677540228
106 118 -10.2809153072
106 119 -10.4492631612
106 632 -14.6966371728
106 124 -9.82799619439
106 641 -7.52211032239
106 642 -9.25931805826
106 144 -10.0541742663
106 150 -15.5474738144
106 663 -12.2032547776
106 667 -12.5307870915
106 158 -12.0227492331
106 166 -9.61969040202
106 169 -14.2304306622
106 689 -10.3522460156
106 185 -11.6318398837
106 700 -12.2808066109
106 192 -11.8555222142
106 197 -11.6183903527
106 716 -12.194496011
106 207 -10.0587202145
106 215 -10.8801398442
106 230 -10.5904509877
106 746 -11.2418533657
106 240 -12.8482140443
106 241 -11.3356932856
106 245 -8.64516139451
106 765 -13.5784256065
106 254 -7.76767501735
106 269 -13.8322421551
106 786 -12.457266404
106 791 -9.089618327
106 280 -11.1926999488
106 794 -11.844359519
106 292 -11.7376263264
106 293 -8.78050709648
106 298 -12.0127155702
106 301 -11.7830633633
106 306 -11.5764549854
106 836 -6.18979436247
106 843 -16.1862734655
106 851 -12.4986930942
106 852 -11.012913949
106 656 -10.9934411232
106 862 -10.966049173
106 365 -11.8677865557
106 367 -15.0701169404
106 881 -11.5804085871
106 387 -11.1058832537
106 394 -6.05671417058
106 411 -5.84192273529
106 419 -11.8566512995
106 425 -15.1899266668
106 429 -11.0119878689
106 433 -14.3725518366
106 440 -13.9796206734
106 450 -8.94997704554
106 457 -6.12348421787
106 461 -12.5913031228
106 467 -14.3701974709
106 469 -12.8938550683
106 120 -8.42627769665
107 642 -9.35625607365
107 515 -9.66116207957
107 526 -12.2956820059
107 302 -11.0669988438
107 146 -10.1943100315
107 659 -12.0134213977
107 580 -13.9112378809
107 280 -12.6440204297
107 155 -14.2804549775
107 856 -15.6711557039
107 798 -11.9750254408
107 543 -10.0368974942
107 160 -8.45317293591
107 164 -11.25556574
107 677 -14.3169617192
107 678 -11.6883097122
107 171 -9.69346983616
107 301 -12.4108158614
107 175 -9.69477472452
107 693 -11.2213274297
107 310 -16.7153993193
107 311 -11.3157946254
107 568 -16.6888996754
107 189 -9.96044842243
107 576 -12.2535787451
107 860 -13.6941835487
107 195 -10.8539792455
107 324 -15.2383120484
107 581 -9.78631387499
107 695 -16.0721931961
107 843 -12.8693365875
107 875 -9.70850861233
107 333 -12.4453943498
107 334 -11.1236171795
107 336 -12.7910307531
107 613 -12.7421689119
107 595 -11.0746319485
107 579 -12.7974062238
107 344 -11.8261996082
107 707 -12.1809405733
107 474 -12.7705725716
107 731 -11.4075602754
107 604 -4.66229560511
107 478 -6.73355147031
107 479 -12.1451406441
107 354 -7.81078859082
107 487 -11.055125764
107 850 -11.5129842105
107 873 -15.0322621395
107 490 -13.4091526533
107 235 -16.5872986375
107 876 -10.453949526
107 622 -9.34395455115
107 879 -12.8844472196
107 753 -12.5749594711
107 626 -14.4745356648
107 628 -13.254421579
107 427 -11.4910216109
107 797 -8.40362251026
108 705 -11.6228810033
108 815 -8.35693247583
108 133 -9.76571323047
108 535 -9.22645693298
108 263 -12.7929251034
108 394 -8.4590289012
108 270 -10.9002940055
108 656 -11.6320040927
108 273 -12.0862964965
108 564 -9.94257289191
108 789 -14.4955357016
108 278 -10.2468519844
108 151 -12.203540055
108 409 -13.6702188138
108 625 -15.5673981271
108 296 -14.8357926924
108 413 -5.97865409797
108 559 -10.7846610496
108 824 -11.9858527593
108 184 -11.4456334898
108 187 -6.47968170912
108 317 -11.8100329157
108 446 -11.3740989541
108 609 -8.6263153236
108 717 -10.2458483039
108 786 -14.1295550722
108 589 -13.2665677448
108 873 -15.1178421474
108 213 -17.5348499126
108 598 -10.0758598808
108 727 -9.41758089913
108 476 -13.7401487466
108 606 -15.4048344019
108 607 -9.85431737659
108 225 -16.2505373363
108 784 -9.82005737459
108 439 -12.5860102378
108 233 -11.9238268471
108 620 -7.31151507279
108 365 -16.5910517245
108 113 -10.4867332938
108 754 -15.8515946886
108 627 -14.5126942386
108 500 -8.19128544518
108 117 -13.5373118387
108 511 -11.9744293035
108 529 -11.8222453638
108 725 -9.6301620568
108 123 -9.66859221769
108 382 -12.5209592166
108 127 -13.2404456426
108 256 -7.91950231865
109 257 -12.6708779396
109 644 -6.67831941698
109 517 -16.0754807706
109 649 -12.0133594246
109 266 -10.9273274165
109 662 -9.73935785628
109 402 -9.08606347157
109 149 -12.8644141244
109 664 -15.6711686448
109 827 -12.3073626839
109 884 -12.6884098906
109 287 -14.005281357
109 545 -8.54559715339
109 164 -14.2519955391
109 805 -13.65225288
109 550 -13.4265459245
109 423 -14.96229107
109 426 -13.4383033643
109 556 -10.9505816322
109 173 -14.0491436497
109 862 -15.7412338814
109 777 -12.9456698857
109 436 -12.0513776837
109 415 -14.081545895
109 825 -9.96858031117
109 190 -9.98706762542
109 327 -10.8037242987
109 840 -10.8806748731
109 841 -12.3954342764
109 590 -9.80214302337
109 208 -12.6157616566
109 337 -9.89720710649
109 210 -15.9538798529
109 598 -8.88549440845
109 855 -10.601643365
109 729 -9.70611901337
109 349 -9.46926484709
109 734 -11.3694008336
109 224 -13.7728523761
109 767 -14.6252173653
109 658 -10.9471724528
109 692 -12.6291708878
109 492 -14.4446344986
109 237 -11.5995470322
109 625 -12.0093421053
109 626 -16.6891561993
109 244 -12.6803313033
109 630 -15.5293158664
109 507 -13.6095451038
109 380 -12.777121799
109 383 -10.5431111349
109 150 -13.3352274513
110 642 -7.02308236118
110 387 -14.7823167449
110 364 -9.2544576426
110 699 -12.7732679614
110 520 -15.3951709075
110 651 -15.8684736579
110 652 -15.7383998185
110 388 -13.1036226971
110 149 -12.9950139434
110 150 -10.7006997139
110 663 -13.2561883978
110 730 -10.6652447892
110 837 -17.2175795423
110 282 -6.80110745251
110 157 -6.61157474327
110 286 -14.9182709934
110 545 -10.5398258053
110 292 -7.8792955851
110 550 -10.8254226042
110 167 -14.9711241741
110 809 -12.6930854009
110 427 -9.77216587087
110 874 -10.4300139677
110 814 -7.06428248496
110 304 -12.7253968043
110 307 -13.6662813195
110 571 -13.7973696001
110 188 -14.0814459732
110 194 -14.0484313965
110 716 -15.075966377
110 453 -11.7314626989
110 710 -12.2998093662
110 202 -14.299726608
110 331 -12.4024606156
110 332 -8.41348741617
110 485 -14.2874439739
110 337 -9.84641546905
110 613 -13.647972954
110 211 -10.6355332016
110 506 -15.3299172263
110 601 -7.77913341617
110 346 -14.5295563957
110 413 -17.4165168283
110 606 -12.4592643676
110 444 -9.86614433265
110 229 -15.2991241734
110 487 -9.92719888904
110 360 -15.3191522847
110 780 -9.85341270725
110 618 -10.0754128524
110 236 -11.2350613838
110 638 -9.24849798203
110 753 -10.608483925
110 498 -11.0286643192
110 401 -13.2525078727
110 246 -11.4813865188
110 631 -9.48098005473
110 504 -8.64705489654
110 414 -11.082082177
110 405 -11.5114586039
110 124 -3.36218156072
110 382 -8.98901489197
110 406 -12.4718193181
111 257 -16.8841259914
111 385 -12.6130962921
111 855 -11.7454507708
111 642 -11.2896756344
111 174 -12.2303865723
111 403 -12.7985637469
111 276 -7.16590386868
111 149 -15.1573652882
111 751 -5.97788334053
111 280 -14.5666409876
111 773 -12.3039707779
111 539 -10.0084650043
111 285 -11.3699359345
111 625 -11.5983253396
111 288 -15.3860797673
111 801 -12.7048275846
111 418 -14.3042100674
111 680 -14.9165020002
111 171 -13.2100813148
111 776 -14.864315176
111 816 -9.77459442205
111 727 -12.2201593108
111 562 -12.876398877
111 564 -14.504274497
111 309 -13.8990303557
111 567 -9.79867582604
111 697 -10.4129633848
111 186 -10.0053847191
111 672 -11.3685349625
111 189 -13.2337998358
111 203 -11.8429698142
111 575 -10.2765360861
111 704 -13.6844776154
111 578 -10.0860546053
111 769 -13.4449092802
111 715 -9.4405735826
111 333 -12.5142425279
111 656 -12.6281701906
111 848 -11.8620393856
111 595 -13.8860021279
111 660 -7.08241122389
111 343 -15.1777415196
111 600 -14.3816033051
111 857 -10.3437525446
111 348 -11.4610486007
111 736 -16.1572369962
111 225 -11.5296029095
111 739 -7.87806229409
111 359 -9.30055714577
111 701 -13.7662435572
111 749 -10.1754927785
111 698 -10.8901504849
111 240 -13.774794164
111 497 -12.7058680192
111 627 -14.1698194033
111 373 -11.1626752883
111 725 -13.4822368658
111 883 -14.0332171003
111 255 -15.0951612668
111 768 -12.7374279412
112 522 -10.2023436149
112 395 -12.1222674023
112 780 -10.2672608603
112 269 -8.82896191456
112 615 -13.2573259742
112 528 -9.40239236971
112 708 -16.3495118856
112 792 -10.5142676917
112 153 -12.9868193365
112 668 -8.67439160485
112 285 -10.541419984
112 542 -13.0181878685
112 288 -12.210422235
112 417 -13.6543314471
112 637 -8.16706691726
112 548 -10.2301522757
112 295 -13.9826712124
112 793 -17.8024402764
112 689 -11.3532085717
112 555 -11.2128215204
112 557 -16.3199621026
112 691 -14.277947618
112 176 -14.8602848787
112 433 -13.9228536731
112 179 -14.1638980377
112 567 -13.6198011661
112 312 -7.29943243213
112 501 -13.0348932684
112 587 -14.2219974089
112 451 -17.8238815629
112 588 -14.8186838695
112 198 -12.106523823
112 199 -10.7832185831
112 813 -15.2385471233
112 203 -8.45140838252
112 679 -16.2237383539
112 851 -10.9546370406
112 469 -13.502984156
112 378 -12.798579547
112 570 -12.6982508879
112 733 -8.88174914742
112 864 -6.63220559324
112 609 -10.8058554643
112 465 -4.81919056943
112 231 -10.1844473642
112 361 -13.204875509
112 618 -14.6211638122
112 363 -14.160854618
112 623 -12.1151670614
112 809 -16.5514140782
112 755 -16.1112134558
112 117 -16.0571351424
112 122 -13.4314240698
112 636 -15.0498275922
112 381 -9.36882708436
112 875 -8.98676550804
112 807 -10.9270835132
113 130 -13.0642020959
113 535 -12.3173717014
113 775 -12.0644970539
113 136 -10.7716135674
113 777 -11.0766213929
113 863 -8.99552839725
113 408 -13.0230082783
113 451 -12.6709930035
113 302 -11.3973989402
113 611 -14.2374236457
113 279 -10.4250718896
113 280 -15.5640769855
113 486 -13.5140692195
113 282 -8.0758162719
113 540 -14.1155061863
113 526 -12.8108430447
113 543 -12.0187038457
113 800 -15.5256436301
113 675 -11.5648528121
113 676 -13.1527404379
113 805 -10.2646990374
113 422 -6.72688435812
113 167 -12.334161715
113 552 -12.6087516347
113 812 -13.2704997576
113 174 -9.7093773382
113 177 -11.7526536876
113 794 -13.787022018
113 822 -11.4151667879
113 568 -13.8820216616
113 188 -12.4798902933
113 317 -12.6765555786
113 190 -14.2924616659
113 192 -9.97814336392
113 193 -12.7601464821
113 706 -11.8680377497
113 837 -7.27251647254
113 454 -12.6567556416
113 457 -12.4414649012
113 715 -12.8969275501
113 705 -14.0948459763
113 845 -12.3898953713
113 336 -13.8453369275
113 594 -13.5132606669
113 211 -13.4984499711
113 598 -13.0330225443
113 599 -12.2086898516
113 345 -12.1409476115
113 848 -13.8983590842
113 478 -14.144891747
113 223 -9.68114663724
113 480 -14.9598487281
113 686 -12.4291855981
113 227 -13.0516594337
113 868 -15.6991727256
113 869 -9.18290726151
113 743 -9.44016632128
113 619 -15.5577162658
113 238 -11.0668515607
113 318 -12.2797055774
113 251 -13.9399191894
113 638 -8.1803655145
114 132 -15.1178227245
114 517 -12.8065975784
114 518 -10.536404128
114 263 -12.793674848
114 386 -12.2193000996
114 394 -15.2660734237
114 524 -15.1401192802
114 269 -10.2788548842
114 398 -15.5322108688
114 658 -11.0888505425
114 403 -14.976423068
114 516 -11.4470122462
114 828 -12.7604536466
114 537 -9.43213101548
114 155 -13.3552268149
114 884 -8.51232567566
114 413 -11.7222614865
114 539 -12.953869816
114 654 -15.798025391
114 162 -14.9744930227
114 799 -13.5853727276
114 863 -14.3262306086
114 427 -10.8157313283
114 392 -7.34593622575
114 685 -10.4514200419
114 303 -12.986502421
114 432 -14.3333764103
114 776 -12.760894381
114 872 -11.7137405046
114 181 -12.917160683
114 182 -12.9280747645
114 184 -13.8144131305
114 697 -12.9193402808
114 348 -12.2534611618
114 352 -12.6979554194
114 573 -13.4599210429
114 190 -11.4236959057
114 831 -8.24822531519
114 310 -14.253816781
114 451 -10.0230819957
114 844 -8.84187277666
114 837 -10.0963595123
114 584 -10.0738458293
114 744 -13.1491974418
114 331 -10.4441988075
114 632 -13.5725638476
114 336 -13.7237644195
114 420 -12.1447708624
114 603 -9.34339964992
114 220 -11.8386717989
114 221 -12.2616556729
114 478 -13.3585009058
114 224 -12.1683095713
114 359 -9.55934995493
114 616 -16.0379185012
114 233 -12.5204527046
114 363 -14.0655289606
114 236 -13.650343047
114 621 -14.8704434001
114 238 -12.1391706846
114 496 -5.3903303678
114 625 -14.3032858294
114 883 -7.1302803511
114 500 -9.80598485584
114 248 -15.4530968874
114 786 -10.7628018703
114 763 -6.98210195304
114 542 -13.552383259
114 555 -13.0567767669
115 849 -14.3665824264
115 130 -16.9982601946
115 515 -8.61565453101
115 390 -16.9787421281
115 392 -8.11203479027
115 470 -10.5582431616
115 472 -14.7934221921
115 579 -9.82369260453
115 143 -14.5690437623
115 145 -12.9728185239
115 729 -8.22043741593
115 175 -11.4598635873
115 154 -11.8469287088
115 669 -8.97831385666
115 798 -8.11095697174
115 162 -13.5895135972
115 294 -14.0335010126
115 167 -13.6092925933
115 809 -10.4231974814
115 797 -8.23084634062
115 299 -11.3194379015
115 356 -14.5807133768
115 680 -11.0230491913
115 305 -13.7675651064
115 178 -15.2047160328
115 565 -12.575496125
115 566 -12.7483987439
115 561 -9.40394327141
115 523 -15.3746791137
115 194 -13.5888132731
115 451 -15.4453918409
115 837 -10.5032935944
115 455 -13.2918637488
115 866 -14.7958150244
115 332 -11.5850917501
115 334 -12.4418135721
115 721 -13.7915138561
115 851 -12.9233004611
115 599 -13.0797281365
115 216 -10.3798628436
115 737 -11.4888793506
115 351 -9.0050418508
115 480 -15.3423492631
115 609 -6.72563467316
115 657 -11.2559649287
115 316 -6.75037810795
115 360 -9.09956812683
115 520 -13.1278598312
115 424 -14.0942192584
115 484 -15.1373115848
115 623 -7.26842059663
115 369 -13.9527963046
115 756 -14.0369625102
115 250 -11.9988618889
115 251 -10.9384568185
115 384 -13.1329445363
116 130 -11.1143165216
116 136 -11.2571700584
116 651 -13.4337679003
116 792 -14.7586709497
116 142 -16.3875135434
116 147 -11.6064532053
116 279 -14.6783708818
116 536 -17.9331289402
116 811 -9.5871608724
116 155 -11.5234627082
116 156 -8.06852287287
116 159 -9.99414628129
116 161 -7.08059742928
116 164 -13.2322820798
116 166 -10.6346707848
116 168 -12.37546328
116 795 -11.7180028582
116 386 -8.95306737004
116 824 -11.6689685766
116 185 -13.4246988906
116 424 -7.93039815981
116 445 -11.9514465247
116 511 -14.6297784126
116 709 -6.89773497772
116 503 -14.9338228077
116 806 -15.8982639959
116 204 -13.8617782582
116 849 -12.3703873642
116 697 -6.30806454792
116 723 -10.4890861784
116 420 -13.6690522205
116 343 -12.6844182192
116 600 -12.7478146046
116 601 -9.79651245157
116 349 -8.74304607408
116 863 -12.5336956064
116 678 -12.9335883193
116 481 -11.96875797
116 360 -9.76132650737
116 361 -13.3361060259
116 875 -6.5874595674
116 364 -13.1060186621
116 497 -9.80237868577
116 371 -7.56625024628
116 596 -11.0185873529
116 118 -14.7065029875
116 247 -10.7485404042
116 820 -13.2852549304
116 380 -12.8393812729
116 382 -8.06858286
116 383 -9.47979995913
116 128 -13.430976304
117 536 -11.4991156861
117 540 -7.88474666075
117 545 -13.4455406288
117 560 -8.49005483312
117 565 -14.450264462
117 586 -8.58576494516
117 595 -16.2533844623
117 603 -11.4212278239
117 610 -17.3028199789
117 616 -12.6617502368
117 633 -11.35463319
117 123 -10.5531502024
117 639 -11.552099482
117 648 -7.25487141256
117 653 -10.7864751816
117 146 -6.33038259608
117 661 -8.43979142044
117 665 -10.5787317152
117 157 -13.6618714466
117 158 -15.2038927072
117 168 -15.143087043
117 684 -7.23763938654
117 686 -11.270249529
117 175 -9.96050935416
117 691 -8.16589235239
117 180 -11.8752355179
117 696 -10.6873135683
117 186 -12.8450691532
117 700 -16.2164684483
117 703 -14.8968382303
117 196 -8.92023743749
117 121 -12.5405701462
117 728 -10.8953974249
117 729 -14.7360611093
117 882 -15.1700992723
117 736 -11.6987373353
117 225 -10.6302705329
117 233 -9.89970017299
117 236 -12.6421598868
117 757 -11.4025590268
117 249 -15.4298161798
117 765 -13.0698604158
117 768 -15.6039085311
117 260 -9.58373375053
117 775 -11.3367816503
117 264 -10.190302719
117 269 -12.209427168
117 784 -10.7598649883
117 796 -12.5987354299
117 287 -8.59237302473
117 289 -10.9796009287
117 293 -12.5835892622
117 296 -9.83120432836
117 812 -13.3204547305
117 304 -16.4891386209
117 818 -13.1531434716
117 836 -13.5050908151
117 327 -15.6934448767
117 856 -11.9627572297
117 863 -9.73724112386
117 864 -13.6180535688
117 869 -10.3185839108
117 745 -9.67937086847
117 377 -15.9098845325
117 405 -13.6565924311
117 411 -7.70788899595
117 421 -7.21887996763
117 839 -10.8025821061
117 423 -10.8159611515
117 428 -11.5226547941
117 431 -12.6452587723
117 432 -10.624470208
117 438 -8.03421201668
117 443 -12.0562370413
117 446 -12.8996906265
117 461 -11.1777376785
117 463 -14.4365792449
117 486 -11.7907952549
117 490 -14.2378524122
117 491 -11.0253536265
117 497 -11.80204031
117 509 -12.8373083718
117 512 -10.373663734
118 513 -13.208086137
118 390 -8.68807690917
118 776 -13.1739031404
118 141 -5.48293208516
118 400 -13.7804591283
118 196 -5.94719818526
118 405 -11.9458964395
118 623 -12.1729990509
118 602 -13.1250164905
118 795 -13.1205606179
118 285 -11.6289404748
118 798 -11.3278562228
118 415 -16.7367806715
118 291 -7.8029275517
118 164 -9.53921988579
118 809 -12.0846506495
118 554 -12.1505392933
118 559 -8.84597174076
118 305 -14.6991279092
118 585 -13.5197684346
118 563 -11.759838656
118 628 -14.2425770663
118 827 -4.68623450195
118 445 -12.369125421
118 576 -15.5265782452
118 193 -4.49684904322
118 454 -12.791186798
118 200 -10.2391136102
118 201 -8.58508825904
118 202 -7.61478625618
118 717 -14.0790496946
118 334 -13.0355543138
118 720 -14.1367345337
118 337 -9.62465139757
118 470 -14.3952654459
118 727 -12.4371632771
118 857 -10.0104319562
118 346 -16.4281986168
118 848 -9.34536703019
118 607 -12.7308899186
118 870 -9.15554806168
118 547 -7.98639451735
118 356 -13.535779744
118 742 -15.005055197
118 743 -11.7696024967
118 871 -14.7526072497
118 226 -8.105019063
118 365 -15.3473625047
118 495 -12.3500217662
118 624 -12.8025130022
118 790 -16.043789012
118 754 -14.0805173635
118 757 -10.5378291295
118 506 -10.3764885511
118 379 -8.94503046579
118 687 -16.4554325548
118 525 -11.6855388132
118 384 -10.8062555619
119 684 -14.1266158605
119 133 -10.0814436694
119 261 -13.2428201059
119 136 -13.7017523352
119 393 -12.5460591205
119 658 -13.8897583553
119 671 -14.1816583392
119 665 -13.1566088944
119 283 -10.020961729
119 540 -13.4657499426
119 157 -12.2329436501
119 158 -17.1327885268
119 543 -11.5762695651
119 262 -13.7446865588
119 735 -10.9604667833
119 799 -8.82164682009
119 880 -11.0865867971
119 551 -13.1455502919
119 424 -14.481504469
119 300 -11.011647098
119 173 -13.280507612
119 798 -6.87916323331
119 817 -5.27086109355
119 649 -15.385127895
119 753 -10.3497570941
119 820 -10.404398586
119 309 -11.4594560624
119 438 -13.8494021185
119 183 -13.0210400645
119 690 -11.7109251852
119 565 -12.9001044994
119 187 -5.01020694632
119 188 -7.67023176553
119 190 -15.3897423502
119 447 -10.3253392935
119 832 -14.6143776718
119 449 -11.2631832356
119 545 -12.1206321233
119 579 -16.4861293905
119 324 -15.2990530939
119 325 -13.0912283615
119 841 -9.56941515549
119 717 -18.2173794864
119 846 -15.3127386942
119 336 -12.5818459181
119 849 -7.27596994852
119 613 -15.2944430796
119 356 -11.6800735267
119 344 -11.825646396
119 346 -14.3736537104
119 673 -13.1129934931
119 479 -12.630393383
119 362 -13.9182141009
119 611 -15.9346705683
119 228 -11.868457134
119 229 -11.9666232849
119 679 -13.5174902881
119 361 -11.8917371814
119 234 -14.8339924874
119 616 -12.6273125053
119 238 -11.41659474
119 879 -7.69613173318
119 369 -12.6270549964
119 882 -13.4360758621
119 243 -9.46258473769
119 724 -10.7659718752
119 630 -12.6741364946
119 761 -9.73430155693
119 634 -11.4215738981
119 763 -13.0418187155
119 598 -12.9350212365
120 642 -14.8865316864
120 260 -9.54042877529
120 407 -12.6136108314
120 136 -13.465907896
120 781 -12.6669027741
120 422 -15.8307630319
120 144 -14.0377074657
120 145 -14.4081571007
120 274 -10.5121766498
120 403 -13.6981968527
120 798 -13.3183080142
120 150 -9.71456564561
120 152 -10.9715018702
120 537 -10.4325032182
120 154 -12.6432672192
120 156 -7.95029224869
120 157 -12.9212152116
120 158 -13.3176515518
120 454 -11.1196036997
120 290 -9.51707661219
120 809 -12.0634310421
120 427 -11.4345336009
120 428 -10.92769924
120 557 -9.98473622486
120 303 -11.780214591
120 176 -16.4574787687
120 791 -10.5811846526
120 884 -8.05197357206
120 565 -13.1917897282
120 311 -10.908760371
120 312 -8.70351813757
120 804 -9.27276983108
120 787 -15.62574359
120 447 -16.1799297198
120 578 -12.9034427123
120 709 -16.0251468692
120 326 -12.9271440779
120 504 -9.28329083505
120 461 -10.2409579219
120 164 -16.2929393389
120 725 -13.8554436987
120 860 -15.4132457334
120 703 -12.5084118972
120 222 -13.667604131
120 294 -9.50461727259
120 481 -12.607130847
120 401 -11.768395869
120 483 -12.6031188511
120 615 -13.1520957674
120 873 -7.95475798889
120 538 -12.2264652237
120 236 -11.0748466902
120 750 -14.0025187285
120 241 -11.7923717274
120 724 -15.0557183305
120 502 -5.88091084012
120 490 -15.7157728306
120 478 -14.8426616793
120 619 -17.7870877663
120 255 -10.4829799311
121 514 -9.10891152164
121 457 -12.8234078325
121 263 -15.4053745488
121 728 -11.9665460651
121 884 -14.1252351042
121 778 -15.3748607701
121 395 -14.188725599
121 140 -10.8342821774
121 269 -12.7317775408
121 144 -8.75546331701
121 729 -8.83613380708
121 788 -9.91030895711
121 150 -10.5698389537
121 407 -15.5601066575
121 858 -9.69361588076
121 283 -14.0284020776
121 284 -15.8815382756
121 155 -12.4789259549
121 417 -9.49975710487
121 540 -12.4045162521
121 549 -11.2971311698
121 678 -11.2334916026
121 667 -17.3603483258
121 168 -9.82769431254
121 554 -12.2785897296
121 616 -15.2029072374
121 755 -12.5875847484
121 559 -8.49422713879
121 862 -5.4793398404
121 433 -10.8616536223
121 329 -10.1934741863
121 819 -12.4539723767
121 308 -13.3558209577
121 545 -11.6530071422
121 310 -16.504045549
121 880 -10.6718582847
121 825 -11.8279949683
121 572 -6.99290101708
121 445 -8.54258379275
121 523 -11.6664648473
121 566 -8.0063987476
121 194 -9.90790394819
121 324 -16.3106476783
121 702 -13.8622563899
121 714 -9.57287995226
121 779 -16.0330857505
121 591 -12.2885532699
121 720 -9.65040115077
121 338 -9.40173849459
121 595 -7.32790538374
121 725 -12.8001943487
121 214 -13.576169171
121 471 -10.1035420902
121 216 -11.8827220526
121 601 -12.387290476
121 606 -12.2178849807
121 480 -10.757862612
121 770 -9.59759290999
121 764 -13.3497765667
121 869 -8.02871976303
121 679 -14.5230105056
121 232 -10.60513254
121 699 -13.0579684542
121 488 -11.152594427
121 239 -14.8364562223
121 368 -13.1248675563
121 369 -6.92477412627
121 626 -14.6921926506
121 499 -10.4955026927
121 742 -16.4474274867
121 575 -14.1652096468
121 776 -13.5003771211
121 299 -11.864166798
121 126 -13.643615413
121 406 -14.2283245265
122 130 -12.0599316982
122 132 -12.3906048785
122 133 -12.4796000812
122 262 -7.96768890631
122 391 -11.5401632244
122 265 -13.8982156395
122 266 -11.473967153
122 397 -13.7526866511
122 145 -13.8265333664
122 516 -9.5597501001
122 869 -9.40024609903
122 431 -12.6546062387
122 538 -10.6606138949
122 517 -14.946656353
122 671 -12.8015928346
122 801 -13.3771203943
122 476 -10.1445153808
122 522 -13.3040756274
122 294 -11.7163793257
122 169 -11.2117783387
122 305 -8.30766107693
122 690 -12.4357635806
122 872 -12.6239386035
122 693 -9.95911926146
122 184 -7.70017790176
122 831 -12.5468954921
122 706 -12.151616392
122 451 -16.6004011235
122 453 -14.2301710674
122 327 -14.9431187644
122 329 -15.33417123
122 696 -9.8268452183
122 462 -14.1886379566
122 464 -13.0552375466
122 337 -13.7620022419
122 594 -11.0243935951
122 676 -10.2502212648
122 470 -14.571092799
122 855 -11.9797238321
122 473 -16.7990617799
122 474 -13.0669893481
122 737 -12.0838345585
122 863 -14.0540138678
122 614 -14.0315966825
122 227 -14.0148561193
122 741 -10.4013535749
122 358 -12.2713613276
122 359 -13.5560966866
122 232 -10.3574120935
122 361 -10.6729979687
122 748 -14.4817496799
122 237 -12.0348716427
122 626 -11.8829188506
122 371 -11.3002043321
122 660 -11.6484301998
122 850 -12.5349778135
122 248 -12.3635772149
122 380 -7.63713769216
122 128 -10.2288794325
123 515 -12.2614269473
123 748 -14.9836493134
123 262 -10.4404714524
123 267 -10.5282719942
123 524 -11.6324526334
123 271 -8.22026432334
123 273 -13.3227174956
123 473 -13.9925454788
123 275 -9.65759642718
123 404 -11.3085137966
123 661 -14.9246061091
123 279 -11.6250203591
123 152 -10.5167205902
123 155 -11.7570672938
123 880 -9.72747630003
123 518 -14.4730577943
123 801 -13.4842001515
123 547 -8.73649866016
123 667 -8.83698445586
123 171 -9.04104103198
123 301 -15.1616186862
123 430 -10.6393538431
123 464 -14.4789667871
123 646 -13.9660832909
123 137 -16.7288847054
123 310 -10.4459535223
123 659 -12.0809542282
123 580 -8.40313339368
123 189 -14.7551882534
123 191 -12.1592959415
123 324 -8.25528724662
123 325 -15.1482428685
123 329 -10.4359285943
123 714 -6.7811621465
123 332 -12.2477673654
123 717 -10.7214697937
123 462 -12.9585561599
123 270 -11.8274572765
123 594 -12.5730276752
123 336 -10.9123351221
123 853 -15.1923138525
123 343 -10.2071599503
123 345 -12.3205804453
123 474 -7.53552851212
123 771 -13.0949232357
123 477 -9.24047165502
123 443 -7.35274119371
123 735 -7.43906709544
123 482 -13.653367989
123 611 -12.9205646222
123 679 -14.0256719263
123 490 -12.4050993692
123 749 -6.86086615146
123 339 -13.9456173696
123 367 -12.6739192377
123 752 -8.51428912739
123 881 -4.94715353406
123 243 -11.4803459491
123 789 -8.04308551473
123 379 -12.0691652333
123 384 -10.9243356461
124 769 -13.0254382233
124 515 -10.9502563847
124 263 -13.4990943572
124 137 -12.1848450169
124 856 -14.8264936447
124 653 -8.26939243199
124 771 -10.0903511381
124 783 -9.75107805079
124 494 -11.766934352
124 282 -14.1830670269
124 542 -10.7287561384
124 415 -6.19525076668
124 416 -9.5767709969
124 417 -7.65986603196
124 163 -15.121846114
124 548 -12.081548557
124 550 -8.86667195962
124 167 -8.28677903075
124 811 -16.8194954953
124 178 -7.87487875602
124 691 -7.33965012598
124 309 -14.2700451001
124 311 -11.0926072977
124 801 -15.0870934826
124 707 -11.8526811918
124 581 -11.1953106163
124 198 -15.5293893412
124 456 -15.9409621871
124 714 -12.8212973702
124 205 -3.7939810119
124 462 -11.3315909914
124 464 -13.7797637528
124 466 -13.145278931
124 804 -13.068343943
124 214 -13.360509462
124 601 -12.0318160946
124 656 -6.53124524297
124 862 -16.2426236557
124 613 -8.80285627648
124 295 -12.2399663188
124 359 -12.8682015038
124 695 -14.9054926008
124 626 -9.61836264586
124 884 -9.84806569237
124 630 -14.2581798437
124 635 -10.196209758
124 710 -15.0419075632
124 765 -15.6474482776
124 382 -13.2550210111
125 641 -13.2383248952
125 514 -13.420469799
125 771 -11.1066205189
125 774 -9.95867977125
125 519 -15.2669863057
125 392 -11.7630378848
125 138 -11.9784511693
125 781 -15.372840277
125 271 -10.9504083835
125 144 -13.3477630435
125 790 -13.220787723
125 284 -11.92348662
125 428 -13.3131150241
125 288 -6.33066873126
125 417 -11.4734980902
125 833 -13.1534614471
125 647 -15.2603629391
125 712 -7.87754965381
125 169 -12.7522736423
125 299 -7.32036230681
125 172 -11.7561752852
125 672 -10.7840126632
125 798 -13.5811845364
125 585 -7.67473820258
125 435 -9.97273097232
125 182 -11.2690741711
125 183 -11.2557216341
125 185 -13.6207039118
125 608 -11.8351984732
125 189 -13.7597311926
125 321 -10.7929381777
125 578 -11.5895015007
125 329 -9.55319836597
125 845 -9.24892742984
125 587 -16.8683768034
125 205 -15.2108230528
125 464 -16.5562474571
125 849 -13.5949678078
125 340 -8.41426972932
125 143 -8.05175755158
125 215 -8.63972236583
125 216 -10.1870469755
125 217 -16.955650146
125 859 -16.2868600436
125 476 -12.8626849571
125 616 -14.5344796461
125 872 -14.8543901027
125 623 -15.4983862265
125 368 -11.8606318342
125 678 -13.3985843296
125 755 -9.91313602455
125 372 -8.99045380395
125 758 -15.9278670566
125 633 -10.8137130101
125 252 -13.2567161487
125 637 -13.9754645468
125 480 -11.5223597187
125 640 -10.95280222
126 385 -14.6713511515
126 386 -12.021675624
126 832 -10.4728234565
126 136 -10.5031086293
126 472 -9.9404336083
126 397 -13.6035211757
126 515 -5.13515113715
126 274 -8.11707408025
126 153 -12.3274919196
126 837 -10.5633540786
126 543 -8.89674760545
126 156 -12.4951009689
126 157 -10.664974477
126 795 -14.7676966513
126 159 -11.5136871466
126 833 -12.7869218234
126 803 -11.6577522148
126 293 -13.5869439363
126 680 -14.9096287436
126 297 -15.134244749
126 170 -4.59953838769
126 811 -11.8142921764
126 520 -7.68192294866
126 851 -4.87117213247
126 880 -13.1271445648
126 562 -12.4393227371
126 182 -10.6834820774
126 695 -12.3984515257
126 699 -13.0831891382
126 189 -8.69975079675
126 575 -13.8129053997
126 566 -9.84191379724
126 193 -12.6817668419
126 540 -12.3501965769
126 780 -10.7515275767
126 326 -12.6549613023
126 711 -14.2160838686
126 482 -5.89753477752
126 781 -16.3010602454
126 716 -13.2034165228
126 334 -15.6702454377
126 633 -13.0433079455
126 848 -5.38546399835
126 210 -7.16854969819
126 467 -13.5625578779
126 350 -5.70594001199
126 353 -10.8111638543
126 740 -8.95424685748
126 872 -11.2768547741
126 489 -13.5053343358
126 445 -9.68326712364
126 665 -13.1350070057
126 827 -12.3194107743
126 768 -5.23881946511
126 368 -8.71494637283
126 617 -16.0319797637
126 704 -16.3937529243
126 276 -16.2333384978
126 501 -10.5433866479
126 636 -10.1824834337
126 253 -12.1844033892
126 254 -10.69994075
126 767 -10.4002880171
126 256 -10.2228414054
127 769 -11.1676424562
127 705 -8.14650563584
127 131 -11.2548866176
127 132 -15.6077000989
127 518 -8.25112053952
127 770 -15.4644791068
127 137 -13.4265082186
127 395 -11.9801121308
127 536 -9.85542853699
127 141 -12.8842855893
127 387 -13.9488346647
127 399 -12.6072336506
127 784 -13.9367250203
127 636 -12.1472184429
127 280 -8.89212483202
127 153 -11.638415486
127 453 -13.0377597478
127 541 -15.5485783486
127 671 -17.0994261276
127 546 -12.0269259474
127 548 -11.7145782167
127 812 -9.10107898167
127 424 -16.0043670601
127 170 -12.9206213117
127 799 -8.69403564761
127 557 -8.00845647885
127 302 -9.93066204363
127 562 -11.3383035183
127 872 -14.0393959286
127 437 -6.68964541618
127 607 -11.5223942487
127 317 -11.2354668928
127 843 -14.736819627
127 831 -11.7523564999
127 577 -10.1949755793
127 452 -11.2633645555
127 197 -14.1632280736
127 582 -6.04039016542
127 698 -11.272639647
127 203 -10.347221432
127 632 -13.0668742891
127 335 -10.8537107142
127 208 -17.9866838408
127 596 -11.3686600095
127 470 -8.72533650367
127 855 -9.9716679723
127 442 -14.5353597378
127 220 -7.91482778708
127 818 -14.1500340855
127 719 -14.2205009261
127 356 -12.1127203216
127 488 -10.0245593776
127 573 -17.338135908
127 880 -13.6200731709
127 745 -15.5688411852
127 244 -12.9628164902
127 502 -11.7435546944
127 426 -8.43752251597
127 512 -15.5650714902
127 256 -11.9540773107
128 132 -10.1400702498
128 522 -11.9315536015
128 408 -9.06162191484
128 653 -11.4087892397
128 271 -16.5901792588
128 144 -13.5158090259
128 273 -10.4284038163
128 402 -9.22727710742
128 403 -15.2781588802
128 148 -13.6308030893
128 277 -12.2254000657
128 150 -9.48846117513
128 854 -6.41688786165
128 152 -12.5950438035
128 486 -10.8889284826
128 667 -9.05502072343
128 670 -12.6314552749
128 287 -11.154734142
128 288 -13.8420625303
128 293 -14.1586687582
128 168 -13.0155555459
128 170 -5.63276321864
128 812 -11.252894568
128 841 -10.3523277329
128 500 -13.9392169068
128 310 -13.5950308575
128 571 -5.32330106483
128 188 -8.21110856464
128 587 -7.30999623662
128 800 -12.3906581564
128 578 -12.2037584167
128 451 -9.45982323713
128 325 -11.9940583835
128 439 -9.85585422401
128 456 -12.8433953192
128 457 -12.6994409829
128 331 -10.0997523005
128 332 -8.23742883463
128 759 -11.9514101949
128 590 -11.6040536841
128 342 -12.20830926
128 344 -12.5825999739
128 570 -14.5313095636
128 592 -13.2627778693
128 605 -10.4743511456
128 352 -17.6179730365
128 790 -14.4275259419
128 358 -13.5511857209
128 488 -14.0830436154
128 364 -8.79344626204
128 621 -8.5340364315
128 754 -13.9571189109
128 598 -12.1967191579
128 503 -12.0175388036
128 379 -8.38347560022
128 380 -13.3388819362
128 381 -11.1711820811
128 838 -7.93200401631
128 639 -10.5588674629
128 406 -8.26836892839
129 389 -9.97873313949
129 390 -8.85132346412
129 397 -11.3842959737
129 142 -8.69868639204
129 796 -13.2032875221
129 798 -7.46794015272
129 407 -10.2769657771
129 517 -14.5146539754
129 540 -17.5698032139
129 411 -12.7337625194
129 418 -11.1879675118
129 291 -16.9358359192
129 164 -8.53285917225
129 782 -11.9978905989
129 167 -12.543241734
129 679 -15.7461383157
129 328 -13.9555130059
129 557 -12.9228492513
129 174 -11.1474462187
129 688 -12.1071439459
129 820 -18.9651351753
129 821 -4.60262857625
129 569 -10.4552228327
129 442 -15.920997291
129 572 -8.90482812743
129 189 -7.49994771231
129 704 -15.3549563211
129 450 -13.883670096
129 835 -13.2848801607
129 453 -12.7766077754
129 585 -12.6365821798
129 868 -15.2795879074
129 203 -11.9401447178
129 204 -12.8074908272
129 589 -9.89026196378
129 547 -15.5676107183
129 398 -10.9777043912
129 211 -13.1055354713
129 852 -7.15554644911
129 599 -14.5591253834
129 545 -16.6381423706
129 346 -12.850860641
129 592 -9.44077571696
129 476 -13.0637252183
129 349 -14.433134746
129 222 -9.85197122425
129 593 -12.1243600115
129 740 -11.9195076307
129 486 -9.49780831428
129 617 -13.2703677941
129 490 -9.67654271446
129 851 -13.3890285333
129 880 -14.1724247958
129 242 -10.3823611039
129 371 -12.2344458009
129 629 -14.7637453446
129 758 -7.78650582552
129 755 -12.2110051967
129 765 -13.7951153772
129 254 -12.8448209193
129 639 -6.47245451597
130 769 -8.96605541291
130 773 -14.4380956914
130 775 -8.98423536887
130 557 -10.3936802058
130 651 -11.9319772208
130 792 -13.5193475001
130 270 -8.95090237923
130 656 -6.90364099102
130 273 -11.2010446254
130 857 -12.6594159726
130 388 -4.86621476128
130 151 -9.55610787172
130 666 -7.05137159535
130 410 -13.2608992088
130 283 -12.7192795418
130 688 -13.550954312
130 802 -8.64156993285
130 163 -10.3319651852
130 796 -13.231258418
130 660 -10.4262648652
130 425 -9.1449366855
130 884 -8.06539826108
130 811 -13.6158368059
130 585 -9.03011961483
130 563 -11.4302378611
130 693 -14.4545809664
130 437 -14.2008057483
130 824 -10.3795381632
130 442 -11.2396182804
130 187 -2.145669907
130 250 -7.90755238566
130 319 -14.7049740714
130 583 -11.7583129051
130 328 -10.6271857519
130 457 -16.3013259167
130 842 -11.9442924945
130 203 -5.35627856469
130 589 -12.4422159839
130 207 -12.0907275351
130 526 -12.5289204813
130 849 -12.8251322669
130 761 -13.3433142981
130 341 -14.6218086927
130 473 -16.7408946645
130 475 -10.0301452092
130 720 -11.5773083513
130 605 -11.7162709621
130 226 -13.8929695369
130 357 -11.9087577282
130 871 -17.6890401721
130 359 -10.1669536433
130 488 -10.9103952424
130 504 -10.3558516919
130 505 -11.7518890434
130 636 -13.1087502059
130 639 -7.75506099136
131 515 -11.6443883145
131 636 -17.1053743131
131 645 -9.32532168644
131 263 -11.8817215212
131 136 -11.7604806007
131 395 -15.7426604918
131 396 -17.1653044145
131 141 -11.5293649116
131 622 -11.7755465719
131 537 -7.04301605261
131 147 -12.3420693173
131 532 -12.1929830318
131 406 -13.3750547948
131 334 -10.3145328492
131 280 -12.4135393657
131 538 -14.7862650819
131 155 -15.6471391784
131 541 -7.80682136228
131 867 -14.758433684
131 159 -9.37666364567
131 646 -9.31596233872
131 552 -10.6540040262
131 425 -9.77319782411
131 669 -14.4510599131
131 683 -13.1933321679
131 712 -11.4206384418
131 685 -9.10274153184
131 403 -8.12560422344
131 688 -12.3831577309
131 435 -12.6296082515
131 696 -10.53382232
131 570 -11.6991377464
131 188 -10.1272444682
131 319 -7.13598031533
131 200 -13.4615605841
131 202 -13.9765459402
131 843 -12.6628353214
131 824 -12.2350104149
131 333 -12.3773626199
131 206 -11.8193968557
131 596 -11.3312503867
131 725 -13.2935735644
131 728 -10.4647620826
131 346 -10.7532853052
131 347 -9.99023021307
131 348 -18.2522480459
131 479 -13.1850146075
131 611 -11.9117646999
131 228 -14.0364935689
131 358 -14.1653050124
131 361 -8.63781290084
131 317 -14.7506387224
131 275 -16.7040706754
131 489 -11.7621837994
131 627 -10.7976703485
131 724 -13.3385281553
131 590 -13.8683958013
131 502 -13.6384046039
131 448 -8.36399071274
131 726 -9.22899494126
132 258 -9.39657573089
132 771 -15.5959940591
132 516 -11.4387255906
132 390 -12.06498025
132 834 -13.7951697773
132 265 -14.4978285319
132 728 -9.90944463612
132 144 -9.90272817795
132 149 -17.4749916663
132 664 -11.8667349563
132 581 -11.635141965
132 768 -11.4247260752
132 164 -12.0088626085
132 870 -12.5269261152
132 666 -13.3600785489
132 876 -12.8934435889
132 883 -13.7198703174
132 478 -12.307921488
132 271 -15.1575708925
132 399 -10.0674515623
132 696 -10.6529358488
132 437 -8.50859431574
132 320 -11.4400123375
132 833 -12.7517883403
132 609 -10.3851377019
132 453 -11.688414123
132 711 -11.0944533762
132 456 -15.2649989663
132 332 -16.8461776467
132 679 -12.9198016522
132 846 -13.6139365576
132 596 -13.7651855495
132 725 -7.78599177829
132 214 -14.6850709664
132 343 -6.59977429704
132 603 -14.6217388713
132 315 -11.2763331777
132 479 -11.0666465651
132 801 -8.95995649924
132 353 -16.3881407911
132 614 -8.99604070003
132 872 -15.442511186
132 363 -8.22925778819
132 236 -10.1847477316
132 493 -10.6928879129
132 366 -3.5233473972
132 752 -12.3866675235
132 625 -8.57193918703
132 242 -12.5172098818
132 499 -11.2755755272
132 631 -13.1051112621
132 512 -12.7185370623
132 709 -13.3491607803
132 508 -12.641153685
132 509 -10.098406458
132 747 -11.878284469
133 513 -13.6826322809
133 264 -7.88278705944
133 777 -12.6523561328
133 138 -9.27951272851
133 651 -14.4333278853
133 856 -12.6512621902
133 838 -13.5788495018
133 785 -5.14711216245
133 658 -14.0300356871
133 788 -7.55124341091
133 149 -16.0239308125
133 854 -9.13938556524
133 664 -14.3772015072
133 416 -10.2398709831
133 654 -14.9651410733
133 292 -10.1619449924
133 169 -9.99720561849
133 298 -10.8916568362
133 811 -16.4076070834
133 303 -15.1715471265
133 305 -15.542422583
133 178 -14.3115735744
133 311 -9.76204903047
133 440 -13.1524294861
133 187 -13.046215621
133 444 -15.6702526838
133 574 -11.6515647132
133 447 -15.4247963046
133 577 -7.18946058796
133 702 -15.9801992774
133 587 -11.0992425716
133 759 -10.8599064167
133 374 -14.4891618598
133 203 -9.11725337828
133 762 -9.87108123066
133 207 -8.16641451714
133 464 -12.9752628316
133 466 -13.6166515725
133 339 -15.3080376691
133 548 -12.8080711895
133 335 -11.5529230415
133 216 -10.85851108
133 345 -11.7268849718
133 602 -10.0163827547
133 801 -11.5669434548
133 480 -10.4532250913
133 610 -13.5590796292
133 744 -5.07809732414
133 861 -9.21795454656
133 234 -12.8102441678
133 237 -12.625581504
133 877 -14.33821741
133 496 -12.7721689528
133 498 -14.325797637
133 246 -13.391596809
133 426 -9.86563491034
133 377 -9.76042217571
133 251 -13.6556204193
133 380 -13.3771743756
133 726 -16.0156591166
134 770 -14.3770171738
134 492 -11.0406037333
134 645 -11.1176794696
134 407 -7.12780666772
134 624 -13.2977906202
134 266 -13.1600079488
134 523 -6.8179846284
134 652 -12.3948597797
134 142 -12.6767738473
134 527 -10.477185147
134 786 -15.3794281559
134 661 -13.2740603195
134 278 -8.07470282077
134 279 -14.7200674197
134 152 -12.7259239277
134 283 -14.0621648531
134 156 -12.7976527359
134 417 -7.93941255504
134 803 -11.0187044624
134 684 -12.3419817065
134 421 -13.3184771054
134 166 -12.9178880262
134 298 -12.7846547188
134 172 -13.1618683785
134 429 -10.8579738193
134 302 -12.4977502479
134 309 -15.9325921522
134 439 -11.4004604719
134 138 -15.4561695911
134 831 -8.93843633698
134 297 -9.44307004111
134 193 -12.7358062136
134 322 -11.6061883282
134 707 -8.97332440082
134 780 -16.3703751542
134 823 -9.40382969711
134 713 -9.74705041057
134 696 -12.3058309929
134 664 -15.0176094002
134 370 -13.2718628026
134 465 -12.2502437435
134 778 -9.0802978253
134 740 -6.36560857511
134 215 -9.55913596169
134 876 -9.14942988102
134 869 -11.6287321858
134 604 -12.8310017206
134 187 -17.638204101
134 351 -9.48534236118
134 352 -12.1036389114
134 680 -11.5944650309
134 228 -13.1662088937
134 357 -14.6658546015
134 615 -10.0614211475
134 360 -9.76169468838
134 364 -14.2419670569
134 367 -11.1549115701
134 368 -9.05134607813
134 571 -11.9174241559
134 242 -9.29249023552
134 499 -9.33968473183
134 247 -12.1822193162
134 633 -15.8724118052
134 790 -14.8188055127
134 448 -9.75904571761
134 509 -16.7118996914
134 767 -10.0146971882
134 150 -17.086569051
135 410 -10.6433650357
135 386 -12.7396824451
135 428 -14.2474756686
135 389 -13.6814887072
135 646 -13.4912473611
135 775 -8.46783500116
135 264 -12.7410012337
135 137 -13.1994571452
135 651 -13.2617822362
135 776 -13.581540435
135 272 -12.4857439989
135 772 -13.1590679298
135 535 -11.648287814
135 280 -10.5915980034
135 153 -6.83112011118
135 154 -12.3986061917
135 795 -14.2708356586
135 816 -3.65267592082
135 433 -11.2634469153
135 291 -8.32883009275
135 476 -12.9979587717
135 421 -12.6245558622
135 422 -11.5581951866
135 306 -7.95850895865
135 425 -7.84594123473
135 430 -9.95318117462
135 175 -12.3478034553
135 176 -11.2185488266
135 177 -12.4198196377
135 265 -14.1631976201
135 180 -5.12012612471
135 714 -10.5420305098
135 441 -10.5488515864
135 187 -15.2787310915
135 828 -13.5483473553
135 701 -12.0323817863
135 318 -14.0577898587
135 195 -11.4031640172
135 710 -13.7609897128
135 456 -10.8853650568
135 739 -10.8907561431
135 592 -4.93875698219
135 697 -8.98158728876
135 342 -10.9065235364
135 215 -10.204920639
135 346 -11.4506606032
135 733 -16.8793231497
135 571 -12.8083462745
135 227 -5.62401391541
135 868 -11.4546048276
135 357 -15.6844255048
135 489 -15.6202291633
135 874 -10.1143686972
135 619 -8.08099945119
135 241 -16.9756289825
135 617 -12.519212242
135 372 -11.1716135953
135 374 -15.2804642028
135 503 -12.5732521824
135 381 -16.8322039974
135 820 -13.3146478563
135 790 -13.2638295758
136 555 -12.5358811087
136 774 -8.79555751496
136 322 -16.6783110847
136 861 -7.70553978924
136 863 -11.3621178368
136 280 -8.35122927662
136 397 -16.2974926586
136 271 -12.0388708727
136 784 -7.71585325358
136 657 -10.7672825862
136 772 -6.95965802514
136 662 -12.8987668641
136 279 -5.97978025955
136 152 -14.5277137171
136 537 -14.7047152882
136 709 -12.8329754905
136 283 -13.9931036475
136 795 -15.6675885145
136 369 -13.1584012992
136 165 -11.6648960117
136 498 -9.74387866248
136 170 -6.77323926925
136 408 -13.6384246759
136 712 -8.42065866396
136 873 -12.0801866062
136 558 -13.4865374399
136 431 -10.9539640187
136 766 -16.5427714447
136 689 -14.0578799733
136 310 -9.96938429237
136 695 -13.0302976788
136 184 -7.96677474626
136 811 -14.345611503
136 316 -13.5162733365
136 318 -15.4717581761
136 566 -10.1484666372
136 833 -14.8252913002
136 194 -14.7162589546
136 325 -15.521288744
136 375 -15.7585359456
136 327 -14.2671627759
136 553 -11.085555934
136 728 -9.94145329092
136 489 -16.0396552557
136 722 -10.6859043496
136 467 -10.2929136381
136 214 -11.3770000558
136 471 -9.65499063462
136 698 -12.1151252012
136 347 -13.8716406299
136 860 -13.6474140971
136 221 -6.71786005251
136 674 -13.3705870974
136 226 -12.6712524539
136 572 -12.5102272997
136 807 -7.7031776409
136 616 -11.0404364856
136 362 -13.8584427819
136 808 -16.2860572577
136 621 -13.880195908
136 382 -13.4573559575
136 425 -12.2912697077
136 629 -12.6155894974
136 634 -8.23861074529
136 635 -12.8655827732
136 381 -10.6245298378
137 388 -14.218130565
137 521 -8.51781813655
137 139 -10.1167369747
137 532 -15.0836011115
137 151 -9.71904896884
137 538 -10.3183615625
137 154 -14.8477397573
137 797 -14.157665984
137 414 -12.2903293784
137 801 -11.5109118503
137 549 -12.0856347483
137 647 -10.136297752
137 171 -4.17199117868
137 558 -12.2888465736
137 560 -8.55032052386
137 177 -13.1092289412
137 649 -7.79133791117
137 307 -6.48933311059
137 567 -12.230500524
137 561 -14.5952421663
137 187 -13.8223705136
137 444 -10.2629434363
137 445 -12.5755681231
137 574 -13.1520512987
137 578 -10.287416461
137 453 -9.02411744917
137 716 -12.009017513
137 718 -13.1732763264
137 719 -10.9215306026
137 343 -12.3713218556
137 731 -11.9954679842
137 862 -13.3192556768
137 674 -11.5138095514
137 225 -9.60440239372
137 337 -8.12128164012
137 867 -12.8842465066
137 743 -12.7332829112
137 747 -16.3194724761
137 237 -15.6611061755
137 750 -9.39237655289
137 368 -12.7343587293
137 497 -12.0043394388
137 745 -14.7661695007
137 758 -12.7649017078
137 375 -11.6757709407
137 633 -10.7357856872
137 378 -13.5478115952
137 866 -15.5667943329
138 389 -15.9349100648
138 260 -13.134247925
138 649 -5.88949903291
138 193 -8.75438345759
138 705 -14.2303946467
138 271 -8.59066626897
138 430 -11.5459047782
138 841 -15.9375359935
138 402 -9.91409314027
138 403 -13.5925038127
138 388 -10.172840587
138 534 -14.0953006861
138 537 -14.3519217588
138 282 -13.2610111148
138 155 -12.0231189783
138 668 -12.0714486958
138 670 -11.5707308264
138 769 -16.5386740232
138 672 -10.3205801814
138 801 -10.1503019641
138 796 -5.61829807114
138 166 -11.0391801232
138 554 -14.8246737181
138 371 -11.8553541858
138 559 -9.79929447558
138 304 -13.5031739758
138 177 -12.7253789511
138 457 -9.45911173998
138 819 -9.18154261691
138 308 -11.6387270128
138 182 -9.04179802597
138 183 -12.5403855404
138 443 -10.4539128879
138 139 -13.047691787
138 575 -12.8655975933
138 453 -9.75828435661
138 456 -11.7659752894
138 779 -11.2952080267
138 335 -7.86091449686
138 597 -11.7373317582
138 851 -14.169120604
138 468 -9.73875270354
138 469 -12.3902001117
138 719 -9.30608752745
138 855 -10.6011743637
138 472 -9.20121741145
138 347 -12.5412654426
138 645 -14.0582800051
138 571 -10.018953829
138 614 -14.1657187062
138 609 -7.02809798311
138 358 -8.95734098228
138 615 -6.33768331512
138 873 -7.43619248103
138 362 -7.38240590288
138 495 -10.9956468138
138 369 -11.332748185
138 243 -10.6590114755
138 627 -12.1956476944
138 375 -13.4936957663
138 874 -10.9655925788
138 378 -14.202030539
138 883 -9.53239250096
139 410 -12.2819922177
139 730 -6.55710281731
139 517 -11.5233468803
139 646 -11.982092962
139 395 -13.1422609283
139 524 -8.66005578248
139 777 -11.9192392567
139 272 -12.4658307241
139 273 -9.21611769982
139 743 -13.8714044178
139 148 -12.2370446166
139 152 -7.68199698775
139 282 -15.5186454778
139 156 -15.9715688489
139 676 -18.1946344005
139 294 -15.5565309937
139 680 -8.70157795312
139 809 -14.5393544107
139 171 -14.6126095684
139 563 -9.55068006006
139 828 -11.0678124465
139 649 -15.6845361036
139 179 -11.3909936837
139 564 -10.7093157584
139 184 -14.0341013811
139 698 -13.6340191755
139 315 -9.95714822496
139 416 -10.6243555441
139 701 -13.0460704904
139 830 -12.6771556195
139 448 -13.812782951
139 582 -11.2424624844
139 584 -14.3808707764
139 204 -15.1129748901
139 333 -12.6727917679
139 469 -12.2683796008
139 471 -8.04063109909
139 601 -12.7775572208
139 602 -13.1418522055
139 859 -10.0646124383
139 882 -7.65002425159
139 224 -12.4750404292
139 609 -12.0402656293
139 228 -9.75824808684
139 359 -12.3644284464
139 232 -9.01269967059
139 874 -15.0916594912
139 363 -8.8183304916
139 808 -10.6858142072
139 239 -11.1072480834
139 678 -14.0048310228
139 583 -16.5684355242
139 532 -12.1375211489
139 373 -12.0297852771
139 806 -11.6390983483
139 533 -14.607207264
139 508 -15.0545790007
139 555 -13.6451935469
139 511 -11.9789089739
140 641 -9.92578408081
140 770 -9.61032365357
140 700 -11.5808305409
140 265 -8.62991227804
140 651 -13.2723498866
140 141 -9.34200468929
140 528 -11.4595501349
140 146 -17.530223651
140 534 -16.9140977978
140 669 -16.4666825385
140 670 -10.8572162531
140 718 -14.2146742446
140 861 -8.83064779056
140 555 -12.8786215707
140 812 -11.4231549927
140 761 -10.6628714635
140 798 -14.6120012523
140 177 -14.5273464857
140 568 -9.11753241611
140 185 -13.7011494419
140 442 -12.1524993867
140 187 -14.602362804
140 608 -13.9991962718
140 318 -11.3009752615
140 736 -9.6018544588
140 864 -14.3934311507
140 586 -11.8282719669
140 588 -13.7298951361
140 590 -13.0269370513
140 207 -7.14859174956
140 142 -12.241822991
140 869 -16.7424389689
140 603 -13.2442855842
140 733 -16.8984447398
140 352 -11.0100760855
140 353 -4.74666351099
140 866 -15.5757567976
140 485 -13.7123247512
140 494 -9.18481469427
140 239 -10.1530459404
140 752 -10.8214161914
140 884 -10.7464238668
140 629 -14.8612621879
140 631 -14.1772418808
140 505 -11.5430434633
140 634 -11.3995110256
140 768 -11.5021982531
140 662 -11.3708853662
141 386 -14.2010996414
141 261 -8.59739958625
141 471 -12.718584311
141 648 -10.776756831
141 666 -12.9537745525
141 813 -14.6233346612
141 259 -10.9857412016
141 622 -8.34300280717
141 260 -11.2925093611
141 152 -12.9238011434
141 281 -10.1180847909
141 282 -13.8212201433
141 795 -7.91637530861
141 540 -11.5970721211
141 833 -9.89170122688
141 546 -8.25813240828
141 805 -8.57822723634
141 425 -14.641558248
141 170 -12.2773148411
141 712 -11.5785783192
141 301 -14.0306996024
141 817 -11.1286324251
141 310 -8.09139871394
141 318 -7.87674407127
141 630 -11.4978932266
141 193 -12.603772287
141 452 -13.0336668127
141 674 -11.5106673527
141 329 -6.93695380374
141 860 -12.9575474938
141 717 -10.1873226134
141 334 -12.1780159097
141 719 -14.9293131953
141 593 -11.6905951434
141 722 -11.8696275507
141 469 -5.97494348001
141 343 -12.7865570608
141 217 -13.7417021029
141 511 -12.5174685918
141 220 -5.05959505968
141 605 -16.0238131201
141 350 -8.8548345181
141 867 -10.4642089996
141 228 -13.287264306
141 360 -12.2928352374
141 234 -7.91867532586
141 363 -10.921367065
141 620 -9.41620047846
141 238 -12.0991428931
141 751 -12.0974910323
141 369 -7.61461335921
141 243 -11.4240196051
141 708 -13.7119350577
141 772 -12.1153025714
141 507 -9.03445061231
141 704 -11.1640505584
141 637 -15.5034994792
141 256 -13.7134379585
142 700 -7.18960957442
142 532 -12.1361619472
142 873 -7.39588096863
142 664 -15.678383779
142 281 -15.8279409866
142 539 -7.98991455284
142 560 -9.27232986612
142 797 -12.1043729863
142 671 -14.907717815
142 160 -13.3504252267
142 289 -7.90363182882
142 674 -16.1221200818
142 421 -12.6239898865
142 168 -11.8801219962
142 681 -8.5634521459
142 170 -12.5324361351
142 300 -13.6446540033
142 563 -12.1824187575
142 304 -11.7067262083
142 179 -7.34201827196
142 180 -10.2748004191
142 438 -13.1934438876
142 440 -10.8563932798
142 569 -11.6894593559
142 317 -15.9773131763
142 694 -12.7346700861
142 780 -16.722417479
142 837 -10.8355232639
142 839 -11.2868478103
142 841 -8.3942368422
142 588 -8.00274421639
142 745 -12.9724558201
142 722 -15.1346360398
142 214 -8.90660161574
142 731 -16.1124742111
142 754 -11.4957904244
142 350 -6.71444146741
142 609 -14.8926950222
142 616 -9.43542875184
142 489 -9.1555801728
142 746 -11.1386041279
142 492 -18.9950281504
142 368 -11.0069987626
142 626 -10.3104507167
142 756 -10.5389851029
142 767 -8.98942135429
142 631 -14.3041068508
142 554 -10.2345610146
142 479 -10.7172489494
142 763 -7.83603395447
142 639 -7.42527171529
142 598 -11.5809797154
143 258 -10.1670766194
143 644 -9.30411648527
143 389 -11.7902608404
143 262 -10.7635153362
143 651 -13.7506140946
143 792 -8.55644335729
143 654 -13.3651112346
143 750 -10.7223359414
143 601 -12.2703008114
143 147 -14.0581254018
143 404 -14.8484917415
143 474 -12.5100391733
143 820 -12.6696890285
143 669 -12.7708935165
143 799 -9.77308044671
143 544 -15.8445785298
143 161 -15.3161052292
143 292 -14.1540393941
143 863 -10.8210235093
143 680 -13.5534161399
143 681 -16.283218288
143 555 -13.7347631492
143 428 -12.588406629
143 730 -8.7180790844
143 479 -13.6076029286
143 655 -16.6644466298
143 186 -9.63391233782
143 572 -15.6370024062
143 446 -12.6124277477
143 191 -11.6023769227
143 448 -12.5040278695
143 833 -11.8503869662
143 417 -10.4440933014
143 451 -11.4738872806
143 866 -13.869645042
143 201 -11.0460368276
143 203 -14.7137519556
143 783 -13.2028004025
143 205 -14.3656455688
143 334 -15.1764927269
143 720 -11.2216480186
143 676 -11.8860962128
143 399 -13.6447630234
143 343 -12.9703975263
143 345 -9.51976393731
143 346 -13.0885523558
143 352 -14.6369662067
143 869 -13.4943495538
143 872 -7.54391056309
143 509 -14.3317776381
143 532 -14.1811743448
143 761 -10.3378409828
143 762 -12.320366926
143 252 -14.5891198042
143 383 -11.8632462528
143 598 -12.2091369858
144 265 -8.92664806885
144 778 -14.9086555131
144 653 -16.5544154392
144 782 -8.82655927425
144 273 -10.6426785132
144 276 -7.97373498687
144 661 -9.35940017513
144 623 -12.8426243969
144 453 -14.2223921296
144 539 -12.9883337233
144 156 -14.1816222519
144 669 -9.0534734586
144 672 -14.7189864524
144 289 -11.4863398002
144 753 -6.52261466199
144 519 -12.9540253166
144 551 -12.2671930167
144 556 -10.5812813805
144 429 -13.2026930885
144 178 -12.6462840054
144 308 -13.7606109075
144 568 -9.99484775262
144 441 -10.2236525061
144 757 -15.4339170753
144 800 -7.44747873797
144 191 -19.3372362715
144 704 -14.0618506889
144 449 -13.7480212336
144 197 -10.7453787644
144 582 -8.35799717728
144 866 -11.3565651784
144 589 -8.69819301651
144 203 -15.4350047798
144 461 -15.3349905531
144 334 -14.3651316092
144 209 -12.9430085095
144 377 -13.7669370187
144 467 -10.747086695
144 598 -10.8865074229
144 858 -12.2290889216
144 349 -13.3886919779
144 699 -13.0847455819
144 351 -13.4062320595
144 614 -14.293537103
144 657 -12.6935232441
144 359 -11.4276084283
144 235 -14.5427287741
144 367 -15.6072496633
144 497 -5.02550691993
144 370 -9.38916647837
144 629 -11.9180092606
144 251 -14.4875919221
144 766 -11.844545387
145 769 -10.9420043139
145 705 -9.21869731055
145 387 -14.30750754
145 391 -9.66887097757
145 521 -9.43613668622
145 408 -6.4351912994
145 525 -11.7579945806
145 558 -14.513928032
145 276 -10.8491657332
145 280 -10.6331297746
145 837 -8.31083560338
145 688 -11.8800290566
145 862 -10.5255402808
145 161 -14.3689248483
145 833 -9.89230004346
145 422 -11.2507585533
145 552 -12.6586894665
145 172 -9.34156132723
145 224 -15.6240893003
145 464 -12.8481743919
145 693 -10.7624312309
145 266 -10.1549564231
145 442 -14.2636795506
145 608 -13.4016913447
145 448 -12.3427556987
145 193 -15.9815092486
145 709 -14.3590385513
145 567 -10.2582908548
145 584 -14.9954585517
145 585 -10.895470459
145 696 -11.6496271348
145 208 -8.78688120068
145 593 -12.9528505038
145 851 -7.01792531174
145 216 -13.8900718707
145 869 -11.6144862428
145 882 -14.9007980756
145 478 -13.0117789197
145 481 -10.4083435914
145 483 -14.4596219219
145 357 -17.2499977037
145 872 -11.8006453901
145 874 -14.6513030141
145 876 -9.69861302931
145 810 -9.89298500095
145 369 -9.70547164918
145 754 -8.97743680038
145 742 -14.9164896391
145 576 -9.63482250225
145 765 -11.9131466419
145 854 -11.3339565606
146 769 -8.30411699858
146 491 -12.2358027273
146 556 -7.63340986446
146 717 -11.8333384468
146 391 -10.3447939115
146 776 -14.1306621345
146 393 -7.70174697788
146 778 -15.5313468269
146 779 -15.6149952692
146 654 -17.2733693978
146 656 -11.6604995933
146 409 -11.2829189206
146 275 -12.3183070157
146 276 -12.5008827002
146 790 -9.22629846719
146 773 -15.9288986666
146 153 -13.1319740428
146 410 -14.5312170568
146 667 -3.06281017937
146 705 -13.1705221278
146 159 -14.0681728677
146 544 -12.3068567984
146 678 -12.6809517272
146 683 -14.2833159371
146 172 -9.82370941395
146 688 -10.7245235598
146 543 -15.413454587
146 311 -7.60614255305
146 569 -13.1180971439
146 757 -12.5598713526
146 319 -12.5520439882
146 566 -12.7785988408
146 193 -13.2749931451
146 865 -13.1652170504
146 579 -11.5672754523
146 162 -11.5160434512
146 586 -12.7309996366
146 786 -12.3797208178
146 461 -14.2349899306
146 846 -14.294391105
146 335 -11.4780926026
146 721 -13.1357058032
146 594 -12.5086831716
146 595 -9.58414320748
146 868 -9.29529222802
146 726 -10.2341061162
146 343 -13.6225125509
146 603 -10.053432588
146 220 -11.1377296709
146 576 -9.22894017371
146 737 -15.6442841783
146 740 -9.67572211343
146 722 -8.21425191818
146 876 -17.9155654472
146 879 -10.458750237
146 372 -8.67198068462
146 374 -12.0096773851
146 247 -12.5143912764
146 760 -9.99466830636
146 235 -10.5039129502
146 635 -12.4667166841
146 252 -13.1786674619
146 254 -10.2015248279
147 390 -12.741859972
147 392 -11.7144154617
147 652 -14.3491879651
147 260 -14.7262285158
147 408 -11.9961024141
147 159 -12.3216496054
147 418 -12.1678913588
147 676 -11.6660144649
147 807 -10.9107075386
147 684 -13.1889760519
147 431 -6.96704689599
147 434 -14.6207088992
147 819 -14.3128390467
147 309 -7.57109400025
147 192 -13.8803911584
147 833 -11.8564580249
147 323 -10.2427736471
147 836 -12.9414162392
147 710 -15.8212708245
147 583 -16.5665462215
147 782 -6.115624366
147 792 -13.0842334726
147 724 -10.4814923993
147 726 -11.7382431974
147 471 -15.6644176329
147 476 -11.8932316481
147 507 -10.0875828835
147 739 -9.70281057397
147 362 -10.6108736588
147 749 -11.0793378038
147 623 -10.4735017291
147 505 -12.8568880244
147 725 -12.6251041973
147 379 -9.39456633795
147 384 -12.6708172075
148 257 -10.5619573306
148 389 -9.52802091253
148 647 -11.8419715397
148 450 -11.7950091175
148 266 -10.5721879033
148 856 -13.3062755117
148 653 -15.5939486337
148 451 -7.18339075414
148 272 -9.1440619349
148 787 -9.99775550462
148 149 -9.54142523795
148 791 -12.344818812
148 730 -10.899910433
148 154 -17.2006579691
148 155 -14.1757443129
148 284 -8.99682569951
148 547 -11.6681960468
148 348 -13.0097833626
148 782 -12.2436749004
148 605 -11.845820056
148 172 -14.9369936677
148 557 -10.480887274
148 819 -11.8463160168
148 431 -7.43934155957
148 434 -10.5826556593
148 563 -16.4446269988
148 437 -5.91655393315
148 438 -10.9719237698
148 578 -12.2978427236
148 869 -9.81797005133
148 441 -8.74516180588
148 315 -15.6150838239
148 318 -15.7955127761
148 476 -11.9140076819
148 448 -13.5858756198
148 195 -10.3051338725
148 836 -6.10276496843
148 328 -12.9011849389
148 714 -8.24705767483
148 485 -13.3898244138
148 335 -14.1552131331
148 336 -12.8876733362
148 209 -15.460932899
148 825 -14.2927218549
148 420 -14.9077452269
148 215 -11.4178893143
148 805 -10.9154497043
148 349 -10.6374417356
148 737 -9.7822129269
148 482 -10.762672608
148 357 -17.1558609149
148 231 -10.5170131125
148 402 -13.1022941244
148 233 -7.18705147862
148 810 -8.76735282022
148 882 -12.7246699736
148 532 -12.3941658576
148 629 -14.4635751983
148 548 -3.43837894113
148 760 -13.3252995593
148 405 -8.76870255743
148 252 -6.63147105061
148 865 -7.28781962161
149 391 -11.6783875942
149 642 -9.533800554
149 649 -13.4655694534
149 365 -10.7225458928
149 529 -14.3212803446
149 786 -9.49751346995
149 787 -16.1190746766
149 278 -11.2145838589
149 739 -13.5053400194
149 856 -13.7110967649
149 475 -10.4551190325
149 159 -17.8958787408
149 288 -13.7956925827
149 801 -11.6234679659
149 419 -12.9001474127
149 676 -16.1583135008
149 677 -10.9789359976
149 683 -12.4533720501
149 174 -7.99220497135
149 687 -12.8615367136
149 862 -14.6614958139
149 819 -5.29232004775
149 565 -10.2077993795
149 823 -11.8673505774
149 522 -12.0085747016
149 544 -7.69248133111
149 693 -14.1217992595
149 699 -13.5720910055
149 188 -13.3142536195
149 574 -9.6587505049
149 576 -11.5792349252
149 705 -12.4224385784
149 578 -9.86604881228
149 195 -8.1146690591
149 800 -13.486386533
149 718 -6.92180053119
149 466 -10.2298667719
149 339 -14.7044655613
149 596 -10.0246808505
149 214 -12.2122720358
149 805 -13.2347789494
149 218 -15.071878718
149 478 -11.6963627954
149 607 -14.8296697954
149 865 -12.1899390957
149 610 -11.5647707027
149 828 -9.41083624253
149 741 -11.4455642655
149 486 -13.6515330908
149 871 -11.7123571404
149 235 -10.0391785643
149 624 -9.66621972499
149 376 -11.7740947465
149 761 -12.4532300505
149 506 -7.2045019511
149 763 -13.2631785322
149 704 -11.1405648244
149 637 -11.1348278808
149 254 -15.5746637727
149 383 -13.6641152047
149 662 -14.6260539981
150 644 -8.11394375064
150 862 -10.0741819806
150 394 -16.1430460506
150 267 -13.1147730118
150 525 -4.88100112064
150 526 -8.32236024176
150 302 -13.1458890532
150 529 -14.095169658
150 601 -14.2695371194
150 844 -13.2691560961
150 155 -12.4023465556
150 688 -12.3726410825
150 414 -16.3995035392
150 262 -10.7879971279
150 816 -13.9466369319
150 548 -14.2441140502
150 549 -12.6693766386
150 667 -8.17848118567
150 733 -12.0413838387
150 518 -8.76141766604
150 663 -10.5523182728
150 670 -13.3985720755
150 182 -11.8950679409
150 183 -13.8310217328
150 312 -12.0075636013
150 186 -13.7051671588
150 572 -17.5916848403
150 189 -12.8760917384
150 446 -13.4861352752
150 576 -10.8848948064
150 442 -9.46066345406
150 523 -10.1037327625
150 685 -6.83840409298
150 713 -15.4149879175
150 632 -11.8073845959
150 205 -13.5706306513
150 547 -10.4704230517
150 337 -12.7997498449
150 854 -12.0640213503
150 212 -12.2970400769
150 822 -13.7888011728
150 215 -10.8629317567
150 344 -13.6884018921
150 217 -11.7328285886
150 474 -14.4722642507
150 219 -7.86684236177
150 528 -4.26864282391
150 349 -6.64629333941
150 222 -13.4281299644
150 607 -11.4257684591
150 353 -11.4410457145
150 658 -11.3062413461
150 363 -13.0108901992
150 239 -9.11219690175
150 368 -13.6325304585
150 857 -9.06881767308
150 762 -3.30666311252
150 640 -16.3549304055
151 387 -13.6051906666
151 748 -13.1814696804
151 813 -11.9005711963
151 395 -9.92951788596
151 536 -12.7244612473
151 654 -12.2488574383
151 271 -16.1639001211
151 814 -10.9818178517
151 401 -12.4732917873
151 530 -9.63624785729
151 403 -8.83315454817
151 836 -11.6176043281
151 559 -12.0252408891
151 218 -11.8109260892
151 680 -11.2198804254
151 739 -10.1393374111
151 796 -11.0507420206
151 285 -12.6757796012
151 158 -12.7309333316
151 671 -12.9390513764
151 161 -17.8402337737
151 290 -12.1376249338
151 691 -14.8137903516
151 165 -12.3752546515
151 583 -8.46464459442
151 434 -9.85498894178
151 689 -9.18871034208
151 812 -16.4882149239
151 685 -12.3938977204
151 430 -12.6136414949
151 431 -13.6699914254
151 734 -13.8773086888
151 393 -11.2488104588
151 435 -15.9191617669
151 436 -13.807600334
151 799 -12.5343225654
151 185 -13.1697729596
151 443 -14.4113637575
151 444 -13.3306471795
151 832 -15.5071890551
151 193 -10.1162389805
151 708 -11.5871804262
151 777 -11.8151475473
151 333 -14.281398866
151 205 -10.9376022033
151 462 -12.4222706752
151 593 -9.27418490562
151 339 -12.5570300809
151 341 -6.54452265547
151 854 -15.8687177793
151 599 -6.24530932963
151 293 -11.8688433058
151 732 -12.2169974282
151 221 -14.8008818012
151 222 -13.8737357746
151 735 -10.5421325288
151 480 -16.0836238999
151 610 -11.7621467744
151 483 -9.60156611542
151 797 -12.3627653242
151 621 -14.6759023707
151 369 -12.9006885843
151 682 -6.59234153956
151 764 -12.9664917789
151 765 -16.123978367
151 820 -10.5205380182
151 687 -13.1275702012
152 386 -12.9988809305
152 477 -13.1514525518
152 556 -16.3360618864
152 517 -10.6106146925
152 263 -11.7336124646
152 666 -11.4474470841
152 268 -7.15778520881
152 270 -15.9807148401
152 533 -10.7426710454
152 815 -13.7396745014
152 407 -14.2837145612
152 536 -12.7922738325
152 793 -13.6318849214
152 645 -8.89142978425
152 155 -13.2964681766
152 496 -12.9544709251
152 801 -6.08848427182
152 802 -13.7357036457
152 292 -11.4822178157
152 519 -14.3680595023
152 423 -14.0246397187
152 298 -12.3276150059
152 685 -12.6568833117
152 559 -12.9578167916
152 880 -10.3259908857
152 306 -14.2716797939
152 308 -13.4691534323
152 440 -13.0617042342
152 185 -12.6256229789
152 698 -12.3310749909
152 190 -13.4492979829
152 460 -11.2233310863
152 197 -14.7480549576
152 199 -10.5060994742
152 840 -10.7471322947
152 457 -11.2747512001
152 653 -12.1305482043
152 332 -16.8574308584
152 583 -13.145703757
152 206 -12.6434294234
152 647 -14.5207192514
152 792 -13.3474852075
152 825 -8.69222369357
152 341 -9.33285320078
152 847 -13.6329888918
152 599 -14.6958513455
152 345 -10.4705806158
152 773 -10.5129939192
152 351 -12.1844046452
152 232 -12.1171245976
152 520 -11.6743475828
152 240 -12.7351370209
152 499 -9.93088635866
152 510 -9.48536389446
153 257 -8.81563346211
153 386 -9.85367394554
153 700 -10.4392189915
153 261 -14.5961336075
153 393 -13.5423723553
153 266 -11.050173626
153 274 -11.6259119481
153 270 -11.4987446476
153 399 -9.36945068299
153 529 -10.1568138505
153 404 -7.82014231266
153 539 -11.8738802326
153 159 -13.7549493524
153 572 -16.8939984203
153 676 -11.9407177553
153 679 -13.9402975595
153 811 -12.2125513099
153 599 -9.72600754602
153 435 -9.93716235053
153 872 -11.2869105923
153 823 -14.6401165201
153 312 -11.9451637289
153 697 -15.0636211515
153 698 -11.4889803316
153 699 -15.8568604459
153 510 -12.1573097436
153 830 -9.06724151786
153 869 -13.5904991252
153 321 -14.6692253338
153 452 -15.0061545568
153 328 -9.0897293853
153 357 -9.33926684691
153 460 -11.3969326767
153 485 -8.67137278312
153 766 -12.4639454751
153 850 -10.1097706741
153 211 -11.6872746128
153 471 -16.2487319633
153 293 -11.7980020327
153 603 -7.37918974889
153 848 -10.0199098341
153 350 -10.7313428398
153 767 -13.7643945218
153 356 -6.72377563053
153 871 -13.9033126941
153 232 -14.2426878377
153 234 -7.97819705361
153 364 -11.1691964331
153 237 -8.90253460212
153 467 -9.03227086419
153 627 -12.738536779
153 884 -13.4139575908
153 245 -8.62357982721
153 502 -16.3833277554
153 631 -17.1415890819
153 362 -14.1259617095
153 764 -15.7395460692
154 670 -12.6222416214
154 643 -12.3305652865
154 261 -13.7376376166
154 518 -12.8035259307
154 264 -9.76184575289
154 650 -8.11134262467
154 632 -11.5971668188
154 657 -10.496320629
154 661 -13.5198801101
154 594 -16.6412494582
154 536 -14.6810012815
154 538 -12.3620506005
154 284 -17.1270562715
154 285 -7.32687435882
154 414 -11.0587334712
154 161 -12.8658896548
154 290 -13.0361656282
154 701 -7.70742223536
154 806 -14.0316967701
154 475 -12.7109683207
154 413 -14.7089000449
154 811 -11.7671304803
154 755 -11.7639228766
154 303 -11.7027877263
154 176 -15.2377982852
154 822 -5.26774677923
154 183 -6.85568616521
154 440 -13.7257126678
154 442 -14.5243419166
154 189 -10.0520915304
154 191 -11.2721568828
154 324 -12.361814991
154 674 -12.263773283
154 585 -9.31898531713
154 203 -10.5756466346
154 847 -13.4862496596
154 592 -15.0158155852
154 727 -14.9256348866
154 344 -5.56960382583
154 345 -11.6460676689
154 762 -14.0257340313
154 219 -13.3445826424
154 720 -13.5212820767
154 863 -12.0664665415
154 865 -6.0443135989
154 357 -12.1340871225
154 231 -9.41438563591
154 338 -12.3051816241
154 490 -9.07579752983
154 366 -12.9365731756
154 368 -10.6646112465
154 628 -14.0104326927
154 501 -12.094587032
154 831 -10.2714670171
154 708 -8.62463701826
154 377 -15.6441816262
154 250 -12.7791487059
154 509 -14.538334961
154 638 -7.54130786804
154 560 -14.2658807729
154 384 -13.5375648398
155 392 -11.7271001608
155 585 -11.0909085653
155 271 -6.76633197603
155 400 -12.8006354627
155 601 -12.7023436585
155 789 -14.2336218222
155 873 -7.56753795241
155 665 -12.7263477882
155 581 -15.688679754
155 796 -7.60145753179
155 607 -14.5666368714
155 158 -12.1158021598
155 159 -12.771914292
155 288 -12.897206082
155 289 -11.0866593473
155 290 -10.9427302384
155 163 -13.2697733083
155 421 -12.1960085039
155 712 -7.55464580106
155 298 -8.75882244849
155 847 -12.7887009144
155 584 -12.2970439592
155 173 -12.7601465003
155 798 -8.30747318265
155 457 -11.4088884955
155 819 -15.5633921817
155 372 -12.3113852958
155 437 -12.3524550867
155 566 -15.110211046
155 183 -13.6866145462
155 568 -10.1385631356
155 825 -12.7607877187
155 700 -13.1710166599
155 318 -13.8602578475
155 704 -11.0750672527
155 705 -12.9362287508
155 326 -10.7127063845
155 200 -11.964350463
155 201 -14.0050800675
155 259 -12.0379943162
155 824 -14.0092049408
155 205 -13.8281844515
155 745 -9.57054350316
155 591 -13.8259609645
155 849 -14.7814098575
155 210 -15.0776290731
155 527 -14.2288656141
155 599 -8.86760673581
155 473 -9.77493971169
155 732 -10.6868293869
155 477 -10.1596696841
155 818 -10.8358495502
155 361 -15.3092212767
155 366 -11.1429381497
155 623 -13.8815133837
155 418 -12.256546743
155 373 -10.7317616249
155 758 -11.9428119223
155 768 -10.7094855513
155 254 -14.3828110627
155 406 -16.8757476771
156 514 -12.3362013526
156 771 -14.424689184
156 516 -10.9138729056
156 773 -15.9327593799
156 648 -12.6791359754
156 685 -7.15920059843
156 273 -11.2174546943
156 408 -13.6990180553
156 409 -8.87487792229
156 496 -12.7932679156
156 288 -13.9859988955
156 545 -14.7123017729
156 674 -11.2394254497
156 799 -11.2845806405
156 420 -5.6011917943
156 295 -10.4409478824
156 168 -13.1777957624
156 682 -13.9612804971
156 555 -10.3257561624
156 684 -11.1064138814
156 302 -14.4749635095
156 747 -16.6261268686
156 683 -13.9216878034
156 774 -12.5293034333
156 566 -13.4765789922
156 567 -15.0459105139
156 312 -15.6192920564
156 527 -14.7974790048
156 189 -7.16844763517
156 321 -10.2114666398
156 710 -10.47283798
156 333 -9.08567910712
156 812 -13.7593186856
156 848 -13.8151260881
156 471 -13.1666148674
156 626 -11.4557214782
156 729 -13.5055201159
156 347 -12.8208250409
156 864 -9.7554660199
156 226 -15.0263544825
156 612 -15.978111092
156 466 -10.3315532583
156 317 -15.8463514679
156 491 -8.81597030098
156 878 -11.9606353065
156 240 -12.1455119904
156 498 -8.77428632844
156 756 -12.341524738
156 533 -10.4215363456
156 763 -10.2719651008
156 637 -15.4951386598
156 785 -17.9673653974
156 384 -10.8693524681
157 386 -10.5378109348
157 492 -11.1251843962
157 392 -13.9823085958
157 521 -11.6502444858
157 273 -13.3273844506
157 276 -9.78954747743
157 790 -12.5197920355
157 662 -10.7720078118
157 666 -14.7746697987
157 282 -13.2142542315
157 414 -11.5581154167
157 671 -7.132898706
157 161 -14.4503168477
157 418 -12.890533371
157 419 -14.7434917685
157 548 -11.4969591326
157 165 -10.9267799469
157 735 -16.3070467685
157 689 -10.5661298797
157 554 -11.5707079941
157 768 -12.473356271
157 173 -10.5462242827
157 670 -9.11629582566
157 620 -12.2198148124
157 753 -13.4504010276
157 692 -14.3528128795
157 565 -8.80788836936
157 310 -15.1347622315
157 184 -14.1814472829
157 441 -8.35782493162
157 245 -14.054766574
157 444 -4.62125251856
157 574 -15.1106130598
157 575 -9.85426885721
157 832 -10.3915949407
157 709 -14.395600372
157 732 -9.28603112123
157 494 -10.670420095
157 696 -4.69329094569
157 208 -9.0813496311
157 593 -17.1712806647
157 594 -12.4592745509
157 723 -12.3044821568
157 468 -17.5920399939
157 470 -7.07432665871
157 600 -13.5678384196
157 730 -11.1129381241
157 220 -8.85706776816
157 861 -10.7513435067
157 864 -12.2191077082
157 236 -13.8492363394
157 493 -14.9700476024
157 495 -15.3984750192
157 497 -14.2247359091
157 756 -12.7942753235
157 630 -10.1465261718
157 761 -10.5513653793
157 763 -14.5746009534
157 764 -12.8378169888
157 381 -12.3286766358
157 726 -13.7373361533
158 641 -6.74728776463
158 770 -15.0630122913
158 428 -12.9920890071
158 645 -8.87379022864
158 390 -11.907892535
158 649 -13.9132420397
158 394 -11.7244491359
158 267 -11.8110543954
158 622 -10.0853550796
158 774 -10.7056655164
158 406 -9.70572512732
158 540 -12.9712315482
158 669 -14.4233676545
158 411 -7.05874177802
158 544 -13.7306450425
158 163 -13.9842014889
158 668 -16.1570986728
158 422 -12.2022899275
158 846 -13.397513215
158 879 -9.93711625248
158 791 -9.91511247216
158 693 -8.56606893247
158 441 -16.3815219205
158 829 -9.61035042931
158 493 -9.95108457339
158 319 -10.4653631172
158 578 -10.923200641
158 200 -10.6780493364
158 713 -7.51673133388
158 332 -10.0303787227
158 760 -8.24071248625
158 419 -14.95541989
158 207 -14.0643148796
158 782 -11.0841297438
158 868 -13.9554473894
158 215 -12.3552968083
158 856 -11.7145673417
158 732 -10.6402436455
158 221 -12.160673473
158 222 -12.8754114758
158 479 -10.0057716966
158 482 -10.9719258218
158 483 -14.4087727309
158 228 -9.61188691773
158 488 -11.9293302494
158 365 -13.9330824695
158 366 -10.4072785646
158 495 -11.1523393838
158 752 -13.6934574051
158 241 -11.5442386205
158 767 -14.4375073932
158 633 -14.2908702478
158 762 -12.8106360943
158 637 -11.1040383606
158 383 -9.72739543387
158 512 -10.2044510843
159 772 -11.2228447677
159 470 -10.6592447023
159 622 -13.7928419277
159 397 -13.4112189213
159 598 -7.52543798304
159 528 -15.4083490441
159 879 -14.3371095952
159 794 -12.1480804964
159 541 -14.0207207345
159 603 -14.7472782467
159 289 -13.8096353908
159 807 -15.7854575513
159 168 -17.3700402288
159 170 -14.2744585789
159 427 -16.15823812
159 301 -9.31300519337
159 815 -13.8483940446
159 562 -7.32802576235
159 307 -12.206207292
159 436 -13.5546140402
159 735 -10.6040077203
159 439 -13.0245598461
159 458 -12.464118511
159 315 -9.00098268786
159 317 -13.7691122853
159 651 -8.58418070584
159 703 -12.8533360815
159 835 -11.8569026559
159 708 -11.5446277655
159 837 -15.7870516092
159 839 -14.4160578798
159 457 -8.5152127489
159 547 -15.0538249013
159 207 -14.7704572948
159 465 -9.18366188241
159 761 -7.8211710303
159 851 -4.89472745936
159 335 -17.1911952465
159 600 -8.63001352037
159 219 -11.153005774
159 223 -15.8916810109
159 224 -12.9104827875
159 750 -12.0954077757
159 742 -10.4544265725
159 616 -10.0725509992
159 665 -11.1148586361
159 680 -11.3887813252
159 365 -13.1993887944
159 238 -9.53384416637
159 751 -13.6619353227
159 755 -13.2739480626
159 247 -11.8192849976
159 249 -15.6879925608
159 405 -12.8124228554
159 640 -9.48190073028
159 256 -18.0875654092
160 647 -10.0205132516
160 393 -13.8090527414
160 269 -6.91214916329
160 787 -9.01785545964
160 580 -12.6391993131
160 486 -9.87661421211
160 542 -7.67823598824
160 673 -9.88977709559
160 162 -10.2063693243
160 420 -14.9013978518
160 296 -11.1084615799
160 285 -11.5632757134
160 777 -5.18977308716
160 691 -9.15099468875
160 184 -8.11540603952
160 574 -8.47022425003
160 319 -15.4362576802
160 448 -16.4951889688
160 702 -11.0158207827
160 875 -7.18245302488
160 324 -13.678525279
160 201 -13.4192326618
160 458 -16.5360830511
160 312 -13.6908338669
160 206 -14.8105718245
160 334 -12.01676602
160 548 -13.6168441601
160 186 -12.3742582486
160 477 -10.8956078236
160 222 -12.8151624855
160 605 -6.80991639378
160 610 -15.7313933941
160 227 -9.30789241928
160 869 -14.6589387828
160 230 -15.7765459784
160 611 -10.0374665973
160 360 -15.197196598
160 874 -8.05026963675
160 236 -10.5724838821
160 239 -13.6091559868
160 368 -11.9273076482
160 870 -8.04806232318
160 725 -12.7726326512
160 251 -13.2453418538
160 764 -7.48578680055
160 235 -10.3882963471
161 410 -13.6627108606
161 513 -13.1810483045
161 492 -10.1585834249
161 392 -10.7252792143
161 267 -7.98102922979
161 396 -11.1777581924
161 658 -12.8412611316
161 275 -15.2619104828
161 404 -11.4507450852
161 662 -12.5488256642
161 280 -13.3049268352
161 454 -8.73250649541
161 162 -11.3172502993
161 420 -11.3015884289
161 728 -6.79159951217
161 168 -11.5260023285
161 425 -6.70004902195
161 170 -8.5017188741
161 811 -10.8098533857
161 172 -4.56836875436
161 680 -16.6152659885
161 178 -8.80974047661
161 564 -12.5029257081
161 185 -10.6271734477
161 652 -11.6944888162
161 326 -14.1900542398
161 200 -12.7154783206
161 762 -10.5437963892
161 441 -15.6252676496
161 723 -8.47981338209
161 724 -10.8376660226
161 469 -13.8123004568
161 399 -8.78789254342
161 626 -10.8885148051
161 690 -11.2965715909
161 475 -13.6632307552
161 221 -12.5097839224
161 882 -14.2501110188
161 605 -7.95530322813
161 360 -13.0271714845
161 745 -9.50520789928
161 491 -14.4954909273
161 296 -12.9030770628
161 403 -14.4950625849
161 873 -10.3290192154
161 369 -8.37950293885
161 498 -11.5406886215
161 627 -14.3003961597
161 757 -9.93778019329
161 546 -9.76653824016
161 376 -11.297634473
161 506 -7.72554428716
161 763 -7.18029302374
161 508 -6.77931662015
161 619 -7.70378729297
162 751 -13.7228270585
162 878 -7.08715554749
162 683 -11.3035037483
162 649 -11.8573538718
162 792 -16.2198971837
162 269 -12.3304470938
162 835 -11.186149135
162 655 -15.3672814783
162 403 -14.4957680196
162 278 -15.1433731595
162 664 -12.6590238173
162 432 -14.6027082725
162 286 -9.66602938762
162 546 -15.48836065
162 803 -10.2714405365
162 550 -12.8643864475
162 168 -13.9590010991
162 298 -10.7915469472
162 555 -13.9869654899
162 776 -10.7438309602
162 851 -14.4470586476
162 815 -11.6985548685
162 304 -16.8323806653
162 563 -10.4935964224
162 436 -11.6399721458
162 566 -13.4360606403
162 650 -13.1813806231
162 441 -12.9857863243
162 181 -10.9624768959
162 817 -12.0245270024
162 446 -8.25721847752
162 704 -12.0160407176
162 193 -12.7418074403
162 323 -15.2189866042
162 588 -10.1096959387
162 883 -12.9062991341
162 455 -14.2065117546
162 328 -11.2610711681
162 653 -13.4203121381
162 332 -6.06071296365
162 583 -10.7895107751
162 462 -10.0802338775
162 209 -12.2332736273
162 466 -9.33298044357
162 778 -12.6853500745
162 213 -7.60536305214
162 728 -9.36944319914
162 729 -14.3351973897
162 731 -11.0392891978
162 222 -10.9305724365
162 801 -16.614777761
162 225 -9.33889429764
162 593 -11.7583134176
162 740 -13.4963640267
162 232 -7.88400398215
162 622 -10.893308258
162 367 -8.79627084125
162 245 -13.4355716115
162 374 -12.7929848024
162 247 -8.5681002565
162 632 -11.2002073318
162 379 -13.4646221403
162 254 -16.4192054709
162 255 -15.4875253405
162 662 -12.2311073659
163 771 -15.1631511928
163 397 -16.95867876
163 272 -13.8810915122
163 403 -8.26682467295
163 533 -13.7062012785
163 791 -13.0396537054
163 665 -11.826213738
163 669 -13.3057312412
163 294 -13.7559721494
163 667 -4.58798570662
163 554 -8.20949288013
163 556 -12.8022325207
163 854 -14.1306033505
163 175 -15.4310974688
163 312 -10.7859020408
163 697 -8.22380599006
163 832 -10.0203381645
163 834 -13.4717144676
163 454 -9.79533189494
163 845 -12.773729795
163 761 -12.7989930078
163 851 -9.95868987801
163 724 -8.97070595994
163 470 -14.4089369347
163 859 -10.3967390162
163 400 -9.60784006134
163 352 -8.59803625788
163 636 -11.3507378831
163 614 -14.5050499594
163 797 -15.3210976115
163 489 -8.63524318276
163 829 -16.45648263
163 239 -11.6174243482
163 496 -13.0808202043
163 372 -14.48450008
163 375 -10.7097356317
163 249 -11.0066268365
163 254 -11.2216972652
163 512 -9.3570957732
164 513 -9.63514966778
164 504 -9.98423307983
164 649 -14.3439226328
164 621 -14.1666986131
164 267 -8.58719920185
164 696 -11.342413279
164 760 -8.09093183374
164 274 -9.94655050165
164 275 -10.0821773339
164 791 -13.2263584834
164 280 -12.9579004135
164 411 -16.2925426087
164 165 -13.431787883
164 550 -7.32094914428
164 680 -9.91519749308
164 714 -7.97564760587
164 697 -8.79570360281
164 429 -14.0884137174
164 688 -11.9018634818
164 817 -12.5108335663
164 595 -10.4620829621
164 310 -7.15440125411
164 441 -15.8717765087
164 707 -16.8170645246
164 315 -12.1798915024
164 779 -17.7076839523
164 323 -15.1894174958
164 836 -8.7746349205
164 710 -8.42615626292
164 200 -13.5465197364
164 333 -12.1576930504
164 205 -11.221697428
164 569 -12.5316560912
164 468 -10.3837970271
164 471 -8.28742035292
164 699 -8.69606018672
164 864 -8.8317908318
164 345 -16.9250362467
164 226 -6.3858539031
164 358 -8.18992827636
164 359 -14.279845239
164 402 -12.7803793541
164 492 -10.9383816711
164 467 -14.8021683601
164 712 -11.0171463063
164 881 -9.66559241235
164 840 -15.6137976035
164 763 -10.2970011652
164 363 -9.82651938839
164 767 -11.4892049511
164 384 -8.52499080053
165 257 -17.3432101548
165 572 -12.2350811454
165 517 -16.0355852579
165 266 -8.97749140012
165 269 -11.9293622921
165 401 -11.5194566649
165 403 -10.5838353331
165 543 -6.83389181697
165 540 -6.04854767529
165 798 -16.2821492554
165 415 -11.9231082051
165 326 -7.8198551721
165 735 -9.75016579137
165 418 -12.3427109151
165 805 -11.8575371335
165 422 -10.4405944181
165 680 -12.426212427
165 810 -13.85311496
165 819 -11.765092427
165 478 -7.52113467448
165 435 -17.490261065
165 308 -9.92694636724
165 316 -13.1684579037
165 445 -9.31800882898
165 324 -9.73512852177
165 311 -12.6079578737
165 199 -17.9019275753
165 455 -13.8854343387
165 458 -10.8441391367
165 762 -12.1578773598
165 845 -12.6189197428
165 591 -11.4724608118
165 467 -9.4149159992
165 597 -9.92895019565
165 506 -10.5426074753
165 220 -12.1086749412
165 861 -11.0351113701
165 607 -7.55585876337
165 228 -9.97430500846
165 361 -11.691529969
165 235 -12.2662055457
165 876 -12.7314370022
165 237 -12.1278553579
165 238 -12.3071704618
165 239 -15.6452661182
165 752 -15.7680226884
165 626 -9.79830715229
165 884 -14.3344973777
165 629 -15.1499594032
165 377 -11.6887832422
165 495 -12.7906945085
165 380 -11.0909379588
165 510 -11.0553312886
165 383 -11.9085439126
166 879 -11.7312481207
166 389 -6.21517276582
166 264 -9.46302232804
166 271 -9.62739102031
166 657 -11.4315267412
166 658 -9.3874922119
166 277 -9.63035936276
166 790 -12.820322911
166 619 -16.8854035435
166 284 -12.7108937707
166 667 -12.0479537314
166 672 -9.68594502192
166 675 -9.10308254663
166 552 -12.8667795801
166 810 -11.9381232351
166 301 -9.62544361088
166 178 -9.47069243363
166 435 -15.0412810993
166 692 -9.02883409809
166 578 -13.9820773681
166 568 -6.76022159737
166 186 -11.7227361913
166 701 -10.8699882211
166 574 -8.74335647992
166 835 -11.0434920154
166 324 -9.24010030138
166 763 -13.8535623007
166 457 -12.2729887354
166 714 -14.0077231822
166 725 -12.0922811474
166 506 -15.1539893206
166 478 -14.0400937519
166 607 -12.6289060938
166 610 -10.2834306766
166 867 -14.9079418879
166 635 -8.87402402304
166 615 -12.4805221121
166 405 -15.3690399844
166 366 -10.1760223886
166 367 -15.2673480861
166 250 -14.8877824665
166 379 -6.70690981869
166 380 -12.8724898395
166 510 -10.6651660558
166 255 -10.2136327568
166 512 -8.42280167858
167 215 -9.40673061081
167 264 -11.6590498358
167 813 -15.8665680152
167 527 -12.8362990923
167 272 -14.1418689896
167 564 -12.4267501076
167 533 -13.3398905066
167 534 -10.6231281561
167 407 -13.1024092796
167 287 -12.4947814651
167 774 -12.2621403406
167 802 -12.5475137134
167 675 -16.5741500961
167 452 -11.8386416144
167 557 -12.9555317134
167 302 -13.4080001213
167 561 -12.8073381255
167 818 -7.16619801058
167 180 -6.15664798272
167 855 -14.865514954
167 825 -10.7429741617
167 442 -16.7029537495
167 699 -12.8237875186
167 188 -14.8576508862
167 449 -11.9269624763
167 194 -10.7447268277
167 425 -11.5670958816
167 454 -14.8691248083
167 583 -10.7105842237
167 840 -10.3341090325
167 627 -8.30811955808
167 593 -11.4128886266
167 722 -12.8058775118
167 467 -12.9440614417
167 725 -8.57174770185
167 655 -15.7466297078
167 366 -14.0393795375
167 345 -13.7240686465
167 784 -8.97554353694
167 599 -11.4512723082
167 607 -9.97665929453
167 608 -10.2989301205
167 610 -13.7084134958
167 867 -11.3136816017
167 572 -12.7941073781
167 686 -10.2455295506
167 692 -16.8096160718
167 364 -15.4365478505
167 367 -10.384436947
167 242 -9.59066026562
167 756 -12.8429158853
167 629 -13.0864152525
167 246 -11.670977878
167 836 -5.36976027056
167 510 -11.8866293217
168 849 -14.2871570354
168 770 -12.4091383621
168 260 -11.0420052519
168 517 -13.3422787155
168 518 -11.5561699851
168 264 -9.9689959269
168 649 -9.34752683115
168 652 -12.2489169306
168 269 -12.669358344
168 399 -14.3399796178
168 656 -9.83436157911
168 345 -13.4001371041
168 659 -13.035636704
168 405 -17.2429814561
168 815 -10.3853072054
168 694 -11.8693415818
168 286 -10.5233807991
168 454 -13.6010424753
168 803 -12.3672832563
168 422 -7.03721288971
168 475 -10.9427266805
168 775 -10.2387463658
168 859 -15.3616908852
168 686 -15.8608662479
168 582 -13.5903938137
168 798 -8.62179332193
168 562 -13.3246014212
168 307 -9.85415319998
168 181 -12.2689655773
168 182 -16.1428206973
168 696 -13.1522378743
168 565 -15.6700869302
168 831 -15.2614913465
168 581 -13.5591170309
168 713 -12.3743989584
168 715 -6.05214440203
168 204 -17.751193066
168 720 -7.36807688251
168 338 -16.6250795034
168 723 -13.8644980377
168 344 -14.1133064741
168 217 -9.09396077051
168 310 -12.4471768839
168 784 -9.89584075112
168 478 -14.2244659521
168 223 -9.28273541261
168 481 -10.1156245926
168 721 -12.9013115589
168 814 -14.2651703797
168 741 -10.0187989332
168 742 -9.52688657503
168 763 -11.4236199965
168 619 -8.67245346956
168 751 -11.726916301
168 368 -10.797588888
168 810 -12.3318977373
168 635 -10.7203415875
168 819 -14.2461712636
168 637 -11.4486058872
168 382 -15.6888888403
169 641 -12.2058863704
169 386 -13.5874537077
169 775 -12.122873053
169 624 -12.4825577238
169 266 -12.7187121229
169 780 -12.3324799565
169 782 -12.4837090308
169 401 -15.4216809975
169 824 -14.0762063602
169 790 -11.4709370554
169 278 -14.5453888423
169 662 -15.7425884644
169 722 -14.6822957534
169 540 -10.7750743322
169 286 -17.1167955562
169 800 -13.8592807535
169 476 -11.778601592
169 293 -10.0920294372
169 298 -11.8806718957
169 555 -14.5643872359
169 685 -10.0863714648
169 177 -7.58826382207
169 179 -14.0011416971
169 694 -15.0107965228
169 568 -11.4852135105
169 446 -11.9128306472
169 190 -14.3130562975
169 822 -11.40596116
169 609 -12.1293218548
169 199 -13.0840699418
169 330 -13.2559191811
169 716 -12.9484894933
169 718 -11.0509246356
169 463 -10.0821423476
169 336 -14.4361609291
169 313 -11.1308791365
169 340 -16.8052270971
169 602 -10.1628188037
169 348 -11.1041879065
169 351 -13.6102466778
169 736 -13.6288822325
169 481 -8.88218152381
169 865 -10.7955174306
169 483 -11.9924768587
169 612 -11.1299442846
169 613 -14.2370379178
169 466 -10.4842909849
169 875 -10.2390886463
169 493 -8.82734982912
169 368 -7.85394463396
169 724 -17.1314267967
169 874 -17.1658524536
169 633 -11.9676904958
169 255 -10.5038166709
169 384 -10.3679937286
170 644 -14.4524916285
170 518 -12.8503522546
170 557 -13.212308347
170 651 -11.4182732632
170 879 -8.29366614875
170 751 -9.09064797075
170 792 -11.4458678563
170 739 -13.5034351781
170 667 -14.0654309294
170 668 -10.2893155131
170 781 -13.0740540352
170 286 -11.2936593669
170 288 -14.4130352472
170 292 -13.2340114573
170 294 -8.42917834433
170 296 -9.76006478338
170 264 -16.1774202595
170 173 -11.525910621
170 304 -15.9670628222
170 386 -17.284178698
170 181 -12.9601907279
170 543 -13.5473651339
170 650 -14.6902062219
170 313 -14.8881194831
170 187 -10.2542435513
170 736 -13.5744604977
170 573 -11.7713299191
170 446 -14.8286510818
170 832 -16.1297371748
170 459 -13.9638959316
170 451 -6.7261914758
170 203 -8.19938780089
170 332 -12.6323140096
170 334 -8.63121258512
170 468 -14.3562317565
170 853 -11.7873601177
170 856 -11.5648476278
170 602 -14.5168493883
170 604 -9.03731875828
170 350 -13.0096792258
170 732 -14.9554414431
170 737 -13.5751181662
170 483 -10.6995951318
170 229 -12.9906520301
170 807 -14.0665138694
170 871 -10.9444704467
170 232 -12.1023341124
170 489 -14.7994615165
170 874 -15.5324352648
170 367 -11.9736145044
170 617 -13.5181935043
170 629 -14.5839649
170 247 -13.3301280399
170 634 -11.2183112538
170 635 -8.85713064698
171 393 -9.42620259327
171 620 -16.2392736934
171 663 -11.6676129454
171 653 -16.5025737462
171 399 -12.9531615986
171 784 -12.5296789373
171 531 -13.2362332536
171 708 -11.549726778
171 772 -14.2514094427
171 278 -12.9691969586
171 537 -8.76656864371
171 282 -14.9384845696
171 816 -4.56788824392
171 800 -11.3558514387
171 676 -12.0603591596
171 677 -10.9184958003
171 681 -9.67021157217
171 477 -11.0298204837
171 303 -11.1399241762
171 560 -12.0638434432
171 306 -10.0115555717
171 691 -11.0651814191
171 820 -14.1346152341
171 736 -11.2435192937
171 825 -12.3916614875
171 314 -14.3366299526
171 608 -13.1480801073
171 572 -8.9633044713
171 829 -12.0360075126
171 651 -9.11109672492
171 191 -10.9577357295
171 832 -13.120119721
171 578 -13.6837572741
171 326 -12.0477426513
171 199 -12.4844323404
171 714 -14.4461717002
171 205 -10.8199906227
171 826 -12.8164288851
171 463 -15.1858333975
171 338 -13.343718794
171 467 -11.974734276
171 852 -12.4376801398
171 727 -7.57936637256
171 762 -8.31103520906
171 218 -10.0988366882
171 219 -13.9590341155
171 478 -8.89376509984
171 480 -13.710268685
171 466 -13.822823793
171 233 -13.846472245
171 616 -12.8078245798
171 237 -13.797814062
171 626 -12.706916098
171 243 -16.5125254731
171 884 -12.0719037575
171 248 -13.1248996216
171 377 -16.0042265365
171 755 -15.2789826623
171 790 -13.9893293687
172 385 -10.8599639736
172 515 -11.9982556284
172 645 -12.079240782
172 776 -10.6714493319
172 566 -14.335393443
172 525 -12.5983793357
172 654 -13.9060483933
172 662 -11.7801783743
172 536 -9.82284127562
172 688 -15.0704808485
172 689 -18.2050278505
172 701 -10.2668917988
172 805 -10.8925288205
172 423 -10.3971731296
172 426 -11.1700739407
172 300 -10.6809971914
172 816 -12.836423675
172 687 -15.6314710832
172 563 -13.3891579948
172 595 -12.9811244335
172 864 -10.1755766661
172 189 -13.4174785389
172 529 -8.18083893607
172 182 -11.8666929255
172 194 -15.3310883436
172 325 -11.0286389788
172 781 -14.1513824552
172 203 -8.56736374469
172 334 -8.61098517173
172 289 -12.3393951257
172 467 -11.3424104358
172 417 -9.70442593846
172 597 -13.4679342675
172 342 -5.44177879768
172 788 -11.7044342923
172 480 -11.6752015027
172 609 -9.83298191991
172 226 -13.3923818205
172 679 -10.2884096673
172 360 -9.15736726263
172 233 -7.44705146118
172 366 -10.2668519073
172 495 -9.71128819571
172 880 -13.5328905206
172 242 -15.2570143148
172 247 -12.3556541443
172 785 -17.5513188168
172 383 -14.7477569562
173 261 -15.3804053701
173 518 -9.32499829312
173 775 -9.04267777139
173 521 -14.8642527184
173 402 -11.5043205528
173 534 -12.176697535
173 283 -8.12873016868
173 411 -12.8782603504
173 290 -9.2576010941
173 434 -10.9196565271
173 689 -9.53292636973
173 555 -12.6088445187
173 686 -14.2851476986
173 670 -8.17240771206
173 305 -9.14127979334
173 306 -8.40354246961
173 884 -11.3213552483
173 183 -14.605549463
173 441 -11.9890099829
173 442 -9.84190852987
173 318 -11.2789926444
173 834 -13.0999554193
173 196 -13.6963416407
173 453 -15.0541862946
173 198 -11.9388086571
173 585 -14.2089979602
173 205 -6.00248246612
173 569 -13.6605299248
173 854 -13.4641307911
173 541 -12.7877828432
173 729 -14.4766383422
173 830 -10.7490500122
173 733 -11.5521294358
173 865 -10.9779204353
173 738 -14.2363996114
173 359 -11.4140967299
173 234 -10.2595152543
173 751 -16.1206310915
173 240 -10.9041068523
173 628 -11.958673223
173 504 -13.5482876451
173 762 -12.2970907026
173 382 -10.4860573366
174 257 -11.2094197267
174 395 -8.97024510179
174 269 -12.5518169572
174 786 -15.8964672119
174 657 -10.0486323018
174 345 -10.8993371027
174 879 -8.17424099507
174 411 -12.5941962335
174 796 -7.24228869586
174 285 -13.6429779765
174 518 -12.8156650087
174 546 -12.4578557787
174 805 -6.699726745
174 309 -13.0845762468
174 299 -12.3470373413
174 616 -13.5226005602
174 430 -9.87910057378
174 565 -14.2295015001
174 585 -12.6466283107
174 441 -14.1824903867
174 186 -14.7994696235
174 446 -13.9221417251
174 575 -15.8664730172
174 832 -8.68601470133
174 523 -15.3666314147
174 710 -15.1460035885
174 329 -9.6509306319
174 653 -6.15304845137
174 587 -14.9924827399
174 333 -14.6073167698
174 723 -10.9475129974
174 597 -12.7558756862
174 214 -15.4248975765
174 826 -12.8357416378
174 217 -11.5538490127
174 858 -15.4439556189
174 220 -10.5423297427
174 656 -9.02245442152
174 222 -13.7212907323
174 351 -11.8254779289
174 473 -5.64545487375
174 360 -8.41306838093
174 235 -13.1150898626
174 492 -9.43041959067
174 750 -12.6749629359
174 884 -13.42054494
174 245 -16.0238034954
174 758 -6.47587942438
174 631 -7.58602703055
174 726 -11.3695041469
175 516 -14.0725558464
175 645 -12.5023596999
175 624 -10.7514893049
175 568 -14.2719711844
175 524 -13.4917500736
175 398 -9.40027601066
175 399 -10.1970294283
175 658 -7.71403028443
175 532 -11.9694653832
175 278 -14.6137441638
175 412 -12.313715027
175 286 -13.6738576343
175 672 -14.5650475009
175 654 -16.5499467664
175 476 -10.4746180936
175 421 -16.5395438466
175 806 -11.7986689887
175 811 -9.06318084236
175 428 -11.3522170187
175 778 -11.3932876057
175 558 -10.2255035214
175 585 -11.9984044362
175 691 -3.56622993308
175 183 -12.7925815144
175 826 -14.7350592474
175 800 -13.2041190908
175 705 -15.0740216328
175 604 -10.1431942423
175 580 -10.7328660282
175 325 -14.5162134668
175 749 -11.9260405558
175 458 -8.2947661203
175 526 -8.13756089293
175 467 -10.0837848125
175 598 -13.404760452
175 343 -7.49339000318
175 856 -10.9955896916
175 876 -11.7382846677
175 348 -12.7851644237
175 224 -5.03082311267
175 848 -14.2210631405
175 488 -12.0150503859
175 796 -7.94942967259
175 236 -9.65684889439
175 621 -15.8544501541
175 851 -11.208911871
175 240 -13.9048195423
175 370 -13.326535412
175 823 -14.2933166571
175 708 -14.8561166668
175 875 -15.2084318637
175 635 -9.34157309247
175 619 -9.4028683694
175 640 -13.5197767098
176 566 -5.35152569867
176 262 -13.9105159438
176 523 -14.7269738273
176 291 -6.1785743816
176 643 -12.5366399305
176 785 -11.1768259953
176 403 -14.1658964891
176 660 -6.94189259741
176 665 -9.65094514627
176 330 -15.1160282841
176 646 -11.141651855
176 290 -7.57888552421
176 279 -7.8366448381
176 522 -12.1089642533
176 391 -13.1095478942
176 295 -9.54917153438
176 808 -12.3088457754
176 427 -12.8477464299
176 520 -15.1834893195
176 735 -14.9107148785
176 431 -9.64737469199
176 689 -8.07941342366
176 436 -9.64862063983
176 309 -11.536000446
176 182 -10.2692266613
176 184 -7.64400953933
176 444 -8.50433793099
176 407 -12.5187955363
176 310 -12.1798722345
176 353 -10.9934385398
176 196 -13.3242337441
176 838 -12.7633137775
176 841 -13.3226278615
176 843 -12.6732534552
176 760 -11.9397021479
176 583 -9.47214618833
176 206 -13.153427042
176 336 -13.7881824652
176 594 -10.2571326568
176 535 -12.6907813409
176 474 -11.5613722791
176 348 -12.0625956418
176 222 -10.1875380696
176 621 -12.5668164846
176 844 -9.87878970161
176 828 -11.727975646
176 679 -6.39669185923
176 865 -7.95786775765
176 616 -6.21405683142
176 780 -10.2284018898
176 491 -15.0510322403
176 492 -16.0429834371
176 237 -9.54033498189
176 367 -14.216842115
176 882 -9.64261657733
176 724 -5.68455087423
176 277 -13.5568894992
176 704 -12.0254620599
176 510 -13.922730313
176 767 -10.4363617234
177 258 -11.7854900361
177 771 -11.0875669648
177 492 -11.3302207833
177 261 -9.86081405459
177 770 -10.8754575102
177 267 -10.9335434916
177 525 -11.7515194821
177 786 -18.6128566689
177 405 -9.47056722105
177 623 -15.8472946892
177 663 -9.78726165158
177 280 -17.323748677
177 645 -10.8960987974
177 412 -16.2121800358
177 293 -13.4190170306
177 294 -9.13316365979
177 679 -10.8430110016
177 680 -12.0920739153
177 812 -14.9776354941
177 584 -14.4584656217
177 649 -10.6672613673
177 180 -16.4181570761
177 352 -6.98494310515
177 575 -11.8598031363
177 320 -11.7195749412
177 451 -13.9688677804
177 391 -11.2935944031
177 200 -13.1987316623
177 713 -15.331665169
177 715 -17.5252533447
177 719 -12.1374680016
177 336 -11.9852210188
177 723 -14.8330123215
177 677 -13.340543425
177 214 -12.0538187183
177 471 -10.3588800211
177 732 -12.8215606322
177 657 -16.5669872864
177 485 -13.8783681526
177 614 -13.7393366852
177 616 -10.6489869877
177 491 -10.5575026364
177 364 -9.73481161037
177 750 -14.0186671488
177 367 -9.70143377998
177 880 -15.067494407
177 681 -8.55631917948
177 806 -10.7752437139
177 504 -8.45748187506
177 533 -15.4173565401
177 635 -16.0666214022
177 704 -12.5319229873
177 768 -14.2070959876
177 726 -10.9215951917
178 257 -12.8285611261
178 385 -9.30374877758
178 390 -13.3889817934
178 642 -11.4041490435
178 429 -14.1094900129
178 267 -12.4177281276
178 396 -10.9115047363
178 273 -13.3251135491
178 275 -13.0621457328
178 513 -11.3798401405
178 536 -12.7505913936
178 409 -12.5928907916
178 773 -15.086529714
178 816 -12.4067449132
178 286 -14.5876490611
178 543 -10.8814245275
178 288 -9.98442436026
178 437 -15.0494973909
178 686 -12.2713249479
178 815 -12.812035076
178 414 -13.1018096625
178 646 -13.027196601
178 435 -9.65487632422
178 181 -10.9067698861
178 824 -12.5607787173
178 569 -15.2153580685
178 314 -16.6071745687
178 608 -13.3203950864
178 416 -11.033416629
178 573 -9.89614116795
178 323 -17.537041866
178 580 -12.7478256672
178 197 -12.2235414486
178 310 -13.2235847507
178 455 -17.8073688829
178 587 -9.81007903893
178 332 -6.29736701187
178 208 -12.9085811588
178 593 -9.41195187321
178 207 -2.63542885258
178 599 -14.2076721613
178 606 -12.7699034038
178 735 -9.50518574417
178 721 -13.6337067768
178 355 -10.360132453
178 613 -8.82767996073
178 232 -11.637470867
178 623 -12.4897287743
178 624 -10.7025584295
178 691 -12.7513992283
178 633 -7.72557361177
178 755 -7.72222802814
178 635 -12.3309859543
178 542 -9.22136186027
178 640 -9.41629492449
179 385 -13.6935144078
179 855 -13.0286799431
179 773 -11.8447398474
179 518 -9.06049291972
179 519 -11.5518111679
179 264 -9.57390057304
179 777 -9.3122241063
179 394 -10.6911300055
179 622 -10.3002466558
179 274 -10.9560223214
179 404 -14.2599885115
179 277 -12.8385266288
179 407 -16.5496488088
179 707 -12.3283940709
179 539 -12.2594971554
179 624 -8.38374361158
179 287 -7.26692866003
179 291 -17.0711458893
179 181 -12.9748243298
179 549 -12.4451000878
179 765 -8.46542260899
179 296 -14.2744610791
179 535 -12.4861141252
179 799 -11.9444564685
179 599 -7.30024255884
179 689 -10.3612338886
179 671 -15.7024265758
179 186 -11.1703070297
179 572 -11.1959383028
179 576 -11.73524311
179 834 -7.87190489172
179 436 -12.1677614929
179 197 -7.52854979015
179 754 -15.8183066556
179 713 -8.09695778258
179 203 -14.6023398657
179 717 -12.1857423797
179 419 -14.5750106954
179 217 -11.8658547856
179 730 -12.6195951437
179 603 -8.35522177821
179 835 -12.5816141598
179 806 -12.3168432944
179 354 -6.02312771187
179 229 -12.211605331
179 232 -13.9943836274
179 682 -12.5698996138
179 488 -12.7738043526
179 238 -13.7554382555
179 425 -10.5818773525
179 810 -7.34927774787
179 298 -15.2061286382
179 635 -10.1443681313
179 508 -9.25780280624
179 509 -8.37903931782
180 514 -15.4786959562
180 387 -14.7351236962
180 272 -10.4222998815
180 658 -14.8972484858
180 543 -8.1952498183
180 415 -11.5070372159
180 545 -4.24871689465
180 296 -12.0925668878
180 298 -8.79377708478
180 684 -15.1140591228
180 691 -11.0705718969
180 303 -11.3513320041
180 307 -13.2086571245
180 182 -10.9289127327
180 567 -9.13135579488
180 629 -12.7027733827
180 566 -10.2548210862
180 194 -11.02592089
180 651 -8.0336901166
180 610 -15.7506395356
180 591 -10.8470568819
180 721 -12.1396958088
180 822 -14.4036035779
180 729 -11.5775620014
180 859 -15.6742295736
180 734 -11.6758584097
180 735 -12.0710129653
180 865 -13.8999761819
180 226 -11.3387856384
180 868 -5.45400147329
180 613 -12.7103365203
180 746 -9.50932761284
180 493 -14.0140591773
180 371 -9.43853628301
180 374 -14.2621779955
180 874 -12.8010321097
180 511 -10.4240805644
180 854 -7.55285642017
181 642 -7.63034135966
181 259 -12.7383602247
181 772 -16.9967944331
181 517 -13.1748895185
181 646 -11.1867926597
181 395 -10.667747887
181 713 -5.00540672726
181 500 -16.1409281656
181 807 -15.6497192107
181 277 -11.7655477275
181 850 -10.590743505
181 645 -8.47409311653
181 795 -14.2966652605
181 285 -8.63559116394
181 542 -11.7436310759
181 671 -11.910703769
181 547 -8.31453908155
181 679 -10.7910060692
181 683 -9.39525287198
181 691 -9.31684138977
181 308 -13.0523272474
181 458 -14.4023391213
181 314 -11.0420390544
181 315 -9.52390866833
181 317 -10.5552448883
181 630 -17.8466246936
181 705 -9.26711256961
181 196 -15.3678267198
181 325 -8.52597313457
181 329 -9.43800745245
181 330 -10.4774522706
181 675 -4.68033764568
181 335 -16.3549853197
181 210 -9.14409580463
181 870 -13.2467286073
181 470 -14.2460439024
181 728 -11.3333951521
181 348 -14.1228241391
181 606 -11.7947853731
181 550 -12.4414120079
181 354 -12.6722499366
181 612 -10.8361235497
181 613 -15.8123253235
181 486 -9.06646221592
181 466 -11.7060940343
181 738 -11.9562718169
181 496 -13.2129462385
181 372 -8.30102776808
181 629 -13.586799449
181 383 -9.46926914155
181 760 -14.9174604762
181 250 -10.6390157493
181 380 -9.28843110587
181 255 -10.3683958931
181 768 -5.77425364246
182 385 -15.2517634005
182 387 -10.7173308304
182 516 -10.9956921605
182 391 -13.8277507388
182 649 -13.4873158098
182 523 -10.8599464813
182 652 -10.8273353705
182 525 -14.0626376912
182 526 -14.4593379723
182 402 -11.8521222668
182 532 -9.4336084711
182 663 -15.3918999604
182 794 -13.7926846458
182 560 -10.8446356835
182 285 -11.4746761526
182 688 -8.71315906722
182 544 -7.80955463386
182 394 -11.9121086099
182 547 -14.2471448759
182 668 -15.6591382837
182 423 -15.1898097229
182 682 -12.8649870313
182 568 -12.5108006557
182 307 -15.8108012403
182 693 -11.965222148
182 822 -7.31907457635
182 697 -12.7880551672
182 446 -13.8102929851
182 444 -12.434787094
182 445 -11.7181705007
182 190 -13.9476366702
182 834 -16.2847612452
182 781 -7.19626474283
182 324 -11.0529281438
182 455 -9.69168819345
182 204 -11.7698121566
182 592 -7.58677220136
182 377 -11.0907018185
182 467 -13.4057533677
182 340 -13.6134097016
182 471 -13.2336952377
182 866 -12.9246803682
182 732 -11.3700583558
182 351 -7.06754533371
182 870 -11.029207255
182 609 -10.2687111859
182 354 -11.2522799772
182 484 -9.62423114401
182 741 -10.9827365217
182 679 -11.5820305267
182 616 -8.302288712
182 361 -12.7278524528
182 491 -12.2378115596
182 622 -13.0976919727
182 382 -13.4175163348
182 501 -15.8308643822
182 758 -15.5619161615
182 610 -18.6672014998
182 249 -13.5083198821
182 380 -7.25712084528
182 512 -9.99613993259
183 522 -11.3977581573
183 524 -9.58710687837
183 525 -14.9040068704
183 527 -12.8401861445
183 528 -10.2868064896
183 687 -14.0664125742
183 564 -12.2590212448
183 576 -6.7696609136
183 593 -14.044636775
183 596 -13.8879641435
183 608 -12.4673800795
183 612 -10.8816912895
183 614 -14.2578678295
183 622 -10.8270428604
183 627 -13.2932292383
183 634 -5.8859200608
183 647 -10.3769681122
183 648 -13.4449059521
183 880 -7.86669691124
183 671 -10.2946593753
183 674 -15.4784609699
183 681 -15.6965158564
183 686 -11.4026291835
183 692 -9.7562432981
183 186 -13.7248707612
183 699 -15.4083275384
183 704 -12.8009976641
183 196 -15.0455126071
183 710 -11.8793220587
183 715 -8.25894178297
183 209 -10.1682105392
183 722 -12.197985674
183 729 -14.4146235759
183 735 -8.24836070657
183 739 -4.38603866546
183 230 -11.3579115634
183 251 -9.60423228591
183 765 -15.4575862774
183 766 -14.2114191311
183 271 -13.7932785687
183 275 -14.6056178407
183 790 -13.9530078304
183 280 -8.06685207436
183 282 -14.9917125623
183 799 -11.6746737576
183 803 -11.2156877785
183 816 -8.12536114921
183 306 -9.96613965889
183 308 -11.5391023805
183 318 -11.479470858
183 322 -11.4448453758
183 323 -14.840208235
183 332 -16.6641913766
183 851 -9.44691003995
183 858 -17.053327387
183 862 -10.3953559098
183 352 -11.6369799971
183 368 -12.4372067021
183 379 -12.0267779059
183 381 -11.6242443961
183 384 -6.42823959652
183 388 -11.9167552842
183 394 -8.50648794353
183 404 -11.3981810335
183 417 -13.0703061605
183 436 -13.0242687462
183 444 -12.7547219495
183 446 -14.3204987247
183 451 -10.0768673509
183 463 -8.85139042555
183 485 -9.1546630715
183 490 -14.1823708199
184 300 -11.5698050504
184 391 -16.2169783485
184 654 -12.3348337535
184 399 -12.7349777523
184 400 -14.6295517568
184 405 -11.9892543265
184 662 -12.9892812864
184 666 -15.722911539
184 286 -14.1365552668
184 548 -15.0599970746
184 549 -10.5268286569
184 552 -13.6035446106
184 425 -11.611225647
184 683 -8.06963824128
184 430 -10.3864745844
184 305 -11.7549031087
184 562 -11.5458618826
184 820 -7.96850210655
184 646 -6.99894764502
184 575 -14.6002963597
184 323 -11.8741848194
184 453 -14.3921580222
184 328 -15.7701066816
184 329 -11.6720303349
184 715 -12.9739537528
184 207 -10.4667758608
184 592 -11.0914587305
184 210 -17.6762690769
184 858 -10.3678137523
184 720 -9.54288709222
184 558 -11.1862714491
184 352 -9.72026293227
184 605 -11.6872905787
184 426 -15.008124097
184 750 -8.21341157424
184 613 -12.9765716626
184 797 -7.73872228551
184 616 -13.8221289664
184 754 -7.62469034362
184 403 -11.8049482851
184 482 -11.8680370675
184 759 -16.2336409516
184 248 -7.29843358816
184 763 -14.0404912511
184 640 -16.4823381421
184 542 -11.6158968996
184 254 -11.9021630846
184 384 -11.9826061017
185 645 -14.1971949836
185 215 -14.380496497
185 778 -5.41988372649
185 875 -10.4074076284
185 790 -11.9069441129
185 278 -14.6061498895
185 669 -13.7209803126
185 670 -11.2604538923
185 543 -16.9743533586
185 676 -11.7468786087
185 293 -14.7371010098
185 839 -13.0565472753
185 295 -12.7870856164
185 680 -11.7387516349
185 681 -9.1574740202
185 684 -10.4185917716
185 559 -13.0423533226
185 433 -7.68493564276
185 434 -14.5096898667
185 343 -10.5868529663
185 757 -15.6585943499
185 315 -6.85924413856
185 188 -14.974188844
185 317 -12.9835083056
185 190 -12.3223554748
185 459 -14.5194841243
185 864 -13.1722697578
185 453 -15.5613925378
185 850 -13.6298037103
185 199 -14.6302265778
185 715 -9.83646792993
185 536 -10.2316031316
185 202 -11.2266939571
185 203 -11.4083548884
185 739 -12.2388951802
185 207 -14.1756490017
185 337 -9.23694227472
185 313 -14.1243444191
185 818 -10.2985836389
185 356 -12.2480783845
185 341 -11.7904474522
185 344 -12.8771065155
185 601 -10.5723955473
185 656 -6.21430331029
185 702 -9.72750736419
185 606 -12.5062242661
185 600 -11.615068314
185 483 -12.0650326776
185 744 -12.8948501857
185 780 -12.6558160723
185 235 -13.6397977949
185 366 -15.304128737
185 731 -12.6641556593
185 371 -10.1657271239
185 501 -7.86246755415
185 758 -14.6023825313
185 759 -9.80126485703
185 761 -10.6940437681
185 640 -14.7999253203
185 254 -9.17548077064
185 384 -12.8552253811
186 388 -13.5317023857
186 781 -9.85461466408
186 828 -12.7841354802
186 268 -11.051993629
186 269 -11.7935765731
186 760 -13.0813389354
186 789 -12.5886274919
186 792 -13.1761843195
186 667 -12.9302020979
186 796 -17.064230557
186 541 -13.6902563125
186 347 -14.7100494125
186 475 -13.7332071003
186 676 -15.8322144322
186 425 -9.19701639799
186 599 -12.7302142467
186 542 -11.6962672013
186 265 -14.0365515142
186 308 -10.7822111373
186 608 -9.97277048991
186 188 -7.70616924942
186 834 -9.89592480037
186 835 -6.91323427279
186 583 -13.4388835306
186 471 -11.5918740423
186 460 -14.5331844652
186 342 -9.79641529483
186 215 -9.45179001331
186 728 -14.2370309277
186 219 -11.2961088695
186 860 -11.224121506
186 695 -13.6317114144
186 480 -9.97663463847
186 616 -12.3153949717
186 798 -12.925136121
186 567 -12.4628895541
186 366 -8.78611748065
186 435 -12.1803817183
186 243 -5.7745554183
186 372 -12.7599449009
186 248 -8.63148935761
186 379 -10.2351755491
186 636 -12.2529105607
186 766 -11.093979188
186 662 -12.7695509278
187 516 -7.93078650928
187 520 -13.9982013282
187 266 -11.1368373691
187 660 -7.89824871796
187 533 -12.6686417523
187 664 -10.4858111311
187 794 -14.3082466009
187 539 -8.80337300618
187 675 -12.9801825817
187 748 -10.0924240998
187 553 -11.7201641683
187 200 -15.7088797116
187 303 -10.4029013718
187 819 -5.5751302268
187 416 -13.2111814337
187 317 -7.30818310632
187 574 -9.26397133639
187 705 -8.44688515153
187 865 -13.083533816
187 326 -8.71959313568
187 455 -9.49847782395
187 845 -8.55366281127
187 462 -12.6062567761
187 591 -11.3437704954
187 336 -14.0961128343
187 741 -13.7363104461
187 214 -12.9952995677
187 344 -14.4428193961
187 485 -12.5072620466
187 736 -13.9096172431
187 739 -11.4228842278
187 871 -16.6365191273
187 495 -13.6503263904
187 625 -13.1876611528
187 883 -13.3360805968
187 244 -15.3248035623
187 253 -13.5772560944
187 638 -13.6995599725
187 639 -11.1021684484
187 854 -10.9121703166
188 849 -13.2987391435
188 514 -13.2780618085
188 260 -11.1179275155
188 267 -7.93667889936
188 679 -10.8059689335
188 628 -9.58570238265
188 663 -15.3356822101
188 280 -6.61372281756
188 793 -16.3647054592
188 538 -11.6705694838
188 285 -15.2068831521
188 283 -15.9732678541
188 411 -9.29640576294
188 458 -12.9828307425
188 292 -11.7948254355
188 421 -15.4629923615
188 296 -12.0521166901
188 413 -8.9091063061
188 339 -10.6412041917
188 750 -14.4994778123
188 436 -11.5890909105
188 595 -14.9826443972
188 694 -13.6620605827
188 823 -13.4175182594
188 312 -6.41375728872
188 288 -10.7959602946
188 705 -16.4122333697
188 451 -13.6153131484
188 196 -13.8791942259
188 837 -11.9198942641
188 582 -11.1356708349
188 584 -14.8393410905
188 457 -15.4327178711
188 334 -14.3709236852
188 337 -7.14022389637
188 338 -11.822441521
188 211 -14.2570603679
188 579 -13.6654128842
188 599 -14.2339244412
188 826 -14.540923035
188 549 -11.6900742538
188 731 -7.31283835846
188 835 -7.1696046463
188 859 -8.94101537157
188 351 -9.75275247625
188 593 -14.3572234922
188 700 -15.3222698193
188 358 -16.1727686039
188 360 -5.35206769802
188 499 -19.8847928255
188 500 -12.55408893
188 853 -12.1372366999
188 723 -8.45457222915
189 520 -13.8604713521
189 528 -17.4760463766
189 535 -15.8880191343
189 543 -7.54684333321
189 549 -8.89244730595
189 555 -14.0665659147
189 565 -7.27690907439
189 569 -13.9756563034
189 577 -11.1931619869
189 601 -15.9150950141
189 620 -13.6405867169
189 631 -7.18673894768
189 644 -14.0819091771
189 648 -9.18106459691
189 659 -11.1183361616
189 672 -14.8614913619
189 695 -11.976499356
189 703 -10.5048070509
189 704 -14.0750279926
189 208 -10.7962973066
189 209 -9.69896948402
189 728 -11.6974432032
189 739 -10.5718191252
189 810 -14.5473340532
189 753 -12.3751147263
189 760 -13.9533533163
189 251 -10.4222117436
189 766 -9.1580475175
189 769 -16.1822357935
189 771 -13.4088054918
189 773 -10.4400107711
189 263 -10.8225866492
189 264 -13.1913746298
189 789 -12.447020239
189 790 -14.362515384
189 795 -14.4260780968
189 297 -13.864796251
189 298 -6.57290468374
189 302 -8.30837722741
189 305 -15.082061885
189 306 -12.5945074654
189 819 -13.1222780406
189 820 -8.20293439091
189 822 -9.44918798796
189 829 -10.2176288048
189 324 -15.215696431
189 333 -10.1954613815
189 341 -4.97697805832
189 342 -12.7271308964
189 858 -14.4422914816
189 349 -10.378321186
189 355 -8.50749070628
189 365 -10.6899419657
189 372 -12.8857820074
189 381 -8.79501887593
189 386 -12.0306509849
189 392 -10.4016486892
189 416 -12.9187514215
189 426 -12.8860326517
189 436 -13.3725924371
189 439 -11.7928254632
189 452 -10.0477333906
189 463 -11.3863564381
189 473 -6.22670324848
189 479 -12.3332649845
189 482 -11.0614374616
189 487 -14.5872143242
189 489 -14.1784285296
189 496 -12.763582157
189 497 -14.0745692783
190 385 -9.31037109247
190 734 -12.0850685849
190 388 -13.584542027
190 517 -15.1869371395
190 648 -14.2561571514
190 649 -11.4018502033
190 493 -15.045486461
190 730 -9.72592630023
190 396 -9.49118459635
190 397 -9.06547642307
190 835 -15.2129895755
190 783 -8.15610082179
190 750 -15.8930733564
190 657 -6.31330711285
190 787 -7.81565489631
190 709 -9.07900840943
190 538 -16.7642541348
190 722 -9.60538648977
190 463 -12.6089556484
190 283 -11.2558247861
190 540 -10.9442053023
190 414 -12.4084419569
190 262 -11.2228900761
190 241 -12.038763456
190 419 -13.3649196991
190 805 -15.1327904186
190 423 -13.5546327879
190 242 -13.943213874
190 682 -9.58414878193
190 810 -8.60215717998
190 559 -15.193240285
190 350 -11.607185535
190 562 -12.7981937189
190 307 -10.2265098798
190 838 -10.1587275843
190 826 -15.4118949469
190 706 -9.4058272273
190 672 -13.6149395025
190 753 -13.577632567
190 704 -7.56838339497
190 321 -13.1676035485
190 578 -12.9288636005
190 451 -12.6758812031
190 196 -9.44491545708
190 325 -9.94754057945
190 749 -14.8170775128
190 327 -15.2018859063
190 674 -10.1288040553
190 329 -11.7223631874
190 593 -15.8977940087
190 338 -13.1025711377
190 379 -14.8200089442
190 596 -8.55830726799
190 207 -9.79690143023
190 343 -9.92837251678
190 344 -12.8100206531
190 217 -14.4879629356
190 218 -14.0140136436
190 575 -11.4002406296
190 222 -6.99768764359
190 524 -13.1551002575
190 611 -10.6954196452
190 679 -15.6343336101
190 466 -10.0847066675
190 234 -7.91782452334
190 236 -15.777568306
190 238 -9.0289422027
190 239 -14.0414919854
190 374 -13.8217494179
190 504 -12.6167033843
190 251 -13.0390230007
190 765 -11.9056439012
191 257 -13.3598593453
191 833 -13.1583410457
191 620 -11.727250441
191 774 -12.2659389666
191 265 -12.3247853036
191 779 -14.2695004806
191 407 -9.38224042807
191 368 -13.1200180006
191 289 -8.30524377121
191 547 -13.640108858
191 292 -14.1551513008
191 846 -13.4616216675
191 868 -7.76133843447
191 810 -13.0148603499
191 744 -15.7315739363
191 700 -12.3365319677
191 702 -13.1077796074
191 742 -14.1874339409
191 836 -15.7631064898
191 325 -12.7599790202
191 713 -11.4107013868
191 205 -12.3450504634
191 675 -9.16938689624
191 723 -13.2999194751
191 340 -11.2897664094
191 598 -9.24259135069
191 344 -15.8227903048
191 602 -13.3884710159
191 622 -12.4439468387
191 863 -12.2249006225
191 228 -10.1718577131
191 230 -11.4097683755
191 360 -9.43898853063
191 486 -15.983355052
191 621 -11.2011387458
191 238 -15.3438993053
191 240 -10.0381944081
191 627 -11.9905283595
191 468 -13.3069465757
191 248 -11.3533442401
191 378 -14.0792008864
191 252 -9.2842548345
191 640 -17.0112216568
192 258 -18.2988088495
192 643 -11.9654057673
192 260 -13.1149539598
192 265 -16.0608400614
192 528 -12.9456712321
192 792 -13.0571993899
192 820 -14.9876786002
192 795 -11.5077716756
192 542 -13.9812426614
192 289 -14.8601792063
192 497 -9.11212612828
192 803 -14.4047723412
192 741 -13.5584343151
192 424 -14.7894360586
192 303 -6.30067589939
192 819 -12.2441710651
192 692 -13.3726397205
192 522 -13.1844013261
192 313 -12.7638846068
192 699 -10.0872188687
192 316 -11.3531754969
192 779 -13.0764843887
192 832 -13.9060925609
192 707 -15.4581251806
192 584 -13.0023804888
192 203 -10.689109051
192 696 -9.29540534507
192 334 -11.6780660095
192 590 -11.9490785831
192 337 -14.1285136515
192 596 -14.0988724725
192 214 -9.37228308233
192 345 -14.0889617985
192 602 -13.497776876
192 608 -10.1776913057
192 481 -14.1014169525
192 486 -12.2041865291
192 359 -15.3247975311
192 491 -16.7342756964
192 364 -12.8103475459
192 723 -13.407288891
192 498 -10.8140138626
192 244 -10.806956757
192 373 -15.2161961035
192 374 -12.7679019049
192 247 -11.5017572956
192 376 -10.3260395805
192 636 -13.3160940848
192 511 -10.5482121181
193 259 -12.6362417645
193 516 -13.7969592164
193 647 -15.2756780453
193 395 -11.8624435928
193 728 -8.97722934929
193 515 -15.1790255407
193 400 -8.55112846282
193 531 -17.138451591
193 660 -9.20679145875
193 790 -14.248244117
193 751 -12.9641926498
193 664 -12.6950065789
193 538 -14.5222835693
193 867 -14.8231460839
193 774 -10.1770021212
193 289 -8.08807160976
193 292 -11.4808503529
193 343 -9.21343294731
193 455 -11.6769198279
193 586 -11.5011891265
193 426 -12.754908954
193 683 -14.5627158669
193 584 -13.3853866693
193 663 -12.9059167305
193 744 -14.166400278
193 305 -8.12248667489
193 548 -14.0549811143
193 433 -12.3146893641
193 693 -11.546102114
193 438 -13.4092974576
193 394 -12.3185139139
193 441 -12.3914676939
193 571 -12.8866374549
193 753 -14.9711984419
193 450 -12.9885151995
193 579 -11.5214917439
193 580 -15.7880889601
193 325 -8.27448941049
193 327 -9.52931090898
193 200 -5.04292259122
193 525 -16.6296061685
193 459 -14.6494814893
193 588 -13.5157898983
193 679 -11.9918145499
193 846 -9.006246541
193 782 -10.5377040091
193 815 -12.6944719561
193 723 -13.7203933567
193 420 -7.99218829005
193 214 -12.0974048593
193 771 -11.9577119739
193 835 -10.7173372584
193 222 -13.4205021001
193 609 -11.1288863181
193 483 -14.8633067466
193 530 -12.000177117
193 362 -14.7350683027
193 236 -7.83172048682
193 237 -9.93354538957
193 238 -13.2684417393
193 495 -13.3675016952
193 510 -12.3092586762
193 245 -10.9184132843
193 253 -8.73484865957
193 384 -14.0873666115
194 513 -12.4796990965
194 514 -17.5761232173
194 259 -15.0882165467
194 798 -7.29390727332
194 262 -13.2545361264
194 391 -12.7260782638
194 264 -13.1021014722
194 585 -13.1248106866
194 522 -14.3185847704
194 622 -16.9935520809
194 658 -14.0210914397
194 772 -12.4515528636
194 665 -13.5425735985
194 428 -6.9638570504
194 673 -11.2948145071
194 418 -9.40551325387
194 548 -13.236816007
194 293 -9.84427933979
194 808 -9.98358396979
194 810 -15.5187633771
194 683 -12.7144674951
194 499 -15.8367515232
194 815 -11.8854485599
194 744 -7.75804692455
194 433 -12.3862949832
194 562 -8.657087921
194 774 -9.17950014333
194 312 -11.480702019
194 827 -11.1510871451
194 444 -12.1327598484
194 317 -12.7559814696
194 704 -7.04002131345
194 577 -9.49627671152
194 707 -8.74328176115
194 460 -8.73227037298
194 709 -8.83617004359
194 328 -10.3294265027
194 329 -15.3714958441
194 458 -12.2044745855
194 843 -11.0086845949
194 204 -10.2678507245
194 333 -10.9563818497
194 845 -12.5332524136
194 249 -15.5813300271
194 824 -15.4233198095
194 600 -10.4104707432
194 788 -12.9545050778
194 474 -11.5269932808
194 476 -13.0944035554
194 477 -7.94261024818
194 507 -9.60587121222
194 351 -11.8512051137
194 352 -15.0115709934
194 481 -17.2125045911
194 354 -12.8261297803
194 227 -12.1828240315
194 612 -10.7559311765
194 392 -9.55321421101
194 231 -8.22856716594
194 616 -11.1239781421
194 489 -8.10614649077
194 234 -11.9024641626
194 747 -16.7066906953
194 588 -10.0366459622
194 240 -11.7569013204
194 857 -11.6020163355
194 500 -13.8794144308
194 757 -13.572377981
194 597 -12.0422670664
194 379 -7.05751108938
194 636 -11.8750957929
194 765 -15.0739293645
194 767 -9.62412696869
195 644 -10.6000002022
195 834 -13.2451138425
195 394 -12.1769454532
195 267 -12.545871538
195 790 -12.2138487845
195 409 -7.95823200501
195 283 -11.5313398186
195 884 -13.2680633409
195 285 -13.0060399544
195 286 -12.5733865021
195 672 -9.31868142195
195 802 -11.2615790862
195 551 -11.1690633031
195 557 -13.8160647505
195 372 -15.9141401256
195 438 -11.8337704122
195 313 -17.0927404624
195 314 -11.3166346095
195 316 -9.39760464201
195 445 -9.81172084542
195 576 -9.34156652388
195 325 -14.3440810796
195 738 -12.6693838101
195 457 -10.8519069116
195 206 -4.0666074763
195 462 -8.54948411646
195 465 -10.8045781587
195 339 -12.9160356183
195 852 -12.8084657484
195 472 -8.95478996377
195 345 -8.37389783789
195 229 -13.9872440166
195 480 -9.60156437519
195 610 -8.73717242089
195 355 -4.47611387174
195 836 -15.7119258118
195 723 -15.2728745293
195 240 -12.4377162615
195 762 -9.33166500023
195 218 -9.47869688307
195 509 -15.3242777205
195 619 -10.3384229632
195 383 -8.26976785366
196 393 -6.28076755805
196 266 -15.6909236077
196 653 -7.85042085362
196 399 -13.519576075
196 411 -9.35148898357
196 671 -12.1803029242
196 550 -14.0032404197
196 433 -11.4280396691
196 307 -8.50585673412
196 312 -10.4038423498
196 318 -7.67685522986
196 323 -8.88999734356
196 452 -12.3716645002
196 453 -14.0063029323
196 439 -12.0387906879
196 455 -13.6888580694
196 840 -12.8788653247
196 781 -7.68468676571
196 587 -15.2244617716
196 824 -15.2330338927
196 778 -8.88709895636
196 213 -10.2810727938
196 506 -9.64838349777
196 734 -12.4744095089
196 806 -14.7039340226
196 865 -11.5552649273
196 354 -14.9509581024
196 355 -7.18286254417
196 868 -7.90278363081
196 614 -11.454265121
196 359 -10.1472507853
196 489 -11.1000054433
196 701 -16.190477204
196 875 -14.5185125625
196 243 -12.7603892628
196 504 -13.3394984887
196 341 -14.2986673138
196 508 -9.83250516587
196 381 -11.8109894689
196 639 -5.74190722465
197 389 -12.8227885062
197 393 -10.3130711676
197 522 -15.7912304534
197 536 -10.2364828301
197 473 -16.404473909
197 275 -5.22323123696
197 708 -11.9755673104
197 413 -8.66127886013
197 417 -12.7463215635
197 292 -10.6833175465
197 765 -11.1344154945
197 685 -14.2575442007
197 743 -9.40708190671
197 823 -12.7706386273
197 314 -9.46023051449
197 700 -9.68981895113
197 736 -11.2116336361
197 452 -6.58289920059
197 328 -11.3040038524
197 205 -10.5811775729
197 720 -14.6079152508
197 338 -8.51829368771
197 340 -9.82892971687
197 598 -11.1210704961
197 471 -13.7673422355
197 466 -7.5224808804
197 479 -9.10007891343
197 614 -14.9833413621
197 354 -9.65046822767
197 848 -13.1085513337
197 764 -8.64904131002
197 741 -12.2526037939
197 359 -10.2488809982
197 232 -13.355121054
197 745 -18.1919337267
197 747 -12.41115358
197 625 -10.4923205745
197 628 -10.4658024642
197 760 -14.1963546566
197 377 -11.8676021273
197 380 -9.01514793829
197 637 -12.0426151944
198 513 -14.7164540743
198 832 -7.46264692567
198 519 -11.7140741581
198 523 -10.3985701209
198 387 -14.7603802582
198 528 -9.93394384134
198 273 -11.3363572969
198 274 -12.4709225344
198 793 -12.5657858021
198 541 -12.0140225194
198 504 -14.7183098687
198 647 -13.4332903766
198 808 -10.1807415497
198 776 -10.1029312648
198 814 -8.69089273266
198 750 -11.8046625976
198 437 -11.0091602844
198 629 -15.0999401125
198 827 -15.5734711288
198 868 -13.475673556
198 704 -13.6600552267
198 706 -14.0476804949
198 707 -12.3658895286
198 588 -7.21183079691
198 583 -13.8352507796
198 877 -6.45619195158
198 459 -15.1984392863
198 460 -6.90929519486
198 717 -16.1210492762
198 398 -13.410159942
198 340 -14.9123355899
198 597 -10.9322427818
198 847 -12.372059988
198 724 -14.2308297305
198 728 -12.9596863389
198 677 -13.7391899503
198 656 -15.2811488909
198 835 -14.0510449282
198 606 -6.61311833889
198 608 -10.2538742468
198 225 -14.3146702699
198 483 -15.0630998291
198 740 -9.44665946751
198 485 -7.17318288237
198 716 -13.5508699934
198 873 -15.8453315495
198 844 -16.0681227604
198 237 -9.64722983267
198 531 -11.0441473984
198 497 -14.9104990281
198 372 -11.7592681576
198 373 -14.5565266398
198 248 -7.53751299626
198 378 -12.9477855882
198 383 -10.1588239701
199 876 -13.3267523387
199 262 -12.0281495915
199 775 -6.25700774337
199 278 -4.87908418148
199 666 -11.3693037727
199 667 -11.781903342
199 288 -10.3265385474
199 420 -14.283831923
199 814 -15.8242557891
199 303 -15.0282859602
199 561 -16.1579661909
199 330 -12.2616699974
199 317 -12.7727885145
199 446 -11.5009169724
199 374 -16.6328733381
199 577 -7.91999386325
199 707 -12.5206798022
199 455 -11.8378163624
199 712 -11.1049390251
199 457 -13.1008268649
199 204 -11.0621386257
199 338 -16.3935349047
199 548 -15.8046015012
199 217 -14.0629006896
199 479 -13.0013682514
199 481 -13.3381600367
199 871 -8.40894777349
199 536 -13.6038816782
199 747 -15.3699134466
199 236 -9.58841832658
199 731 -16.0018563655
199 625 -11.7874844083
199 372 -11.1883027293
199 246 -15.2118967483
199 504 -14.7770308423
199 510 -12.8060183263
200 577 -14.5870314981
200 388 -16.0440701733
200 394 -13.6268981702
200 387 -10.8539716316
200 784 -15.7160076582
200 789 -4.11296357797
200 409 -10.931809399
200 410 -8.05631355178
200 283 -11.7324924573
200 884 -11.2016003534
200 541 -10.3243998424
200 802 -13.5824709958
200 423 -8.71714042968
200 555 -11.2665006354
200 428 -11.0167438109
200 430 -10.881023657
200 436 -13.5431198376
200 438 -12.3975728183
200 650 -8.73545729377
200 570 -12.9321562125
200 572 -12.1999032269
200 317 -10.5643587349
200 715 -12.4661637658
200 454 -16.1540721389
200 329 -11.4828212907
200 844 -15.2140391188
200 461 -15.9492817817
200 720 -10.2998042219
200 856 -12.6427800535
200 848 -11.7725931271
200 486 -14.4777405801
200 488 -11.7602342477
200 361 -8.42237443194
200 618 -11.8966873161
200 238 -12.0885588813
200 499 -12.9328368113
200 627 -11.564564883
200 245 -16.0715455185
200 759 -11.2354061099
200 820 -14.9851083124
200 249 -6.79559003512
200 250 -10.7989799757
200 811 -13.6987073835
200 255 -10.2165199554
200 256 -10.8231562571
201 257 -11.0170266655
201 516 -2.95858569746
201 774 -10.7241395367
201 520 -10.5390450171
201 651 -7.83779978964
201 402 -10.4340991602
201 788 -12.9872938114
201 406 -8.2086556335
201 567 -9.91016851475
201 389 -13.9058063414
201 540 -14.3216827692
201 285 -15.8316762384
201 671 -10.7717447853
201 673 -12.0708303159
201 718 -10.5694854338
201 735 -14.580462231
201 748 -13.4712440538
201 559 -9.86780268981
201 305 -11.2075511171
201 818 -13.5496029153
201 307 -16.1605148033
201 309 -7.29010008718
201 438 -11.410096456
201 399 -11.7912489857
201 441 -6.19847047119
201 826 -12.1546045851
201 317 -14.4576642344
201 779 -12.4403756017
201 575 -10.8458300211
201 448 -15.579999667
201 450 -10.39487641
201 451 -10.7937041071
201 454 -10.3691500252
201 455 -11.9914442749
201 329 -13.5311612049
201 845 -11.2765277342
201 502 -15.5529981597
201 461 -14.4339372836
201 335 -10.3830209656
201 464 -9.15432394073
201 856 -14.2100452607
201 217 -11.4438116435
201 730 -13.1817022688
201 862 -10.2393309696
201 351 -15.377098078
201 736 -12.8179758575
201 481 -9.92901174387
201 866 -11.3048719266
201 355 -15.4250607145
201 869 -9.78973189776
201 230 -11.7370052411
201 743 -14.1874518047
201 582 -11.8903451052
201 617 -10.7317943279
201 701 -15.0744605663
201 364 -6.45587133331
201 238 -6.71574643774
201 495 -15.6894695683
201 882 -9.48458843203
201 501 -11.4136696577
201 375 -13.8551954094
201 634 -9.84205809373
201 507 -8.42894759057
201 765 -7.13673307468
201 766 -14.3312609635
201 639 -12.64954787
202 849 -10.9102266624
202 770 -12.2545655997
202 260 -15.0887069679
202 268 -8.10234850824
202 781 -7.95486477863
202 750 -11.6466616923
202 667 -12.2211578461
202 542 -12.9028430422
202 288 -13.0366121928
202 546 -13.7415833563
202 805 -9.22343792092
202 550 -10.7074503357
202 807 -14.8582698779
202 553 -13.1465897015
202 299 -13.067868994
202 697 -14.2074386823
202 559 -11.161243661
202 819 -17.1462158624
202 395 -10.3377086605
202 705 -14.1694529652
202 834 -10.2333807567
202 587 -10.5618999134
202 584 -9.63981178715
202 536 -10.954174294
202 588 -9.86667924546
202 589 -9.58657361149
202 462 -9.8155544441
202 718 -11.4509051208
202 532 -15.2650124071
202 339 -13.0325981259
202 853 -11.6538680192
202 854 -12.8802073288
202 741 -10.946944605
202 478 -12.6199004414
202 610 -12.6558558214
202 485 -12.7861261412
202 616 -7.11973515856
202 715 -8.40347265703
202 368 -11.6867441385
202 881 -8.11150884525
202 242 -8.38794951284
202 404 -15.3339239107
202 644 -11.5650426804
202 247 -9.40609788385
202 250 -11.2311554359
202 637 -7.96516324744
202 664 -10.8546560171
203 428 -4.74012913705
203 521 -12.0868404898
203 273 -7.80122475688
203 659 -10.7774070813
203 772 -7.85709435669
203 789 -13.6831612578
203 407 -12.1071932119
203 240 -12.5174938035
203 542 -11.0207736903
203 546 -11.0224321149
203 412 -11.3166242729
203 684 -10.6620736131
203 498 -8.55664954337
203 681 -13.1169128134
203 811 -12.0263323809
203 435 -12.8563633133
203 559 -10.9816646583
203 670 -13.3033992866
203 433 -9.52394467526
203 818 -13.6806472313
203 372 -16.2021984758
203 694 -12.2294888646
203 834 -11.6522546448
203 698 -10.2326144192
203 443 -11.9698897358
203 831 -12.1038307287
203 705 -15.0510891216
203 706 -7.31306449387
203 709 -14.5680213526
203 710 -15.3364366812
203 714 -11.6421234548
203 332 -11.3012403058
203 227 -8.85464928797
203 720 -13.5349940046
203 441 -13.9779842665
203 548 -6.51889075833
203 853 -13.1799899018
203 855 -6.51347899507
203 762 -9.85599654662
203 788 -11.5897897439
203 869 -10.1022764637
203 603 -11.0303511203
203 688 -12.8806686889
203 222 -10.833348677
203 612 -13.2766296277
203 613 -14.8410238959
203 814 -10.0145857613
203 233 -13.364973595
203 493 -9.66024975733
203 776 -16.8760951014
203 242 -5.45268034589
203 244 -14.4670105161
203 501 -12.4987241108
203 691 -14.6493844982
203 377 -11.9433939547
203 378 -15.9492419844
203 252 -12.3068291881
203 765 -11.3530883439
203 766 -12.1813318822
203 512 -6.33418428095
204 876 -12.9393317055
204 517 -15.3295145374
204 781 -9.32357748411
204 264 -7.84632258237
204 394 -10.1511672082
204 268 -11.5399958616
204 269 -7.30618655289
204 579 -6.55166623094
204 750 -15.6677785119
204 785 -13.9166503842
204 530 -14.2473648817
204 665 -10.6825277389
204 884 -10.6064298674
204 415 -14.1111003934
204 288 -9.76901557323
204 417 -12.0884743226
204 290 -13.3374916328
204 553 -6.63240248073
204 684 -14.6931291439
204 813 -10.6848096419
204 680 -13.8366872711
204 542 -10.1654963284
204 450 -11.1696946033
204 820 -8.97485933192
204 522 -9.68358775412
204 629 -13.0765371719
204 672 -5.45673923579
204 317 -14.4690124752
204 575 -14.2119198686
204 800 -12.0261881309
204 323 -14.315207403
204 580 -14.9718795379
204 710 -7.5664752567
204 712 -9.0685550696
204 337 -12.6628389915
204 727 -10.1901125493
204 218 -11.830195878
204 348 -8.31770359671
204 801 -13.9530637677
204 700 -14.8127960513
204 742 -15.7482259408
204 615 -15.5307848562
204 489 -15.9877724986
204 364 -6.47466910972
204 366 -10.274998926
204 650 -14.5365730458
204 882 -12.7493698875
204 373 -14.9192365877
204 503 -11.3571840475
204 632 -10.3134691003
204 763 -12.5091398923
204 509 -10.8914565588
205 258 -12.2193238886
205 647 -11.3998539641
205 652 -7.71403784224
205 397 -11.3069036901
205 400 -15.6926994785
205 662 -10.835614965
205 415 -10.6487271493
205 679 -8.75766257637
205 434 -13.8905230815
205 425 -9.54303316603
205 292 -13.1058108637
205 307 -11.0330559545
205 561 -11.088382916
205 306 -14.4998229379
205 671 -13.9838457408
205 824 -7.35496991519
205 444 -16.4871040069
205 453 -12.3883961675
205 780 -13.9885591236
205 456 -13.043917258
205 845 -14.7307022615
205 459 -13.8282328234
205 332 -13.1177406051
205 717 -13.0685688159
205 721 -13.0687268385
205 850 -10.9694069565
205 726 -10.4758575383
205 730 -12.9452872872
205 558 -12.2932313942
205 224 -10.9862804112
205 354 -11.4249333246
205 357 -10.340265301
205 797 -11.3764156658
205 874 -7.05807537076
205 236 -11.3530505992
205 370 -12.6600719052
205 499 -6.83925552927
205 627 -14.1603706285
205 631 -7.1974254953
205 810 -11.8961030568
205 762 -14.0827529171
205 382 -14.8391612816
205 384 -8.26558479319
206 855 -8.72766853607
206 263 -6.28967091444
206 450 -12.9271676542
206 394 -11.0401918128
206 399 -15.8616666936
206 786 -11.4132926586
206 659 -9.81293731857
206 660 -12.0353877636
206 405 -13.4481824218
206 495 -11.5407395651
206 279 -15.7253935146
206 667 -12.3340828647
206 286 -9.63549318092
206 561 -11.4912068581
206 551 -9.60762692681
206 569 -13.1877685426
206 425 -11.5062164249
206 682 -15.2815226852
206 555 -14.9586561587
206 559 -10.2050350824
206 433 -15.1713101323
206 805 -10.5839056157
206 311 -12.4564310257
206 441 -13.5843301915
206 314 -14.5672470194
206 574 -13.7448577055
206 834 -13.7910016254
206 588 -16.4552192135
206 843 -8.35199827926
206 332 -12.7461948836
206 227 -12.0462520457
206 210 -14.2255349966
206 340 -8.38065864558
206 599 -7.96509949509
206 728 -8.92502599796
206 474 -8.23562824998
206 867 -15.1320057585
206 349 -13.390732964
206 606 -11.1750823874
206 869 -12.1635545399
206 489 -8.11800424515
206 747 -14.1881276457
206 236 -16.1255584273
206 825 -15.4032926414
206 239 -7.64500632907
206 247 -16.1760443191
206 632 -11.9189609689
206 250 -12.3993227575
206 251 -15.2358187379
206 636 -12.7607096477
207 410 -10.943625655
207 259 -6.99942967525
207 727 -14.0312037162
207 519 -14.4859711717
207 666 -11.7187910093
207 877 -10.8410961012
207 270 -12.9994090453
207 787 -12.4042923713
207 404 -11.8098838014
207 513 -13.7833708957
207 408 -13.2954178862
207 389 -13.2374810864
207 416 -13.7775250499
207 418 -10.7396536538
207 803 -11.5599338017
207 863 -15.2366672069
207 806 -11.0084224517
207 299 -11.5931018075
207 883 -14.4935234031
207 819 -12.2303592842
207 318 -10.2355243361
207 855 -8.30516964383
207 757 -13.3972901911
207 575 -8.74201235321
207 609 -11.0126912942
207 268 -5.97573265854
207 581 -10.1168222898
207 312 -11.7532656344
207 463 -8.82284666734
207 792 -6.70956240484
207 564 -14.1768513255
207 600 -12.4472572626
207 473 -14.0206826716
207 860 -13.9413618677
207 223 -8.58355322554
207 224 -10.8617294218
207 481 -11.6262010353
207 866 -10.3110616933
207 739 -11.9650625815
207 486 -11.1915365262
207 615 -11.9177202649
207 744 -11.2794903803
207 363 -12.8718485859
207 808 -9.57405854642
207 237 -12.0390430533
207 238 -10.948245775
207 627 -12.1803629737
207 245 -7.57028692204
207 248 -7.41213891759
207 379 -15.239060569
207 253 -13.8545376965
207 875 -10.3559968546
208 388 -14.2564767053
208 700 -7.50161897842
208 520 -14.4653988877
208 557 -11.0096943653
208 780 -15.23293687
208 399 -9.14706686931
208 656 -16.2580058913
208 708 -9.22623137214
208 789 -4.26290048477
208 406 -4.40738673936
208 408 -10.6113277447
208 793 -6.40811378556
208 285 -9.81744792874
208 799 -14.7960239641
208 290 -10.6049928847
208 805 -13.5262858032
208 422 -11.9047460589
208 295 -12.2944396194
208 690 -15.5587018905
208 428 -7.13296949558
208 429 -12.3419440364
208 755 -16.5178166938
208 691 -11.4430005913
208 567 -11.8577926876
208 561 -12.8231593724
208 825 -10.9390622192
208 442 -12.6248074964
208 699 -7.15573563232
208 444 -10.1067817087
208 575 -11.6941289836
208 835 -11.7068874507
208 328 -11.0501505442
208 332 -12.7958027305
208 719 -8.08729908508
208 212 -11.9222346652
208 783 -11.6526579208
208 727 -9.79159755502
208 476 -10.6861151999
208 605 -10.0764542321
208 606 -5.80907789297
208 352 -15.7756624832
208 739 -12.8782601258
208 612 -6.48326127631
208 615 -11.2091338009
208 844 -9.59688471555
208 851 -12.9446779004
208 752 -7.81410314659
208 625 -11.7093292914
208 418 -9.67843297121
208 627 -11.7974593076
208 884 -10.8591574238
208 757 -12.797599345
208 546 -14.0274840366
208 682 -10.4064362066
208 772 -14.3439175826
208 509 -12.8340502756
208 790 -7.76344286316
209 518 -12.9272293881
209 778 -15.2031115179
209 536 -13.3279231968
209 269 -6.80669573793
209 503 -13.1222436084
209 581 -11.5510539502
209 405 -14.0920534002
209 409 -13.5026933128
209 540 -8.81967650706
209 413 -12.8898293763
209 582 -9.32271969448
209 562 -9.85112959103
209 797 -16.8789001768
209 683 -12.872994337
209 542 -9.0575892974
209 306 -12.0485822402
209 564 -13.3507033443
209 715 -10.6343810039
209 703 -15.0712339317
209 452 -14.070413854
209 325 -9.53884141828
209 839 -12.869054221
209 525 -9.57660573555
209 721 -9.23639345116
209 505 -14.0643181647
209 211 -11.7715282219
209 868 -17.2265510731
209 660 -11.4216937741
209 857 -13.4678351395
209 730 -15.0991821269
209 222 -11.3921625029
209 481 -15.8652291793
209 636 -11.2354931659
209 485 -11.1310167662
209 362 -9.39858212289
209 363 -8.44100548592
209 237 -10.3576001351
209 883 -14.4662494086
209 500 -10.0394149188
209 630 -11.4547115988
209 247 -13.2732531298
209 377 -14.48954547
209 533 -12.4019610126
209 836 -8.61930624806
209 380 -9.11116715179
209 253 -15.3035317496
209 491 -10.755663336
209 767 -10.3144614184
209 256 -8.9205946087
210 641 -10.1641338481
210 388 -11.2191789702
210 263 -12.7391049317
210 520 -8.16935910565
210 683 -14.8171087829
210 664 -12.3852166135
210 858 -17.199526209
210 814 -12.8885649883
210 743 -12.3718712593
210 533 -11.1730358434
210 668 -10.9469066459
210 669 -9.25244588584
210 475 -8.50958030971
210 671 -12.4471497635
210 547 -5.99240355252
210 293 -9.55638112994
210 299 -11.2590938499
210 755 -12.3869709613
210 435 -14.6395094332
210 566 -9.55070046962
210 802 -11.6177119638
210 446 -15.5689601042
210 325 -15.4985941553
210 328 -12.1127759768
210 588 -15.5036822622
210 461 -10.7422734909
210 847 -11.7818033331
210 590 -13.3965682507
210 849 -10.9409612385
210 214 -15.4780780256
210 602 -16.6368355512
210 219 -11.8231421683
210 220 -14.8256932422
210 763 -10.8203762912
210 482 -10.9097701378
210 485 -10.0183120165
210 358 -11.3376586353
210 239 -7.33641964809
210 510 -13.0756651247
210 371 -11.8536390819
210 758 -9.0623574311
210 632 -8.8855295978
210 379 -14.6607782714
210 765 -9.11179346759
210 256 -11.9173157617
211 641 -16.4642023658
211 387 -13.6680063298
211 388 -10.5453643131
211 262 -10.5621540279
211 648 -12.151492459
211 778 -11.2621517108
211 779 -13.3602304495
211 269 -10.174857016
211 515 -7.00869335408
211 663 -7.92048133558
211 536 -14.3798282771
211 667 -11.4740564721
211 796 -10.5441170386
211 285 -12.15862982
211 414 -14.0640922085
211 671 -12.2696488616
211 549 -14.0070957517
211 553 -13.4153706786
211 811 -10.5503213204
211 300 -8.56603403511
211 429 -13.9771352025
211 430 -12.4346456873
211 564 -9.95771162143
211 565 -11.8893170504
211 782 -13.1645381267
211 312 -10.2949792828
211 447 -6.4255687371
211 705 -10.7503600138
211 451 -7.36697496271
211 460 -13.1348752139
211 710 -9.9132765808
211 839 -10.6483162809
211 525 -11.4186113624
211 591 -7.81063417617
211 464 -8.5194766937
211 484 -11.5420348563
211 341 -10.7006816631
211 598 -13.2196353834
211 762 -10.3864447298
211 346 -15.3869912408
211 731 -12.2016867765
211 732 -15.0990605293
211 350 -9.44632714597
211 735 -8.4235676487
211 737 -14.2030695571
211 870 -11.5748132903
211 487 -10.8475780486
211 872 -8.82106826826
211 624 -13.9223486381
211 575 -10.4445448146
211 250 -12.2502560417
211 765 -11.1363585481
212 385 -14.3230317434
212 643 -10.2736633545
212 862 -7.67160961047
212 579 -13.8120731474
212 277 -5.60010692254
212 663 -12.039762725
212 280 -10.1168480733
212 539 -15.1524656284
212 688 -10.6035302599
212 542 -8.46742682952
212 625 -11.1558367243
212 804 -11.1560836478
212 294 -9.81068888554
212 423 -13.8523589837
212 584 -9.46447326496
212 685 -12.8027624026
212 478 -13.6051025185
212 689 -12.3960409689
212 799 -17.6507259552
212 567 -15.5228230262
212 312 -12.3774721231
212 825 -8.30925851242
212 442 -13.6577985407
212 571 -8.49323262186
212 667 -13.9485886189
212 586 -9.93035195894
212 453 -11.8052036868
212 330 -10.4773842519
212 460 -15.1358575888
212 849 -12.6538092852
212 468 -8.77795287011
212 634 -7.34338749756
212 219 -13.25861868
212 528 -9.36446691173
212 350 -10.2982359821
212 674 -10.2974904686
212 352 -9.39283331567
212 357 -14.0327976894
212 360 -12.5518201806
212 234 -15.4980537355
212 751 -11.4906177045
212 241 -14.1738607866
212 248 -4.98354082707
212 250 -12.9570038752
212 379 -13.856726678
212 704 -12.8772850542
212 255 -12.7744072356
213 386 -14.5475379033
213 515 -11.8640582185
213 492 -11.6178768413
213 261 -9.07045571962
213 514 -14.5326825891
213 777 -8.37497198518
213 273 -7.60754467888
213 766 -12.2205297716
213 531 -12.4433011775
213 452 -11.721202955
213 821 -10.7543978113
213 535 -9.44398816846
213 577 -13.6664798472
213 416 -11.3084203537
213 417 -14.0734015962
213 813 -11.038487046
213 304 -10.3394119914
213 884 -13.6820581791
213 309 -15.4078207464
213 838 -15.0584217399
213 440 -17.0818447948
213 825 -12.5325063502
213 437 -11.3473930078
213 571 -6.48205676217
213 573 -13.8997383159
213 321 -13.4823208582
213 326 -15.0996862579
213 455 -13.6951478987
213 418 -10.8685560141
213 330 -15.8405530385
213 845 -10.7718407812
213 462 -10.6959666645
213 708 -11.8882448138
213 465 -11.2334557027
213 596 -12.0783937328
213 468 -10.9553145355
213 599 -10.0269526714
213 472 -8.68047696677
213 860 -13.0226570068
213 674 -13.46380122
213 849 -11.8118379286
213 615 -8.46779677075
213 744 -11.7929539331
213 765 -13.5237415008
213 698 -9.5276885483
213 624 -7.31283673228
213 882 -14.6021713973
213 244 -10.1651184601
213 255 -15.4222419
213 503 -8.91641464607
213 249 -14.8014281766
213 634 -9.97432276199
213 635 -9.27170960673
213 253 -13.0101292858
213 254 -13.7300997565
213 383 -11.499481347
213 768 -13.4124175876
214 519 -8.36355652346
214 393 -11.7966528372
214 863 -15.4122172591
214 397 -10.8454326123
214 366 -13.8808362521
214 692 -9.65656260908
214 594 -5.93629776605
214 409 -10.0038901851
214 786 -13.0147567562
214 417 -18.6953729264
214 675 -9.51108529618
214 548 -10.4643616801
214 764 -11.5137544303
214 679 -11.5704088519
214 680 -11.9211458599
214 562 -14.6012852037
214 436 -10.9657008165
214 309 -16.0795806892
214 438 -11.8796249828
214 440 -13.817737063
214 846 -17.4010136034
214 801 -9.67994153043
214 710 -10.8666614849
214 331 -12.6156956492
214 718 -12.4247800329
214 526 -11.9465438893
214 740 -16.6430318056
214 470 -12.1663027641
214 727 -12.6985090272
214 728 -14.6305295462
214 217 -13.6450119937
214 859 -12.3761233449
214 726 -11.3417777685
214 356 -9.5982291382
214 485 -11.6530547377
214 487 -13.7824059865
214 338 -9.53111729415
214 617 -13.5169872643
214 618 -15.2419102411
214 875 -10.6796439646
214 488 -15.4253365443
214 275 -16.8673132181
214 497 -9.40574566381
214 507 -11.7572781149
214 639 -10.4144068696
214 598 -17.4509497592
215 751 -10.0108874228
215 265 -12.496317549
215 778 -11.4640172812
215 652 -9.18577221216
215 397 -11.8873348389
215 466 -8.68638920853
215 277 -12.5980256228
215 407 -10.3218619459
215 538 -14.9519432278
215 283 -11.6357446053
215 390 -10.6112518651
215 803 -7.88105084121
215 676 -5.58562047287
215 552 -10.0477163286
215 731 -14.9291166936
215 795 -11.499321956
215 584 -16.6358753334
215 859 -13.8908504615
215 687 -7.0524877242
215 701 -8.76812267883
215 823 -14.7504727157
215 443 -12.6433275328
215 573 -6.92778384927
215 450 -13.1889411341
215 323 -14.0772495826
215 325 -10.6313774741
215 583 -12.6274565623
215 328 -14.9421419847
215 588 -11.4731977645
215 664 -10.3447378807
215 462 -12.44354386
215 336 -16.1569852982
215 593 -8.91411708654
215 441 -11.469195756
215 470 -16.60652602
215 345 -10.4447959328
215 474 -9.97499923707
215 603 -12.7015176091
215 476 -11.7518764813
215 610 -13.0309980707
215 227 -14.0037617834
215 615 -15.9483439477
215 231 -10.9163276923
215 232 -14.0803084408
215 873 -15.7880388264
215 611 -14.1324570914
215 364 -12.7458264183
215 623 -10.3980671077
215 625 -14.5037772892
215 244 -10.2426201585
215 501 -14.7400406768
215 505 -9.36097179477
215 790 -11.8596860307
215 384 -8.61943813253
215 802 -10.1164796185
216 388 -10.9234568231
216 664 -12.0063424825
216 269 -12.3581069278
216 615 -8.65300091776
216 400 -12.1327677813
216 836 -6.2092674286
216 662 -11.4969737445
216 280 -15.4224822568
216 666 -14.3024777155
216 884 -13.8429622981
216 797 -14.3580443409
216 672 -7.54557563864
216 802 -11.911544352
216 291 -11.5651815871
216 681 -12.8440957244
216 861 -8.90455014918
216 683 -13.5676861391
216 499 -11.5953319708
216 688 -11.3839511397
216 690 -10.8491598646
216 820 -12.0795460083
216 695 -11.4890160176
216 316 -16.3121925979
216 320 -9.25545624632
216 578 -13.9864306922
216 580 -13.0502734474
216 583 -9.12582260448
216 457 -12.4766639207
216 716 -11.0659242353
216 463 -11.5158719044
216 337 -13.4627348212
216 841 -11.8137891365
216 342 -12.954711438
216 766 -16.0127532359
216 528 -14.556155672
216 733 -14.1013112514
216 678 -10.0633348939
216 871 -17.7703609755
216 529 -12.624530866
216 614 -6.98492337399
216 359 -12.6786401513
216 786 -16.1727032738
216 363 -9.81065876835
216 749 -10.5590819286
216 368 -11.9448417203
216 370 -9.85335605647
216 756 -11.038364848
216 629 -14.7377259959
216 504 -13.1987211426
216 638 -14.1137328772
216 767 -12.9530749585
216 470 -10.6189941497
217 670 -12.7882237453
217 258 -10.8551749665
217 520 -10.5222848748
217 557 -10.0556607487
217 530 -13.780501471
217 276 -12.2288122886
217 709 -12.2883232174
217 410 -10.8841334108
217 325 -13.2667147794
217 539 -11.1688027835
217 624 -5.48831241385
217 286 -9.8676014753
217 544 -13.983798706
217 673 -15.1608339721
217 802 -9.85596655521
217 547 -14.0690599662
217 293 -10.7122731135
217 711 -13.1321131358
217 429 -14.3794777065
217 431 -14.4719825157
217 414 -9.16256358367
217 308 -4.88211206728
217 351 -10.1901949498
217 567 -9.90172982764
217 569 -16.0739998719
217 765 -13.2988289251
217 316 -13.1622970477
217 694 -13.63585036
217 452 -10.6314327402
217 454 -17.1036307737
217 796 -15.5983939334
217 714 -8.76260506277
217 848 -15.5382380478
217 472 -10.75073595
217 730 -10.5785798307
217 860 -8.35067971075
217 734 -16.935437369
217 482 -11.2094855139
217 614 -10.3632053874
217 509 -12.6626102162
217 747 -16.9322397542
217 595 -11.5671881816
217 239 -15.3780389094
217 435 -11.0911327392
217 379 -12.3344785524
217 832 -15.7393750984
218 833 -7.10887127668
218 388 -10.4665251082
218 263 -9.71437327388
218 266 -16.0448319338
218 267 -14.6753605859
218 856 -12.8068375046
218 528 -11.0073067457
218 401 -10.8529601853
218 274 -12.7488863664
218 303 -10.5129853694
218 537 -10.6816239448
218 412 -14.049106644
218 838 -12.3481790913
218 673 -12.4150552395
218 418 -13.3092817374
218 668 -10.7176535352
218 818 -12.6864825687
218 810 -15.5306183446
218 302 -11.3456726438
218 565 -11.3990561241
218 695 -10.5254238357
218 312 -5.24492980034
218 321 -15.1238630649
218 582 -8.99039379872
218 845 -13.4159696719
218 333 -5.0382107205
218 334 -7.39220394913
218 848 -15.903090993
218 613 -10.9815672529
218 723 -11.8654285465
218 600 -9.757697705
218 357 -13.7217053589
218 220 -11.4516592827
218 478 -9.9250238722
218 785 -7.74096568578
218 484 -10.0378709828
218 229 -8.74573684973
218 615 -8.8503911062
218 402 -8.05268152616
218 361 -13.829937224
218 875 -13.1674650331
218 659 -12.3017470022
218 830 -17.0939289927
218 371 -10.5293513725
218 823 -12.0331478969
218 377 -11.0290858526
218 506 -10.1670723783
218 379 -11.8614853341
218 636 -12.7787650562
218 638 -9.92554292045
218 639 -9.37178010247
219 257 -11.3544611524
219 556 -15.1135055411
219 646 -10.2683097359
219 813 -7.7554412483
219 404 -14.1402776234
219 790 -14.8470895938
219 722 -12.231472162
219 281 -13.657111994
219 539 -10.9564098591
219 414 -11.2342009052
219 420 -13.8424739987
219 839 -15.0487316859
219 423 -16.7182523523
219 296 -12.5406963207
219 553 -11.8004069529
219 428 -11.4060268319
219 301 -15.1702926905
219 431 -11.4291275509
219 306 -15.8023093275
219 695 -14.7444795381
219 458 -11.4565343534
219 608 -8.2237670318
219 843 -11.9898941898
219 575 -12.0041996272
219 706 -15.2045101903
219 652 -15.4544467721
219 453 -11.1344977716
219 455 -14.3313130306
219 330 -13.162655393
219 459 -10.915034832
219 803 -13.0445152303
219 463 -12.5673582793
219 799 -12.0816069026
219 784 -7.71106279855
219 477 -13.9036691012
219 223 -12.802757255
219 358 -13.6663847402
219 611 -11.8911551136
219 745 -13.1826505547
219 878 -10.3815159448
219 625 -11.2204886475
219 681 -14.6646550506
219 627 -12.9954126975
219 596 -9.86102151442
219 505 -12.1451392837
219 635 -17.2722772752
219 636 -9.89787472767
219 253 -15.6168909548
219 255 -14.8617344647
219 384 -13.4957684124
220 643 -12.9385541447
220 517 -9.21677323651
220 391 -12.0693888781
220 649 -10.0083818896
220 394 -15.1514276431
220 269 -12.9998827555
220 534 -12.6160426892
220 280 -11.4610902477
220 414 -13.3605824349
220 418 -13.0345684795
220 419 -11.1917246638
220 284 -7.74563112514
220 285 -7.77285900308
220 687 -11.9816223725
220 819 -17.0569908701
220 756 -13.1019011777
220 567 -15.4951536933
220 312 -11.0587226817
220 480 -13.6406133705
220 267 -13.6358909402
220 823 -8.79820314425
220 710 -8.12020746694
220 456 -5.23032092567
220 440 -12.5102287629
220 717 -15.8977581305
220 334 -12.7125433572
220 596 -15.6146527009
220 853 -9.84187204377
220 852 -12.1243518755
220 351 -12.3945775601
220 866 -17.0883566716
220 572 -6.28934076581
220 490 -10.3236530581
220 878 -12.5968845218
220 239 -10.8082558287
220 500 -10.4939499583
220 511 -12.5757066855
220 682 -9.94432902994
220 378 -12.8009443706
220 507 -16.7274838027
220 382 -13.6135816586
220 662 -10.8570652971
221 769 -12.1736300906
221 803 -11.154252366
221 259 -13.9470128495
221 663 -8.67142884693
221 646 -9.84883164387
221 266 -9.31296952051
221 267 -15.0421299431
221 652 -11.011027907
221 665 -14.4437042008
221 659 -14.4439326708
221 788 -12.6560209718
221 406 -16.2853782453
221 346 -9.15711062875
221 537 -11.9834927122
221 412 -13.4307144592
221 669 -8.72315104607
221 287 -12.373423046
221 288 -12.1767047172
221 547 -16.2738886728
221 549 -14.3041750267
221 297 -11.6771106349
221 477 -13.525943597
221 427 -14.3240058862
221 300 -16.1119088161
221 429 -15.7216776479
221 322 -14.6277145436
221 817 -13.145199845
221 306 -13.9708487378
221 308 -13.4181130146
221 666 -13.0652133998
221 314 -14.4384536845
221 443 -16.7566750288
221 700 -15.604789303
221 843 -11.4708303363
221 834 -9.26418326564
221 452 -5.57409093024
221 711 -13.0356700544
221 553 -9.74715060102
221 842 -12.4926811858
221 587 -7.66222308151
221 611 -11.3429472384
221 335 -16.3071883059
221 342 -13.3522959449
221 545 -11.2221631981
221 799 -17.0803247044
221 603 -15.2326181341
221 480 -15.6107168932
221 488 -12.363755022
221 234 -13.2834854656
221 365 -8.84690001448
221 371 -11.6212182451
221 633 -11.0161727998
221 509 -10.2635525748
222 622 -13.512728753
222 471 -14.4747869766
222 263 -16.8492109975
222 803 -13.5351215252
222 621 -12.9047207294
222 643 -14.3806038055
222 272 -11.0136358338
222 405 -11.7038218482
222 538 -14.1617942511
222 673 -6.24893250898
222 291 -11.1194968582
222 284 -8.58265861272
222 427 -9.25714977453
222 812 -13.2288247168
222 429 -12.5034014022
222 403 -6.21858407479
222 690 -10.9594451418
222 821 -12.4564594587
222 480 -10.8055062702
222 834 -15.3793440371
222 580 -10.432497359
222 838 -9.06640314914
222 546 -12.8412889076
222 333 -10.4816226451
222 419 -12.2118690859
222 851 -10.7001726613
222 468 -12.2754151786
222 560 -11.3860795886
222 302 -9.71592878657
222 343 -10.1574931176
222 856 -16.5476561684
222 858 -14.7113377829
222 349 -5.44414572251
222 351 -10.371293789
222 352 -9.94241821909
222 362 -10.0858669345
222 493 -9.44362217454
222 238 -6.87890265117
222 830 -11.5447330178
222 372 -15.6105554903
222 634 -7.65122038736
222 811 -6.87915627368
222 383 -6.33678658243
222 512 -14.8307116657
223 770 -15.2675458409
223 774 -10.5319179928
223 263 -10.2014679059
223 292 -10.8978172537
223 394 -16.7632341876
223 651 -7.66902390431
223 524 -14.7324811254
223 655 -13.120949214
223 530 -19.4618513599
223 660 -11.7448012527
223 414 -7.23390240888
223 800 -9.93788253633
223 417 -16.6237761238
223 809 -13.454625648
223 298 -12.4065611437
223 299 -9.39782838617
223 420 -11.7468154212
223 548 -10.8991738729
223 307 -12.2718995923
223 437 -14.3456358498
223 480 -13.2970427563
223 571 -7.52594365839
223 445 -12.3927911581
223 832 -12.2552150016
223 449 -15.3874538703
223 451 -9.1444115089
223 452 -9.2249015817
223 584 -10.8750725052
223 883 -14.3307328388
223 587 -10.4643472651
223 803 -14.1444620649
223 340 -13.8673719677
223 730 -10.0772538933
223 604 -14.5107452479
223 572 -11.901210167
223 362 -14.1022534379
223 235 -11.2038025841
223 296 -12.0694886291
223 879 -13.5651985722
223 627 -11.8324352587
223 468 -10.2952876667
223 757 -11.1106487852
223 760 -12.3554226151
223 635 -13.5366802366
223 637 -8.39917006265
223 766 -16.1469859593
223 511 -14.7843791546
224 513 -12.6265097379
224 771 -6.34830121007
224 262 -13.0880006481
224 845 -10.6260013324
224 650 -12.3096795921
224 838 -4.73276234702
224 274 -11.7499174437
224 276 -9.39669308107
224 789 -5.90397766674
224 717 -12.4792455965
224 773 -12.3943132302
224 666 -8.78493803593
224 667 -12.8815720467
224 818 -13.8007378368
224 285 -12.8972873003
224 414 -13.3841873712
224 518 -11.7196504957
224 475 -12.1097728059
224 860 -14.3419627113
224 541 -7.02023332649
224 429 -14.4608844992
224 430 -14.7372239364
224 734 -8.61324503599
224 561 -13.3873832901
224 692 -11.3949156335
224 309 -12.934455641
224 441 -13.4850669573
224 314 -6.8445647369
224 316 -10.4368759466
224 448 -13.489008131
224 449 -14.0516245895
224 834 -10.181205372
224 709 -11.1813406699
224 454 -13.8441456669
224 754 -11.8318565587
224 458 -13.7429999602
224 720 -10.7314497251
224 532 -10.7000212774
224 569 -13.9025562637
224 596 -9.38603782007
224 853 -13.1774794496
224 726 -8.14776771462
224 472 -13.5097198066
224 347 -11.4491679962
224 479 -15.3377236473
224 225 -10.4625018913
224 742 -8.65269279496
224 231 -11.026525336
224 658 -9.48329519373
224 619 -8.08647322688
224 366 -14.5048353565
224 638 -11.9988083131
224 625 -14.0638847671
224 500 -10.097090702
224 374 -9.45983399622
224 810 -15.7123982853
224 636 -11.9835028846
224 555 -10.8903329581
225 386 -10.4612064263
225 519 -11.9846360885
225 392 -16.409028489
225 301 -15.2035199896
225 529 -12.1128315902
225 786 -9.64877819943
225 538 -15.0311198297
225 413 -12.3784668236
225 454 -12.3364720322
225 775 -10.320440916
225 297 -12.3179459026
225 828 -12.8255806293
225 690 -9.59963219813
225 563 -10.44767824
225 757 -10.688208209
225 311 -14.3040705534
225 740 -11.9801501832
225 316 -12.3504071134
225 267 -12.0016475193
225 322 -14.7076954895
225 835 -11.3366912064
225 452 -14.8612745094
225 581 -14.2746239261
225 327 -10.8910262018
225 715 -14.1348119205
225 333 -13.9619557551
225 340 -11.4258609978
225 598 -12.8614174263
225 343 -13.6766966844
225 698 -6.12937704544
225 677 -6.80285695976
225 476 -12.0496165559
225 733 -14.4039284779
225 356 -13.4955891211
225 359 -13.9106170807
225 618 -7.43272157904
225 235 -7.83451902687
225 238 -11.1684294908
225 681 -11.0417545485
225 756 -11.8566087099
225 639 -12.5832183864
226 385 -9.66933456065
226 259 -15.4408669711
226 514 -15.919937374
226 589 -11.2056109463
226 264 -12.9499232796
226 809 -14.229063846
226 273 -15.9137476301
226 565 -10.3706367331
226 532 -9.91434016614
226 533 -16.2849722197
226 534 -12.4753829408
226 665 -12.5991520858
226 820 -13.2962001485
226 428 -14.053506078
226 671 -11.0177312851
226 774 -7.61670624226
226 290 -10.5955008565
226 647 -8.7698747295
226 425 -12.5337389549
226 304 -10.5596317247
226 309 -16.9733580695
226 440 -12.4023102532
226 510 -11.7858676096
226 446 -3.58909934672
226 374 -13.0554869959
226 834 -11.9787644708
226 707 -9.50260507576
226 452 -2.89505689497
226 326 -15.2615741947
226 327 -12.2472784141
226 546 -14.4928704219
226 458 -12.0192784659
226 333 -15.3597508124
226 468 -9.00937310679
226 464 -10.6266078646
226 839 -13.101966718
226 727 -11.974656661
226 720 -7.76969832056
226 859 -10.3126392203
226 351 -9.90818587263
226 864 -7.8183381245
226 652 -15.5839166674
226 489 -13.6618902
226 584 -12.2070663817
226 493 -11.254230677
226 238 -11.0705651786
226 623 -11.9931003583
226 240 -11.7157824985
226 681 -13.7741718579
226 244 -10.9532400506
226 629 -12.8552529559
226 375 -10.083994339
226 633 -14.1992985396
226 637 -15.3018510554
226 382 -7.89683869193
226 511 -9.12903742108
227 389 -5.0709185534
227 805 -6.73298232051
227 392 -13.2049049594
227 266 -12.3276066595
227 474 -6.53675973465
227 270 -12.8556603303
227 788 -9.63099437233
227 789 -13.9719719438
227 534 -15.5526151555
227 279 -13.830715748
227 281 -6.29939492894
227 645 -9.30893992934
227 688 -13.4401758362
227 413 -12.7688163484
227 414 -10.4435630823
227 654 -4.48940445876
227 293 -13.2808468353
227 679 -14.4497704438
227 553 -11.9164996056
227 812 -12.7442477347
227 815 -12.2836189951
227 432 -10.660975998
227 690 -7.58331863427
227 563 -13.2430791682
227 564 -11.6636996119
227 565 -8.1385982386
227 578 -14.0059822286
227 697 -8.77705843049
227 698 -13.233725139
227 701 -13.3367463205
227 331 -10.9820912196
227 609 -12.4459602348
227 833 -13.6504728418
227 587 -14.3936579139
227 695 -8.74823811436
227 711 -12.7462964096
227 457 -13.4317492422
227 714 -10.5311247732
227 632 -16.6178060154
227 465 -9.63406203476
227 597 -10.8410257536
227 728 -15.0590508644
227 729 -9.07251754758
227 771 -10.6055379882
227 604 -9.20038630355
227 349 -8.86577398519
227 862 -11.224696603
227 703 -11.8943224983
227 353 -18.2068922727
227 482 -13.2522255664
227 867 -12.8152140526
227 615 -8.49344405592
227 876 -12.7340319819
227 446 -14.0933863657
227 681 -14.5648910508
227 243 -6.9667519812
227 823 -7.77812191092
227 757 -10.8856119131
227 374 -12.2181089967
227 503 -13.1784385594
227 376 -10.6888035947
227 511 -5.61836707719
228 257 -10.6042163373
228 513 -13.8402977528
228 515 -9.23275750912
228 538 -7.13715467323
228 880 -12.0398760585
228 416 -17.450190493
228 801 -16.9507353998
228 292 -13.6200329655
228 839 -12.9265537347
228 808 -15.3205318805
228 810 -11.7456306465
228 430 -8.31669871827
228 303 -15.4473246371
228 305 -13.0670886801
228 394 -14.3035535346
228 864 -13.5936416256
228 829 -14.2343180366
228 523 -10.8487224949
228 837 -8.6066626663
228 455 -9.2548366132
228 328 -11.042365423
228 842 -8.4993039173
228 587 -11.3859893333
228 464 -6.69158725393
228 804 -11.5828092593
228 783 -13.0299129202
228 599 -11.1816697476
228 473 -13.2924027585
228 805 -12.5410755099
228 734 -11.4887798145
228 352 -10.51844102
228 353 -13.3424560856
228 869 -12.9216928724
228 234 -9.7826385283
228 240 -11.3880523999
228 627 -11.994116037
228 630 -13.4606734101
228 755 -10.7078695074
228 381 -9.33955691358
228 255 -10.746151393
228 662 -16.9183912204
229 705 -7.12541902377
229 774 -11.3986098325
229 389 -10.413904125
229 646 -15.3981197844
229 776 -12.4149966935
229 521 -11.590783398
229 396 -10.3319271066
229 436 -12.9361610014
229 529 -10.9204338564
229 404 -7.02060912812
229 277 -10.4776816561
229 559 -9.08005116641
229 664 -17.1545374054
229 517 -13.0104555039
229 283 -10.3245401298
229 285 -13.0437658215
229 795 -8.03373230268
229 710 -8.63760578999
229 803 -16.5070901721
229 806 -10.5654127006
229 551 -11.4683802355
229 680 -15.5485126885
229 427 -8.59496117119
229 558 -14.4722437509
229 431 -14.7795663007
229 595 -16.5723277256
229 312 -7.47718261101
229 314 -12.0911206371
229 444 -11.103026711
229 702 -9.19614344896
229 834 -4.78716868989
229 324 -15.2605400555
229 454 -8.14100743801
229 584 -13.1128102715
229 696 -12.5395239564
229 336 -12.373134058
229 465 -10.1880125336
229 722 -9.99333662021
229 467 -9.71453195618
229 741 -14.2561327283
229 698 -16.7410157475
229 729 -13.1337272968
229 464 -13.0582376793
229 350 -6.34701881669
229 541 -11.0431865393
229 739 -12.0329481298
229 485 -10.8591746415
229 745 -12.8460505125
229 503 -14.3418472843
229 747 -15.6018329873
229 364 -13.5403640724
229 367 -8.47448650616
229 563 -9.24824697155
229 757 -15.8952185991
229 760 -10.8739994822
229 789 -11.860288108
229 636 -12.2214899885
230 258 -8.04706534113
230 517 -5.37123843748
230 648 -10.7992373732
230 515 -6.94892058849
230 651 -12.3749152672
230 525 -9.42765528361
230 387 -13.6703359295
230 271 -7.23188028552
230 273 -13.0980387474
230 645 -9.3813621474
230 661 -14.10433257
230 432 -12.2680564311
230 854 -11.6325171591
230 280 -11.2655601151
230 282 -10.5190227243
230 641 -4.67685722145
230 304 -11.5957268864
230 805 -10.7372692272
230 806 -11.0307255891
230 488 -10.9444205731
230 297 -14.8567531324
230 624 -16.7872019455
230 555 -12.2902436282
230 680 -10.7610836512
230 827 -13.4743675045
230 288 -9.05174150016
230 317 -12.7393258311
230 459 -12.095805895
230 832 -15.1082539139
230 577 -13.07640875
230 578 -12.4174489028
230 823 -8.54504100175
230 653 -13.4269330619
230 332 -11.9732775393
230 461 -6.44497151356
230 594 -16.3901047475
230 467 -12.1140297846
230 468 -8.19310059045
230 342 -8.08318695135
230 567 -12.8937121996
230 528 -11.1287697909
230 869 -12.6800045095
230 272 -14.0002158124
230 482 -13.1573935549
230 484 -10.6982394717
230 357 -13.9573926126
230 232 -11.2784535063
230 538 -17.151996447
230 364 -6.28991162936
230 787 -13.5874358512
230 240 -9.00539818907
230 369 -9.2565828073
230 779 -6.95630441446
230 757 -12.1708526538
230 631 -13.8711762459
230 761 -15.6550647615
230 506 -9.44682551481
230 640 -15.0450879263
230 256 -5.78867841878
231 391 -10.7821753901
231 392 -13.6921383523
231 265 -11.7163454286
231 779 -15.1890195907
231 269 -9.22622547113
231 270 -11.8088743091
231 399 -16.8132414012
231 786 -12.5519128444
231 534 -10.0518291153
231 791 -10.3215759321
231 410 -15.5868030095
231 752 -9.70097441446
231 669 -17.4960912362
231 287 -11.3595283461
231 796 -12.7490127367
231 551 -7.31652660322
231 306 -11.6641011741
231 681 -14.7822219502
231 298 -15.5374519628
231 429 -9.07306918462
231 303 -13.4415848668
231 304 -13.069556667
231 433 -11.9246160503
231 794 -10.7215946852
231 671 -12.2273730236
231 839 -12.6069535561
231 315 -12.0028576379
231 572 -13.1092724075
231 317 -13.4910267427
231 446 -13.9922796413
231 447 -14.1707766784
231 320 -11.7069823318
231 577 -8.25629433766
231 835 -12.571647448
231 452 -11.5395078471
231 325 -14.1810745078
231 781 -13.1315453282
231 434 -6.14728293043
231 725 -11.5615079816
231 481 -11.4840742216
231 475 -11.374886186
231 862 -9.2966457474
231 353 -12.3892186259
231 357 -10.4219477387
231 365 -15.5394360142
231 879 -12.4126365061
231 626 -20.1483030691
231 499 -12.572156753
231 628 -11.5720996952
231 575 -8.53504819964
231 759 -13.0089433527
231 249 -15.019582753
231 507 -10.3800312984
231 704 -14.441260013
231 382 -10.2124713162
231 640 -12.2626973761
232 769 -15.209360951
232 872 -10.7977418603
232 644 -4.66592421044
232 618 -15.6099952447
232 794 -12.1830410913
232 399 -10.7381408555
232 410 -14.6009984709
232 432 -7.18361063128
232 542 -5.74501523721
232 291 -13.0504706093
232 804 -10.3726377659
232 678 -8.32750298054
232 296 -13.3068889691
232 553 -12.0486224783
232 555 -15.1660250275
232 302 -12.6395311254
232 689 -10.8574004398
232 692 -10.0454797463
232 714 -13.6539277499
232 318 -15.3344699277
232 702 -10.6156451296
232 708 -10.3080673836
232 326 -11.8611136472
232 327 -14.95203041
232 584 -13.3557147815
232 330 -16.0835554617
232 779 -15.2700435892
232 847 -13.3325064252
232 349 -11.8073511978
232 609 -7.58384282199
232 657 -12.6099144348
232 488 -16.8726425577
232 234 -7.50969208383
232 875 -14.5573961323
232 236 -13.02668042
232 366 -14.4277642916
232 623 -9.14490679099
232 435 -12.3238475882
232 497 -9.41401426451
232 276 -10.5833400052
232 245 -13.5409609677
232 374 -12.8615112147
232 503 -12.9399392382
232 362 -9.5555629105
232 574 -10.6305964409
232 509 -13.8760349434
232 767 -10.0861874912
233 769 -8.26480339097
233 555 -14.3196280786
233 683 -5.77131820749
233 777 -13.4303780354
233 747 -7.64240861691
233 783 -15.1765352209
233 558 -12.7467493949
233 273 -15.125259517
233 787 -9.36013800655
233 406 -12.101263668
233 279 -12.7539837173
233 739 -13.9186616921
233 848 -13.6787140957
233 540 -10.6260817589
233 285 -11.5428883625
233 798 -11.2684629842
233 689 -12.4446010672
233 668 -7.24090327974
233 684 -10.1716018088
233 685 -9.98010264032
233 307 -9.34172880361
233 436 -6.07376667161
233 821 -7.73410062123
233 373 -11.9860429579
233 572 -13.4064574256
233 573 -11.6292836362
233 702 -14.9728659927
233 833 -8.78575858257
233 442 -15.4374848746
233 582 -12.9220898812
233 732 -15.8085791895
233 712 -14.3138377249
233 715 -12.9336251288
233 781 -11.88806877
233 716 -13.6183290046
233 589 -11.7575087686
233 590 -11.035676658
233 335 -13.3403979479
233 846 -9.96665792571
233 505 -13.5382880903
233 855 -14.9702691712
233 348 -9.79598644742
233 879 -15.7523008069
233 817 -11.1412180198
233 865 -12.2843018061
233 401 -13.7792332114
233 611 -9.65549144321
233 871 -11.6612700264
233 692 -10.0115785455
233 493 -16.3610829952
233 239 -13.3180464037
233 766 -15.6834532887
233 625 -12.9270692779
233 242 -11.753254247
233 843 -11.0730723816
233 884 -7.3555344172
233 377 -8.38753639809
233 378 -10.6767245658
233 637 -7.7010374112
233 510 -12.9684244082
233 662 -9.19599007987
234 385 -12.4375549716
234 705 -14.6094551652
234 774 -10.9072756738
234 521 -11.4501314539
234 392 -10.9585337318
234 393 -10.8863543984
234 522 -11.6929851768
234 402 -15.5776937582
234 274 -14.7398534157
234 535 -11.619222029
234 794 -12.1773705599
234 688 -13.0489943083
234 798 -12.852903997
234 293 -15.5204624424
234 295 -11.4417742383
234 424 -12.5304206367
234 300 -14.2010660994
234 432 -13.5752532923
234 307 -10.9311013805
234 436 -10.6585180893
234 565 -14.848782877
234 382 -11.908578891
234 697 -16.5367148475
234 267 -8.56213086937
234 447 -11.2348894358
234 577 -8.05239807618
234 844 -8.82101702276
234 830 -9.98836603711
234 583 -13.0355449647
234 458 -11.0485358798
234 376 -8.49196000289
234 703 -13.0194495081
234 552 -9.65872292004
234 469 -11.4562847296
234 470 -14.1345141051
234 343 -11.8157803361
234 762 -9.16208112101
234 356 -7.05237597475
234 852 -12.1521109555
234 651 -11.7514086134
234 669 -12.9978877876
234 873 -8.82903890738
234 877 -11.9749968903
234 240 -12.7766040056
234 857 -13.4632493838
234 627 -14.1652535146
234 724 -17.0998232211
234 374 -13.4862391094
234 248 -14.2167468679
234 853 -10.8997430214
234 725 -16.2645414809
234 254 -13.7862461912
234 278 -10.7334041991
235 364 -8.38294961775
235 392 -11.930836505
235 267 -13.5666130394
235 276 -14.5573860197
235 665 -13.1294150012
235 283 -13.471922453
235 417 -11.0709021608
235 803 -10.3423309025
235 676 -12.4799554646
235 422 -10.8780316479
235 552 -11.4329552376
235 868 -13.4405418314
235 811 -8.61400107295
235 520 -13.6911136039
235 815 -9.2907549122
235 798 -12.8036339766
235 690 -8.39486624517
235 564 -11.9670917816
235 437 -12.310435285
235 438 -13.201495948
235 823 -10.5665296765
235 740 -10.7876783272
235 565 -12.5168512005
235 828 -11.3066503492
235 574 -10.7318808833
235 450 -10.6783374567
235 587 -6.49043872514
235 644 -13.6447657047
235 651 -15.2729688574
235 328 -14.0761298816
235 459 -6.46500056297
235 588 -10.8461210392
235 739 -11.2564048082
235 720 -11.1868503513
235 465 -12.9957229838
235 569 -10.7609851482
235 343 -10.1681623929
235 344 -12.387149144
235 677 -9.36413973518
235 350 -12.9481923326
235 801 -10.8068545025
235 611 -14.6826951026
235 614 -11.6196033585
235 618 -11.0555971682
235 360 -12.9898201535
235 237 -12.7615830418
235 878 -11.6830405438
235 793 -9.74711312164
235 516 -10.2624289054
235 626 -9.87539356289
235 501 -7.93603685983
235 630 -16.252942393
235 760 -10.3179901722
235 249 -11.1790019245
235 491 -14.9094746768
236 856 -10.0602387731
236 525 -11.4856622109
236 321 -11.8632216577
236 787 -10.9167896214
236 260 -8.77397312967
236 410 -15.4760153743
236 300 -13.6996425414
236 283 -11.6018953055
236 670 -10.3401203415
236 290 -7.18273203216
236 804 -8.88508580009
236 423 -15.2710996005
236 424 -14.5289120811
236 541 -13.3583999493
236 777 -11.3928979264
236 563 -12.8188850794
236 441 -8.47829270302
236 736 -10.2631351235
236 836 -12.8319347107
236 584 -13.7223283986
236 781 -13.1845687458
236 847 -8.35696680959
236 590 -10.153285205
236 723 -11.4003497528
236 724 -10.2563699138
236 470 -14.2424749421
236 472 -11.4791315485
236 474 -12.096683783
236 882 -14.8004370903
236 480 -10.4977396711
236 738 -14.9920005171
236 739 -15.3934408811
236 868 -8.53878832407
236 613 -9.13400152689
236 679 -11.2307929102
236 362 -14.7263373495
236 619 -11.6658563598
236 388 -5.358681208
236 369 -12.8066690113
236 763 -9.71726312629
236 509 -15.6061907275
237 642 -10.7048833363
237 387 -14.2586508136
237 262 -10.0667191226
237 770 -10.2866481104
237 522 -10.0472486907
237 651 -16.239152376
237 536 -11.2582301383
237 858 -11.5303823658
237 665 -10.4131464663
237 432 -15.3394432822
237 346 -13.0572131679
237 389 -11.8664511495
237 284 -13.0044183259
237 774 -12.2646330713
237 668 -12.9981545059
237 754 -14.4168147195
237 553 -9.66173647596
237 265 -10.6722762584
237 691 -13.7179737865
237 822 -11.4785602832
237 838 -10.4211897683
237 313 -11.4859993607
237 826 -11.9684553254
237 323 -6.01731318172
237 594 -15.1141313327
237 341 -12.6240002772
237 343 -11.131612963
237 349 -8.85363073349
237 866 -13.2170351094
237 868 -10.9513370611
237 873 -13.1372635589
237 878 -11.4730228307
237 638 -13.5084763168
237 369 -11.0986031414
237 626 -14.685224086
237 491 -3.44484230412
237 768 -13.7339884992
238 513 -15.2943782939
238 321 -11.9159270816
238 388 -11.0134214922
238 878 -11.1311352619
238 700 -16.0110586958
238 585 -11.7652034383
238 782 -14.6628688835
238 774 -10.1984564603
238 788 -15.4318502023
238 789 -10.7857349093
238 534 -15.9356831107
238 279 -11.6935376943
238 536 -11.2996281255
238 577 -10.7425744519
238 539 -7.68338457395
238 284 -12.905795547
238 288 -15.1511131062
238 545 -10.4075788985
238 291 -13.1535704704
238 348 -15.4422678943
238 552 -13.1466314117
238 425 -13.0481497465
238 555 -10.7212558615
238 685 -12.4338838182
238 307 -10.0943143533
238 457 -13.2230029174
238 308 -9.01908897258
238 335 -13.7622618716
238 799 -14.2760823415
238 314 -11.4976770087
238 544 -5.36051589325
238 704 -7.97309722504
238 804 -12.5280262264
238 842 -12.7883828713
238 867 -15.6750098453
238 855 -14.0365073351
238 723 -10.1521484738
238 758 -17.2276945244
238 597 -10.971040371
238 343 -7.56778124594
238 826 -9.66711537034
238 346 -12.573165885
238 272 -5.95151982839
238 703 -14.6025204912
238 848 -11.1579621613
238 699 -13.1929310461
238 831 -12.7798395472
238 494 -14.1918400095
238 628 -12.145941629
238 629 -12.4510458123
238 630 -13.2706388546
238 762 -12.5250623667
238 768 -14.1949303842
238 381 -14.9262394576
238 342 -11.2966595173
239 257 -16.1275532097
239 515 -10.867677498
239 258 -11.4159332759
239 655 -9.93283942555
239 656 -9.18159362621
239 274 -16.5615699683
239 545 -10.4603381951
239 377 -12.0194274953
239 420 -11.6270181844
239 678 -14.8770725216
239 296 -8.44103841489
239 264 -10.525664543
239 429 -7.92172309683
239 372 -13.75422279
239 514 -13.3938944888
239 695 -14.4137629981
239 697 -14.0288504062
239 704 -10.2867963705
239 609 -7.36223181781
239 328 -14.9893467187
239 330 -11.8249781249
239 591 -12.2025128507
239 846 -14.2913835639
239 721 -13.1248822502
239 854 -10.1451620923
239 347 -8.44674220754
239 818 -18.0989530618
239 735 -10.0338389555
239 806 -14.8637557748
239 481 -9.0900823915
239 874 -11.2842729739
239 808 -11.803416369
239 648 -12.0499734994
239 318 -13.1196920711
239 498 -11.410271053
239 244 -15.7014749146
239 431 -11.7391164583
239 250 -9.18498062439
239 384 -6.47326758253
239 278 -12.4511832003
240 515 -8.33266251878
240 388 -13.2876867827
240 323 -9.40796321661
240 686 -10.8172294756
240 788 -9.53704624088
240 790 -7.72628874285
240 325 -10.7384943313
240 286 -9.15678052557
240 417 -9.08113361703
240 718 -11.4097742898
240 796 -14.9458491742
240 782 -11.8019834813
240 748 -10.8548099583
240 429 -9.28081109512
240 435 -7.19871723001
240 688 -11.1973153075
240 880 -10.024989796
240 352 -14.2421287498
240 692 -13.6706727027
240 437 -14.136210377
240 439 -16.1399183242
240 698 -16.9337240623
240 460 -11.3065275006
240 567 -10.9733116237
240 440 -12.0000563584
240 845 -12.8752676299
240 334 -12.4546146409
240 591 -14.4998279391
240 590 -10.1071658071
240 338 -13.0804261494
240 851 -5.51729564446
240 740 -11.6288520561
240 579 -13.2984371431
240 344 -12.0073177549
240 601 -5.07526768463
240 604 -8.03568860084
240 483 -15.5508244658
240 486 -10.9455236119
240 877 -8.05236052618
240 874 -13.0747426269
240 753 -11.1900150866
240 755 -9.02900351502
240 628 -13.646993057
240 377 -11.9216383539
240 316 -14.9698031638
240 379 -10.4306295937
240 883 -14.5432196465
240 384 -11.066160134
241 649 -15.922496455
241 600 -9.25770815524
241 784 -8.08469985982
241 404 -14.8225507436
241 406 -6.14688655507
241 281 -9.66323338407
241 410 -12.8848993172
241 283 -11.279172091
241 432 -5.29513714957
241 850 -11.4090948096
241 545 -9.7627807034
241 805 -15.2006225794
241 684 -9.21407886349
241 301 -12.7968998144
241 814 -16.3496101626
241 817 -15.5397326418
241 690 -14.5587690077
241 691 -14.8954766933
241 314 -14.3503976011
241 572 -10.1747730977
241 445 -12.3053844187
241 703 -7.90934886197
241 839 -12.0632573507
241 456 -12.4941387172
241 698 -10.1958848901
241 333 -15.5699725081
241 590 -8.89593797017
241 718 -9.33666481166
241 593 -12.0882395851
241 722 -13.1326458109
241 727 -14.0150440263
241 345 -5.54917733111
241 474 -8.40728856081
241 732 -10.5429393085
241 744 -13.0295397423
241 491 -7.57327783244
241 840 -9.83088355801
241 628 -8.41490073325
241 286 -7.35248527286
241 249 -13.0145123768
241 378 -9.56767733718
241 763 -8.88412111961
241 508 -13.580271812
241 253 -8.5958950114
241 382 -7.92683303295
242 641 -12.7642512501
242 522 -15.5191345665
242 651 -16.1190889844
242 600 -14.3851589298
242 275 -14.9081539049
242 277 -10.9945667511
242 700 -12.5598560914
242 858 -15.2747993515
242 409 -16.5924397234
242 560 -12.8421370363
242 411 -5.86172028656
242 540 -15.079327856
242 286 -13.9578220018
242 769 -14.125757412
242 774 -15.1326433255
242 732 -13.8343690278
242 294 -15.0973216963
242 829 -15.1228778222
242 299 -10.3334591784
242 304 -12.4577506967
242 820 -10.5628521266
242 439 -9.69874111532
242 445 -5.48418631548
242 576 -9.844672161
242 706 -16.0577076416
242 780 -14.1617452796
242 837 -12.047459447
242 454 -9.62473378537
242 715 -6.91728519709
242 588 -11.5932242666
242 718 -14.9202712453
242 720 -10.9866068745
242 633 -13.2933986202
242 344 -14.0808445976
242 741 -11.2280884692
242 476 -7.74534937751
242 572 -13.5532337362
242 613 -10.1229733484
242 807 -7.97555433031
242 487 -5.09325477534
242 765 -9.77295714811
242 747 -11.192879518
242 623 -13.9465588474
242 880 -9.07282261236
242 823 -6.31070775656
242 757 -14.6749162071
242 502 -13.8330182987
242 375 -15.0598861569
242 377 -13.8005869784
242 542 -11.6822594414
242 640 -13.3909470605
243 257 -7.58621061834
243 642 -10.8659725085
243 643 -9.91434975901
243 519 -8.64279487335
243 265 -12.962929209
243 811 -12.904487135
243 527 -13.3427940827
243 529 -15.5520366988
243 275 -10.738789218
243 789 -9.3546057357
243 544 -13.464271993
243 418 -16.1000347376
243 419 -11.4101760105
243 676 -15.7670006296
243 549 -12.8302201936
243 295 -10.9021704345
243 297 -13.2595362552
243 554 -13.2970078395
243 300 -11.8867519103
243 430 -14.260667165
243 824 -14.3992092497
243 576 -13.4135853069
243 834 -11.4323426592
243 709 -12.71522371
243 802 -10.6596969469
243 653 -15.6276977792
243 460 -13.9924176643
243 464 -16.4094173602
243 466 -12.9232668713
243 724 -11.2392987335
243 853 -13.08906587
243 655 -14.9795897961
243 728 -16.2207137975
243 857 -13.3910670641
243 677 -14.0181072733
243 604 -13.4099856686
243 477 -8.92006478664
243 635 -12.5317381481
243 351 -11.380289068
243 484 -9.44677057668
243 869 -10.9565505889
243 637 -11.5127781388
243 491 -13.3938104277
243 620 -15.3205611993
243 625 -9.52186130568
243 757 -13.7319446963
243 810 -10.7366769652
243 381 -14.775073595
243 382 -11.9453704332
243 767 -15.3114243531
243 427 -13.3285677683
244 769 -13.1127533444
244 386 -15.6892711927
244 653 -15.2133906218
244 684 -10.6930724453
244 514 -9.84061101099
244 393 -6.6322654665
244 728 -13.6278618806
244 525 -11.7353200143
244 272 -15.8922033696
244 729 -11.9023561569
244 275 -10.9086218796
244 772 -11.0355831798
244 280 -12.6732701267
244 409 -17.0902309335
244 795 -12.0809744703
244 859 -12.2600637167
244 416 -13.1667796337
244 547 -13.9722993598
244 294 -17.2034722068
244 295 -14.8012505579
244 648 -14.0161763865
244 685 -9.69915000716
244 563 -15.45216876
244 562 -13.1216202086
244 692 -13.0753911859
244 822 -10.9145167952
244 578 -9.89582641054
244 770 -13.8155325423
244 794 -14.0415586859
244 450 -11.9622210802
244 451 -12.5671683685
244 328 -14.2061778033
244 713 -13.6540573828
244 586 -12.7343628045
244 845 -8.50828506472
244 666 -12.4548875371
244 334 -14.5673537252
244 337 -14.4932056959
244 825 -13.9267081636
244 596 -15.5609373597
244 472 -13.4232894118
244 601 -10.5507074788
244 603 -9.6703981545
244 353 -14.6585809592
244 617 -10.1633065365
244 362 -11.3082411767
244 876 -12.1389750038
244 750 -8.42969503461
244 498 -14.8725134128
244 372 -12.2667419721
244 675 -12.8302718482
244 758 -9.27902231298
244 820 -12.6853396775
244 725 -7.09040125149
244 256 -15.631326379
245 300 -10.3402074305
245 663 -8.05859017993
245 647 -7.35266703893
245 654 -15.2713407146
245 399 -12.0969615051
245 272 -16.1783156163
245 407 -12.7271359207
245 283 -10.9513804674
245 796 -8.56405079265
245 416 -16.5409753356
245 419 -8.31257129586
245 292 -12.6567271641
245 293 -12.9231681611
245 711 -12.0951922284
245 552 -10.3013506609
245 854 -10.6834544571
245 690 -10.1582764699
245 824 -16.9916319006
245 441 -14.1609025941
245 571 -12.4676125254
245 864 -13.4199806127
245 703 -12.3144691144
245 673 -13.6664493843
245 323 -10.1823257038
245 452 -12.35394543
245 455 -14.644522974
245 290 -15.5340767263
245 714 -10.1538989688
245 546 -11.6434979266
245 547 -14.0036721322
245 633 -10.4922103668
245 467 -13.0023080948
245 591 -17.0016695585
245 345 -12.8561300103
245 549 -7.70977380482
245 861 -15.8399907563
245 734 -12.8493522999
245 719 -12.6590749124
245 482 -10.7658060091
245 483 -10.8123072117
245 871 -11.5084987931
245 487 -14.5975456815
245 877 -11.3270091455
245 766 -13.604939968
245 374 -10.3477195238
245 632 -14.3911118977
245 505 -10.6711192122
245 510 -9.82472962697
245 383 -11.2321456855
245 767 -8.78514551106
246 260 -12.7540527366
246 263 -12.7973531004
246 649 -14.1342176209
246 266 -9.90342217049
246 527 -14.7752842902
246 601 -14.1632765342
246 773 -16.1267866992
246 410 -9.71263241171
246 799 -11.2852394989
246 602 -10.0883563235
246 421 -14.4436874687
246 839 -8.13784691372
246 808 -9.14239500619
246 477 -14.4570681768
246 429 -8.99002808604
246 670 -15.8930225353
246 562 -7.56861089534
246 819 -13.689317971
246 650 -13.1570231392
246 757 -12.2457392491
246 425 -12.9613844358
246 709 -15.7080037366
246 483 -13.7752600468
246 336 -11.0764889759
246 805 -12.0128830466
246 473 -9.55862524727
246 346 -15.5846764295
246 818 -11.0621644221
246 353 -14.6714217194
246 872 -12.1096712685
246 361 -10.8960220028
246 297 -11.0075733625
246 501 -10.0311021523
246 504 -13.4198526918
246 250 -13.5395420952
246 379 -8.60854123587
246 255 -6.80425477432
247 257 -14.6595513574
247 387 -15.2011368389
247 388 -9.88981104299
247 266 -9.48582438231
247 396 -15.703886302
247 270 -11.6654446329
247 656 -12.0222690763
247 529 -14.4878962033
247 787 -10.8390422166
247 276 -7.08565784942
247 740 -12.2901744219
247 406 -10.6016179955
247 792 -15.0052972074
247 540 -10.9264976023
247 518 -14.5155190581
247 801 -14.1802702198
247 547 -6.65754422039
247 804 -12.3906035757
247 296 -12.6855362781
247 815 -12.5946950811
247 734 -9.23373308854
247 817 -8.7730401515
247 435 -14.0541023424
247 693 -11.6645895123
247 566 -7.49559277795
247 394 -12.9537363612
247 700 -11.6348078853
247 705 -8.1531310482
247 578 -11.2923338821
247 454 -10.082824583
247 802 -14.8887005221
247 459 -16.5753302716
247 568 -12.7069506445
247 468 -14.664201549
247 771 -14.3378979952
247 867 -13.7586320331
247 349 -15.2382991548
247 298 -12.0705756128
247 355 -8.79663902843
247 571 -13.8673800058
247 871 -9.98932202508
247 616 -9.02654404203
247 881 -12.9008946323
247 758 -15.5994645378
247 704 -10.9967391897
247 637 -13.0351494164
247 766 -10.6300213546
248 513 -13.8361219247
248 769 -12.2873940743
248 772 -14.1531868161
248 773 -14.3616550837
248 519 -9.71262125891
248 651 -15.0288296124
248 268 -12.3597245317
248 400 -12.3519024323
248 402 -12.8906785009
248 532 -12.9747841571
248 405 -7.61265771226
248 662 -9.68443828688
248 665 -11.1173111267
248 666 -7.94090606137
248 796 -7.17328951947
248 285 -7.33132373389
248 800 -14.6591202139
248 546 -10.8432127343
248 293 -13.9524098195
248 425 -12.0778620123
248 305 -4.35964346998
248 335 -15.1344862927
248 822 -16.7087285108
248 443 -15.0571716768
248 573 -9.87258906384
248 320 -12.1443502483
248 280 -8.74668484573
248 417 -14.7430211205
248 780 -10.1410940279
248 714 -13.0225826409
248 843 -13.8558490404
248 312 -13.1188896177
248 589 -9.49336690653
248 611 -10.7813333929
248 681 -13.0327529809
248 603 -9.52565386822
248 860 -10.7211827594
248 686 -10.9681499692
248 483 -13.5584854698
248 741 -11.7293221305
248 814 -13.8199894079
248 875 -15.3419157123
248 493 -12.0554692906
248 368 -8.17615413148
248 497 -12.6588903828
248 625 -9.5484759425
248 831 -15.1335768426
248 376 -15.214014601
248 249 -8.94499778982
248 507 -10.4505561869
248 253 -13.3589676903
248 427 -12.2791732965
249 385 -14.140153496
249 260 -15.2837226426
249 390 -13.1997589701
249 872 -12.3034793999
249 514 -12.9551901548
249 777 -8.91404611046
249 813 -14.8648754387
249 601 -12.5436675255
249 726 -12.4008045938
249 644 -11.6815041198
249 661 -11.02229286
249 790 -9.38611994347
249 791 -13.8526004519
249 536 -7.5451887475
249 668 -11.3068061679
249 669 -13.0286394207
249 416 -7.83948259636
249 674 -14.0562345022
249 548 -11.3602522226
249 660 -10.2985447477
249 816 -11.873247044
249 776 -13.5140674459
249 429 -12.1666536761
249 432 -14.3392362285
249 433 -15.3976769064
249 691 -12.4907365315
249 756 -11.7536483941
249 821 -11.8530215724
249 439 -10.8616582086
249 824 -10.5886025272
249 826 -4.64578062354
249 706 -15.7860586631
249 704 -18.5522747503
249 321 -11.8761663586
249 460 -11.6517173077
249 675 -14.7436235701
249 327 -9.38444477916
249 585 -11.1824882879
249 714 -13.7830721356
249 331 -12.9538432792
249 332 -11.1249443406
249 518 -12.3779730667
249 342 -15.4368032918
249 473 -14.9365411505
249 741 -9.89556177004
249 616 -11.2429940065
249 745 -13.0883151438
249 748 -8.86283477582
249 723 -13.6883517708
249 367 -6.01385149745
249 839 -11.0254770055
249 371 -12.9959136469
249 384 -9.47150945361
249 789 -13.3540636767
249 379 -12.1226472793
249 380 -12.9066232437
249 254 -12.1450764375
249 511 -11.9484762031
249 256 -11.1149019587
250 262 -12.6020868709
250 520 -15.6615632701
250 393 -8.51727731526
250 267 -12.2396488104
250 652 -14.2701010551
250 399 -13.886997076
250 494 -8.31226584577
250 278 -11.4384001463
250 334 -14.2456484386
250 538 -10.3641321497
250 560 -3.99163797047
250 797 -11.2822775865
250 542 -12.1895341201
250 862 -14.1308340056
250 289 -12.8529133821
250 423 -8.63060379292
250 650 -11.867470977
250 471 -12.1999499734
250 584 -9.46398613108
250 430 -12.6760937487
250 559 -10.8903958288
250 304 -12.3726146435
250 689 -13.7627624596
250 434 -7.69555661529
250 310 -15.0137936321
250 266 -12.3095789632
250 642 -13.2604051386
250 571 -12.9238843305
250 840 -11.4022935373
250 573 -12.8708520235
250 335 -11.0753366879
250 593 -7.71439101837
250 655 -17.4998783373
250 856 -13.849119487
250 473 -16.509246548
250 690 -13.581534013
250 848 -14.6387887047
250 606 -9.30644673836
250 864 -7.89448762338
250 353 -15.1878397517
250 740 -8.19687638174
250 869 -10.9038470402
250 359 -16.7339438716
250 362 -13.2042986954
250 724 -8.5384637201
250 467 -9.10864996813
250 500 -13.0832207473
250 373 -6.03723570709
250 759 -8.44295602379
250 376 -12.8344663979
250 637 -10.7548720894
251 260 -12.7579231171
251 262 -9.34511614292
251 845 -15.1020331048
251 401 -10.9942989547
251 815 -11.3910594501
251 664 -10.0081708306
251 281 -16.3866675034
251 389 -12.554784346
251 560 -12.1675485784
251 546 -15.8902524162
251 732 -15.3776406205
251 806 -9.76774779421
251 425 -8.8618102687
251 299 -12.9566144532
251 499 -15.9303400484
251 559 -13.5604932595
251 306 -16.2324848457
251 437 -14.0005908854
251 568 -10.9897876958
251 416 -5.32938870794
251 449 -13.460696909
251 453 -5.60215029438
251 311 -12.003003564
251 329 -13.686959623
251 842 -15.5329569477
251 593 -12.0274443521
251 470 -11.7814459142
251 601 -15.2365399167
251 830 -10.5633919895
251 348 -13.2310605317
251 354 -15.618894303
251 870 -8.95132742915
251 488 -9.20505026497
251 746 -7.0095788748
251 616 -16.6714784142
251 749 -10.0416378638
251 574 -9.64595732492
251 626 -15.46499695
251 644 -12.7479278376
251 764 -16.2129809549
251 640 -12.2121925255
252 393 -13.845081676
252 266 -5.88474875228
252 781 -10.944827504
252 273 -11.421096156
252 531 -14.3309453165
252 655 -12.6642877134
252 410 -15.6194908419
252 607 -9.60369228715
252 859 -12.5286411361
252 287 -11.5213581218
252 544 -7.53985271966
252 545 -9.18271312364
252 583 -12.7335154812
252 808 -15.3766741155
252 797 -13.2580888654
252 687 -14.5852725619
252 437 -4.09628779436
252 312 -11.9960552827
252 569 -10.1757390893
252 565 -12.3506082097
252 694 -9.56746140367
252 324 -13.2205234724
252 582 -11.508987325
252 455 -8.88788502134
252 698 -7.59042041572
252 335 -12.9206837487
252 848 -13.6502720698
252 711 -15.9550003386
252 598 -10.5002645233
252 475 -15.8992407504
252 860 -12.3621752667
252 734 -13.6029332213
252 351 -17.3380442152
252 486 -12.6922542936
252 358 -9.76008861594
252 622 -10.7180757283
252 623 -6.99403029356
252 498 -15.5286960799
252 371 -11.6593017409
252 629 -18.0159709959
252 631 -12.5516863753
252 507 -13.1379777961
252 764 -15.9609039801
252 785 -15.3606514707
253 516 -10.8478029633
253 773 -8.87011629555
253 619 -14.2042364898
253 777 -12.9295597656
253 267 -12.375972601
253 268 -13.4756754042
253 729 -14.82274936
253 533 -17.2990834449
253 278 -13.7188667597
253 730 -13.2580148525
253 827 -9.01529144569
253 283 -14.0437639272
253 797 -12.1268171179
253 411 -10.2225202031
253 671 -10.9737259855
253 753 -12.5539201764
253 803 -9.57348481351
253 550 -12.0713736803
253 295 -12.1920333439
253 731 -11.4288878815
253 426 -12.2106359584
253 795 -9.13767914443
253 680 -14.0385988021
253 693 -10.8111621246
253 696 -12.0381102218
253 697 -13.2505386582
253 831 -8.58810768078
253 326 -12.5274594182
253 711 -15.0517609839
253 584 -10.8454834436
253 457 -12.3367835395
253 587 -13.8804904943
253 460 -15.1918002408
253 340 -9.20908973426
253 719 -11.1485529196
253 345 -12.5504764341
253 476 -14.0833451364
253 349 -9.4281395648
253 734 -15.8214468214
253 870 -9.3788329091
253 593 -12.7368162799
253 634 -11.2981938621
253 551 -9.7763645352
253 617 -10.5824537866
253 618 -12.2129605785
253 491 -15.6695989294
253 552 -8.75459469758
253 621 -15.7125054979
253 750 -10.3193880914
253 882 -12.2009570411
253 724 -12.6839349036
253 373 -15.091366002
253 333 -8.05668136716
253 380 -9.53375828131
253 640 -10.1128431827
254 387 -11.1062802483
254 772 -11.0445719018
254 645 -14.1115801873
254 390 -14.789940146
254 648 -10.3866152608
254 393 -13.0343172243
254 650 -16.6355849175
254 395 -14.5906583838
254 398 -12.3630896325
254 655 -12.429388481
254 277 -11.6475726919
254 537 -11.9178630386
254 538 -17.1659046531
254 668 -14.1997523573
254 590 -15.3043424635
254 860 -9.91445237983
254 377 -8.95841686819
254 552 -12.9218382344
254 554 -9.323110486
254 599 -15.1085182388
254 814 -10.8493868989
254 560 -10.864462177
254 307 -14.3506584857
254 821 -12.0719387475
254 851 -12.3549311119
254 576 -10.28534469
254 450 -10.9167092078
254 324 -12.9151308989
254 840 -10.4243285171
254 459 -10.40240134
254 760 -15.4527820843
254 291 -10.4085410525
254 719 -13.3039019341
254 336 -15.6651557499
254 313 -12.0626870055
254 595 -13.0225344143
254 470 -9.02224859654
254 471 -10.1633431283
254 634 -11.3957649997
254 754 -17.6936360583
254 870 -8.79885674923
254 614 -9.11739274654
254 341 -17.5848629596
254 748 -6.04908915066
254 659 -14.0335903274
254 533 -7.19175718848
254 368 -9.67652862485
254 626 -9.94646035489
254 661 -13.137580872
254 758 -10.2774998621
254 631 -10.5666998456
254 508 -9.96682659439
255 514 -6.84983058042
255 527 -15.7697205484
255 530 -9.36272472743
255 536 -16.5600853872
255 603 -10.8989881086
255 550 -12.1217116088
255 553 -14.3390039477
255 559 -15.9557925415
255 560 -7.72124236237
255 565 -12.0827903747
255 573 -7.99005866265
255 580 -14.6739616571
255 619 -7.50681631747
255 621 -7.77811698072
255 622 -17.3049700255
255 624 -11.2688762839
255 643 -11.7994976684
255 644 -16.5678083155
255 662 -10.8458515616
255 665 -15.0088800835
255 666 -15.387284431
255 668 -8.67552213132
255 669 -8.86091949122
255 671 -5.77656782996
255 689 -13.8129626352
255 721 -12.3968082016
255 729 -9.04820686366
255 730 -16.6258276018
255 734 -14.7812218152
255 740 -13.350134451
255 753 -11.0547625588
255 754 -13.3168297306
255 763 -13.387933919
255 258 -15.0297229371
255 776 -11.3549527637
255 778 -18.1211751165
255 270 -14.7839143463
255 784 -8.10931971688
255 787 -16.8598235068
255 287 -13.2381050742
255 806 -13.2062702455
255 305 -10.5502465621
255 823 -10.7499497102
255 835 -17.2232300746
255 855 -11.2418533987
255 349 -16.1607024854
255 864 -16.5664312847
255 868 -13.7432442113
255 378 -3.19245249401
255 382 -9.39018130937
255 384 -6.34982100598
255 387 -10.1899255225
255 388 -12.5110182127
255 390 -6.52038650781
255 394 -10.8473136328
255 407 -11.198751338
255 409 -9.48992830074
255 411 -8.89746589502
255 439 -15.3058709349
255 463 -11.2791458321
255 465 -13.6958397077
255 467 -8.13423759706
255 494 -11.9818968764
255 502 -11.8666424858
256 555 -13.6631567752
256 262 -8.06382595452
256 578 -14.4723897907
256 651 -11.5440932358
256 655 -16.0115540343
256 272 -15.9929424741
256 657 -8.17940108202
256 278 -15.6392473282
256 409 -15.9715130195
256 645 -13.0185685823
256 496 -9.54954739843
256 542 -8.50100506212
256 291 -9.36629714455
256 548 -14.5338829042
256 295 -8.66749994099
256 426 -9.3270196693
256 584 -14.3208749294
256 563 -10.8475265682
256 439 -7.26100004529
256 853 -13.0577165812
256 825 -12.8013887105
256 316 -12.3016276065
256 445 -15.08619561
256 593 -11.9288724595
256 320 -14.0683232403
256 303 -10.790581729
256 567 -15.2867691189
256 781 -8.10488422628
256 460 -14.9387518742
256 547 -14.386776396
256 335 -7.97027733628
256 725 -9.5884089105
256 719 -16.5381432472
256 604 -12.6932636864
256 478 -12.9114543038
256 607 -10.1400228737
256 638 -5.76428512968
256 357 -6.52270829369
256 738 -13.0071543618
256 362 -10.742589462
256 622 -10.6091920545
256 382 -13.1477114323
256 810 -12.6578852646
256 827 -11.2774622439
256 512 -10.5743328373
256 427 -13.3695487304
257 670 -10.5567504962
257 751 -11.8589024272
257 815 -11.7056479566
257 263 -6.75345902167
257 264 -15.2072090886
257 365 -12.0515870666
257 397 -15.6037536308
257 783 -16.3106871336
257 662 -16.0710848913
257 658 -8.08257128978
257 403 -12.1628238099
257 794 -10.0586192993
257 539 -7.39351804326
257 668 -14.1875342297
257 669 -11.8195983263
257 817 -9.14309182811
257 292 -12.8669693306
257 519 -13.1547518162
257 679 -12.0453722332
257 297 -16.0112208443
257 683 -15.1814393266
257 392 -9.67612837497
257 303 -15.5328185867
257 560 -13.7911910068
257 689 -11.9653934722
257 821 -14.0435687674
257 764 -16.1795360874
257 313 -14.4529676659
257 834 -12.4005414982
257 845 -9.44294452226
257 843 -10.4048725966
257 717 -5.85736310088
257 867 -9.45544067441
257 337 -9.32424771249
257 569 -15.8970327473
257 595 -11.4686670263
257 341 -16.266988616
257 697 -11.6409118193
257 805 -12.9988566247
257 864 -5.97226665635
257 737 -13.9156633094
257 355 -7.41195930263
257 869 -14.5895046383
257 742 -17.7744738735
257 871 -13.4069572899
257 722 -9.78605746882
257 361 -12.921652513
257 496 -16.115143811
257 553 -11.5846443177
257 367 -11.7366976913
257 495 -14.3936444219
257 640 -10.6480049984
257 768 -14.2551993868
257 511 -9.45882254323
257 278 -12.2929945259
258 833 -12.6181474566
258 643 -13.5192423777
258 261 -15.182388706
258 775 -16.5145120374
258 322 -13.8506445135
258 394 -15.760532841
258 523 -11.6841038193
258 776 -5.8880288564
258 654 -14.215118261
258 528 -8.42151323069
258 473 -15.1517451335
258 388 -14.5822699768
258 278 -13.8422952396
258 793 -16.4366250868
258 285 -5.27769756276
258 414 -13.0695355189
258 546 -6.52983750305
258 870 -9.5173649473
258 606 -10.7676320139
258 296 -9.92469448246
258 682 -13.1215402297
258 520 -16.1592199387
258 301 -12.7439400899
258 558 -11.0586802964
258 842 -11.8832017388
258 560 -12.7686575127
258 562 -13.9744557262
258 352 -14.4016279614
258 578 -16.222596694
258 561 -8.90782305527
258 569 -9.65565742593
258 827 -12.5834860839
258 672 -6.82797817004
258 705 -12.5887377496
258 766 -17.041202438
258 689 -12.7987849142
258 328 -13.6174211149
258 841 -8.62246201147
258 586 -16.986300363
258 696 -13.6683829239
258 465 -11.3584759154
258 597 -9.3275544601
258 655 -14.0270483017
258 856 -14.7598917423
258 882 -11.0600873217
258 479 -15.0383691168
258 482 -12.3465619894
258 797 -7.64363892499
258 360 -8.95888364062
258 617 -15.6571399268
258 729 -10.8492750277
258 368 -15.3375986163
258 516 -13.0544730841
258 553 -13.7064226344
258 340 -9.16089130021
258 501 -12.5067657216
258 375 -8.0303315005
258 376 -8.46107336694
258 674 -9.04065263123
258 635 -14.9788220771
258 765 -9.51894185636
258 404 -15.5338910369
259 516 -9.34388424542
259 599 -11.2030214313
259 321 -13.0762730542
259 580 -6.7023958199
259 449 -11.6378842585
259 539 -8.07432802934
259 804 -10.9418047021
259 838 -14.0948555439
259 545 -7.91481345976
259 421 -13.6742545718
259 679 -11.0263559681
259 811 -12.8748964874
259 563 -8.58135040374
259 314 -12.1998462866
259 571 -11.9362512861
259 700 -11.5221907842
259 573 -9.07206494022
259 830 -13.6700511177
259 447 -10.1591447811
259 704 -11.9126378191
259 324 -10.7467813641
259 439 -13.9050884657
259 327 -18.3303091799
259 758 -8.58332889476
259 470 -16.0284709112
259 343 -12.8347984697
259 472 -12.1116914223
259 549 -11.0935411359
259 859 -8.27693743129
259 860 -16.5342117381
259 863 -8.12878561714
259 736 -9.42647952617
259 609 -16.703852146
259 874 -10.3461022058
259 365 -11.4438582258
259 880 -11.9131001757
259 703 -11.2896195025
259 789 -11.7755334483
259 383 -10.7766319592
260 772 -13.7650667909
260 518 -12.5566533485
260 265 -12.9202954711
260 652 -15.7909966488
260 657 -10.5924876886
260 538 -12.3859407953
260 668 -15.3886055929
260 413 -9.70321740926
260 582 -14.3263035134
260 327 -12.0718947063
260 813 -12.0229641509
260 560 -14.8574734227
260 433 -11.9613714316
260 311 -12.8670332103
260 266 -11.2200542383
260 443 -12.8127774769
260 439 -10.5810475201
260 806 -9.11873936908
260 568 -10.134947265
260 583 -11.666387365
260 464 -11.2242409862
260 758 -11.6628933344
260 469 -10.4675146481
260 634 -11.0507447008
260 859 -13.3182018026
260 735 -10.9318069214
260 422 -14.5027208008
260 700 -1.1758895834
260 357 -13.1848647428
260 614 -13.8797249529
260 617 -8.77928217384
260 369 -10.8935704585
260 745 -12.9743537859
260 628 -7.89294108618
260 506 -13.472552688
260 636 -12.4516655044
260 510 -8.26509596737
260 512 -9.730314264
261 538 -13.9703057976
261 521 -13.0770021742
261 649 -10.8350517265
261 664 -11.1267612296
261 272 -12.51662395
261 530 -17.8458615969
261 276 -11.1883819024
261 661 -17.0746293706
261 410 -13.0589805572
261 283 -8.68849901021
261 799 -8.95581005456
261 417 -12.3522490423
261 881 -11.5532470978
261 547 -9.14316067472
261 604 -12.3022217114
261 559 -13.4841695088
261 562 -11.7390738963
261 514 -11.5630214618
261 442 -8.58108861714
261 572 -14.0122282889
261 445 -7.72276504874
261 715 -12.5860208907
261 577 -8.17565253015
261 710 -10.1970345489
261 584 -8.66689725676
261 331 -11.1736708432
261 843 -8.69917268665
261 335 -12.5271752626
261 750 -15.1157135168
261 723 -10.9535617802
261 852 -15.5879162859
261 471 -11.9463014706
261 473 -10.7020699072
261 477 -14.5461851452
261 607 -12.5790857288
261 864 -10.8351391131
261 612 -11.8554111556
261 357 -8.8944856883
261 488 -8.26279880135
261 361 -12.5362183201
261 620 -12.0328903839
261 877 -13.7527319038
261 622 -5.96385781755
261 496 -11.0712156806
261 516 -8.95363217553
261 489 -7.17947089393
261 580 -11.3415095344
261 500 -8.09561032481
261 630 -8.22601131235
261 525 -12.6978064033
261 506 -11.7832505992
261 300 -12.5351240544
262 389 -13.4756985575
262 264 -10.609025626
262 265 -12.5372100271
262 621 -14.4585268646
262 531 -10.3641876421
262 404 -11.8788894184
262 533 -9.22965196633
262 538 -9.9085332324
262 410 -14.2183627593
262 803 -15.3232315919
262 548 -14.2084409542
262 293 -13.5684231605
262 811 -13.9180375652
262 557 -7.7569578369
262 820 -13.2752122893
262 309 -15.0451463498
262 821 -11.4141125454
262 851 -11.9741642647
262 319 -12.2945696194
262 449 -6.68736345121
262 452 -15.2547358715
262 517 -10.8758541109
262 585 -12.3693074256
262 312 -12.5815905802
262 589 -15.5598223694
262 569 -11.2459795626
262 469 -11.5256696514
262 351 -9.32949011095
262 485 -13.3364579147
262 614 -8.73060912713
262 360 -12.2137905411
262 595 -14.6522610551
262 751 -13.6580197604
262 702 -11.5383094711
262 625 -12.8776326448
262 831 -8.89269480545
262 765 -14.9164751171
263 776 -15.6651709364
263 649 -14.7481967549
263 819 -14.9554871254
263 782 -13.2502083645
263 430 -12.5186405726
263 529 -11.7584736948
263 789 -8.84027364464
263 662 -9.57812024618
263 284 -9.10147254202
263 670 -14.6173295411
263 803 -15.36980615
263 420 -13.2971075528
263 422 -12.4306296397
263 859 -14.0612181009
263 302 -13.9930861071
263 688 -14.5795890567
263 307 -9.52182149293
263 566 -8.98573226389
263 715 -10.5935946292
263 831 -10.6803324744
263 323 -15.7600701694
263 780 -10.9959051592
263 584 -12.2109088536
263 458 -13.3219976995
263 460 -6.95042633326
263 337 -6.83672293599
263 339 -4.79608183799
263 854 -7.14516709564
263 727 -12.3203664778
263 475 -14.3069598227
263 835 -13.529034392
263 609 -11.9869545849
263 849 -10.7005353607
263 761 -14.6641177724
263 741 -11.6019315888
263 489 -13.3618119693
263 829 -11.7034812048
263 494 -12.0343110666
263 638 -6.81391184346
263 369 -12.8405310373
263 501 -15.2187873759
263 760 -16.4134810319
263 510 -14.3917094373
263 346 -14.5584822846
263 768 -15.9769972126
264 771 -15.385627906
264 772 -14.7768759298
264 268 -14.7919609793
264 397 -11.1806664169
264 526 -14.6642277461
264 517 -10.2539745169
264 657 -12.5621310266
264 658 -6.82093447395
264 405 -9.37516016802
264 283 -11.6058144673
264 285 -16.35645361
264 710 -13.2024667813
264 863 -10.5683534207
264 425 -9.27078709506
264 815 -14.3301646401
264 560 -11.2780257445
264 566 -11.5400955995
264 501 -10.892546443
264 318 -13.42024629
264 703 -14.9662965447
264 705 -14.7155423345
264 454 -12.2769414527
264 418 -13.6897829997
264 457 -13.3160928079
264 781 -11.3420760016
264 461 -10.0519440007
264 803 -12.5807041639
264 850 -10.5364981187
264 851 -9.64629343941
264 852 -16.3191015059
264 655 -9.79487694875
264 743 -7.73473775524
264 728 -14.0028965225
264 345 -11.2382883117
264 858 -12.6536217483
264 603 -7.02819844736
264 606 -14.1455624896
264 607 -12.8274306059
264 737 -7.79668984357
264 536 -16.1685717205
264 615 -7.70608527765
264 360 -16.5232827302
264 747 -6.91571815203
264 493 -13.3139394912
264 883 -13.7578997845
264 758 -10.2604479307
264 633 -15.6339565713
264 638 -13.4164575878
265 648 -10.466836936
265 393 -12.0409598579
265 394 -11.2962848617
265 397 -7.19622287439
265 451 -11.4761311288
265 401 -13.8024677125
265 530 -8.6168067178
265 662 -14.2643986155
265 858 -12.9252025313
265 798 -11.0120462059
265 707 -9.31610736596
265 390 -12.2490619839
265 758 -13.6547090997
265 291 -10.5261027395
265 420 -13.6105024253
265 343 -6.5569342954
265 690 -8.29496274021
265 297 -10.8480527236
265 812 -14.0931256881
265 557 -15.4758918825
265 431 -11.5799357025
265 305 -13.3818087724
265 646 -8.27475683855
265 316 -12.7864626716
265 493 -8.97600898231
265 644 -12.2976216007
265 839 -9.26708528977
265 841 -7.18126886149
265 653 -11.2334265071
265 615 -11.486766649
265 419 -11.7250415844
265 591 -13.1531338338
265 848 -15.7795402499
265 339 -14.193237713
265 612 -9.82754929622
265 725 -13.7892226484
265 587 -9.20984729283
265 473 -11.9557297329
265 749 -16.7246899786
265 350 -10.3623982294
265 356 -13.2617042322
265 487 -11.8951077919
265 467 -7.94677017344
265 868 -8.60224422012
265 752 -9.97583971607
265 425 -13.3601764643
265 532 -12.1514437693
265 373 -13.3545213089
265 681 -16.7298359887
265 640 -11.5370143074
265 444 -14.3224276538
265 598 -4.85949681695
266 833 -9.5073614318
266 389 -14.0594058538
266 519 -10.5535918169
266 521 -13.1776706899
266 650 -16.0263620635
266 397 -11.311157893
266 824 -16.5014806505
266 277 -13.6262037494
266 662 -15.5301171012
266 739 -10.6990675518
266 413 -8.12199944974
266 670 -15.3607527481
266 602 -13.6725637496
266 822 -11.943725142
266 418 -10.6218361066
266 292 -9.2739897066
266 660 -10.6389214984
266 680 -14.2366686544
266 682 -5.56849346288
266 383 -15.1886121279
266 816 -15.5659419093
266 689 -9.46397973685
266 548 -12.20286569
266 819 -9.73505433035
266 628 -15.8118832064
266 479 -16.0893824515
266 823 -14.6025081279
266 696 -13.1047080569
266 587 -7.31829209017
266 447 -13.0100859215
266 694 -15.0761097265
266 450 -10.8662242853
266 634 -12.9373127726
266 331 -10.5490671351
266 421 -11.7150834515
266 843 -12.0453267582
266 483 -17.5596856115
266 708 -12.0399170576
266 721 -10.4277149863
266 639 -11.1929186372
266 468 -8.0769770148
266 341 -14.3906141317
266 342 -13.1313235763
266 729 -10.4946415478
266 606 -13.1308816932
266 460 -10.381798816
266 608 -14.4204934475
266 481 -7.48549057201
266 316 -12.7874157249
266 614 -12.8474219242
266 745 -9.20221551952
266 490 -11.5619783714
266 491 -11.3398830932
266 736 -16.0885892583
266 532 -13.0490703805
266 507 -10.9273024132
266 346 -15.6393388773
267 771 -9.04782333059
267 644 -8.84227370208
267 798 -9.87834348341
267 519 -12.6299634988
267 522 -9.60633057339
267 651 -10.872708276
267 536 -12.661857333
267 269 -11.9680093611
267 654 -11.3151829333
267 509 -8.20814524303
267 791 -14.7923727584
267 800 -13.0400038654
267 290 -13.7486219618
267 422 -8.72381314537
267 683 -13.6440268571
267 819 -14.1740044906
267 688 -9.90376956173
267 563 -7.980256588
267 692 -11.5794109489
267 455 -5.51880949802
267 738 -12.7399728356
267 842 -10.2824551704
267 843 -11.3337996332
267 732 -8.14664737897
267 592 -14.2080130251
267 804 -10.5541299597
267 847 -17.1625587155
267 857 -13.4614985906
267 507 -14.4133009224
267 480 -10.3186825903
267 610 -15.0761777315
267 848 -11.1254974287
267 741 -15.842627865
267 495 -14.4692017623
267 880 -7.43232394204
267 627 -11.8738886911
267 500 -13.11509872
267 503 -15.0063205944
267 490 -12.9745703285
268 394 -11.441917403
268 270 -13.3774082083
268 274 -8.73851263288
268 275 -15.1537662607
268 788 -13.2167659592
268 533 -13.706095344
268 535 -10.1730524886
268 542 -10.231570171
268 433 -8.64600016516
268 291 -10.186914492
268 706 -10.304288156
268 677 -8.54386032801
268 423 -13.6773896692
268 569 -10.1583317012
268 554 -14.074429354
268 714 -12.0991192208
268 301 -11.928204228
268 558 -15.4016662326
268 432 -13.0287639704
268 306 -8.86518571656
268 307 -10.9481575343
268 650 -16.0777197573
268 441 -10.6305039628
268 443 -12.3243578392
268 701 -12.4685301161
268 320 -13.2764951039
268 417 -13.6157786683
268 455 -9.22209634879
268 866 -13.5973430038
268 713 -15.9204628097
268 849 -10.3794404708
268 463 -13.3342364543
268 343 -16.7655010423
268 698 -8.4260905559
268 741 -10.8212707973
268 778 -14.3598958472
268 356 -12.1745345946
268 485 -12.3023183301
268 615 -10.0942063145
268 488 -7.01682320786
268 489 -13.0888787961
268 619 -6.78217643511
268 877 -8.17534837991
268 787 -12.0311709429
268 625 -14.6551165199
268 450 -11.9640946505
268 767 -9.14022044887
268 598 -12.2871852438
269 386 -10.4363528965
269 781 -11.2079672611
269 649 -9.00194289442
269 451 -13.7844566028
269 783 -11.324583755
269 430 -13.3125271805
269 401 -16.032476938
269 402 -12.2745512123
269 531 -15.4800549361
269 533 -16.2059555399
269 496 -10.1417511417
269 669 -10.2764213621
269 545 -14.1911841907
269 419 -14.3147854491
269 548 -9.06289719514
269 806 -13.5310430109
269 682 -12.9297092485
269 427 -6.96599065028
269 687 -13.0176274335
269 710 -8.15412896339
269 564 -7.52136042797
269 805 -14.9461223057
269 566 -12.9147657018
269 567 -10.3938834467
269 568 -14.6864288638
269 702 -12.5955877676
269 834 -8.33293319288
269 652 -13.7703932566
269 585 -11.8690570838
269 653 -14.360152077
269 587 -10.9918056355
269 718 -13.5341600512
269 464 -14.3346245744
269 722 -14.6766313993
269 714 -10.9299748826
269 855 -14.0409531487
269 528 -11.6065172203
269 752 -14.5513240956
269 347 -14.8389247072
269 735 -15.7065378086
269 337 -12.4220064749
269 612 -13.6432924576
269 738 -14.8326009197
269 491 -10.1176575276
269 750 -10.4386568519
269 623 -12.449030307
269 881 -10.84515405
269 852 -10.4195677925
269 374 -13.2775639012
269 362 -13.7261383345
269 634 -12.9486234539
269 704 -11.0427535498
269 509 -14.0177953165
270 385 -12.0245984567
270 387 -10.8407496061
270 518 -11.4803012227
270 273 -10.4273073478
270 405 -13.2275247571
270 278 -11.9510786211
270 411 -15.8903696274
270 415 -13.2481401721
270 774 -10.8263310537
270 419 -6.75058432124
270 553 -8.9912863949
270 299 -13.6292762332
270 559 -9.43100497974
270 693 -5.57407627506
270 698 -12.9903672764
270 699 -13.6715303099
270 572 -6.5620629166
270 800 -5.7221010674
270 707 -14.0588872476
270 408 -10.4588190537
270 503 -9.74230348611
270 717 -12.1907324077
270 611 -9.90733006433
270 464 -12.0446530659
270 593 -13.2302277127
270 335 -14.9395276833
270 485 -9.92813260861
270 351 -9.98723838298
270 737 -10.2823557879
270 356 -11.2468080666
270 790 -16.6754449967
270 488 -14.9656786388
270 882 -12.4075408907
270 499 -14.603644393
270 629 -10.223831731
270 767 -11.6003116117
270 633 -15.016723707
270 789 -12.2565728052
270 638 -11.8707073904
270 512 -14.9034087243
271 642 -12.0201379505
271 517 -13.8694803978
271 652 -18.2256878951
271 636 -10.7612990635
271 274 -11.2232817081
271 403 -13.224610008
271 532 -9.14759886415
271 280 -14.5509134787
271 283 -15.7323079345
271 799 -7.48261137478
271 562 -11.2254776253
271 554 -11.7721708626
271 555 -17.7457075548
271 556 -9.72932484521
271 798 -9.56939386554
271 821 -13.7320170857
271 696 -8.26045287955
271 684 -11.4845223675
271 833 -8.05039182365
271 578 -11.4197509135
271 323 -10.839666668
271 824 -10.8065700865
271 589 -11.7630392179
271 335 -13.2028281281
271 593 -3.63441012986
271 594 -11.6386476271
271 723 -9.99377593106
271 484 -11.5643327538
271 343 -8.07223772529
271 762 -12.0685142615
271 479 -13.9895292924
271 358 -11.3497205501
271 356 -7.22598663643
271 359 -9.18772269892
271 488 -14.4230802845
271 750 -7.68503050722
271 793 -11.3466740464
271 497 -8.67418779346
271 884 -12.6858533224
271 757 -9.47667743192
271 776 -7.79489816392
271 682 -8.48936619515
271 378 -7.83752664386
271 508 -15.9172266475
271 511 -12.0365641624
272 392 -16.0014541917
272 525 -8.38946160547
272 773 -16.8720280517
272 664 -13.6483853082
272 537 -14.0831245271
272 540 -11.7550579305
272 798 -14.2661797431
272 752 -8.70530321569
272 804 -9.90531792998
272 455 -11.9246461592
272 306 -14.4944452939
272 308 -14.4597754686
272 439 -12.091701066
272 824 -11.7176948376
272 788 -11.4120485438
272 608 -9.21363208478
272 573 -11.0761232798
272 322 -14.1940262219
272 708 -15.6860285648
272 838 -11.0604604323
272 327 -12.1892852328
272 456 -14.6504535422
272 404 -14.7971948295
272 711 -11.8940054687
272 728 -12.3423295506
272 601 -15.7138334236
272 550 -15.2111629273
272 739 -10.8970609673
272 741 -14.0034553818
272 743 -12.952081287
272 360 -12.00574847
272 318 -14.2343281156
272 881 -13.5180483677
272 759 -14.579059474
272 632 -8.20632300088
272 378 -10.3426895387
272 763 -9.93178323468
272 508 -11.9962467744
272 765 -7.71756668332
273 514 -16.3224218567
273 521 -13.2302804799
273 640 -16.2089032544
273 780 -8.45918212982
273 789 -11.8910574488
273 529 -15.5922019238
273 836 -11.9515702208
273 405 -9.44766560842
273 662 -12.0671369156
273 280 -12.1781636385
273 538 -12.6164769078
273 542 -15.2468444219
273 326 -10.8347606981
273 289 -14.7480025372
273 418 -13.6564473236
273 419 -13.6325203869
273 548 -16.1015530281
273 426 -14.6603928334
273 300 -10.1848492248
273 429 -12.5526139495
273 305 -7.66048572092
273 692 -10.2435281907
273 822 -15.7969215864
273 441 -10.8177628672
273 736 -11.5460750776
273 817 -13.0326478575
273 801 -10.6663219804
273 452 -11.8475813173
273 709 -12.4745991002
273 813 -6.89362227415
273 845 -6.70124352238
273 460 -14.0993169187
273 333 -14.6137955731
273 847 -15.0121216222
273 398 -13.4721496613
273 849 -8.2133638169
273 467 -12.6241214359
273 468 -12.6133885745
273 726 -14.112489778
273 730 -13.5617312968
273 732 -11.1656909969
273 507 -12.3489829693
273 608 -12.9036967143
273 508 -14.0241550192
273 733 -13.8131393055
273 797 -12.1553130641
273 595 -10.0508731598
273 830 -11.1501458541
273 597 -12.6693388647
273 883 -12.6536960591
273 776 -13.42571229
274 522 -12.1313232067
274 579 -11.2561670836
274 528 -8.35138021426
274 786 -14.0311661769
274 407 -9.37537673959
274 454 -12.7337826996
274 289 -11.5192182631
274 422 -11.3646937654
274 816 -10.5174303347
274 553 -15.5597363377
274 428 -15.7662094648
274 542 -11.1342026643
274 433 -12.4067245555
274 568 -9.40977667174
274 804 -12.0985653429
274 315 -13.274449114
274 828 -7.05611731018
274 830 -12.505643543
274 703 -11.8943365124
274 524 -10.7295894889
274 839 -12.7070839201
274 840 -12.7036153047
274 714 -10.2207404207
274 589 -10.1824704827
274 719 -13.2277839511
274 848 -8.43844482153
274 420 -13.9969260022
274 604 -9.5959488598
274 477 -11.4318067585
274 862 -11.6275840329
274 490 -11.7717704003
274 871 -10.9076085084
274 745 -6.00261976357
274 498 -13.4688154084
274 758 -13.0046591629
274 503 -8.58669849719
274 379 -12.5596352621
275 513 -10.1406616501
275 644 -13.1454928209
275 389 -11.0267086096
275 387 -14.250686456
275 399 -12.0796109495
275 784 -10.4280778501
275 660 -13.0348714381
275 709 -16.8966416445
275 411 -11.0237305422
275 668 -8.3031050881
275 859 -8.3886639893
275 543 -11.7229664581
275 546 -9.82072567115
275 782 -17.3062454556
275 295 -15.5018758332
275 810 -15.7041770331
275 300 -12.7816900112
275 558 -12.2874958421
275 643 -12.3904516539
275 305 -12.3175413697
275 372 -16.1421349012
275 694 -8.87006402943
275 440 -8.05607025889
275 698 -13.6271656038
275 828 -9.14093700682
275 654 -13.5013821398
275 324 -7.20616558329
275 567 -14.9785001036
275 456 -8.33933536448
275 841 -10.1430892674
275 844 -11.4084853533
275 333 -8.42655896498
275 463 -14.1347434231
275 526 -11.6814621098
275 337 -10.0295782862
275 851 -10.0497654873
275 292 -12.0893230004
275 728 -12.6948895204
275 771 -11.3929264935
275 720 -15.1101257001
275 524 -11.6284647617
275 593 -14.3481280064
275 836 -7.88883637922
275 871 -15.1520439854
275 786 -15.8616032024
275 780 -10.4198460509
275 619 -12.364780416
275 495 -12.4424626808
275 880 -13.5853659576
275 503 -13.0890390473
275 738 -14.3841003003
275 384 -14.8849388635
276 727 -9.75563552666
276 777 -7.30272049616
276 600 -11.8788428458
276 836 -11.2202665115
276 692 -4.51221426358
276 792 -9.32700423943
276 624 -10.7134394786
276 670 -14.0524463304
276 545 -13.102956915
276 881 -13.3204083601
276 803 -12.6997080861
276 796 -10.5959341962
276 677 -17.1075006413
276 552 -10.4234039601
276 627 -6.786102049
276 432 -7.88428094885
276 562 -16.2541700354
276 628 -11.4896922421
276 566 -11.2690505954
276 312 -11.2881729224
276 314 -11.9858376519
276 571 -13.0713399189
276 883 -12.1683806039
276 702 -13.7524044646
276 837 -13.3332531107
276 583 -13.116957464
276 589 -6.64889046094
276 463 -9.54219905254
276 591 -12.6249899357
276 378 -7.88423665589
276 859 -7.97663876259
276 861 -7.31004440463
276 481 -14.1396898738
276 866 -12.0158122986
276 739 -13.5112143119
276 356 -12.8416468329
276 741 -12.5229698253
276 486 -9.80779533888
276 745 -10.1458140103
276 622 -12.1604816082
276 368 -6.18537745007
276 497 -12.3678051218
276 499 -12.0097533626
276 372 -12.15141227
276 277 -16.4305376427
277 648 -6.01409074906
277 527 -17.8439694457
277 533 -11.7280794103
277 623 -9.92710284287
277 279 -7.50438432054
277 538 -13.5196197795
277 797 -12.1762046656
277 417 -13.5341492143
277 418 -6.77029702369
277 683 -11.4530383756
277 370 -9.67029681151
277 555 -12.0639317604
277 812 -8.93384114369
277 433 -13.6215879591
277 434 -13.1032385153
277 676 -11.3589023633
277 567 -12.531907789
277 314 -16.5778158956
277 315 -12.5656252317
277 736 -10.6407380471
277 772 -15.5017464123
277 881 -9.13370208939
277 695 -10.7189842532
277 839 -11.3576249392
277 715 -16.0775291426
277 719 -13.4239000055
277 723 -8.02171389427
277 562 -9.82566493952
277 344 -11.5846468347
277 730 -11.1395476797
277 860 -13.1979997489
277 699 -14.3768488288
277 294 -13.0918281685
277 610 -12.2910910875
277 358 -11.8263477107
277 744 -9.57547592194
277 753 -16.5101172794
277 495 -11.323428784
277 496 -13.3727691969
277 497 -15.1566284631
277 374 -4.10430831095
277 789 -7.39679642318
277 505 -10.2934296621
277 506 -14.3041078893
277 574 -13.4401343392
277 511 -13.9229659964
278 751 -12.5889459534
278 406 -11.8885951774
278 622 -9.30051393267
278 665 -13.7052593685
278 513 -12.1505158486
278 281 -12.8355329043
278 710 -9.77892015678
278 476 -15.2038499378
278 806 -13.3634177038
278 807 -17.3130337234
278 296 -11.6047377625
278 556 -14.6493709914
278 558 -12.6598179728
278 350 -11.3352807148
278 561 -15.0977107224
278 434 -9.31122257945
278 819 -10.2467853494
278 692 -12.3689801746
278 822 -11.5945336123
278 842 -10.914028222
278 702 -18.0010117038
278 630 -10.3291960363
278 835 -13.4019819041
278 631 -10.3856341058
278 584 -13.241056089
278 713 -10.4590677975
278 781 -11.4331776271
278 611 -11.2772971756
278 465 -14.1893909912
278 850 -13.3144788927
278 562 -11.1212981893
278 344 -7.87003241104
278 349 -11.2806689054
278 351 -13.3492975056
278 353 -12.7152367149
278 767 -15.8116873964
278 355 -12.2507460162
278 868 -15.8188851195
278 870 -14.8961696658
278 494 -12.9412925344
278 369 -14.7278849378
278 788 -12.3260506793
278 374 -12.918473864
278 503 -13.995168825
278 512 -13.0850997468
278 383 -10.2209533305
279 641 -11.4349631719
279 644 -10.2552640352
279 391 -16.1670696704
279 780 -13.8761101561
279 528 -11.5829760335
279 402 -13.2440775868
279 787 -11.8241844514
279 405 -13.6391972087
279 282 -9.13817802671
279 705 -10.9538711317
279 543 -8.8374389061
279 545 -13.6260148165
279 547 -11.8870676987
279 677 -12.1240343559
279 425 -12.6950827701
279 648 -7.19329591448
279 814 -15.4198490307
279 563 -10.9745922904
279 436 -9.16255511078
279 311 -9.54787804604
279 440 -12.9197758064
279 723 -11.9438570414
279 700 -11.1874255027
279 574 -11.807192216
279 704 -12.0688601023
279 823 -12.9647678162
279 453 -6.35079194505
279 459 -8.80465619733
279 760 -9.74621449772
279 591 -13.5791654165
279 718 -9.08707950067
279 721 -14.3168844035
279 595 -13.1285106154
279 852 -13.4756012564
279 598 -12.3497465116
279 784 -10.3742653474
279 479 -10.3483013751
279 866 -11.3727898772
279 744 -12.6317725402
279 490 -15.3920063149
279 747 -9.24380381671
279 830 -11.1489500804
279 632 -3.335315875
279 508 -16.870997265
280 517 -12.0736105924
280 531 -9.95968903731
280 661 -14.6866219948
280 739 -11.5181895067
280 880 -14.5960721099
280 671 -12.7563791997
280 551 -10.9770086845
280 813 -5.89110568581
280 302 -11.2477862815
280 431 -12.9062775992
280 435 -12.0308079535
280 500 -12.2137646212
280 314 -13.1180876152
280 449 -7.31285856178
280 836 -12.2991396002
280 837 -7.7615345086
280 695 -15.2701218394
280 711 -5.93381033463
280 354 -15.3747077773
280 585 -12.2350201645
280 589 -13.5610591933
280 718 -13.5376816307
280 597 -8.25203674044
280 783 -14.9307029044
280 343 -14.5039489541
280 606 -15.6645328391
280 479 -14.0185928858
280 874 -11.9615407027
280 626 -15.8983921992
280 503 -11.7290820646
280 380 -10.5621467466
280 875 -11.8280503074
280 854 -12.2196205863
281 862 -12.2937007036
281 640 -7.76849420757
281 528 -11.8356974597
281 401 -10.0240573923
281 658 -15.2628666428
281 531 -12.6885651227
281 739 -13.0444371987
281 412 -12.4724780746
281 671 -8.44097382398
281 675 -12.024786448
281 677 -11.2651604933
281 424 -13.1421415683
281 425 -11.0538998323
281 683 -17.7204153995
281 556 -11.091686285
281 761 -11.6677869238
281 817 -11.9368128349
281 478 -14.3789552639
281 692 -13.4434732205
281 480 -7.98482859425
281 824 -14.7364119422
281 314 -12.0185459327
281 444 -13.3861510695
281 446 -7.39040178639
281 448 -10.0427455989
281 800 -11.9371159536
281 578 -12.3261283022
281 323 -9.70812805161
281 711 -10.5060489292
281 456 -11.1772286475
281 632 -11.5119631341
281 589 -12.9224311563
281 483 -9.82686408056
281 721 -11.2903499336
281 662 -12.2748581676
281 342 -9.54695447256
281 471 -11.3386807087
281 728 -6.23711005913
281 869 -8.66966834076
281 352 -13.5942549258
281 353 -13.9709861469
281 356 -10.7800408824
281 485 -14.1265592097
281 828 -12.1396519331
281 489 -12.7777356221
281 422 -14.705800892
281 611 -7.57043006568
281 492 -13.6163905095
281 751 -15.4585583205
281 874 -15.6612736176
281 628 -13.8390805109
281 808 -9.90024633883
281 490 -9.13049301606
281 633 -14.6772539237
281 506 -12.0771366166
281 576 -12.9140906342
281 470 -16.5852727135
282 390 -10.198177586
282 647 -13.875104206
282 396 -8.29452883969
282 622 -10.9553426658
282 401 -10.6526457728
282 786 -14.9667293888
282 664 -13.660038647
282 410 -13.1508197406
282 412 -10.0170966009
282 672 -7.49618278167
282 289 -13.4636794652
282 369 -13.921713019
282 293 -14.3936052622
282 605 -7.95222487262
282 817 -8.2208793965
282 435 -9.73465048601
282 565 -6.46805923171
282 671 -12.5773272453
282 312 -10.6274192045
282 801 -13.5339826307
282 579 -15.0938174473
282 838 -12.6426843748
282 674 -6.30199790269
282 585 -11.4437233421
282 717 -12.0491769672
282 467 -12.5783714508
282 677 -11.5567479813
282 729 -12.8493265068
282 475 -14.8562338955
282 479 -12.3962439064
282 480 -15.167326091
282 858 -11.8114598979
282 877 -6.01215256653
282 496 -14.0924181969
282 760 -12.6119515968
282 382 -12.5633553346
282 640 -14.8219415893
283 643 -13.3603473256
283 521 -14.3712593096
283 579 -14.7553760989
283 401 -8.55368849289
283 867 -18.48223183
283 406 -10.2537607002
283 407 -13.0112067156
283 537 -8.26588311776
283 514 -11.7288908338
283 284 -5.45793052282
283 669 -11.0394544855
283 667 -12.9317428575
283 675 -7.43710223363
283 527 -16.0808948515
283 678 -12.186874406
283 551 -10.0180952472
283 748 -9.85794300491
283 797 -16.5589650622
283 795 -9.13989006271
283 560 -11.8084346424
283 561 -8.28887118902
283 562 -11.8962888981
283 309 -14.8359484187
283 315 -14.1450778012
283 705 -15.2759115139
283 326 -14.1679543688
283 839 -14.9566769995
283 841 -10.6061320219
283 803 -10.6753385391
283 761 -9.70745581902
283 470 -9.9864400118
283 346 -14.1817747287
283 477 -12.4517561385
283 695 -7.57927597558
283 607 -13.3460910404
283 608 -9.96854824423
283 609 -12.5357876268
283 482 -10.8023733741
283 873 -12.5409083539
283 365 -11.5229593554
283 496 -8.31121156777
283 498 -7.56910527907
283 532 -11.6467977504
283 374 -14.2558847739
283 763 -14.7218880596
283 768 -9.77242871862
284 390 -6.45330343729
284 392 -9.54846126486
284 666 -10.4163793412
284 857 -12.0985546742
284 346 -11.4148659446
284 412 -15.0540467401
284 542 -13.7902936683
284 290 -12.6453466177
284 419 -7.10619494845
284 292 -6.36203136555
284 295 -11.1028170223
284 520 -11.913027514
284 687 -14.264268392
284 595 -8.95786292723
284 501 -11.7935084319
284 765 -11.1210157141
284 319 -13.4412400467
284 835 -13.5667767096
284 710 -11.147756402
284 711 -11.9860713445
284 846 -9.42964854591
284 594 -14.9697068599
284 467 -11.3364274334
284 469 -8.89114337193
284 345 -8.32449052855
284 605 -14.5673217168
284 609 -11.3182980268
284 354 -11.1485058623
284 700 -9.72244116794
284 743 -15.2502317327
284 360 -14.5760199463
284 490 -13.0786852359
284 584 -12.9136548092
284 424 -12.4049108388
284 368 -9.51938360769
284 373 -4.46375941083
284 447 -6.6823705462
284 503 -10.0367792064
284 674 -9.95834938879
285 769 -8.33224731612
285 643 -6.84202969865
285 390 -11.8017784394
285 649 -9.8377254781
285 777 -9.15648998139
285 857 -15.2725474474
285 367 -14.7748684269
285 858 -7.18845170427
285 368 -11.9836475573
285 669 -13.5648864251
285 671 -12.9224084373
285 417 -9.11212710878
285 561 -9.60504483437
285 799 -14.2479044001
285 604 -8.33563725674
285 407 -10.232070097
285 808 -6.53524621794
285 818 -12.0419755909
285 773 -12.4471045182
285 663 -5.68081469221
285 862 -13.8891190582
285 433 -12.674870579
285 585 -12.0774957231
285 691 -15.5993584628
285 824 -9.57897185861
285 569 -12.4931697636
285 833 -15.3869466938
285 319 -15.1646211076
285 320 -11.9700672093
285 321 -12.3664167142
285 578 -16.4117077676
285 334 -12.5989942447
285 591 -13.4854895444
285 465 -11.2792010899
285 850 -13.7997557154
285 852 -7.38830662901
285 720 -10.4260745828
285 729 -12.3628127684
285 347 -11.3650966383
285 606 -11.4665394114
285 351 -9.10100090002
285 828 -9.15956789407
285 363 -7.05417849136
285 621 -13.0566381325
285 366 -8.94363822616
285 503 -12.7916999325
285 377 -11.11487117
285 674 -11.8852239809
285 763 -12.2058866681
285 380 -8.06378115599
285 491 -13.6615198026
285 639 -10.8290016443
286 642 -10.5269772697
286 387 -12.7855534827
286 388 -13.7800432015
286 389 -12.722152101
286 390 -13.9515807772
286 803 -14.2950823469
286 882 -7.66550336541
286 525 -11.4892634337
286 399 -9.66450034607
286 531 -11.4534443491
286 536 -15.15749139
286 752 -9.86505215563
286 542 -12.0119777321
286 543 -11.380578297
286 646 -11.135341178
286 289 -9.8272283544
286 291 -11.7543931267
286 683 -10.6264313299
286 684 -12.5914240255
286 697 -9.93334100037
286 699 -13.0031656673
286 316 -11.8166705212
286 446 -14.0125128727
286 690 -12.014931313
286 577 -10.9291486975
286 837 -10.0673353734
286 838 -12.7822131206
286 802 -9.67619722632
286 458 -13.6130498732
286 843 -9.90066620491
286 460 -15.9738427509
286 552 -13.8458294845
286 593 -11.1327690266
286 342 -14.1326425454
286 626 -14.2403527184
286 549 -12.3843010206
286 298 -12.5696249638
286 608 -15.055500662
286 849 -6.20235853514
286 483 -12.2141058993
286 360 -11.3890515631
286 361 -11.8945705557
286 619 -12.5394399418
286 488 -16.3362252356
286 884 -5.00751998575
286 511 -8.92799975016
286 369 -6.13914460227
286 634 -12.8367827897
286 687 -10.8175277389
286 383 -12.052908145
286 512 -11.8324574765
287 513 -15.3244044009
287 769 -12.3202502414
287 772 -9.01091894666
287 392 -10.5777819614
287 393 -11.0481887558
287 394 -12.3369189427
287 728 -8.9408622018
287 782 -9.70189045452
287 558 -7.29504767501
287 404 -15.581426064
287 533 -7.13662559046
287 879 -6.2967463161
287 791 -10.26009689
287 665 -14.9046786247
287 417 -12.226705146
287 546 -7.46437767998
287 676 -11.3860312521
287 678 -15.8690831963
287 661 -12.5150903969
287 302 -13.3499661899
287 304 -12.6826640742
287 306 -12.9633202019
287 437 -10.9626842828
287 566 -12.8972458547
287 311 -11.6016687531
287 522 -15.3797873752
287 573 -12.6900890156
287 609 -13.9486556836
287 832 -14.0143440161
287 545 -12.0921029852
287 326 -13.3466227059
287 354 -15.0393538269
287 586 -13.1565745077
287 762 -9.90739041551
287 335 -9.07778705615
287 761 -12.6515861254
287 855 -12.7566187076
287 859 -15.8513957671
287 348 -11.4783837556
287 351 -7.71605984512
287 801 -9.67977923054
287 353 -14.1681565891
287 814 -14.7032352758
287 738 -12.6405316884
287 362 -15.4233413768
287 491 -15.0842871037
287 495 -12.6072614491
287 627 -13.3439101912
287 874 -13.8495790463
287 505 -12.3033033099
287 634 -15.3266269057
287 637 -15.5215202642
287 510 -9.40094828801
288 643 -14.1808889168
288 620 -13.662457795
288 395 -5.37192736046
288 400 -9.51246870457
288 641 -10.4721491764
288 530 -9.71823024082
288 531 -13.3879149353
288 788 -10.4611050643
288 663 -10.8472747139
288 496 -7.83882536102
288 669 -10.7913151465
288 667 -11.7105165642
288 671 -17.3641275429
288 293 -14.3137947397
288 424 -13.2651438457
288 425 -9.12991218517
288 309 -12.5859732541
288 313 -11.8511229856
288 651 -9.80427413809
288 320 -7.88900928581
288 705 -11.8104030784
288 324 -13.6736771154
288 748 -12.5662185943
288 867 -7.31153565501
288 569 -13.3410217228
288 858 -9.99045369629
288 882 -12.7431093907
288 483 -16.8433940149
288 828 -9.9575248218
288 488 -6.11912541634
288 363 -11.6027505814
288 588 -8.67834208457
288 370 -4.3779727276
288 758 -13.6276688153
288 632 -13.7498115631
288 379 -12.4605662916
288 704 -10.1470218726
288 767 -11.4333453331
289 410 -12.063566117
289 773 -12.7598031729
289 531 -11.2505305751
289 534 -12.2722739854
289 408 -13.8801298519
289 624 -11.799559407
289 688 -13.0680587787
289 433 -13.2152138149
289 629 -6.15483666692
289 819 -13.8733942561
289 693 -13.0981821725
289 821 -12.3937498567
289 373 -10.5858880201
289 571 -10.0512753559
289 708 -10.1043358004
289 581 -14.8362471786
289 583 -7.65332476078
289 457 -10.5662633765
289 654 -12.2773940308
289 851 -11.9754043721
289 484 -9.89429508965
289 726 -13.0755731071
289 343 -11.3398727377
289 732 -9.27059029237
289 827 -13.4625999351
289 785 -13.5717066518
289 444 -10.2355251875
289 742 -8.34903572466
289 616 -11.4646355818
289 744 -10.0487947698
289 496 -10.3451220558
289 369 -10.6384931495
289 320 -13.3418325662
289 765 -10.6653000164
289 638 -11.850552228
289 639 -16.8532517489
290 771 -10.4173795687
290 364 -9.98989593271
290 647 -8.48142017339
290 666 -10.7093010249
290 787 -10.1595852
290 708 -10.2767004197
290 534 -13.1984069104
290 408 -8.65380038272
290 411 -14.8998662738
290 305 -14.4625693426
290 547 -12.3763119885
290 292 -14.0483966265
290 327 -10.7067169559
290 551 -11.2450408635
290 424 -10.71878183
290 426 -14.6603724061
290 427 -6.2665656473
290 777 -12.3057992889
290 693 -14.2556801405
290 437 -11.5088883585
290 824 -11.6013212772
290 697 -10.2427731465
290 314 -11.9959096499
290 765 -13.8097127907
290 817 -11.6268076811
290 395 -12.6017986144
290 452 -12.7734083248
290 329 -6.79807715353
290 586 -13.7738394901
290 333 -14.9261352903
290 334 -13.3959838312
290 463 -13.6218686013
290 594 -10.9668068701
290 598 -6.02121982907
290 728 -11.2264504018
290 357 -10.6150497709
290 604 -11.6157876306
290 862 -16.5332557498
290 611 -11.9379365078
290 617 -15.0654264388
290 490 -13.0186661564
290 491 -10.6074562356
290 750 -13.8404012228
290 620 -10.0089368945
290 789 -14.0464477609
290 634 -15.1804251025
290 320 -6.30561532574
290 381 -13.7346508463
290 739 -16.3598622447
291 770 -7.33443368552
291 643 -16.5277584683
291 771 -12.4263283329
291 402 -14.095502937
291 530 -15.5966936297
291 407 -15.080187053
291 658 -11.6860664967
291 786 -11.3384918057
291 415 -9.48696858076
291 672 -6.65478591537
291 419 -12.9810259441
291 804 -11.0213918087
291 421 -15.6035873565
291 552 -12.5859773443
291 425 -10.5471669279
291 684 -9.16194886155
291 685 -13.3725073479
291 814 -14.1278169695
291 313 -10.745527031
291 438 -15.825705094
291 325 -9.47766617959
291 454 -11.2155737565
291 583 -10.2542999932
291 712 -13.2858953161
291 586 -12.3909115583
291 718 -14.9819634929
291 593 -13.0463109212
291 850 -16.9864706238
291 469 -7.4910610144
291 470 -12.4772392422
291 799 -12.4764342456
291 730 -11.1958930318
291 882 -10.7977686729
291 614 -11.6564387773
291 486 -10.6943386263
291 874 -12.4668560598
291 747 -12.3589509423
291 744 -8.7581928353
291 621 -7.01062680797
291 638 -8.74419810229
291 553 -16.5793461681
291 377 -13.6024320386
291 725 -8.0691504519
291 478 -11.1323784872
291 542 -12.8627632963
292 648 -11.4948280703
292 393 -13.541958746
292 779 -12.728343302
292 784 -11.3858289152
292 793 -12.6384813453
292 794 -10.4180148367
292 795 -9.73550433341
292 673 -12.3182808768
292 547 -7.31899370677
292 348 -11.3439708212
292 765 -11.9140135956
292 866 -16.9843079408
292 825 -8.45260623104
292 327 -11.4116069506
292 584 -12.9063566414
292 590 -13.821712604
292 464 -9.93845431494
292 465 -7.31853956575
292 468 -12.8296332926
292 469 -13.514772312
292 343 -15.0595841606
292 480 -14.9292999332
292 482 -10.2752032508
292 485 -11.7715636003
292 361 -4.13190717775
292 879 -14.0565446055
292 881 -14.8985658791
292 490 -10.99456846
292 637 -12.6344082775
292 640 -11.3851102297
293 514 -14.7993622876
293 876 -9.49373742671
293 781 -9.43469794903
293 524 -13.5861821683
293 409 -8.07894978828
293 403 -6.4100341666
293 669 -15.3016243616
293 542 -14.3148649254
293 476 -10.7818563326
293 455 -11.4508057816
293 426 -14.390435158
293 556 -15.5215215699
293 563 -5.55865423119
293 435 -10.9022233768
293 308 -13.401688768
293 842 -7.9279517771
293 827 -4.81269099629
293 840 -14.9838570861
293 832 -13.7931618361
293 708 -11.5731742598
293 709 -12.4205414197
293 327 -13.4840584694
293 482 -14.0505627068
293 330 -13.8603053204
293 600 -7.34451603523
293 504 -11.4071513932
293 461 -13.0447573413
293 483 -15.3015119545
293 847 -10.5573799767
293 467 -8.24372117975
293 342 -14.6508378802
293 730 -9.52209663508
293 349 -8.9921153977
293 863 -6.34035284851
293 352 -12.6177196594
293 354 -11.4201160149
293 554 -11.7585187537
293 617 -15.0876025525
293 747 -11.8560638141
293 620 -6.93849627215
293 877 -6.81062114705
293 369 -6.36322534304
293 583 -9.13343584752
293 884 -12.2958817016
293 836 -12.2640202741
293 512 -10.7275082063
293 637 -10.1436576424
294 428 -13.3639663175
294 727 -13.4351656389
294 520 -12.0132651907
294 521 -12.2313458626
294 710 -10.1875417119
294 728 -7.13962489461
294 786 -15.238146131
294 787 -13.3120711778
294 772 -13.1954122863
294 407 -7.69212773255
294 664 -13.6259204315
294 389 -12.7373400012
294 416 -7.65989741023
294 673 -11.7681482535
294 677 -14.0687550531
294 806 -10.6840918436
294 882 -17.0572020101
294 778 -6.15417762335
294 629 -12.6829726152
294 435 -14.243684377
294 820 -11.6271748199
294 309 -12.1170378807
294 567 -8.94266543784
294 586 -15.8553409478
294 835 -13.7892184135
294 453 -11.2356777842
294 454 -11.829900157
294 330 -6.99030903332
294 332 -13.4956739997
294 845 -12.799372133
294 846 -11.4153085937
294 592 -8.29070918178
294 581 -15.9923696409
294 341 -17.4356299515
294 378 -11.0967347589
294 869 -10.2242776681
294 749 -8.83068504994
294 861 -10.0094537538
294 351 -9.03169816385
294 611 -13.5330690353
294 764 -9.57978345971
294 871 -10.2105527677
294 875 -10.377579417
294 492 -13.975649662
294 493 -11.7706683597
294 497 -14.1265613577
294 373 -12.1116028073
294 630 -12.7289368964
294 508 -11.616163072
294 509 -6.34935487837
294 767 -8.9721970146
295 387 -11.572767024
295 684 -13.8323061218
295 646 -12.6750086627
295 649 -11.0200068508
295 524 -12.2236553786
295 794 -11.8587233847
295 643 -6.66588811615
295 406 -10.3841950613
295 730 -11.449897519
295 793 -13.4912163349
295 538 -8.42347043106
295 879 -10.9849820095
295 798 -14.9101823732
295 768 -13.9869742517
295 723 -15.1281586795
295 562 -11.566182909
295 297 -8.69319427231
295 426 -5.71940464391
295 300 -11.4701703551
295 685 -12.3501649439
295 755 -10.5797940172
295 559 -14.9211589591
295 727 -5.74531593421
295 691 -15.1226882068
295 565 -10.2136894365
295 827 -14.681790016
295 444 -12.470698707
295 830 -13.7751978678
295 576 -10.724848198
295 709 -14.8270297346
295 311 -9.9226417201
295 712 -13.8257772098
295 841 -10.5448401502
295 483 -11.9366673505
295 815 -11.9858832977
295 339 -13.9203175081
295 868 -11.2408240407
295 602 -8.503908364
295 336 -15.3933755775
295 479 -4.26819062153
295 609 -10.3079057672
295 355 -14.7778133168
295 612 -14.6181842786
295 614 -10.8355360817
295 487 -13.9153272119
295 361 -7.67584233163
295 622 -10.9686579771
295 623 -10.1947395234
295 489 -15.9821084168
295 632 -12.6373240624
295 837 -12.4537525454
295 763 -12.4624475161
295 382 -6.54717848946
295 639 -10.7000608923
296 769 -10.9378718045
296 748 -6.56453756771
296 855 -11.0795018524
296 751 -13.5132759453
296 729 -13.1101655193
296 787 -10.60394931
296 789 -15.7931233283
296 794 -14.9217491169
296 539 -5.77409102564
296 548 -15.101729252
296 688 -10.0524178915
296 823 -12.7703788553
296 441 -8.91906226923
296 706 -10.3632641335
296 445 -11.4968968672
296 577 -11.2390015129
296 759 -15.1636486106
296 841 -9.76982309165
296 589 -13.8497570083
296 333 -10.6458141869
296 848 -13.4841208626
296 468 -12.0594706864
296 599 -12.2540861376
296 601 -12.3326155157
296 858 -13.3540830446
296 673 -14.933537952
296 606 -10.777246528
296 738 -13.2234605768
296 867 -5.74677848054
296 485 -14.9175898708
296 366 -12.0185631855
296 596 -13.8750766184
296 506 -8.181714942
296 763 -14.8706336676
296 639 -11.3963427641
297 670 -9.12888238497
297 771 -10.784935981
297 555 -11.3932927749
297 647 -14.130340146
297 648 -9.31548093868
297 487 -13.0225585888
297 862 -9.89088412617
297 542 -13.8760538588
297 672 -11.240260342
297 673 -9.37258573207
297 674 -9.82060999287
297 549 -13.5491474179
297 682 -6.593741056
297 427 -13.7916030818
297 812 -12.3862640532
297 429 -16.5784214591
297 777 -11.3816750641
297 567 -12.9003877769
297 312 -11.2319614575
297 697 -10.9181062424
297 570 -13.894185465
297 315 -12.9885118166
297 502 -11.79067035
297 481 -13.4203505256
297 452 -13.9786371773
297 583 -12.0241157123
297 329 -14.4220557541
297 716 -12.4285425427
297 462 -12.7683478977
297 336 -13.61885319
297 468 -14.7120543712
297 348 -15.2185423036
297 737 -11.4774951296
297 636 -13.9177078968
297 869 -13.1395788857
297 873 -9.31319109976
297 875 -10.0083004481
297 367 -12.4260155082
297 496 -4.31918549832
297 852 -6.44854790442
297 503 -14.6184035863
297 761 -11.9967522503
297 379 -14.7626788787
297 576 -12.0866721468
298 391 -7.50591528408
298 523 -14.0312995658
298 397 -10.7457816665
298 782 -8.88218823923
298 537 -13.4306011768
298 403 -12.4220496797
298 740 -10.8119357801
298 534 -16.3541993701
298 820 -10.0912611269
298 573 -13.1247124671
298 673 -7.80695739656
298 539 -8.97562109326
298 412 -7.42110792327
298 549 -12.0271796331
298 678 -9.17101121674
298 807 -12.046630733
298 477 -15.3795917505
298 684 -14.0152781129
298 685 -10.2625877276
298 563 -8.62798392802
298 432 -14.0400511133
298 568 -12.6517293695
298 700 -12.4987753002
298 694 -13.9808200761
298 450 -12.3938159623
298 453 -10.6289488437
298 802 -17.4996093193
298 796 -12.8708557101
298 333 -17.5646311735
298 473 -15.0212938094
298 474 -11.1348919947
298 731 -11.2741176587
298 860 -15.7317470965
298 862 -10.0999318029
298 609 -8.89684033755
298 612 -13.2600239608
298 487 -11.189627806
298 658 -10.7710700481
298 875 -8.30494581021
298 876 -12.173458606
298 810 -12.5446148115
298 626 -15.2925925057
298 755 -13.0178109034
298 372 -11.2480317676
298 760 -13.1330329974
298 378 -11.072311962
298 763 -9.34160784134
298 764 -14.9329371896
298 509 -7.82386259878
298 383 -13.8961652773
299 684 -9.96597672113
299 392 -11.0701716668
299 393 -14.5541855059
299 653 -13.7947340989
299 657 -11.349093904
299 402 -15.4257024951
299 788 -15.0372755235
299 751 -14.1628968374
299 535 -9.0406011906
299 858 -12.5051287187
299 409 -15.0737624473
299 795 -7.94464222279
299 674 -8.5765299255
299 677 -3.96608849015
299 678 -12.2502948664
299 552 -9.58598739447
299 520 -12.3291452304
299 687 -11.1669693666
299 816 -12.9722641658
299 777 -11.0517810731
299 441 -8.53060075282
299 317 -9.34529318145
299 322 -14.2803110034
299 436 -10.5116852886
299 482 -14.2831232803
299 587 -15.7709322067
299 782 -12.9639232744
299 855 -10.4655291945
299 593 -7.75264695295
299 478 -14.959821826
299 354 -10.9470306845
299 740 -13.936727372
299 357 -9.55993205014
299 445 -13.2466110316
299 875 -9.23267182655
299 371 -9.78170980831
299 623 -15.6080984773
299 639 -9.38065202592
299 537 -9.42458867649
300 428 -10.571623069
300 390 -12.0405833361
300 647 -16.6358146238
300 393 -12.8281644967
300 652 -13.5302042743
300 402 -12.9218641825
300 533 -11.9425323522
300 665 -13.7474523176
300 517 -8.4913936409
300 540 -5.10400736149
300 798 -13.5027509462
300 518 -17.6083844826
300 417 -14.1117960518
300 548 -14.7632508324
300 422 -10.60383876
300 840 -12.0266072359
300 401 -11.1977597919
300 815 -7.17001866998
300 817 -9.80327624646
300 564 -7.74412773073
300 567 -6.80901606081
300 446 -16.5740833996
300 831 -10.7729489969
300 449 -13.5828538399
300 706 -10.3453687965
300 588 -13.3427769711
300 709 -5.59155004478
300 838 -13.911722496
300 584 -6.07522679849
300 458 -9.09783269214
300 587 -13.2969898996
300 718 -10.2977134311
300 711 -11.686627837
300 597 -13.4599358906
300 727 -8.62484178712
300 609 -15.1030239009
300 484 -11.7209252687
300 357 -10.5910440339
300 743 -14.3139407933
300 615 -14.8555392401
300 363 -11.5240533813
300 712 -15.1376018144
300 752 -11.8958373252
300 625 -8.63612297298
300 754 -7.17192510594
300 372 -12.0903172731
300 853 -12.771158022
300 639 -10.5449244785
301 516 -11.9988011447
301 392 -12.9493842276
301 400 -14.3310995503
301 405 -10.8584749553
301 664 -13.1974521951
301 581 -16.8983937386
301 795 -12.8350048562
301 546 -10.7505971372
301 675 -12.3666519857
301 425 -9.38779133193
301 811 -14.7355018991
301 670 -15.1293086912
301 312 -13.1127177105
301 698 -13.6795310595
301 703 -16.2241556841
301 448 -12.5863771962
301 881 -7.84570275087
301 836 -6.12518414891
301 326 -5.92082480145
301 674 -11.7253360114
301 397 -11.989454208
301 857 -9.40846022214
301 348 -11.1047972349
301 656 -11.1078713718
301 745 -11.4827485741
301 621 -9.24351566572
301 623 -13.0569968454
301 372 -7.66287373821
301 380 -9.81384689661
301 767 -10.7488685613
302 538 -12.8551770242
302 813 -11.5836806088
302 396 -14.1512768578
302 399 -9.76947862527
302 785 -9.26704737607
302 532 -10.6001867136
302 533 -12.1448717998
302 805 -12.6621813151
302 475 -9.48220124934
302 419 -10.3663140804
302 421 -11.0599085937
302 424 -9.18185593147
302 425 -7.60764990847
302 557 -11.9598583845
302 412 -5.81748493572
302 817 -14.7230223472
302 820 -14.8402546601
302 309 -10.4875251273
302 690 -14.6814940627
302 698 -9.45606229907
302 827 -7.12334197205
302 319 -13.9522000455
302 577 -12.8210555392
302 652 -16.3013029143
302 328 -16.7667782173
302 713 -14.8936875381
302 826 -12.5788184626
302 549 -14.0327138062
302 434 -12.6900111237
302 341 -12.6693114318
302 727 -8.10936997958
302 600 -13.0691425305
302 732 -11.0724179527
302 611 -5.28741839811
302 445 -9.24432442546
302 749 -15.361533338
302 367 -13.8801869624
302 368 -15.6017636805
302 418 -13.5219097947
302 755 -7.06987442791
302 502 -12.5171196933
302 346 -14.8290374588
302 509 -13.6148362245
302 534 -14.0202809715
303 386 -15.9556037712
303 518 -12.9678967169
303 602 -9.10840154497
303 392 -15.3421908314
303 666 -8.33885170536
303 523 -6.30070152388
303 474 -11.3114716039
303 527 -13.4482837205
303 404 -9.66746190608
303 538 -11.4365255947
303 854 -11.744883419
303 347 -8.99199748567
303 769 -9.63752642801
303 646 -12.086403413
303 556 -14.0691724582
303 676 -7.27458887771
303 432 -15.432201197
303 434 -13.855541165
303 823 -16.8222199338
303 568 -11.8964642287
303 444 -5.41415729753
303 574 -11.9703404885
303 834 -14.7171957355
303 321 -12.6457098051
303 780 -9.32419443774
303 709 -18.0553849857
303 329 -12.5546303845
303 586 -10.4106138632
303 632 -14.3486255221
303 333 -7.10429489321
303 463 -8.24662943223
303 852 -13.5488802419
303 338 -8.63389477121
303 714 -11.1477868598
303 725 -13.3747270406
303 783 -12.4231749732
303 343 -11.2787243472
303 476 -10.408065536
303 443 -8.87454691021
303 485 -11.1594134805
303 870 -10.0151737454
303 745 -17.6680158571
303 844 -13.04968455
303 493 -16.5091105544
303 496 -10.9484555269
303 372 -13.8794467885
303 373 -10.314579634
303 505 -14.0412434984
303 853 -14.4228863258
303 635 -10.7561238785
303 576 -11.3645740138
303 638 -10.5859417417
303 767 -11.9791494466
304 773 -5.89122808931
304 451 -11.9882144857
304 531 -14.960070439
304 406 -13.9996134894
304 709 -12.0563584435
304 411 -10.6423784677
304 679 -13.6004061508
304 680 -9.1511998271
304 425 -12.5534007489
304 814 -10.9406161392
304 687 -16.6551132158
304 560 -13.6889319251
304 435 -16.8575187496
304 821 -10.2387213881
304 311 -10.0619854232
304 778 -12.7190023076
304 825 -12.2247579538
304 373 -15.3576441006
304 331 -11.7734486692
304 323 -14.0169454012
304 836 -15.5796880957
304 453 -12.2618774425
304 567 -11.9874440188
304 877 -9.99150943191
304 333 -15.1384297078
304 464 -9.3504340833
304 472 -10.6788831526
304 606 -14.0796408462
304 484 -12.614886841
304 741 -8.4910360155
304 360 -16.3848878744
304 617 -12.11855513
304 701 -9.9982094232
304 469 -12.3612570568
304 371 -12.8384526527
304 426 -11.5651630244
304 377 -12.0823108064
304 511 -14.2106803274
305 385 -10.4927159718
305 387 -7.39470257138
305 514 -14.1542006386
305 523 -11.8477052306
305 653 -14.6740696357
305 398 -11.4205352833
305 452 -14.9563370912
305 533 -7.6615082673
305 791 -11.1352697805
305 411 -6.82648725259
305 515 -11.3941107051
305 705 -14.5401226378
305 539 -13.946018808
305 543 -15.5680864521
305 752 -14.0557784965
305 550 -10.1274483596
305 425 -8.22702046903
305 795 -9.34819254159
305 684 -11.3066540876
305 649 -13.6075597092
305 308 -14.1794836067
305 671 -7.85828660812
305 315 -9.94844292934
305 702 -9.94082046414
305 436 -5.98145097998
305 581 -10.9054123694
305 839 -13.9485559334
305 840 -8.53719447424
305 312 -11.3037013491
305 526 -11.0770356179
305 339 -9.54811380955
305 728 -8.29885113009
305 345 -9.87385336668
305 731 -13.9069807562
305 606 -8.25539680265
305 481 -14.9796262036
305 357 -10.9179942939
305 490 -10.9097651932
305 363 -9.98227856823
305 620 -15.0830412939
305 493 -12.8182487438
305 659 -12.8545232099
305 495 -12.0592178623
305 496 -14.8943191044
305 881 -9.85618151412
305 754 -7.10205431078
305 532 -10.973731108
305 501 -13.9816358176
306 388 -11.5812404749
306 389 -13.0938254152
306 729 -3.80056256265
306 788 -15.4800215491
306 751 -8.52829903424
306 535 -9.22647421263
306 551 -9.0635836533
306 347 -10.5649929308
306 416 -9.38978438955
306 420 -13.6329108023
306 423 -5.85956022016
306 748 -15.864968041
306 861 -12.6580346196
306 558 -13.9692147553
306 432 -14.5596734177
306 817 -16.499823602
306 690 -9.23450498994
306 693 -9.75426930881
306 415 -12.9349652937
306 821 -15.6293705511
306 441 -9.45493642614
306 570 -13.3622403678
306 444 -14.8370470317
306 715 -13.2055184081
306 864 -12.5502819548
306 694 -7.75672324625
306 579 -8.23326022009
306 709 -12.5793164579
306 823 -12.1066402056
306 584 -11.9878893126
306 841 -14.961804026
306 397 -10.7201624868
306 331 -8.55264505223
306 335 -8.69428420077
306 336 -9.25452462302
306 467 -12.1922750142
306 596 -11.5227951768
306 853 -10.06440497
306 600 -13.6215635273
306 345 -13.0931241774
306 858 -10.811920869
306 848 -11.537247675
306 358 -9.85487455797
306 865 -10.5209535165
306 484 -9.03659205406
306 488 -15.574871442
306 745 -14.8201735111
306 363 -10.0123053732
306 672 -8.56689963612
306 623 -14.3172533985
306 369 -8.45500116229
306 757 -10.9718378915
306 615 -12.6374315622
306 509 -12.7758932072
306 640 -11.9990172586
307 770 -14.4503046215
307 543 -9.03997505012
307 717 -17.0187768166
307 791 -9.39560585577
307 685 -15.2008753187
307 397 -15.9115459677
307 407 -9.84612786405
307 850 -10.6621219298
307 411 -9.14618017608
307 781 -11.2298651889
307 673 -13.1681187051
307 625 -7.47242102181
307 476 -16.2202069832
307 551 -10.7192662412
307 429 -14.3980767182
307 558 -12.5465632895
307 431 -8.71897173962
307 433 -16.0681124422
307 818 -12.3250272994
307 565 -10.007447152
307 695 -12.9463223997
307 824 -16.9057294239
307 827 -11.328122657
307 320 -9.42869022766
307 706 -14.1597697439
307 710 -10.5461229164
307 714 -12.5968909154
307 591 -15.2493474194
307 593 -9.29744971069
307 723 -12.5349288787
307 804 -12.0799727185
307 597 -9.02963848162
307 343 -12.2910853095
307 472 -7.72036219782
307 475 -14.8421706883
307 861 -14.6749109325
307 864 -15.1072595099
307 609 -14.4879916846
307 785 -9.46362760484
307 867 -6.89673188642
307 484 -8.40355802502
307 486 -17.1828031828
307 865 -5.51334323009
307 594 -12.5041653752
307 491 -9.39853857778
307 680 -10.1064148867
307 877 -13.4493592414
307 495 -12.0751673247
307 369 -15.1952026988
307 704 -19.1962756645
307 760 -8.06035078983
307 576 -8.88727645423
307 381 -12.8290106867
308 387 -12.7193083048
308 392 -10.4383437654
308 526 -10.5286462151
308 402 -9.01276884264
308 531 -13.6935666251
308 790 -13.6936685968
308 658 -8.68682733021
308 642 -10.6690604818
308 723 -14.0387768692
308 428 -12.620987724
308 813 -16.2690600416
308 430 -10.6719138617
308 692 -11.3472408595
308 504 -8.56505477162
308 700 -9.76689632879
308 445 -12.1368668036
308 578 -16.8473746772
308 707 -6.78778034018
308 439 -9.89284697902
308 457 -15.4174441761
308 460 -10.7942660701
308 664 -9.56820249134
308 377 -13.491395189
308 596 -9.24622214391
308 469 -13.3782998643
308 698 -16.8936149748
308 348 -13.0326898104
308 350 -10.6273846427
308 735 -14.5066386811
308 352 -10.8679641186
308 353 -10.8213072553
308 784 -14.94419754
308 614 -12.9014154997
308 616 -10.5066277767
308 745 -11.6239523039
308 746 -15.2124422126
308 748 -8.49059091099
308 881 -8.39287611596
308 626 -10.8701243837
308 627 -15.6480275611
308 376 -13.2240599469
308 636 -10.0285024283
308 381 -12.5393951125
308 511 -9.28242231194
308 384 -12.2054681172
309 572 -11.128629859
309 515 -11.4150380523
309 517 -14.4223697938
309 775 -11.0285331825
309 392 -10.2909057417
309 803 -13.0804811368
309 324 -14.0560181665
309 535 -11.4021750359
309 666 -10.8950889656
309 537 -14.5407535814
309 581 -9.73214055488
309 432 -14.7789175672
309 669 -12.5730854184
309 795 -13.8782404446
309 420 -14.0944928538
309 764 -8.24112872272
309 754 -12.1634743342
309 812 -9.45008307684
309 559 -14.9764360457
309 585 -7.21614146486
309 565 -13.4488423996
309 672 -18.4256372999
309 319 -17.4574793345
309 323 -11.473271925
309 327 -14.1914658888
309 354 -10.5649081078
309 589 -14.0490593625
309 547 -13.4532207534
309 532 -13.9509296715
309 723 -10.7670177898
309 548 -14.8750413918
309 396 -17.4327996592
309 611 -13.651300252
309 444 -10.8262047476
309 360 -12.4505772416
309 745 -14.8837343816
309 364 -8.71991569342
309 749 -11.9625807008
309 498 -11.0716855066
309 500 -13.2440807181
309 633 -15.2759737498
309 837 -14.489223745
309 635 -10.8072344295
309 766 -10.8370810004
309 511 -12.6355147691
310 385 -10.2322570466
310 514 -9.66145926082
310 387 -12.758549286
310 772 -7.80415106758
310 518 -14.2361553602
310 778 -6.70215911524
310 745 -14.5309751804
310 515 -14.4119849285
310 622 -12.8178899293
310 663 -8.44641049368
310 816 -14.6971078162
310 769 -10.13451925
310 416 -7.74277111445
310 673 -10.306107097
310 803 -10.9146379229
310 550 -10.4245229891
310 423 -11.8303846574
310 810 -11.8923681504
310 695 -13.0344258129
310 701 -8.91125716
310 311 -12.6942681476
310 574 -9.92896084135
310 448 -11.1761325446
310 577 -14.9949528802
310 322 -10.1034230081
310 864 -12.2196268872
310 326 -8.76646771533
310 583 -13.5257852047
310 813 -11.4896960339
310 329 -10.8375729335
310 483 -10.3110976749
310 654 -16.5334875572
310 721 -10.3172080324
310 856 -14.1123663415
310 473 -12.6356801379
310 730 -7.00366623922
310 733 -12.4277882437
310 507 -7.11415405916
310 742 -10.9950384433
310 354 -14.2686548587
310 614 -14.0583365736
310 615 -13.3614024146
310 617 -13.9779436652
310 362 -13.6233129867
310 366 -12.139421741
310 495 -13.386423789
310 368 -10.929096083
310 757 -11.271238483
310 631 -12.9120073062
310 746 -11.3127928674
310 384 -9.72875383364
310 509 -6.20100686635
310 606 -15.0286342203
311 643 -11.007892917
311 407 -12.4032550422
311 391 -8.69301231818
311 395 -15.0380602178
311 652 -14.3103817922
311 657 -13.8920926449
311 405 -11.0373575753
311 793 -11.4272873514
311 773 -11.4577899004
311 607 -11.5156127984
311 680 -14.6653474344
311 809 -15.148119426
311 557 -7.22742889002
311 430 -10.9354242593
311 437 -11.9271339807
311 568 -12.3593477216
311 452 -10.4098532904
311 709 -10.861164669
311 840 -12.8626545386
311 588 -16.9454603065
311 589 -13.3515063076
311 721 -9.85436345257
311 722 -12.4868844399
311 342 -11.7660004439
311 479 -11.2134536858
311 480 -12.3396191385
311 482 -12.328733825
311 484 -11.492057208
311 485 -11.5448637014
311 623 -16.5610455879
311 854 -12.7853492391
311 626 -12.9300181274
311 883 -8.82231678086
311 768 -10.0297277372
311 747 -9.33443749182
311 383 -14.4720221671
311 384 -14.6040165926
312 516 -10.8276175864
312 389 -13.6973254462
312 596 -10.0414618542
312 521 -11.7722189538
312 557 -12.4607999699
312 728 -10.7730512246
312 686 -7.04318678288
312 407 -11.618321501
312 667 -10.9705092508
312 797 -12.4246713451
312 546 -10.7050801775
312 412 -8.27838958573
312 551 -13.5826043068
312 882 -12.4843187914
312 426 -11.9762174786
312 558 -13.38112637
312 431 -14.1563020158
312 821 -15.2204438526
312 676 -12.0573460353
312 880 -9.27292922576
312 825 -10.3771337231
312 830 -11.4290786327
312 577 -13.1731787157
312 707 -9.57293730607
312 837 -12.1621713023
312 839 -9.75405767141
312 840 -13.1225779981
312 585 -14.8189257306
312 589 -12.155082456
312 860 -11.7288051259
312 333 -6.88001342674
312 465 -9.62825257286
312 335 -13.8174940855
312 472 -15.5091069849
312 729 -8.10614191355
312 731 -9.49193468802
312 353 -11.5981863134
312 572 -9.77222257444
312 870 -13.22380422
312 530 -14.6368347573
312 324 -9.56786593549
312 620 -8.12926148462
312 499 -13.2208255558
312 404 -11.9102237735
312 631 -11.8063338166
312 633 -8.92939556524
312 406 -9.67833225724
313 643 -11.9241790285
313 775 -9.8989031619
313 398 -12.6871062484
313 401 -13.633491801
313 786 -11.8048838048
313 613 -17.2584152924
313 624 -13.3331367587
313 752 -10.5316632658
313 420 -12.6759870105
313 550 -11.7829116226
313 558 -14.2689488165
313 817 -9.54102795555
313 690 -13.2738329873
313 833 -13.8170060827
313 489 -14.7184597894
313 632 -9.81038334669
313 719 -9.7246781255
313 846 -13.2171877348
313 593 -10.5476046108
313 441 -11.6496247792
313 339 -8.56332322516
313 724 -14.4039691571
313 855 -13.3941331325
313 345 -16.3469345328
313 474 -11.8370127659
313 732 -9.02816980442
313 735 -12.6174032207
313 609 -9.80003582862
313 485 -12.8901671399
313 746 -13.784247422
313 810 -12.0584383185
313 495 -11.1098392409
313 496 -14.5444132886
313 857 -10.940664095
313 370 -7.79153087431
313 529 -11.4658547202
313 376 -14.8788369852
313 406 -11.7179684507
314 556 -12.1166849034
314 663 -18.0495167083
314 775 -13.1847121564
314 521 -11.2115672284
314 395 -13.6018601546
314 536 -13.1242514009
314 525 -13.1022508106
314 398 -15.5596499982
314 814 -10.3796485635
314 657 -11.1009944203
314 535 -8.62610198921
314 325 -11.4777294737
314 462 -10.2128762466
314 797 -7.79412431972
314 671 -12.8692217356
314 673 -10.8905202845
314 782 -8.42910049196
314 423 -10.1478377956
314 539 -7.02545804632
314 430 -13.6004162744
314 414 -16.4079146757
314 564 -12.3089446386
314 567 -12.74784731
314 437 -13.2571400492
314 700 -12.2836024318
314 317 -16.6730110148
314 448 -11.4811480366
314 834 -10.7898095766
314 713 -12.8526650399
314 338 -11.9000267057
314 851 -11.0688381568
314 597 -12.1446037608
314 471 -10.4624209393
314 805 -6.45157362096
314 603 -16.8811039414
314 859 -12.362695217
314 353 -9.14639495567
314 605 -10.258266152
314 667 -14.5226243869
314 615 -12.2085334931
314 878 -9.64094146178
314 492 -15.9365985891
314 877 -12.217023052
314 627 -12.0061420997
314 823 -10.9529420673
314 865 -8.40393041973
314 512 -5.8407842739
315 642 -13.2524424325
315 522 -11.4768996315
315 780 -11.0986218218
315 664 -13.9596658247
315 673 -8.710439068
315 817 -9.66547330253
315 427 -13.7113396997
315 556 -12.131976936
315 842 -14.6573894276
315 688 -8.39989032359
315 440 -8.10679624148
315 828 -13.7027885388
315 317 -14.510440774
315 586 -10.0088340745
315 449 -15.7454939097
315 706 -13.1584213325
315 579 -14.4819240534
315 324 -16.9265998978
315 454 -13.2186486632
315 458 -11.9697973068
315 332 -12.2858249316
315 717 -14.2853465065
315 337 -8.18458881919
315 725 -10.4919001496
315 729 -14.7987951171
315 859 -11.0909695679
315 476 -13.5263205971
315 881 -11.9149858646
315 353 -14.3499477817
315 354 -10.9647097156
315 870 -8.10887122757
315 362 -12.5424594895
315 366 -14.2114930012
315 497 -12.6172039454
315 465 -13.1866691946
315 502 -8.44929220544
315 405 -14.1693774346
315 637 -13.5985773807
316 670 -12.5616088292
316 642 -11.0274014303
316 815 -11.6832837986
316 391 -11.1354157242
316 651 -6.40838382493
316 515 -14.1826541868
316 528 -14.3898252155
316 662 -10.1086265257
316 474 -10.5214587871
316 539 -10.2255503455
316 412 -11.1760734111
316 672 -8.66943269099
316 424 -10.6086231955
316 541 -9.61137469322
316 555 -9.08201634981
316 680 -14.105668528
316 687 -12.3246570701
316 414 -12.4716683751
316 778 -13.1413319262
316 441 -15.1977549461
316 629 -12.684683787
316 829 -13.2640497817
316 319 -4.41453007939
316 449 -13.8149008912
316 540 -14.9949431097
316 881 -14.0858946014
316 712 -12.876464723
316 762 -14.2987124637
316 718 -5.97447829975
316 591 -11.524129131
316 549 -13.1857778472
316 340 -9.62222220128
316 346 -10.2120052694
316 859 -9.94981989442
316 866 -9.04923359472
316 867 -9.01931123304
316 742 -14.4111469947
316 617 -17.3184037868
316 405 -13.421520912
316 492 -13.3451508405
316 621 -12.5435468309
316 497 -15.626406431
316 745 -10.3677265698
316 373 -15.8672723377
316 447 -11.5620081434
316 832 -11.1800919112
316 378 -9.39845270896
316 768 -11.464675317
317 751 -7.70453637045
317 389 -11.8901834732
317 520 -14.9305880579
317 393 -10.815313955
317 777 -12.4851010756
317 657 -9.58570745952
317 403 -13.7879790996
317 559 -11.5292799123
317 815 -8.47355345473
317 602 -8.75627789369
317 670 -11.3031103619
317 673 -12.3851170398
317 419 -10.8219458641
317 540 -12.7454282073
317 806 -7.22892481562
317 737 -11.2789249016
317 876 -10.8227252394
317 819 -12.5116936005
317 649 -9.42505864673
317 435 -14.4430212231
317 568 -12.8111181516
317 323 -9.22045957736
317 582 -13.2467197533
317 330 -13.9470765763
317 459 -12.3119994721
317 462 -8.89335720516
317 335 -16.8147922944
317 720 -11.9332210742
317 353 -13.4067402498
317 467 -11.0252927944
317 677 -14.4107414931
317 727 -12.2429417074
317 344 -13.0933107222
317 346 -8.2669712937
317 476 -13.4980807002
317 337 -10.753101381
317 873 -7.76662264642
317 618 -15.8183191303
317 619 -12.9432349403
317 749 -9.0092469488
317 494 -7.57024030573
317 623 -7.90943763882
317 695 -8.59888922035
317 882 -15.4373490029
317 724 -12.3219018569
317 511 -10.7339153343
317 606 -15.7323057572
317 421 -13.9026146841
317 763 -5.48736216693
317 508 -12.9060597288
317 721 -16.4796474654
318 589 -15.7037642918
318 693 -11.2469391286
318 771 -14.3882997836
318 651 -11.6345887837
318 401 -7.52344608723
318 658 -11.8382926433
318 405 -13.0451798621
318 791 -13.7681871307
318 496 -14.0926186997
318 786 -12.4215152793
318 414 -14.0212498248
318 616 -14.2569482229
318 540 -9.67987245307
318 559 -12.6075721969
318 434 -9.90437312014
318 628 -8.70148426109
318 335 -12.9012744005
318 440 -12.6661599547
318 463 -8.0937420216
318 570 -9.33344747467
318 571 -12.3472439116
318 319 -11.9625387792
318 320 -15.0965600435
318 326 -12.3135123808
318 839 -14.9575582485
318 330 -11.0474630085
318 333 -14.401387346
318 590 -8.03174157591
318 592 -13.71821441
318 337 -14.4040692094
318 597 -16.2137072033
318 853 -13.4008677378
318 347 -13.3710090952
318 349 -13.7168379591
318 352 -13.5938388242
318 485 -12.403672987
318 871 -12.1017679858
318 615 -11.8674919044
318 617 -8.28185606633
318 621 -13.2239548559
318 368 -11.5572237285
318 372 -11.6885452635
318 633 -11.9694054122
318 533 -4.19303448743
318 381 -12.1058530392
319 776 -10.4908484324
319 394 -16.3097134199
319 632 -8.44414332039
319 705 -15.4453426126
319 763 -10.3245766515
319 558 -13.5885708626
319 807 -11.6369381892
319 533 -8.26518311865
319 536 -8.9246214653
319 577 -6.25612006601
319 538 -13.3237506108
319 415 -16.5108661721
319 417 -9.05776363307
319 546 -11.0164503678
319 860 -16.7124238863
319 551 -14.8609964693
319 876 -12.8703864317
319 842 -13.3185209504
319 606 -15.5214592793
319 841 -12.916018398
319 692 -9.8582730023
319 695 -11.4481154904
319 650 -8.81217722002
319 573 -12.5792764427
319 833 -12.4318309872
319 449 -8.98876480663
319 585 -12.8277490557
319 586 -16.7933359717
319 588 -9.73040515146
319 717 -13.6814813269
319 335 -13.2431717691
319 592 -13.7004760333
319 595 -9.45596860528
319 468 -13.1198250624
319 732 -11.3693592597
319 477 -14.3652278131
319 478 -10.2908654822
319 669 -12.0694814982
319 612 -11.4073729506
319 486 -15.5633333438
319 615 -13.7631447917
319 490 -10.1176618077
319 875 -12.4491413021
319 872 -16.9167587512
319 627 -11.5708917266
319 372 -9.08074237455
319 629 -11.7365499898
319 426 -9.17914194186
319 661 -13.536657182
319 740 -8.28536902304
319 511 -16.0049122595
320 770 -13.5900005399
320 643 -15.3783533687
320 393 -10.7961027417
320 527 -13.1290669296
320 789 -14.4293287787
320 536 -10.838949981
320 797 -12.8994614021
320 701 -14.5249216164
320 805 -15.4112893208
320 681 -14.7278302093
320 541 -15.6541728493
320 808 -11.1672626584
320 438 -11.7484598941
320 480 -15.0075307888
320 561 -11.4259110484
320 804 -10.4567372845
320 444 -14.4717801718
320 524 -8.42283376851
320 838 -14.7926963024
320 840 -7.74304529099
320 689 -12.2319051724
320 592 -4.88014126026
320 593 -10.6134407785
320 466 -11.7543545044
320 724 -14.6797584313
320 870 -11.0938046964
320 474 -11.0615859618
320 860 -9.71284002961
320 607 -13.9521814709
320 352 -12.0953045769
320 849 -11.9601953825
320 614 -11.6949357254
320 422 -13.51298055
320 364 -11.6631317145
320 622 -14.0147837621
320 626 -9.68981465146
320 852 -8.60129318828
320 634 -6.77726188671
320 448 -12.7685528294
320 765 -11.2385977621
321 769 -8.05760660139
321 775 -12.4757440132
321 521 -12.8345949706
321 395 -11.0685224506
321 771 -11.3697799331
321 528 -11.4584708165
321 785 -10.9087100362
321 533 -14.4246350976
321 815 -12.2169922945
321 806 -11.9122470968
321 754 -12.0941561002
321 868 -13.4094500433
321 811 -10.6182001624
321 392 -12.0112493477
321 560 -13.8169341188
321 776 -14.834360507
321 564 -14.4969767786
321 787 -12.5224077727
321 828 -15.1590994744
321 835 -17.1895278893
321 837 -14.5548804938
321 326 -11.7479173105
321 715 -13.4929809388
321 720 -12.9325217287
321 465 -14.5207850283
321 722 -12.5574589759
321 724 -12.9416390242
321 343 -14.5386818831
321 731 -14.3711944713
321 478 -8.55086896162
321 607 -14.7495435094
321 480 -6.1863511182
321 614 -8.62707354623
321 361 -8.62756278584
321 365 -10.8686041217
321 750 -9.7430335482
321 626 -10.9769073469
321 852 -12.8174091059
321 757 -13.061299162
321 375 -7.87262746892
321 682 -10.2700038562
321 636 -13.318280775
321 767 -10.6535440547
322 429 -14.9081595502
322 526 -6.98641535169
322 857 -10.522729943
322 665 -6.3611713308
322 542 -15.2864673329
322 518 -14.1101699901
322 547 -11.1390166122
322 679 -7.83276345616
322 809 -8.80324342342
322 477 -10.4943612624
322 686 -5.77761156562
322 816 -13.2913564151
322 777 -10.0526556077
322 820 -13.4167961699
322 825 -11.3592686513
322 443 -10.9077214459
322 459 -7.03375251657
322 447 -12.0525819621
322 324 -8.07313007804
322 823 -15.2210753163
322 482 -14.3616011526
322 722 -13.6822090439
322 339 -9.85094025176
322 596 -12.2930677099
322 344 -10.580092924
322 473 -13.4409725886
322 730 -11.571106232
322 475 -10.1181316796
322 571 -14.9051688012
322 607 -11.4475446698
322 480 -8.8507015556
322 613 -12.8319578839
322 358 -13.2416611999
322 615 -15.8453597547
322 491 -10.2790515803
322 638 -7.32243483749
322 625 -9.63197155115
322 883 -11.9161955914
322 631 -11.4640056143
322 760 -12.4125156073
322 763 -15.9808028629
322 427 -13.2342285754
322 640 -9.340599354
323 389 -10.7846139832
323 624 -8.67673979032
323 394 -15.9252031381
323 526 -10.5907293356
323 824 -13.6655964259
323 660 -16.2545599285
323 408 -13.6948293879
323 410 -11.019008904
323 368 -11.2951165653
323 752 -14.9552436669
323 688 -12.0456735069
323 799 -9.02082400678
323 582 -11.3662225655
323 421 -14.6951149763
323 554 -11.6952308004
323 556 -11.0340473331
323 429 -10.1362869898
323 691 -12.4567834577
323 872 -13.613057169
323 522 -11.4703997339
323 690 -13.9619028351
323 832 -6.34236415556
323 737 -13.779934824
323 668 -9.75350803736
323 839 -10.7435461821
323 802 -12.583145595
323 698 -9.81870300595
323 589 -13.4230016441
323 611 -13.7229550618
323 339 -12.0438021226
323 724 -12.3793706264
323 442 -14.8079399527
323 549 -13.1057233717
323 837 -12.364637345
323 742 -11.1775829339
323 609 -13.2331819081
323 356 -6.86724282115
323 613 -6.73324579704
323 358 -13.9351030828
323 797 -12.151713196
323 439 -13.6845663249
323 552 -7.46085355012
323 497 -4.18815740981
323 823 -15.1346844058
323 375 -12.1836021946
323 760 -8.5114825377
323 567 -10.9366194304
323 767 -13.0233578804
323 342 -11.6292043116
324 769 -11.7700471505
324 833 -11.3684262314
324 517 -7.58332905091
324 650 -11.6787067585
324 792 -14.0931743751
324 784 -11.8158966038
324 658 -10.8037654333
324 496 -8.94178365732
324 542 -14.5079820114
324 817 -11.7783341898
324 424 -7.22535348881
324 553 -14.8010011224
324 840 -10.7926688919
324 558 -11.3658220694
324 747 -14.7561744958
324 393 -14.1922260868
324 435 -13.6116690935
324 544 -14.3891312825
324 693 -14.7585553122
324 587 -11.8023975234
324 800 -9.73418942348
324 451 -5.50455599093
324 702 -7.64845069728
324 328 -12.5306818209
324 504 -13.1468561432
324 717 -7.87845298464
324 593 -13.9862391854
324 633 -13.3563535248
324 467 -11.0788769926
324 469 -11.3830502134
324 599 -12.1200062497
324 857 -13.7523893985
324 485 -12.6677302852
324 603 -15.1706936635
324 349 -8.51402406366
324 443 -12.8998967652
324 736 -12.5792290514
324 507 -11.543842135
324 700 -11.2195758588
324 743 -13.9230243134
324 699 -8.53762218736
324 617 -13.2742667953
324 492 -9.34429387011
324 368 -11.7645886053
324 374 -14.2881344033
324 376 -10.7516265747
324 405 -8.55016800108
324 509 -12.2502125448
325 849 -14.9930421217
325 387 -14.6426078231
325 774 -14.067394869
325 522 -14.2461052392
325 707 -9.47861362694
325 401 -12.0916665351
325 580 -14.6401711638
325 533 -12.6332439051
325 662 -12.1797053055
325 577 -9.89255885043
325 581 -8.29716469949
325 624 -14.0390521132
325 541 -10.5333034498
325 671 -9.57043768801
325 544 -12.8294206749
325 807 -9.10181870192
325 424 -16.2178861553
325 814 -16.2064343513
325 439 -14.808739569
325 699 -13.8899259979
325 711 -11.703901262
325 328 -5.87847696629
325 715 -9.6755987607
325 844 -9.64831837785
325 718 -12.7258550242
325 595 -12.2890431716
325 570 -8.42769721704
325 730 -9.84181197249
325 731 -7.20145891306
325 784 -16.231147418
325 606 -11.0888917341
325 863 -13.0651387146
325 481 -10.6426059043
325 738 -14.4317350032
325 356 -13.9137686502
325 743 -14.5720365917
325 744 -14.0431523403
325 747 -11.1442441476
325 831 -14.2686355211
325 426 -11.1015786041
325 505 -15.6968389587
325 640 -11.0851031463
325 766 -8.30617050232
326 389 -11.7930944507
326 390 -11.0843656398
326 649 -15.1996914861
326 400 -11.8812863703
326 409 -12.0935562951
326 403 -9.84005515566
326 666 -17.2215953567
326 540 -11.8646083632
326 518 -14.2172503409
326 674 -13.6307255645
326 424 -10.1081551462
326 840 -9.80419531186
326 816 -16.093496457
326 433 -10.5297896814
326 568 -14.249659287
326 825 -8.72600535782
326 442 -10.2849616504
326 800 -15.4205939315
326 566 -9.64808210126
326 579 -11.4447382961
326 452 -11.6581987724
326 581 -10.9703148313
326 710 -6.9859337745
326 738 -11.7723906476
326 592 -10.1405350009
326 545 -8.8603801824
326 613 -15.0432587751
326 475 -14.8808062819
326 464 -9.68764796482
326 351 -14.5019186546
326 636 -12.9840477997
326 358 -9.17234502386
326 359 -5.39533183403
326 874 -12.6193354931
326 880 -12.947687792
326 756 -13.2334708498
326 501 -13.5311190748
326 503 -9.2840799971
326 507 -15.7719296034
326 576 -12.9008057608
327 514 -12.7317562773
327 774 -13.4679197915
327 365 -14.7331353188
327 396 -14.2049468766
327 655 -7.9282750417
327 787 -10.9593185389
327 644 -14.4168848233
327 815 -12.3990239718
327 538 -11.4706689062
327 795 -4.47960608375
327 556 -12.213660476
327 682 -11.8460380906
327 520 -14.553987019
327 687 -16.7140957229
327 817 -12.1776626616
327 563 -16.8932915754
327 351 -9.39360333788
327 476 -12.4671203045
327 437 -12.0094612351
327 701 -9.63023685899
327 447 -12.5773276023
327 838 -12.1527599361
327 418 -10.0467253696
327 715 -7.84717899955
327 460 -15.6935928352
327 728 -14.6282898044
327 593 -11.7021928978
327 726 -7.05754393829
327 378 -10.1449376692
327 400 -16.2434173227
327 656 -11.2338799239
327 734 -10.6141251314
327 740 -12.6990092386
327 784 -9.8131214589
327 748 -9.6641254312
327 622 -10.3852740229
327 879 -9.955132521
327 752 -9.46495865131
327 597 -9.76865527609
327 754 -7.99770311371
327 499 -6.71925296112
327 703 -12.0759539558
327 760 -13.7450114759
327 764 -13.295941851
327 765 -11.0261820304
327 639 -15.3101435559
327 866 -8.29410995423
328 646 -9.63578941346
328 647 -11.3336997025
328 578 -10.7922553643
328 841 -6.40105870793
328 709 -14.5826105415
328 539 -9.91757563839
328 796 -13.4310353757
328 677 -14.1763907182
328 808 -14.7294848539
328 861 -15.1587736043
328 685 -10.6388410204
328 434 -9.22687183195
328 628 -11.280463181
328 855 -16.472735471
328 443 -9.70049042896
328 573 -13.5449541778
328 702 -13.1114008672
328 838 -16.2263003913
328 712 -13.0697036615
328 715 -14.0610075804
328 332 -6.76598110289
328 591 -11.087738976
328 596 -13.2216509272
328 597 -15.817361849
328 698 -14.9740433576
328 733 -10.3718889659
328 351 -14.1995036963
328 738 -7.04296760647
328 742 -12.5809014036
328 722 -12.8973141611
328 620 -5.85547152639
328 622 -9.50898711918
328 496 -14.2367635404
328 766 -13.6123955545
329 514 -9.83114440451
329 646 -9.99109602793
329 392 -12.7962633317
329 750 -9.46466746453
329 530 -8.5101049871
329 388 -5.62302424134
329 538 -12.0539285579
329 496 -10.8311261916
329 543 -10.3419561188
329 544 -9.20857137119
329 420 -10.9369011813
329 551 -14.5435649688
329 626 -9.5848163443
329 813 -10.416306666
329 828 -7.81856544798
329 438 -15.505037694
329 835 -14.0204357785
329 460 -13.3253543544
329 759 -11.6812844853
329 846 -13.4520234527
329 335 -15.3740609399
329 592 -9.40132518568
329 595 -10.33617227
329 342 -10.9332696294
329 471 -9.38000179216
329 730 -13.0009206753
329 349 -13.8015218905
329 351 -12.0238763216
329 480 -17.1705678378
329 609 -7.89450567891
329 355 -9.0867926454
329 488 -13.9414594337
329 622 -16.0256153858
329 446 -12.5891776514
329 553 -13.6615331631
329 742 -12.042556748
329 546 -12.0530233845
329 708 -12.3514586637
329 870 -7.65612371751
329 638 -12.0138300369
330 641 -8.40633755639
330 393 -16.9330992554
330 651 -13.496206248
330 524 -10.7385928277
330 525 -14.8435770123
330 401 -14.0719878387
330 564 -12.6639695552
330 788 -14.9714627827
330 661 -9.45248475166
330 795 -14.7887263998
330 432 -12.8970479851
330 603 -9.32408548726
330 417 -11.4608737489
330 418 -12.4766173736
330 419 -12.9972039879
330 424 -9.76149175181
330 811 -6.43803159099
330 549 -14.08367644
330 436 -14.153272128
330 678 -8.46881058201
330 869 -10.936045395
330 448 -12.1866571128
330 707 -15.2369181658
330 585 -11.4141760225
330 461 -12.2165403357
330 591 -9.34271402072
330 334 -10.3702278217
330 873 -11.8035878353
330 859 -8.3178201829
330 719 -9.45023580961
330 606 -12.2022808261
330 608 -14.2143820119
330 529 -14.0429403698
330 743 -14.4448807937
330 359 -12.3247932863
330 746 -8.18403481384
330 747 -9.73294920634
330 878 -14.0985055128
330 626 -9.75897866673
330 374 -14.7064323806
330 510 -10.1395157139
331 513 -12.3175772671
331 395 -10.740712916
331 396 -12.4295826988
331 526 -12.0561643466
331 655 -13.2935734045
331 400 -7.05024761801
331 529 -9.11428036756
331 473 -11.0613752878
331 531 -12.6742760538
331 842 -8.62363968943
331 538 -8.6909263568
331 796 -12.7514149574
331 419 -12.5910361099
331 550 -12.5387745761
331 685 -14.3518579331
331 756 -12.5306883226
331 567 -13.2267603863
331 714 -12.7717924366
331 443 -9.54055447102
331 830 -10.9019069396
331 575 -10.7629180879
331 833 -10.1428064942
331 706 -13.4356154078
331 783 -10.6738021297
331 455 -12.4412411805
331 824 -10.4297640363
331 338 -12.1181671766
331 345 -9.58417590329
331 860 -11.5044788247
331 479 -10.7970259146
331 481 -11.8170277071
331 865 -11.3102146036
331 612 -15.5922858261
331 601 -16.1374960824
331 340 -10.5491826516
331 736 -12.0944267361
332 641 -5.96955503881
332 646 -13.4341030302
332 812 -12.3210900984
332 523 -14.1234701891
332 536 -12.2503428751
332 533 -16.2413963105
332 406 -10.7343501915
332 544 -9.3046337302
332 417 -14.4580759584
332 421 -13.2004913002
332 683 -9.03971633333
332 684 -7.58288806993
332 559 -10.5963682763
332 569 -12.5859282025
332 831 -11.9963124512
332 801 -12.4545597149
332 652 -8.26656835924
332 837 -12.3952784127
332 582 -11.2551497224
332 651 -11.8332849205
332 585 -15.9915746237
332 335 -8.00363862055
332 711 -11.4829959779
332 839 -14.2883026473
332 726 -12.0834859225
332 805 -6.0793833601
332 345 -11.4271981924
332 474 -14.1273554374
332 699 -14.0819737157
332 865 -12.2081547352
332 740 -16.4617700786
332 361 -10.5584199415
332 717 -12.3147377854
332 620 -15.9325055916
332 712 -14.4296819599
332 880 -16.0301981011
332 369 -5.58842709084
332 502 -8.71816622984
332 810 -13.0322761011
332 380 -16.7262273745
332 802 -8.08488737722
333 514 -9.13345970487
333 842 -15.4355198023
333 519 -8.1564301636
333 856 -7.99013478568
333 781 -10.4981020201
333 398 -12.4553802267
333 682 -10.5397061892
333 564 -11.082071609
333 844 -11.4045833841
333 405 -11.696054431
333 577 -8.1546249864
333 541 -9.10975398858
333 670 -16.6189505271
333 545 -14.8275363268
333 675 -15.6820164216
333 583 -8.63372331457
333 436 -9.56874008636
333 449 -13.440676086
333 716 -12.8325657674
333 455 -8.99862331552
333 584 -15.1999121607
333 841 -9.82485571726
333 458 -10.8859629617
333 681 -8.56529877515
333 717 -14.6349187871
333 803 -13.5669714267
333 850 -11.6451581417
333 339 -7.89340626244
333 341 -8.65153493532
333 471 -7.47592406358
333 755 -9.3056660088
333 729 -15.931481
333 735 -9.20345067779
333 678 -17.2409527341
333 740 -12.6403422851
333 869 -11.7308401883
333 573 -7.09129636435
333 808 -12.208030407
333 659 -10.3320028647
333 425 -11.5440131468
333 401 -17.7227339469
333 757 -6.38033505656
333 504 -12.5079095807
333 597 -17.2782308722
333 507 -11.7572632699
333 380 -13.238816033
333 883 -13.1878206924
334 516 -12.5984028315
334 773 -8.30859949511
334 602 -11.621811903
334 392 -14.2657525374
334 649 -9.25459027618
334 664 -11.0666596697
334 580 -9.58542238733
334 474 -7.90393530323
334 410 -13.8898938515
334 676 -8.98292839473
334 431 -11.4885699789
334 561 -14.1897891407
334 436 -5.65811699812
334 438 -8.2936909389
334 697 -11.2559109884
334 443 -8.93916128972
334 865 -12.3606495083
334 452 -10.8751406542
334 837 -8.62438877196
334 881 -12.9264982552
334 456 -11.5339806621
334 485 -12.7005783601
334 812 -12.2692709037
334 613 -10.1327896844
334 600 -10.3918860289
334 473 -8.62851849066
334 734 -13.8243262506
334 353 -13.0771557671
334 628 -13.4369574071
334 484 -13.667020435
334 743 -14.070931015
334 493 -13.8185063912
334 857 -9.18002268535
334 373 -11.3568392061
334 759 -11.3577206141
334 376 -7.67344449386
334 508 -10.3160232504
334 381 -10.5764197243
335 513 -14.3650275148
335 777 -13.4479328128
335 566 -12.1408503193
335 656 -15.5441165386
335 529 -11.1426707032
335 709 -10.6233043815
335 534 -12.673803854
335 535 -9.99736018921
335 408 -13.3548590765
335 881 -12.3983766099
335 675 -12.7849625931
335 522 -16.114768978
335 423 -11.3281272908
335 477 -12.6495122752
335 811 -12.8029825588
335 556 -13.2012968857
335 695 -16.3767103443
335 558 -11.1720010525
335 439 -13.847786608
335 570 -13.7618868109
335 460 -13.623735606
335 671 -11.6037070466
335 598 -9.20427377776
335 596 -15.2019556212
335 341 -6.98225058972
335 470 -12.0974817478
335 344 -11.0772795094
335 732 -11.3999834753
335 609 -14.0950688661
335 866 -13.9341585679
335 380 -13.8842813954
335 869 -13.2238302741
335 554 -13.8180498566
335 876 -13.7315629591
335 879 -9.21200847964
335 574 -14.6087140874
335 625 -8.15088849123
335 489 -4.38889255329
335 372 -16.4931051722
335 629 -15.4644977715
335 383 -15.6541599172
336 771 -9.80397315598
336 648 -15.1055960716
336 521 -6.80352508321
336 724 -7.79175584068
336 406 -13.9642428362
336 820 -8.60643266844
336 880 -11.7490385969
336 670 -13.1549156124
336 418 -8.06914771252
336 430 -10.1560401034
336 691 -12.0125971714
336 692 -9.13644748581
336 863 -18.1819443513
336 824 -10.2121586454
336 451 -11.4338736783
336 453 -8.90900021998
336 713 -12.3821375671
336 338 -14.8072107773
336 340 -9.55801994681
336 729 -15.6575443131
336 604 -8.27637291723
336 571 -10.7917320295
336 735 -12.4976457047
336 480 -8.76996569839
336 354 -11.2227167922
336 364 -11.5893409265
336 493 -10.9176549001
336 494 -10.5747533772
336 752 -9.37821516684
336 660 -10.7630229663
336 512 -11.4546187172
337 643 -14.133192139
337 620 -12.2266979746
337 457 -12.9136249675
337 648 -13.6203698003
337 653 -15.3747394547
337 451 -11.4140811904
337 658 -9.64562154804
337 644 -15.8156717991
337 722 -12.7625723695
337 445 -12.5039767083
337 688 -12.8396329077
337 752 -15.8523816296
337 505 -8.97858964055
337 549 -8.99456209223
337 679 -12.0131436909
337 754 -11.4745987647
337 682 -10.1546944251
337 429 -13.5924880517
337 627 -8.74562089853
337 431 -14.1755023792
337 432 -14.5116561341
337 433 -8.66331462909
337 434 -14.2956397667
337 563 -5.52814528767
337 578 -16.4878293742
337 780 -14.8979337705
337 453 -10.9018217031
337 830 -15.0455058282
337 584 -14.6747704815
337 455 -13.3909070844
337 459 -9.35841243702
337 758 -10.3177477344
337 597 -12.2934245868
337 587 -11.5895353964
337 864 -9.24864381968
337 737 -11.1561536184
337 622 -12.3186152723
337 481 -10.9026049634
337 610 -8.79891563159
337 868 -11.545431933
337 873 -11.0610644005
337 878 -15.1398636343
337 616 -13.4798032605
337 367 -12.8621748527
337 702 -15.8608806574
337 626 -12.1713174059
337 371 -11.4700495721
337 503 -12.9434914759
337 377 -11.3455701332
337 381 -13.4452005716
337 883 -6.96319086155
337 854 -11.9097026521
338 774 -15.0725551859
338 344 -8.16517075895
338 400 -12.8574076677
338 824 -12.4596170318
338 787 -11.9402906943
338 789 -9.59350353129
338 474 -15.1736825262
338 665 -12.4496367497
338 796 -16.5247610061
338 415 -12.7287249387
338 800 -14.6672891039
338 548 -14.7789530612
338 424 -12.725665546
338 430 -7.62338313828
338 432 -13.3650945625
338 434 -10.7316104107
338 695 -13.4994844436
338 445 -12.6461701694
338 702 -9.29361270678
338 460 -12.893324366
338 717 -10.9825616165
338 377 -10.617459439
338 595 -12.9386736945
338 346 -13.7063774595
338 848 -9.040223026
338 605 -9.12271315111
338 352 -13.8977796686
338 444 -11.3336834757
338 358 -8.86304166521
338 872 -11.6448442205
338 745 -9.51823277451
338 635 -14.2618615137
338 678 -12.8400817937
338 503 -14.3269540527
338 379 -12.430324753
338 510 -8.69679832534
338 854 -8.56845899486
339 642 -13.2693272394
339 392 -12.2791745331
339 529 -10.627533155
339 666 -10.3839471395
339 410 -11.9412537284
339 796 -12.4761153846
339 413 -9.7493430608
339 415 -14.8610462043
339 800 -8.30556886093
339 569 -11.4377006343
339 553 -11.0130024079
339 687 -11.4300189929
339 825 -8.93993566322
339 819 -14.177837991
339 433 -13.755122017
339 567 -8.24195743882
339 442 -12.4072806627
339 703 -15.147716896
339 704 -12.5586262121
339 862 -14.0188527301
339 441 -15.2376249788
339 340 -15.8733272049
339 698 -11.0042060333
339 734 -7.31608644023
339 541 -10.5045597343
339 870 -8.4366953484
339 353 -10.3880918013
339 610 -10.3725993533
339 355 -11.9446407701
339 486 -13.0357187803
339 797 -10.521294744
339 491 -14.1349987433
339 368 -14.1768818772
339 755 -15.1902352683
339 682 -14.9891782384
339 865 -14.2798393482
339 640 -16.768019776
340 641 -14.3869085652
340 390 -11.4226480023
340 386 -7.31994741764
340 649 -10.7679968556
340 838 -12.9303046151
340 530 -10.9171849064
340 404 -14.9138136018
340 534 -13.81812057
340 791 -10.8206695291
340 537 -15.5398583874
340 794 -11.6102731978
340 668 -11.8915076491
340 607 -9.47977658557
340 798 -13.8456292686
340 673 -12.1090943786
340 547 -13.871416006
340 647 -14.6331686244
340 807 -16.2589642183
340 426 -10.2056038714
340 428 -14.6740131067
340 817 -12.8617177201
340 437 -7.5789748894
340 439 -12.1665714963
340 698 -11.836440413
340 715 -9.4604228254
340 449 -11.4708268522
340 396 -14.5971994377
340 617 -9.93193987042
340 775 -14.4682317171
340 593 -12.9124048918
340 468 -9.18438119373
340 727 -10.3050521512
340 856 -7.9343786079
340 741 -14.2724840448
340 592 -14.0661193492
340 606 -12.1700269975
340 721 -3.94936221321
340 355 -13.2875198111
340 484 -9.60205658547
340 357 -13.6562507695
340 635 -7.6434570622
340 488 -11.5177191558
340 489 -13.7654960378
340 748 -13.0455631133
340 621 -14.9295902657
340 625 -11.7988791162
340 498 -11.9782089066
340 756 -10.7053423981
340 652 -11.3505121173
340 597 -10.8689155908
340 507 -9.46206269947
341 519 -13.1650859648
341 393 -9.28699238421
341 399 -11.9050182569
341 659 -15.1782345009
341 580 -14.090137243
341 856 -12.959065842
341 413 -15.7093378618
341 670 -15.3784805574
341 666 -9.76118455707
341 498 -14.6013961369
341 554 -17.0997774734
341 829 -12.3231427044
341 816 -9.61273098172
341 692 -6.80111589144
341 870 -10.4353413848
341 864 -15.9472779202
341 831 -5.97389222169
341 835 -10.295027485
341 709 -15.0864047358
341 841 -11.9339939872
341 588 -14.9670932419
341 850 -15.6386689706
341 473 -12.3933750605
341 677 -8.643792841
341 476 -12.9046000472
341 608 -14.442422251
341 591 -10.3949768652
341 868 -12.620659439
341 357 -12.7854155035
341 618 -9.81044799725
341 362 -13.6773001733
341 787 -9.54749885559
341 880 -6.63280085195
341 361 -8.0706039873
341 660 -4.32214769423
341 373 -9.10663264032
341 502 -14.9934165542
341 490 -9.54531477044
341 853 -15.7124104852
341 763 -16.3520827337
341 768 -15.1928784133
342 779 -9.65283680978
342 750 -13.8336138095
342 403 -13.1717443976
342 602 -15.4436328326
342 560 -6.69559379724
342 412 -12.8760630187
342 390 -13.8277363444
342 419 -10.0037876384
342 620 -9.76139483641
342 809 -12.8240488665
342 811 -12.7879776985
342 680 -13.307264655
342 559 -7.60041917368
342 432 -14.2192864984
342 787 -13.1515676526
342 568 -13.1737355661
342 443 -10.7355992329
342 690 -15.0865567784
342 581 -11.0473329064
342 354 -12.4574285545
342 824 -9.53583121826
342 803 -13.7173653146
342 725 -6.90166823858
342 668 -12.8597780729
342 601 -14.9904061436
342 615 -10.8598850998
342 701 -8.4876636878
342 747 -9.86728104927
342 364 -10.3902870907
342 368 -11.9022524714
342 625 -13.1612182574
342 371 -10.0616634902
342 373 -7.1455762583
342 629 -13.7590103393
342 762 -12.5706474023
343 538 -10.9828685868
343 398 -12.6106655675
343 656 -8.71208446941
343 657 -12.3484819376
343 403 -10.0519971109
343 661 -10.7060527004
343 773 -15.7402175085
343 410 -14.0348337261
343 496 -8.84814548729
343 867 -8.36669481818
343 781 -17.2533180216
343 519 -12.1691444987
343 425 -10.8908674142
343 406 -12.8301114702
343 556 -14.3470322832
343 563 -13.9668659197
343 350 -11.9158953275
343 817 -12.2689218654
343 692 -16.3426267214
343 821 -10.1843609396
343 822 -9.84065029653
343 766 -9.07264699054
343 525 -10.2271386152
343 587 -11.5093793606
343 460 -10.408647995
343 547 -9.88006326351
343 666 -11.2441779144
343 464 -14.5757052582
343 353 -9.1579265964
343 775 -9.06468758445
343 466 -9.22949711218
343 607 -9.93518006928
343 736 -10.6632161059
343 848 -12.072084197
343 485 -11.8667491615
343 814 -9.40179615572
343 360 -12.0722009297
343 488 -10.6509076127
343 446 -10.6432730935
343 755 -13.2448083493
343 806 -13.5400706418
343 378 -11.3761950623
343 784 -17.4047148291
343 382 -8.21935852693
343 384 -11.45176381
344 833 -13.385813354
344 519 -8.40311742548
344 520 -10.8327122816
344 406 -11.7939371361
344 764 -15.8958899332
344 526 -9.6899781916
344 399 -10.9966961216
344 760 -13.471013078
344 664 -12.7427773976
344 539 -14.327022552
344 368 -13.3933152294
344 416 -11.2275631222
344 420 -9.41417000209
344 421 -11.1076604746
344 883 -8.85956983449
344 555 -13.1945882549
344 371 -14.2699313438
344 559 -10.7986659311
344 701 -12.241268114
344 777 -8.69167380447
344 820 -13.1938306347
344 438 -12.3563451445
344 567 -13.2651987846
344 655 -6.25232795084
344 694 -12.8200749555
344 705 -9.55208655819
344 579 -13.9373965028
344 668 -10.7584712378
344 843 -15.7125114193
344 716 -12.0051301126
344 718 -14.4365068561
344 676 -9.89083661815
344 591 -11.1100008461
344 805 -9.19041499397
344 863 -13.6033668287
344 481 -8.72552497406
344 738 -10.5761324916
344 357 -11.7979590078
344 615 -13.5087207607
344 873 -14.7673179635
344 445 -13.0283765147
344 876 -8.70021812333
344 366 -11.3001554408
344 363 -9.69621267374
344 502 -13.6327944634
344 504 -7.6133519672
344 377 -10.2728809693
344 506 -16.1398355721
344 740 -7.73897913903
345 770 -14.3262373493
345 771 -10.1627905831
345 749 -11.482751961
345 395 -11.2331275889
345 536 -14.306626246
345 525 -15.3008507061
345 398 -13.5522326296
345 430 -11.7942287419
345 786 -13.2496967053
345 708 -15.4878808406
345 661 -12.3846113515
345 791 -7.79434763863
345 665 -15.1339438884
345 838 -17.4523345866
345 833 -10.6862963501
345 648 -12.6380681603
345 828 -12.6505962861
345 688 -11.3247906534
345 691 -7.14378764627
345 433 -9.21802773684
345 440 -13.0757186424
345 826 -13.7749034459
345 444 -6.0596243932
345 459 -11.2149227865
345 831 -13.8921416573
345 577 -12.0620755618
345 710 -14.4703174588
345 732 -11.417231103
345 845 -13.1923846423
345 461 -10.7344184155
345 462 -12.9774859638
345 782 -8.13908098212
345 633 -11.5919405617
345 610 -14.9551178454
345 470 -13.3740705848
345 601 -6.27085809282
345 859 -6.11969911204
345 476 -13.8213296278
345 835 -10.453040395
345 607 -10.8604326489
345 354 -15.656958001
345 761 -8.87121364396
345 700 -13.2579404014
345 517 -12.8524834334
345 871 -13.412626532
345 744 -10.2284544515
345 619 -8.6476299402
345 748 -11.3787265877
345 493 -14.0649787133
345 793 -13.2739004165
345 755 -10.5925710269
345 504 -12.368364727
345 523 -13.022770965
345 768 -9.63495372321
345 802 -10.5859445394
345 384 -10.4236030778
346 518 -14.0429668342
346 649 -12.1447596762
346 780 -7.9494709661
346 436 -13.5836960055
346 401 -6.18929643725
346 402 -12.3896670826
346 664 -11.9907196878
346 409 -13.9470844718
346 820 -14.3692720832
346 543 -12.8554053682
346 799 -11.2496507674
346 540 -10.3255226303
346 421 -11.2164972935
346 551 -14.4324183737
346 680 -8.76537431262
346 687 -8.8169252139
346 433 -14.4788373484
346 818 -6.88373722781
346 694 -13.4558018333
346 441 -8.47016081392
346 621 -14.3439945919
346 452 -7.53593404626
346 668 -14.3897078714
346 391 -18.0938767504
346 610 -11.8013194145
346 717 -12.9428085872
346 702 -17.4708876619
346 548 -11.3455903612
346 597 -6.73858707354
346 601 -12.0718950836
346 603 -7.7447544964
346 678 -12.6751001919
346 482 -16.7630555644
346 851 -12.9671481021
346 613 -7.32821917896
346 743 -7.93659931389
346 748 -10.8750508338
346 623 -10.5825577187
346 496 -12.076410732
346 370 -12.2527843387
346 660 -11.3322084126
346 837 -15.2038084185
346 686 -11.7547041944
347 684 -13.4711552588
347 773 -3.40091324159
347 774 -11.3777891216
347 781 -8.64026138945
347 524 -8.51370516863
347 387 -7.3852231794
347 786 -16.3388776664
347 531 -12.557779905
347 543 -11.754330596
347 798 -12.1430387506
347 548 -10.22677644
347 679 -11.2769552372
347 605 -12.1094639645
347 555 -9.4391921309
347 813 -12.8263272821
347 438 -6.27010116421
347 568 -10.0267919686
347 441 -11.3853409258
347 445 -12.942611238
347 704 -13.7654409469
347 652 -11.0575214664
347 830 -13.2024144492
347 712 -14.9634194822
347 397 -9.38230769335
347 589 -9.20550386822
347 463 -7.03884391075
347 697 -15.9543676406
347 597 -13.6903599144
347 477 -13.9996633691
347 351 -9.91823452121
347 483 -13.5431935075
347 356 -10.7723279769
347 621 -13.4986195911
347 810 -13.8546822048
347 624 -12.1221328852
347 497 -10.2900929887
347 882 -13.1973012768
347 372 -14.8390856539
347 374 -10.4858493933
347 759 -13.8205346224
347 632 -12.673107427
347 683 -12.9354268925
348 769 -13.9055585085
348 727 -10.6940789913
348 393 -10.3818486831
348 396 -14.7354527887
348 527 -16.817412762
348 750 -12.1012950061
348 529 -12.5578037724
348 407 -11.2208587162
348 730 -12.1880075903
348 793 -10.920135481
348 667 -13.365080454
348 560 -14.1171417626
348 669 -14.4168884431
348 758 -8.99181854937
348 546 -14.3048725643
348 626 -9.985868648
348 812 -10.5984138575
348 755 -13.8541241684
348 435 -9.46456390297
348 566 -9.71023802308
348 443 -9.79167434558
348 577 -6.75453113703
348 524 -7.21117727114
348 841 -9.05503072424
348 459 -13.2857964693
348 846 -15.5277403707
348 847 -11.5065952388
348 721 -12.0474951912
348 722 -13.8400794926
348 467 -10.2676215864
348 740 -10.094158141
348 599 -10.7442242615
348 602 -16.2301998996
348 859 -14.097993011
348 476 -14.7076186808
348 699 -12.4185576159
348 865 -12.2908638083
348 356 -8.43298192956
348 363 -13.591127827
348 616 -16.8539408703
348 580 -11.8117119804
348 788 -14.2291853804
348 630 -8.90018523554
348 633 -9.31289562286
348 509 -11.460304412
349 514 -13.0864954302
349 516 -11.3036092355
349 525 -13.2102768139
349 782 -8.42054686847
349 785 -10.7666490482
349 786 -12.5046069649
349 661 -14.8210483055
349 663 -13.8826533317
349 769 -10.9437818336
349 798 -9.69276616629
349 590 -11.6774597179
349 800 -13.884427502
349 833 -11.5043286082
349 690 -11.5480574886
349 876 -10.6176555958
349 597 -17.6554231657
349 436 -9.9847020667
349 671 -11.0314982997
349 695 -12.4048046957
349 696 -7.07386783247
349 699 -10.8754501817
349 832 -13.0726183261
349 705 -13.6630156384
349 759 -9.80955797605
349 847 -14.9857458357
349 464 -13.4696117048
349 849 -12.9156393758
349 528 -13.4142780362
349 720 -13.8349181202
349 737 -14.0886004744
349 869 -13.0675086375
349 857 -11.1649752516
349 637 -10.2137210575
349 747 -12.8054769652
349 588 -12.7088063452
349 496 -12.8225121212
349 369 -10.7787311401
349 873 -11.6700400325
349 755 -15.4415153665
349 378 -10.2317527923
349 640 -8.51750652604
350 385 -8.83221555544
350 513 -9.4003771079
350 391 -10.1576106029
350 648 -9.55203686004
350 395 -9.00313768659
350 657 -9.69361711602
350 665 -15.3815573073
350 403 -7.01446683379
350 660 -12.630596477
350 496 -17.3210269013
350 412 -13.1241937065
350 803 -12.0370185196
350 804 -9.16298374541
350 556 -9.6447596396
350 549 -7.89392121053
350 565 -9.710498911
350 439 -13.5941817571
350 826 -16.581097932
350 736 -14.2450550862
350 575 -13.2908703742
350 706 -9.54127034307
350 615 -11.9473972566
350 823 -13.6797713012
350 651 -14.1740189138
350 588 -9.86568627995
350 600 -9.5847776529
350 421 -13.0850490783
350 830 -7.63453210562
350 861 -13.0307910857
350 606 -8.46806047817
350 358 -6.41467541209
350 871 -12.3302439758
350 354 -14.809728832
350 488 -11.7825825534
350 490 -10.1701377889
350 486 -10.3072369828
350 446 -16.906241786
350 497 -10.0679534421
350 703 -11.8322253395
350 503 -10.997869162
350 504 -11.3507686362
350 534 -10.6837237277
351 387 -13.3213736591
351 772 -9.42529433685
351 773 -15.8303045959
351 819 -13.8227932771
351 863 -11.1021542843
351 781 -4.90261349257
351 628 -6.67872266836
351 661 -13.2284588813
351 665 -14.4297321454
351 544 -11.4461417334
351 884 -10.6475557845
351 689 -12.1834662453
351 732 -12.3058741508
351 797 -9.98227436457
351 454 -11.4322783851
351 828 -14.5670246821
351 734 -12.3100616709
351 433 -15.4212144278
351 691 -13.7437965503
351 441 -15.1263706185
351 436 -14.5881902632
351 586 -11.0990914331
351 845 -10.5341062557
351 400 -9.52550191792
351 472 -16.0144289519
351 613 -17.2046214511
351 735 -12.6598429183
351 870 -15.1024374405
351 483 -12.7303135834
351 740 -14.6304826867
351 485 -10.2152290524
351 615 -14.1250316357
351 360 -14.0551810053
351 710 -10.9032902262
351 876 -11.4542398072
351 493 -12.2714385988
351 500 -10.4842123697
351 447 -10.1540982227
351 610 -9.69486636906
351 638 -15.8491809019
351 511 -4.6917655053
351 807 -9.4897803895
352 513 -12.5283524742
352 772 -13.8020803698
352 773 -10.1125903724
352 519 -10.3691661748
352 653 -15.4810192195
352 537 -11.1107103037
352 788 -10.3376387817
352 880 -15.3259150331
352 672 -13.4364951872
352 604 -15.076736569
352 550 -13.0159397982
352 637 -12.8719800945
352 426 -12.2755812573
352 556 -14.5791785699
352 819 -13.3304038474
352 676 -14.3906694774
352 441 -10.9347235302
352 827 -11.8474399732
352 689 -14.8286397985
352 707 -9.90768012659
352 839 -12.1918242911
352 418 -14.7827202914
352 841 -18.4713576163
352 715 -11.4033916525
352 463 -17.5057250602
352 737 -8.59963291605
352 762 -11.7314584141
352 876 -8.44739379754
352 730 -10.1832146156
352 353 -9.13554521925
352 738 -9.21271291137
352 739 -16.2252631782
352 807 -10.8733406037
352 865 -11.9747297252
352 466 -9.21437094944
352 640 -13.9880837903
352 362 -13.9878346139
352 848 -8.18667382689
352 750 -14.2558060351
352 495 -13.6583423231
352 840 -10.9993913882
352 703 -12.0067403767
352 503 -6.80684856911
352 674 -12.1915494195
352 507 -13.8355520801
352 512 -11.8176960352
352 381 -8.72549388352
353 385 -13.6480766071
353 386 -11.0316002028
353 515 -13.8655210925
353 773 -15.622788663
353 595 -13.4615777768
353 775 -12.3725470961
353 520 -8.3654784224
353 640 -14.2788435722
353 779 -16.2311715069
353 528 -12.6619229059
353 636 -13.040879173
353 564 -13.3120342587
353 628 -12.8500769841
353 536 -6.85583712752
353 794 -12.3687458853
353 670 -16.5854295809
353 454 -11.8084691663
353 674 -16.80696437
353 826 -12.5557232313
353 549 -9.36620523919
353 678 -10.6480921532
353 648 -13.6054956283
353 687 -12.418191701
353 562 -10.9252273033
353 565 -12.2738766296
353 566 -12.7411677779
353 569 -14.4489387887
353 866 -17.159974214
353 713 -14.1641964131
353 634 -11.4003534814
353 784 -6.9820133824
353 665 -8.86591987221
353 482 -9.13468646902
353 357 -8.04559218384
353 489 -12.4162486715
353 611 -14.1744228608
353 467 -12.0241274561
353 497 -15.450028115
353 617 -10.5469081995
353 627 -13.489015597
353 785 -12.7029591478
353 512 -12.9894161628
353 767 -13.6257957979
354 772 -4.32240036711
354 517 -11.2135194153
354 650 -13.595474883
354 875 -13.7670539328
354 558 -14.1352777035
354 660 -12.1915298288
354 534 -12.2525058768
354 415 -10.5948017882
354 820 -11.6511058032
354 795 -14.1896218678
354 546 -16.0841501452
354 860 -6.07345829434
354 681 -10.7266523218
354 426 -10.7635436619
354 685 -14.7321590821
354 815 -10.3266538335
354 542 -10.1950751897
354 449 -13.2502330775
354 759 -11.3627487834
354 813 -9.69692792076
354 438 -12.0998272651
354 719 -6.93840421823
354 467 -11.7203647599
354 677 -13.2680986457
354 848 -7.7795055201
354 483 -15.5428619591
354 361 -5.46330277138
354 362 -10.6257179186
354 621 -9.18840852974
354 489 -11.2891534095
354 788 -10.9799413046
354 631 -11.6763940862
354 638 -8.64517125502
355 879 -13.6140040751
355 386 -10.4590657018
355 713 -8.98203018054
355 654 -8.68076008614
355 399 -10.5282474611
355 404 -13.5364938935
355 740 -8.70891526841
355 794 -13.0781856983
355 641 -12.3064247659
355 540 -13.7573527543
355 670 -14.0048545855
355 415 -13.4453990755
355 390 -12.4746310917
355 735 -8.92578515502
355 675 -15.4198288735
355 648 -13.9597023147
355 430 -9.75817860975
355 687 -11.363003575
355 560 -15.5558657897
355 561 -10.9321852659
355 607 -12.9156956409
355 439 -12.7956168776
355 697 -18.0470693749
355 698 -13.4099092305
355 699 -14.688119341
355 572 -17.2490923022
355 695 -8.86759845639
355 842 -12.0235460658
355 460 -10.1672156816
355 590 -8.77972006179
355 721 -12.4849998825
355 799 -11.8063076702
355 606 -12.7785540272
355 479 -11.0999650633
355 736 -9.87814269419
355 866 -7.34117028142
355 716 -14.9111017401
355 745 -11.7905120623
355 362 -12.6331902392
355 875 -12.4500593472
355 751 -12.801552357
355 759 -14.3904424807
355 500 -16.7598271373
355 757 -12.5660791244
355 758 -13.2081671048
355 634 -11.8397523035
355 510 -11.5800099809
356 513 -13.2160539439
356 642 -10.3354830616
356 773 -9.99801370575
356 647 -4.94891165401
356 394 -8.08628903393
356 406 -8.98442281601
356 820 -14.4562873755
356 419 -13.0691317701
356 804 -11.7513009181
356 679 -15.4523932992
356 808 -11.6117724857
356 426 -10.5643794781
356 383 -17.3812526806
356 756 -14.1699940567
356 567 -11.912006407
356 706 -10.0901108095
356 655 -9.34477134843
356 578 -5.62161417289
356 585 -13.069861563
356 451 -8.08612983958
356 596 -11.5756319394
356 724 -11.927563326
356 856 -11.6721035109
356 788 -12.678436218
356 602 -11.5400503881
356 477 -14.8688527237
356 837 -12.0817010261
356 742 -11.9350326002
356 605 -11.7826515068
356 358 -10.1977975098
356 500 -12.7575126262
356 378 -16.198010774
356 382 -10.697456706
357 514 -10.5276886474
357 666 -14.4500917023
357 389 -8.82773362545
357 728 -16.3026112667
357 398 -13.5557253134
357 402 -16.1050742895
357 407 -7.68270965681
357 664 -7.77672517785
357 359 -11.530883585
357 671 -14.5373111762
357 417 -6.048879526
357 541 -12.3604216643
357 559 -11.6262410734
357 434 -9.91832695143
357 821 -13.2455106101
357 700 -11.9083521906
357 523 -11.4647336991
357 447 -10.9232972719
357 780 -11.0655625393
357 391 -13.973318907
357 584 -11.8836866689
357 459 -14.1708979114
357 464 -14.6126811544
357 722 -10.6155757633
357 598 -13.5969850382
357 473 -10.811221278
357 592 -12.5138865308
357 835 -16.5115221657
357 866 -11.2745010106
357 366 -12.3946774371
357 879 -13.5331998154
357 752 -11.8490241016
357 836 -16.232347076
357 882 -14.1476110049
357 501 -9.8426491805
357 630 -5.94860256005
357 632 -10.2933421795
357 634 -13.7419593145
357 507 -11.9818946995
357 512 -14.2406444189
357 683 -16.35600776
358 645 -15.3507861459
358 700 -9.65648582721
358 450 -12.2313618135
358 653 -15.2981538997
358 656 -9.47765417467
358 495 -14.8715701193
358 792 -12.8989246696
358 794 -13.8348094717
358 674 -10.2731329462
358 806 -9.51001136327
358 818 -12.116775193
358 813 -12.7069670175
358 815 -10.3314975067
358 394 -12.5589505563
358 588 -13.9679136397
358 581 -13.2780570679
358 585 -11.8216101463
358 459 -12.0059252608
358 504 -13.5554550847
358 462 -13.1169730395
358 590 -10.3238186657
358 723 -10.766267197
358 728 -7.24072564421
358 720 -15.9009837099
358 738 -12.8639121114
358 867 -9.35255649754
358 485 -13.8958106363
358 790 -13.155549766
358 361 -13.3808032425
358 491 -14.4606950386
358 744 -11.4976406628
358 367 -12.2588339166
358 624 -8.43665617274
358 617 -9.19444763906
358 502 -9.93975542077
358 376 -14.3833836231
359 516 -15.0613277194
359 397 -13.6876684686
359 404 -12.4769145316
359 661 -12.1598876044
359 367 -8.18319196323
359 664 -12.4095265633
359 538 -11.1716169396
359 722 -10.9971028042
359 417 -11.7354630502
359 561 -9.45920410071
359 680 -9.32805919798
359 809 -10.4750805469
359 556 -18.2646258672
359 431 -16.6446170068
359 819 -14.7966912173
359 628 -12.482530176
359 863 -8.94372772799
359 699 -10.1350753042
359 444 -11.6206969563
359 794 -12.9607384003
359 578 -13.5402192721
359 674 -15.3974935066
359 762 -10.6397786545
359 505 -14.4406906717
359 474 -3.43372286365
359 612 -12.8151949131
359 402 -11.6649550904
359 617 -13.8460055725
359 364 -13.5412561565
359 723 -11.6964696895
359 372 -10.9297177561
359 630 -13.708479358
359 377 -8.4095451986
359 765 -4.64561504175
360 515 -9.48892884135
360 774 -11.2667063497
360 519 -10.7121209809
360 777 -9.03325257996
360 522 -19.1829197371
360 600 -10.7012157374
360 654 -13.6140446186
360 537 -15.8617988285
360 789 -12.2151816995
360 534 -12.258936037
360 409 -12.8372259752
360 619 -12.7185582016
360 669 -14.1943978575
360 802 -8.85851123642
360 833 -11.5731034301
360 754 -10.9680957402
360 554 -11.0296099395
360 687 -15.3096702246
360 548 -11.5171831836
360 435 -11.3730299753
360 436 -12.6241367286
360 446 -11.4735036294
360 448 -15.9461435915
360 705 -9.06191357995
360 417 -10.3698040545
360 835 -5.19420963055
360 708 -15.7518119606
360 759 -13.1268393173
360 673 -14.1731517967
360 760 -13.797598637
360 400 -13.717488068
360 726 -12.8163814138
360 472 -12.1526217623
360 437 -11.6451283593
360 474 -13.1104453314
360 622 -11.946288829
360 480 -12.6436568298
360 770 -11.6017530826
360 572 -10.422357128
360 486 -11.1192106061
360 658 -13.3438884704
360 701 -8.04031111947
360 620 -15.0837621437
360 724 -11.0669411426
360 879 -4.38648024954
360 614 -7.91747092224
360 626 -14.4283225748
360 629 -14.5533646279
360 575 -13.955846944
360 503 -14.4395726183
360 504 -9.04340849176
360 414 -14.9616753493
360 634 -9.5355615962
360 508 -12.9618945098
360 555 -14.446564828
360 383 -15.2674068619
361 392 -9.76130670414
361 649 -15.9719306202
361 395 -11.9350732686
361 396 -12.3015911102
361 771 -9.39882425444
361 402 -15.6162864558
361 407 -8.01767974438
361 796 -16.7712392453
361 573 -10.0772877339
361 419 -11.9512345716
361 776 -4.45839310972
361 813 -12.2744976565
361 815 -8.4019534782
361 432 -8.02414319283
361 818 -15.2128543094
361 884 -8.47632873917
361 445 -14.3266781203
361 588 -15.9133924772
361 454 -15.2849291255
361 569 -8.15423064776
361 471 -13.0445026758
361 378 -11.2344936834
361 734 -9.30746850927
361 636 -14.3866219241
361 652 -16.8097943676
361 616 -11.9413059196
361 503 -15.7186672008
361 363 -15.5633887544
361 620 -16.8299872812
361 373 -11.2271575727
361 762 -11.2305627554
361 508 -6.63495350717
362 774 -14.7235560321
362 845 -12.834082211
362 523 -13.4053223417
362 728 -8.44294724178
362 526 -11.7399860268
362 788 -8.32455091866
362 415 -14.4261252919
362 536 -12.4315358333
362 541 -15.2833661118
362 670 -7.24842865472
362 735 -10.4765727749
362 549 -11.8001497609
362 422 -12.5367398364
362 488 -8.42390022637
362 811 -9.27712927331
362 818 -10.8063898978
362 791 -14.0133947894
362 626 -13.7517462213
362 458 -13.9168675912
362 455 -8.81702827779
362 717 -15.9527770187
362 867 -14.0786505269
362 856 -7.49821710599
362 727 -13.8248595885
362 763 -10.1907831539
362 491 -11.7275144256
362 624 -10.3736864008
362 498 -9.00089931648
362 629 -14.3558498432
362 806 -13.2395640665
362 377 -14.6393107105
362 507 -13.5721555312
362 511 -14.5609635523
363 643 -7.53834194109
363 647 -12.2567926081
363 404 -10.6312978603
363 410 -13.258191579
363 856 -11.1549298748
363 859 -8.70741519468
363 546 -14.4380367791
363 684 -6.60801299714
363 847 -5.06231206055
363 413 -12.8341405376
363 427 -10.8376527872
363 438 -14.5768733898
363 825 -16.2439307551
363 442 -13.1551503712
363 699 -11.6209407374
363 817 -12.2761074864
363 578 -10.0509245374
363 708 -13.4478360578
363 453 -10.0815494481
363 838 -14.1449063751
363 459 -15.4470653085
363 462 -10.7403640758
363 723 -15.5000944414
363 468 -9.86894844214
363 822 -8.88206898714
363 855 -16.4698793515
363 474 -11.1920797917
363 603 -13.2119567113
363 608 -12.2777877999
363 484 -8.52581005793
363 743 -10.1254630109
363 619 -7.77745898304
363 364 -10.696983285
363 851 -9.04305822301
363 596 -13.4395897127
363 376 -10.3554944016
363 593 -6.52522408126
363 378 -13.4300774791
363 832 -12.7373166632
363 811 -10.7559801259
364 385 -9.14237245441
364 832 -12.1765630921
364 778 -8.98206978416
364 652 -14.7095603542
364 399 -10.4604752316
364 786 -13.6873061206
364 726 -14.9122060003
364 404 -10.2347959902
364 474 -12.5578152298
364 414 -10.3496562144
364 646 -11.4858547233
364 552 -15.9356930171
364 556 -13.4450422649
364 557 -11.0732603467
364 798 -12.416596592
364 853 -10.3008807024
364 697 -9.74550474659
364 447 -15.7799065643
364 833 -11.5076111757
364 567 -12.5226703073
364 802 -10.5982125918
364 721 -8.77323062856
364 467 -10.9733600316
364 660 -13.1131945512
364 720 -7.59174338037
364 606 -10.4040620689
364 742 -15.1178540065
364 763 -10.9683716196
364 492 -9.39730105458
364 751 -13.5057415897
364 881 -13.0969067196
364 373 -9.74668161545
364 633 -14.5888152953
364 506 -13.7951428
364 507 -10.4669810263
364 381 -11.1860519158
365 514 -13.6609408971
365 641 -11.1374106426
365 683 -11.4724881746
365 777 -4.44944542573
365 396 -11.1049432221
365 398 -9.00098244677
365 400 -14.004128746
365 401 -11.178718687
365 664 -11.1960467814
365 711 -14.4110906472
365 390 -15.033887541
365 427 -15.1249424975
365 814 -12.6072028044
365 698 -11.282504397
365 574 -15.1166704106
365 575 -15.8928375678
365 450 -14.1203678979
365 780 -9.54655318207
365 460 -11.6415302689
365 467 -15.8337147078
365 676 -13.3354490335
365 854 -14.7967735369
365 600 -9.44459689385
365 484 -11.9561671664
365 733 -8.33389668257
365 742 -5.63200681922
365 877 -14.2483055749
365 366 -7.88049612568
365 623 -11.9277486546
365 830 -8.82997438475
365 831 -9.98168736584
365 809 -15.4608873799
365 627 -8.47892157817
365 375 -6.84881131883
365 426 -14.0704262853
365 761 -13.7615407307
365 640 -12.7169356688
365 765 -12.33353859
365 510 -9.4265689383
365 384 -14.4981120376
366 773 -12.2873857473
366 776 -12.0401239743
366 521 -9.49350016719
366 536 -14.4458100061
366 801 -10.4656345135
366 674 -15.1121002609
366 804 -13.0836034351
366 681 -12.350463392
366 557 -16.1028156544
366 435 -12.1699133705
366 687 -13.8594739241
366 439 -12.6727765737
366 829 -16.0229718825
366 566 -12.8991057787
366 459 -11.2142395789
366 845 -13.9382368506
366 675 -9.51918433294
366 463 -13.9252968164
366 464 -11.4600002739
366 569 -14.5774596166
366 596 -15.7685553765
366 859 -9.90264504519
366 738 -13.1252210665
366 868 -8.64147093611
366 614 -14.6101547072
366 619 -7.73873126756
366 752 -10.6887550568
366 500 -13.3666254931
366 768 -14.0692063518
366 640 -12.2801998738
367 770 -12.9132858005
367 395 -13.2221221487
367 783 -9.77263514855
367 660 -14.0000112127
367 602 -9.78637251622
367 415 -13.2170254977
367 673 -9.71161721748
367 866 -7.57446856385
367 476 -15.2698098123
367 684 -13.8043329156
367 561 -10.8731045838
367 551 -11.3244625284
367 445 -14.0514985905
367 630 -13.2241283759
367 706 -12.8852724077
367 460 -11.6775733666
367 732 -10.3557292552
367 802 -9.81999203179
367 858 -9.02935579808
367 664 -15.1511110964
367 722 -13.1040088144
367 839 -11.9724964145
367 600 -9.6627332686
367 474 -13.2348660799
367 807 -14.5379260179
367 482 -10.3842035929
367 484 -9.50444397892
367 616 -12.7516118741
367 747 -14.1914230715
367 749 -12.3336104174
367 844 -9.49255519237
367 752 -11.0576941838
367 814 -12.4357743115
367 500 -12.152376837
367 374 -11.3637990886
367 631 -8.72542309551
367 504 -12.2644213751
367 637 -11.8058736545
367 382 -12.7163457604
367 767 -13.2342264356
367 384 -13.0480368286
368 538 -8.60794337914
368 685 -13.9886127069
368 757 -11.3180999938
368 400 -12.2325255976
368 792 -6.70046889557
368 854 -14.5266627852
368 667 -12.3893078132
368 795 -17.2154883685
368 419 -5.73168078149
368 676 -18.357234184
368 421 -7.35757197498
368 586 -17.1115345911
368 413 -9.3760877921
368 427 -14.9518032208
368 429 -8.60233173529
368 816 -8.84350683294
368 382 -13.9114152855
368 442 -10.2876250444
368 577 -9.92482054699
368 408 -9.90738738754
368 454 -14.057463742
368 584 -12.6313969755
368 715 -10.6636142962
368 504 -11.0140072839
368 591 -11.2929303966
368 451 -13.7459831711
368 707 -11.4404270438
368 677 -8.76626914214
368 859 -12.2022266948
368 604 -8.58690643246
368 807 -15.4770548996
368 871 -7.56724095346
368 616 -10.9401765528
368 745 -12.166097904
368 874 -13.453862921
368 875 -12.218284577
368 492 -10.452006162
368 750 -14.6785830567
368 698 -13.3509082638
368 580 -15.6080011805
368 373 -10.3578564704
368 652 -14.1278463145
368 639 -11.6548901908
368 384 -12.3193747238
369 518 -12.7962987853
369 666 -14.9295129368
369 399 -11.5922522235
369 404 -12.2904463988
369 408 -9.92097499104
369 671 -9.9568797728
369 675 -7.74928570882
369 748 -8.41349744236
369 670 -10.5561532158
369 500 -12.3014040511
369 437 -14.7822555641
369 439 -13.1155625207
369 714 -13.6103438427
369 697 -11.5911964361
369 826 -11.2415326342
369 827 -11.6626892456
369 704 -11.2508436161
369 584 -7.19071956503
369 458 -13.9855832677
369 591 -16.4710116918
369 808 -9.43432848889
369 850 -12.6909368139
369 597 -10.2227219978
369 527 -9.49770829721
369 472 -10.9467213641
369 858 -13.6431147931
369 848 -8.60801776506
369 737 -12.5752361446
369 738 -15.6050560581
369 487 -13.5220743437
369 875 -8.79069160367
369 751 -15.8478810824
369 435 -7.7706204639
369 754 -7.85587311408
369 372 -12.3635662369
369 725 -10.3114329983
369 636 -13.5461684453
369 637 -10.1072979338
369 639 -15.9152393019
369 726 -12.5633890253
370 833 -4.59795531738
370 773 -11.1527939059
370 472 -11.1525525829
370 653 -6.45653980563
370 782 -10.1091025065
370 399 -8.08110511952
370 403 -10.6480680927
370 536 -13.2235751769
370 409 -11.2226709251
370 820 -13.0446434481
370 541 -13.4073385538
370 670 -10.0992105581
370 415 -13.8079726232
370 545 -11.4430153147
370 711 -11.9809006915
370 427 -12.6920810963
370 859 -12.6818971838
370 606 -10.9507300777
370 564 -15.8172505891
370 823 -11.5859137286
370 440 -11.2756739353
370 826 -7.75955224279
370 672 -15.8773778702
370 573 -15.4047859
370 831 -19.3171131961
370 449 -11.649777131
370 451 -11.3464689505
370 708 -13.7898522884
370 455 -10.3427041322
370 457 -8.10618879059
370 775 -11.8537189692
370 576 -12.5014916524
370 867 -12.0727143417
370 741 -11.8579019431
370 617 -13.0933501162
370 701 -11.7474582807
370 405 -10.3028049248
370 500 -7.22451695855
370 448 -11.3896328897
370 504 -10.4284685344
370 380 -12.6931359384
370 510 -15.3152720048
371 643 -11.5154138184
371 389 -10.2787845546
371 399 -12.1863278839
371 402 -11.3634407276
371 661 -7.93307628118
371 540 -8.35787688693
371 413 -11.5207417061
371 798 -8.87323087195
371 423 -11.5914139815
371 818 -5.78342442562
371 425 -14.4540969774
371 669 -11.514020088
371 429 -10.4516570369
371 557 -15.8943060009
371 689 -3.44585535773
371 562 -15.1669840577
371 821 -9.54126704464
371 438 -13.0672143662
371 567 -10.0026619559
371 394 -9.55034435218
371 445 -14.8476788903
371 448 -13.7637226807
371 581 -11.3379756725
371 397 -14.0454660763
371 718 -14.1450485198
371 603 -7.18852041482
371 859 -14.2014846414
371 607 -16.4394762899
371 736 -6.40605762789
371 591 -8.9729383197
371 612 -12.9874147199
371 876 -12.8917622707
371 749 -15.0171322652
371 495 -10.1273431364
371 626 -15.7841786505
371 375 -14.5587668919
371 376 -14.1205013004
371 766 -13.3706623863
372 849 -17.1659001063
372 390 -14.6350141255
372 394 -11.0613398465
372 652 -12.5528086099
372 401 -14.2817263508
372 431 -11.0850876139
372 711 -10.0428658554
372 552 -16.1158231252
372 650 -6.62619515079
372 686 -10.8022080901
372 734 -15.7886916021
372 690 -12.4081516908
372 659 -12.956869084
372 568 -10.7101553717
372 441 -9.14059045258
372 785 -13.4663574123
372 577 -5.5977298535
372 766 -10.0736213899
372 717 -13.6696989678
372 460 -9.68425141063
372 589 -11.2776340801
372 675 -14.1227117878
372 850 -10.8473527608
372 725 -8.41934225485
372 728 -12.61614884
372 865 -15.1276238569
372 738 -13.5235719459
372 867 -13.2214412439
372 869 -11.8707648871
372 618 -9.72911102397
372 381 -12.6034714372
372 619 -13.8403136962
372 746 -11.9496126571
372 622 -13.3500811716
372 624 -13.9373777396
372 373 -14.2691843173
372 639 -14.128065063
372 375 -13.7431569918
372 554 -15.329564156
372 633 -16.7452752732
372 764 -16.6307748268
372 747 -11.4763699228
372 511 -13.4681756816
373 642 -12.0371361801
373 389 -14.8239070879
373 676 -9.4041617467
373 450 -13.4575014528
373 522 -11.0440755299
373 607 -17.1698176233
373 785 -10.2740911868
373 659 -13.7165492831
373 671 -13.871051785
373 413 -14.7499387052
373 670 -7.83987674767
373 730 -9.18195193238
373 735 -12.2636760018
373 412 -16.2978989681
373 424 -13.9103961632
373 541 -12.3225345995
373 741 -15.8453119669
373 563 -14.4746300287
373 500 -12.4384182923
373 695 -13.8529049881
373 443 -15.2465624106
373 701 -12.8206918307
373 395 -12.0577522041
373 447 -13.3548054134
373 707 -7.20508592256
373 651 -11.9168953776
373 617 -7.87721612181
373 715 -8.3618574765
373 845 -10.8615399958
373 465 -11.2367278111
373 417 -13.4744445283
373 473 -11.8590866455
373 474 -11.8762593405
373 732 -7.07437936254
373 477 -14.3439657277
373 576 -10.5539516142
373 605 -8.45704481935
373 484 -12.4362902829
373 485 -10.0741104729
373 797 -12.9926537567
373 488 -12.7507373573
373 381 -8.85686166446
373 499 -8.55367687288
373 769 -13.1406313019
373 374 -14.2183580545
374 433 -14.9505775613
374 386 -11.9479948321
374 515 -12.7922348397
374 428 -11.4643620442
374 524 -12.394796498
374 526 -15.3050941883
374 401 -13.5290648542
374 602 -12.1595442413
374 752 -11.3146702518
374 781 -13.8492547373
374 544 -14.2306263387
374 673 -10.0892995438
374 675 -11.7903288773
374 684 -11.8196773963
374 423 -14.654377245
374 714 -12.0558348424
374 841 -8.42669201055
374 437 -13.1795294992
374 694 -5.78090932773
374 561 -9.31193948751
374 571 -9.16338286619
374 864 -9.73836081239
374 831 -7.53806933006
374 582 -11.0352107831
374 584 -11.7439931485
374 713 -14.7268015557
374 806 -17.6975442299
374 696 -8.65863363584
374 718 -12.5504984094
374 654 -10.6781973645
374 771 -13.5381212541
374 595 -13.0521623236
374 822 -5.39144137813
374 474 -7.68199546735
374 865 -11.9410766546
374 821 -10.763444193
374 873 -15.3600392979
374 875 -14.3456141705
374 620 -9.6018823571
374 446 -11.5393544603
374 625 -16.4454061345
374 754 -12.3351969292
374 502 -11.6211732723
374 503 -5.48650974863
374 738 -8.87365565935
374 768 -11.7957709302
375 798 -13.1228165609
375 524 -10.5532329282
375 782 -15.1144292246
375 402 -11.2677454572
375 530 -9.78537864889
375 535 -15.0138588553
375 538 -10.4647898002
375 729 -12.8868871257
375 671 -11.7759732373
375 518 -9.23688407124
375 846 -12.2764692427
375 585 -9.81669915987
375 776 -10.1229802183
375 883 -9.12820591085
375 432 -14.7977645726
375 646 -11.4882614843
375 434 -15.3419927159
375 819 -11.0136743544
375 438 -11.497665666
375 440 -13.1710904529
375 697 -12.9959241741
375 799 -12.857886255
375 446 -12.2774196435
375 831 -12.2887601923
375 450 -13.2484648007
375 708 -13.7517121221
375 453 -12.7299955692
375 738 -15.2122776239
375 464 -14.0463906504
375 849 -11.1822873
375 740 -11.4736379432
375 855 -8.21940876801
375 601 -12.9315415859
375 741 -13.4539054483
375 735 -8.34101387802
375 508 -10.8496636459
375 613 -12.7557197567
375 488 -11.4060724847
375 747 -14.0997472411
375 857 -11.8127025251
375 629 -10.9556919261
375 503 -13.8985279588
375 505 -10.8007130274
375 506 -9.38523262552
375 507 -9.9580783125
375 448 -13.6487397872
375 381 -11.8320855979
376 641 -11.5761377943
376 387 -12.1426295378
376 748 -12.3875646503
376 773 -13.4571452939
376 520 -10.8136735279
376 526 -13.1560496462
376 660 -10.9432127036
376 662 -11.2113054825
376 538 -11.5327028709
376 411 -10.9943230169
376 415 -13.8913109694
376 817 -8.60304594257
376 551 -11.8606339248
376 813 -9.39061760728
376 561 -11.0910153223
376 776 -9.77455145491
376 799 -9.3114329851
376 442 -10.3525540775
376 661 -6.91128984384
376 447 -12.7930750496
376 578 -12.3518996542
376 843 -11.2609604398
376 461 -11.3330373443
376 597 -11.6839303139
376 857 -11.938336982
376 859 -13.9599068047
376 492 -10.9155990542
376 622 -13.8749365708
376 497 -6.16056972817
376 759 -12.728138929
376 508 -9.90121786426
376 768 -11.1788599476
376 747 -14.4225024577
376 512 -11.6787946206
377 649 -13.9869414555
377 536 -9.96764116663
377 453 -9.31390216894
377 436 -11.1788345057
377 527 -12.041126755
377 529 -14.8621246009
377 409 -9.09380576671
377 532 -12.6254252971
377 405 -7.80088437323
377 623 -7.8177777272
377 773 -14.7552979272
377 543 -16.2019393398
377 548 -7.8416983958
377 550 -14.3878157213
377 799 -11.4943758247
377 873 -8.78843381208
377 691 -11.8116928574
377 765 -8.91724218596
377 445 -14.2661625094
377 702 -9.71253746681
377 577 -13.4379311864
377 489 -11.4995090463
377 438 -10.796628555
377 867 -17.5124624915
377 782 -12.7334927915
377 468 -10.7345711502
377 792 -6.83091109473
377 784 -12.5354410364
377 477 -10.5735381177
377 481 -10.5760105149
377 848 -8.34604658785
377 740 -10.7108779598
377 747 -11.5302223563
377 878 -10.6322568174
377 414 -11.2960366097
377 763 -12.8000189541
377 537 -13.7504714091
377 384 -9.11010093309
378 513 -6.51198749845
378 769 -8.92087134203
378 388 -11.9458282412
378 855 -14.332757478
378 520 -14.8854382806
378 654 -9.20086097774
378 529 -14.7141677388
378 666 -12.2497044405
378 496 -13.887548982
378 797 -8.00997767864
378 799 -10.2700327301
378 544 -15.1207500135
378 679 -13.0824593326
378 556 -13.0352624616
378 686 -11.8931977064
378 776 -11.0955463758
378 563 -10.2660150162
378 823 -12.870909606
378 571 -13.1870493734
378 672 -10.4081762292
378 446 -12.6630362848
378 865 -8.91786514384
378 452 -10.5776844394
378 463 -13.8071726741
378 721 -7.22255947851
378 722 -7.91699543511
378 601 -14.5612148057
378 737 -13.547797017
378 869 -12.569186707
378 582 -11.507583577
378 829 -11.3414555473
378 620 -13.6293240419
378 575 -13.2594581909
378 831 -12.8724037062
378 638 -13.673841187
379 832 -14.5744556667
379 643 -11.7524807783
379 652 -13.372157608
379 785 -10.5286428634
379 534 -8.78052958441
379 793 -10.4547762518
379 560 -14.6089511098
379 752 -9.61023801852
379 475 -14.1187919144
379 803 -4.46644557579
379 685 -15.5412542838
379 561 -12.4949028681
379 756 -15.8972048049
379 453 -6.11416448177
379 418 -12.0488737183
379 617 -11.7364039535
379 745 -10.1747769968
379 464 -12.2845603767
379 723 -8.53365467619
379 469 -14.8789530808
379 728 -15.8845872413
379 477 -12.9674953236
379 478 -12.1683928784
379 479 -15.5825249047
379 737 -10.25622097
379 456 -13.3501745907
379 601 -11.855184785
379 872 -12.9101128215
379 621 -13.1613918692
379 751 -14.0279827062
379 627 -9.54406852341
379 724 -10.9219060964
379 504 -11.7095647015
379 448 -11.0636810816
379 381 -7.60726610765
379 638 -15.1593546517
379 511 -11.7563646847
380 769 -15.7587057555
380 772 -16.3962994737
380 521 -8.02183096516
380 633 -11.4827009702
380 696 -11.9247729034
380 784 -13.1931255444
380 532 -15.0835049385
380 837 -11.4424226889
380 673 -16.8515718458
380 548 -12.1567919297
380 809 -15.1051650327
380 426 -12.7673869564
380 691 -14.2483115601
380 560 -7.36885078519
380 820 -10.9439399625
380 444 -14.1230277239
380 831 -12.6279140576
380 577 -9.91645429842
380 524 -15.4695216704
380 710 -14.2667671386
380 723 -11.1799602838
380 596 -13.4229032812
380 839 -8.55564658188
380 463 -16.2836069259
380 478 -12.2770426719
380 541 -16.3487461329
380 871 -11.9049746057
380 780 -9.91096932981
380 851 -16.5487255873
380 879 -13.638376422
380 627 -9.37746037104
380 806 -10.0983517914
380 768 -12.9237004415
380 427 -9.6468152281
380 511 -12.2495937051
381 676 -11.645720969
381 833 -11.4041755835
381 387 -13.8053633885
381 828 -9.41361105459
381 780 -10.9633578955
381 783 -11.6977201159
381 662 -14.3186008992
381 756 -12.4798596209
381 389 -10.4269237958
381 796 -11.2799868474
381 543 -6.92920848334
381 416 -14.2092806205
381 673 -14.392725381
381 420 -9.80939589219
381 422 -11.9846677681
381 423 -14.5544960727
381 797 -13.4529584705
381 562 -13.5789583173
381 566 -12.8738545223
381 672 -11.8534403042
381 576 -8.75809438783
381 705 -12.1644427787
381 702 -6.89378524034
381 864 -14.4633877368
381 454 -9.73912508297
381 730 -15.4462216227
381 614 -12.2884186257
381 491 -11.4194050801
381 499 -18.0011931995
381 627 -8.03802845814
382 386 -14.0607819973
382 781 -9.09220725248
382 393 -4.28114065166
382 651 -9.66802184476
382 653 -9.52970695618
382 398 -10.5852776812
382 743 -8.54574390974
382 532 -12.4289088343
382 790 -15.4833577721
382 407 -9.07413017911
382 538 -14.2876255353
382 537 -15.4781238371
382 414 -8.62936299763
382 545 -11.6296375514
382 674 -11.9655041317
382 732 -14.3986364891
382 422 -13.1584369837
382 770 -6.4674536245
382 487 -15.6643146602
382 692 -7.7284948501
382 698 -11.257076791
382 701 -10.097344777
382 832 -12.5820504652
382 834 -10.8334593128
382 836 -15.7948517459
382 829 -16.9733489092
382 804 -13.5593601227
382 456 -12.7585282396
382 461 -12.5602644262
382 719 -10.4442454692
382 464 -15.658038501
382 467 -13.1446732554
382 847 -15.2324963072
382 600 -13.1496789794
382 594 -11.7903278489
382 617 -12.6437191247
382 757 -13.2076205045
382 766 -14.9298453635
383 513 -11.0449655111
383 388 -9.23734238448
383 520 -13.8290233095
383 649 -11.0573105704
383 835 -12.7830800876
383 403 -9.80090748133
383 430 -7.59756644044
383 690 -8.41407011947
383 563 -15.8974646235
383 565 -10.5667332747
383 701 -11.7081967236
383 587 -11.308548225
383 575 -11.7494922457
383 822 -9.51591796692
383 456 -13.181164732
383 459 -12.6088447274
383 592 -14.0035141214
383 471 -12.2214800459
383 856 -7.14770350237
383 477 -13.1909351909
383 864 -14.3964696991
383 610 -13.9858921533
383 655 -15.2438801876
383 615 -12.9821169667
383 618 -13.0168894093
383 584 -14.488549714
383 616 -12.6441164277
383 787 -11.5515004566
383 752 -11.4130442915
383 753 -13.790369824
383 627 -12.6998346459
383 505 -9.25061159725
383 542 -13.3743746313
384 388 -12.9009209754
384 777 -14.8423191683
384 779 -13.4598377299
384 652 -10.9535051499
384 399 -12.4812599537
384 785 -11.8573038993
384 407 -14.3228446661
384 390 -15.3621372409
384 417 -12.4004810381
384 561 -13.9292493181
384 552 -12.4525136423
384 426 -14.3715072347
384 761 -12.8099710176
384 403 -13.1760603226
384 433 -11.2897266202
384 800 -14.2838855768
384 832 -14.4725539434
384 835 -7.87855356903
384 709 -12.8516577941
384 712 -13.2573940165
384 585 -13.9042839392
384 845 -12.2919827658
384 824 -10.9648948118
384 532 -13.6474158801
384 804 -14.1318656387
384 861 -13.6185366722
384 862 -13.7603933445
384 611 -16.0006337362
384 473 -8.28430375691
384 594 -12.5050163995
384 489 -9.02800803324
384 882 -13.0994864164
384 500 -11.3621876997
385 428 -11.6903637351
385 774 -14.6010987666
385 394 -8.24881595751
385 652 -11.5914099002
385 751 -10.2347207877
385 607 -15.3073598482
385 412 -16.7968989213
385 422 -12.6096627303
385 425 -6.90131827867
385 563 -12.6469437226
385 568 -7.04289264976
385 570 -14.7790985392
385 571 -8.43459369891
385 447 -9.53815108446
385 709 -12.1585239907
385 455 -13.4162431303
385 796 -17.7306040933
385 716 -12.7044338752
385 782 -13.0822438095
385 876 -10.1027731225
385 475 -13.8969774102
385 733 -13.8815041136
385 479 -13.1499685181
385 612 -9.57759955967
385 742 -11.7917713228
385 872 -10.6181214032
385 622 -11.8262696673
385 754 -10.4393831686
385 500 -9.59240287181
385 501 -10.5723063415
385 503 -11.6937144835
385 827 -11.2775814319
386 515 -10.0204267125
386 390 -11.6719370261
386 685 -11.2709224463
386 551 -12.3802259027
386 436 -14.118891706
386 581 -16.5418999677
386 402 -12.0399767884
386 787 -9.78037232969
386 404 -13.7156913729
386 709 -7.35085126764
386 410 -13.3051789329
386 411 -12.1871387276
386 803 -12.5742199616
386 543 -14.7373571051
386 674 -13.2117304347
386 547 -13.2263805
386 548 -14.0495208323
386 677 -12.6663181599
386 754 -11.1342903304
386 429 -14.2897621733
386 688 -10.7206811134
386 561 -11.8053001824
386 821 -15.3655570981
386 799 -11.7887498147
386 698 -10.4134900728
386 510 -11.4422325522
386 875 -12.3839973817
386 577 -10.5449942012
386 579 -8.07235502328
386 453 -11.6436627493
386 455 -12.4839823951
386 813 -8.67419356683
386 860 -11.7835213909
386 632 -14.8781134997
386 792 -12.4580089695
386 609 -14.5361984656
386 835 -14.4541256069
386 607 -10.7656614258
386 426 -9.53351393712
386 486 -13.7699794959
386 807 -10.2553505072
386 861 -12.3850052462
386 747 -9.41198271802
386 620 -14.4466847098
386 621 -9.60369510524
386 810 -11.2434349147
386 497 -12.2026205116
386 505 -13.1237980526
386 762 -8.06843860984
386 657 -14.8131653121
386 636 -10.4073285541
387 782 -11.242002485
387 423 -11.0627325835
387 779 -11.0026664938
387 532 -14.9651009041
387 409 -8.05375233579
387 540 -13.3630649841
387 607 -11.4073630638
387 411 -6.4037432536
387 721 -11.0377334979
387 681 -11.5364644472
387 427 -11.5012310227
387 816 -10.5362983321
387 450 -8.47548395341
387 439 -14.0353412675
387 394 -12.5518442772
387 437 -11.8378885886
387 442 -13.5978757299
387 436 -13.8783578939
387 749 -13.5007260014
387 713 -12.0522663424
387 458 -15.106735616
387 844 -7.17226826366
387 719 -13.0152619781
387 526 -13.5048194389
387 594 -15.6146829827
387 469 -12.5758559883
387 421 -15.2537378648
387 732 -10.5883337301
387 862 -9.08776164481
387 657 -15.7138219524
387 618 -12.5574360346
387 745 -9.64935818943
387 620 -13.0270756818
387 712 -10.2162540801
387 638 -13.8097654281
387 755 -14.7223790133
387 634 -11.9032072866
387 507 -9.15290883387
387 738 -15.2292288983
388 649 -7.43724235554
388 856 -9.94802014826
388 654 -10.5480405912
388 452 -10.9287583702
388 790 -10.1923854931
388 730 -10.4969367163
388 880 -13.8541566766
388 541 -11.8061199187
388 671 -14.6290284864
388 544 -8.28491324024
388 803 -10.0851560718
388 860 -12.2019828403
388 679 -8.07150062507
388 554 -11.6703404067
388 558 -6.88640591887
388 828 -13.1199237367
388 734 -13.7434823393
388 563 -15.1881002888
388 595 -11.9487580705
388 799 -11.2981795966
388 441 -12.0189640527
388 800 -15.1656657013
388 770 -7.37740798803
388 630 -9.46258585855
388 577 -10.9627529448
388 651 -13.3823069725
388 843 -12.7538078259
388 844 -13.0524441046
388 727 -12.3617915679
388 475 -15.865904024
388 656 -14.1939275601
388 639 -9.03669248956
388 735 -12.7216423752
388 882 -7.08836171935
388 867 -14.5052139245
388 612 -12.644156116
388 618 -12.4140163719
388 712 -12.8000631881
388 497 -12.4489959858
388 498 -15.4787416306
388 505 -10.5662563753
388 636 -11.8647185713
389 520 -12.8354959795
389 585 -10.8331269904
389 397 -12.5259285851
389 526 -12.3077207567
389 686 -11.5213974925
389 401 -13.1241764614
389 665 -11.8185784463
389 795 -7.82157860232
389 522 -14.0453861182
389 690 -14.4367577245
389 553 -9.66565873723
389 627 -12.7954912566
389 670 -14.3775904535
389 689 -12.1687632537
389 531 -15.5834344661
389 884 -4.85367351528
389 713 -13.2447250181
389 630 -13.3125449685
389 519 -12.4287947193
389 589 -12.9110931282
389 739 -11.1809006233
389 727 -12.856850125
389 856 -8.15475985545
389 601 -11.596994908
389 835 -10.249321249
389 807 -6.9050892412
389 740 -8.65271783592
389 487 -11.7669943306
389 872 -7.74164650146
389 829 -8.15333112951
389 875 -13.4579996344
389 620 -14.8177191327
389 494 -8.67528299856
389 650 -8.73909260955
389 502 -12.3413308826
389 503 -9.04803426233
389 760 -8.94742784228
389 883 -13.447518937
389 767 -10.6912232779
390 642 -12.7393795479
390 470 -8.98168838095
390 811 -13.334841006
390 783 -13.0754762161
390 404 -14.2559563729
390 539 -4.55352514731
390 675 -10.9990605037
390 550 -14.4821342105
390 556 -11.4805427684
390 883 -9.58391860106
390 413 -15.0731890535
390 795 -13.8058562286
390 558 -9.07121353354
390 649 -11.8925359799
390 826 -12.5161756312
390 840 -13.1869088513
390 412 -11.0378062989
390 446 -11.2480966811
390 772 -16.4157650295
390 836 -12.4940871686
390 674 -13.9425227126
390 842 -6.42422255619
390 843 -11.6327295392
390 460 -10.5434235591
390 717 -11.0594505768
390 468 -12.0923799511
390 848 -8.30738982283
390 722 -13.321686303
390 467 -10.1589357527
390 613 -13.0878513486
390 852 -10.1816948759
390 645 -11.4826784491
390 735 -12.9173464991
390 866 -9.35488572056
390 485 -12.5960382946
390 619 -8.24001061006
390 876 -14.7809968867
390 723 -7.54959688328
390 510 -15.788576853
390 631 -11.4471008177
390 763 -13.1940451893
390 512 -13.5998133047
391 474 -13.6692611739
391 649 -15.6742171286
391 707 -13.3836324638
391 430 -14.4642051287
391 408 -15.2203897413
391 665 -7.0187148755
391 799 -9.14504524745
391 679 -9.47073972905
391 553 -9.89085389875
391 840 -6.31328532669
391 431 -14.485499978
391 819 -12.1008279947
391 436 -12.9192228876
391 437 -10.0812284143
391 699 -10.1995052225
391 713 -13.3679763672
391 883 -15.5619786
391 587 -11.5914473123
391 532 -8.47696106532
391 850 -10.497210947
391 723 -10.7886810069
391 469 -10.2574567004
391 771 -13.9797456073
391 605 -9.75339284925
391 863 -8.03189686932
391 483 -5.70023474484
391 807 -13.5974427529
391 488 -8.42317925586
391 618 -10.4824123918
391 750 -15.8687523319
391 623 -10.3775354873
391 874 -15.1344223373
391 706 -13.4725275401
391 661 -9.45504953207
391 500 -8.54477442038
391 632 -11.7884728412
391 761 -15.2719486445
391 766 -7.80440881468
391 512 -12.6309811355
392 656 -15.1784394322
392 636 -12.5151578185
392 647 -11.317455038
392 642 -9.81376206765
392 775 -12.281599039
392 813 -12.9817974587
392 472 -10.446515555
392 781 -10.2723700301
392 526 -14.6245849791
392 401 -10.9334432717
392 601 -16.5547403747
392 692 -3.29615255993
392 513 -9.61391475526
392 409 -11.200013029
392 517 -11.0909332203
392 418 -9.67082965514
392 540 -5.96902783554
392 764 -15.4072250057
392 541 -15.5736094243
392 851 -17.2345816682
392 690 -11.3539315593
392 415 -11.5457999648
392 439 -7.45549293488
392 821 -6.75090531032
392 567 -6.60093342959
392 714 -11.1256827417
392 590 -10.81287728
392 473 -7.3844722971
392 737 -13.3917613379
392 720 -10.4866021114
392 622 -10.466192676
392 866 -12.0845115766
392 612 -12.7298353798
392 742 -10.7033460126
392 658 -12.2709815475
392 531 -9.65670483251
392 857 -11.7461588812
392 629 -13.3524132756
392 772 -17.5288085684
392 508 -13.1864622968
392 619 -12.7091544877
392 790 -14.0030741921
393 513 -12.1702815007
393 641 -9.96711183894
393 407 -11.670630091
393 683 -12.6172487694
393 522 -14.6819299758
393 395 -14.4010307341
393 792 -10.4252781525
393 796 -12.6737894517
393 669 -15.7869769758
393 417 -11.717336985
393 422 -11.1892335822
393 693 -11.5854408297
393 735 -8.20302560655
393 571 -9.79108167527
393 480 -13.8171526846
393 609 -10.040890098
393 835 -13.1666054011
393 711 -13.9454298498
393 440 -9.59641459965
393 675 -14.7796697916
393 850 -11.3381257886
393 859 -10.935401153
393 699 -10.7832909765
393 479 -11.5781686192
393 739 -12.561607762
393 764 -9.07815725882
393 584 -14.6399869285
393 469 -13.9770288678
393 750 -11.2139800798
393 776 -9.48764981741
393 489 -12.2622325282
393 499 -8.79421630844
393 598 -11.0039742589
394 568 -7.87313022903
394 570 -9.13909035176
394 578 -12.0061274385
394 591 -8.64662295327
394 603 -8.85119619969
394 604 -16.0961348371
394 634 -9.87712016637
394 638 -9.16385700873
394 639 -12.5318588082
394 669 -8.31900149644
394 682 -14.7239408086
394 683 -10.039925362
394 684 -8.29740187257
394 698 -9.02490149571
394 699 -11.2893790066
394 704 -14.9361643736
394 733 -11.48872725
394 738 -13.0898200785
394 742 -13.5504279776
394 750 -10.2499319004
394 760 -11.8450292229
394 768 -16.1696851887
394 789 -15.0036067711
394 791 -9.81706943622
394 792 -15.0526304845
394 802 -12.1966693708
394 807 -11.2073996761
394 814 -13.3832321859
394 815 -13.6776140916
394 828 -6.04931084445
394 836 -13.5572557751
394 843 -11.1624865988
394 854 -9.0352142989
394 860 -10.7278387387
394 865 -10.4189554946
394 867 -15.9953132176
394 876 -11.0790874867
394 878 -11.4199506032
394 831 -15.7759308435
394 395 -12.9305490654
394 412 -6.53511394475
394 431 -11.6649534439
394 670 -9.87648940563
394 455 -11.5325538079
394 477 -15.7152024528
394 479 -13.4071521828
394 480 -11.9546342345
394 485 -11.1428420463
394 499 -8.54293996285
395 645 -11.9078690813
395 774 -14.1806967107
395 781 -10.561572534
395 683 -11.3350516629
395 653 -11.7289037804
395 784 -11.1167942547
395 786 -10.3298623096
395 751 -13.0181586076
395 410 -16.8384950289
395 555 -10.1947511658
395 744 -14.6548813437
395 817 -9.6827955973
395 778 -16.1149995359
395 445 -14.0633631684
395 843 -9.5193730828
395 832 -10.3218602077
395 706 -10.1130589888
395 835 -9.5458810954
395 823 -7.9818819744
395 418 -14.281170131
395 585 -14.566131668
395 719 -15.6251894826
395 761 -7.72995056772
395 468 -14.1632512545
395 869 -12.2366161005
395 609 -9.65565275792
395 866 -12.9998665905
395 485 -9.44517278613
395 614 -12.3729425997
395 620 -13.1895144833
395 636 -14.052364821
396 777 -12.544879224
396 781 -14.8735539106
396 398 -12.0710223098
396 430 -13.1455120761
396 787 -9.51609864948
396 662 -13.3415079891
396 791 -6.33461174384
396 411 -9.09218524849
396 797 -14.2358250703
396 416 -10.8495836092
396 417 -7.18275426851
396 547 -13.030268899
396 691 -12.8140508665
396 451 -8.40031334619
396 503 -12.282063708
396 802 -2.74046846078
396 589 -11.3640806865
396 734 -5.00052501667
396 863 -10.4232833524
396 495 -16.1877161827
396 625 -11.6454015578
396 489 -8.48557477629
396 766 -15.7639452346
397 514 -8.61574089679
397 872 -16.6087847385
397 525 -12.5025477943
397 615 -11.1717506568
397 431 -14.5622360791
397 791 -7.54824625164
397 752 -13.5722556013
397 744 -9.16218567661
397 417 -11.0664011136
397 434 -11.0616043167
397 714 -9.75034176465
397 430 -15.9264403839
397 432 -9.4891580327
397 564 -10.0708064819
397 607 -12.4103820223
397 693 -12.7232624001
397 557 -7.08358147549
397 833 -11.1271176933
397 830 -9.93288963025
397 453 -15.0287434399
397 710 -14.9029875288
397 813 -12.757689822
397 650 -14.1082208631
397 588 -12.0459336109
397 718 -10.6201398418
397 850 -11.7519521558
397 597 -10.7711972386
397 600 -15.8308289962
397 732 -13.412232631
397 479 -7.60687129303
397 480 -12.5502879498
397 605 -12.339447403
397 612 -12.0723885972
397 487 -6.70551833364
397 488 -4.59890264714
397 490 -8.24305605024
397 747 -13.1095166468
397 552 -9.88985633434
397 493 -9.31633089499
397 446 -9.78911968816
397 497 -10.3557232431
397 882 -13.2118528428
397 628 -9.99653813044
397 554 -11.6208419829
397 636 -12.284014999
397 639 -10.3767553879
397 790 -10.0942724287
398 815 -12.0662195091
398 774 -7.51657326126
398 519 -4.97305957842
398 522 -11.5740870862
398 655 -10.7415856983
398 665 -9.637424541
398 687 -13.0606115738
398 535 -11.2733011532
398 409 -13.4581244722
398 666 -15.4275022935
398 539 -10.2315413347
398 688 -14.3754047153
398 541 -14.3218970503
398 416 -13.0031161582
398 417 -12.126416846
398 546 -13.8720885605
398 677 -16.8931194386
398 754 -12.8079156021
398 432 -13.0975029642
398 691 -13.5103517535
398 694 -14.2050531795
398 833 -11.0776828168
398 865 -13.911714092
398 524 -10.9513906328
398 453 -14.7103625822
398 839 -11.801072478
398 713 -10.6337019144
398 842 -15.3195129408
398 720 -13.1630061786
398 733 -15.1954161009
398 609 -14.2055387026
398 483 -15.1746015227
398 484 -10.6714335185
398 617 -8.07659770275
398 618 -12.407280567
398 748 -7.79364861
398 622 -16.759578969
398 877 -12.2123268181
398 627 -15.7172395454
398 660 -10.4173642549
398 512 -15.1154801737
399 542 -15.9481794586
399 545 -10.9130917137
399 554 -8.6916535051
399 563 -9.85877090828
399 569 -10.9596441756
399 570 -12.3533463503
399 577 -14.5404393962
399 578 -15.1215950689
399 588 -12.881983885
399 597 -13.8840436517
399 598 -12.1340383748
399 601 -9.02812694383
399 608 -11.7511108953
399 610 -9.40808970339
399 614 -18.3787828735
399 619 -13.2547512531
399 621 -13.1042371659
399 625 -12.0347477934
399 642 -10.2086057064
399 650 -12.1384769499
399 652 -9.51414413175
399 654 -13.7532054057
399 656 -14.7899376294
399 660 -11.9717494991
399 680 -11.2653381022
399 876 -15.6643205494
399 690 -13.94321571
399 692 -13.9295043123
399 699 -11.9338067471
399 707 -9.82455498129
399 722 -10.8007475269
399 723 -10.5541153924
399 738 -14.6597153683
399 751 -8.05882796749
399 761 -11.6732713249
399 814 -10.1733155794
399 792 -12.9602696798
399 794 -10.1038714468
399 820 -13.7680775244
399 824 -15.5363137539
399 829 -9.07974206804
399 841 -11.891994039
399 843 -18.7202411193
399 882 -14.1788402972
399 884 -10.6337709998
399 665 -10.5811637037
399 409 -9.9983698359
399 417 -15.6072564504
399 420 -12.2555527818
399 434 -8.15960540461
399 454 -14.5895876448
399 482 -10.6324578791
399 491 -12.9448150109
399 496 -11.4300426345
399 512 -12.6292344586
400 774 -9.82950660313
400 648 -10.9944763532
400 436 -13.0346627616
400 787 -11.179479863
400 837 -6.76797547543
400 856 -12.3291137636
400 541 -13.6674381734
400 801 -7.40692462981
400 418 -16.1196145485
400 423 -10.0409128207
400 681 -14.5721260862
400 555 -18.8176249649
400 556 -8.9159075977
400 560 -12.8170642167
400 434 -12.5323130737
400 437 -13.0196918635
400 569 -9.96240274956
400 672 -12.2922095243
400 829 -11.9526238144
400 524 -12.0702418907
400 453 -16.2329097877
400 716 -13.1928551249
400 464 -12.6314550768
400 467 -6.84738938478
400 725 -8.25710192963
400 470 -10.4710082587
400 601 -13.2195770414
400 602 -10.6668217429
400 720 -8.42975884886
400 737 -13.1012560958
400 622 -15.2173983388
400 580 -11.0008489217
400 404 -12.2572478862
400 598 -14.3323514024
401 772 -6.88175913635
401 861 -12.9335622568
401 651 -11.2547627285
401 777 -10.6892993022
401 784 -14.0935184798
401 788 -10.9753682866
401 884 -14.3638593345
401 413 -16.3960336806
401 604 -9.65944733448
401 550 -16.9747337131
401 423 -14.0145745024
401 666 -6.85697477036
401 555 -10.5855596874
401 430 -10.8339771894
401 431 -10.9241410966
401 689 -10.2259046926
401 434 -14.5633665544
401 576 -9.94754224579
401 838 -11.7908345193
401 587 -10.9931956445
401 421 -12.1274893618
401 462 -9.95760702225
401 464 -8.19383606103
401 721 -13.2879855263
401 599 -11.8399691205
401 856 -14.2943245893
401 475 -12.3684449406
401 476 -13.9428598815
401 606 -15.8774614484
401 735 -12.2946065791
401 608 -13.2813630247
401 609 -8.91701944826
401 868 -8.23282746916
401 742 -11.706837109
401 466 -13.9836145173
401 498 -11.2288347421
401 761 -12.8480823215
401 634 -11.2807787319
401 704 -6.55741241416
401 843 -9.10719471556
401 767 -14.0506229636
402 643 -9.13361141867
402 655 -13.2787923277
402 785 -11.9541298416
402 409 -12.1940328417
402 797 -12.5549507402
402 542 -10.090770483
402 416 -11.2447666829
402 546 -9.10063088776
402 808 -11.1598824801
402 605 -15.8905003625
402 430 -10.3264482374
402 432 -7.60496965556
402 457 -11.5606019879
402 565 -13.2271857817
402 650 -14.1915477834
402 570 -11.2547605599
402 828 -8.98680493031
402 557 -7.22230040582
402 621 -8.55494104838
402 451 -10.5572047941
402 836 -9.8818703253
402 631 -10.7755890696
402 881 -12.4139145925
402 781 -12.4813003247
402 504 -9.29669111584
402 461 -6.32682649361
402 722 -12.028995188
402 603 -8.75219602655
402 732 -9.70268584414
402 477 -11.0225131898
402 482 -15.4408953746
402 870 -12.8305053297
402 877 -11.9855187341
402 753 -9.99805526416
402 745 -15.0071154182
402 627 -12.6542566169
402 763 -12.5549157244
403 872 -14.7094758262
403 556 -8.23142900524
403 602 -17.6470980012
403 521 -13.8107255047
403 730 -10.8537237148
403 664 -11.5818001455
403 781 -15.778574859
403 785 -10.6880450159
403 772 -9.33756048973
403 790 -11.0579212788
403 623 -14.1391574965
403 408 -14.2104858885
403 665 -12.0229505463
403 820 -9.94477177151
403 539 -13.760460163
403 796 -12.6631496607
403 454 -15.0179644316
403 428 -7.3008369747
403 563 -12.3784841473
403 435 -14.5790973349
403 564 -10.8185398448
403 439 -15.0311826815
403 569 -14.4240693386
403 826 -11.8194843131
403 429 -13.6684752935
403 779 -13.0145263786
403 579 -13.8068895396
403 824 -8.29048393462
403 463 -10.8372504626
403 596 -7.86494299946
403 691 -12.622408501
403 605 -7.57450650839
403 482 -9.0963960099
403 618 -14.6313593081
403 503 -11.8792951079
403 746 -12.804230705
403 624 -11.3838499439
403 546 -11.8072632185
403 757 -13.6224931788
403 502 -7.6377597083
403 505 -13.1713566603
403 763 -13.902832589
403 802 -9.34474193409
404 748 -12.7264643542
404 781 -10.1672592263
404 526 -16.6894632409
404 804 -12.0191615678
404 820 -7.30107938464
404 539 -16.4045989985
404 476 -12.2052879062
404 422 -3.41927279356
404 714 -15.6508763957
404 429 -14.5673179248
404 564 -14.7979701773
404 822 -11.6861271586
404 825 -9.17095696148
404 625 -11.3487804665
404 827 -10.949265739
404 864 -13.7714070768
404 567 -10.877081416
404 418 -11.7827264756
404 654 -8.75966072278
404 847 -7.23473285451
404 743 -13.2090447958
404 656 -12.228468959
404 737 -11.3188121858
404 738 -10.4527002576
404 786 -8.91884353002
404 618 -12.716753508
404 628 -14.4701835724
404 759 -7.77633918354
404 768 -5.55135361916
404 784 -15.0782350256
404 639 -11.2172512295
404 640 -8.67875543069
405 521 -10.7570510594
405 783 -9.19687331438
405 656 -14.7412119615
405 789 -11.1103605661
405 730 -13.4334543979
405 827 -10.9017367234
405 672 -11.3599570445
405 805 -15.2354450095
405 679 -11.4749395998
405 425 -14.959445433
405 427 -11.6978656989
405 428 -11.0985881998
405 818 -11.638169041
405 436 -13.5624666398
405 826 -9.8125664285
405 502 -15.8988810037
405 709 -12.308728325
405 455 -10.3774166086
405 712 -12.7802067601
405 589 -13.8452947547
405 504 -14.6835853179
405 851 -14.923362256
405 598 -16.3638984294
405 844 -13.1440663307
405 491 -12.9441916915
405 552 -8.69770855173
405 749 -9.02387333803
405 624 -9.09921682867
405 776 -9.87356843523
405 837 -14.4040528878
405 760 -13.9216681313
406 519 -11.1261776781
406 648 -11.9936237725
406 522 -10.8563701419
406 523 -15.3039590684
406 525 -11.9561629356
406 841 -13.6593660015
406 409 -8.14800990332
406 543 -11.4242980279
406 801 -12.2810106934
406 550 -11.4549029093
406 680 -16.3064024173
406 713 -9.47104855367
406 659 -17.8383325906
406 443 -12.1407957068
406 800 -10.2505680274
406 695 -11.2066822179
406 711 -11.8447104466
406 712 -8.1237006498
406 617 -14.3801347927
406 717 -15.7515354733
406 867 -9.58301008754
406 463 -12.1008106082
406 721 -17.3111391189
406 596 -12.2618290462
406 470 -12.9586063587
406 729 -13.8418977267
406 864 -10.7764432449
406 737 -10.4791510065
406 849 -11.1632551767
406 848 -13.7250003502
406 871 -9.3509419056
406 492 -8.60811840123
406 493 -12.3595790543
406 425 -12.9979852324
406 627 -13.4174765479
406 639 -9.08220635487
407 642 -7.31024896175
407 645 -13.1267598638
407 649 -10.7223203575
407 655 -10.8154297684
407 528 -9.95866664641
407 694 -13.1133226764
407 560 -6.25043314618
407 415 -14.3652074973
407 646 -8.74684763565
407 476 -9.45958493338
407 424 -9.88902674892
407 471 -10.38964289
407 811 -10.4057470087
407 855 -13.8183787653
407 671 -8.73069191739
407 572 -10.6700481109
407 448 -13.8717024111
407 707 -9.64495343516
407 675 -9.94126609367
407 455 -8.48824440626
407 588 -6.42975249035
407 847 -11.6271897546
407 590 -8.45894241477
407 721 -15.0413640879
407 728 -9.1642223789
407 603 -12.1260986216
407 882 -12.1378280051
407 750 -9.92172544478
407 796 -16.2576992434
407 749 -10.815300742
407 622 -8.76387997133
407 881 -15.4698087811
407 754 -12.3516265211
407 640 -13.2209404355
408 645 -12.2740453549
408 651 -12.9030408808
408 528 -10.8684887132
408 537 -17.9087896691
408 794 -14.0392730252
408 667 -15.2614718725
408 549 -12.5922592596
408 678 -9.91365898586
408 551 -8.8471504276
408 553 -12.6240565263
408 429 -13.303410179
408 691 -12.9157524705
408 821 -10.4196560855
408 566 -15.2768790992
408 702 -6.95464005806
408 576 -10.4378835149
408 673 -13.79746619
408 866 -11.7652448823
408 587 -11.5993433366
408 599 -11.1715984513
408 730 -13.698555558
408 830 -13.9051397177
408 464 -15.9441692791
408 610 -7.83487592976
408 740 -10.7258682544
408 870 -7.56906529013
408 492 -9.67038547173
408 621 -12.080512491
408 793 -12.174842285
408 626 -8.64499758901
408 635 -17.1913108901
408 768 -13.334597987
409 727 -10.8873193251
409 585 -16.3033157558
409 780 -12.6199831245
409 787 -7.72246538462
409 532 -10.3926109293
409 673 -15.3071311491
409 561 -12.4287949364
409 678 -12.8236492407
409 558 -14.3994273888
409 820 -12.1419488881
409 607 -12.620067828
409 759 -5.64264434956
409 824 -9.31282034233
409 697 -10.2975074673
409 826 -6.71537053481
409 827 -5.18685867178
409 482 -8.98355410674
409 823 -12.531353833
409 580 -13.4236871159
409 709 -11.3348960277
409 457 -13.0507387173
409 714 -12.8745969521
409 451 -15.4525536932
409 626 -12.2642876292
409 604 -10.452848303
409 605 -12.7359878898
409 485 -10.4187897431
409 870 -12.9484004781
409 487 -13.6020825933
409 637 -13.0687115293
409 491 -12.4072469565
409 750 -15.5511166768
409 880 -12.7367764217
409 631 -14.2256629994
409 506 -11.8825622237
409 508 -15.8183867129
409 537 -11.4498227055
409 555 -15.0222133515
410 771 -12.9509092643
410 650 -12.9859648645
410 794 -13.9315334466
410 537 -11.5247623848
410 797 -15.2782887519
410 415 -8.97853966077
410 418 -5.31575788107
410 547 -11.0918887746
410 555 -13.3696073717
410 428 -7.86173407849
410 813 -15.1748549929
410 814 -14.5979820866
410 743 -14.5730965542
410 821 -16.7432547424
410 566 -9.1914521993
410 440 -12.872684618
410 571 -6.25356344106
410 672 -12.4595029268
410 851 -15.2527261999
410 694 -9.2544792424
410 709 -5.96269101785
410 842 -11.2002491341
410 844 -5.41229551854
410 850 -15.432280165
410 479 -15.5726603143
410 828 -12.9521701655
410 869 -10.9048250214
410 742 -13.4262024963
410 601 -10.8955658852
410 744 -12.8518710335
410 494 -14.8837389756
410 752 -12.1932042522
410 840 -10.2743676177
410 762 -13.5981811746
411 772 -8.46838333521
411 700 -9.63382573795
411 519 -15.1294338418
411 648 -14.8849536174
411 828 -14.0179883269
411 656 -6.39590187042
411 661 -13.3368014007
411 854 -12.8868779416
411 799 -8.53211866412
411 806 -17.1881418774
411 551 -13.0300652103
411 689 -9.56477074075
411 687 -9.31825905663
411 821 -15.6491817243
411 447 -8.8609293439
411 833 -13.1657103506
411 579 -15.3777543261
411 674 -12.9426890961
411 726 -9.30794465209
411 590 -13.9539819979
411 591 -8.50708977062
411 782 -12.064740445
411 597 -10.6914897823
411 470 -13.6385464687
411 707 -14.6346189724
411 869 -11.5283181788
411 688 -12.1554301036
411 612 -12.8143206212
411 621 -11.5573887732
411 531 -11.1667733634
411 753 -9.6953261899
411 761 -14.8753536581
411 512 -10.3565878236
412 643 -11.6742650746
412 644 -14.5699825202
412 783 -12.6872688423
412 789 -13.9202984396
412 817 -14.5081552844
412 455 -12.0488476752
412 808 -10.9127296476
412 827 -14.6203493947
412 702 -14.2843775431
412 838 -10.6886529592
412 720 -6.83511972308
412 721 -12.395788171
412 722 -12.043297017
412 603 -13.6415435583
412 864 -10.8034388654
412 871 -11.2907372222
412 743 -13.4910497035
412 746 -16.3358694808
412 622 -11.9544587771
412 882 -9.21092151583
412 627 -8.29774195889
412 630 -10.8389253205
412 810 -14.7950422913
412 639 -13.1718886499
412 768 -15.3320740768
413 645 -14.5074202121
413 520 -8.83445325492
413 750 -15.0895539692
413 867 -11.2514600125
413 799 -11.4247593719
413 620 -14.9388660674
413 550 -13.4070824057
413 679 -6.77471112689
413 498 -9.37161298463
413 809 -4.95580777952
413 778 -9.36419455881
413 558 -9.48568041599
413 747 -13.1469442725
413 467 -14.0715310977
413 562 -11.0285515869
413 564 -11.6140480976
413 567 -11.6350768616
413 570 -15.3202701171
413 446 -11.6188727196
413 576 -14.7972017491
413 836 -14.4942057449
413 711 -9.57512440496
413 456 -10.8966060839
413 457 -11.6741040241
413 839 -13.4442348284
413 483 -13.3864210963
413 720 -6.64202191284
413 594 -13.0345964993
413 852 -6.35909166448
413 598 -9.66496632177
413 856 -9.29512011464
413 602 -6.55831338438
413 475 -10.0590417983
413 754 -12.3067621295
413 828 -12.0925021724
413 617 -15.7764510241
413 500 -15.621199061
413 629 -15.0857939135
413 760 -8.17200548864
413 636 -11.2424161912
413 638 -14.358790209
413 511 -9.26695028011
413 866 -10.1440944879
414 641 -9.94697707254
414 779 -6.99112194429
414 526 -10.4223613891
414 857 -12.0760378385
414 532 -14.5413875815
414 736 -13.888898818
414 538 -13.3106196448
414 475 -7.33712462213
414 672 -10.1888766735
414 735 -14.5604996847
414 677 -7.73318758195
414 678 -10.3431776229
414 679 -9.25471463501
414 424 -15.5852876263
414 815 -14.2573643212
414 467 -11.0707497789
414 628 -7.89430247211
414 607 -13.2985335787
414 480 -16.3856891811
414 440 -16.1870467591
414 447 -14.6626681948
414 451 -13.3920342527
414 844 -15.6427398846
414 710 -11.5807429862
414 674 -9.21803763943
414 590 -10.5547652189
414 721 -13.2331708764
414 724 -11.0139736763
414 602 -14.0744710873
414 866 -16.0376842458
414 487 -9.50171013199
414 880 -12.9712912953
414 500 -9.44651118121
414 757 -14.2381464341
414 634 -13.5078264786
414 508 -12.7485847925
414 662 -8.64926786155
415 516 -10.6250976334
415 538 -13.2613352147
415 518 -12.6954690908
415 877 -6.0644625239
415 536 -10.4609375448
415 656 -13.3364175309
415 662 -10.3875163152
415 667 -13.4715436062
415 646 -11.7867438239
415 420 -15.4286029415
415 810 -11.9729687724
415 773 -8.77506349576
415 689 -10.671970348
415 504 -18.3199190264
415 458 -10.3267906829
415 825 -13.2589926867
415 827 -12.3860812253
415 444 -12.562108251
415 445 -13.2234564756
415 830 -11.3506794097
415 576 -11.0072032359
415 707 -13.5318030123
415 711 -16.181059639
415 584 -12.2776971634
415 585 -12.170312768
415 587 -11.5073415354
415 856 -12.8716050256
415 608 -12.2256304751
415 485 -5.86088221481
415 614 -10.0553484641
415 615 -10.2373493361
415 850 -7.90908264413
415 752 -15.1975240098
415 529 -10.5466101139
415 505 -7.93593367353
415 664 -13.986101852
415 768 -15.854670281
416 832 -12.6074464451
416 527 -13.0823702394
416 787 -13.2736444367
416 530 -7.49452956696
416 687 -5.96614749775
416 792 -7.9248095075
416 540 -15.8167465998
416 850 -10.1351357103
416 582 -11.846102951
416 833 -13.349783599
416 546 -7.21099363343
416 714 -14.2666766304
416 431 -12.7309958431
416 568 -14.0403228095
416 575 -11.92261237
416 706 -14.8276708319
416 454 -6.04822273721
416 763 -14.6573705711
416 458 -10.8529049823
416 716 -12.8822168371
416 845 -10.3108323189
416 782 -8.82146791354
416 851 -14.550375214
416 847 -12.1658672495
416 719 -10.3248839495
416 603 -11.8592823131
416 734 -7.30133055558
416 609 -14.4658793573
416 869 -10.3226895887
416 573 -9.68515925359
416 878 -14.5200602511
416 623 -13.0669801966
416 627 -11.9842905378
416 631 -14.8300600034
416 504 -9.07285992615
417 643 -9.60803315631
417 647 -11.567838482
417 662 -9.29031549693
417 658 -8.5013810591
417 516 -10.9290124138
417 534 -5.66918333822
417 854 -11.6317899564
417 537 -15.0084288231
417 666 -16.6324598466
417 586 -14.9778735835
417 690 -10.0162858822
417 434 -9.69294278339
417 564 -14.0868403613
417 821 -12.0123001946
417 543 -12.226390203
417 458 -12.5119780932
417 697 -7.63355367885
417 573 -12.9942130717
417 846 -13.093477802
417 454 -6.54101510273
417 455 -8.35701713961
417 866 -13.7995372838
417 585 -12.4304238762
417 483 -12.7493900665
417 719 -12.6667405962
417 526 -14.3731378145
417 465 -7.3003175922
417 852 -7.27366892914
417 771 -11.1144257324
417 616 -10.1527338816
417 741 -13.2614707447
417 731 -12.846104101
417 476 -14.095025758
417 818 -12.7826857487
417 844 -12.4070622844
417 482 -6.85673090546
417 871 -13.0795560461
417 567 -14.3226898035
417 494 -9.96182194584
417 788 -9.79801582019
417 789 -11.5420743751
418 515 -6.37627968844
418 428 -12.3759761395
418 878 -12.3192176273
418 845 -12.440113275
418 771 -12.6635607257
418 530 -15.8354078432
418 687 -10.4507578736
418 793 -13.3892161177
418 540 -12.3103406873
418 673 -11.1398969124
418 553 -14.8906460573
418 427 -9.74111096795
418 431 -12.5497549898
418 586 -13.1172853284
418 698 -16.8217032267
418 699 -10.9081324563
418 445 -11.5694781253
418 430 -12.6077507513
418 719 -12.0538735363
418 451 -17.0291603031
418 836 -9.68470238586
418 588 -10.7672470696
418 717 -12.2108279264
418 547 -5.78359700036
418 721 -12.0385408074
418 852 -12.8597369164
418 598 -13.017885734
418 599 -11.9677321745
418 528 -13.2982058379
418 635 -11.2933916759
418 790 -10.7652843959
418 744 -11.8820779628
418 492 -9.94554373477
418 750 -15.6363243534
418 857 -11.4379826172
418 629 -16.3820858523
418 831 -14.3343264056
418 504 -9.72218496375
418 636 -11.7400683727
418 510 -12.8876027513
418 768 -15.0779829666
419 772 -12.5879475723
419 647 -16.1673371783
419 780 -10.0855564646
419 783 -11.2993632981
419 656 -16.0059329502
419 532 -11.4727647655
419 794 -10.8199197369
419 709 -13.8920173135
419 545 -14.1000039031
419 624 -16.2138268231
419 842 -16.2071431798
419 713 -11.8024858085
419 821 -8.93193155322
419 696 -9.99704511848
419 836 -13.5214428427
419 453 -7.98543530149
419 738 -16.3133608954
419 850 -9.10719333218
419 724 -8.07423072635
419 471 -9.62566878193
419 474 -9.63466314321
419 731 -9.23501749442
419 733 -10.7486979438
419 863 -12.4540900434
419 482 -12.4192971996
419 869 -8.56284648403
419 814 -11.5773665568
419 882 -13.1484427919
419 852 -11.485510166
419 618 -11.7576911115
419 755 -14.7153959299
419 507 -8.76355601297
419 574 -14.8166621714
419 637 -9.68797602167
419 525 -8.19751872309
419 866 -17.3191985308
420 705 -6.3371997243
420 774 -12.9012239197
420 523 -14.431200952
420 524 -9.10345042706
420 782 -11.0122765358
420 790 -7.2588098197
420 535 -17.3685649867
420 665 -11.2388749582
420 805 -11.6256505837
420 455 -11.6861675518
420 814 -11.7784330188
420 688 -14.1155979588
420 435 -12.1775197195
420 628 -13.3892803808
420 823 -11.6950790932
420 458 -9.69853027702
420 572 -14.5145095353
420 702 -12.6920236682
420 583 -10.6737814006
420 602 -12.226807609
420 476 -11.3529536658
420 480 -13.6449533428
420 481 -12.1491440585
420 742 -9.02050101906
420 850 -12.6217224755
420 873 -10.8912533567
420 490 -14.2951962579
420 748 -14.352857519
420 621 -16.354748551
420 494 -12.7836227247
420 496 -9.27900614822
420 501 -5.7849068417
420 763 -10.74947277
421 878 -12.1885940818
421 667 -10.7386944079
421 774 -10.3376008603
421 550 -14.290812679
421 689 -13.9793066483
421 438 -8.93976843414
421 568 -15.3428044182
421 447 -9.912360363
421 450 -14.6771373889
421 708 -11.7124231912
421 569 -9.71078849611
421 582 -12.6484691887
421 839 -15.4354661494
421 451 -14.8354837793
421 441 -14.953149018
421 758 -13.0746378095
421 828 -12.4080318858
421 486 -12.2384662595
421 466 -12.7911259013
421 494 -12.9789221933
421 506 -11.199432158
421 765 -16.2347400588
421 768 -10.1411140082
422 513 -11.4476331754
422 653 -8.70321155715
422 428 -9.21339091401
422 661 -9.45962326918
422 790 -12.4932793264
422 792 -8.22874383007
422 722 -11.6410420171
422 427 -12.2019570185
422 857 -11.9232856859
422 884 -12.4768387384
422 699 -14.2880448638
422 651 -13.4996449532
422 834 -10.7419735032
422 844 -9.87672484644
422 711 -12.3481730529
422 460 -9.14090985886
422 463 -13.22617123
422 595 -14.9034005438
422 473 -14.0043568213
422 805 -13.2751323634
422 784 -9.61154772032
422 827 -8.56679216837
422 737 -14.3775654558
422 785 -10.3526572259
422 729 -9.29822622262
422 623 -12.8478913729
422 624 -11.6528256643
422 628 -10.8108441267
422 576 -13.421904077
423 748 -10.0566311594
423 645 -10.1710628194
423 515 -11.4368560244
423 836 -14.9270763013
423 665 -10.6336638367
423 666 -14.2389664042
423 797 -12.3520464873
423 672 -5.64447798275
423 545 -10.8807450375
423 816 -12.2517060371
423 732 -13.7302894854
423 805 -14.4861280658
423 682 -7.3038667476
423 555 -13.0902970162
423 542 -10.1153977062
423 435 -13.2400278462
423 824 -15.063800478
423 701 -8.06625512766
423 579 -11.9114914102
423 454 -13.3424137003
423 617 -11.7884725022
423 715 -8.10224812838
423 844 -11.4467864952
423 664 -16.3259247307
423 718 -13.1122211687
423 720 -13.2010352274
423 694 -14.3320281476
423 506 -12.5344486783
423 604 -9.74778440437
423 867 -12.400594455
423 741 -14.0833915403
423 486 -13.9581122669
423 744 -6.56401275441
423 489 -8.96477423485
423 766 -12.7907151479
423 498 -9.20981749058
423 860 -7.38901069371
423 629 -16.3001739882
423 761 -11.4965630414
423 638 -7.14705338717
424 773 -14.991132659
424 525 -12.4334584366
424 534 -7.56383282062
424 794 -10.9164495728
424 709 -16.6938928794
424 795 -13.0098661908
424 804 -13.6893937885
424 569 -6.46889155529
424 683 -6.16976988
424 684 -9.25121484768
424 432 -11.1420979259
424 562 -12.2154309601
424 884 -9.82641879144
424 565 -13.9748213066
424 480 -10.7706129606
424 440 -11.7843176747
424 544 -12.1839067334
424 864 -12.1933904017
424 583 -10.3147579449
424 696 -15.4881361512
424 718 -9.85367861438
424 475 -11.0057266399
424 734 -14.0753366541
424 737 -13.4777213006
424 626 -11.5723958258
424 447 -13.0230187417
424 512 -12.3647578684
425 651 -10.2501369466
425 777 -11.4730865846
425 656 -13.0009148009
425 564 -13.6680964351
425 462 -5.8939721857
425 671 -12.6918362453
425 433 -13.8690799374
425 548 -15.278193966
425 765 -13.9641673455
425 818 -12.4033533797
425 811 -15.0970118578
425 649 -9.29633456889
425 863 -11.504028489
425 700 -12.280904696
425 609 -14.704345123
425 451 -13.8647060379
425 454 -9.74525494572
425 850 -12.7194620898
425 579 -8.21514925828
425 698 -8.71976349006
425 707 -14.4288916278
425 475 -12.8976965287
425 763 -15.5704636787
425 739 -15.5712845162
425 871 -16.8043644217
425 520 -12.3617217092
425 692 -9.28703558528
425 435 -15.1671843769
425 881 -13.2036514844
425 882 -13.0046450705
425 500 -13.0769263684
425 509 -15.9667209718
425 639 -4.57413498921
426 653 -8.40425113093
426 527 -13.2993626712
426 740 -12.6510780968
426 793 -8.6678595189
426 822 -12.3914783496
426 547 -12.5154745148
426 804 -11.1172016358
426 550 -15.2773949682
426 681 -13.6348326852
426 685 -14.6525818051
426 431 -14.9530186873
426 563 -11.4511788532
426 566 -13.5179443011
426 574 -13.8447266755
426 704 -10.046427647
426 749 -12.4847572912
426 454 -14.6514387972
426 674 -14.6031397357
426 713 -8.47366566541
426 715 -13.4610033184
426 726 -10.770839275
426 856 -10.1648896842
426 549 -10.7520745498
426 603 -14.9390127298
426 827 -11.7873531715
426 609 -11.3265140595
426 615 -9.71768272389
426 488 -10.2948123143
426 710 -10.6842115526
426 866 -3.75517594211
426 881 -10.7415841711
426 754 -13.8037544822
426 627 -14.1542467412
426 629 -12.5528739532
426 758 -15.2370112441
426 657 -8.80530183141
427 514 -8.9014842449
427 842 -11.4702188377
427 619 -13.4889220678
427 493 -13.6810657877
427 745 -8.26771428387
427 873 -11.1756233836
427 858 -12.626836355
427 542 -10.6192164838
427 646 -16.5147804703
427 525 -9.23406469627
427 677 -14.3214188112
427 605 -15.3935420899
427 812 -12.6479882043
427 813 -15.8429805523
427 558 -15.2508001832
427 687 -13.8269590465
427 691 -15.1824949911
427 626 -10.8287445805
427 567 -15.7607984408
427 440 -14.397095741
427 693 -13.5023060628
427 572 -14.2226696013
427 705 -12.7055503768
427 582 -13.6926864778
427 585 -14.7589543119
427 461 -10.4421981483
427 462 -14.2858389403
427 594 -12.4476322874
427 723 -14.2110946161
427 469 -10.7680814624
427 600 -12.7261271769
427 601 -13.0440587236
427 762 -5.67981580501
427 871 -12.3761546946
427 488 -8.63290402876
427 710 -11.7296732446
427 698 -11.6809657022
427 758 -13.6602412631
427 633 -15.5178953999
427 597 -10.9673570283
427 511 -10.8119483562
428 776 -13.7784014434
428 650 -13.989802832
428 780 -12.7249586151
428 781 -10.0366359453
428 528 -16.3455871967
428 815 -11.4118008024
428 856 -15.9013448721
428 543 -13.8560673192
428 800 -11.3902637997
428 801 -11.3684969369
428 547 -9.29674547884
428 552 -10.6319476605
428 811 -5.97593611417
428 670 -9.73311728016
428 479 -10.8917695893
428 825 -9.28314656763
428 579 -10.8166995777
428 454 -14.6901737802
428 504 -13.1407284981
428 465 -14.9807314978
428 855 -8.33720685898
428 600 -14.5052387094
428 473 -6.21334181721
428 604 -14.4069341127
428 733 -11.0412122485
428 862 -15.169918463
428 609 -14.9021354129
428 848 -10.3832985217
428 740 -13.9902692835
428 741 -16.0869295042
428 871 -9.17989284586
428 615 -9.03726378807
428 873 -11.8772609095
428 765 -11.6146504106
428 876 -8.02839207222
428 874 -14.0629375774
428 754 -13.0486754532
428 596 -13.3709873363
429 849 -11.9725001918
429 656 -10.4051283182
429 519 -11.7880351378
429 764 -11.4774310198
429 777 -13.1338360566
429 664 -9.60103863282
429 630 -8.32952590527
429 661 -9.87917429511
429 793 -12.7133577794
429 722 -11.726319029
429 752 -11.4805901733
429 518 -9.48844449367
429 802 -8.61691842094
429 547 -16.1808083029
429 810 -12.6333786554
429 695 -10.6256372159
429 627 -12.095955058
429 431 -7.96061569222
429 690 -15.9213782321
429 444 -9.74605773159
429 593 -15.6269677039
429 502 -11.8730183086
429 454 -15.8066765354
429 711 -10.6649936719
429 842 -13.3984740216
429 462 -11.2377311576
429 660 -8.47751789984
429 528 -5.94344831287
429 737 -7.33645709149
429 529 -11.8800689041
429 611 -10.1342737248
429 740 -9.65661429675
429 814 -14.8586311096
429 594 -14.7897672075
429 552 -11.070581014
429 500 -12.5832391454
429 853 -13.2408295958
429 635 -12.1832796453
429 704 -12.6066427152
429 765 -9.9431207273
429 768 -10.8213611972
430 773 -11.9832610887
430 655 -12.6717287209
430 538 -8.95932779642
430 670 -15.4747216341
430 781 -13.9696419649
430 549 -15.7590691416
430 555 -17.4156621304
430 712 -11.5367522782
430 689 -8.66034878808
430 777 -12.244062798
430 830 -10.8474556979
430 864 -13.3366426435
430 836 -11.8117640182
430 439 -11.4194662213
430 440 -11.7715837068
430 590 -13.774645732
430 593 -7.45352016457
430 783 -10.7221406788
430 731 -10.6900144143
430 848 -15.9019130466
430 755 -11.6215416379
430 485 -8.56551826087
430 871 -9.56805732081
430 615 -7.80022222352
430 594 -14.97495391
430 747 -12.1906403264
430 749 -9.81081438199
430 595 -8.78077519862
430 495 -18.1799770888
430 757 -12.0574738775
430 525 -10.1543827422
430 866 -16.6521597599
431 642 -10.0624407813
431 855 -12.5235078374
431 536 -12.9180024981
431 783 -12.3022329389
431 473 -13.4034688062
431 879 -13.2588067231
431 718 -4.7749638006
431 549 -12.2821026419
431 776 -11.7637978405
431 435 -7.66160058753
431 433 -16.4017051954
431 564 -10.7295893497
431 439 -12.0548542125
431 447 -7.99119135328
431 453 -15.0317494649
431 546 -10.8037634651
431 588 -16.8200382792
431 596 -8.74534512684
431 691 -7.18167461279
431 792 -14.0982647247
431 728 -12.7646975956
431 730 -10.2613492247
431 870 -8.72260413533
431 465 -5.91756857171
431 615 -13.2385454966
431 852 -11.1079090674
431 752 -8.82014288278
431 753 -12.8560689999
431 682 -12.7908704317
431 505 -7.82990665225
432 641 -5.54459570756
432 514 -8.60704895401
432 522 -14.0782609722
432 523 -10.8922957123
432 784 -14.9670435192
432 785 -9.29566705958
432 466 -15.1755450536
432 789 -14.174898551
432 818 -14.2075671209
432 543 -14.2344067519
432 804 -14.7137156143
432 678 -16.6171791042
432 586 -10.8283501557
432 814 -17.4546090046
432 744 -15.6869632855
432 819 -12.4469631136
432 872 -14.1446801038
432 479 -10.3784828401
432 440 -14.5399597047
432 441 -10.3673557623
432 565 -12.7107471767
432 576 -13.9474103146
432 833 -10.4459695421
432 709 -8.38438013495
432 838 -10.6714095071
432 583 -13.6650138667
432 713 -7.88985556108
432 460 -12.2967367445
432 464 -11.1915129921
432 595 -10.0597389951
432 824 -9.30009474931
432 729 -11.1512662967
432 875 -14.2527330446
432 732 -10.7966151572
432 882 -9.83101800278
432 736 -11.5515704163
432 485 -14.7849829402
432 871 -16.6777359575
432 491 -15.0440505102
432 620 -13.5311360878
432 617 -14.5231299856
432 756 -14.5347118874
432 575 -12.9635253788
432 870 -11.6651477009
432 510 -9.81446093289
432 598 -10.6257686997
433 649 -11.7667088013
433 663 -13.3900149208
433 668 -11.9811807671
433 556 -5.97720311567
433 685 -13.9868152892
433 627 -15.8516308261
433 825 -15.2680756928
433 436 -9.07758037277
433 572 -9.30892864433
433 630 -14.4209594034
433 845 -6.82585101223
433 591 -10.1995903057
433 855 -13.246431519
433 481 -14.4064022147
433 739 -12.67676964
433 491 -10.9696988823
433 620 -14.1426087602
433 625 -15.568828098
433 498 -11.5678777619
433 499 -9.65247238339
433 746 -10.0082835822
433 789 -13.5699142723
433 619 -13.8964482614
434 517 -13.1997072771
434 535 -13.4079184412
434 775 -16.1144978807
434 854 -12.6417764133
434 522 -14.0435315969
434 536 -12.1594183045
434 796 -11.6243869309
434 797 -14.658441017
434 671 -14.0528505855
434 677 -12.8832311773
434 806 -11.4291210833
434 533 -15.5212422348
434 862 -10.5114254449
434 818 -8.93187052508
434 884 -12.2268680124
434 437 -14.6507203001
434 822 -8.46910452928
434 778 -12.8535743634
434 442 -15.9958002481
434 447 -12.719795418
434 716 -9.78170967972
434 592 -11.6533032083
434 723 -9.0412970827
434 469 -11.04590285
434 655 -14.039122308
434 727 -14.2060880055
434 634 -15.7425312433
434 729 -12.48955741
434 754 -14.2326253093
434 734 -11.4006485927
434 736 -14.4188745133
434 481 -14.0377369125
434 487 -11.8153120838
434 873 -7.75696838888
434 491 -8.15030747236
434 680 -13.7029037385
434 494 -10.0482399411
434 495 -12.9615839649
434 496 -12.9411122062
434 498 -9.96630953018
434 756 -16.9593293115
434 575 -13.2849240545
434 633 -12.3563048992
434 747 -11.833886718
434 640 -13.5801126662
435 663 -10.3893856097
435 518 -11.5781531803
435 515 -12.1418085003
435 785 -7.37657861744
435 601 -11.4836541881
435 580 -14.8988049794
435 815 -6.86312701393
435 796 -11.6645861204
435 744 -11.2409120013
435 544 -8.41366789975
435 801 -12.2589628845
435 547 -10.5569055055
435 555 -13.5819515375
435 594 -12.1062323277
435 791 -9.21116832839
435 692 -13.3304914484
435 757 -17.2767451469
435 696 -13.3802001265
435 827 -10.7356043555
435 574 -13.0031543015
435 706 -14.0230297295
435 615 -9.2930551413
435 866 -10.5233611378
435 590 -12.1315390902
435 548 -14.1586932196
435 726 -15.0525295997
435 805 -12.4714361835
435 771 -13.9452163474
435 614 -12.4389769152
435 487 -14.3220886643
435 621 -15.4714189494
435 754 -10.8777090988
435 629 -10.6381032543
435 636 -14.4688499594
436 769 -11.4596071887
436 521 -9.97042603308
436 877 -13.4505683996
436 651 -9.95388624504
436 643 -6.59148556485
436 783 -11.5623456748
436 663 -10.2302420065
436 756 -9.12676731007
436 560 -12.6243309449
436 518 -10.7331334085
436 801 -9.2234693883
436 806 -11.6777594641
436 552 -14.5766487138
436 605 -15.316771009
436 558 -13.5004627621
436 714 -11.7408904898
436 441 -5.30297940501
436 442 -7.44270325286
436 699 -9.31241469307
436 779 -11.8121389098
436 451 -15.4719696112
436 453 -11.188013145
436 824 -14.9510834583
436 825 -14.3574337843
436 707 -6.98365377117
436 859 -15.581396378
436 476 -13.0030508021
436 608 -11.3350549427
436 737 -12.7647860154
436 784 -11.3976899124
436 483 -12.690226649
436 491 -8.65210959283
436 748 -14.3717713371
436 622 -15.6967769885
436 563 -10.2500638613
436 733 -12.2222554414
436 789 -16.432908342
436 766 -12.5744430414
437 769 -12.3631669907
437 525 -11.0334271706
437 526 -15.6140061992
437 763 -15.3533620268
437 658 -14.3472059494
437 659 -11.8205805262
437 533 -6.02725635269
437 439 -12.1524630244
437 793 -10.3360264757
437 752 -8.31852118508
437 800 -8.59215830101
437 676 -11.8569315456
437 647 -16.1160110522
437 554 -11.0805424186
437 840 -13.6877258816
437 880 -12.0277471101
437 808 -11.0867345557
437 831 -7.43963588759
437 576 -12.9360276483
437 705 -12.2949000714
437 834 -8.78539515494
437 546 -13.7042240932
437 459 -12.5875904443
437 717 -14.0795735893
437 590 -5.66408608951
437 464 -16.5380766515
437 850 -11.9222753769
437 603 -13.5557463706
437 608 -14.3548186228
437 636 -13.3374454813
437 746 -10.0466115434
437 748 -14.7900344728
437 622 -12.2533957915
437 750 -12.2713805782
437 619 -12.8670987575
437 662 -13.5103640369
438 772 -11.6166834445
438 774 -17.049888764
438 521 -11.6344631542
438 524 -16.8455721468
438 663 -9.38649751526
438 462 -6.8784105839
438 541 -13.6458336463
438 542 -14.0885948068
438 880 -14.8312922117
438 555 -13.8003460887
438 456 -15.173001093
438 757 -14.2903864019
438 567 -10.4033068572
438 826 -12.5994955508
438 442 -8.7970335684
438 443 -11.7069413164
438 574 -10.5419910353
438 703 -11.1334734462
438 737 -14.0393126352
438 852 -14.9794787497
438 471 -14.4456468456
438 788 -7.62552172776
438 609 -7.93502679939
438 614 -12.2562803375
438 744 -8.80322685427
438 749 -9.68335415054
438 638 -10.3075138686
438 754 -10.2579442381
438 610 -11.1677525266
438 506 -5.85586585022
438 763 -13.2050823075
438 448 -16.0443206034
438 768 -14.7427026334
439 833 -11.0486903974
439 775 -14.3919122603
439 530 -12.1795193596
439 660 -13.0337239902
439 789 -14.3409441333
439 611 -10.9978987732
439 664 -8.88165402015
439 581 -12.2465665828
439 855 -11.7483566398
439 670 -8.47450809935
439 803 -13.7273645463
439 706 -10.7647579164
439 807 -8.64751756212
439 812 -10.3075960226
439 561 -13.3957988959
439 826 -12.5847293321
439 699 -9.96773133644
439 577 -11.7174747494
439 621 -8.6454184957
439 840 -15.1370602949
439 586 -12.6838098598
439 466 -9.38463916665
439 597 -8.95102241258
439 853 -10.6637884074
439 475 -9.62478420501
439 481 -5.51974495556
439 850 -9.24409553351
439 617 -10.6803987235
439 619 -8.54066037089
439 564 -12.0270188097
439 756 -15.4862097361
439 739 -14.1643303397
439 634 -10.3572050448
439 704 -11.7176368875
440 775 -4.34097521292
440 779 -13.5429949205
440 536 -10.9999140019
440 777 -14.3177903046
440 784 -12.9034011465
440 452 -13.6841655232
440 668 -13.0167024875
440 818 -6.43709614758
440 872 -12.3537213251
440 580 -12.0546649363
440 476 -9.43630957583
440 448 -5.64687008622
440 449 -11.8582446656
440 604 -10.4318372791
440 453 -13.0316321744
440 582 -14.5858931147
440 455 -12.2795454553
440 803 -12.6074046966
440 847 -13.1668771856
440 592 -7.04008363541
440 596 -9.6079178656
440 471 -11.2878565424
440 731 -12.233821421
440 618 -13.4636276895
440 619 -10.078900128
440 808 -8.85662947134
440 499 -11.6621236077
440 610 -13.1525610881
440 506 -14.1580922651
440 478 -11.9519230863
440 883 -10.0278741895
441 764 -14.8455729794
441 515 -12.9757846424
441 648 -17.0563812789
441 603 -15.8059148668
441 451 -8.89747108833
441 661 -11.6237955249
441 474 -12.7124190121
441 827 -9.43459037782
441 794 -11.1713065598
441 862 -10.9741699078
441 809 -7.7368187872
441 626 -7.41234080459
441 629 -10.6831139011
441 571 -13.9169631119
441 701 -13.7651145726
441 446 -12.4712297661
441 694 -6.92907530972
441 695 -10.5153885471
441 762 -6.69864591013
441 822 -8.93535441097
441 472 -15.0215560838
441 477 -8.1449826797
441 558 -7.5535145489
441 611 -7.20622657608
441 572 -11.5937565892
441 491 -13.2224188177
441 750 -7.71386404525
441 498 -12.1055106858
441 627 -12.7911762267
441 502 -16.6025491163
441 506 -7.00603255241
441 508 -12.7460503242
441 747 -12.7631620668
441 640 -13.1818519142
442 641 -13.2323785766
442 521 -11.3799300029
442 579 -12.9234180945
442 528 -9.06894059792
442 564 -12.0111404924
442 479 -12.1656086628
442 624 -7.49586426842
442 798 -10.8985757523
442 801 -11.9098407813
442 681 -12.7404714077
442 687 -11.9499510588
442 821 -10.2785181005
442 696 -12.0756243379
442 571 -11.9491620722
442 715 -12.7129849134
442 737 -14.5929670794
442 583 -14.6484147377
442 585 -13.9335318867
442 842 -15.0348649966
442 462 -11.8355293981
442 854 -13.7539327733
442 727 -12.8404721608
442 600 -15.4845396193
442 857 -11.1229718762
442 474 -12.7733877237
442 481 -12.3516241402
442 482 -10.5683222181
442 870 -7.02516249541
442 658 -14.0028857596
442 680 -11.6647215631
442 878 -7.7977895312
442 625 -13.7364481171
442 757 -9.63221364076
442 639 -10.6367594899
442 875 -14.0499466871
442 534 -12.3948770357
443 777 -11.2430074697
443 786 -7.12583829321
443 792 -13.9806558846
443 665 -7.01913603895
443 667 -12.1329225097
443 546 -7.66581201643
443 610 -11.7774235293
443 691 -14.9065934571
443 563 -12.8173619402
443 575 -10.7072725511
443 822 -7.3882136339
443 459 -13.4055263338
443 710 -13.3787810927
443 843 -11.2703665796
443 720 -9.2191555386
443 451 -18.5984783215
443 723 -6.95656077309
443 826 -7.9234020391
443 736 -14.1207427258
443 524 -17.5074069779
443 593 -10.4380229742
443 484 -11.3975609437
443 679 -10.9943401875
443 616 -16.9459859742
443 861 -8.15642371236
443 876 -14.0923368284
443 810 -10.8171440406
443 751 -12.4098165281
443 499 -8.72631284448
443 703 -10.0991967094
443 509 -8.92346221496
444 791 -12.59412448
444 520 -14.2699766936
444 615 -11.6144408652
444 655 -10.5690320957
444 529 -11.2850763577
444 601 -15.3624957391
444 476 -10.072419129
444 812 -10.0078183258
444 700 -12.7681161539
444 707 -11.5519664298
444 712 -9.12542960112
444 566 -10.1595267271
444 591 -16.0415689817
444 851 -11.3015391671
444 548 -7.04161782596
444 469 -14.1759203957
444 562 -8.31284708195
444 471 -8.90290946381
444 472 -11.7213093668
444 602 -10.4248669488
444 605 -16.7294000142
444 610 -13.3188166666
444 764 -11.5214367422
444 614 -14.0744371759
444 488 -12.9181684294
444 875 -13.0726604493
444 744 -7.32535454496
444 756 -15.0473620188
444 761 -13.9351360829
444 767 -7.38749127558
445 730 -9.72790693881
445 770 -10.0450620684
445 515 -10.2804283254
445 849 -11.9732388562
445 738 -15.0386921022
445 451 -8.49266175156
445 529 -7.71279539396
445 824 -12.6988304918
445 661 -14.8697642885
445 879 -11.582735639
445 664 -11.4285607029
445 793 -11.0902993993
445 669 -8.41943535738
445 475 -11.3622110744
445 801 -14.0275945212
445 809 -11.4705040683
445 557 -10.426443632
445 825 -16.0837363234
445 521 -16.4821332835
445 778 -11.6431187598
445 569 -7.06048993543
445 701 -9.97577615557
445 447 -14.1330343689
445 576 -12.6075881112
445 449 -14.7149968682
445 711 -10.0313308803
445 843 -12.0623757998
445 523 -13.4073156531
445 728 -15.5322781398
445 596 -11.4013207207
445 498 -11.962604432
445 597 -12.3514648859
445 474 -9.30148516993
445 861 -13.6996088014
445 721 -10.1465872776
445 742 -14.1289226558
445 808 -15.4263948094
445 446 -13.5385684595
445 671 -11.0216914991
445 509 -12.2356146813
446 642 -14.6659133563
446 644 -13.4868257535
446 780 -15.3792182674
446 772 -13.7453684792
446 661 -5.32956294776
446 535 -11.151364606
446 722 -14.479294601
446 734 -12.9347271511
446 841 -10.7979784739
446 824 -12.8408368818
446 501 -12.6293905461
446 830 -9.31879520332
446 703 -14.0111230297
446 579 -14.5398714601
446 708 -13.7662573972
446 718 -10.1319735769
446 723 -10.666589694
446 676 -14.4571086986
446 603 -10.7396754325
446 732 -11.1288122847
446 608 -9.67191966197
446 875 -10.0652989169
446 493 -11.7514828432
446 878 -15.089328945
446 504 -11.5427079649
446 635 -15.0265845177
447 519 -10.4359526556
447 520 -11.537327573
447 524 -8.26756758583
447 527 -14.3930623969
447 786 -14.635696996
447 533 -13.7293696836
447 680 -5.09283820696
447 454 -11.336469588
447 475 -13.6249106136
447 735 -13.1041422345
447 539 -16.3363579963
447 806 -14.8951496441
447 807 -8.99696651184
447 558 -13.2297651254
447 568 -13.6160165884
447 698 -13.1878532149
447 830 -13.4293206531
447 704 -16.3763303169
447 577 -9.31648973336
447 685 -9.87980358592
447 453 -11.2290871423
447 841 -15.5197834202
447 463 -10.6290417217
447 465 -12.3729463908
447 725 -14.1856727691
447 741 -10.7439499853
447 545 -13.9770948101
447 613 -8.32445328312
447 734 -16.3878731019
447 864 -13.4668706495
447 483 -11.7613402682
447 870 -8.50386899226
447 495 -10.5115830751
447 776 -17.0882840865
447 765 -10.8615462524
448 769 -14.0118736153
448 516 -11.3878137328
448 645 -7.97581238971
448 648 -6.21125202284
448 528 -10.3308290526
448 743 -14.0487013769
448 787 -9.96088370019
448 538 -13.8990827089
448 539 -7.94591355667
448 660 -8.04815229964
448 586 -9.60162045557
448 812 -14.9860475391
448 687 -13.1117794593
448 816 -6.46667142742
448 819 -10.36587189
448 628 -15.2315544214
448 774 -12.4186967379
448 711 -10.5946455397
448 738 -11.8379922263
448 566 -14.4613731243
448 722 -14.1570483055
448 851 -10.1883565437
448 518 -11.385033176
448 481 -15.7664729419
448 529 -12.5603941007
448 742 -10.7835334947
448 487 -8.45708135943
448 873 -12.021345746
448 490 -6.88056582705
448 747 -9.46139804773
448 753 -14.6355958586
448 500 -14.1715705194
448 806 -12.9654751023
448 469 -10.8013430022
448 866 -14.8922114998
448 766 -18.6898908548
448 640 -15.0563527443
449 514 -11.3831790045
449 524 -12.1115260382
449 655 -14.1110836083
449 802 -13.8648966742
449 626 -12.5018601535
449 562 -9.00525179696
449 563 -13.1018160759
449 692 -11.9368561119
449 695 -11.4420298634
449 723 -10.9310080769
449 698 -11.910649025
449 843 -11.6706931656
449 502 -10.6997700759
449 610 -12.5309883563
449 585 -13.0635293807
449 467 -13.0379742091
449 725 -15.1261669225
449 855 -13.8215720898
449 730 -8.00538900651
449 477 -12.1444292422
449 635 -11.0837030322
449 831 -11.5041518048
449 869 -12.1161820693
449 829 -10.155960215
449 622 -10.8758087518
449 496 -14.6595283469
449 627 -11.9339543645
449 500 -12.8616145562
449 832 -9.92394346508
449 639 -11.873654042
450 705 -9.50646381951
450 772 -14.8047058968
450 646 -12.4410634898
450 624 -11.4604869241
450 781 -10.8750670256
450 526 -8.60665364852
450 679 -10.9254393563
450 792 -9.20794817026
450 795 -12.2463738489
450 540 -14.3220027991
450 797 -12.7510350672
450 799 -10.0179209744
450 556 -7.78042197404
450 689 -14.876004051
450 690 -11.2370597601
450 500 -10.8818096687
450 566 -11.5624484557
450 778 -11.5344628562
450 629 -14.6331671059
450 827 -14.0444067773
450 846 -11.7819746641
450 832 -9.47353548434
450 702 -11.4555208429
450 830 -11.0998193186
450 456 -8.1887886921
450 654 -11.8879678102
450 593 -13.4954146172
450 595 -10.882610434
450 805 -10.0103090975
450 474 -13.2129689367
450 483 -14.7514041171
450 613 -14.8930406411
450 872 -12.3698768743
450 712 -13.3873446898
450 510 -9.77837847329
450 754 -15.1317761106
450 758 -8.92627082315
450 504 -10.1961015846
450 762 -15.9586654436
450 554 -9.2492641289
450 639 -13.8357918129
451 770 -12.3052758901
451 773 -13.6941381326
451 855 -15.4208741419
451 519 -9.49437875438
451 764 -12.0748547135
451 522 -14.842367045
451 531 -12.1860149481
451 661 -12.2640586191
451 780 -13.2227374425
451 673 -13.477787792
451 550 -15.3131258491
451 457 -12.9836526954
451 753 -10.0437259431
451 696 -10.4856946066
451 831 -13.5513476002
451 881 -8.90178121577
451 567 -15.6517895661
451 583 -10.5091034624
451 653 -13.0987982817
451 715 -6.1106235213
451 460 -14.5125992765
451 689 -10.1789361349
451 727 -12.6201679928
451 731 -8.68408058779
451 656 -10.4928334554
451 861 -14.9957795373
451 849 -14.5678596764
451 848 -12.0710231964
451 742 -11.1304225865
451 798 -9.90170913356
451 552 -8.29418720442
451 495 -9.6452420998
451 512 -11.8929356488
452 513 -9.96032112321
452 520 -13.1003472432
452 600 -10.1276472743
452 615 -11.8308607526
452 528 -14.5116670474
452 659 -13.2689311127
452 708 -10.3441758848
452 533 -13.9216162205
452 535 -11.7120042356
452 668 -11.934075364
452 541 -13.542689626
452 573 -13.3749150624
452 604 -9.45572185192
452 549 -16.3761270501
452 808 -16.1619583158
452 558 -8.92894914386
452 629 -16.1357950529
452 805 -11.560243281
452 642 -13.0118930547
452 823 -11.6101207323
452 698 -14.3368711947
452 568 -10.8464849054
452 464 -14.4269648829
452 722 -10.3888967507
452 471 -11.0125908899
452 472 -15.7257565224
452 741 -9.40034721017
452 488 -14.3891867941
452 490 -13.9204113492
452 872 -13.9851458224
452 506 -10.6629431775
452 626 -12.3235907174
452 500 -10.717661354
452 869 -11.6508779937
452 716 -16.074179189
452 679 -14.0795522745
452 512 -14.4394309926
453 660 -10.4518529388
453 723 -11.2171485889
453 641 -14.8504274708
453 862 -11.2414881678
453 781 -14.6154017576
453 808 -11.3463689822
453 819 -13.4679387081
453 777 -11.4124392165
453 531 -10.6826533549
453 698 -9.36920945021
453 827 -11.1900400856
453 800 -12.4904912686
453 574 -4.30788606263
453 578 -13.8630944284
453 584 -12.9575258444
453 525 -10.796185259
453 462 -7.12701690912
453 697 -8.75341958777
453 597 -9.71097977416
453 854 -6.51584277833
453 564 -15.470397655
453 474 -12.0102494074
453 863 -10.5201530193
453 593 -7.60494486939
453 848 -11.3528067036
453 613 -12.8367489965
453 658 -13.2564362865
453 621 -16.0106302222
453 495 -12.8556771308
453 881 -12.2727354318
453 623 -10.1568914501
453 788 -13.4004978755
453 501 -13.8412409401
453 632 -10.3155596705
453 636 -14.7253819008
453 619 -5.96764860361
454 515 -10.9386565426
454 772 -14.713812471
454 773 -5.11041878262
454 518 -14.8400939242
454 557 -12.7691863488
454 524 -10.5241984205
454 750 -13.221219833
454 878 -13.228309644
454 666 -9.90636184266
454 555 -11.4271690468
454 559 -12.1156712456
454 857 -11.9071472849
454 810 -12.6154335952
454 864 -8.19504207581
454 832 -6.15342429138
454 708 -9.10147358639
454 460 -8.95135862403
454 589 -11.100862224
454 846 -12.0587556641
454 471 -14.0087567286
454 728 -10.7942617983
454 754 -14.5624365183
454 827 -8.15294376106
454 554 -9.22003016021
454 871 -12.6253032956
454 618 -11.0574913778
454 619 -13.2392415087
454 494 -13.788910516
454 879 -14.1298938126
454 507 -11.5205482799
454 510 -13.1080533793
455 774 -11.6355364199
455 775 -11.7122178895
455 474 -9.86573420937
455 577 -11.3948307676
455 803 -10.6678426647
455 583 -11.2185983812
455 680 -14.4009267908
455 868 -12.6145773418
455 556 -12.6784749388
455 688 -14.1132897775
455 765 -12.8762903046
455 564 -7.46767283222
455 840 -9.83387252847
455 523 -11.1841718472
455 832 -10.9233455865
455 709 -15.0410762225
455 582 -12.4041874122
455 677 -12.9664254892
455 728 -12.1061756972
455 861 -12.4381909836
455 742 -12.0627327368
455 486 -14.976047373
455 745 -8.95537092347
455 879 -13.986174689
455 509 -9.77523508771
455 640 -11.4871191254
456 513 -8.0667525616
456 834 -12.9703505791
456 780 -12.9113270432
456 781 -7.7443496463
456 752 -16.0219309559
456 783 -11.8793094762
456 788 -13.70314392
456 538 -12.6299121329
456 668 -11.1051871466
456 670 -13.5279833867
456 497 -12.2858586284
456 807 -13.3392909875
456 553 -9.7110414986
456 683 -11.5735826448
456 812 -11.2094604864
456 557 -8.12539806035
456 564 -14.4184078793
456 825 -7.78067329535
456 544 -14.2977037064
456 702 -8.61692835856
456 831 -11.2587787491
456 766 -13.2359912973
456 837 -13.3051382505
456 583 -15.1351437875
456 591 -13.0502764889
456 590 -14.7352352369
456 694 -6.10110077867
456 775 -9.6364085716
456 471 -13.4600529395
456 862 -16.8881717696
456 607 -7.81158858997
456 737 -11.5589670214
456 482 -12.7271358758
456 867 -12.416923095
456 485 -10.7314066902
456 767 -14.2069410485
456 744 -17.1667308483
456 748 -6.87703866155
456 493 -13.5568769239
456 623 -13.4280771741
456 496 -14.4697795973
456 626 -14.8655664447
456 511 -14.3388653717
456 759 -14.3372266933
456 810 -17.1231736277
456 761 -10.4554067081
457 774 -15.9242229517
457 536 -7.08082278175
457 785 -9.02949373545
457 788 -14.8291088631
457 662 -13.7974305231
457 709 -11.5859930854
457 670 -14.0873241307
457 672 -11.5667007494
457 675 -10.8858879458
457 754 -10.4086451807
457 648 -11.2833905334
457 778 -11.0103604592
457 687 -8.93488681951
457 817 -8.73734314351
457 821 -13.8925968335
457 823 -13.9660164379
457 459 -11.3953773376
457 710 -11.2529480282
457 786 -11.4102351101
457 592 -11.6549361843
457 851 -13.3050546905
457 864 -15.6907850995
457 860 -9.80796436461
457 678 -6.10765451509
457 465 -13.8366229694
457 741 -11.1259714119
457 487 -12.0875235822
457 619 -10.1803476645
457 884 -8.21324249646
457 757 -12.0531165986
457 760 -6.13261765361
457 820 -13.6452676938
458 517 -10.9881792416
458 706 -12.791831899
458 687 -11.4219961124
458 773 -11.5503877593
458 602 -4.4645275139
458 645 -14.8599139721
458 475 -13.2034738793
458 683 -13.4377825654
458 817 -12.036571721
458 568 -11.6931773245
458 565 -9.17161821613
458 705 -13.8237588288
458 710 -11.9673464988
458 463 -14.2199201051
458 856 -13.9230960546
458 725 -15.4193182869
458 472 -13.67695398
458 604 -11.6092096857
458 735 -11.0586732032
458 483 -8.12496757866
458 743 -12.2233218659
458 488 -10.2623767936
458 884 -11.8217026935
458 506 -10.8426885287
458 635 -10.7921380899
459 699 -13.6206791264
459 776 -14.3921149842
459 777 -4.22486599363
459 749 -12.564441196
459 875 -14.7857543235
459 528 -13.7424711596
459 531 -12.9133199052
459 661 -16.8435390191
459 797 -4.59924394662
459 710 -12.3108369344
459 475 -11.3568986524
459 677 -10.8666161825
459 811 -11.1832197333
459 670 -9.12558620888
459 561 -13.7099861386
459 842 -11.300818686
459 608 -11.3546104875
459 831 -11.9354673015
459 589 -13.3131254476
459 844 -14.4147731924
459 483 -13.2575864978
459 718 -8.94970667838
459 726 -11.401085639
459 599 -13.7969314126
459 571 -8.20290736949
459 700 -17.1121415096
459 487 -15.5158561557
459 616 -5.58224371367
459 618 -8.33163111618
459 621 -13.1278013349
459 502 -14.8195018843
459 810 -15.120972663
459 593 -14.8361556049
459 721 -15.3558287827
460 513 -11.5880834087
460 642 -15.8788256996
460 515 -11.7268809503
460 645 -14.6659873523
460 794 -8.8898008183
460 782 -15.4224472331
460 622 -11.1749778405
460 786 -14.2173981392
460 751 -10.1976015828
460 663 -15.4210241794
460 773 -9.64270902394
460 752 -10.5240937049
460 802 -9.64421510618
460 795 -12.0423112188
460 558 -13.8623131372
460 561 -10.9331498998
460 791 -11.6033722476
460 595 -9.29322023013
460 822 -10.8875435318
460 824 -11.5940431318
460 734 -13.6301841066
460 700 -16.5047214595
460 703 -9.48278719315
460 705 -8.44232549084
460 846 -12.519965974
460 728 -8.61785395738
460 601 -9.71901022514
460 730 -16.0578058795
460 475 -9.96380842858
460 476 -9.38797740655
460 478 -8.49271930344
460 863 -11.5552106535
460 657 -15.0149367375
460 485 -8.85199059585
460 814 -6.50859491428
460 878 -12.0112935048
460 467 -13.2455258568
460 753 -10.4210562956
460 806 -13.7617771936
460 632 -15.6282071287
460 763 -16.1428718208
460 512 -14.7354097457
460 820 -12.975279691
461 773 -13.6426964069
461 518 -10.1108018319
461 722 -14.8830357711
461 669 -12.3246065007
461 674 -14.8256620846
461 675 -10.9301280297
461 557 -13.372004558
461 814 -13.3082876738
461 834 -13.1615886414
461 706 -13.5708117249
461 524 -13.0935944977
461 583 -11.6116817707
461 870 -11.3084428818
461 677 -13.9018218327
461 859 -13.876941342
461 864 -16.9315867701
461 857 -12.2079413169
461 831 -10.3442789132
461 759 -7.44746697745
461 640 -7.15152145792
461 470 -14.6541204155
462 772 -12.0471563588
462 646 -8.87175245824
462 777 -9.69768623619
462 524 -11.2617310887
462 527 -12.8248521374
462 792 -13.5697647123
462 665 -13.9328351989
462 540 -11.4556718065
462 798 -12.9355530603
462 680 -12.7128444979
462 884 -15.0891183551
462 690 -13.1222262644
462 564 -17.1926396026
462 565 -10.0917427264
462 695 -13.4038634386
462 714 -14.6025212443
462 697 -10.0289777673
462 655 -13.1091564816
462 708 -8.41180388382
462 839 -9.87032607422
462 674 -10.834320622
462 713 -14.5369685855
462 590 -12.0902700316
462 728 -12.4201507046
462 593 -14.9746693738
462 722 -15.3609374392
462 847 -7.99959637156
462 598 -10.2261738683
462 479 -12.622880944
462 636 -9.23557650588
462 741 -11.9518286565
462 872 -7.51824687743
462 573 -6.78665660156
462 766 -9.80357050719
462 597 -14.5282659017
462 852 -12.5579293765
462 632 -15.1415378437
462 637 -12.5725753375
462 619 -11.5804485567
463 492 -5.49321400626
463 777 -13.6805395455
463 654 -4.99450517851
463 792 -9.17964932564
463 537 -15.9879753976
463 671 -6.26908321789
463 810 -12.2788078293
463 816 -9.52179346173
463 566 -9.97929148761
463 629 -12.6901039399
463 760 -13.0564469593
463 782 -13.1126995316
463 465 -10.9569835664
463 595 -14.0612494053
463 598 -12.6032479128
463 479 -10.2471092475
463 739 -12.6147678029
463 490 -9.71656711278
463 844 -14.9951439496
463 488 -15.1515591677
463 498 -12.8153993215
463 660 -12.480280433
463 502 -7.13076673212
463 691 -9.65637078531
463 633 -9.45762110007
463 512 -9.63671264156
464 832 -9.08209211237
464 862 -13.3078081516
464 530 -14.2836100938
464 687 -12.3271904076
464 791 -15.2594754973
464 544 -11.697142867
464 673 -12.1950483199
464 782 -14.3699696469
464 812 -14.3038460541
464 684 -11.0709354955
464 562 -16.1533442444
464 708 -15.4640579683
464 694 -9.33526497374
464 826 -14.6019072381
464 573 -14.9775542304
464 822 -6.44228414836
464 706 -12.1586348018
464 852 -15.0453156697
464 762 -5.92617495696
464 603 -16.404850203
464 524 -12.2610817298
464 615 -9.03243986154
464 507 -12.0356838777
464 879 -10.983426479
464 496 -7.90903473487
464 497 -15.0035108295
464 500 -16.3901680792
464 758 -11.1952635681
464 632 -14.0353681031
465 645 -10.2309827509
465 578 -11.5698091907
465 814 -9.43308404001
465 857 -13.2117107519
465 788 -8.73209110951
465 680 -15.6430759753
465 796 -10.4390550554
465 646 -14.2885580109
465 675 -13.0192542949
465 550 -9.9275939183
465 552 -15.3730387552
465 557 -10.8876295954
465 558 -9.79990616364
465 560 -12.2599798053
465 880 -8.75804051918
465 585 -11.7975789037
465 799 -7.97867709529
465 822 -6.15643216655
465 708 -11.6495857619
465 711 -13.391945462
465 593 -10.5478328156
465 598 -12.7113008135
465 600 -16.3820510953
465 601 -10.1605586909
465 869 -12.61974198
465 603 -16.0753648738
465 874 -13.4893097401
465 870 -11.6127444337
465 487 -10.9326147408
465 490 -13.0052568929
465 492 -11.9135589132
465 877 -13.6754439867
465 882 -13.3274985231
465 756 -14.3559492629
465 597 -14.6196960037
465 508 -15.6547091442
465 747 -9.52660052868
466 641 -10.7374530815
466 770 -12.2534755969
466 828 -10.6816658681
466 793 -11.7962403842
466 816 -11.557368031
466 499 -13.9905984007
466 727 -14.254176178
466 661 -7.88533752316
466 577 -9.7081388109
466 838 -9.96954548728
466 848 -11.0511981991
466 711 -10.7111228207
466 596 -10.0388127393
466 857 -12.41487689
466 605 -14.4902106011
466 755 -15.6870073882
466 508 -9.54973042353
466 872 -17.4878632061
466 748 -10.0881859453
466 533 -9.29552439715
466 880 -10.6268533235
466 625 -10.8320798743
466 489 -16.1217095846
466 628 -10.7359101389
466 502 -11.6695109921
466 506 -8.62220651849
466 802 -12.4883564243
466 640 -12.7614875478
467 513 -10.0352179598
467 833 -9.6606697782
467 523 -13.0871948919
467 537 -11.3234054089
467 533 -13.6273573311
467 552 -8.31110370104
467 681 -14.5910486208
467 701 -5.29897496784
467 692 -15.0073227996
467 626 -7.99493734731
467 609 -17.539814489
467 748 -9.89533771026
467 725 -11.6133429934
467 702 -12.1441443911
467 823 -12.9067288948
467 666 -13.9527960747
467 846 -15.0571423276
467 694 -13.3045599273
467 854 -8.30456840063
467 605 -12.7605462179
467 742 -11.4231312346
467 871 -11.2628135643
467 722 -17.8542433268
467 498 -4.57526936425
467 628 -13.7145208541
467 831 -14.1114871359
467 746 -6.37379501752
468 647 -13.1393367397
468 648 -12.9832945924
468 528 -12.0879118674
468 660 -9.18622855065
468 663 -15.5840171623
468 792 -12.8080710358
468 700 -15.0174032838
468 673 -11.8718838335
468 811 -6.31858856319
468 761 -11.3948872084
468 687 -5.42935235879
468 817 -11.5505923313
468 657 -8.63484864637
468 612 -7.73321146656
468 569 -10.9404423823
468 830 -12.2207962954
468 704 -11.410609002
468 800 -12.5858048616
468 835 -9.595031768
468 710 -15.2040913998
468 696 -15.33089188
468 594 -9.31821451001
468 602 -10.7856426493
468 737 -4.42417850391
468 484 -9.52654537253
468 490 -16.4894042341
468 486 -13.2046192498
468 494 -11.5617523705
468 554 -11.8799642097
468 507 -8.36610568575
468 785 -12.6972508379
469 648 -12.7954732665
469 526 -11.7232859622
469 785 -12.6101037818
469 531 -12.1841491458
469 879 -7.77244582523
469 496 -10.8723907152
469 798 -11.2369665579
469 672 -11.3250911047
469 810 -17.5397509317
469 727 -4.32686728102
469 774 -10.8557898524
469 522 -11.0461436392
469 821 -15.2471097853
469 573 -11.3446933096
469 651 -15.6001503971
469 835 -13.304178432
469 709 -13.6424394873
469 710 -12.8946687516
469 656 -11.393205786
469 733 -8.14371789924
469 607 -11.4156406391
469 828 -12.3476708539
469 492 -9.16375930575
469 751 -8.40976846594
469 512 -13.06484565
470 856 -14.1300741023
470 653 -12.5597199272
470 529 -11.4696038635
470 688 -13.528344403
470 873 -10.6267572545
470 536 -11.7555841362
470 540 -9.03046712315
470 804 -16.419879515
470 809 -9.61961463756
470 811 -12.4381686452
470 560 -6.50569731058
470 880 -12.5592553936
470 690 -14.436054592
470 696 -11.1657790998
470 569 -12.4791194825
470 693 -15.8735311299
470 828 -9.70968471013
470 575 -13.6159076521
470 708 -14.9830642691
470 837 -10.5559785225
470 634 -13.5227936498
470 597 -12.1219835393
470 784 -14.5163929775
470 639 -13.9205352707
470 674 -13.6506082785
470 481 -9.34619352292
470 738 -14.238627935
470 484 -15.138919853
470 722 -10.9560125412
470 749 -14.5233396276
470 878 -12.9951784941
470 510 -13.6420208863
470 489 -9.43802821336
470 760 -12.3961491944
470 505 -14.0916529613
471 513 -14.9052942355
471 650 -14.312878003
471 792 -13.2814809316
471 788 -13.7782739758
471 664 -16.3691799095
471 667 -9.65113626169
471 806 -11.8370861164
471 648 -11.3062270289
471 862 -11.9238299852
471 701 -14.5625046535
471 578 -14.7188215262
471 583 -15.7628056519
471 779 -10.3916774282
471 588 -13.460046212
471 612 -14.1570919562
471 668 -12.9837766769
471 727 -14.7690905657
471 473 -9.45372944673
471 651 -13.9327538861
471 482 -12.2866830916
471 739 -11.9249555734
471 634 -13.7179360324
471 621 -9.84976821304
471 879 -14.3849383226
471 574 -14.3039799451
471 873 -7.60276787903
471 759 -11.2888658167
471 635 -16.0914870953
471 866 -14.2371393172
472 492 -12.7072657224
472 518 -16.0669975437
472 523 -12.5598272712
472 696 -12.4911049273
472 658 -14.3911765956
472 836 -8.57420019849
472 791 -10.5699517504
472 537 -13.2679024827
472 539 -8.28511710323
472 744 -10.3976277077
472 544 -14.7638568693
472 801 -14.9167576062
472 549 -6.44229483454
472 550 -17.5721248842
472 748 -14.6037831243
472 733 -14.1189249041
472 813 -9.24400351328
472 628 -16.2431885993
472 695 -6.44247222593
472 829 -8.98177376106
472 651 -11.0427710518
472 832 -12.6622358212
472 737 -11.1474513754
472 838 -8.76260689021
472 712 -15.1489951338
472 585 -12.233081887
472 568 -11.4257705259
472 724 -13.6913045758
472 727 -13.3188881443
472 477 -12.98396527
472 609 -9.51542100501
472 588 -13.6647980925
472 572 -16.0254146199
472 489 -11.5002101379
472 491 -11.4768671575
472 493 -8.93067286324
472 631 -13.4941530857
472 633 -8.79683932426
473 600 -10.8479530442
473 783 -13.9247093257
473 787 -13.4624616909
473 534 -10.1970886396
473 513 -12.9016554092
473 673 -9.87602532029
473 556 -13.5029020305
473 778 -13.5579975292
473 560 -11.1623858382
473 713 -12.1104425815
473 693 -10.8545973608
473 578 -10.1129369482
473 642 -11.4420397846
473 630 -11.639873192
473 585 -10.5734265725
473 843 -12.0670045761
473 590 -8.37355198467
473 594 -7.81615394484
473 596 -7.18203667691
473 697 -9.12020703801
473 734 -13.3165617415
473 822 -10.4403904729
473 615 -15.9727942428
473 573 -12.1810323871
473 877 -12.8223629202
473 511 -12.0933557573
474 525 -6.86559831051
474 538 -12.4979357851
474 547 -14.5670698891
474 561 -11.1444197877
474 574 -9.5971930876
474 596 -8.0615146682
474 599 -8.69943903483
474 634 -13.163249876
474 534 -11.4995093399
474 641 -12.9789933628
474 647 -13.4883393561
474 656 -15.4892230127
474 663 -12.2847573939
474 668 -8.80782915624
474 679 -12.0601747043
474 692 -6.76945638628
474 693 -14.2590560268
474 696 -2.71283255108
474 703 -12.5216231783
474 704 -12.7783041887
474 705 -13.5769271865
474 716 -9.51201355011
474 732 -9.47884975417
474 741 -17.2252421175
474 768 -7.76192705946
474 770 -13.5177702905
474 771 -11.7428627361
474 727 -9.06415546341
474 785 -11.3604019954
474 788 -13.3083715805
474 807 -7.99953471207
474 837 -8.52453957615
474 842 -12.1059388093
474 843 -14.9762251853
474 849 -10.0798845811
474 855 -13.9852296919
474 866 -14.3175690516
474 867 -12.2614825769
474 874 -12.4078944888
474 880 -11.5618426156
474 580 -14.4529150244
474 476 -13.8712593662
474 478 -14.4502464949
474 490 -13.8929549233
475 524 -8.44117672798
475 528 -11.4768066618
475 879 -11.2575522586
475 837 -15.8044260302
475 668 -5.03606435682
475 543 -11.5622701838
475 816 -12.4666630528
475 676 -9.44915513218
475 677 -9.51406009976
475 688 -10.9133072778
475 818 -13.4780810505
475 545 -12.5148251642
475 822 -14.7195444042
475 699 -9.738370407
475 574 -12.9303486809
475 580 -10.5419674458
475 748 -12.4660156245
475 584 -10.0401291014
475 664 -11.0952568885
475 801 -17.4055725527
475 847 -14.9428892938
475 593 -12.2313888648
475 731 -14.9053228255
475 673 -12.1954634815
475 605 -12.6919865799
475 734 -15.2744633094
475 848 -15.0423765324
475 485 -7.38226314592
475 814 -11.0290565403
475 787 -10.6025444072
475 495 -8.45515572322
475 767 -14.3174734517
476 517 -12.0044145381
476 527 -12.4037280141
476 537 -8.83927502387
476 548 -12.0416543951
476 582 -13.2370460563
476 591 -9.43936080714
476 596 -15.9008524976
476 607 -10.1659283492
476 616 -8.25642352944
476 622 -10.395124429
476 626 -14.6491259949
476 633 -14.2256646627
476 651 -14.9962851145
476 661 -10.6523592697
476 664 -16.7738608827
476 665 -12.7857618528
476 670 -7.67675532405
476 678 -10.6292142945
476 680 -14.0779406087
476 691 -15.1439742274
476 693 -11.8330519641
476 707 -8.50397320836
476 714 -10.2429397884
476 715 -14.8066182965
476 727 -8.76184360028
476 728 -8.56585996176
476 731 -7.82324129089
476 787 -9.10537681737
476 791 -16.4908924406
476 797 -12.9454214765
476 799 -15.7585086186
476 806 -15.112880765
476 811 -12.7622014056
476 817 -14.867439726
476 821 -10.8155834531
476 823 -8.23524904482
476 826 -13.5324973532
476 855 -15.2794001952
476 858 -12.9564880579
476 868 -14.2014316001
476 878 -17.2514542394
476 485 -8.55181723746
476 502 -10.6975644911
477 833 -10.9608191898
477 834 -10.9543629027
477 569 -14.6554150371
477 680 -10.2740576472
477 808 -9.76829760432
477 603 -15.3285084508
477 570 -12.0192924192
477 573 -6.5710908394
477 583 -12.3680034476
477 698 -14.4298700134
477 696 -10.4754022063
477 845 -7.56492437151
477 782 -11.4696440789
477 505 -11.9430164328
477 725 -15.7958031903
477 739 -14.9550609126
477 742 -8.75240956936
477 871 -10.0711903621
477 492 -14.3851190899
477 853 -9.47325607032
478 646 -14.6095106826
478 504 -9.87415988787
478 521 -16.8978332362
478 780 -12.429220214
478 658 -15.7351848071
478 772 -13.9767104615
478 666 -13.3194913794
478 670 -11.6813710631
478 676 -14.082713027
478 679 -6.33702266821
478 561 -11.985322536
478 657 -13.5108474479
478 826 -12.3532622304
478 840 -12.5603163339
478 853 -13.5460268547
478 882 -10.0648379653
478 844 -14.6405796124
478 610 -13.4892747928
478 484 -13.2049297282
478 793 -12.3846438192
478 752 -14.3204205585
478 633 -11.1688998978
479 517 -9.1862338903
479 663 -8.35306908587
479 514 -15.8574935029
479 483 -10.2198019235
479 509 -11.7312648617
479 662 -9.76531523291
479 583 -9.35700031455
479 552 -15.8809829996
479 553 -9.79416858701
479 683 -12.5342981093
479 691 -13.3832246426
479 830 -11.9480461862
479 575 -11.8325099252
479 823 -15.8748160527
479 846 -13.9144681842
479 569 -14.6374239223
479 826 -11.8957824725
479 730 -12.537104079
479 859 -9.83526239148
479 785 -10.6032879474
479 612 -10.9373082558
479 748 -8.3528565793
479 825 -13.7071223656
479 531 -11.2392971787
479 627 -11.2812114055
479 761 -13.535793086
479 510 -13.5283770785
480 771 -10.2742730612
480 492 -16.4285837925
480 578 -12.7483692973
480 517 -15.1826543853
480 528 -11.9176655857
480 659 -11.1905280748
480 530 -11.4630225679
480 538 -14.5690473326
480 688 -13.4874959229
480 881 -10.7729147657
480 805 -10.4142737492
480 551 -14.0962278178
480 883 -5.91902878303
480 542 -13.4580217168
480 692 -9.57235559966
480 720 -9.40310148017
480 586 -8.21533031955
480 697 -16.9880496454
480 834 -12.8868823014
480 716 -9.80046846353
480 604 -14.4412296637
480 656 -15.0476878802
480 722 -15.2602756372
480 602 -12.4569910854
480 741 -9.08423950063
480 679 -7.06763687523
480 743 -8.85655886945
480 618 -9.07191870936
480 754 -15.8781092539
480 632 -9.74552342767
480 510 -7.56985452213
481 826 -10.8089539242
481 519 -13.2043952495
481 600 -10.5282475454
481 655 -10.1400141876
481 815 -8.39324575086
481 873 -7.60512323339
481 800 -11.9821564966
481 673 -12.9571193222
481 550 -11.0944972166
481 776 -13.0855506606
481 738 -13.3811700063
481 568 -13.4689816592
481 825 -13.7408916357
481 827 -12.5917288971
481 719 -13.0848414536
481 582 -9.22997072221
481 674 -15.1401794086
481 617 -13.6734123508
481 502 -15.9302312139
481 717 -10.8823497206
481 761 -12.5875649402
481 548 -13.9702811437
481 855 -10.4972338314
481 859 -6.42470081033
481 733 -6.39670323266
481 818 -9.39501192499
481 806 -12.9700613707
481 611 -9.35705954805
481 868 -9.33397390656
481 613 -13.0637055316
481 743 -15.1057079174
481 829 -14.4660510495
481 704 -7.65474976367
481 629 -11.1930688919
481 765 -12.2023267541
481 510 -11.8194388979
482 643 -13.5497804964
482 555 -10.5305315606
482 775 -13.8689859958
482 780 -11.3136063144
482 636 -11.8930890548
482 669 -9.74671609806
482 807 -11.9042640658
482 556 -9.79502999712
482 685 -12.0999670932
482 561 -12.6194943845
482 564 -9.19158570469
482 787 -7.81773091492
482 574 -12.9039218626
482 609 -16.2549549528
482 580 -7.13960293928
482 709 -12.6113332785
482 839 -10.6634956356
482 803 -12.4378647493
482 851 -13.8253758129
482 852 -10.8856377356
482 859 -14.9688279188
482 732 -11.7150183781
482 484 -12.7964295335
482 741 -8.78006747783
482 615 -13.5844058883
482 722 -13.0521328382
482 622 -11.7934625594
482 638 -8.20121639733
482 884 -10.2293347414
482 703 -18.2967465434
482 632 -11.8481199911
482 762 -15.2111213456
482 508 -13.2004075547
482 512 -8.69524687903
483 776 -12.4694966129
483 856 -11.8658716962
483 783 -18.7540779764
483 537 -15.3358033914
483 659 -12.5029206182
483 536 -9.63299365292
483 560 -13.5234443542
483 787 -10.7391919589
483 519 -10.3138943564
483 808 -10.1211254785
483 685 -15.1964716455
483 817 -17.3349631688
483 541 -14.0990825923
483 834 -15.9068770701
483 757 -11.8522229905
483 699 -9.72694025076
483 574 -10.0933781126
483 580 -13.6960331613
483 796 -13.439497255
483 846 -9.72516866946
483 593 -14.3505478237
483 595 -13.4737291896
483 604 -10.5300062723
483 614 -14.1886385442
483 786 -10.4475733719
483 844 -8.59631335841
483 750 -12.8200130216
483 753 -14.9479146289
483 836 -16.254811652
483 832 -11.5412154856
483 765 -13.5281750417
483 638 -8.4741884666
484 772 -10.0903092051
484 602 -14.8734611294
484 522 -6.00745255137
484 529 -9.92424415786
484 797 -9.99803288581
484 527 -14.3729867183
484 564 -10.3228781221
484 608 -7.06366160632
484 711 -13.816748319
484 850 -13.0929675176
484 852 -10.218479653
484 486 -12.3014890585
484 615 -12.8172158911
484 699 -11.8856003449
484 618 -12.6807879064
484 630 -11.9836331366
484 634 -12.4838185525
484 768 -16.0302897494
484 766 -12.8412980417
485 705 -11.7319355758
485 842 -12.8590551795
485 679 -11.4321973296
485 791 -10.2974045248
485 667 -9.22648604916
485 859 -10.7095267326
485 689 -12.0170497358
485 550 -10.9712645994
485 551 -12.6337093767
485 553 -11.8182152231
485 628 -11.2358118728
485 693 -15.8688965346
485 694 -10.9817946704
485 650 -7.6021870887
485 821 -12.256666486
485 580 -13.4484634138
485 869 -10.5421344295
485 839 -14.7759136012
485 779 -12.2428568421
485 845 -13.6982775189
485 847 -9.78638522829
485 851 -10.0096005796
485 601 -16.0522915631
485 858 -13.0993112583
485 605 -16.1569717995
485 608 -9.96034644917
485 665 -5.72312398609
485 784 -12.5938094134
485 744 -8.91480633557
485 618 -12.8927465413
485 854 -10.8184708375
485 753 -14.787003184
485 499 -11.7590862146
485 500 -11.3953668912
485 502 -10.3477880765
485 491 -14.3546343713
485 512 -8.92815928823
486 612 -13.4573103949
486 781 -8.13278431259
486 528 -14.2644266762
486 824 -14.3130667373
486 641 -13.8239278273
486 804 -11.7666010338
486 583 -11.5802971179
486 557 -12.6628131273
486 686 -14.4889564137
486 689 -12.8243455474
486 500 -12.6640293668
486 695 -13.6301933567
486 787 -9.39875396542
486 667 -10.4284471898
486 713 -12.4593433256
486 716 -9.50520365365
486 725 -11.4174207249
486 591 -14.128202891
486 805 -13.2680076982
486 866 -7.4761742341
486 505 -17.0599203995
487 515 -17.4932642371
487 650 -14.1790090239
487 652 -9.98337837383
487 526 -7.65149327853
487 797 -13.3274778452
487 676 -14.156738471
487 549 -12.0280058696
487 595 -3.22532512173
487 697 -11.7847879877
487 713 -13.3573497054
487 875 -13.1277807061
487 581 -14.0931585163
487 840 -9.9345809351
487 588 -8.11562670387
487 590 -13.307112893
487 850 -11.1728152736
487 852 -13.2113196103
487 643 -11.3631811605
487 762 -13.2191653813
487 869 -12.5688755226
487 859 -17.0584389492
487 608 -11.8304031936
487 615 -15.5148195982
487 751 -9.17121354363
487 499 -10.4120535438
487 503 -9.21756214618
487 755 -8.42066742561
488 520 -15.7719942882
488 857 -14.6141758983
488 661 -11.5486479895
488 534 -6.27358009726
488 794 -9.95419376109
488 540 -9.13312468016
488 550 -10.1149926748
488 679 -12.2253539676
488 808 -14.3533117744
488 819 -8.07263590068
488 689 -13.68858199
488 757 -10.2973575646
488 544 -8.23147189843
488 575 -10.878280534
488 719 -11.4873846879
488 718 -8.68708361489
488 818 -9.33595988011
488 698 -11.672030677
488 729 -10.087238773
488 858 -16.1151536746
488 607 -13.020031256
488 612 -14.0771146018
488 753 -10.2555922191
488 639 -14.0113879315
488 760 -13.1163892587
488 636 -11.7409479006
489 514 -7.64270954398
489 679 -12.391883427
489 530 -14.9191466579
489 664 -11.3610433218
489 794 -12.89080367
489 633 -11.6027445259
489 569 -11.4689984812
489 829 -11.6846169003
489 813 -12.2652719252
489 820 -12.5573776621
489 568 -10.1724313649
489 700 -13.376251162
489 581 -8.26842681232
489 715 -18.2618647706
489 526 -9.66770441635
489 660 -10.2577423032
489 740 -11.6850546719
489 873 -13.2632016391
489 490 -14.630907052
489 748 -12.5742765788
489 624 -14.4805953737
489 809 -11.1169000472
489 580 -9.93874296958
489 760 -9.41667161376
489 768 -13.5416447835
490 842 -12.2237495113
490 642 -5.84398841795
490 649 -10.3519051425
490 875 -12.1303993068
490 580 -14.702794866
490 662 -7.32874600779
490 803 -12.8723929976
490 690 -13.5737528825
490 811 -15.6469326452
490 559 -12.8455947012
490 548 -9.26860653819
490 834 -10.4616087353
490 817 -12.3148850957
490 574 -6.54373275897
490 585 -12.1776779789
490 591 -8.14270907303
490 859 -12.258896509
490 608 -14.3635186084
490 836 -8.1127489948
490 613 -13.5244841
490 635 -10.7943730879
490 744 -6.90003299363
490 808 -9.42106503195
490 750 -15.427031317
490 617 -14.7217938726
490 499 -15.370613052
490 759 -13.1373415553
490 510 -13.2356167409
490 511 -13.440924549
491 770 -12.2020220475
491 516 -8.53926285266
491 645 -12.5663378849
491 834 -9.83890977524
491 779 -8.91834447191
491 785 -15.6475567968
491 675 -14.4101909819
491 732 -10.6422677668
491 678 -12.2508944677
491 551 -13.2893040809
491 712 -13.2745656282
491 584 -4.70243333472
491 826 -10.956555673
491 655 -8.22248479078
491 835 -11.1037438234
491 591 -12.4624666952
491 526 -15.16292191
491 697 -15.8655105687
491 564 -11.20164354
491 799 -15.0908141207
491 592 -12.5086003439
491 881 -15.1460025345
491 720 -5.19410950678
491 806 -13.6902121696
491 865 -15.1166121854
491 593 -15.9015131846
491 739 -17.899345609
491 831 -14.3598979132
491 872 -13.2500319374
491 748 -14.3105438452
491 623 -15.6076409486
491 511 -5.72812784595
491 504 -8.37254081203
491 662 -14.2190025978
492 513 -13.1887072227
492 516 -9.08738199925
492 493 -9.18697470789
492 653 -17.4352371501
492 783 -14.3373523106
492 793 -12.5196954953
492 670 -9.55558056659
492 799 -6.53920523316
492 774 -9.70673398692
492 522 -11.4987738732
492 626 -14.2545125124
492 553 -9.8610833392
492 876 -11.3849897246
492 690 -8.70369404167
492 697 -12.3374704928
492 703 -15.9122197337
492 579 -13.8424575969
492 715 -7.24111998743
492 654 -13.3782296193
492 851 -13.7730061203
492 847 -8.88814920171
492 863 -13.2828829586
492 572 -6.06704985863
492 613 -11.4786306638
492 743 -12.3173807606
492 746 -13.5570426724
492 498 -11.0928660369
492 725 -8.01494478956
493 645 -15.4703400534
493 558 -9.72963451317
493 663 -14.0899438905
493 665 -15.195078548
493 562 -10.6071717941
493 566 -12.502572849
493 714 -14.5691815036
493 697 -13.8339241885
493 707 -11.575406986
493 759 -14.0591802626
493 713 -9.40503166838
493 653 -15.9317350981
493 632 -15.6073592348
493 589 -10.426121681
493 848 -13.0437047059
493 737 -11.2775372872
493 740 -12.9714936005
493 715 -10.1869125793
493 622 -8.40622247191
493 712 -10.1991932099
493 628 -16.154918131
493 503 -12.6269170386
494 515 -12.4093525857
494 650 -11.2700311244
494 527 -5.98495573695
494 645 -12.8005862036
494 532 -10.0968517995
494 773 -13.117381792
494 664 -12.7958214823
494 543 -11.9215198216
494 675 -12.8481763347
494 560 -13.5796309469
494 629 -11.9985184156
494 707 -13.9938257198
494 840 -14.7743631898
494 716 -11.5064461481
494 826 -8.24605640699
494 602 -13.1234805519
494 862 -14.1104194391
494 736 -11.8181108436
494 865 -5.20242182948
494 764 -11.6184475953
494 616 -12.303283382
494 852 -10.3438346867
494 501 -10.7379772906
494 639 -12.0736479538
494 548 -11.8151458717
494 509 -11.7928014027
495 641 -17.7238166354
495 653 -13.9791735113
495 785 -6.85817156471
495 658 -9.2846061539
495 590 -12.6297927409
495 793 -12.4860243766
495 581 -12.3236588015
495 674 -6.47321094704
495 668 -9.59990762844
495 816 -13.0283125999
495 670 -16.533077797
495 692 -12.2391041788
495 523 -5.57426520683
495 580 -11.839380104
495 711 -12.6067660161
495 845 -12.6290141284
495 526 -14.0474215449
495 587 -14.7903835922
495 707 -10.8379493054
495 835 -7.81932611629
495 737 -13.8024898358
495 866 -13.1530831253
495 868 -11.1409706894
495 652 -13.2405306748
495 746 -13.6902662597
495 875 -14.7725409566
495 621 -8.88568876496
495 877 -13.2751021542
495 881 -9.17964094286
495 661 -8.54669350914
495 767 -12.5858363825
495 768 -16.0395452434
496 705 -10.2870676515
496 771 -11.0783705618
496 646 -8.40262517031
496 531 -15.013960384
496 559 -5.58951825275
496 798 -9.1029909899
496 519 -11.7337222414
496 818 -14.720741558
496 694 -11.5455133119
496 827 -12.0562413223
496 832 -15.3666792118
496 681 -13.27279629
496 717 -10.0834045782
496 851 -11.0956134539
496 506 -10.0838053277
496 742 -12.1254593549
496 637 -11.5726430474
496 619 -12.7074238473
496 877 -15.3068671548
496 750 -15.227306478
496 500 -11.2508587603
496 708 -11.769090076
496 509 -11.3941431728
497 699 -9.06297452114
497 685 -12.5871645479
497 523 -3.14424653732
497 726 -10.341929177
497 559 -15.2799216441
497 793 -13.0033028942
497 773 -7.66287337528
497 855 -9.32377879861
497 560 -7.55532470777
497 833 -13.1704089592
497 527 -14.2311364112
497 748 -7.82474434241
497 681 -11.5556675586
497 741 -13.8081818722
497 557 -12.4223985734
497 884 -20.2098608007
497 774 -8.75885793004
497 821 -13.3245727786
497 719 -12.6497141983
497 609 -16.0943177502
497 829 -13.48714703
497 839 -4.09149471396
497 841 -14.4740728161
497 647 -10.1542124071
497 660 -13.2007431066
497 599 -11.5436431026
497 600 -11.6262601705
497 730 -14.9202205344
497 656 -13.4015000716
497 863 -14.687169483
497 848 -11.0484275351
497 743 -11.9089119225
497 745 -9.00843563621
497 619 -10.5385933907
497 620 -9.27141506031
497 571 -7.37464062358
497 634 -9.5733818006
497 710 -15.743067108
497 768 -8.87222161918
497 767 -7.25804716285
497 687 -11.2632454622
498 641 -11.9782712423
498 557 -9.38268333288
498 528 -14.1441656812
498 573 -11.6841993422
498 604 -16.9762723783
498 806 -11.3633171697
498 808 -12.3727395331
498 776 -9.41444395151
498 820 -7.95406922975
498 650 -13.6042430031
498 706 -13.5550126966
498 582 -10.71508504
498 840 -14.9059566553
498 585 -13.0307048521
498 721 -13.0940278258
498 545 -13.4339878936
498 882 -15.5460738868
498 735 -13.9747946035
498 608 -12.5885026252
498 784 -12.719120784
498 610 -16.9726279285
498 611 -9.41609328947
498 701 -12.5039168777
498 874 -8.38975943958
498 506 -11.7503193707
499 641 -9.42792890512
499 523 -12.2296825078
499 536 -9.38175033025
499 655 -14.0268439325
499 531 -10.7977321029
499 790 -11.7449208837
499 667 -11.5963649548
499 672 -13.2821824245
499 801 -12.2364387922
499 680 -13.5889895269
499 815 -11.3959212209
499 521 -8.84513369385
499 573 -14.317707482
499 651 -8.6288814881
499 715 -11.688575303
499 792 -8.777623047
499 851 -10.2984576339
499 603 -11.314786936
499 866 -15.4842645444
499 875 -13.7904582523
499 620 -11.4691560601
499 830 -13.8133088396
499 652 -14.2954460859
500 514 -15.7817861164
500 771 -13.977256676
500 636 -11.0895505634
500 792 -9.23826126351
500 525 -7.00522236648
500 784 -7.76194406041
500 729 -9.00792297011
500 539 -12.0472410845
500 812 -13.9603592274
500 815 -14.9965897479
500 766 -11.4010308819
500 808 -8.4790242434
500 563 -10.1649624291
500 757 -6.43441336619
500 824 -14.576525783
500 608 -11.5119044763
500 573 -5.81178155763
500 705 -13.8996393797
500 581 -6.42201105296
500 830 -15.6152171365
500 651 -9.74451327765
500 731 -15.4836953114
500 762 -11.6270374531
500 611 -14.7316184726
500 634 -11.0359308748
500 609 -13.425414082
500 603 -12.7684853394
500 722 -17.8094303397
500 809 -11.5473005982
500 747 -11.6085718777
500 742 -9.12366299678
500 857 -6.83545572495
500 638 -7.87827459401
501 772 -17.0567261792
501 773 -3.87084069156
501 775 -9.01897466846
501 779 -8.09662816782
501 654 -8.4792434699
501 657 -13.9467289219
501 664 -17.7939705265
501 665 -10.2603920091
501 689 -13.4872487
501 690 -10.8109820381
501 683 -14.5428951938
501 776 -10.6282733856
501 770 -10.9970559927
501 559 -13.1272307266
501 816 -12.6492392408
501 568 -13.9562432021
501 699 -12.7468788616
501 573 -10.5265124111
501 758 -11.8942215052
501 578 -16.6003372284
501 580 -11.9278066896
501 732 -10.9037576085
501 588 -10.7967839515
501 722 -12.0598894271
501 723 -9.24555521958
501 822 -11.4072048571
501 587 -8.68998587969
501 741 -14.9258452727
501 871 -16.5569048855
501 756 -7.3228669162
501 634 -14.1383488855
501 811 -9.37165557456
501 726 -10.1291738413
502 513 -9.0704270883
502 833 -10.8210225515
502 774 -13.5305681291
502 519 -6.74013854671
502 877 -11.4164747191
502 653 -11.91893172
502 526 -11.167706519
502 658 -8.97621349435
502 660 -4.75476117526
502 794 -17.4003897936
502 796 -10.1053437812
502 676 -10.5051708367
502 817 -9.44434037533
502 841 -9.93221114464
502 869 -13.7959667772
502 700 -18.1797051784
502 853 -15.1530481455
502 720 -15.6680186854
502 804 -5.0169294274
502 855 -12.0923594471
502 613 -18.4696832142
502 733 -12.6700059888
502 749 -8.32333417477
502 531 -13.2025700395
502 597 -17.5239204839
502 503 -13.5771333945
502 633 -11.3733828167
502 508 -14.0993743346
502 765 -10.5306093338
503 650 -12.3620393108
503 527 -10.9618479293
503 785 -8.37728970508
503 844 -11.0731739653
503 793 -12.9581183601
503 838 -8.89950211347
503 547 -12.3873794604
503 676 -14.5387695413
503 805 -11.5999769347
503 780 -14.1101590151
503 816 -9.03188594865
503 691 -12.6902846576
503 693 -12.154020271
503 543 -17.4377252439
503 567 -12.7635202964
503 824 -12.2538054636
503 826 -11.2972550708
503 864 -13.6105956048
503 579 -11.1686635472
503 580 -7.98572532802
503 581 -14.3094243516
503 589 -10.3847323433
503 846 -13.2995546515
503 855 -13.1833668884
503 603 -9.0955450629
503 605 -12.9843605374
503 576 -8.46668895106
503 882 -8.39311772556
503 755 -13.7691559595
503 870 -14.6170798221
503 506 -11.849483521
503 512 -10.7663043556
504 787 -11.980578921
504 535 -11.9296818613
504 645 -7.50101060997
504 626 -11.7338794933
504 543 -10.2725826967
504 578 -11.2465426853
504 825 -11.875553467
504 572 -15.294287992
504 829 -10.4282370631
504 831 -7.88392539541
504 713 -12.7529898076
504 587 -11.4198441482
504 864 -15.2215319335
504 660 -17.2484625659
504 731 -9.34207540276
504 738 -13.6518826825
504 612 -11.1304621671
504 743 -9.27060466285
504 621 -10.059820558
504 627 -10.4541363606
504 600 -8.58538086072
504 533 -11.999553124
504 510 -11.8045120108
505 515 -7.62113923242
505 780 -12.8560602776
505 664 -7.12663927757
505 543 -16.0607985087
505 670 -10.3430089168
505 547 -13.0166607888
505 679 -13.9515028796
505 682 -13.9956530318
505 859 -6.58930824005
505 521 -7.58215078776
505 563 -12.899813164
505 820 -13.0016198192
505 834 -9.13497745162
505 708 -12.7445040623
505 717 -11.0697084462
505 583 -7.09637651709
505 846 -12.6432337923
505 789 -17.7901811666
505 862 -14.7526405076
505 611 -9.22492106753
505 626 -9.91020216718
505 761 -12.7153532813
505 634 -11.1435596623
505 507 -12.4090669509
505 721 -8.74659814275
505 662 -10.4106090566
506 769 -15.406859841
506 700 -15.8982999679
506 654 -9.77483237538
506 528 -9.07941580428
506 841 -5.82873901916
506 878 -10.7861382255
506 663 -13.0635322951
506 858 -9.7256908744
506 795 -10.9182977293
506 796 -6.64211203577
506 786 -13.6716370093
506 850 -11.4005592826
506 681 -12.0660670716
506 818 -15.7744996426
506 805 -11.4670207046
506 838 -13.3646694787
506 608 -11.5215483046
506 574 -10.7277141057
506 831 -14.1541178055
506 704 -10.3457247093
506 545 -10.709117724
506 793 -16.4131619277
506 713 -8.32598987137
506 846 -12.9275369587
506 857 -11.1619413657
506 733 -13.6408916178
506 862 -11.7809322365
506 863 -11.0216601611
506 550 -10.6771044806
506 612 -12.1374784643
506 652 -12.5366165108
506 594 -15.8855592905
506 617 -9.04795754129
506 725 -12.4980254398
506 832 -11.4437878159
506 640 -7.39498479205
507 520 -13.8952333247
507 791 -10.5246027542
507 541 -10.4799790176
507 670 -12.5610635567
507 735 -15.9043444086
507 686 -14.8146605457
507 713 -11.4623490109
507 578 -8.19476599001
507 568 -14.1082388127
507 827 -12.5993666287
507 830 -8.99933569953
507 703 -12.476884687
507 694 -12.3743150682
507 709 -12.8907258092
507 653 -8.10463537825
507 588 -8.37699378502
507 873 -11.6056033524
507 725 -16.6974545424
507 740 -13.5595662145
507 614 -11.8353187449
507 780 -13.0159619589
507 752 -14.6378936589
507 753 -3.70615536541
507 681 -14.1647492588
507 511 -15.8325609686
508 727 -14.4821763825
508 780 -12.9855197724
508 531 -9.33095471096
508 534 -7.36362087112
508 667 -10.9817115042
508 774 -11.955740175
508 881 -6.64779887949
508 701 -9.47428935037
508 682 -12.5618545525
508 683 -13.8047948067
508 560 -10.8515905075
508 699 -12.1218536678
508 575 -11.5723353623
508 630 -7.90868317597
508 578 -11.6242292544
508 711 -13.0319784696
508 866 -14.4597595202
508 725 -15.313996589
508 609 -12.1292098922
508 614 -14.6858223117
508 877 -12.5702842168
508 810 -13.3432338449
508 722 -12.0002787167
508 756 -13.9999389908
508 509 -6.28081857136
509 769 -8.06008948945
509 642 -8.52333363635
509 521 -13.5877941235
509 558 -9.07675319288
509 711 -14.6343598907
509 667 -10.1778255614
509 540 -5.90123772702
509 669 -14.0772602444
509 582 -10.0773763995
509 863 -11.4550257456
509 555 -10.9169357794
509 561 -12.9359918437
509 820 -18.7649398164
509 693 -12.5272117789
509 574 -9.98363001638
509 702 -11.8092377379
509 719 -13.8268855214
509 593 -12.1205830255
509 655 -14.4025691527
509 855 -6.50279851006
509 827 -12.8947069799
509 709 -14.1474288905
509 749 -13.6002243606
509 857 -13.9975697241
509 882 -8.28823730709
509 883 -9.75970490095
509 563 -14.0599662574
509 783 -8.77984870372
509 635 -15.8425252629
509 716 -14.5198164896
510 665 -12.7965063066
510 788 -15.0762081296
510 795 -10.6813926076
510 681 -13.0561743457
510 520 -11.8817768213
510 841 -14.5004736905
510 565 -10.6787139202
510 570 -9.87920506288
510 827 -13.7895246497
510 572 -10.7299443031
510 573 -13.9030708876
510 651 -12.1440972759
510 704 -11.2225131206
510 829 -12.9383951758
510 738 -14.2494056163
510 585 -11.9018046955
510 779 -12.9813137744
510 846 -11.8683938165
510 719 -12.7378990096
510 839 -14.9331619034
510 609 -8.43630660997
510 603 -15.6270619609
510 616 -10.9765976819
510 878 -11.6907936022
510 726 -8.77023834577
511 645 -12.645280215
511 646 -16.2457535019
511 785 -10.8314969967
511 537 -15.0412888779
511 799 -10.3431370832
511 551 -12.5139613474
511 559 -14.6201382542
511 827 -11.2498748878
511 833 -8.92886246116
511 706 -11.6227673901
511 590 -11.1055379531
511 718 -11.3481900443
511 850 -10.6920252561
511 564 -8.05352296412
511 602 -15.4382959759
511 744 -11.9046605928
511 749 -5.41262536744
511 750 -8.38115417491
511 629 -8.94553834358
512 513 -11.9122475397
512 728 -8.16461214166
512 641 -16.8462328097
512 688 -10.9328305714
512 854 -8.36559041607
512 668 -8.16764511408
512 646 -12.0742070175
512 816 -10.6338739144
512 551 -9.26855332754
512 741 -15.0587833569
512 840 -9.57321616576
512 557 -11.5681124198
512 815 -11.7845892705
512 818 -14.2943616806
512 820 -6.4741987719
512 805 -12.5518779652
512 825 -16.3563478115
512 830 -12.0215838408
512 869 -8.3315048073
512 832 -10.8466242276
512 712 -12.7603712256
512 589 -14.1942621876
512 547 -12.9893219311
512 677 -7.76562045089
512 655 -9.5344043925
512 605 -6.46419608213
512 848 -11.1361076224
512 615 -11.9462267524
512 867 -6.1980944396
512 635 -13.041778712
512 811 -11.669298492
513 522 -12.8630320918
513 653 -14.1567864408
513 773 -8.39411149444
513 539 -13.0751389134
513 542 -12.5590837067
513 518 -13.5233362514
513 520 -11.5391099333
513 560 -11.8677622303
513 692 -11.5441995764
513 567 -12.4223354972
513 740 -9.87977803387
513 697 -8.7546260749
513 826 -14.5734803987
513 851 -6.7528105283
513 831 -16.9141761037
513 833 -11.5319622771
513 709 -8.94305018538
513 726 -12.7972428952
513 845 -15.1061334778
513 592 -15.3886318302
513 634 -10.490163653
513 673 -11.5098678505
513 739 -12.1944800423
513 741 -15.0677010452
513 617 -5.70976165607
513 874 -9.84077147194
513 533 -12.2581269706
513 695 -11.0008432397
513 753 -13.5537870719
513 873 -11.7371435575
513 789 -13.2980317434
513 768 -7.26676334921
514 774 -10.5212894356
514 749 -7.54450590892
514 523 -6.19826261301
514 782 -13.6290373249
514 671 -12.4070152715
514 820 -11.3531315987
514 670 -10.9622084356
514 543 -13.3308082904
514 795 -8.12296109714
514 690 -10.5475878165
514 693 -12.2857950628
514 778 -10.6922747292
514 822 -8.01647984791
514 766 -10.4995515787
514 709 -12.1031626407
514 710 -10.6391201597
514 845 -13.1779196508
514 719 -9.6061676042
514 596 -10.7498261751
514 728 -10.2793895534
514 857 -9.5046222148
514 852 -10.0237958165
514 624 -9.7049317166
514 760 -15.6213222785
515 812 -13.7513053698
515 717 -10.024190089
515 521 -11.7394752738
515 652 -10.1861887965
515 526 -12.6661624255
515 679 -6.85383329934
515 584 -11.9948368509
515 538 -9.81422303824
515 798 -10.3979452117
515 671 -8.04313443033
515 582 -11.5049409259
515 829 -10.2339613458
515 681 -10.6030469423
515 811 -9.98194747275
515 563 -13.5221145739
515 831 -7.58864939245
515 612 -14.0358364274
515 698 -10.5368961045
515 615 -8.10563981543
515 881 -8.69565546749
515 579 -13.4432822952
515 586 -13.8814630482
515 587 -11.7495794135
515 590 -12.8115361544
515 721 -11.6100438082
515 548 -7.96199539124
515 763 -14.1394303704
515 866 -7.44309689414
515 616 -13.495490847
515 749 -10.0246303754
515 625 -12.962685432
515 884 -15.1226981962
516 518 -13.8401213529
516 519 -9.65988362034
516 685 -12.2440157603
516 523 -13.6479723668
516 525 -17.4015533033
516 875 -11.1598297212
516 564 -10.7067972899
516 644 -13.812363721
516 534 -14.6786982047
516 671 -10.5580947279
516 577 -12.3842111691
516 820 -11.2727143672
516 798 -12.7083909236
516 677 -14.8843511124
516 806 -8.94481124844
516 876 -14.9350732675
516 686 -9.9138106113
516 688 -12.9441843889
516 689 -14.7517246225
516 691 -17.3109960276
516 801 -7.15781334143
516 716 -11.196791785
516 600 -9.04962155211
516 568 -8.24211330079
516 718 -14.1017409796
516 694 -8.40418726416
516 772 -14.4009571135
516 859 -8.53400835955
516 699 -7.77078349726
516 605 -11.0507547068
516 743 -11.7051258814
516 861 -11.1746767663
516 762 -11.0329223418
517 684 -9.29837700478
517 798 -11.3996842364
517 526 -10.9798166243
517 658 -14.8722662895
517 788 -14.6334209616
517 796 -10.2519808252
517 544 -14.8467520985
517 673 -11.0461087654
517 550 -11.5744129393
517 551 -14.7466478598
517 565 -6.13638951958
517 693 -11.1203071908
517 827 -11.7295905356
517 875 -12.0528225748
517 583 -11.3906334627
517 593 -15.2245495838
517 676 -9.7606799666
517 870 -16.84753606
517 783 -15.7093593428
517 524 -9.68681628063
517 743 -9.3696780695
517 844 -12.8815936485
517 750 -10.6884703252
517 860 -8.16841736008
517 629 -9.9676234689
517 631 -12.9653854725
517 682 -13.9209128806
517 637 -7.87244789986
517 766 -14.9732926686
518 643 -15.1718784686
518 645 -12.364460112
518 602 -12.0041121448
518 797 -11.3272775888
518 677 -13.4059748399
518 736 -15.8224666768
518 572 -13.4872884658
518 573 -12.2735903908
518 705 -11.352069285
518 709 -10.1836953294
518 762 -8.28384902683
518 654 -12.4553775084
518 596 -10.1919114284
518 732 -10.6071021686
518 863 -9.31791770792
518 738 -6.77504111171
518 749 -12.7129286743
518 723 -11.9035152546
518 751 -11.3556617958
518 755 -11.1949593792
518 758 -14.1592148986
518 632 -10.6440063874
518 634 -11.9200554036
518 765 -16.5723525659
519 769 -11.4012894745
519 774 -12.3643483304
519 527 -12.7463582164
519 663 -14.8402045925
519 540 -12.5218680419
519 672 -12.1394644617
519 546 -13.7407461505
519 796 -15.6852013207
519 686 -12.8039507753
519 693 -15.3878736426
519 697 -6.33645162135
519 572 -10.5327046987
519 557 -14.9880484508
519 842 -12.9025096661
519 783 -9.66207783021
519 739 -13.5276397118
519 858 -14.8877297287
519 859 -12.6937723602
519 700 -9.73892950941
519 621 -11.7196231722
519 623 -10.6684744736
519 633 -10.2924198222
519 638 -11.304372865
519 639 -12.7640119167
520 555 -10.4205388256
520 646 -12.575250664
520 532 -13.0385059683
520 663 -11.6076710336
520 794 -6.92288669025
520 539 -13.9267543032
520 744 -12.5020702966
520 561 -16.3079107189
520 548 -12.1675448712
520 677 -8.20269281794
520 556 -9.24683056356
520 686 -12.2389334115
520 693 -15.8150255274
520 786 -14.3843593057
520 582 -13.8554161299
520 698 -11.1815011701
520 583 -12.55323779
520 590 -10.7882343636
520 711 -13.3157581056
520 854 -12.7534353076
520 727 -12.4005907757
520 602 -13.9683215807
520 592 -7.85249180348
520 606 -11.2105361095
520 735 -15.3942629315
520 742 -13.5937187946
520 866 -14.6774656201
520 848 -8.92370325491
520 572 -8.85688231553
520 635 -10.6511010781
520 729 -12.9347058777
520 857 -13.1752944914
520 684 -11.5248938703
520 768 -10.9835213195
521 774 -13.1771925174
521 647 -9.92867696224
521 648 -14.510598927
521 652 -13.2034962757
521 525 -12.6565169405
521 771 -13.3008448508
521 656 -14.7648668592
521 665 -6.77229446288
521 532 -11.5522979849
521 537 -10.3087673
521 668 -9.62355430057
521 573 -13.5116506178
521 667 -13.9819897549
521 554 -9.61235266426
521 795 -9.1388560977
521 693 -6.78301715108
521 710 -11.6528784794
521 866 -13.1925373315
521 843 -6.91537824796
521 826 -10.4677483545
521 591 -12.4303149862
521 594 -10.333300911
521 778 -13.0006917538
521 596 -7.49680087738
521 597 -10.7920039277
521 605 -5.14603002374
521 863 -16.5040693243
521 807 -13.9863967115
521 871 -8.16708375184
521 619 -12.0412636625
521 624 -10.8934464481
521 788 -13.4826956173
521 757 -12.8454799828
521 533 -14.6513113508
522 649 -10.8713168621
522 636 -13.6979831166
522 774 -13.6872927554
522 776 -12.9020539625
522 670 -13.8416287522
522 799 -13.2230703232
522 822 -15.3887603614
522 874 -12.036186137
522 686 -12.7958149743
522 689 -8.71839615286
522 691 -9.35607218707
522 543 -11.4998970149
522 580 -9.45601340704
522 583 -12.1288175441
522 866 -11.0081309846
522 715 -12.4316394729
522 598 -11.1959014366
522 736 -9.45807239294
522 610 -13.8511187888
522 601 -10.5800063296
522 789 -12.1186244573
522 633 -12.4700788281
523 799 -6.48724596397
523 808 -15.6227875801
523 556 -11.7671276115
523 756 -9.72604141545
523 695 -12.2814970181
523 824 -10.7801929156
523 697 -11.1680066884
523 788 -11.7110835634
523 566 -14.0883902041
523 705 -13.4530503948
523 869 -14.1752357673
523 608 -7.45295210506
523 614 -10.7781563222
523 873 -12.49900527
523 747 -10.1667824112
523 616 -13.5010193233
523 768 -13.3249534128
523 628 -14.9755228568
523 755 -8.2347850853
523 763 -11.6512045268
523 576 -8.94119723029
523 637 -12.906465562
523 704 -7.09100373901
523 767 -8.57182276054
524 670 -11.1566212492
524 863 -12.6509627462
524 862 -9.61420217823
524 788 -10.155836135
524 790 -9.66119235352
524 534 -9.25019748137
524 535 -13.9701896493
524 537 -17.2796200861
524 837 -9.31144195981
524 688 -13.5744094686
524 802 -9.34068824056
524 839 -12.7303699178
524 554 -12.9294321451
524 564 -10.0223204478
524 714 -13.0071622187
524 673 -8.96781055704
524 526 -10.8061901843
524 581 -13.0830665286
524 732 -11.1618875272
524 844 -8.82431962039
524 597 -12.5862103927
524 606 -14.7163375888
524 878 -13.214113304
524 657 -15.2177765518
524 617 -11.2869480665
524 874 -10.1976807963
524 842 -9.92779216834
524 659 -13.4655607325
524 695 -8.555195364
524 525 -14.9900809964
524 768 -11.6446922833
525 641 -11.8928418226
525 769 -6.69436620788
525 727 -11.1308988677
525 648 -13.89592614
525 527 -17.0269624125
525 660 -9.01434080388
525 820 -11.2892565347
525 815 -12.3165668637
525 575 -10.337845355
525 585 -13.8393660585
525 600 -6.99271777018
525 716 -12.011872311
525 724 -14.440583719
525 864 -11.4189701235
525 611 -13.9855648521
525 873 -10.6725359585
525 622 -9.23868830699
525 761 -11.7630536493
525 657 -10.4608886462
525 555 -5.2164455148
526 646 -9.66544760006
526 775 -13.1680441412
526 747 -13.7536051714
526 651 -12.1161335967
526 796 -7.31615535919
526 547 -8.04524450366
526 805 -13.6464124324
526 579 -11.992273448
526 553 -15.8967486478
526 541 -15.6532810078
526 683 -12.8285695701
526 690 -13.1316061631
526 834 -12.5419512993
526 837 -13.3305678319
526 589 -9.68485328844
526 847 -6.18106349202
526 758 -10.6568257747
526 727 -10.348510483
526 609 -14.6765951988
526 618 -14.4946292756
526 626 -12.2849076978
526 767 -10.1446768875
526 790 -16.3282285024
527 770 -9.09536619477
527 654 -6.09361559985
527 787 -9.33639229782
527 535 -10.1211799499
527 664 -11.3298352922
527 673 -14.0584593573
527 547 -9.07010444721
527 550 -11.8430565775
527 829 -10.3218700664
527 681 -14.0393057933
527 818 -8.78333653033
527 820 -9.00551603927
527 565 -13.2891937276
527 625 -11.998924836
527 828 -9.59189077637
527 833 -13.2625783263
527 567 -12.8911552986
527 840 -9.65275301998
527 782 -14.135211374
527 725 -11.057566475
527 869 -11.404904035
527 741 -13.3650968271
527 807 -10.3257038224
527 582 -11.6109506322
527 873 -11.7104944927
527 573 -9.57975969631
527 624 -13.5412989282
527 632 -8.47577031308
527 636 -11.9365642465
528 832 -12.8669485731
528 648 -7.70866649843
528 737 -11.3928645281
528 730 -12.4865823543
528 531 -9.35692690808
528 836 -12.4428705084
528 533 -14.3735300433
528 538 -12.6705459495
528 695 -11.326459128
528 544 -13.1170057963
528 701 -12.7264584854
528 549 -15.218739482
528 861 -12.7809777054
528 555 -11.3519630087
528 819 -7.73007338692
528 559 -11.928865726
528 816 -12.5285759718
528 817 -11.8888138941
528 818 -14.700249575
528 710 -16.5945171341
528 884 -13.5485779338
528 723 -10.6676941379
528 699 -7.39276362638
528 703 -11.8505949636
528 583 -14.0574181632
528 842 -14.0795852531
528 568 -9.07443375702
528 595 -13.1717287101
528 727 -15.9492738828
528 857 -12.1528276321
528 606 -11.2924508845
528 652 -13.5241298738
528 573 -11.5824836876
528 619 -14.8785716617
528 659 -14.9927881658
528 625 -3.53032074311
528 725 -15.5074254634
528 662 -15.2583302219
529 769 -12.1351488725
529 572 -10.3400058056
529 556 -10.7295419322
529 813 -8.04462679045
529 655 -7.14877382977
529 772 -11.4718980022
529 666 -12.3852483726
529 538 -12.9660922258
529 731 -6.68307944417
529 800 -14.670311196
529 675 -15.2998141356
529 860 -16.1264204686
529 661 -12.7936570154
529 682 -15.4040830869
529 798 -11.1900163173
529 690 -14.2183146437
529 565 -13.6793933117
529 585 -12.2137556341
529 741 -12.5509464478
529 603 -11.7768784686
529 736 -8.80822585002
529 877 -16.3212325466
529 879 -10.1786231421
529 638 -5.43315578511
530 713 -9.31840953872
530 782 -13.4205755229
530 656 -13.09837957
530 531 -10.387107603
530 553 -9.27200364824
530 682 -11.584657372
530 689 -13.7747352079
530 694 -11.1475885012
530 840 -14.2463812309
530 781 -13.5113759279
530 590 -9.07936192917
530 595 -10.6290594845
530 856 -15.1619109232
530 738 -10.6390387704
530 739 -12.302451828
530 874 -11.4774508689
530 619 -11.4892846943
530 876 -15.822478315
530 723 -8.62424928155
530 681 -14.0542224957
530 883 -13.2104526864
530 810 -9.54253949441
530 764 -12.1431638933
530 875 -15.1794013792
531 769 -8.25627660438
531 828 -17.0746369603
531 651 -8.16984531234
531 671 -11.6426925859
531 731 -6.19373920741
531 557 -10.5450906691
531 561 -9.18019626503
531 574 -7.7509934118
531 824 -14.1530339949
531 698 -15.8863574271
531 571 -11.7890398151
531 575 -7.16615486016
531 874 -11.8106167909
531 598 -7.22143816472
531 602 -14.4266270055
531 606 -15.1847800061
531 615 -12.5042925673
531 746 -14.3481003168
531 749 -10.5796611665
531 623 -9.03895915202
531 597 -13.2316175201
531 809 -9.95706710446
531 760 -8.94549261657
531 633 -10.6304017183
532 670 -11.9472458762
532 772 -11.3345575242
532 798 -7.19717266865
532 785 -8.58133569769
532 535 -12.6816740324
532 796 -9.29746093813
532 816 -15.1945965894
532 650 -14.2986236954
532 550 -13.263652691
532 697 -6.22961897589
532 827 -8.1700331679
532 828 -11.8429695155
532 701 -8.45680649113
532 575 -11.2298842578
532 704 -13.6350184145
532 783 -14.0002702337
532 595 -15.5423102787
532 596 -8.88814121897
532 859 -10.9350230536
532 732 -11.4590090113
532 863 -9.69276109785
532 851 -14.657564407
532 741 -12.3021319118
532 614 -17.5522295749
532 568 -15.2661321681
532 873 -15.1711480399
532 618 -11.9003878188
532 881 -15.3420738869
532 742 -14.8597885809
532 765 -14.1686768395
533 684 -8.60315350506
533 849 -11.9159249704
533 770 -13.1454016522
533 778 -10.6175294393
533 782 -14.1510115474
533 785 -14.0111301031
533 662 -8.26516022104
533 841 -15.4054671329
533 669 -11.4944124872
533 548 -11.5214450814
533 689 -13.4903589016
533 758 -11.9289878888
533 707 -13.3374839991
533 839 -9.10147227961
533 715 -12.1871602958
533 653 -13.6673055046
533 546 -17.8324934413
533 547 -16.4235361491
533 852 -11.8978240774
533 725 -7.26516831982
533 728 -13.0612616588
533 605 -14.3133645265
533 612 -9.73075903825
533 796 -14.1176091683
533 584 -9.33465969047
533 808 -10.3591310716
533 622 -11.6596294262
533 623 -12.4022489975
533 787 -13.2952434525
533 802 -9.93431411768
533 769 -12.2867822005
533 593 -8.47887142242
533 866 -14.1740674982
534 780 -11.6038099943
534 654 -14.493659957
534 788 -10.6968694475
534 662 -12.6827923311
534 791 -14.8563333407
534 665 -11.5007801546
534 709 -8.94408036504
534 850 -16.0127030604
534 548 -8.65912576514
534 765 -11.064300617
534 681 -13.1479944303
534 684 -15.1865777797
534 808 -13.6417207166
534 848 -9.8812399756
534 735 -14.6749198968
534 575 -17.0398668673
534 604 -13.3525577111
534 585 -12.7590237862
534 842 -13.1439900981
534 845 -13.378252723
534 685 -10.3939836288
534 854 -17.3233468844
534 728 -13.2090361013
534 607 -14.6963417987
534 836 -16.5853815545
534 871 -12.3224361753
534 617 -13.556380728
534 673 -7.42379205418
534 881 -7.91700096873
534 626 -13.7809338793
534 876 -9.7549042232
534 633 -12.6713471421
534 837 -6.22452095376
534 637 -8.76055290509
534 866 -14.7620173945
535 876 -12.8430599344
535 837 -12.1025065383
535 808 -12.8050402865
535 760 -17.2841850938
535 665 -13.114528883
535 790 -14.8763792113
535 537 -9.56096824072
535 666 -11.2382508051
535 884 -13.829860001
535 541 -15.7395047564
535 881 -11.1450747482
535 807 -13.8169193963
535 809 -15.1337950984
535 554 -12.170919834
535 686 -17.4610798842
535 817 -14.0868204942
535 820 -7.83111452839
535 697 -11.7802014878
535 829 -9.56898859823
535 840 -12.4269437056
535 713 -10.057914134
535 842 -11.8143744031
535 715 -8.72989709395
535 716 -7.5771843018
535 597 -14.0865460927
535 723 -17.7207359927
535 727 -14.0284655702
535 746 -12.4932961729
535 601 -11.4841890281
535 602 -9.17489543659
535 733 -13.9130272513
535 862 -11.6641043014
535 616 -12.3415269528
535 745 -12.7386614052
535 750 -7.55604062699
535 883 -6.14030878497
535 857 -7.49692728239
536 647 -13.9045839785
536 749 -9.01772256884
536 645 -13.4511235992
536 856 -13.6153591391
536 676 -15.509736819
536 586 -15.943600642
536 569 -13.9372080529
536 686 -9.79219104713
536 542 -11.591100347
536 561 -14.4951829375
536 700 -10.6326882717
536 587 -10.2870863108
536 591 -13.4971287025
536 882 -15.864640556
536 767 -10.0742618327
536 868 -16.5904456923
536 679 -10.010751713
536 743 -8.31724491293
536 786 -13.0810865985
536 873 -10.2509349364
536 879 -11.0189763482
536 857 -13.947055716
536 759 -14.2120890459
536 746 -11.6318506159
536 755 -11.3518942082
537 643 -4.90428524001
537 670 -9.9882984832
537 543 -8.03723108479
537 674 -11.6194240956
537 799 -10.7075957727
537 732 -12.6638808688
537 552 -12.0884149752
537 559 -12.4401370282
537 649 -9.66828458078
537 563 -12.5587540783
537 868 -12.081785632
537 573 -12.1057220305
537 843 -8.56526217634
537 575 -10.6493941984
537 694 -11.6878626788
537 835 -12.9625484551
537 780 -12.5194741177
537 759 -11.8503567919
537 754 -12.9863812971
537 587 -11.4884940795
537 664 -9.60139254507
537 654 -13.6939236729
537 849 -10.2965228055
537 729 -12.8074552804
537 607 -13.6775408727
537 609 -6.28806585922
537 612 -8.08642150973
537 614 -16.3461137396
537 747 -6.73542072375
537 595 -10.8063961409
537 793 -10.5283595306
537 631 -10.713903128
537 740 -12.9185896947
537 704 -13.8761539632
538 541 -12.3017910451
538 546 -13.9655683978
538 547 -11.5852963631
538 570 -14.4711939473
538 580 -10.7341388105
538 587 -14.2454301392
538 605 -7.60222847917
538 617 -9.28285106041
538 622 -10.935703493
538 628 -11.7626413991
538 629 -11.7508958649
538 646 -10.4508685705
538 663 -8.47706022785
538 668 -15.2140793939
538 673 -8.65988433993
538 676 -9.21524156124
538 690 -11.9169750905
538 738 -10.5849024893
538 755 -15.9388762025
538 768 -9.23009340588
538 779 -12.5047139699
538 643 -12.3395649873
538 784 -10.561859336
538 791 -8.81257543567
538 797 -14.7296422872
538 810 -11.1583629449
538 812 -8.81945785728
538 816 -11.535417855
538 819 -12.9949077297
538 829 -13.596414158
538 833 -14.2157018059
538 834 -13.5417770984
538 846 -12.1931208304
538 857 -11.0196249726
538 865 -15.3631676984
538 876 -10.490750442
538 877 -13.8091530253
538 576 -13.5595055912
539 649 -13.9703593956
539 778 -8.17283068948
539 781 -12.0908689267
539 841 -10.2365142258
539 834 -10.3805350082
539 687 -16.8356795492
539 859 -11.4702942328
539 547 -14.3788193128
539 714 -7.36999855231
539 691 -11.3043118314
539 559 -11.2690783193
539 777 -7.31712848555
539 568 -11.0122633996
539 577 -13.8218390729
539 793 -10.8523014221
539 713 -19.4855442044
539 698 -10.9146213946
539 589 -12.6691696239
539 850 -10.5145005362
539 725 -12.4453262934
539 855 -6.21329221699
539 733 -13.7715088716
539 699 -12.6497274339
539 735 -14.8116819373
539 739 -14.0575323029
539 615 -16.3254961326
539 874 -10.0834952261
539 853 -11.4512166561
540 811 -17.4845860191
540 785 -15.714783432
540 821 -9.07035714414
540 541 -7.23670769692
540 548 -13.6625959455
540 679 -9.95388019039
540 808 -13.1175049946
540 741 -10.3381270869
540 842 -12.4366583931
540 565 -13.318204103
540 568 -10.768002143
540 826 -10.6358127925
540 704 -10.8576345841
540 766 -12.5664022375
540 586 -13.4237622416
540 681 -12.8755052706
540 549 -13.1359250668
540 633 -11.472254893
540 723 -10.9192698155
540 677 -13.2245504663
540 698 -10.3921495801
540 656 -14.6823145778
540 862 -10.1484730218
540 863 -10.405305769
540 737 -11.1014950665
540 610 -13.6319928118
540 573 -12.9775079604
540 619 -10.3445766357
540 621 -15.6143882136
540 851 -11.6169587011
540 634 -13.3495865375
540 726 -14.6003531041
541 775 -12.7097762215
541 778 -7.42157638905
541 652 -10.1251355636
541 682 -9.20193498754
541 657 -8.32077977397
541 662 -7.56678136126
541 665 -8.87659149698
541 549 -11.1738347812
541 552 -13.3682408817
541 815 -13.5074676806
541 817 -9.4852940659
541 808 -15.4749363474
541 691 -14.249588753
541 568 -7.26835111359
541 869 -11.1488345142
541 578 -11.6481437696
541 839 -16.3937885004
541 845 -8.6433712196
541 843 -11.6687780217
541 739 -13.923224351
541 598 -12.0441202323
541 643 -12.4603676568
541 570 -10.2398402814
541 733 -12.4465376421
541 609 -13.6416631093
541 618 -10.4876802828
541 617 -11.593535354
541 554 -11.2290046567
541 760 -15.5960489815
541 640 -10.8364070556
542 832 -12.4939848449
542 749 -11.623414919
542 781 -12.4190292735
542 662 -15.445695011
542 545 -11.2666118155
542 810 -10.2135553027
542 798 -13.4446455893
542 567 -16.7351587638
542 809 -11.8155798475
542 577 -11.5168687052
542 866 -13.8565795449
542 589 -13.4987519905
542 592 -15.5968071881
542 857 -9.07678767076
542 869 -9.53237317518
542 871 -11.4157870049
542 746 -12.4384172722
542 620 -13.8801953892
542 621 -11.2258399532
542 622 -13.5772839559
542 879 -10.4515180936
542 639 -12.3405418603
542 762 -17.0438074146
543 769 -13.718293124
543 643 -8.34014433154
543 646 -14.1502311066
543 751 -14.6765671627
543 836 -9.63398922101
543 879 -12.3401988962
543 799 -9.61542645543
543 690 -13.5917108648
543 821 -13.1682826839
543 572 -10.5756147577
543 753 -10.8438928414
543 834 -13.8051739219
543 584 -7.26996392792
543 714 -10.902671764
543 721 -13.5089174411
543 725 -12.4039447338
543 726 -11.1958862537
543 606 -14.2903369121
543 865 -12.5790387032
543 700 -11.726885337
543 873 -10.5363154601
543 682 -11.2993477038
543 748 -10.9385390751
543 877 -7.48920255455
543 712 -12.7532031694
543 629 -7.5750070536
543 762 -13.8476134913
543 635 -5.22450100121
544 779 -11.1095734267
544 660 -5.99129822935
544 662 -14.8205637713
544 791 -11.2711633569
544 794 -10.5869900624
544 735 -14.4457523825
544 547 -12.4627994736
544 684 -15.1176156304
544 584 -10.7577615729
544 557 -13.4787883297
544 689 -9.65140774295
544 777 -14.1192501411
544 695 -11.6682430431
544 573 -11.0571823385
544 832 -9.66572450273
544 829 -16.0537293334
544 599 -11.1283994776
544 602 -13.2409496737
544 733 -12.5397443662
544 867 -12.5966024629
544 869 -14.0518426408
544 615 -12.2776663266
544 701 -8.54926566265
544 552 -9.98146092317
544 625 -11.6398120913
544 810 -10.0615113535
544 633 -8.96048261656
544 638 -13.9876067031
545 751 -8.64645327131
545 645 -16.3767415399
545 775 -7.89578127268
545 662 -13.1336189702
545 769 -9.68050884569
545 839 -16.1648163924
545 605 -7.61274483496
545 712 -9.01677808634
545 859 -7.23552349085
545 565 -5.20108177992
545 821 -12.6389783199
545 699 -16.3291590525
545 828 -14.606421765
545 877 -13.8741963871
545 583 -13.1733530998
545 584 -12.6629757793
545 591 -11.1746623839
545 594 -7.75206730747
545 723 -10.9811620276
545 724 -17.036470527
545 762 -13.2736141293
545 857 -14.7188586052
545 604 -11.4567121808
545 611 -8.73471430974
545 617 -14.3567659342
545 747 -13.4613245132
545 883 -3.81547653719
545 884 -11.9733394778
546 645 -12.450764727
546 649 -15.1365106983
546 858 -12.0074233896
546 841 -13.9560119007
546 666 -4.3154442141
546 665 -9.15124982101
546 667 -11.6662521924
546 670 -14.9375491372
546 675 -10.2502479857
546 680 -12.7743494383
546 824 -13.0935253035
546 690 -13.4463632692
546 694 -15.0495442678
546 672 -11.5378058811
546 573 -8.75207866457
546 713 -16.600776002
546 832 -13.4630549573
546 716 -8.74000501018
546 568 -11.3798984625
546 867 -13.8228699061
546 591 -14.1150499078
546 850 -13.5574740367
546 596 -13.4104213226
546 598 -11.5116211409
546 727 -13.2172334149
546 600 -9.05230715758
546 730 -7.70098551745
546 864 -12.1154215784
546 739 -10.9260270231
546 876 -10.1826754285
546 756 -14.6159827741
546 759 -11.6338722985
546 762 -11.0112533638
546 640 -13.0491899036
547 602 -7.13457919253
547 601 -15.3602779286
547 561 -17.1261137495
547 629 -11.7618019978
547 568 -11.5041919942
547 833 -7.09186215496
547 769 -12.8202736147
547 841 -12.3607407179
547 666 -14.8668534503
547 720 -12.4689837307
547 726 -12.2713115806
547 856 -13.9392791322
547 575 -14.143376911
547 863 -7.27656367368
547 612 -13.0764949105
547 742 -11.7404520296
547 743 -13.0327080581
547 617 -13.7483796334
547 744 -6.93589270546
547 751 -12.7100850858
547 881 -7.49663238979
547 745 -12.15150749
547 883 -11.1952094808
547 682 -9.69134959476
547 661 -9.73192498007
548 715 -11.2399161129
548 794 -11.9530980956
548 807 -12.8504015426
548 827 -12.7961350758
548 703 -13.5697027178
548 864 -10.6840544579
548 837 -14.1908483592
548 717 -13.2266358822
548 593 -12.6176862819
548 612 -12.3185793625
548 856 -14.8168095271
548 651 -10.7252141396
548 610 -13.2913714879
548 834 -13.8155263209
548 871 -11.1705136633
548 809 -10.3677702229
548 563 -11.0065758888
548 630 -13.1987057382
548 632 -7.6772039703
548 661 -13.5303362253
548 635 -11.3511678938
548 765 -11.51772333
549 812 -12.6077050914
549 579 -13.898392394
549 655 -11.0194768909
549 665 -10.8093267722
549 580 -14.1515242258
549 854 -11.3150793721
549 795 -12.0850812073
549 816 -15.0698223907
549 684 -16.2561988912
549 566 -12.4979737847
549 723 -13.5989573088
549 699 -8.51063962452
549 706 -11.0500381557
549 837 -11.6211531959
549 696 -12.9844721979
549 835 -12.916363759
549 783 -9.9457735912
549 669 -12.055471151
549 745 -6.26247297536
549 844 -13.2334598926
549 680 -12.2719464617
549 622 -9.50354900294
549 753 -10.7680305312
549 756 -12.7986816097
549 797 -10.9202671791
550 642 -15.1822629958
550 782 -7.12881011341
550 659 -11.615043959
550 789 -11.2687899497
550 792 -9.69948732987
550 645 -11.6749290162
550 884 -11.8918141821
550 551 -15.4785831027
550 689 -15.9302493004
550 811 -6.77478337184
550 693 -10.4712827648
550 787 -14.1998742762
550 565 -9.24675201549
550 571 -7.93637052866
550 702 -12.4771338672
550 576 -13.3308752441
550 578 -9.74915546918
550 802 -12.113570052
550 843 -14.1496902084
550 603 -12.5847770917
550 622 -10.3742199321
550 657 -12.4104292287
550 873 -12.8635533988
550 618 -14.9090391012
550 876 -16.6631242433
550 608 -6.86749065162
550 755 -13.266316244
550 756 -4.63517829376
550 631 -14.581917122
550 790 -11.6752459197
551 771 -13.5251049696
551 824 -9.12132130361
551 659 -11.0923010623
551 836 -9.7902284709
551 645 -10.7596113259
551 833 -10.8140137807
551 680 -9.98164830901
551 810 -14.1922430051
551 558 -13.6016533756
551 687 -9.37578067085
551 798 -16.562064861
551 689 -11.3802308024
551 699 -16.9658160783
551 705 -8.380247468
551 834 -8.67295553133
551 632 -11.5631189717
551 725 -12.1912691235
551 854 -9.9294007222
551 603 -12.0501570472
551 732 -16.1439165896
551 733 -6.39795865219
551 863 -12.9106205544
551 609 -8.96033155582
551 616 -10.4610514144
551 787 -16.6819433817
551 761 -13.1496824422
552 770 -14.1379956102
552 556 -12.4800126383
552 700 -11.0808971617
552 747 -12.4097857485
552 811 -16.5224699803
552 664 -7.34723955783
552 837 -13.0009161535
552 788 -12.4856654416
552 654 -12.4842570974
552 679 -12.84151386
552 828 -16.0602123063
552 567 -5.51676502789
552 629 -14.3892265075
552 571 -13.0108323407
552 830 -10.2872789355
552 578 -8.89820768265
552 709 -13.3281701927
552 823 -7.37837374935
552 839 -12.0902977388
552 713 -13.2856346712
552 740 -9.07112020301
552 591 -8.40108078181
552 698 -13.6640146997
552 729 -8.93429656328
552 602 -12.523596492
552 862 -13.6709836781
552 864 -14.7037671033
552 628 -11.3182743851
552 593 -10.8730954289
552 612 -12.0569094525
552 872 -9.66922647997
552 762 -12.1368953872
552 768 -12.0466029983
552 639 -14.7804468136
553 876 -16.4936720504
553 727 -12.002345007
553 649 -17.0862015826
553 877 -13.3450847214
553 779 -14.3414996373
553 653 -10.8361444898
553 622 -12.5715389114
553 580 -9.18833688416
553 793 -11.7304840721
553 648 -10.4185728081
553 733 -10.2824459971
553 714 -7.26218115374
553 561 -11.9420738147
553 574 -13.7346594887
553 869 -11.2891731623
553 715 -10.2651867896
553 717 -12.0899112484
553 825 -14.3971105099
553 598 -12.0635161864
553 730 -11.9257020799
553 592 -12.1184532849
553 610 -14.3034183471
553 875 -13.4897658856
553 776 -10.6503085654
553 626 -10.9637504646
553 627 -12.0312388179
553 674 -10.1723725122
553 738 -9.16928181562
553 802 -11.8522947174
554 834 -10.0147795594
554 838 -15.102919696
554 678 -9.81607363253
554 679 -5.57568438344
554 882 -13.8534882895
554 811 -11.7406902472
554 561 -11.8145491252
554 818 -14.6200343571
554 566 -14.0514070312
554 778 -14.6249489088
554 825 -14.8468096072
554 701 -9.32541341155
554 837 -15.0041801227
554 593 -8.37843131154
554 723 -13.3456564299
554 600 -9.21730124569
554 707 -10.7739118059
554 805 -13.7454078596
554 861 -6.04330136378
554 669 -13.8257863144
554 871 -15.8421062301
554 617 -10.4237423688
554 745 -5.96480929133
554 760 -13.1335018501
554 598 -5.35678188694
555 773 -8.67548238152
555 557 -12.1584380575
555 782 -12.6792326002
555 665 -12.5438799855
555 602 -11.5576334428
555 798 -12.5161262427
555 804 -15.350695037
555 829 -17.2535939707
555 778 -13.748404204
555 834 -8.28251226955
555 592 -13.8167677797
555 587 -13.7513794967
555 844 -14.1188329502
555 664 -9.44401974424
555 849 -13.3348165996
555 594 -11.2884363876
555 863 -10.9054380356
555 848 -11.4706164516
555 572 -13.9169289203
555 573 -13.769465558
555 751 -6.97797922764
555 742 -9.14012461816
555 618 -13.53373241
555 794 -3.71681630736
556 620 -8.29555005562
556 773 -14.7202796695
556 877 -13.9893319789
556 644 -12.4889196699
556 861 -9.1850556797
556 560 -10.2191828573
556 713 -10.6163882563
556 692 -13.3557920351
556 855 -16.0233289535
556 572 -11.5555613629
556 712 -9.36500623317
556 592 -12.8585499032
556 593 -7.51926932441
556 741 -11.4743244093
556 656 -10.4064934659
556 784 -15.4364132216
556 613 -13.2190248699
556 742 -11.2530477863
556 699 -15.3381447081
556 750 -8.91531429257
556 628 -6.6117742573
556 858 -9.74953676148
557 771 -11.0376231217
557 780 -8.9063942637
557 679 -15.5915693043
557 560 -13.6294276065
557 752 -13.5466319747
557 816 -13.0373339614
557 620 -11.0054371075
557 712 -9.34995948357
557 815 -9.68782839672
557 561 -10.0166799792
557 819 -13.7053656653
557 697 -14.7558211897
557 574 -15.2617379851
557 583 -13.0690686248
557 851 -13.1151876345
557 734 -11.2650453414
557 750 -14.2570409054
557 878 -8.55922422066
557 617 -9.69281630214
557 619 -12.1737319351
557 793 -11.4907644667
557 756 -7.74247698392
557 811 -15.4883518411
558 717 -16.5729238455
558 649 -12.002014325
558 642 -11.6969168512
558 796 -13.6306916754
558 863 -14.2790358347
558 814 -7.14947603533
558 843 -15.4752646163
558 832 -13.7292313578
558 579 -11.9433901243
558 709 -11.7606108813
558 584 -13.9962247752
558 713 -14.0102706465
558 586 -10.5541795336
558 846 -15.5246305158
558 724 -10.7550449509
558 597 -12.0188805413
558 727 -13.0731691751
558 603 -10.9894783712
558 861 -11.4798354273
558 767 -6.55425914077
558 844 -13.3631806625
558 628 -10.15190199
558 634 -15.6161896344
558 836 -17.7256296181
558 738 -12.8432823493
558 639 -9.31448309908
559 641 -9.9219703325
559 770 -8.46572530054
559 774 -12.590437868
559 600 -8.43367125047
559 657 -13.5643323471
559 752 -11.3169125867
559 741 -11.9941138648
559 675 -9.3363772417
559 797 -8.78950114698
559 668 -8.89810109948
559 686 -11.4650449143
559 688 -11.2881913171
559 701 -16.5959159464
559 650 -17.1254901217
559 569 -13.4129746709
559 856 -10.5785030788
559 676 -8.33460382656
559 749 -10.5000570842
559 605 -10.1518391137
559 864 -14.6368252738
559 621 -14.229860131
559 756 -9.45349173988
559 810 -11.3182390317
560 779 -11.8505910244
560 653 -11.3542216289
560 726 -12.3192889277
560 867 -10.9958174317
560 800 -14.1447904043
560 805 -16.6019268771
560 708 -16.9799448175
560 583 -10.8903916053
560 733 -7.26640457097
560 741 -9.423271787
560 883 -10.225689498
560 631 -8.61545265437
560 768 -13.2287767161
561 684 -10.0254100964
561 774 -10.9176008311
561 775 -12.6731688392
561 652 -13.6429908702
561 653 -10.0158686292
561 660 -11.6722265019
561 781 -6.49291656889
561 654 -9.67760516413
561 804 -7.96931309205
561 815 -11.8397792373
561 800 -15.3099968532
561 738 -16.7747307936
561 569 -13.4804528113
561 851 -12.1990020946
561 856 -12.0356962185
561 852 -16.6816030951
561 605 -9.1103838526
561 763 -12.8504796193
561 665 -9.74341057779
561 574 -6.89367340191
561 754 -15.9364146914
561 788 -12.2717874316
561 772 -12.7980921782
561 832 -10.0072976323
562 771 -10.6985480346
562 647 -11.3814425103
562 650 -14.2698575217
562 794 -9.67744256269
562 803 -14.85023718
562 677 -16.6370862911
562 770 -8.99730939001
562 695 -9.79270041845
562 826 -8.50764087818
562 638 -14.2330234129
562 630 -14.7621428496
562 716 -10.601016357
562 712 -10.0599457654
562 568 -10.6881033689
562 851 -9.81061375924
562 597 -12.209057568
562 732 -12.4776753498
562 861 -10.9290463011
562 624 -15.0691423784
562 617 -6.41405485116
562 593 -7.57544927299
562 832 -9.55765560745
563 645 -11.4635369571
563 727 -10.1971696036
563 774 -16.9980681001
563 654 -16.7067634546
563 818 -8.67558900126
563 681 -14.4544325736
563 816 -12.5758192748
563 567 -11.337203776
563 844 -16.1152971612
563 695 -14.3846234074
563 585 -13.757584665
563 716 -11.7587344131
563 846 -11.7851510768
563 591 -12.58215765
563 592 -8.52044294749
563 600 -13.7954171939
563 878 -14.1358701802
563 877 -12.239605609
563 752 -10.3260556401
563 631 -12.1307479583
564 641 -13.8503537208
564 751 -15.5716525343
564 728 -11.2014654771
564 875 -9.51896452153
564 789 -17.2394738042
564 663 -13.204635509
564 837 -11.7232787928
564 667 -12.2578790556
564 796 -9.41603855953
564 620 -15.3224864335
564 805 -12.3148573038
564 684 -13.4228776467
564 812 -8.4295642162
564 683 -12.2458722315
564 822 -11.174234421
564 827 -10.7012960294
564 576 -13.0886614549
564 760 -12.3200754415
564 569 -14.4688019891
564 839 -5.560916982
564 605 -12.1870384346
564 607 -9.25868842144
564 613 -11.6147253153
564 679 -12.881535088
564 877 -9.84297617733
564 610 -9.07056786756
564 790 -8.01873866167
565 772 -8.18829796878
565 647 -12.1141564092
565 639 -8.36351458222
565 779 -10.5992226295
565 656 -9.39314550661
565 645 -12.9185731072
565 660 -9.1999269648
565 790 -16.1673540251
565 791 -10.4405251057
565 683 -11.927343293
565 776 -8.63908182225
565 629 -13.1457960627
565 707 -9.67137844149
565 708 -14.2292956364
565 567 -8.14650816877
565 583 -11.362190754
565 568 -10.3177417577
565 845 -10.235850483
565 591 -6.66960210645
565 855 -8.67593975261
565 732 -10.9257481104
565 861 -15.842595293
565 878 -12.7700617007
565 751 -12.2911711286
565 857 -13.4451915972
565 633 -14.2925379559
566 770 -13.0094451971
566 650 -10.5869009778
566 688 -13.5585042911
566 681 -11.8058224452
566 883 -10.585944904
566 568 -12.783900757
566 573 -14.7832147378
566 705 -12.985039653
566 844 -13.2751928481
566 632 -13.0886117974
566 849 -7.66673980214
566 876 -11.9047068635
566 603 -9.73465637502
566 734 -9.47062575664
566 637 -10.7633941034
566 872 -13.6290481219
566 809 -14.6792521145
566 788 -16.8484933596
566 820 -13.1032877272
566 640 -12.9024962312
567 642 -11.8294275482
567 748 -9.44804067067
567 778 -9.66510896132
567 664 -13.4559312803
567 722 -13.7124321673
567 850 -6.166547412
567 672 -12.9048625187
567 654 -11.8008693224
567 795 -14.1422545315
567 883 -14.1755353404
567 842 -14.1061870706
567 659 -12.6257162007
567 714 -10.3872946447
567 868 -7.20501817007
567 830 -8.45342839885
567 703 -7.08721049999
567 576 -13.3446770357
567 695 -11.205345192
567 653 -10.8520103885
567 655 -9.39195363765
567 731 -13.3710525979
567 734 -13.2992156879
567 864 -16.0703982173
567 807 -11.9020296868
567 616 -14.2422682043
567 619 -13.9305596388
567 622 -11.1744029087
567 788 -12.0257973741
567 637 -14.1240513298
568 775 -15.2262166695
568 648 -8.86128882147
568 858 -15.4558641302
568 730 -9.17326302784
568 665 -12.7735296605
568 814 -11.9972855177
568 734 -12.6918132125
568 756 -10.67788382
568 737 -10.9677899521
568 668 -4.79184933851
568 584 -16.4840239486
568 604 -13.935997372
568 717 -11.7400778756
568 850 -7.3988690913
568 596 -12.2069898449
568 599 -14.4684475088
568 608 -11.1090381024
568 611 -13.9018131094
568 742 -14.3523398216
568 865 -12.0821099396
568 872 -12.8760251121
568 792 -7.90140282633
568 851 -14.5031830164
568 580 -13.4791326035
568 831 -12.5340012607
568 636 -11.7859629932
568 768 -9.6801829334
569 647 -14.5308474366
569 649 -9.97217613725
569 613 -11.4245965516
569 673 -15.3435267312
569 677 -11.9655731581
569 807 -9.2415240321
569 648 -11.8168517593
569 710 -13.7672232067
569 821 -15.3270328828
569 696 -11.4982536512
569 698 -10.5732326344
569 699 -12.3046015734
569 700 -8.31305694387
569 573 -10.9854621027
569 839 -17.2213053219
569 617 -11.9578749889
569 594 -7.61071653335
569 603 -11.1856818734
569 848 -16.0403084518
569 636 -11.2457474578
569 751 -14.1214436644
569 757 -16.0762945255
569 759 -8.17243178192
569 761 -11.4348178075
569 763 -11.9645608963
569 767 -14.8249799204
569 854 -13.2425245342
570 782 -14.2821663868
570 784 -12.0586420256
570 581 -12.0273789674
570 659 -10.9271262756
570 717 -11.0279335592
570 846 -13.294267593
570 593 -14.5555514764
570 594 -11.5293690079
570 596 -13.2056992117
570 730 -12.5633034116
570 607 -12.9816138394
570 864 -13.6544131575
570 721 -11.1848942158
570 584 -8.46232306039
570 620 -11.129937909
570 840 -12.1598918347
570 884 -13.9418474306
570 629 -10.6577194407
570 759 -5.89578958987
570 760 -11.7582225532
570 762 -12.1268258468
570 738 -15.3367835978
570 767 -11.0977308652
571 645 -12.3617199296
571 728 -9.17642653522
571 790 -13.3134548145
571 665 -15.4753149792
571 669 -14.3138657558
571 671 -7.23169843069
571 809 -11.9419333669
571 684 -8.41378677785
571 687 -11.7269035076
571 820 -8.78033392841
571 827 -15.3948586216
571 573 -11.5101768616
571 832 -12.3409064944
571 839 -16.404347004
571 696 -7.06708751602
571 697 -8.34326862555
571 737 -16.2658380993
571 613 -9.7821647306
571 842 -15.3034327879
571 749 -13.1286483539
571 877 -11.9800155198
572 833 -12.853632493
572 745 -14.2069024312
572 624 -12.657869523
572 752 -16.1437489032
572 870 -12.9140521047
572 626 -6.68834925822
572 825 -7.66713152036
572 808 -13.4752943124
572 683 -10.3566498322
572 689 -12.0349627282
572 701 -16.0667081999
572 830 -12.613861369
572 576 -12.1571716671
572 705 -10.9419763747
572 881 -10.0776194216
572 615 -8.38682920418
572 588 -11.6313108159
572 714 -13.5464689283
572 860 -11.3255638441
572 611 -11.7855519955
572 694 -13.8743063234
572 853 -14.5229513757
572 601 -12.5120520029
572 859 -13.0125992744
572 608 -12.4125638996
573 706 -14.6043292522
573 780 -12.3871477857
573 653 -12.0282403184
573 665 -12.2371875297
573 590 -13.9741742652
573 667 -10.8817634734
573 799 -11.1297626803
573 863 -12.4507546266
573 806 -16.4708547211
573 802 -13.3901068695
573 687 -12.9244188819
573 646 -6.47148346806
573 857 -10.9890000291
573 695 -9.39092174459
573 702 -14.4950514005
573 710 -9.16262293954
573 719 -11.5505041946
573 854 -12.9780227204
573 869 -13.1811621814
573 607 -9.64931380778
573 609 -6.87190891613
573 870 -6.89310336899
573 615 -14.1195797674
573 618 -9.63786622494
573 753 -12.7728507168
573 631 -12.4158543145
573 633 -9.33718025659
574 769 -10.9198658549
574 770 -9.1632641009
574 876 -10.6724607363
574 764 -12.8041159335
574 749 -13.0532040251
574 783 -7.87805579013
574 842 -8.24700437319
574 664 -15.7118672241
574 581 -12.9454595055
574 803 -15.6035838808
574 776 -14.5731465044
574 778 -12.0220271811
574 697 -11.2933796524
574 834 -13.1620279772
574 824 -11.8633411159
574 718 -11.5192516948
574 605 -13.0035522397
574 862 -17.562516936
574 737 -10.5746075645
574 615 -12.6055796955
574 751 -12.2044293948
574 882 -13.4378605976
574 631 -14.9269142823
574 636 -10.7885961166
574 768 -10.1060790222
575 777 -13.860836851
575 779 -9.49860814862
575 814 -10.8737381808
575 743 -10.4726684036
575 796 -14.4457587994
575 801 -14.6464482112
575 807 -12.9129482683
575 680 -10.0728874341
575 683 -13.5487166837
575 812 -14.8631108568
575 693 -11.5758449822
575 694 -10.6328633012
575 822 -6.32948947799
575 588 -12.1297564495
575 587 -13.2166177371
575 845 -13.2353933665
575 793 -11.5861973286
575 600 -13.1523706705
575 858 -15.158729453
575 726 -12.4576702799
575 593 -15.6711229678
575 746 -11.7587385337
575 624 -14.7690003527
575 625 -11.8877194721
575 882 -11.5026428862
575 708 -13.9578347519
575 598 -14.3788231738
576 748 -7.73037230974
576 747 -13.1815722402
576 782 -11.4517964314
576 678 -10.6536889208
576 798 -12.6225461875
576 674 -11.9468539633
576 817 -9.48051378051
576 778 -13.7961926963
576 757 -14.7424853875
576 703 -11.2680247642
576 834 -11.9923408869
576 709 -13.2635450044
576 840 -11.0235233919
576 627 -12.7879540248
576 815 -12.6309663576
576 853 -11.6308494641
576 601 -16.4830282113
576 763 -12.4776506115
576 658 -11.6329258184
576 746 -10.6239715007
576 762 -10.6111768973
576 657 -11.6674998936
576 819 -14.5231598033
576 866 -15.9303704914
577 647 -10.8573955197
577 779 -13.9724175633
577 653 -13.5161296723
577 750 -9.19804139792
577 688 -10.4118255565
577 810 -12.4958545551
577 826 -9.59585273114
577 699 -15.8860859299
577 704 -10.7061059264
577 585 -16.2739558116
577 860 -14.621155874
577 718 -14.6305609368
577 711 -11.1421371378
577 595 -13.1916059303
577 822 -9.90351227532
577 606 -11.0790862953
577 742 -13.0719050747
577 865 -9.92832658734
577 610 -8.33624329701
577 867 -12.8561420118
577 872 -14.9339806897
577 619 -13.33032371
577 876 -12.8543251393
577 621 -11.3536495483
577 751 -12.6353051281
577 583 -13.3086515393
578 657 -14.0729165517
578 662 -8.59890991923
578 796 -7.22098196729
578 674 -17.4180061589
578 689 -15.1184651182
578 648 -11.4210020021
578 813 -11.7073123146
578 821 -11.7325750259
578 834 -12.3961320338
578 701 -12.847220281
578 655 -15.4179872689
578 702 -6.71145911094
578 579 -7.27613681627
578 719 -14.7249517774
578 722 -15.3199156987
578 595 -12.3941144495
578 730 -16.1905894249
578 734 -10.8396780517
578 618 -11.3193184348
578 790 -12.4855640349
578 758 -13.8286338632
578 789 -16.0577114817
579 773 -13.067317699
579 656 -15.3040858494
579 841 -16.7508110692
579 821 -13.6353326351
579 730 -16.4515889338
579 665 -14.9909782303
579 797 -11.1254927775
579 810 -11.15707227
579 805 -13.8373171341
579 701 -16.779144492
579 709 -12.6287055902
579 599 -12.9410791919
579 677 -13.4129956726
579 784 -6.27641104811
579 605 -12.8357672389
579 737 -9.11265802422
579 738 -12.5242758873
579 621 -10.5197076546
579 724 -9.64725895833
579 757 -6.49021101796
579 746 -13.1527215438
579 761 -13.7693915952
579 837 -14.2820352751
579 619 -5.47440550773
580 653 -9.94256848717
580 796 -11.943154296
580 798 -13.5655939069
580 803 -12.484259228
580 808 -13.1613631265
580 682 -16.5322377086
580 697 -11.545788236
580 604 -12.4897497606
580 712 -15.0522535145
580 825 -13.4309816303
580 727 -16.5568273471
580 740 -11.647000198
580 616 -16.265848928
580 628 -10.9352072347
580 630 -13.1620660942
580 686 -9.92776412669
581 774 -10.8852272468
581 832 -13.8746502233
581 779 -9.24345101872
581 654 -10.1525769528
581 708 -15.2258215286
581 661 -6.75289604401
581 664 -13.9543484776
581 667 -10.3115976879
581 847 -14.1543651936
581 883 -9.40106195815
581 688 -15.2205851263
581 691 -10.2041622315
581 714 -12.494312515
581 689 -6.89760092593
581 703 -11.5453527422
581 694 -11.7947715524
581 705 -16.1556860384
581 609 -13.3258444974
581 841 -10.1523147816
581 586 -12.9948686769
581 596 -12.2299594273
581 728 -14.6121498451
581 788 -8.64337125175
581 606 -13.6024563904
581 864 -14.7870962785
581 874 -12.6308876607
581 877 -10.2376829974
581 624 -11.03220818
582 657 -9.82299248136
582 773 -11.7995804003
582 666 -9.13597831807
582 793 -16.2281645566
582 645 -13.849218191
582 668 -10.3484196346
582 673 -15.3288363491
582 711 -12.8816111694
582 685 -12.194859516
582 808 -15.394109346
582 820 -14.1202987624
582 833 -13.044699809
582 715 -10.8107155557
582 847 -16.2294829735
582 804 -13.590178299
582 863 -5.89398054829
582 867 -11.6344363599
582 636 -9.60177481793
582 682 -8.02453132761
583 771 -12.9655672124
583 815 -7.53904956797
583 669 -12.7537272515
583 870 -10.1907281529
583 687 -8.65844217209
583 727 -12.398002727
583 628 -9.37884223053
583 650 -8.18537429312
583 827 -7.29902368825
583 736 -9.20984424306
583 703 -13.4268963487
583 721 -14.1043616755
583 595 -11.8145175625
583 596 -9.98536956589
583 660 -12.350435743
583 677 -14.0129114687
583 608 -14.8878271088
583 680 -14.2371372529
583 853 -7.47933337054
583 679 -14.4812998119
583 639 -13.1385712654
584 713 -8.68098733457
584 836 -10.5070565851
584 791 -12.399488627
584 845 -10.2263053777
584 863 -15.4823687873
584 831 -15.4411199128
584 771 -7.48091324918
584 843 -11.1349581656
584 824 -15.8744114324
584 630 -12.3947181553
584 785 -12.2605601348
584 828 -13.0587740752
584 621 -12.9700359614
584 628 -13.0603236606
584 671 -11.4139291921
584 618 -11.1442086613
584 657 -10.8572587076
585 643 -13.2319769158
585 589 -12.4881198608
585 649 -11.4421922711
585 600 -12.0930142644
585 696 -8.90827518019
585 666 -11.1056580255
585 812 -15.5346907613
585 653 -9.81648966861
585 780 -13.2718392186
585 847 -9.88056787557
585 719 -8.73027091824
585 713 -14.0685907567
585 718 -10.1139076995
585 714 -11.7378139281
585 591 -12.9251969929
585 731 -10.4851682644
585 745 -13.3781201278
585 752 -12.7107329116
585 618 -9.89338763498
586 656 -12.125796066
586 659 -12.2686856739
586 663 -9.56936335181
586 793 -9.22416948388
586 667 -14.2574231152
586 603 -13.2198580049
586 833 -14.3543389717
586 810 -5.36989531699
586 685 -8.56738336539
586 628 -12.0789061705
586 863 -12.921121358
586 834 -7.54108485466
586 710 -13.5073042396
586 845 -11.3056659557
586 588 -12.283235864
586 760 -10.5008562579
586 720 -10.5449917609
586 594 -9.46018660406
586 725 -13.7666970233
586 606 -12.5698072517
586 738 -10.0882115224
586 869 -17.7379095944
586 870 -9.51734802521
586 743 -12.6955569884
586 827 -13.076540691
586 623 -13.7526743831
586 882 -13.3330682237
586 755 -9.08359117182
586 759 -11.739765173
586 632 -10.8404223739
586 761 -13.2817220719
586 802 -10.1531008124
587 641 -7.81649825099
587 770 -11.1898867399
587 667 -13.4621672994
587 801 -12.4521213383
587 817 -10.0727640815
587 678 -12.1750303744
587 690 -8.86605635819
587 692 -15.3425871346
587 823 -13.9337529803
587 629 -10.9934107628
587 705 -14.6274494759
587 716 -14.6862426169
587 846 -10.074090632
587 741 -15.7492256946
588 812 -9.17797857924
588 649 -11.2913650313
588 726 -12.7438201284
588 611 -14.4303834584
588 794 -9.74266536906
588 666 -14.457979681
588 795 -7.28379697024
588 798 -14.015650204
588 733 -10.2453638871
588 685 -14.5065060971
588 646 -12.5222618211
588 777 -12.3332001509
588 845 -15.6399440465
588 846 -15.1203313736
588 851 -11.2264645884
588 655 -11.3189997629
588 848 -15.3267236827
588 612 -10.1519030469
588 663 -12.6488414807
588 829 -10.6079820646
588 633 -14.0893018435
588 640 -15.542411222
589 641 -13.8133269287
589 877 -7.75319506058
589 791 -12.5495797306
589 816 -15.7595864897
589 673 -14.6651488899
589 860 -13.7051874737
589 795 -6.55938181485
589 756 -13.5576500717
589 822 -15.7147380031
589 828 -4.53289793746
589 829 -12.1946415717
589 760 -7.56182563468
589 808 -12.3756292535
589 850 -10.604148703
589 783 -8.6527298837
589 855 -14.1490109948
589 826 -15.1727141347
589 848 -14.510448469
589 734 -15.9552933809
589 614 -10.5512504755
589 615 -11.9167282395
589 616 -16.6649902567
589 765 -15.079433498
589 665 -12.3235949611
589 881 -13.3690729265
589 762 -12.6674499079
589 704 -13.7787057156
589 637 -14.9110645329
590 798 -8.05217911503
590 775 -13.2360630866
590 784 -14.0270334813
590 787 -12.5438583489
590 666 -14.5492767395
590 786 -12.4341055855
590 675 -13.7587622217
590 683 -11.5824750618
590 601 -10.9971428481
590 694 -11.2922223025
590 695 -9.99750187842
590 650 -10.4212690648
590 616 -10.3489731185
590 703 -12.3442064208
590 707 -7.11927666379
590 837 -14.9367870933
590 749 -11.2857717257
590 842 -7.959636492
590 715 -8.98223474024
590 592 -11.3504681149
590 596 -12.6985964244
590 771 -11.6534692868
590 622 -10.8997093433
590 755 -9.92473450518
590 758 -10.5974822285
590 763 -13.2413254111
590 640 -16.498395571
591 772 -12.6961166575
591 856 -13.1791036938
591 713 -14.2324550897
591 668 -10.8624829583
591 679 -12.2986628909
591 863 -10.5560965657
591 717 -13.7931162447
591 847 -17.2203363328
591 633 -14.3079968521
591 852 -12.1631373148
591 725 -11.2822442447
591 735 -13.6277753456
591 613 -10.5969816131
591 871 -13.4065224664
591 658 -11.2688545422
591 680 -11.7721038348
591 750 -11.56908874
591 674 -12.8651372075
591 763 -12.8463769486
591 767 -11.8034475342
592 771 -9.65669758823
592 778 -16.3851631883
592 814 -11.2389918418
592 657 -9.40289991938
592 645 -9.15353689471
592 862 -15.0148994631
592 691 -13.5732516429
592 687 -17.4148142278
592 817 -13.8904727303
592 697 -9.54561309648
592 826 -11.8640916688
592 864 -13.4587467699
592 829 -16.1143283328
592 708 -12.2068149605
592 868 -16.6569898436
592 721 -9.6397315174
592 854 -17.671084224
592 734 -13.5819605791
592 608 -15.2433017455
592 740 -14.6321708796
592 748 -10.2405079659
592 623 -12.2624580022
592 776 -7.04828009341
592 836 -16.6706831884
592 819 -12.7179154307
593 642 -15.3184192971
593 775 -15.2386579821
593 652 -12.7911134776
593 880 -14.1955882043
593 625 -10.7326824869
593 800 -9.77367921373
593 821 -10.104910974
593 783 -12.2446232702
593 712 -9.80521694374
593 760 -14.1904962553
593 600 -12.802823927
593 862 -13.53456596
593 610 -5.55002117689
593 744 -14.6176696322
593 773 -12.0126114153
593 632 -11.0472795414
593 811 -14.9906104781
594 826 -13.2753790269
594 788 -10.9789248345
594 799 -11.2758340099
594 782 -16.1819676478
594 816 -14.0556789756
594 808 -14.06662463
594 684 -13.597409389
594 815 -10.669656753
594 777 -9.60917591159
594 735 -14.9702663693
594 638 -12.5391565563
594 801 -14.4954058487
594 711 -12.6609159933
594 812 -12.9066268953
594 604 -10.5022352017
594 734 -17.111239683
594 720 -16.2353542959
594 865 -13.5698971508
594 658 -9.8083142403
594 872 -13.4358912775
594 660 -11.9884715083
594 630 -11.0335947993
594 632 -10.4222884718
595 775 -8.54665221285
595 688 -11.8503585084
595 664 -10.7829759915
595 722 -11.3303438189
595 679 -14.8372147714
595 815 -13.9805087767
595 880 -10.5410178135
595 691 -13.1074004964
595 844 -10.3935858465
595 846 -9.34250692813
595 596 -14.591278429
595 728 -14.4674286387
595 605 -16.4691593476
595 819 -8.20922010148
595 701 -12.5230633802
595 761 -11.0486740183
595 749 -15.4689594004
595 752 -9.10890222533
595 776 -10.5050739497
595 754 -9.77441443283
595 788 -9.38347352524
595 634 -15.2488974757
595 635 -14.3920202139
595 764 -12.0465021765
596 663 -11.7509439545
596 647 -16.2870298311
596 652 -15.4014102231
596 771 -13.3289964208
596 655 -8.97240265107
596 750 -14.1135014243
596 657 -14.6633135165
596 793 -6.64766692703
596 794 -9.82934925893
596 669 -15.7845682963
596 735 -8.49201443013
596 812 -13.0173139744
596 685 -10.8747744292
596 671 -11.8035560855
596 697 -9.29582195731
596 703 -10.0287833681
596 786 -9.87273844425
596 716 -12.0460601473
596 695 -12.577943796
596 607 -10.691016547
596 628 -13.2988884864
596 865 -11.9232728713
596 620 -12.4666614095
596 857 -14.298447903
597 663 -12.1459893472
597 647 -15.5053795939
597 662 -7.64216106996
597 739 -9.75890578106
597 672 -13.6123247033
597 821 -13.735286345
597 827 -15.6922349947
597 632 -8.73986295385
597 848 -7.70450425397
597 620 -12.1542176785
597 854 -6.85520713307
597 657 -7.98521486082
597 866 -11.9249762299
597 639 -11.9682654264
597 640 -8.90050798124
598 772 -14.9693727913
598 781 -14.3789464994
598 792 -9.94195390582
598 666 -13.8600986941
598 799 -11.4055669825
598 676 -14.4818425351
598 677 -13.92106182
598 680 -6.69494862891
598 811 -12.9063531018
598 813 -13.0612088496
598 694 -12.2941428473
598 725 -14.1495408889
598 717 -13.0136609348
598 654 -18.6410353002
598 724 -11.1360892489
598 610 -15.4411332939
598 729 -10.6980748426
598 735 -7.97603171349
598 608 -12.9576178409
598 744 -11.2544555409
598 884 -9.61640281923
598 629 -11.9903202049
598 633 -12.0427871151
598 661 -11.0372844601
599 642 -15.1752596702
599 772 -15.0699840806
599 602 -12.0968892344
599 779 -15.2888782823
599 653 -10.2981693943
599 771 -3.05727719795
599 659 -11.3661408817
599 816 -11.1965365378
599 647 -11.325988687
599 687 -16.0729480871
599 688 -9.78788976291
599 714 -15.8568921863
599 664 -7.33338216095
599 747 -10.1632858682
599 876 -14.3696533021
599 725 -3.67145443333
599 630 -5.97996547732
599 674 -5.70572362023
599 763 -7.52929463844
600 770 -12.6543387732
600 793 -5.62825560412
600 726 -8.56473300242
600 602 -15.6527328085
600 800 -12.4160974069
600 822 -16.9566333075
600 617 -15.0638813742
600 671 -14.1950583063
600 847 -10.9178912874
600 788 -14.2053904194
600 715 -15.6856237238
600 873 -12.9850673904
600 677 -11.6429138208
600 614 -6.16240501976
600 797 -12.3640314817
600 629 -13.8733466589
600 857 -9.38865152024
600 765 -13.1624726229
600 767 -12.2913506067
600 640 -9.99271821964
601 770 -5.14011457849
601 644 -12.3018106161
601 774 -9.75313528973
601 780 -5.01360770444
601 670 -12.4904347345
601 838 -11.8902162353
601 681 -12.9061599113
601 812 -10.2601893736
601 778 -9.53757661476
601 734 -13.6493697518
601 689 -14.8571483559
601 649 -13.2564021463
601 740 -12.5456698078
601 831 -16.5042789509
601 858 -14.4024951186
601 709 -6.54862201216
601 695 -9.8096386444
601 840 -15.4677072707
601 868 -6.58016255136
601 855 -13.1316342619
601 856 -16.2287234815
601 863 -11.2039237546
601 615 -11.2123236874
601 747 -6.38569123318
601 879 -15.9779199029
601 857 -12.5108982225
601 626 -13.130955553
602 654 -11.0801756832
602 623 -9.64006148276
602 688 -13.8568302729
602 671 -13.6597287931
602 776 -9.01316990203
602 701 -9.77513435781
602 774 -12.9203333449
602 799 -12.1717220553
602 847 -12.650610497
602 730 -14.723456808
602 859 -12.8067054319
602 757 -11.0981885082
602 746 -16.2544263408
602 635 -12.8341010649
603 642 -15.2023666267
603 645 -15.1411883488
603 663 -10.7640876763
603 665 -13.9071234227
603 774 -7.41478864354
603 786 -13.7363870809
603 798 -9.40510202066
603 812 -9.02638062197
603 778 -5.88501429724
603 852 -9.89707973243
603 727 -11.9951696834
603 828 -13.3312634292
603 831 -16.1749176252
603 724 -12.170966356
603 725 -7.7946207113
603 735 -13.1969721762
603 678 -14.7014585843
603 867 -12.8086687968
603 618 -9.75496790109
603 810 -10.7421918735
603 830 -9.56889806292
603 763 -10.5860393787
603 764 -11.5189268802
604 770 -16.6604329217
604 653 -12.81201175
604 739 -13.8338321847
604 670 -13.0082610425
604 804 -8.78844851351
604 823 -10.0895317031
604 697 -13.0216548334
604 608 -11.4068695174
604 736 -13.5028400242
604 705 -15.5951811998
604 706 -13.3101980776
604 707 -13.2658605342
604 713 -8.05232998974
604 845 -8.04831237089
604 824 -8.79402779291
604 613 -12.9963515772
604 744 -8.56563703686
604 617 -14.8577112059
604 629 -14.5642660444
604 760 -13.7528104108
604 848 -8.55399855167
604 767 -11.9214155454
605 643 -10.4039977234
605 785 -11.1031236916
605 662 -12.9788151089
605 782 -13.4558977606
605 775 -13.7446122747
605 810 -14.8753018836
605 794 -11.5649363248
605 701 -10.8049686967
605 709 -13.8753199114
605 843 -12.0892837234
605 716 -13.7775509422
605 717 -14.7725344311
605 721 -8.43480280907
605 728 -11.5415674836
605 735 -10.6018950188
605 870 -10.1895454537
605 692 -12.6294767007
605 872 -10.5837490246
605 881 -14.4143063836
605 758 -8.3246458839
605 638 -12.8740853033
605 639 -11.1081714576
606 855 -11.6205694609
606 658 -14.187530937
606 667 -16.9174369043
606 803 -13.3291833824
606 859 -11.2417446776
606 672 -9.04831733617
606 714 -12.2414038588
606 718 -12.6712778408
606 683 -14.7732235474
606 686 -13.9621423209
606 820 -10.1725620481
606 693 -7.08976419288
606 704 -18.5911896166
606 706 -14.1965421938
606 708 -10.8191499397
606 664 -7.83704859903
606 818 -14.8090393807
606 727 -9.22607678775
606 788 -15.1782072121
606 657 -11.6302630582
606 879 -11.2929680898
606 724 -16.2982270802
606 785 -14.4473440364
606 767 -10.9984822277
607 662 -11.0819663516
607 663 -11.3477405126
607 800 -11.7715814772
607 654 -8.64836742382
607 811 -13.9783258735
607 700 -10.0439943652
607 673 -10.7785874079
607 847 -9.0941594205
607 630 -14.9665848784
607 722 -10.4622014222
607 775 -6.75273735662
607 734 -12.2659789538
607 608 -9.77186403612
607 610 -10.1544449706
607 621 -9.45263441318
607 752 -9.79358584098
607 626 -10.9205563474
607 631 -7.99775753399
607 704 -4.22271585238
608 774 -15.0636424122
608 770 -12.7748029493
608 782 -11.96913504
608 790 -10.184933618
608 791 -15.7446868023
608 668 -12.872956145
608 833 -5.974876236
608 674 -8.33235604564
608 799 -16.2081932455
608 796 -11.1504821261
608 681 -9.19898977655
608 627 -12.6493241203
608 687 -12.5575928087
608 798 -11.4743685501
608 672 -13.6619517768
608 869 -15.5149119655
608 800 -14.4850672834
608 754 -12.7635361095
608 847 -15.311515783
608 804 -9.03669799609
608 729 -12.1706394093
608 690 -10.3307982737
608 737 -14.1354911984
608 848 -14.9931650654
608 745 -11.5046149499
608 878 -10.5944124264
608 879 -13.750325646
608 752 -10.6138439788
608 640 -6.84598117354
609 783 -10.6606592367
609 656 -10.451873807
609 678 -14.8977211634
609 815 -11.6529015758
609 746 -12.8333684814
609 699 -9.73964260001
609 679 -10.3577106535
609 719 -13.5966593662
609 836 -12.8946043431
609 738 -12.3596962952
609 660 -15.4307217442
609 729 -10.1919946843
609 848 -10.9840041907
609 736 -8.11392442047
609 865 -13.3282630682
609 743 -8.48849033753
609 701 -10.3248574296
609 757 -8.27792209455
609 633 -14.2078071307
609 634 -10.0541703788
609 866 -11.7347789416
609 785 -7.69856381992
609 662 -14.491195347
610 700 -9.39129206198
610 788 -9.95618513998
610 662 -11.8488422732
610 773 -10.780320031
610 667 -13.5843794244
610 795 -13.4930230475
610 673 -13.5810287042
610 727 -12.8176955172
610 818 -13.4134547257
610 855 -10.0236684707
610 697 -13.2406596677
610 652 -11.6504425805
610 856 -10.4125413324
610 731 -11.2750532827
610 737 -13.1200373209
610 611 -14.5856778862
610 874 -11.141070144
610 692 -12.9334876647
610 879 -14.9553758205
610 755 -13.7275824529
610 875 -10.6313701754
611 644 -15.1950221533
611 749 -11.1058399845
611 856 -7.50237604046
611 786 -14.1849695416
611 788 -9.9297307269
611 666 -13.5066525643
611 796 -10.4895875596
611 882 -10.698793213
611 687 -12.031049058
611 813 -8.39736718534
611 714 -13.888717112
611 851 -10.844021392
611 726 -11.2595662207
611 673 -11.1589845805
611 612 -12.657471095
611 614 -10.7057359602
611 620 -11.9885145182
611 621 -10.0598024081
611 623 -9.88878649876
611 752 -12.981080983
612 647 -8.57919074704
612 778 -11.9144992525
612 655 -12.4808935283
612 687 -13.2980978177
612 666 -12.0360828254
612 867 -12.1915368369
612 801 -12.6138043231
612 677 -10.9490270197
612 714 -8.12192877062
612 693 -12.550622377
612 833 -8.67683028416
612 710 -13.5066594209
612 841 -14.7367151616
612 633 -9.8613409317
612 856 -9.10995319131
612 864 -15.6443678671
612 657 -13.211987744
612 752 -14.600678284
612 823 -13.4686297931
612 757 -13.6071896429
612 630 -10.0142124857
612 615 -8.16300953221
612 721 -12.0841835581
612 639 -6.30763211916
612 640 -15.6221051106
613 781 -13.8065868908
613 835 -9.51873010516
613 858 -12.3037151846
613 690 -10.7355395372
613 662 -12.3907500483
613 671 -7.13609591162
613 718 -17.453577384
613 626 -13.9009256386
613 680 -11.8139782879
613 687 -11.9073652709
613 821 -16.1231517539
613 809 -10.099179471
613 681 -10.7481534407
613 805 -9.63991033571
613 861 -11.8088746821
613 736 -8.0180149416
613 621 -11.1328990518
613 790 -9.45368603166
614 878 -6.75847426872
614 647 -17.2078990587
614 654 -9.90468972068
614 689 -14.0659599694
614 775 -10.0312421377
614 680 -9.29355263758
614 714 -14.7357156822
614 686 -10.2166886724
614 823 -12.8374803526
614 766 -16.0696964286
614 851 -12.725949679
614 852 -9.74881857965
614 835 -16.2080867997
614 736 -9.65371569197
614 871 -4.7027578792
614 702 -14.8699375978
614 629 -13.1166298778
615 769 -13.7451218645
615 812 -7.02373382542
615 687 -11.773498322
615 793 -16.2484899725
615 826 -11.7597667152
615 728 -14.6476892503
615 846 -10.1870239892
615 680 -8.58415251186
615 642 -10.7434320473
615 709 -12.2384376719
615 717 -12.7522668133
615 721 -16.1361112447
615 850 -11.3310006416
615 737 -6.38478996305
615 770 -9.37935773393
615 877 -15.5886627283
615 767 -10.1722113209
615 776 -13.8997653136
615 629 -11.6090024482
615 765 -11.707770604
616 769 -9.40486540464
616 642 -12.0995108163
616 717 -8.93374857447
616 659 -13.4721076259
616 802 -10.9735309776
616 626 -9.74207355735
616 638 -11.6802098465
616 822 -14.4353861149
616 866 -15.4460369872
616 869 -8.44734261998
616 871 -14.6489811669
616 716 -9.88325612103
616 844 -9.16805196907
616 753 -12.380254593
616 724 -11.3521666078
616 832 -10.4107151192
617 861 -8.1671683791
617 673 -10.5729700989
617 676 -14.088667407
617 678 -14.6574179867
617 684 -9.8486084168
617 815 -11.0783501772
617 693 -8.36799020466
617 804 -15.5388387238
617 699 -7.48917929903
617 694 -13.144641765
617 732 -9.38447084266
617 682 -8.20198354975
617 844 -12.7839269189
617 845 -11.1130601782
617 803 -12.1681920984
617 782 -9.80806207659
617 697 -11.3706397025
617 729 -11.3678978211
617 677 -13.5817721942
617 733 -13.9573388347
617 734 -8.78335046357
617 739 -8.87515177961
617 744 -10.4333347493
617 745 -11.6724334007
617 872 -10.3793496628
617 625 -11.3572402632
617 883 -9.77961104127
617 758 -7.05462055333
618 641 -12.3778262838
618 764 -8.71679954239
618 622 -15.5144625464
618 658 -10.245543757
618 863 -15.5610748133
618 686 -10.6288206755
618 816 -10.8770293999
618 820 -15.7562015278
618 693 -13.0954088921
618 694 -11.7624479928
618 684 -12.2811215062
618 828 -10.4000735579
618 753 -8.82061765361
618 653 -9.09270458268
618 856 -12.1261114631
618 857 -12.1516751276
618 734 -9.77405548694
618 867 -7.84993109056
618 625 -15.3830486164
618 853 -13.7344676265
618 762 -13.0777795426
618 738 -13.6971629899
619 620 -15.0067917287
619 645 -11.5972976525
619 664 -14.0288478328
619 677 -11.7602900125
619 689 -8.64250098491
619 776 -11.9706176558
619 690 -12.5391311342
619 693 -8.81819009883
619 673 -9.83230181993
619 847 -10.6349222286
619 711 -15.8069838895
619 851 -14.6075730654
619 727 -9.67805500784
619 732 -9.69983694976
619 737 -12.2615969171
619 867 -7.15277700833
619 725 -14.6306371973
620 772 -12.1776319019
620 727 -13.5153254312
620 771 -10.8563013774
620 798 -14.3846226144
620 804 -12.028666246
620 809 -11.6770667137
620 881 -13.9467230262
620 781 -11.955516078
620 812 -15.522106973
620 720 -13.6920445389
620 851 -13.2240931202
620 805 -13.284201749
620 868 -10.3809324484
621 774 -10.9281160251
621 645 -11.3230336845
621 778 -11.3667841273
621 832 -9.43141011653
621 814 -10.5150962868
621 876 -12.4172427095
621 801 -13.5541100105
621 833 -11.511618221
621 775 -11.244221532
621 679 -17.9128829865
621 754 -12.8809587892
621 684 -13.2405056009
621 693 -10.9906401022
621 696 -8.07016024759
621 704 -9.37360877719
621 708 -11.8521202367
621 796 -13.2795077967
621 847 -15.1038022113
621 687 -12.5513975663
621 740 -9.17330832211
621 746 -11.2283101854
621 857 -10.5694185704
622 647 -15.0377107544
622 710 -14.5133618549
622 648 -15.6645316668
622 817 -10.9245915846
622 650 -14.5965422577
622 850 -13.4789280473
622 758 -7.12327741914
622 727 -15.3781604464
622 823 -10.1729650959
622 863 -8.47253246254
622 806 -17.4360203644
622 870 -10.8665957408
622 640 -10.1679137243
622 750 -11.455118505
622 712 -12.7575310189
622 881 -10.4460611757
622 639 -11.1189669223
622 681 -13.1657552952
623 872 -7.75582348818
623 624 -8.3747273257
623 662 -13.7821314722
623 670 -14.5472070641
623 704 -12.5146999332
623 682 -14.3537398956
623 691 -13.3907712154
623 692 -11.2424261775
623 842 -9.1904632301
623 672 -10.366261777
623 831 -11.121202466
623 706 -13.3758263222
623 841 -14.9764300627
623 850 -15.1259263332
623 762 -14.7503013266
623 871 -7.0264403482
623 808 -11.3051100321
623 881 -10.8107882594
623 635 -11.0039938728
623 683 -14.3352613026
623 640 -11.0479143013
624 643 -9.61424899492
624 649 -12.6002556142
624 653 -10.1684573547
624 663 -12.3017117947
624 682 -14.9789681058
624 821 -15.9464596702
624 720 -14.2192137664
624 721 -14.9989017695
624 724 -12.4437389242
624 749 -9.81096544323
624 659 -9.70480570107
624 809 -9.88795211622
624 636 -12.5699052574
624 766 -13.7536972812
625 653 -9.97564384028
625 782 -15.5307889154
625 787 -12.1645610521
625 709 -11.6938304312
625 689 -12.1270136771
625 711 -12.5160663954
625 679 -11.5083716016
625 754 -9.84305650367
625 855 -8.80984427875
625 714 -12.9073435223
625 844 -7.69792463564
625 845 -9.35132826762
625 703 -12.5832087245
625 719 -10.567815694
625 729 -15.2167732576
625 850 -13.2797347472
625 708 -12.3683822629
625 639 -8.34374523781
626 656 -9.27774618592
626 659 -12.1910468058
626 666 -10.8495835248
626 669 -18.6850973646
626 672 -14.0665312562
626 674 -13.2689436818
626 675 -11.0383120874
626 755 -10.0324635516
626 817 -10.1873802426
626 690 -9.74550087437
626 829 -14.3083752415
626 668 -11.8402407783
626 732 -13.2436388812
626 715 -15.1187077347
626 846 -13.3507845586
626 852 -16.5554061481
626 725 -13.2270265317
626 762 -14.3442501631
626 730 -6.80498241376
626 862 -13.4625269254
626 743 -16.6238461218
626 738 -14.0641168372
626 851 -13.424370506
626 752 -15.4475639686
626 860 -13.7677215106
626 784 -10.0437232646
627 641 -11.4484098997
627 833 -13.8399940843
627 644 -11.6919914779
627 809 -16.5262626072
627 667 -7.98393739884
627 637 -12.8781596335
627 668 -11.1739080045
627 678 -14.5474184727
627 825 -8.17952236031
627 819 -16.3376347432
627 779 -11.8789396411
627 834 -9.89668155689
627 708 -13.7545131427
627 826 -14.4301090174
627 697 -14.4336113075
627 740 -13.1567444906
627 822 -8.55231400995
627 733 -13.5979558584
627 865 -14.2919629921
627 744 -12.5666131454
627 874 -12.6637627335
627 629 -15.6540236653
627 790 -10.7872081293
628 782 -11.203429932
628 665 -12.4545243349
628 679 -8.22788311262
628 682 -11.9278021419
628 820 -10.481921056
628 694 -10.7334448842
628 723 -10.2540207068
628 693 -10.2771499816
628 652 -11.7973665926
628 792 -15.5799094975
628 725 -6.42595298362
628 724 -10.892584075
628 733 -11.223569576
628 868 -8.35589576744
628 722 -9.9473124326
628 874 -7.30015826158
628 879 -9.58684418459
628 640 -8.49384482682
629 643 -8.53999670136
629 779 -7.75109113157
629 796 -11.2449590002
629 645 -10.4699296693
629 789 -12.620693884
629 662 -5.68681211802
629 668 -15.3881826878
629 704 -12.0675757733
629 707 -11.0766264922
629 839 -14.2153346435
629 721 -10.8836771484
629 835 -12.276508031
629 737 -11.1946189973
629 735 -11.4651631298
629 828 -10.4387219284
629 692 -15.7116413504
629 776 -11.1632108253
629 639 -12.5360433505
629 634 -12.2594239884
630 648 -13.6874568601
630 650 -10.5895440673
630 792 -13.8505782584
630 659 -10.9644970767
630 789 -12.229291861
630 666 -13.4225599468
630 817 -13.9303171185
630 810 -11.3023905461
630 863 -9.1892326752
630 825 -13.9100424928
630 842 -10.501059969
630 728 -11.6482388029
630 870 -16.5587680364
630 850 -14.2800610125
630 761 -8.08332271636
631 771 -10.633146133
631 764 -13.5570031068
631 656 -11.0747158653
631 787 -11.1155305454
631 791 -10.2566372597
631 792 -14.0474441778
631 799 -13.8992356202
631 683 -13.0467427664
631 818 -14.0133225419
631 827 -13.7485821569
631 717 -11.5808031957
631 867 -8.60261704342
631 848 -13.5598719169
631 839 -9.18150711286
631 858 -11.0640127777
631 824 -14.5256323065
631 882 -7.53071994164
631 634 -12.00236694
631 768 -15.677435616
632 641 -10.1827990379
632 834 -12.2480695959
632 650 -12.8667252387
632 665 -9.8838541875
632 789 -8.35992067878
632 667 -12.7640227832
632 816 -12.3982610881
632 718 -12.5152426427
632 678 -9.12344862334
632 688 -7.98976497959
632 736 -12.0211809865
632 702 -10.6989645466
632 706 -8.34654038421
632 713 -12.7635494103
632 723 -12.0445899038
632 783 -10.7032318926
632 856 -16.0462844666
632 767 -14.8325114367
632 747 -10.1624262158
632 751 -6.96357538585
632 854 -11.4056731498
632 742 -13.2813097097
632 790 -11.331548077
633 644 -10.6090318125
633 784 -7.47319434593
633 852 -13.0971762854
633 788 -10.9367703338
633 789 -12.0287099508
633 862 -15.5356754468
633 679 -10.4882175713
633 685 -13.8417161798
633 815 -6.46895225286
633 646 -13.5676132982
633 764 -16.9749347915
633 800 -9.30927550373
633 704 -14.875383877
633 738 -8.89232721078
633 715 -14.3586928361
633 882 -10.0278598515
633 848 -14.2809656293
633 822 -12.8071687766
633 727 -15.0444303228
633 749 -14.1457162041
633 864 -12.3507088553
633 716 -15.3162283338
633 721 -12.5023467195
633 879 -7.3133353851
634 869 -12.245411882
634 722 -14.5134880229
634 741 -10.8914515891
634 668 -10.2632257476
634 807 -17.7667895078
634 690 -11.4286111465
634 778 -13.5393579249
634 713 -10.6666646608
634 694 -14.1937844619
634 734 -9.91168172473
634 702 -11.6966136201
634 823 -8.49060468566
634 712 -11.9718310802
634 653 -9.47704984676
634 843 -8.8999550789
634 808 -9.47616848206
634 748 -12.9426367929
634 695 -1.72729994293
634 802 -8.88233740141
634 682 -9.24537383044
635 879 -10.5601784481
635 647 -6.97722194184
635 730 -12.3277862274
635 653 -9.91648422171
635 811 -10.4113284864
635 694 -12.1718711955
635 714 -10.706767377
635 851 -16.0544293002
635 840 -13.065734044
635 844 -14.7145988297
635 729 -10.6600114275
635 732 -13.704967179
635 861 -17.0936679323
635 640 -8.23717476
635 747 -12.0198630819
635 748 -11.0580315818
635 750 -12.1363078035
635 776 -11.1973954191
636 675 -14.3793978189
636 642 -11.973660845
636 731 -10.5038836953
636 782 -9.95658635299
636 778 -12.981535104
636 700 -11.138147892
636 817 -14.9387520568
636 711 -12.0844392377
636 850 -16.4990122431
636 839 -15.2441716633
636 643 -10.1394053159
636 648 -13.306498342
636 809 -12.9108141442
636 772 -13.3360620461
637 644 -11.6444562869
637 650 -13.0639424714
637 782 -10.3772019375
637 657 -8.46516830182
637 660 -6.60751194697
637 679 -8.23280882803
637 812 -9.98386323519
637 689 -12.7986822135
637 713 -12.5685469693
637 884 -13.1822725104
637 662 -15.326044205
637 853 -13.1645679087
637 739 -11.8615876409
637 742 -15.0949974507
637 722 -14.0594544546
637 798 -12.6953361895
637 873 -13.6778139351
637 788 -17.0613299193
637 703 -13.2080602586
637 760 -17.5717613818
637 640 -13.5541940624
638 773 -16.6366957038
638 779 -12.8556375987
638 805 -13.1959626462
638 669 -8.9255123779
638 712 -9.51161778753
638 831 -15.5662093347
638 835 -10.8901070918
638 836 -13.3780783971
638 695 -9.99635091332
638 846 -12.0029869714
638 725 -9.98868052295
638 860 -4.94205143928
638 871 -10.6403071255
638 879 -8.26333618972
638 840 -6.52274039955
638 776 -8.48797330171
638 810 -16.572250804
639 771 -14.3729442461
639 878 -13.575826405
639 791 -13.2535830923
639 793 -10.3612184922
639 676 -13.9175840671
639 854 -10.4399384359
639 880 -12.8220404989
639 691 -13.1184244622
639 756 -10.2333437975
639 716 -12.8018142959
639 846 -9.90636590662
639 720 -15.9123450662
639 737 -15.1602005469
639 727 -8.68398889633
639 728 -9.69261641842
639 736 -8.8025297679
639 680 -14.6800777464
639 807 -14.9119638449
639 844 -12.2301594859
639 882 -10.3654898411
639 760 -13.7985876247
639 761 -18.3855126508
640 745 -5.6770300946
640 647 -14.219643062
640 652 -9.98560190034
640 794 -11.1117680288
640 696 -10.7917349246
640 783 -11.5633921775
640 671 -12.4098426207
640 859 -11.8474384456
640 803 -14.5603851057
640 862 -11.7166078041
640 847 -8.80756819528
640 720 -9.56849066784
640 731 -12.6378262857
640 860 -11.7650850652
640 744 -6.70127464524
640 810 -9.18512611127
640 790 -9.2458029895
641 769 -9.41779012027
641 778 -12.4068526429
641 673 -11.4073060624
641 811 -13.1401634188
641 684 -7.29835387506
641 819 -12.415191671
641 864 -11.9919926088
641 702 -8.06764133501
641 703 -5.30744637984
641 718 -12.2890041417
641 848 -15.0588075031
641 849 -8.47039225497
641 870 -15.674955582
641 746 -12.4901396117
641 762 -14.48955816
642 760 -16.1135365179
642 772 -4.95767512291
642 850 -15.0427410738
642 665 -15.8610393741
642 666 -11.1108804156
642 795 -12.1621195396
642 671 -9.0273069405
642 801 -7.75695449987
642 817 -14.8321499589
642 764 -13.2042135375
642 807 -12.1482099579
642 727 -11.3297650221
642 824 -11.23813455
642 697 -14.0859682308
642 705 -12.2513415754
642 835 -10.6428599922
642 823 -14.1534403111
642 651 -6.03488713042
642 840 -6.48821785945
642 825 -9.61638135121
642 805 -7.91227573768
642 735 -12.4681818096
642 680 -13.1753859331
642 874 -15.9484800963
642 758 -9.86021415943
643 666 -10.8491001671
643 661 -12.2896892264
643 667 -13.7738412465
643 676 -6.31873978449
643 677 -9.2263612711
643 775 -12.513471789
643 827 -12.5682984724
643 705 -12.4721461029
643 665 -11.9446385159
643 869 -13.6868268808
643 744 -8.16813988574
643 751 -15.1758864727
643 745 -13.8591740091
643 810 -12.9688911652
644 784 -12.2623776139
644 793 -10.010260305
644 671 -12.7932378697
644 815 -8.02584252186
644 826 -10.34504844
644 843 -9.4593511862
644 716 -13.5167077775
644 852 -11.6111581375
644 655 -12.2875430815
644 740 -11.902033374
644 871 -12.2485201474
644 701 -6.24596942924
644 787 -8.04616387435
644 830 -10.0579714646
644 746 -11.9788954823
644 766 -7.96790423608
645 770 -6.46940743765
645 773 -7.41725711055
645 777 -14.7859407629
645 678 -13.3442784735
645 659 -11.8025263989
645 675 -11.6074775982
645 804 -5.45646606509
645 808 -15.1776405665
645 795 -9.0449150778
645 757 -7.02335669529
645 817 -11.7551489754
645 716 -12.9904515671
645 860 -13.5436632728
645 760 -12.1326619203
645 846 -9.83968455031
645 727 -8.21849083725
645 673 -17.1145333986
645 750 -13.6791572245
645 871 -13.8248180889
645 827 -11.9413948029
645 766 -11.7632224309
645 646 -10.2321503925
646 802 -7.64732027557
646 706 -10.0581931556
646 806 -13.6934201989
646 829 -10.1842707395
646 825 -10.3550389057
646 826 -13.0384697849
646 699 -15.6358290409
646 842 -12.8378575214
646 845 -14.1831969486
646 851 -12.1873848162
646 727 -8.17223485985
646 857 -9.53049167786
646 738 -15.4167729684
646 745 -11.1757770911
646 747 -8.25356468641
646 766 -13.9426946793
647 812 -18.6486057157
647 750 -13.4997780207
647 785 -12.8755285565
647 879 -12.6195111784
647 845 -11.2807908126
647 806 -8.77885049287
647 830 -13.0979676556
647 690 -11.2237897652
647 714 -13.3551935415
647 854 -13.4685367408
647 861 -10.5636029824
647 712 -13.0121354279
647 695 -8.81834148735
647 776 -11.0638597472
648 770 -12.2389951508
648 653 -8.48608881584
648 858 -14.4381096119
648 857 -10.0633500936
648 730 -8.55111516401
648 867 -11.7522605003
648 803 -8.97882256365
648 692 -15.6551374299
648 699 -12.0283653523
648 700 -12.7881205028
648 831 -13.0304935151
648 835 -12.6940212426
648 710 -13.4510122685
648 728 -14.4974315854
648 850 -9.52372813705
648 827 -11.4323097321
648 766 -12.5728620069
649 676 -14.3144786236
649 770 -11.8903685596
649 858 -9.1138547546
649 675 -11.348710281
649 805 -8.73299325278
649 797 -8.30325522317
649 693 -9.75229522392
649 833 -13.2597614568
649 781 -17.0337351321
649 873 -7.18870343904
649 737 -6.25742506877
649 700 -10.2926315957
649 786 -7.68697582997
650 776 -17.6185155469
650 662 -14.3138378712
650 675 -7.29898012085
650 863 -8.13377607686
650 678 -13.034758187
650 679 -12.9329558486
650 655 -16.1604129145
650 684 -9.54091496907
650 834 -14.1787909218
650 707 -9.77213851872
650 856 -9.81756432005
650 868 -11.1631937709
650 730 -13.0106719288
650 859 -14.5481190804
650 835 -4.76901777815
650 699 -13.9281887816
650 807 -10.5494506108
650 750 -11.8067919325
650 742 -9.20470509561
650 872 -7.48574416599
650 765 -18.0710817484
650 879 -12.5483529517
650 854 -13.1980260404
651 774 -13.9161615582
651 786 -12.1743767762
651 662 -12.2535219469
651 793 -13.0719816263
651 856 -9.89004659914
651 669 -15.52571575
651 673 -8.00421641315
651 799 -12.3478792467
651 776 -14.8260715279
651 687 -12.4298265806
651 694 -8.45935438632
651 833 -11.266163411
651 679 -10.6804057523
651 728 -14.2738909824
651 723 -15.9546252043
651 852 -11.7678410483
651 828 -15.1662228009
651 873 -13.227003483
651 748 -8.24824207328
651 758 -9.70053393737
651 836 -13.2326301193
652 790 -12.8714256532
652 752 -15.2051127704
652 769 -12.4695503448
652 817 -9.25056077217
652 804 -8.91404475393
652 815 -11.5232716686
652 818 -15.9695013653
652 824 -14.796375106
652 783 -9.84619642365
652 848 -11.5693418129
652 858 -14.0493046099
652 750 -14.0328554538
652 869 -10.7826695353
652 743 -15.6493605981
652 814 -11.4410325152
652 766 -14.2928033555
653 773 -14.7170320324
653 861 -9.83477697142
653 780 -11.9795269236
653 707 -14.8803678776
653 841 -12.6799005525
653 662 -14.2584424923
653 879 -9.50637932067
653 672 -12.9922018384
653 675 -12.0806870653
653 690 -13.3548789652
653 691 -11.4492525539
653 821 -14.845612719
653 834 -8.85935111207
653 719 -13.2119827203
653 837 -13.2570786112
653 674 -13.3889151704
653 781 -11.8752286209
653 860 -10.1862558868
653 716 -12.0907351314
653 809 -11.4039992867
653 762 -9.48066232284
653 686 -9.46965125568
653 747 -12.5581061224
654 662 -11.6713107228
654 739 -8.76913467002
654 799 -9.44623618122
654 807 -14.9659501133
654 812 -14.2538087757
654 756 -10.3894491074
654 658 -11.3444998626
654 825 -12.8297238999
654 800 -17.9311921468
654 694 -15.4317718869
654 836 -16.0020084321
654 824 -6.34736200504
654 845 -11.3905036462
654 851 -16.8039117085
654 732 -10.9992003569
654 827 -11.6535570755
654 801 -9.74119665984
654 738 -18.3073551463
654 765 -11.7611514329
654 665 -17.0506587755
654 793 -8.74737442893
654 880 -9.95480246306
654 755 -11.1573414514
654 772 -10.0175502621
654 687 -10.7334950789
655 856 -10.9252160693
655 687 -14.4763910049
655 792 -14.9685336768
655 690 -11.4584025448
655 811 -13.555735226
655 740 -13.765230734
655 698 -7.33694803029
655 715 -7.83375987721
655 782 -10.783389705
655 738 -9.04823237003
655 744 -14.1348192731
655 765 -10.6697219926
655 808 -9.67525532472
656 751 -14.6369391272
656 669 -12.4792236585
656 801 -11.9574734668
656 839 -15.270149583
656 812 -11.2785044608
656 777 -12.5338935571
656 826 -9.17961527025
656 706 -11.6195513177
656 837 -15.7437915197
656 864 -7.8732790157
656 851 -11.3885992865
656 729 -11.7564923325
656 882 -13.8991261737
656 863 -11.6419512689
656 869 -13.7772922312
656 745 -6.32215795868
656 749 -16.6043903464
656 761 -11.3262297551
656 767 -10.379824134
657 769 -11.3426977844
657 815 -14.2085803386
657 786 -11.4474668514
657 751 -15.8198603082
657 794 -15.5919081349
657 668 -14.9005373421
657 859 -9.93854195261
657 671 -7.02002426456
657 816 -14.6760390299
657 768 -11.2314230368
657 676 -9.88351488031
657 690 -14.8248970262
657 827 -9.58440292344
657 866 -13.3706559626
657 711 -10.428916012
657 796 -13.4533385186
657 860 -17.900251332
657 728 -13.0396934096
657 857 -14.8170532658
657 830 -12.7158785508
657 823 -10.6280314383
657 738 -15.3952805377
657 814 -8.86597548594
657 701 -12.5961055305
657 748 -13.5278815273
657 712 -10.9582701857
657 702 -11.7596346027
657 882 -12.9581892671
657 755 -11.5052778375
657 763 -16.3211822087
657 683 -12.1069668118
658 862 -10.5013787347
658 779 -8.71950730565
658 663 -14.0339140972
658 672 -15.1832047049
658 677 -10.3148480432
658 809 -13.692413619
658 811 -12.8959730325
658 685 -15.6675228583
658 694 -11.8578138845
658 697 -14.6741647058
658 749 -12.7278794592
658 839 -9.66291430532
658 713 -12.7447142784
658 698 -10.6604004898
658 806 -10.6586221863
658 720 -11.6993526778
658 865 -8.99330080568
658 742 -13.1527558251
658 881 -7.53647812512
658 852 -9.84924817902
658 687 -10.6730603273
659 772 -12.6718696845
659 875 -9.88078974109
659 798 -12.7637320201
659 689 -12.8385699173
659 684 -8.94660825571
659 818 -11.8841391408
659 692 -15.522805835
659 824 -10.6162030599
659 703 -10.7107537053
659 823 -12.4337715264
659 837 -12.4320782567
659 695 -13.7819754059
659 792 -12.5110982594
659 732 -12.0217563464
659 831 -14.2254923245
659 871 -14.1819038038
659 701 -5.83274791973
659 760 -12.6462451976
660 769 -12.4242437056
660 730 -8.9662691688
660 827 -13.7213321945
660 667 -13.44048662
660 833 -9.49536881704
660 802 -11.1616509418
660 678 -10.0672241572
660 684 -15.6758701009
660 693 -15.0996531403
660 719 -13.6180950628
660 712 -13.9103724478
660 781 -9.37860969293
660 855 -14.9431350649
660 728 -8.93409939495
660 857 -12.038021038
660 731 -13.1931987083
660 806 -9.64475784654
660 867 -6.84586904217
660 744 -8.97867431691
660 724 -13.4535231916
660 738 -7.49226046979
661 778 -12.4225172535
661 773 -12.2916104405
661 669 -12.5852471511
661 863 -9.93321699977
661 808 -12.5013991814
661 799 -12.0158833069
661 755 -9.10519805431
661 688 -9.76196920328
661 735 -10.8490237314
661 824 -12.8707939284
661 822 -13.9171886373
661 806 -13.015176586
661 860 -15.743269399
661 766 -15.8376624997
661 844 -9.60935672255
661 854 -15.2793806146
661 731 -11.5623181222
661 763 -12.151085821
661 866 -13.0728294146
661 739 -12.2769878944
661 740 -11.422605308
661 701 -6.82621445598
661 747 -9.03014501725
661 761 -13.4072678271
661 702 -13.3521897993
661 678 -4.64847525944
661 742 -15.014530187
661 726 -9.77305869177
662 673 -8.38368864563
662 700 -14.0760866536
662 799 -14.1945006656
662 685 -11.4729057174
662 780 -10.5633473283
662 735 -10.7623507137
662 749 -11.1646553085
662 715 -9.57520770337
662 718 -13.1604487944
662 845 -15.1997881186
662 856 -8.40633985432
662 868 -15.1991095906
662 847 -9.15206871142
662 797 -11.8486290648
662 878 -14.2407277423
662 823 -13.1500310717
662 766 -10.7725626295
663 832 -7.33934355943
663 774 -11.2218424732
663 884 -13.4429188705
663 792 -12.7837771818
663 731 -13.0573205239
663 863 -9.67239952105
663 775 -12.9675266368
663 807 -11.7682236319
663 799 -9.3121044838
663 823 -12.0689830662
663 843 -10.8150168637
663 707 -10.4503842477
663 837 -12.2667078345
663 715 -11.3651350639
663 825 -13.8548968074
663 741 -14.6359760072
663 797 -12.8293600918
663 874 -12.5982675528
663 764 -12.8149926393
663 768 -11.1274927813
663 726 -13.2154066822
664 771 -13.6579630087
664 775 -13.092301279
664 856 -8.80857128177
664 672 -13.6397192417
664 675 -9.37469461914
664 810 -14.2630486243
664 761 -13.5213919872
664 818 -11.774898934
664 712 -10.0624459878
664 860 -12.7781190431
664 845 -13.2257465764
664 852 -16.5327063553
664 881 -13.978275192
664 809 -12.0868700691
664 768 -15.9090479922
665 779 -11.1910385597
665 675 -13.7185326414
665 688 -8.55021747747
665 731 -14.2366116383
665 821 -10.7557634462
665 811 -14.4846149132
665 864 -6.75520734214
665 816 -11.1201477277
665 710 -12.8830230317
665 842 -8.25382733301
665 849 -10.3963763206
665 676 -13.1010947019
665 848 -8.67814099541
665 679 -10.5838926121
665 744 -9.73193516688
665 878 -12.8778105069
665 883 -5.66986393995
665 687 -12.8265118713
666 855 -9.53789659875
666 775 -14.5867913035
666 728 -14.993833273
666 734 -15.2788756732
666 856 -13.8252106627
666 690 -13.2382623602
666 735 -14.9384365947
666 697 -10.7038824355
666 716 -10.4081376982
666 717 -8.41808055431
666 868 -9.79362266886
666 853 -8.77528920905
666 674 -14.0165389095
666 807 -12.4895669103
666 761 -12.7399841681
667 782 -10.3620647845
667 679 -13.9040904612
667 734 -11.3930171381
667 777 -13.369037666
667 760 -9.40881454672
667 870 -7.77567765313
667 747 -9.98171672118
667 824 -15.653252931
667 759 -11.400793829
668 751 -11.7841475069
668 696 -8.96789580899
668 873 -13.4935263352
668 684 -13.7998749879
668 816 -10.4959044843
668 727 -10.7187541572
668 772 -10.6160715697
668 719 -9.19359647231
668 717 -7.49492548823
668 771 -8.77733176787
668 868 -11.6857749438
668 871 -15.4627285219
668 850 -9.9460750978
668 746 -13.366650339
668 748 -14.1478921718
668 767 -11.5264154023
668 810 -8.20071322936
668 738 -10.0074470744
669 770 -10.620358317
669 791 -14.4773461657
669 796 -13.7364563444
669 711 -15.2975201081
669 683 -10.0771086474
669 684 -15.3876809597
669 777 -10.6905230091
669 710 -11.5171798849
669 863 -13.6810337749
669 804 -10.9101130984
669 702 -16.2872587844
669 709 -18.7705055042
669 853 -16.2749071977
669 720 -17.0691010597
669 869 -10.3413523173
669 751 -8.72363392484
669 752 -10.6960260618
669 852 -15.9741940658
669 831 -14.3584781839
670 787 -13.6614399376
670 773 -17.7950303248
670 680 -11.4291016534
670 836 -14.0918235635
670 694 -12.5913787242
670 827 -11.2504014734
670 800 -9.93362041294
670 835 -16.6183859004
670 689 -12.5929662235
670 719 -4.96907924353
670 724 -15.0318621649
670 855 -11.2065624095
670 771 -13.7287520807
670 764 -12.1155199286
670 871 -11.144806751
670 745 -14.6754467344
670 704 -8.49168228653
670 759 -14.5821498159
671 777 -8.15071956249
671 689 -12.6811446418
671 815 -8.42817920796
671 869 -10.4920237983
671 697 -10.466821323
671 800 -10.0640003483
671 690 -15.4822681675
671 846 -12.075234498
671 867 -14.6293423764
671 701 -14.6889596851
671 748 -9.99115567915
671 866 -5.93020355219
671 810 -12.9511845638
672 815 -11.7010659884
672 717 -12.7954327775
672 781 -14.0613684864
672 810 -9.15092807075
672 825 -16.818167217
672 706 -10.726163575
672 714 -11.3461924966
672 818 -4.52842244242
672 861 -13.2027891069
672 747 -8.33118726806
672 680 -13.7749716529
672 874 -9.41448120351
672 761 -12.2296781893
673 722 -10.490831364
673 774 -13.761579404
673 770 -16.6744122577
673 835 -11.8076183392
673 731 -12.6512277047
673 804 -12.1572726554
673 675 -13.5746954747
673 863 -10.1901339049
673 679 -13.8265128443
673 686 -12.124761221
673 687 -7.76539293441
673 676 -6.32210417452
673 821 -7.87877347764
673 702 -13.5258212015
673 708 -13.0176529042
673 711 -11.5047415895
673 845 -12.5268696404
673 764 -10.073959561
673 871 -13.5828273517
673 743 -15.2091936981
673 695 -11.3203225769
673 681 -8.70302639798
673 883 -14.8587954582
673 810 -14.5808989405
674 879 -9.85267617157
674 773 -11.6356339141
674 862 -9.6663899162
674 779 -9.63619001758
674 790 -14.2986400561
674 801 -15.7739274553
674 684 -13.3137113764
674 756 -11.1119023756
674 855 -4.89971228934
674 824 -15.4881297984
674 736 -11.5751854392
674 835 -11.843102298
674 836 -7.19296279587
674 847 -3.90869651915
674 839 -12.862160905
674 825 -11.5349425368
674 729 -12.1451037497
674 858 -9.54621197528
674 859 -9.66640386961
674 720 -14.2572118463
674 869 -13.6575262855
674 873 -10.8067258009
674 762 -7.95472957208
674 854 -9.00416576718
675 832 -13.010801082
675 781 -10.6275498333
675 717 -7.07856315069
675 798 -12.7703400247
675 712 -7.43276609642
675 689 -10.0377851227
675 714 -9.32325511303
675 698 -13.1506610358
675 828 -12.2961588402
675 758 -13.2353119264
675 704 -16.8414432279
675 881 -18.0555029544
675 708 -15.9802662818
675 715 -14.9456834919
675 824 -9.78774842584
675 720 -12.6316037562
675 761 -14.3664297753
675 725 -13.8622702301
675 678 -16.8394938023
675 871 -10.8322911632
675 749 -10.7777475061
675 762 -13.5984420839
675 766 -9.78409531576
676 880 -12.147629027
676 677 -9.02741667933
676 806 -12.871754676
676 882 -11.6279122759
676 810 -11.9708189733
676 697 -11.4472972118
676 688 -12.077425541
676 736 -14.1835603723
676 771 -11.8853879324
676 823 -13.6805933112
676 767 -15.3229353752
676 786 -15.7192007996
676 746 -13.8604187139
676 879 -5.15033787488
676 745 -15.4704610983
676 764 -10.3516928966
676 687 -15.6041584673
677 773 -9.48365426711
677 700 -10.4648850157
677 752 -7.78333415181
677 802 -11.3951642085
677 731 -12.1380719575
677 691 -14.3842025003
677 715 -10.9620017699
677 800 -15.050650394
677 766 -9.52684937639
677 796 -14.140897246
677 844 -10.0176773584
677 728 -8.47146329371
677 771 -13.5212648798
677 860 -13.4634393506
677 818 -13.7365976358
677 754 -10.4930449109
677 763 -7.68297917065
678 730 -9.36193878846
678 805 -10.7502385751
678 706 -5.10251945265
678 800 -10.2325269969
678 764 -10.0068121509
678 692 -11.1469168454
678 778 -11.2730174436
678 825 -10.3601147658
678 856 -11.9732204774
678 868 -18.2941177651
678 855 -10.1343282913
678 736 -14.2012212578
678 740 -14.3412319184
678 878 -16.4240757402
678 880 -11.090295925
679 708 -11.6560063213
679 730 -10.9093166327
679 819 -6.47965808016
679 823 -10.7203603342
679 821 -10.7703591873
679 698 -11.9551734245
679 707 -16.7039624324
679 716 -14.2620786764
679 727 -12.2940874675
679 875 -15.5401085665
679 706 -14.0557423226
679 810 -11.2579893995
679 767 -7.6654893314
680 858 -9.37285233474
680 730 -7.03905729118
680 700 -12.9965390276
680 683 -11.2103441615
680 715 -12.1060666863
680 758 -15.0553064072
680 779 -11.0289921357
680 823 -13.6602691873
680 713 -12.6875415286
680 838 -14.1652671454
680 728 -7.84635769795
680 784 -13.3270009241
680 817 -9.88122815673
680 880 -13.9792308949
680 742 -12.4057489994
681 877 -11.3680209666
681 856 -10.6616649855
681 854 -13.5656530029
681 837 -13.4724448257
681 798 -8.59530549969
681 802 -11.3195862675
681 805 -14.5946727166
681 829 -13.5042523979
681 813 -11.4972915383
681 827 -9.80451338512
681 702 -11.7092252036
681 836 -12.0603474725
681 709 -10.6552705981
681 823 -14.689742586
681 714 -13.3361222235
681 739 -7.34126821163
681 724 -14.8182674791
681 853 -12.1754076571
681 682 -15.2285044727
681 729 -9.42109410589
682 752 -11.3023575033
682 878 -12.7392441153
682 836 -12.3973234878
682 789 -13.4684736231
682 806 -16.2352287595
682 812 -14.1880129142
682 837 -16.5371250769
682 824 -12.9567637763
682 850 -10.3178262684
682 783 -13.3753440994
682 727 -14.0573907996
682 830 -13.3204896069
682 733 -14.0258124181
682 737 -8.96076435629
682 748 -10.8673428699
682 851 -14.5641880457
682 753 -8.64790829004
683 757 -9.20045881539
683 834 -12.0031578414
683 784 -17.8578382235
683 735 -12.3099311375
683 811 -8.83216026315
683 859 -13.4303066513
683 695 -7.46289030333
683 698 -12.8357385048
683 848 -13.7155074811
683 853 -13.4995424257
683 722 -12.9190170501
683 768 -12.2482736054
684 772 -14.9201661718
684 809 -14.2002735873
684 696 -14.2231757701
684 784 -11.9900267773
684 806 -7.63287538088
684 712 -15.7443768678
684 688 -9.71576058803
684 691 -14.4059235123
684 788 -9.61524551958
684 800 -13.7880911995
684 833 -15.5865795813
684 834 -12.9252552724
684 877 -10.3334669212
684 855 -12.0143001718
684 825 -9.57045513482
684 807 -11.5838671972
684 742 -9.51877189767
684 748 -11.4729465518
685 727 -12.9898494319
685 770 -13.533311252
685 826 -13.0800574175
685 739 -12.5810555443
685 855 -10.8827954491
685 801 -16.9090835636
685 808 -8.559772977
685 776 -8.77161637105
685 696 -9.15957502831
685 697 -12.1781044818
685 693 -6.900105858
685 827 -14.3938935094
685 701 -8.92338027589
685 835 -13.5210407934
685 719 -10.4401051089
685 720 -9.46992581879
685 721 -9.59189210903
685 847 -11.757336824
685 724 -11.0943405934
685 858 -8.1179589809
685 869 -12.96030588
685 743 -11.5293759412
685 786 -7.10304243664
685 883 -12.9179858838
686 770 -7.68213226105
686 783 -14.3290452801
686 798 -11.8218954856
686 774 -15.5376086217
686 876 -14.2826068338
686 691 -10.3517612517
686 756 -10.5166536515
686 825 -13.7235452502
686 864 -12.7525355923
686 834 -13.924488463
686 748 -14.6759204457
686 713 -13.8262192854
686 845 -11.7398692338
686 778 -15.9406166031
686 724 -10.2805223139
686 731 -16.5995512862
686 869 -11.3408400316
686 872 -15.5296901383
686 791 -4.36901841576
686 766 -7.35923047751
687 750 -15.2176493242
687 799 -13.5542266854
687 697 -15.342634895
687 753 -13.0535169157
687 830 -13.991612866
687 712 -15.0454999078
687 843 -15.2077823607
687 720 -13.419321052
687 871 -12.6763612155
687 766 -6.16329368183
687 882 -14.7085420364
687 852 -12.3820045718
688 856 -9.27427344781
688 878 -5.11696018367
688 752 -11.2596033349
688 805 -10.9862624458
688 693 -12.057783308
688 779 -6.90061976962
688 703 -15.4728585352
688 739 -8.06981701589
688 720 -5.12683976795
688 722 -10.604946348
688 870 -11.014221253
688 869 -12.9352744603
688 790 -14.211375673
688 810 -9.14084838735
688 704 -14.2042898491
688 768 -15.278583915
688 767 -9.93959659426
689 789 -16.171509762
689 837 -15.7111383792
689 794 -10.3809708446
689 857 -15.1420482996
689 757 -12.2096191654
689 738 -11.9529956085
689 786 -10.5074024845
689 812 -13.8042220916
689 720 -13.4283511471
689 729 -12.2724136877
689 759 -9.87250718232
689 763 -11.9419658488
690 826 -14.4511411667
690 811 -13.207507456
690 793 -11.2552406219
690 796 -7.33003190031
690 806 -13.7431260244
690 795 -13.2139848512
690 701 -13.8128512868
690 841 -11.7287343898
690 722 -9.2386602792
690 871 -11.4880738227
690 744 -12.8309244594
690 873 -10.0449051956
690 773 -6.57294103152
690 882 -9.87073800784
691 879 -12.1681633253
691 814 -16.4067161282
691 709 -10.8697492652
691 735 -14.7717191223
691 803 -12.7441960516
691 854 -9.20685207268
691 821 -15.4405411383
691 759 -13.2668549018
691 840 -12.7956091049
691 846 -14.6543092348
691 742 -15.7750904105
691 871 -11.6133676787
691 882 -11.9343497374
691 870 -14.7674965197
692 705 -10.6828026297
692 751 -11.4400952076
692 796 -12.8848125438
692 805 -11.4859208039
692 808 -15.2985243719
692 798 -8.34452080636
692 818 -13.5416644055
692 715 -9.63005015897
692 766 -9.7449358323
692 844 -11.8973703202
692 719 -10.387025648
692 728 -11.8549800048
692 729 -10.2537451673
692 863 -14.8500026362
692 868 -9.43646820443
692 747 -11.1099462922
692 853 -11.1221414737
692 763 -9.15242773837
692 767 -9.66482996532
693 769 -7.30753740904
693 749 -10.817761931
693 783 -9.3168334751
693 786 -7.86393675268
693 794 -15.4198006388
693 841 -11.9366908369
693 760 -13.7530345806
693 851 -10.860168297
693 733 -15.0940856078
693 766 -13.5786626998
694 774 -8.2367856681
694 777 -11.7273276316
694 856 -11.8449804422
694 752 -8.27627288525
694 820 -12.7389199706
694 736 -14.0116983266
694 821 -8.99723263661
694 827 -6.18969828116
694 721 -9.29539247116
694 733 -8.65580932866
694 744 -8.56014986137
694 802 -14.1348287528
695 804 -13.5501809282
695 821 -11.7765516957
695 834 -10.8274121339
695 835 -11.6601964122
695 740 -13.4397987664
695 873 -9.18207489949
695 759 -8.81590251588
695 814 -7.00990944274
695 854 -10.2618689512
696 769 -7.36087209892
696 787 -10.9079885738
696 799 -13.9045957978
696 820 -5.32025164143
696 829 -17.1461387323
696 801 -13.7753686694
696 749 -11.0843260801
696 716 -13.5195684378
696 718 -11.155196798
696 849 -12.3078777545
696 734 -10.5930539137
696 796 -15.3143508572
696 830 -10.6844533523
696 724 -12.9026150216
697 777 -9.89346099727
697 858 -15.2748717698
697 818 -15.0550579964
697 698 -10.748546472
697 770 -10.7789152864
697 830 -7.29615410523
697 711 -8.57613035532
697 866 -13.2136895242
697 850 -10.9229282243
697 726 -8.09569386859
697 741 -10.8515803175
697 732 -10.5944681393
697 865 -10.1786071963
697 752 -8.10324477613
697 806 -15.439532282
697 854 -14.5704012247
698 784 -15.0511406765
698 789 -10.985011438
698 798 -9.1354133621
698 880 -11.3434067791
698 787 -10.1706711253
698 881 -14.8811903023
698 713 -12.2929102604
698 705 -11.1572505948
698 766 -11.7025908272
698 728 -14.4737693288
698 857 -9.99160852571
698 863 -12.6988538879
698 796 -10.2882095308
698 802 -9.3030962422
698 852 -10.5852627695
698 757 -13.4617156868
698 767 -12.444948976
698 725 -9.98151401333
699 792 -5.34117078632
699 710 -14.139655886
699 811 -9.44680423608
699 747 -13.2140553663
699 827 -6.28834483889
699 835 -7.95395302735
699 711 -15.1904371697
699 878 -9.65214427253
699 748 -12.8672766739
699 758 -7.34749591137
699 726 -9.32926919058
700 863 -11.4980878453
700 738 -12.2965118751
700 757 -11.750794693
700 878 -7.17901274282
700 789 -11.2652451661
700 758 -12.4883678042
700 778 -12.6543800545
700 819 -14.048455713
700 704 -15.2525171319
700 833 -13.0687655023
700 838 -13.3259148443
700 839 -16.3103460909
700 725 -12.7239307438
700 856 -15.2575772572
700 742 -11.7346191056
700 747 -16.0852123717
700 756 -12.7909719688
701 769 -9.55362941498
701 793 -8.08393163084
701 795 -13.3163879587
701 799 -14.8491845469
701 855 -13.1601388542
701 870 -7.63343381255
701 779 -10.8610802847
701 833 -12.0636472168
701 845 -14.996142471
701 835 -12.4948117887
701 849 -15.3460188303
701 731 -11.0614709001
701 736 -11.3592701665
701 740 -11.5094904415
701 733 -7.71660516068
701 780 -9.49573361137
701 753 -15.474800369
701 708 -12.0422521634
702 878 -10.3865897848
702 786 -10.4839232176
702 798 -12.2916622847
702 799 -10.8581006476
702 803 -9.72220268883
702 883 -12.0779207808
702 820 -13.0989571937
702 817 -9.91030592755
702 740 -11.9278490847
702 743 -15.2426402521
702 750 -6.75604483112
702 755 -6.77669384334
703 780 -12.4802415368
703 790 -11.9173717034
703 730 -9.59192999225
703 837 -13.5231752712
703 794 -6.5885263189
703 797 -10.6039128819
703 816 -13.2869556976
703 776 -8.63984530143
703 815 -8.4693586143
703 845 -14.3435037462
703 826 -10.9333532691
703 729 -12.9924330965
703 769 -13.9149605939
703 869 -8.19857113858
703 878 -10.7694844815
703 745 -12.9223882513
703 711 -12.5655060846
703 882 -10.882468575
703 760 -11.1217514658
704 782 -9.00457757934
704 858 -9.90397200723
704 799 -7.82520956745
704 736 -12.3306016087
704 832 -12.9404630937
704 709 -13.4298944655
704 813 -9.10157508776
704 874 -13.3962386655
704 880 -9.58042626014
704 764 -11.8999483108
705 774 -15.113669992
705 842 -13.6252037929
705 856 -13.3545944348
705 782 -8.40210283344
705 790 -14.2139118258
705 799 -9.36988138356
705 801 -10.3966357661
705 808 -12.421222608
705 809 -11.3811989055
705 818 -11.4358442308
705 707 -8.32328974112
705 713 -12.1469511139
705 749 -15.0770179776
705 874 -9.15497052734
706 771 -13.3289655862
706 813 -16.5149742607
706 817 -12.6413032454
706 777 -8.99762828506
706 774 -10.3626824182
706 821 -12.5532624652
706 830 -10.3126475712
706 839 -17.7377303278
706 713 -11.2373702591
706 852 -10.3895090772
706 814 -8.72466082498
706 827 -16.7121580323
706 724 -9.43681726475
707 780 -12.5134516863
707 777 -13.1025957777
707 799 -13.0349408341
707 836 -8.15498535463
707 719 -16.6509786798
707 783 -9.34777383944
707 730 -13.0547739327
707 733 -14.2556418758
707 744 -13.3924960159
707 873 -13.1482834996
707 789 -15.4305986176
708 836 -11.5895840312
708 778 -8.12373212004
708 857 -10.8472658425
708 823 -12.9633180192
708 781 -15.599043197
708 868 -6.94154967511
708 873 -11.7581420692
708 884 -12.2436023097
708 765 -14.6092240439
708 726 -15.2243107459
709 775 -9.34823039096
709 858 -11.8243419795
709 817 -11.8597199024
709 718 -12.4885838671
709 721 -11.6729874772
709 818 -9.74352514854
709 740 -9.63872060367
709 805 -13.4904461725
709 852 -7.76970964343
709 763 -12.6243044688
709 742 -9.98061463257
709 744 -8.87203485979
709 745 -12.9770471003
709 715 -11.6889765946
709 877 -15.6660375417
709 878 -11.8079124744
710 740 -10.2597430018
710 856 -15.3543264842
710 859 -11.181949763
710 848 -7.82032379097
710 807 -13.5078441255
710 749 -12.1155338234
710 852 -13.3243217664
710 811 -14.120153318
711 735 -11.7354044488
711 823 -12.3097125078
711 842 -11.5599978867
711 843 -7.33370177239
711 717 -13.1169765986
711 853 -14.8618808718
711 870 -13.2430593445
711 797 -13.6735980186
711 873 -14.7541896224
711 750 -11.6680747906
711 880 -12.3939253009
711 755 -14.3717726849
711 746 -11.3165700006
712 780 -10.3239092173
712 797 -10.5676149984
712 731 -15.2026424928
712 810 -11.4147494848
712 821 -16.4902471339
712 834 -14.2602082462
712 713 -9.51088241576
712 720 -16.9194938154
712 733 -12.0827763227
712 865 -12.2651103961
712 721 -11.3825914473
712 743 -9.30176587712
712 746 -14.8524675973
712 751 -14.8363130474
712 755 -11.1560709604
712 789 -8.84123299261
712 761 -11.1047183022
713 855 -11.4946630224
713 876 -15.8900766773
713 739 -15.6270875339
713 884 -12.5941389226
713 718 -11.4049134659
713 815 -13.3516281237
713 820 -12.8407696361
713 780 -12.1633711288
713 793 -10.5538992551
713 850 -12.7957566987
713 731 -15.6684159437
713 871 -15.0082063972
713 882 -15.9668968215
713 738 -12.1452583787
714 875 -13.7182608421
714 841 -13.0398316645
714 794 -12.0828789337
714 814 -7.34898691657
714 821 -10.2841184355
714 757 -13.177994181
714 863 -8.24814185207
714 780 -7.44872012958
714 744 -12.8144447507
714 836 -15.3687499118
715 833 -12.4569892941
715 777 -9.71967012279
715 782 -9.43435763382
715 784 -9.03868055011
715 787 -11.4040222983
715 797 -7.26605273835
715 815 -9.1503778833
715 822 -13.1763955997
715 860 -12.2202710301
715 812 -5.8912824079
715 823 -7.47285807988
716 855 -16.7059336008
716 813 -10.6126522465
716 878 -6.55546551585
716 773 -7.86760677678
716 772 -14.0741358321
716 737 -10.6774052402
716 727 -11.7876333654
716 862 -10.8790896808
716 872 -9.13847886302
716 752 -10.052008067
717 805 -10.8887036734
717 808 -12.442443459
717 815 -14.1662090645
717 838 -12.8032740369
717 868 -12.9554599199
717 832 -13.4403288089
717 860 -11.0109991248
717 782 -12.3583075597
717 725 -16.412264881
717 824 -15.1789702173
717 867 -11.7106727654
717 869 -12.4925172206
717 871 -15.8816970855
717 762 -12.1928880246
718 798 -12.951129897
718 748 -17.2234469159
718 813 -11.6826153543
718 829 -18.331443224
718 834 -12.5847080206
718 836 -13.9284163157
718 846 -9.63111603853
718 818 -7.75747493876
718 754 -13.8125229881
718 864 -11.2788127893
718 807 -11.9168852724
718 743 -15.3036867598
718 745 -10.4571667231
718 746 -11.387917716
718 747 -11.6853103314
718 762 -10.1923661506
718 854 -15.2795568247
719 791 -15.7322970759
719 792 -16.4759474257
719 839 -13.5676783336
719 800 -9.29047717455
719 845 -13.692127572
719 722 -11.0636863704
719 731 -12.7792001812
719 734 -13.5698553193
719 742 -15.1502577701
719 871 -6.7615841067
719 751 -13.1276652445
719 756 -14.8173223501
719 767 -14.4948822362
720 769 -10.598712176
720 773 -11.9877363777
720 794 -12.979946858
720 722 -13.7862855944
720 799 -13.5701630215
720 864 -13.3658029169
720 823 -12.8392893437
720 875 -15.3814894418
720 849 -14.1129946893
720 724 -14.8589860193
720 826 -10.7785213018
720 730 -16.9126533117
720 863 -14.243451494
720 749 -14.4343240747
720 776 -13.3035829792
720 785 -6.03459245473
721 796 -12.3063064422
721 809 -14.5479991179
721 862 -13.3786824564
721 830 -10.8620786792
721 860 -16.7805051196
721 818 -10.8069506195
721 793 -11.0551975933
721 855 -13.6580887403
721 771 -4.3394143351
721 863 -14.7055170644
721 736 -12.3243427638
721 737 -16.3896874625
721 745 -13.5439106863
721 750 -14.0745223165
721 852 -11.125570589
722 772 -13.6361558534
722 813 -10.8845106161
722 785 -10.8964555033
722 795 -12.6541466632
722 802 -10.7530011441
722 804 -10.4792786602
722 805 -10.72391591
722 808 -9.73462607449
722 821 -10.9881781518
722 826 -12.6577545236
722 852 -11.7510055885
722 725 -10.6456395556
722 874 -14.2241201273
722 883 -15.6418927482
722 854 -15.3297629133
723 748 -14.2720303767
723 832 -9.55077994122
723 774 -10.7334864507
723 876 -15.4919104226
723 858 -11.2826022322
723 728 -13.6636695876
723 729 -14.2695413045
723 763 -14.9741941338
723 746 -8.98777418671
723 874 -12.6331167302
723 758 -13.0417364693
723 808 -16.1322735183
723 789 -12.8193489981
723 797 -13.9646295414
723 726 -13.9533237154
724 774 -7.78647275201
724 862 -12.4594408707
724 813 -11.938054903
724 783 -14.8277330394
724 789 -10.3482066576
724 792 -13.6134175969
724 794 -8.44325931142
724 838 -11.9080996486
724 849 -7.97595109024
724 858 -10.4434484054
724 770 -14.5752740585
724 879 -13.9537750893
724 757 -15.979267386
725 872 -12.761555079
725 728 -10.5567257202
725 779 -12.278059348
725 791 -13.9812160868
725 793 -9.57805890095
725 809 -11.2020103686
725 733 -7.97924326346
725 874 -13.1181901779
725 761 -9.05518284853
725 832 -10.8697078988
725 847 -13.1889836511
725 846 -8.60557256458
725 852 -10.2897058238
725 729 -9.21596270126
725 842 -11.050043631
725 854 -9.9300247515
725 757 -10.9189707296
726 728 -10.0905681155
726 846 -16.0451415792
726 864 -15.4468367135
726 782 -11.8563793415
726 805 -17.2588594892
726 861 -13.1218338463
726 844 -11.1648853053
726 878 -12.4698646765
726 762 -13.7537257712
726 854 -10.6794891683
727 785 -15.3186147611
727 751 -15.7240581043
727 879 -7.80951968398
727 799 -10.945351771
727 818 -12.6715070348
727 820 -9.05335554337
727 770 -13.1577071067
727 802 -12.0899100624
727 874 -16.8198786135
727 848 -15.2302560882
727 790 -10.796539797
728 799 -6.15778730611
728 733 -13.3886025236
728 758 -11.6121012109
728 762 -10.3396373164
728 795 -15.7861506919
728 808 -14.639170106
728 828 -13.6331465496
728 832 -13.9182252806
728 843 -7.54291114172
728 824 -10.6188100425
728 854 -15.8573076891
728 864 -12.9467280051
728 866 -16.0808669678
728 883 -10.4911692167
729 879 -9.39715750324
729 781 -13.4864151599
729 804 -12.1571581103
729 814 -13.3548782544
729 828 -11.3262415575
729 860 -13.2797019399
729 857 -11.7138403708
729 866 -11.2035121796
729 751 -12.5428614908
729 880 -9.95885855347
729 873 -10.7761555621
729 813 -5.8439806844
730 857 -12.7520114786
730 790 -14.1504624864
730 797 -14.4185432859
730 778 -14.0320695221
730 780 -14.280636391
730 851 -9.5432614796
730 852 -12.1006153911
730 818 -13.2898374756
730 737 -5.06992372604
730 807 -14.4866130432
730 872 -12.3352942304
730 844 -14.2519568384
731 849 -14.6880692335
731 774 -11.6134911603
731 775 -11.3575251103
731 834 -13.7345836223
731 779 -15.3029759473
731 777 -13.2814721118
731 790 -9.05415677552
731 792 -8.68199468228
731 811 -11.861599344
731 838 -11.2183873237
731 804 -14.9068994003
731 862 -10.8953979187
731 867 -15.6776761371
731 797 -11.5876373612
731 874 -9.9610489847
731 877 -13.5515410236
731 752 -13.5927032278
731 763 -8.27232083601
731 767 -15.9084215184
732 794 -13.4107283531
732 803 -11.2284404482
732 842 -11.7700721198
732 835 -7.36881656042
732 838 -15.9790054339
732 843 -5.36407509133
732 741 -12.2937663211
732 878 -12.0829220758
732 830 -13.4847681901
732 755 -10.5188435416
732 768 -11.9747998131
733 771 -10.628862899
733 776 -14.4622834394
733 786 -10.4898875078
733 880 -8.06628278881
733 883 -12.7886314444
733 844 -9.79233353742
733 854 -12.5249183726
733 876 -11.6198488991
733 881 -9.55194075882
733 789 -12.6118142298
734 775 -8.06857345746
734 834 -8.2749736946
734 798 -14.9005134535
734 839 -7.80828803821
734 780 -11.0841591349
734 829 -14.6719088948
734 875 -14.1127997648
734 778 -9.21224824128
734 807 -16.0695662108
734 747 -14.0335521515
734 744 -10.0656538916
734 881 -7.95948213403
734 870 -6.73757885933
734 766 -11.0631937515
735 802 -12.1938243189
735 827 -10.906623836
735 840 -13.1029421397
735 790 -13.0573190391
735 744 -12.8704053932
735 749 -12.0423728626
735 766 -10.8522939533
736 779 -17.415295875
736 827 -6.96448111868
736 797 -13.4013559564
736 816 -13.2681867816
736 883 -9.83928014955
736 802 -13.6791353469
736 842 -8.29253334755
736 845 -6.84757974888
736 856 -13.4814065131
737 755 -14.8354440073
737 818 -14.3800478238
737 833 -16.1011589077
737 840 -14.8555258691
737 884 -16.02888371
737 862 -12.3668764965
737 740 -12.8773517662
737 869 -15.8455370999
737 861 -11.4470221222
737 873 -14.9966982279
737 866 -14.3724790217
738 794 -11.9021137621
738 837 -12.2552528556
738 805 -10.5716332252
738 742 -10.2299477062
738 881 -13.0392772364
738 826 -3.54359897748
738 882 -10.5708961482
738 863 -7.92267122875
738 739 -14.5472997372
738 786 -13.7893121989
738 766 -11.315867488
738 853 -16.1924920892
738 767 -5.53235447228
739 876 -11.379152522
739 779 -13.4660502342
739 809 -10.1545355287
739 814 -7.23374435987
739 815 -13.1855995451
739 745 -15.9382175629
739 870 -14.7918564404
739 756 -15.4552752844
739 768 -13.00991685
740 792 -13.950189382
740 835 -13.1115133129
740 859 -16.7936426389
740 807 -14.6867301425
740 863 -13.4710298898
740 876 -15.2467229276
740 828 -10.1725748704
740 783 -14.5625958646
740 841 -15.2818077046
740 877 -14.6580718409
740 743 -12.4786387672
740 749 -14.0183169202
740 808 -16.4491366201
740 750 -13.9677561399
740 865 -13.1694199677
741 833 -10.1540125501
741 813 -11.5452508786
741 866 -11.4146020347
741 849 -6.41884270778
741 856 -11.346775421
741 752 -7.3490430053
741 768 -10.9559425872
742 777 -9.55559827152
742 779 -13.9416322659
742 873 -12.2125772205
742 795 -13.2448056091
742 778 -14.5975679834
742 818 -14.3104960037
742 820 -13.1431323747
742 842 -12.4932490979
742 761 -16.6450251149
742 858 -9.85231268735
742 852 -14.0987806079
742 754 -13.6612456477
742 750 -12.1222966423
742 753 -6.85600299553
742 745 -10.748985527
742 811 -14.5243381701
742 767 -12.0711227641
743 770 -11.3082291035
743 747 -13.7000992501
743 869 -14.0114921232
743 795 -12.2802278983
743 776 -12.3149699106
743 820 -13.0917339994
743 868 -15.6139569441
743 860 -11.5263711019
743 758 -13.9998059702
743 807 -16.5384956007
743 796 -7.06895480654
743 750 -10.7505071184
743 757 -8.25924349603
744 794 -12.3245999387
744 880 -13.6758969077
744 800 -7.69098055942
744 754 -11.705920376
744 819 -10.952480174
744 779 -7.97004586091
744 881 -12.8127658985
744 870 -10.7781858921
744 876 -15.4193244897
744 873 -11.0387737085
744 759 -10.0273460903
745 776 -15.640038075
745 779 -12.3638540665
745 792 -10.470431843
745 880 -13.3025735031
745 839 -7.66432967195
745 833 -16.6417320205
745 801 -11.7624198797
745 844 -15.095133573
745 820 -12.7928774816
745 748 -10.8995305113
745 762 -12.0655806108
745 811 -12.133302064
746 771 -11.6168764093
746 770 -15.5193509785
746 789 -11.3459090485
746 812 -13.0758902723
746 819 -15.2142929468
746 823 -11.8497353745
746 834 -12.3802570265
746 796 -15.1089729364
746 871 -11.1855089622
746 878 -13.723984845
746 759 -11.7906011812
746 765 -11.3901978216
746 820 -15.863068612
747 814 -11.6192783422
747 846 -11.4164992331
747 812 -9.47484987103
747 816 -12.8236179631
747 882 -11.3026111345
747 874 -12.2648914429
748 775 -10.6840894508
748 783 -8.92670320719
748 789 -12.5438609153
748 792 -13.1422536253
748 862 -8.18031654741
748 839 -12.7956640042
748 873 -12.6085855283
748 881 -12.0503989424
748 852 -14.8600628715
748 838 -12.9026899965
748 844 -11.4171705055
748 854 -10.7806822351
749 777 -12.7998420648
749 820 -13.8935882041
749 828 -14.3686577268
749 867 -13.7814175429
749 844 -11.9065048546
749 843 -16.1289327109
750 812 -15.0431834976
750 814 -14.2085291913
750 788 -13.6718611252
750 790 -10.4937000537
750 801 -14.1620193864
750 804 -5.77033702616
750 847 -13.3803813437
750 870 -10.9443917131
750 865 -9.48225876676
750 828 -12.8662344399
750 878 -14.7929380013
750 883 -14.7195847754
750 761 -10.6069770416
750 762 -15.7021377866
750 819 -11.0991578967
751 775 -11.0439560799
751 776 -15.7559049032
751 811 -13.8685422002
751 786 -15.3652982869
751 801 -13.5846351915
751 841 -10.1669918679
751 822 -14.7543345644
751 882 -13.4344525907
751 852 -12.5172516866
751 765 -7.03967796628
751 767 -8.51323074693
752 774 -15.6548394891
752 815 -13.3788021684
752 787 -13.2561060673
752 862 -11.5925846749
752 816 -14.9332158273
752 775 -9.58532981285
752 808 -14.1282220886
752 827 -10.0305365488
752 806 -9.63363348352
752 857 -11.8445241933
752 878 -13.978547132
752 763 -11.6918340033
752 844 -14.2025372342
752 880 -15.0022149892
752 883 -9.05249152119
752 813 -9.10188189327
752 759 -11.6551045516
753 780 -10.8095460321
753 798 -10.975660354
753 809 -10.8943078613
753 799 -14.4180552337
753 825 -13.0534126088
753 846 -10.7299424639
753 869 -11.2653014133
753 873 -10.1464127184
754 771 -15.2109545446
754 773 -11.5262268743
754 800 -11.0797116241
754 846 -16.8216526237
754 811 -13.8823371104
754 842 -14.5190034781
754 824 -8.86535199764
754 812 -9.82317965844
754 884 -14.6701483331
754 870 -14.1856102347
755 794 -11.791754196
755 786 -12.5962606967
755 859 -13.0566127785
755 832 -13.1463394468
755 836 -10.831079278
755 847 -9.57609088564
755 852 -10.0098204413
755 873 -9.46262822241
755 875 -13.5077370319
755 851 -11.7189237391
755 764 -9.79430330193
755 767 -11.5612020669
755 865 -7.63917808073
756 775 -9.096173501
756 777 -12.253580338
756 799 -11.1232041455
756 797 -12.076999476
756 821 -12.530409325
756 830 -9.77553155367
756 836 -10.1046811384
756 853 -15.8431615201
756 847 -12.5100512727
756 807 -14.3023990596
756 843 -13.0685456853
757 855 -11.5332314555
757 845 -9.58429172397
757 778 -13.1440771147
757 758 -10.545194499
757 804 -15.0643861251
757 863 -14.6331066808
757 783 -13.4273719742
757 808 -8.0307479957
757 759 -9.71874579178
757 810 -10.0282367641
758 775 -11.0525488732
758 796 -8.01361507792
758 801 -14.4681701858
758 840 -11.6732215008
758 818 -12.5972331509
758 827 -10.7507063218
758 764 -9.36292647261
759 770 -14.7027214839
759 876 -15.3343017966
759 782 -12.5296697123
759 800 -11.1295418676
759 863 -13.3602176508
759 823 -12.9185759724
759 843 -9.39798020609
759 851 -13.3285762681
759 826 -11.420858126
759 860 -12.5075563363
759 881 -11.1004494718
759 883 -8.14368007265
760 876 -10.984616809
760 810 -9.47809752313
760 806 -5.42151377589
760 829 -12.5124623283
760 817 -12.6114911405
760 841 -11.5139887018
760 787 -12.46383311
760 860 -14.2778476046
760 848 -11.6951597953
760 855 -12.5716652335
760 884 -10.3951799577
761 772 -12.8294397468
761 773 -11.6502896228
761 786 -11.0488245494
761 802 -14.4284537483
761 808 -13.9442349707
761 823 -5.71954019902
761 827 -11.3285285588
761 830 -14.5015529208
761 806 -13.2497422141
761 848 -10.9124583763
761 785 -12.0344926132
761 868 -14.6549619735
761 766 -11.3841776501
762 856 -14.6947430843
762 854 -13.5959747156
762 816 -9.39095411445
762 873 -11.4805942392
762 822 -11.2793932755
762 855 -14.0117316858
762 863 -12.3066479902
762 808 -13.0786947778
762 881 -9.02577669191
763 777 -10.2989407326
763 820 -13.5767160322
763 818 -10.7460811769
763 826 -9.06436835322
763 830 -9.22045915596
763 839 -16.4554985045
763 789 -11.1381059857
763 847 -11.8202858079
763 787 -6.14071268045
764 780 -9.81122467987
764 774 -7.25316889387
764 815 -9.55507167722
764 821 -12.8358419634
764 867 -11.9645801796
764 874 -11.3004502163
764 768 -9.32509126092
765 781 -11.5582884462
765 790 -7.94664878161
765 813 -6.5376454179
765 864 -11.637944266
765 791 -13.2627626444
765 881 -14.2808970202
765 768 -3.99687310131
766 803 -13.2142644936
766 807 -8.79030157049
766 794 -13.3604770148
766 849 -12.9620549662
766 808 -12.3832552304
766 828 -11.6082981624
766 848 -6.72896053638
767 781 -9.57910449235
767 795 -11.0385886738
767 802 -13.3784884876
767 877 -13.6444620141
767 821 -10.4656936371
767 803 -13.0624451981
767 874 -12.8926251549
767 860 -11.9781596063
767 806 -14.1869230186
768 789 -12.1396101134
768 827 -13.0728723949
768 832 -11.5762592475
768 802 -17.541126522
768 843 -11.093808614
768 870 -11.8504046367
768 875 -12.1855760544
768 790 -14.2639059737
769 796 -15.5343141658
769 808 -9.17826095259
769 827 -13.3088493963
769 835 -12.5821704353
769 850 -12.626338121
769 868 -12.7365903052
769 859 -17.4859671183
769 869 -11.3922641241
769 787 -10.0001968297
769 830 -12.1726090492
769 831 -16.7914265471
770 775 -8.28149590549
770 875 -14.5542657427
770 817 -11.2203237986
770 799 -13.3360919814
771 855 -14.8816839238
771 813 -6.24556101882
771 784 -9.69794126369
771 857 -6.68944562869
771 806 -12.4646055607
771 812 -10.8519151853
771 850 -16.2509074905
771 856 -12.2126443536
771 807 -13.8460069555
771 871 -8.25663294696
772 796 -14.1550337857
772 812 -12.5703130596
772 823 -14.3014356753
772 836 -13.7931827725
772 843 -14.1311829603
772 879 -12.0812870779
773 811 -11.0461167008
773 807 -17.1014051576
773 822 -12.8144741554
774 812 -12.6089211984
774 780 -13.502793887
774 818 -13.0405051866
774 798 -12.3872523897
774 821 -15.6275599887
774 778 -11.1219233882
774 830 -14.6509918365
774 802 -11.5700173787
774 862 -16.6775963791
774 870 -13.7443670521
775 855 -13.2062274155
775 789 -10.7830762503
775 830 -10.3522178575
775 852 -15.4636066194
775 782 -7.22850220897
775 871 -15.7948218991
775 875 -14.4425846089
775 840 -9.74651403165
775 785 -11.6942732849
776 878 -8.42319396839
776 804 -9.66141711881
776 807 -7.81517415774
776 814 -12.0536647713
776 808 -11.010494388
777 850 -13.4353132824
777 806 -11.8819266237
777 832 -14.4385101859
777 800 -5.69230834189
777 842 -12.8816803544
777 845 -11.3175947106
777 858 -14.9048922759
777 870 -12.7693122736
778 828 -6.42612289292
778 795 -13.0154771637
778 883 -7.91510253217
778 817 -8.1331881325
778 850 -15.8479099387
778 860 -12.0183603833
778 857 -15.1191753257
778 811 -11.7587422235
779 872 -8.06040011599
779 798 -13.451943785
779 799 -12.4183587364
779 817 -11.3722124286
779 824 -12.4885162142
779 847 -13.3525122238
779 809 -13.1552792985
779 873 -10.8504518583
779 826 -15.7687988083
779 857 -14.766207774
779 851 -10.8801874259
780 815 -10.676956158
780 878 -11.3153348711
780 790 -15.2054929272
780 801 -6.8637673391
780 802 -10.3250488049
780 873 -10.4780172646
780 876 -6.59198910209
781 782 -8.9456402102
781 783 -8.73705029619
781 814 -13.6904723005
781 794 -6.62035286737
781 876 -16.13198816
781 807 -10.7896398455
781 808 -11.5556537029
781 813 -11.8518114785
781 820 -6.30173552664
781 847 -10.3162013294
781 861 -12.4937984529
781 877 -9.99172154811
782 873 -10.4148732111
782 793 -13.7160720538
782 787 -6.68847795446
782 824 -13.9657457822
782 860 -10.0365382382
782 835 -16.8389548438
782 836 -12.7343373376
782 845 -11.529162505
782 849 -9.15232681374
782 859 -10.3952908058
782 827 -18.3392497437
782 850 -13.6653867657
782 844 -9.99877986097
782 788 -13.9103107036
783 794 -7.16658234667
783 786 -14.4358501958
783 802 -13.8214432464
783 832 -12.1455726091
783 851 -10.5516446765
783 870 -9.37967119941
784 789 -14.6089199866
784 851 -8.03917764264
784 858 -10.2867585821
784 880 -7.9758671087
785 797 -10.5647730816
785 798 -8.32734309743
785 809 -14.6151669324
785 823 -13.1028371876
785 828 -9.1571570607
785 836 -9.59430308055
785 842 -12.6890533486
785 849 -10.0220814744
785 854 -8.79031366352
785 856 -15.1767280903
785 790 -13.8089969425
785 851 -15.0408402861
785 883 -11.1731463628
785 810 -8.08759968861
786 796 -12.7586752446
786 846 -13.5662969817
786 819 -13.7237917234
786 804 -8.01576132296
786 835 -11.2608108571
786 842 -10.7539217364
786 851 -12.5929727655
786 855 -6.51692408255
786 787 -10.7270909529
786 806 -9.40557315264
787 795 -10.9586189322
787 805 -15.3416615931
787 840 -15.8644061709
787 813 -14.2037325056
787 827 -9.29186716029
787 829 -13.3693959483
787 830 -7.81587914634
787 814 -15.8267948426
787 869 -14.0683378747
787 806 -16.8107975772
788 855 -10.3652934818
788 862 -16.0980930952
788 794 -12.340780286
788 858 -8.72065389545
788 789 -13.2482219602
788 791 -11.7113545109
788 869 -10.1313588893
789 828 -12.2142880562
789 797 -5.76947733637
789 800 -12.9902785014
789 868 -12.3451213388
789 814 -11.3526089901
789 836 -14.2480663143
789 829 -16.2207218443
789 839 -11.1412863678
789 870 -8.92121912821
789 793 -9.5034872226
790 799 -11.9413350369
790 854 -11.6174077397
790 848 -11.9339532536
790 844 -15.8230217781
791 809 -9.16421634897
791 799 -11.1568086041
791 847 -9.35024036035
791 868 -16.2132401412
791 881 -16.0778929777
792 878 -11.0606055796
792 854 -11.8006000351
792 822 -6.50556497428
792 873 -11.5071573897
792 853 -5.31875706987
792 856 -11.9627520193
792 869 -14.2047071438
792 832 -15.4373941922
793 794 -6.91638652527
793 801 -11.7994194681
793 819 -13.2562442786
793 817 -8.2199146575
793 848 -5.66749393835
793 807 -8.59158183538
793 831 -8.92832333782
794 876 -13.2573278235
794 877 -7.20575498348
794 799 -11.2281747535
794 883 -15.7111980162
794 823 -8.16592713152
794 800 -13.2312220663
794 796 -14.2319893261
794 825 -6.45421716919
794 870 -12.9570115487
795 836 -9.38604905619
795 821 -13.592337393
795 810 -14.1763907821
795 815 -13.9779560513
795 816 -11.5069790069
795 822 -9.72765195774
795 848 -15.6133211405
795 804 -12.1504450396
795 828 -12.08611866
795 850 -5.65178225488
795 820 -10.3333480445
796 856 -8.43250300902
796 798 -9.65841009349
796 830 -12.1787732657
796 852 -12.8575106257
796 815 -12.9082069388
796 813 -6.18795318843
796 857 -12.588882827
796 883 -14.3952699767
797 832 -11.9743986588
797 827 -10.9220330251
797 803 -8.4380141597
797 824 -13.2116091118
797 818 -11.413852028
797 872 -7.66665011783
798 804 -14.7986421562
798 884 -14.1631525758
798 841 -10.6531052064
798 868 -14.4625861144
798 877 -10.7016439968
799 880 -12.6519247361
799 827 -12.7322744763
799 828 -11.8044386487
799 861 -14.8435365354
799 853 -15.7641771197
800 838 -7.51190674932
800 812 -13.2291933893
800 821 -5.93312252465
800 834 -11.2256625939
800 835 -15.0824024551
800 876 -7.30686363153
800 878 -8.98862766141
800 811 -13.1619219031
801 859 -10.7626063392
801 833 -12.6954898417
801 804 -15.7016973031
801 842 -12.9699367447
801 868 -15.318698191
801 872 -9.94601343874
801 880 -15.0803360721
801 802 -14.4171250973
802 849 -17.7483883826
802 805 -12.4508745176
802 866 -12.6609180548
802 829 -12.6364543491
803 862 -15.0298870873
803 816 -12.0369312017
803 839 -10.2359928316
803 854 -14.1856951845
803 847 -13.4810297903
803 852 -14.7407725659
803 823 -10.2809487145
804 861 -12.8998254105
805 848 -15.3327743258
805 882 -8.98115607185
805 828 -13.6490589055
805 833 -14.0836372505
805 841 -12.6454744794
805 868 -15.278288225
805 835 -11.1073189083
806 812 -10.7517921335
806 817 -12.3769685032
806 807 -14.0768103089
806 874 -10.0726279705
806 828 -11.0341827234
806 866 -14.0819374994
806 847 -12.1866382085
806 877 -14.7991739082
807 824 -15.1415511755
807 846 -13.1124424365
807 853 -10.4902091021
807 856 -13.0987404901
807 871 -12.7738339855
807 842 -11.6862222117
808 832 -12.3465473548
808 813 -11.1687050111
808 868 -10.4102457194
808 842 -8.35095945491
808 844 -6.52820098025
808 871 -9.16257709567
808 861 -10.5114323103
808 836 -12.3997768746
809 854 -7.5499897594
809 840 -10.2224061156
809 861 -16.4608187279
810 814 -14.6679967067
810 840 -9.17634478197
810 818 -10.9734221138
810 839 -11.5784270832
810 848 -15.0391674153
810 878 -13.9869336066
810 868 -10.3945199323
810 880 -11.5337345139
810 873 -16.5370107057
811 818 -11.7283652022
811 825 -9.71940006995
811 822 -15.3076322734
811 845 -12.3892439668
811 831 -8.76574532874
812 852 -13.8488150841
812 840 -14.0643745922
812 814 -12.2624801662
812 841 -9.53975451119
812 856 -13.2309756756
813 824 -9.1663779609
813 825 -10.6660878268
813 829 -11.4815496674
813 863 -10.2404208775
813 864 -9.60611908012
813 874 -10.0863153067
813 881 -13.693457816
813 883 -8.60661790277
813 852 -11.5800659684
813 853 -11.3915633403
814 857 -9.75323231609
814 837 -12.5555347505
814 838 -14.2687886052
814 844 -13.51473758
814 841 -13.60314213
814 851 -8.62770309753
815 880 -12.0083824078
815 842 -12.8656337537
815 868 -15.8808249656
815 829 -14.145211412
815 831 -8.92383142106
816 856 -11.4651122087
816 818 -12.3483182297
816 828 -5.84813799747
816 846 -10.1259698439
817 861 -13.5120531086
817 852 -9.94181450206
817 827 -9.07454150487
818 823 -10.8325100712
818 844 -10.5525211454
818 853 -14.5015662993
818 857 -13.877907494
819 821 -14.6026825872
819 838 -12.4532706739
819 826 -14.8816271794
820 858 -14.753359458
820 884 -14.1417510615
820 862 -11.5378972053
820 823 -13.0118582411
820 878 -15.1585575907
821 879 -14.6615248861
821 833 -10.1745415349
821 858 -10.989710206
821 863 -13.5262450544
821 874 -11.1808574976
822 832 -15.31217236
822 845 -7.88733593577
822 846 -13.1813025048
822 880 -14.3282213671
823 856 -9.96488571351
823 838 -10.7170359588
823 859 -15.462288091
823 882 -16.235386918
823 836 -15.8721397336
824 882 -13.5480447336
824 883 -12.1649734342
824 855 -12.1892790492
825 838 -13.0144113514
825 846 -13.3631878518
825 881 -10.0805415407
825 842 -17.5515779663
825 855 -10.2429353881
826 828 -6.34741580782
826 827 -10.6136473879
827 831 -13.7156263619
827 834 -17.3175577395
827 846 -15.4006611401
827 850 -12.7502913872
827 860 -11.2569975861
827 865 -15.1062309488
827 880 -10.4962628362
828 878 -12.409491247
828 837 -11.7803266229
828 839 -18.4158456202
828 882 -15.4843993315
828 873 -13.4322960544
829 835 -10.7322689954
829 883 -11.4653075501
829 850 -12.9902665403
830 884 -11.0234962658
830 836 -7.13120605145
831 876 -12.5026743235
831 870 -12.3125005108
831 866 -14.8138392994
832 876 -13.0610524189
832 839 -12.9323117143
832 841 -14.3436550214
832 842 -9.3255825379
833 884 -12.9402413261
833 835 -7.15183585395
833 875 -10.8931239176
834 859 -9.32943895139
834 872 -7.07649684753
834 836 -14.5862497847
834 870 -8.63640078095
834 858 -14.6804001115
835 841 -15.2283319805
835 875 -9.55414362969
835 850 -15.7491256717
835 859 -13.2637749806
835 880 -12.6580352376
835 881 -8.96460182588
835 874 -14.0373809749
835 853 -13.9851381345
836 838 -11.4948288181
836 881 -12.9700659162
837 846 -13.0769445569
837 839 -10.6964044451
837 850 -9.05795456497
837 874 -12.2711360035
837 852 -11.4827518516
838 872 -10.2361128879
838 840 -15.2934294618
839 859 -13.9330886483
839 855 -12.8046614636
840 877 -8.21404450032
840 842 -14.4118663149
840 852 -11.2137255513
840 855 -11.2940069854
840 858 -12.4403575309
841 856 -11.6521371977
841 842 -14.4241901764
841 869 -10.8986863784
841 882 -10.4255709361
842 880 -15.7980931221
842 864 -13.8539974725
842 854 -14.4562958748
842 883 -12.3248769623
842 884 -12.3260916386
843 856 -10.6634645343
844 877 -14.990607309
844 847 -12.9795838281
844 853 -13.5493246342
844 882 -13.7218103992
844 878 -9.5757847174
844 884 -11.087381508
845 855 -15.0670116604
846 879 -14.5116700076
846 851 -16.1225293781
846 862 -13.0370074295
847 858 -12.4273045224
847 859 -12.4020184715
847 873 -10.6878932258
848 867 -12.5941688956
848 861 -12.3662540988
848 866 -15.3983959492
850 854 -8.94983829874
850 857 -10.6476446036
850 861 -11.799825375
851 866 -12.4007266012
851 854 -10.0363047793
851 872 -10.6808566602
851 873 -6.77328302017
852 875 -11.7682362172
853 878 -9.75909192719
854 876 -8.94921881192
854 858 -6.927702396
854 874 -12.8334639716
855 861 -11.6010857539
855 871 -13.1146660424
856 859 -11.6940807412
856 876 -15.4288321295
856 865 -10.5810970847
856 884 -11.8257140285
858 871 -10.6204697255
858 884 -11.4012003676
859 877 -11.9517179113
860 863 -13.9998422424
860 867 -12.6448293234
862 873 -9.33599736391
862 869 -14.8596045775
862 881 -13.865543599
862 874 -11.2386297981
862 866 -14.2469608507
863 865 -11.8707744639
863 875 -8.43955382951
864 880 -14.0123597946
864 869 -11.9905641499
864 872 -14.1631555681
864 878 -11.1242962365
865 882 -14.1461041894
865 880 -11.4244774071
865 873 -14.5146553302
866 869 -12.983039003
867 869 -10.9295464108
868 870 -11.1869942892
869 871 -11.501918425
869 883 -8.14783086259
870 871 -12.5825228334
870 878 -11.9043494541
870 874 -5.92039078197
872 882 -11.1272306128
873 879 -12.0765730118
873 880 -5.82887571299
874 876 -14.3168129073
875 877 -12.2884796979
879 883 -15.1488397173
880 883 -12.3595896646
