MULTICUT
1 515 -1.0
1 4 1.0
1 5 1.0
1 7 1.0
1 8 1.0
1 10 1.0
1 11 1.0
1 12 1.0
1 13 1.0
1 15 1.0
1 17 1.0
1 18 1.0
1 20 1.0
1 24 1.0
1 28 1.0
1 30 1.0
1 31 1.0
1 33 1.0
1 36 1.0
1 519 1.0
1 39 1.0
1 40 1.0
1 41 1.0
1 43 1.0
1 44 1.0
1 45 1.0
1 46 -1.0
1 308 -1.0
1 48 -1.0
1 50 1.0
1 54 1.0
1 55 -1.0
1 56 -1.0
1 58 1.0
1 59 -1.0
1 60 1.0
1 61 1.0
1 66 -1.0
1 68 1.0
1 69 -1.0
1 70 1.0
1 587 1.0
1 588 1.0
1 591 1.0
1 593 1.0
1 595 1.0
1 356 1.0
1 598 -1.0
1 602 1.0
1 603 1.0
1 607 1.0
1 608 1.0
1 609 1.0
1 610 1.0
1 614 -1.0
1 618 1.0
1 620 1.0
1 110 1.0
1 111 1.0
1 625 -1.0
1 626 1.0
1 627 1.0
1 628 1.0
1 118 1.0
1 631 1.0
1 633 1.0
1 634 1.0
1 123 1.0
1 380 1.0
1 638 1.0
1 127 1.0
1 640 1.0
1 642 1.0
1 643 1.0
1 644 1.0
1 645 1.0
1 134 1.0
1 648 1.0
1 649 1.0
1 138 1.0
1 147 1.0
1 149 1.0
1 162 1.0
1 92 1.0
1 543 1.0
1 183 1.0
1 184 1.0
1 185 1.0
1 187 1.0
1 314 1.0
1 193 1.0
1 545 -1.0
1 196 -1.0
1 119 1.0
1 553 1.0
1 205 1.0
1 206 1.0
1 350 1.0
1 292 1.0
1 213 1.0
1 221 1.0
1 124 1.0
1 91 1.0
1 233 1.0
1 234 1.0
1 238 1.0
1 242 1.0
1 247 1.0
1 249 -1.0
1 128 1.0
1 255 1.0
1 256 1.0
1 258 1.0
1 556 1.0
1 263 1.0
1 386 1.0
1 267 1.0
1 272 1.0
1 132 1.0
1 280 -1.0
1 286 -1.0
1 562 -1.0
1 300 1.0
1 304 1.0
1 137 1.0
1 564 1.0
1 565 1.0
1 319 1.0
1 322 1.0
1 324 1.0
1 567 1.0
1 334 -1.0
1 571 1.0
1 572 1.0
1 364 1.0
1 366 1.0
1 574 1.0
1 575 -1.0
1 375 1.0
1 577 1.0
1 390 1.0
1 397 1.0
1 579 1.0
1 406 1.0
1 411 1.0
1 412 1.0
1 416 1.0
1 418 1.0
1 420 1.0
1 424 1.0
1 425 1.0
1 426 1.0
1 72 1.0
1 429 1.0
1 430 1.0
1 439 1.0
1 75 1.0
1 76 -1.0
1 457 1.0
1 465 1.0
1 474 1.0
1 80 1.0
1 81 1.0
1 392 -1.0
1 493 1.0
1 83 1.0
1 497 -1.0
1 503 1.0
1 86 1.0
2 4 1.0
2 5 -1.0
2 6 1.0
2 9 -1.0
2 11 1.0
2 13 -1.0
2 14 1.0
2 15 1.0
2 17 1.0
2 18 1.0
2 19 1.0
2 20 1.0
2 21 1.0
2 517 1.0
2 27 1.0
2 28 1.0
2 32 1.0
2 33 1.0
2 36 1.0
2 37 1.0
2 38 1.0
2 40 -1.0
2 45 1.0
2 46 1.0
2 47 1.0
2 48 -1.0
2 49 1.0
2 51 1.0
2 52 1.0
2 53 1.0
2 55 1.0
2 57 -1.0
2 59 1.0
2 60 -1.0
2 63 -1.0
2 65 1.0
2 579 1.0
2 69 1.0
2 70 1.0
2 584 -1.0
2 585 -1.0
2 586 1.0
2 590 1.0
2 592 -1.0
2 595 1.0
2 597 1.0
2 598 -1.0
2 601 1.0
2 602 1.0
2 605 1.0
2 102 1.0
2 97 1.0
2 613 1.0
2 614 1.0
2 616 1.0
2 622 1.0
2 623 1.0
2 114 1.0
2 627 1.0
2 628 1.0
2 629 1.0
2 630 1.0
2 631 1.0
2 120 1.0
2 634 1.0
2 637 1.0
2 638 1.0
2 639 1.0
2 640 1.0
2 129 1.0
2 644 1.0
2 133 1.0
2 646 -1.0
2 647 1.0
2 648 1.0
2 534 1.0
2 87 -1.0
2 150 -1.0
2 152 1.0
2 154 -1.0
2 364 1.0
2 356 1.0
2 162 -1.0
2 171 1.0
2 542 1.0
2 188 1.0
2 533 -1.0
2 199 1.0
2 201 1.0
2 213 1.0
2 220 1.0
2 221 1.0
2 226 1.0
2 380 1.0
2 231 1.0
2 125 1.0
2 126 1.0
2 127 1.0
2 555 1.0
2 255 1.0
2 641 1.0
2 261 1.0
2 521 1.0
2 386 1.0
2 265 1.0
2 558 1.0
2 278 1.0
2 88 1.0
2 304 1.0
2 309 1.0
2 318 1.0
2 141 1.0
2 568 -1.0
2 398 1.0
2 569 1.0
2 570 1.0
2 347 1.0
2 348 1.0
2 571 1.0
2 355 1.0
2 488 1.0
2 366 1.0
2 370 1.0
2 404 1.0
2 575 1.0
2 377 1.0
2 576 1.0
2 393 1.0
2 400 -1.0
2 532 1.0
2 526 1.0
2 432 1.0
2 73 -1.0
2 436 1.0
2 437 1.0
2 159 1.0
2 443 1.0
2 444 1.0
2 75 1.0
2 246 1.0
2 76 1.0
2 454 1.0
2 460 1.0
2 78 1.0
2 465 1.0
2 467 1.0
2 468 1.0
2 80 1.0
2 480 1.0
2 481 -1.0
2 483 1.0
2 82 1.0
2 489 1.0
2 498 1.0
2 502 1.0
2 503 1.0
2 85 1.0
2 509 1.0
2 86 1.0
3 4 1.0
3 5 1.0
3 7 1.0
3 8 1.0
3 10 -1.0
3 11 1.0
3 13 -1.0
3 14 1.0
3 16 -1.0
3 17 -1.0
3 19 1.0
3 532 1.0
3 22 1.0
3 23 -1.0
3 24 1.0
3 30 1.0
3 31 1.0
3 32 1.0
3 35 1.0
3 36 1.0
3 38 -1.0
3 39 -1.0
3 40 1.0
3 41 1.0
3 42 1.0
3 43 1.0
3 44 1.0
3 45 1.0
3 559 1.0
3 49 1.0
3 51 1.0
3 52 1.0
3 53 -1.0
3 54 1.0
3 56 1.0
3 57 1.0
3 58 1.0
3 59 1.0
3 60 1.0
3 61 1.0
3 63 1.0
3 65 1.0
3 66 1.0
3 67 1.0
3 69 1.0
3 71 -1.0
3 72 1.0
3 588 1.0
3 590 -1.0
3 591 1.0
3 593 1.0
3 595 1.0
3 602 1.0
3 603 -1.0
3 604 1.0
3 605 1.0
3 606 1.0
3 608 1.0
3 609 1.0
3 98 1.0
3 613 1.0
3 614 1.0
3 107 1.0
3 620 1.0
3 110 1.0
3 623 1.0
3 624 -1.0
3 113 -1.0
3 626 1.0
3 629 1.0
3 630 1.0
3 631 1.0
3 120 1.0
3 633 1.0
3 637 1.0
3 639 1.0
3 641 1.0
3 642 1.0
3 643 1.0
3 644 1.0
3 645 1.0
3 646 1.0
3 649 -1.0
3 650 1.0
3 622 1.0
3 149 -1.0
3 111 -1.0
3 151 1.0
3 538 1.0
3 155 1.0
3 356 1.0
3 167 1.0
3 104 1.0
3 171 -1.0
3 176 1.0
3 181 1.0
3 190 1.0
3 194 1.0
3 200 1.0
3 93 1.0
3 121 1.0
3 292 1.0
3 218 1.0
3 219 1.0
3 225 1.0
3 226 1.0
3 227 1.0
3 228 1.0
3 235 1.0
3 239 1.0
3 242 1.0
3 127 1.0
3 554 1.0
3 255 1.0
3 258 1.0
3 261 1.0
3 272 1.0
3 273 1.0
3 274 1.0
3 276 1.0
3 281 1.0
3 105 1.0
3 522 1.0
3 96 1.0
3 301 1.0
3 306 1.0
3 308 1.0
3 314 1.0
3 315 1.0
3 317 1.0
3 321 1.0
3 482 -1.0
3 329 1.0
3 568 1.0
3 336 1.0
3 569 1.0
3 340 1.0
3 342 1.0
3 347 1.0
3 355 1.0
3 572 1.0
3 573 1.0
3 369 1.0
3 320 1.0
3 384 1.0
3 577 1.0
3 99 1.0
3 394 1.0
3 395 1.0
3 90 1.0
3 402 -1.0
3 410 1.0
3 582 1.0
3 420 1.0
3 584 1.0
3 431 1.0
3 73 1.0
3 437 1.0
3 89 1.0
3 445 1.0
3 75 1.0
3 448 1.0
3 101 1.0
3 457 1.0
3 78 1.0
3 469 1.0
3 79 1.0
3 478 1.0
3 479 1.0
3 480 1.0
3 486 1.0
3 491 1.0
3 83 -1.0
3 496 1.0
3 84 1.0
3 529 1.0
3 85 1.0
3 507 1.0
4 5 1.0
4 8 1.0
4 10 1.0
4 11 1.0
4 14 -1.0
4 527 1.0
4 16 1.0
4 17 1.0
4 18 1.0
4 20 1.0
4 21 1.0
4 22 1.0
4 24 1.0
4 26 1.0
4 27 1.0
4 28 1.0
4 29 -1.0
4 31 1.0
4 36 1.0
4 38 1.0
4 39 1.0
4 40 1.0
4 41 1.0
4 43 1.0
4 44 -1.0
4 45 1.0
4 46 1.0
4 47 1.0
4 48 1.0
4 50 1.0
4 52 -1.0
4 53 1.0
4 54 1.0
4 56 1.0
4 59 1.0
4 60 1.0
4 65 1.0
4 66 1.0
4 69 1.0
4 70 1.0
4 586 1.0
4 587 -1.0
4 588 1.0
4 590 1.0
4 594 1.0
4 595 1.0
4 597 -1.0
4 598 1.0
4 600 -1.0
4 602 1.0
4 604 1.0
4 605 1.0
4 606 1.0
4 607 1.0
4 612 1.0
4 617 1.0
4 619 1.0
4 620 1.0
4 109 1.0
4 622 1.0
4 624 1.0
4 625 1.0
4 627 1.0
4 116 1.0
4 629 -1.0
4 633 1.0
4 635 1.0
4 636 -1.0
4 125 -1.0
4 638 1.0
4 639 1.0
4 642 -1.0
4 643 1.0
4 644 1.0
4 645 1.0
4 646 1.0
4 647 1.0
4 648 1.0
4 649 1.0
4 141 1.0
4 87 1.0
4 110 1.0
4 148 1.0
4 91 1.0
4 111 1.0
4 160 -1.0
4 161 1.0
4 113 1.0
4 164 1.0
4 167 1.0
4 168 1.0
4 170 1.0
4 115 1.0
4 176 1.0
4 186 1.0
4 189 -1.0
4 190 1.0
4 191 1.0
4 192 1.0
4 195 1.0
4 93 1.0
4 434 1.0
4 212 -1.0
4 122 1.0
4 218 1.0
4 221 -1.0
4 224 1.0
4 108 1.0
4 226 1.0
4 229 1.0
4 230 1.0
4 637 1.0
4 240 1.0
4 553 1.0
4 127 1.0
4 252 1.0
4 258 1.0
4 300 1.0
4 514 1.0
4 269 -1.0
4 277 1.0
4 296 1.0
4 297 1.0
4 437 1.0
4 304 1.0
4 305 1.0
4 314 1.0
4 318 -1.0
4 567 1.0
4 97 1.0
4 334 1.0
4 335 -1.0
4 337 1.0
4 569 1.0
4 349 1.0
4 524 1.0
4 572 1.0
4 573 1.0
4 367 1.0
4 574 1.0
4 575 1.0
4 377 1.0
4 381 1.0
4 382 1.0
4 388 1.0
4 389 1.0
4 391 -1.0
4 90 1.0
4 399 1.0
4 532 1.0
4 411 1.0
4 414 1.0
4 415 1.0
4 423 -1.0
4 584 1.0
4 585 -1.0
4 106 -1.0
4 438 -1.0
4 443 1.0
4 444 1.0
4 445 1.0
4 75 1.0
4 448 1.0
4 442 1.0
4 451 1.0
4 76 1.0
4 456 1.0
4 77 1.0
4 473 -1.0
4 80 1.0
4 478 1.0
4 81 1.0
4 484 1.0
4 82 1.0
4 489 1.0
4 490 1.0
4 83 1.0
4 497 1.0
4 499 1.0
4 502 1.0
4 530 1.0
5 517 1.0
5 7 1.0
5 8 1.0
5 10 1.0
5 12 1.0
5 13 1.0
5 14 1.0
5 16 1.0
5 17 1.0
5 530 1.0
5 21 -1.0
5 513 1.0
5 25 1.0
5 26 1.0
5 27 1.0
5 30 1.0
5 31 1.0
5 32 -1.0
5 33 1.0
5 35 1.0
5 550 1.0
5 39 1.0
5 42 1.0
5 43 1.0
5 45 1.0
5 350 1.0
5 49 1.0
5 50 1.0
5 52 1.0
5 54 1.0
5 55 1.0
5 56 1.0
5 57 1.0
5 58 1.0
5 61 1.0
5 62 1.0
5 63 1.0
5 64 1.0
5 66 -1.0
5 67 1.0
5 68 1.0
5 70 1.0
5 74 1.0
5 587 1.0
5 588 1.0
5 99 1.0
5 591 1.0
5 593 -1.0
5 595 1.0
5 597 1.0
5 601 1.0
5 603 1.0
5 604 1.0
5 606 1.0
5 608 1.0
5 611 1.0
5 615 1.0
5 618 1.0
5 619 1.0
5 620 1.0
5 621 1.0
5 622 1.0
5 533 1.0
5 624 1.0
5 625 1.0
5 626 1.0
5 627 -1.0
5 629 1.0
5 447 1.0
5 631 1.0
5 632 1.0
5 633 -1.0
5 634 1.0
5 635 1.0
5 639 1.0
5 640 1.0
5 643 1.0
5 108 -1.0
5 133 1.0
5 134 -1.0
5 647 1.0
5 136 1.0
5 649 1.0
5 140 1.0
5 91 1.0
5 150 1.0
5 151 1.0
5 538 1.0
5 155 1.0
5 161 1.0
5 167 -1.0
5 169 1.0
5 535 1.0
5 172 1.0
5 176 1.0
5 92 1.0
5 187 1.0
5 189 1.0
5 374 -1.0
5 195 1.0
5 202 1.0
5 120 1.0
5 205 1.0
5 121 1.0
5 548 1.0
5 216 1.0
5 222 1.0
5 226 1.0
5 227 1.0
5 228 1.0
5 230 1.0
5 520 1.0
5 235 1.0
5 237 1.0
5 94 1.0
5 240 1.0
5 623 1.0
5 244 1.0
5 554 -1.0
5 128 1.0
5 254 1.0
5 255 1.0
5 257 1.0
5 258 1.0
5 259 1.0
5 555 1.0
5 269 1.0
5 275 1.0
5 560 1.0
5 390 1.0
5 289 1.0
5 88 1.0
5 293 1.0
5 135 1.0
5 295 1.0
5 297 1.0
5 301 1.0
5 563 1.0
5 312 1.0
5 318 1.0
5 319 1.0
5 325 1.0
5 97 1.0
5 568 1.0
5 333 1.0
5 570 1.0
5 348 1.0
5 571 1.0
5 351 1.0
5 354 1.0
5 363 -1.0
5 366 1.0
5 367 -1.0
5 233 1.0
5 404 1.0
5 575 1.0
5 576 1.0
5 525 1.0
5 385 1.0
5 577 1.0
5 440 1.0
5 394 1.0
5 395 1.0
5 579 1.0
5 411 1.0
5 414 1.0
5 424 1.0
5 433 1.0
5 585 1.0
5 500 1.0
5 476 1.0
5 448 1.0
5 76 1.0
5 453 1.0
5 461 1.0
5 78 1.0
5 474 1.0
5 475 1.0
5 80 1.0
5 482 1.0
5 483 1.0
5 487 1.0
5 82 1.0
5 83 1.0
5 84 1.0
5 85 1.0
5 103 1.0
5 86 1.0
6 517 1.0
6 87 1.0
6 8 1.0
6 521 1.0
6 10 1.0
6 12 1.0
6 13 1.0
6 16 1.0
6 19 1.0
6 20 1.0
6 21 1.0
6 22 1.0
6 23 1.0
6 538 1.0
6 27 1.0
6 29 1.0
6 30 1.0
6 31 1.0
6 32 1.0
6 33 1.0
6 34 1.0
6 35 1.0
6 37 1.0
6 38 1.0
6 39 1.0
6 552 1.0
6 42 1.0
6 46 1.0
6 47 1.0
6 48 1.0
6 514 1.0
6 54 1.0
6 55 1.0
6 58 -1.0
6 60 1.0
6 61 -1.0
6 63 1.0
6 67 -1.0
6 69 1.0
6 71 1.0
6 72 1.0
6 588 1.0
6 589 1.0
6 590 1.0
6 591 1.0
6 592 1.0
6 594 1.0
6 595 1.0
6 596 1.0
6 600 1.0
6 356 1.0
6 606 1.0
6 610 1.0
6 611 1.0
6 612 1.0
6 615 1.0
6 617 1.0
6 107 1.0
6 620 1.0
6 621 1.0
6 622 1.0
6 624 -1.0
6 625 1.0
6 627 1.0
6 629 1.0
6 630 1.0
6 631 1.0
6 635 1.0
6 636 1.0
6 637 1.0
6 638 1.0
6 639 1.0
6 640 1.0
6 641 -1.0
6 642 1.0
6 646 1.0
6 649 -1.0
6 650 1.0
6 140 1.0
6 534 1.0
6 91 1.0
6 111 1.0
6 158 1.0
6 162 -1.0
6 165 1.0
6 166 1.0
6 94 1.0
6 172 1.0
6 184 1.0
6 192 1.0
6 199 1.0
6 204 1.0
6 93 1.0
6 121 1.0
6 215 1.0
6 217 -1.0
6 219 1.0
6 551 1.0
6 231 1.0
6 232 1.0
6 236 1.0
6 239 1.0
6 245 1.0
6 127 1.0
6 248 1.0
6 256 1.0
6 262 1.0
6 278 1.0
6 290 1.0
6 88 1.0
6 522 1.0
6 294 -1.0
6 300 1.0
6 301 1.0
6 304 -1.0
6 322 1.0
6 326 1.0
6 482 1.0
6 97 1.0
6 335 1.0
6 569 1.0
6 339 1.0
6 342 1.0
6 570 1.0
6 347 -1.0
6 354 1.0
6 357 1.0
6 488 -1.0
6 574 1.0
6 375 1.0
6 577 1.0
6 578 1.0
6 90 1.0
6 338 1.0
6 400 1.0
6 401 1.0
6 410 1.0
6 414 1.0
6 415 1.0
6 421 1.0
6 426 -1.0
6 584 1.0
6 431 1.0
6 433 1.0
6 585 1.0
6 441 1.0
6 89 1.0
6 444 1.0
6 442 1.0
6 76 1.0
6 77 1.0
6 78 1.0
6 468 1.0
6 80 1.0
6 478 1.0
6 483 1.0
6 486 1.0
6 82 1.0
6 83 -1.0
6 498 1.0
6 499 1.0
6 529 1.0
6 504 1.0
6 85 -1.0
6 509 1.0
6 86 1.0
7 513 1.0
7 516 1.0
7 518 1.0
7 524 1.0
7 14 1.0
7 15 1.0
7 16 1.0
7 17 1.0
7 18 1.0
7 531 1.0
7 20 1.0
7 21 1.0
7 22 -1.0
7 24 1.0
7 27 1.0
7 31 1.0
7 32 1.0
7 33 1.0
7 546 1.0
7 19 1.0
7 36 1.0
7 37 -1.0
7 38 1.0
7 39 1.0
7 40 1.0
7 41 1.0
7 44 1.0
7 50 1.0
7 53 1.0
7 57 1.0
7 59 1.0
7 60 1.0
7 63 1.0
7 64 1.0
7 66 1.0
7 344 1.0
7 68 1.0
7 70 1.0
7 71 1.0
7 73 -1.0
7 74 1.0
7 590 1.0
7 595 1.0
7 599 1.0
7 601 -1.0
7 603 1.0
7 606 1.0
7 607 1.0
7 609 1.0
7 611 1.0
7 612 1.0
7 613 -1.0
7 614 1.0
7 380 1.0
7 618 -1.0
7 620 1.0
7 621 1.0
7 550 -1.0
7 623 1.0
7 624 1.0
7 625 1.0
7 105 1.0
7 115 1.0
7 630 1.0
7 631 -1.0
7 635 1.0
7 636 1.0
7 637 1.0
7 638 1.0
7 534 1.0
7 129 1.0
7 130 1.0
7 646 1.0
7 647 1.0
7 650 -1.0
7 141 1.0
7 87 1.0
7 539 1.0
7 168 1.0
7 170 1.0
7 171 1.0
7 174 1.0
7 175 -1.0
7 92 -1.0
7 416 1.0
7 183 1.0
7 458 1.0
7 185 1.0
7 189 1.0
7 190 1.0
7 197 1.0
7 199 1.0
7 205 1.0
7 207 1.0
7 210 1.0
7 217 1.0
7 464 1.0
7 221 1.0
7 223 1.0
7 224 1.0
7 124 1.0
7 125 1.0
7 235 -1.0
7 552 1.0
7 94 -1.0
7 240 1.0
7 251 1.0
7 252 1.0
7 254 1.0
7 263 1.0
7 264 1.0
7 269 1.0
7 275 1.0
7 559 1.0
7 134 1.0
7 88 1.0
7 296 1.0
7 298 1.0
7 437 1.0
7 304 1.0
7 325 1.0
7 334 1.0
7 335 1.0
7 142 1.0
7 341 -1.0
7 570 1.0
7 347 1.0
7 349 1.0
7 571 1.0
7 353 1.0
7 354 1.0
7 572 1.0
7 98 1.0
7 361 1.0
7 573 1.0
7 575 1.0
7 375 -1.0
7 576 1.0
7 381 1.0
7 383 1.0
7 577 1.0
7 387 1.0
7 389 1.0
7 391 1.0
7 578 1.0
7 494 1.0
7 403 1.0
7 405 1.0
7 410 1.0
7 417 1.0
7 421 -1.0
7 585 1.0
7 435 -1.0
7 106 -1.0
7 438 1.0
7 586 1.0
7 89 1.0
7 443 1.0
7 444 -1.0
7 445 1.0
7 588 1.0
7 503 1.0
7 455 1.0
7 461 1.0
7 463 1.0
7 78 1.0
7 466 1.0
7 80 1.0
7 477 1.0
7 478 1.0
7 485 1.0
7 490 -1.0
7 83 1.0
7 498 -1.0
7 84 1.0
7 501 1.0
7 529 1.0
7 504 1.0
8 520 -1.0
8 10 1.0
8 523 1.0
8 12 1.0
8 14 1.0
8 15 1.0
8 17 1.0
8 18 1.0
8 19 1.0
8 20 1.0
8 21 1.0
8 22 1.0
8 24 1.0
8 26 1.0
8 29 1.0
8 31 1.0
8 32 1.0
8 33 1.0
8 34 1.0
8 37 1.0
8 38 1.0
8 551 1.0
8 40 1.0
8 43 1.0
8 44 1.0
8 45 1.0
8 48 1.0
8 51 1.0
8 53 1.0
8 54 1.0
8 55 1.0
8 56 1.0
8 57 1.0
8 58 1.0
8 59 1.0
8 60 1.0
8 61 1.0
8 64 1.0
8 67 1.0
8 71 1.0
8 72 1.0
8 75 1.0
8 77 -1.0
8 591 1.0
8 592 1.0
8 593 1.0
8 596 1.0
8 598 1.0
8 599 -1.0
8 601 1.0
8 604 1.0
8 606 -1.0
8 608 1.0
8 609 -1.0
8 610 1.0
8 612 1.0
8 615 -1.0
8 104 1.0
8 617 1.0
8 619 1.0
8 620 1.0
8 623 1.0
8 626 1.0
8 629 1.0
8 632 1.0
8 635 1.0
8 636 1.0
8 127 1.0
8 534 1.0
8 641 1.0
8 642 1.0
8 643 1.0
8 645 -1.0
8 646 1.0
8 648 1.0
8 649 1.0
8 139 1.0
8 87 1.0
8 156 1.0
8 165 1.0
8 171 -1.0
8 518 1.0
8 181 1.0
8 543 1.0
8 544 1.0
8 193 1.0
8 204 1.0
8 93 1.0
8 218 1.0
8 464 -1.0
8 222 1.0
8 229 1.0
8 232 -1.0
8 552 1.0
8 238 -1.0
8 554 1.0
8 250 -1.0
8 556 1.0
8 262 1.0
8 263 1.0
8 267 1.0
8 288 1.0
8 88 1.0
8 477 1.0
8 303 1.0
8 309 1.0
8 311 1.0
8 313 1.0
8 315 1.0
8 322 1.0
8 324 1.0
8 326 1.0
8 335 1.0
8 336 1.0
8 345 1.0
8 571 1.0
8 351 -1.0
8 354 1.0
8 357 1.0
8 360 1.0
8 365 1.0
8 574 1.0
8 373 1.0
8 575 1.0
8 376 1.0
8 576 1.0
8 381 1.0
8 388 -1.0
8 440 1.0
8 90 -1.0
8 403 1.0
8 580 1.0
8 405 -1.0
8 239 -1.0
8 407 1.0
8 409 1.0
8 410 1.0
8 412 1.0
8 415 1.0
8 582 1.0
8 583 1.0
8 427 1.0
8 429 1.0
8 435 1.0
8 586 1.0
8 89 1.0
8 527 -1.0
8 476 1.0
8 454 1.0
8 456 1.0
8 248 1.0
8 469 1.0
8 80 1.0
8 362 1.0
8 81 1.0
8 483 1.0
8 490 1.0
8 493 1.0
8 495 1.0
8 496 1.0
8 501 -1.0
8 503 1.0
8 504 1.0
8 506 1.0
8 510 1.0
8 86 1.0
9 428 1.0
9 518 1.0
9 519 1.0
9 10 -1.0
9 16 1.0
9 17 1.0
9 19 1.0
9 20 1.0
9 21 1.0
9 22 1.0
9 24 -1.0
9 28 1.0
9 29 1.0
9 543 1.0
9 32 1.0
9 33 1.0
9 34 1.0
9 35 1.0
9 37 1.0
9 42 1.0
9 46 1.0
9 51 1.0
9 52 1.0
9 54 1.0
9 567 1.0
9 57 1.0
9 58 1.0
9 571 1.0
9 60 1.0
9 61 1.0
9 66 1.0
9 67 1.0
9 72 1.0
9 76 1.0
9 78 1.0
9 591 1.0
9 549 1.0
9 593 1.0
9 595 1.0
9 596 -1.0
9 599 1.0
9 600 -1.0
9 602 1.0
9 603 1.0
9 605 1.0
9 606 1.0
9 609 1.0
9 610 1.0
9 613 1.0
9 617 1.0
9 107 1.0
9 622 1.0
9 623 -1.0
9 624 1.0
9 516 1.0
9 626 1.0
9 115 1.0
9 629 1.0
9 630 1.0
9 631 1.0
9 634 1.0
9 635 1.0
9 124 1.0
9 640 1.0
9 642 1.0
9 643 1.0
9 644 1.0
9 646 1.0
9 137 -1.0
9 140 -1.0
9 141 1.0
9 147 1.0
9 452 1.0
9 91 1.0
9 153 1.0
9 368 1.0
9 157 1.0
9 159 1.0
9 164 1.0
9 170 1.0
9 456 1.0
9 173 1.0
9 176 1.0
9 92 1.0
9 181 -1.0
9 192 1.0
9 196 1.0
9 207 1.0
9 210 1.0
9 292 1.0
9 217 1.0
9 218 1.0
9 225 1.0
9 531 1.0
9 235 1.0
9 237 1.0
9 212 1.0
9 250 1.0
9 252 -1.0
9 262 1.0
9 264 -1.0
9 266 1.0
9 269 1.0
9 272 1.0
9 284 1.0
9 446 1.0
9 288 1.0
9 88 1.0
9 296 -1.0
9 301 1.0
9 564 1.0
9 311 1.0
9 482 1.0
9 336 1.0
9 343 1.0
9 348 1.0
9 349 1.0
9 353 1.0
9 359 1.0
9 574 1.0
9 369 1.0
9 575 1.0
9 376 -1.0
9 576 1.0
9 383 1.0
9 385 1.0
9 389 1.0
9 440 1.0
9 391 1.0
9 578 1.0
9 396 1.0
9 579 1.0
9 399 1.0
9 494 1.0
9 402 1.0
9 580 1.0
9 405 1.0
9 100 1.0
9 421 1.0
9 426 1.0
9 430 1.0
9 431 -1.0
9 438 1.0
9 586 -1.0
9 441 1.0
9 89 1.0
9 444 1.0
9 476 1.0
9 448 1.0
9 449 1.0
9 588 1.0
9 455 -1.0
9 374 1.0
9 463 1.0
9 562 1.0
9 472 1.0
9 80 1.0
9 480 1.0
9 481 1.0
9 81 1.0
9 483 -1.0
9 84 1.0
9 501 -1.0
9 85 1.0
10 514 1.0
10 519 1.0
10 523 1.0
10 13 1.0
10 14 1.0
10 15 1.0
10 529 1.0
10 533 1.0
10 23 1.0
10 28 -1.0
10 31 1.0
10 32 1.0
10 545 1.0
10 34 1.0
10 35 1.0
10 36 1.0
10 38 1.0
10 39 1.0
10 40 1.0
10 41 1.0
10 42 1.0
10 44 1.0
10 46 1.0
10 51 1.0
10 53 1.0
10 54 1.0
10 57 1.0
10 59 1.0
10 61 1.0
10 62 1.0
10 63 1.0
10 64 1.0
10 65 1.0
10 68 -1.0
10 69 1.0
10 72 1.0
10 73 1.0
10 525 -1.0
10 77 1.0
10 78 1.0
10 79 1.0
10 593 1.0
10 598 1.0
10 599 1.0
10 600 1.0
10 601 1.0
10 602 1.0
10 603 1.0
10 604 1.0
10 605 1.0
10 607 -1.0
10 608 1.0
10 610 1.0
10 611 1.0
10 615 1.0
10 617 1.0
10 619 1.0
10 620 1.0
10 622 1.0
10 446 1.0
10 113 1.0
10 627 1.0
10 628 -1.0
10 629 1.0
10 631 1.0
10 633 1.0
10 634 1.0
10 636 -1.0
10 638 1.0
10 639 1.0
10 640 -1.0
10 130 1.0
10 131 -1.0
10 644 -1.0
10 646 1.0
10 136 1.0
10 649 1.0
10 650 1.0
10 140 1.0
10 87 1.0
10 144 1.0
10 452 1.0
10 111 1.0
10 74 1.0
10 160 1.0
10 161 1.0
10 162 1.0
10 172 1.0
10 173 1.0
10 115 1.0
10 175 1.0
10 178 1.0
10 92 1.0
10 180 1.0
10 416 -1.0
10 188 1.0
10 193 1.0
10 196 1.0
10 197 1.0
10 200 1.0
10 202 1.0
10 120 1.0
10 205 1.0
10 121 1.0
10 217 1.0
10 218 1.0
10 223 1.0
10 224 1.0
10 380 1.0
10 232 1.0
10 520 1.0
10 234 1.0
10 552 1.0
10 248 1.0
10 251 1.0
10 255 1.0
10 258 1.0
10 263 1.0
10 386 1.0
10 266 1.0
10 95 -1.0
10 272 1.0
10 274 1.0
10 276 1.0
10 288 1.0
10 315 1.0
10 321 1.0
10 329 1.0
10 142 1.0
10 337 1.0
10 569 1.0
10 336 1.0
10 341 1.0
10 344 1.0
10 345 1.0
10 571 1.0
10 355 1.0
10 98 1.0
10 365 1.0
10 574 1.0
10 107 1.0
10 575 1.0
10 376 1.0
10 576 1.0
10 408 1.0
10 494 1.0
10 401 1.0
10 402 1.0
10 410 1.0
10 581 1.0
10 582 1.0
10 417 1.0
10 418 1.0
10 583 -1.0
10 423 1.0
10 430 1.0
10 585 1.0
10 500 1.0
10 586 1.0
10 89 -1.0
10 444 1.0
10 587 1.0
10 449 1.0
10 454 1.0
10 459 1.0
10 461 1.0
10 462 1.0
10 467 1.0
10 469 1.0
10 591 1.0
10 475 1.0
10 80 1.0
10 481 1.0
10 487 1.0
10 82 1.0
10 491 1.0
10 497 1.0
10 84 1.0
10 85 1.0
10 511 1.0
10 86 1.0
11 521 1.0
11 523 1.0
11 12 1.0
11 13 1.0
11 14 1.0
11 527 1.0
11 17 1.0
11 531 1.0
11 533 -1.0
11 22 1.0
11 23 1.0
11 536 -1.0
11 26 1.0
11 29 1.0
11 31 1.0
11 33 1.0
11 34 1.0
11 38 1.0
11 551 1.0
11 40 1.0
11 41 1.0
11 42 1.0
11 44 1.0
11 46 1.0
11 47 1.0
11 48 1.0
11 49 1.0
11 563 1.0
11 55 1.0
11 56 1.0
11 62 -1.0
11 64 -1.0
11 66 1.0
11 67 1.0
11 68 1.0
11 69 1.0
11 73 1.0
11 76 1.0
11 77 1.0
11 78 1.0
11 593 1.0
11 596 1.0
11 597 1.0
11 598 -1.0
11 602 1.0
11 603 1.0
11 607 1.0
11 609 1.0
11 610 1.0
11 101 1.0
11 614 1.0
11 615 1.0
11 616 1.0
11 618 -1.0
11 619 1.0
11 620 1.0
11 621 1.0
11 622 1.0
11 623 1.0
11 624 1.0
11 625 1.0
11 626 1.0
11 627 1.0
11 631 1.0
11 632 1.0
11 633 1.0
11 634 1.0
11 123 1.0
11 107 1.0
11 128 1.0
11 641 1.0
11 643 1.0
11 133 1.0
11 647 1.0
11 648 1.0
11 650 1.0
11 140 1.0
11 144 1.0
11 148 1.0
11 91 1.0
11 150 -1.0
11 153 1.0
11 113 1.0
11 165 1.0
11 171 1.0
11 173 1.0
11 543 1.0
11 189 1.0
11 192 1.0
11 199 1.0
11 200 1.0
11 201 1.0
11 204 1.0
11 207 1.0
11 110 1.0
11 93 1.0
11 121 1.0
11 215 -1.0
11 220 1.0
11 223 -1.0
11 227 1.0
11 380 1.0
11 236 1.0
11 111 1.0
11 243 1.0
11 251 1.0
11 254 1.0
11 255 1.0
11 261 1.0
11 262 1.0
11 386 1.0
11 268 1.0
11 95 1.0
11 273 1.0
11 280 1.0
11 286 1.0
11 88 1.0
11 298 1.0
11 136 1.0
11 303 1.0
11 308 1.0
11 309 1.0
11 316 1.0
11 317 -1.0
11 318 1.0
11 320 1.0
11 322 1.0
11 326 1.0
11 328 1.0
11 335 1.0
11 340 1.0
11 344 1.0
11 347 1.0
11 400 1.0
11 349 1.0
11 354 -1.0
11 357 1.0
11 364 1.0
11 365 1.0
11 366 1.0
11 367 1.0
11 574 1.0
11 575 1.0
11 375 1.0
11 577 1.0
11 90 1.0
11 579 1.0
11 494 1.0
11 401 1.0
11 407 1.0
11 581 1.0
11 415 1.0
11 582 1.0
11 426 1.0
11 584 -1.0
11 431 1.0
11 585 1.0
11 444 1.0
11 587 1.0
11 442 1.0
11 589 1.0
11 590 1.0
11 465 -1.0
11 467 1.0
11 468 1.0
11 591 -1.0
11 472 1.0
11 592 1.0
11 478 1.0
11 480 1.0
11 487 1.0
11 495 1.0
11 497 1.0
11 103 1.0
11 84 1.0
11 501 1.0
11 502 -1.0
11 504 1.0
11 508 1.0
11 510 -1.0
11 86 1.0
12 428 1.0
12 13 -1.0
12 526 1.0
12 15 1.0
12 17 -1.0
12 19 1.0
12 21 1.0
12 22 1.0
12 26 1.0
12 28 -1.0
12 29 1.0
12 31 1.0
12 545 1.0
12 34 1.0
12 36 1.0
12 37 1.0
12 38 1.0
12 40 1.0
12 42 1.0
12 43 1.0
12 44 1.0
12 557 1.0
12 46 1.0
12 47 1.0
12 48 1.0
12 50 1.0
12 54 1.0
12 56 1.0
12 57 1.0
12 58 1.0
12 59 1.0
12 60 1.0
12 61 1.0
12 62 1.0
12 65 -1.0
12 67 1.0
12 68 1.0
12 71 1.0
12 585 1.0
12 74 1.0
12 75 1.0
12 76 1.0
12 77 1.0
12 79 1.0
12 80 1.0
12 596 1.0
12 606 1.0
12 607 1.0
12 608 1.0
12 609 1.0
12 610 1.0
12 611 1.0
12 614 1.0
12 615 1.0
12 619 1.0
12 621 1.0
12 623 1.0
12 629 -1.0
12 119 1.0
12 632 1.0
12 635 1.0
12 636 1.0
12 637 1.0
12 638 1.0
12 639 1.0
12 640 1.0
12 642 1.0
12 645 1.0
12 646 1.0
12 135 1.0
12 649 1.0
12 650 1.0
12 534 1.0
12 144 1.0
12 145 1.0
12 108 1.0
12 153 1.0
12 154 1.0
12 159 1.0
12 160 1.0
12 167 1.0
12 168 1.0
12 104 1.0
12 172 1.0
12 176 1.0
12 184 1.0
12 374 1.0
12 193 -1.0
12 206 1.0
12 93 1.0
12 434 1.0
12 211 1.0
12 216 1.0
12 217 1.0
12 464 1.0
12 223 -1.0
12 224 1.0
12 228 1.0
12 230 1.0
12 234 1.0
12 238 1.0
12 245 1.0
12 250 1.0
12 253 1.0
12 299 -1.0
12 262 -1.0
12 268 1.0
12 95 1.0
12 271 1.0
12 273 1.0
12 279 1.0
12 282 1.0
12 285 -1.0
12 446 -1.0
12 290 1.0
12 293 1.0
12 300 1.0
12 302 -1.0
12 304 1.0
12 137 1.0
12 307 1.0
12 321 1.0
12 327 1.0
12 482 1.0
12 331 1.0
12 348 1.0
12 356 1.0
12 357 1.0
12 98 1.0
12 368 1.0
12 373 1.0
12 575 1.0
12 269 1.0
12 376 1.0
12 576 -1.0
12 383 1.0
12 384 1.0
12 577 1.0
12 389 1.0
12 395 1.0
12 90 1.0
12 579 1.0
12 400 1.0
12 580 1.0
12 405 1.0
12 409 1.0
12 581 1.0
12 415 -1.0
12 582 1.0
12 421 1.0
12 584 1.0
12 432 1.0
12 443 -1.0
12 587 1.0
12 589 1.0
12 590 1.0
12 465 1.0
12 467 1.0
12 471 1.0
12 592 1.0
12 477 1.0
12 593 -1.0
12 82 1.0
12 328 1.0
12 495 1.0
12 497 1.0
12 498 1.0
12 499 1.0
12 501 1.0
12 86 1.0
13 516 1.0
13 521 1.0
13 515 -1.0
13 15 1.0
13 16 1.0
13 17 -1.0
13 18 1.0
13 20 1.0
13 21 1.0
13 26 1.0
13 29 1.0
13 33 1.0
13 34 1.0
13 35 -1.0
13 36 1.0
13 549 1.0
13 41 -1.0
13 42 1.0
13 43 1.0
13 44 1.0
13 561 1.0
13 51 1.0
13 565 1.0
13 55 1.0
13 56 1.0
13 61 1.0
13 63 1.0
13 64 1.0
13 65 -1.0
13 66 1.0
13 68 1.0
13 69 1.0
13 71 1.0
13 269 1.0
13 75 1.0
13 76 1.0
13 77 1.0
13 78 1.0
13 591 1.0
13 80 1.0
13 596 1.0
13 599 1.0
13 601 1.0
13 608 1.0
13 609 1.0
13 613 1.0
13 615 1.0
13 530 1.0
13 617 1.0
13 618 1.0
13 619 -1.0
13 622 1.0
13 623 1.0
13 624 1.0
13 626 1.0
13 627 1.0
13 629 1.0
13 631 1.0
13 120 1.0
13 634 -1.0
13 637 1.0
13 638 1.0
13 639 1.0
13 641 1.0
13 642 1.0
13 643 1.0
13 645 1.0
13 646 1.0
13 647 -1.0
13 649 1.0
13 141 1.0
13 144 -1.0
13 147 1.0
13 91 1.0
13 111 1.0
13 152 1.0
13 112 1.0
13 157 1.0
13 160 1.0
13 161 1.0
13 171 1.0
13 115 1.0
13 360 1.0
13 92 1.0
13 180 1.0
13 287 -1.0
13 183 1.0
13 186 -1.0
13 190 1.0
13 197 1.0
13 199 1.0
13 547 1.0
13 93 1.0
13 210 1.0
13 215 1.0
13 216 1.0
13 218 1.0
13 224 -1.0
13 226 1.0
13 554 -1.0
13 232 1.0
13 125 1.0
13 94 1.0
13 240 -1.0
13 248 1.0
13 249 -1.0
13 257 1.0
13 262 1.0
13 272 1.0
13 277 1.0
13 284 1.0
13 285 1.0
13 446 1.0
13 290 1.0
13 291 1.0
13 294 1.0
13 562 1.0
13 309 1.0
13 315 1.0
13 316 1.0
13 317 1.0
13 324 1.0
13 567 1.0
13 329 1.0
13 332 1.0
13 334 1.0
13 142 1.0
13 338 1.0
13 348 1.0
13 349 1.0
13 350 1.0
13 353 1.0
13 358 1.0
13 98 1.0
13 367 -1.0
13 575 1.0
13 234 -1.0
13 379 1.0
13 382 1.0
13 383 1.0
13 578 1.0
13 408 1.0
13 581 1.0
13 419 1.0
13 426 1.0
13 585 1.0
13 106 1.0
13 586 1.0
13 89 1.0
13 443 1.0
13 587 1.0
13 448 1.0
13 454 1.0
13 457 1.0
13 589 1.0
13 459 1.0
13 462 1.0
13 590 1.0
13 592 1.0
13 479 -1.0
13 484 1.0
13 486 1.0
13 492 1.0
13 83 1.0
13 498 1.0
13 504 1.0
13 510 1.0
14 525 1.0
14 16 1.0
14 532 1.0
14 22 1.0
14 23 1.0
14 24 1.0
14 567 1.0
14 26 1.0
14 28 1.0
14 29 1.0
14 30 1.0
14 547 1.0
14 36 1.0
14 37 1.0
14 38 1.0
14 39 1.0
14 42 1.0
14 43 1.0
14 44 1.0
14 46 1.0
14 48 1.0
14 563 1.0
14 53 -1.0
14 60 1.0
14 61 1.0
14 575 1.0
14 64 1.0
14 68 1.0
14 70 -1.0
14 73 1.0
14 76 1.0
14 80 1.0
14 82 1.0
14 83 1.0
14 596 1.0
14 597 1.0
14 598 1.0
14 600 1.0
14 603 1.0
14 605 1.0
14 606 1.0
14 607 1.0
14 608 1.0
14 609 1.0
14 611 -1.0
14 613 1.0
14 614 1.0
14 615 1.0
14 616 1.0
14 617 1.0
14 618 1.0
14 620 -1.0
14 621 1.0
14 622 1.0
14 624 1.0
14 625 1.0
14 115 1.0
14 629 1.0
14 630 -1.0
14 122 1.0
14 635 1.0
14 636 1.0
14 639 1.0
14 641 -1.0
14 645 1.0
14 646 1.0
14 261 1.0
14 648 1.0
14 649 1.0
14 87 1.0
14 147 -1.0
14 148 1.0
14 151 1.0
14 152 1.0
14 153 1.0
14 157 -1.0
14 159 1.0
14 161 1.0
14 540 1.0
14 167 1.0
14 92 -1.0
14 185 1.0
14 117 -1.0
14 188 -1.0
14 190 1.0
14 202 1.0
14 519 -1.0
14 205 1.0
14 206 -1.0
14 93 1.0
14 212 1.0
14 218 1.0
14 219 1.0
14 428 1.0
14 513 1.0
14 223 1.0
14 231 1.0
14 520 1.0
14 235 1.0
14 238 1.0
14 240 1.0
14 243 1.0
14 249 1.0
14 299 1.0
14 255 1.0
14 260 1.0
14 538 1.0
14 266 -1.0
14 95 1.0
14 186 1.0
14 560 1.0
14 105 1.0
14 573 1.0
14 292 1.0
14 295 -1.0
14 96 1.0
14 51 -1.0
14 307 1.0
14 309 1.0
14 313 1.0
14 314 1.0
14 315 1.0
14 317 1.0
14 323 -1.0
14 326 1.0
14 329 1.0
14 97 1.0
14 334 1.0
14 571 1.0
14 351 1.0
14 354 1.0
14 357 1.0
14 361 1.0
14 362 1.0
14 363 1.0
14 367 -1.0
14 369 1.0
14 269 1.0
14 382 1.0
14 383 1.0
14 387 1.0
14 394 1.0
14 90 -1.0
14 579 -1.0
14 401 1.0
14 580 1.0
14 406 -1.0
14 581 -1.0
14 440 1.0
14 412 1.0
14 419 1.0
14 100 1.0
14 583 1.0
14 427 1.0
14 430 1.0
14 585 1.0
14 500 1.0
14 437 1.0
14 89 1.0
14 443 1.0
14 444 1.0
14 587 1.0
14 476 1.0
14 101 1.0
14 588 1.0
14 455 1.0
14 589 1.0
14 465 1.0
14 420 1.0
14 472 1.0
14 592 1.0
14 422 1.0
14 595 1.0
14 502 1.0
14 85 1.0
14 507 -1.0
14 508 1.0
14 103 1.0
14 86 1.0
15 518 -1.0
15 523 1.0
15 526 1.0
15 16 1.0
15 17 1.0
15 18 1.0
15 20 -1.0
15 533 1.0
15 534 1.0
15 23 1.0
15 24 1.0
15 25 1.0
15 538 1.0
15 27 1.0
15 29 1.0
15 30 1.0
15 410 1.0
15 36 1.0
15 37 1.0
15 39 1.0
15 552 1.0
15 41 1.0
15 42 1.0
15 43 1.0
15 44 1.0
15 46 1.0
15 49 1.0
15 50 1.0
15 51 1.0
15 53 1.0
15 55 1.0
15 56 1.0
15 57 1.0
15 570 1.0
15 572 1.0
15 61 -1.0
15 63 1.0
15 64 1.0
15 65 1.0
15 67 1.0
15 69 1.0
15 71 1.0
15 74 1.0
15 75 1.0
15 76 1.0
15 82 1.0
15 84 1.0
15 598 1.0
15 599 1.0
15 600 1.0
15 601 1.0
15 607 1.0
15 609 1.0
15 610 1.0
15 611 1.0
15 615 1.0
15 616 1.0
15 617 1.0
15 619 1.0
15 623 1.0
15 624 1.0
15 626 1.0
15 482 1.0
15 629 -1.0
15 630 1.0
15 632 1.0
15 635 -1.0
15 636 -1.0
15 639 1.0
15 640 -1.0
15 641 1.0
15 642 1.0
15 643 1.0
15 133 1.0
15 646 1.0
15 647 -1.0
15 649 1.0
15 650 1.0
15 140 1.0
15 141 -1.0
15 87 1.0
15 143 1.0
15 147 1.0
15 91 1.0
15 151 1.0
15 154 1.0
15 155 1.0
15 159 1.0
15 113 1.0
15 114 1.0
15 169 1.0
15 171 1.0
15 172 -1.0
15 115 -1.0
15 92 1.0
15 181 1.0
15 184 1.0
15 117 1.0
15 187 1.0
15 191 1.0
15 326 1.0
15 442 1.0
15 203 1.0
15 205 1.0
15 206 1.0
15 292 1.0
15 213 1.0
15 218 1.0
15 220 1.0
15 224 1.0
15 230 1.0
15 232 1.0
15 553 1.0
15 245 1.0
15 554 -1.0
15 254 1.0
15 258 1.0
15 557 1.0
15 95 1.0
15 275 1.0
15 132 1.0
15 281 1.0
15 285 1.0
15 286 1.0
15 88 1.0
15 294 1.0
15 299 1.0
15 563 1.0
15 306 1.0
15 309 1.0
15 317 1.0
15 320 1.0
15 323 1.0
15 567 1.0
15 328 1.0
15 336 1.0
15 351 1.0
15 357 1.0
15 358 1.0
15 98 1.0
15 365 1.0
15 366 1.0
15 370 1.0
15 404 -1.0
15 269 -1.0
15 382 1.0
15 99 1.0
15 578 1.0
15 393 1.0
15 579 1.0
15 406 1.0
15 408 1.0
15 414 1.0
15 415 1.0
15 582 1.0
15 417 1.0
15 424 1.0
15 584 -1.0
15 585 1.0
15 500 1.0
15 586 1.0
15 445 1.0
15 587 1.0
15 448 1.0
15 101 -1.0
15 588 1.0
15 453 1.0
15 463 1.0
15 466 1.0
15 591 1.0
15 592 1.0
15 479 1.0
15 484 -1.0
15 485 1.0
15 486 1.0
15 495 1.0
15 596 -1.0
15 501 1.0
15 529 1.0
15 505 -1.0
16 520 1.0
16 522 1.0
16 18 1.0
16 19 1.0
16 20 1.0
16 21 1.0
16 22 1.0
16 23 1.0
16 25 1.0
16 26 1.0
16 27 1.0
16 29 1.0
16 30 1.0
16 32 1.0
16 33 1.0
16 37 1.0
16 519 1.0
16 39 1.0
16 40 1.0
16 553 1.0
16 42 1.0
16 44 1.0
16 47 -1.0
16 48 1.0
16 51 1.0
16 52 1.0
16 56 1.0
16 59 1.0
16 60 1.0
16 61 1.0
16 62 1.0
16 70 1.0
16 72 1.0
16 75 1.0
16 76 1.0
16 77 1.0
16 78 1.0
16 79 -1.0
16 593 1.0
16 83 1.0
16 85 1.0
16 598 1.0
16 87 -1.0
16 601 1.0
16 602 1.0
16 603 1.0
16 605 -1.0
16 606 1.0
16 607 1.0
16 609 1.0
16 613 1.0
16 615 1.0
16 622 1.0
16 112 1.0
16 105 1.0
16 630 -1.0
16 632 1.0
16 636 1.0
16 534 1.0
16 641 1.0
16 642 1.0
16 643 1.0
16 108 1.0
16 646 -1.0
16 648 1.0
16 649 1.0
16 650 1.0
16 140 1.0
16 144 1.0
16 145 1.0
16 148 -1.0
16 91 1.0
16 151 1.0
16 153 1.0
16 154 1.0
16 539 1.0
16 159 1.0
16 161 1.0
16 164 1.0
16 175 1.0
16 176 1.0
16 178 1.0
16 182 1.0
16 544 1.0
16 189 1.0
16 191 1.0
16 197 1.0
16 203 1.0
16 120 1.0
16 205 1.0
16 213 1.0
16 216 1.0
16 228 1.0
16 230 -1.0
16 231 1.0
16 232 1.0
16 234 1.0
16 236 1.0
16 237 1.0
16 94 1.0
16 241 1.0
16 128 1.0
16 299 1.0
16 258 1.0
16 261 1.0
16 264 -1.0
16 95 1.0
16 270 -1.0
16 271 1.0
16 274 1.0
16 277 1.0
16 283 1.0
16 284 1.0
16 288 1.0
16 292 1.0
16 293 1.0
16 295 1.0
16 96 -1.0
16 563 1.0
16 306 1.0
16 310 1.0
16 316 1.0
16 318 1.0
16 566 1.0
16 131 1.0
16 328 1.0
16 97 1.0
16 568 1.0
16 338 1.0
16 355 1.0
16 357 1.0
16 371 1.0
16 377 1.0
16 450 -1.0
16 525 1.0
16 388 1.0
16 389 1.0
16 578 1.0
16 393 -1.0
16 90 1.0
16 579 1.0
16 400 1.0
16 532 1.0
16 580 1.0
16 405 1.0
16 581 1.0
16 411 1.0
16 526 1.0
16 582 1.0
16 583 1.0
16 413 1.0
16 584 1.0
16 435 1.0
16 436 1.0
16 443 -1.0
16 444 1.0
16 101 1.0
16 460 1.0
16 590 1.0
16 471 1.0
16 472 1.0
16 475 -1.0
16 102 1.0
16 483 1.0
16 498 1.0
16 137 1.0
16 103 -1.0
16 86 1.0
17 515 1.0
17 174 1.0
17 18 1.0
17 19 1.0
17 20 1.0
17 21 1.0
17 22 1.0
17 23 1.0
17 536 1.0
17 25 1.0
17 26 1.0
17 27 1.0
17 29 1.0
17 32 1.0
17 34 1.0
17 35 1.0
17 37 1.0
17 39 1.0
17 552 1.0
17 42 1.0
17 44 1.0
17 45 1.0
17 46 1.0
17 51 1.0
17 52 1.0
17 514 1.0
17 56 1.0
17 57 1.0
17 59 1.0
17 62 1.0
17 63 1.0
17 64 1.0
17 353 1.0
17 67 1.0
17 68 1.0
17 72 1.0
17 74 1.0
17 75 1.0
17 76 1.0
17 79 1.0
17 80 -1.0
17 82 -1.0
17 83 1.0
17 602 1.0
17 605 1.0
17 606 1.0
17 607 1.0
17 608 1.0
17 609 1.0
17 610 1.0
17 612 1.0
17 613 1.0
17 616 1.0
17 618 1.0
17 620 1.0
17 621 1.0
17 622 -1.0
17 624 1.0
17 625 1.0
17 626 1.0
17 627 1.0
17 632 1.0
17 636 -1.0
17 638 1.0
17 639 1.0
17 641 1.0
17 130 1.0
17 643 1.0
17 645 1.0
17 646 1.0
17 647 1.0
17 648 1.0
17 649 1.0
17 650 -1.0
17 140 1.0
17 87 1.0
17 148 1.0
17 91 1.0
17 151 1.0
17 161 1.0
17 163 1.0
17 167 1.0
17 115 -1.0
17 175 -1.0
17 180 1.0
17 185 1.0
17 186 1.0
17 188 1.0
17 545 -1.0
17 196 1.0
17 201 1.0
17 120 -1.0
17 206 1.0
17 93 1.0
17 211 -1.0
17 219 1.0
17 294 1.0
17 225 1.0
17 226 1.0
17 230 1.0
17 245 1.0
17 246 1.0
17 253 1.0
17 256 1.0
17 259 1.0
17 472 1.0
17 95 1.0
17 131 1.0
17 273 1.0
17 274 1.0
17 275 1.0
17 277 1.0
17 559 1.0
17 560 1.0
17 288 1.0
17 135 1.0
17 298 -1.0
17 301 1.0
17 302 1.0
17 308 -1.0
17 313 -1.0
17 317 1.0
17 321 1.0
17 323 1.0
17 324 1.0
17 325 1.0
17 329 1.0
17 332 1.0
17 333 1.0
17 339 1.0
17 349 1.0
17 351 1.0
17 524 1.0
17 572 1.0
17 357 1.0
17 359 1.0
17 98 1.0
17 422 1.0
17 366 1.0
17 369 1.0
17 372 1.0
17 375 1.0
17 377 1.0
17 380 1.0
17 386 1.0
17 99 1.0
17 578 1.0
17 579 1.0
17 494 -1.0
17 402 1.0
17 581 1.0
17 415 -1.0
17 582 1.0
17 418 1.0
17 425 1.0
17 429 1.0
17 106 1.0
17 438 1.0
17 443 1.0
17 448 1.0
17 101 1.0
17 589 1.0
17 460 1.0
17 467 1.0
17 420 1.0
17 469 1.0
17 506 1.0
17 592 1.0
17 102 1.0
17 481 1.0
17 593 1.0
17 595 1.0
17 495 1.0
17 498 1.0
17 596 1.0
17 505 1.0
17 597 1.0
17 530 1.0
18 515 1.0
18 522 1.0
18 523 1.0
18 19 -1.0
18 23 1.0
18 24 1.0
18 26 1.0
18 27 1.0
18 28 1.0
18 29 1.0
18 31 -1.0
18 33 1.0
18 546 1.0
18 547 1.0
18 549 1.0
18 41 1.0
18 42 -1.0
18 43 1.0
18 44 1.0
18 47 1.0
18 50 1.0
18 51 1.0
18 52 -1.0
18 54 1.0
18 56 1.0
18 59 -1.0
18 60 1.0
18 66 -1.0
18 68 1.0
18 69 1.0
18 72 1.0
18 74 1.0
18 75 1.0
18 79 1.0
18 82 1.0
18 83 1.0
18 84 1.0
18 86 1.0
18 600 1.0
18 603 1.0
18 528 1.0
18 607 1.0
18 608 1.0
18 613 1.0
18 614 1.0
18 615 1.0
18 616 1.0
18 617 1.0
18 618 1.0
18 619 1.0
18 620 1.0
18 623 1.0
18 113 1.0
18 626 1.0
18 627 1.0
18 628 1.0
18 632 1.0
18 634 1.0
18 636 -1.0
18 639 1.0
18 645 1.0
18 648 -1.0
18 649 1.0
18 140 1.0
18 539 1.0
18 165 1.0
18 168 1.0
18 104 1.0
18 173 -1.0
18 92 1.0
18 180 1.0
18 189 -1.0
18 193 1.0
18 195 1.0
18 200 1.0
18 536 1.0
18 204 1.0
18 211 1.0
18 212 1.0
18 215 -1.0
18 216 1.0
18 464 1.0
18 599 1.0
18 223 1.0
18 550 1.0
18 234 -1.0
18 236 -1.0
18 94 1.0
18 241 -1.0
18 553 1.0
18 556 1.0
18 559 -1.0
18 282 1.0
18 286 1.0
18 390 1.0
18 88 1.0
18 296 1.0
18 96 1.0
18 300 1.0
18 302 1.0
18 310 1.0
18 311 1.0
18 313 1.0
18 315 1.0
18 320 1.0
18 114 1.0
18 97 1.0
18 333 1.0
18 334 1.0
18 335 1.0
18 349 1.0
18 571 1.0
18 541 1.0
18 356 1.0
18 359 1.0
18 362 1.0
18 363 1.0
18 368 1.0
18 372 1.0
18 380 1.0
18 406 1.0
18 385 1.0
18 387 1.0
18 395 1.0
18 90 -1.0
18 239 1.0
18 410 1.0
18 409 1.0
18 413 1.0
18 100 -1.0
18 583 1.0
18 426 1.0
18 158 1.0
18 439 -1.0
18 444 1.0
18 101 1.0
18 420 1.0
18 470 1.0
18 506 1.0
18 473 1.0
18 592 1.0
18 477 -1.0
18 593 1.0
18 483 1.0
18 495 1.0
18 498 1.0
18 170 1.0
18 505 1.0
18 597 1.0
18 508 1.0
18 509 1.0
18 598 1.0
19 516 1.0
19 515 1.0
19 22 1.0
19 23 1.0
19 24 1.0
19 26 1.0
19 27 1.0
19 28 1.0
19 31 1.0
19 32 1.0
19 33 1.0
19 34 1.0
19 35 -1.0
19 37 1.0
19 38 1.0
19 39 -1.0
19 41 1.0
19 555 1.0
19 44 1.0
19 45 1.0
19 46 1.0
19 350 1.0
19 49 1.0
19 565 1.0
19 54 1.0
19 55 -1.0
19 56 1.0
19 58 1.0
19 60 1.0
19 61 -1.0
19 65 1.0
19 67 1.0
19 68 1.0
19 70 1.0
19 72 -1.0
19 74 1.0
19 75 1.0
19 76 1.0
19 77 1.0
19 78 1.0
19 79 1.0
19 80 -1.0
19 81 -1.0
19 82 1.0
19 84 1.0
19 85 1.0
19 88 1.0
19 601 -1.0
19 602 1.0
19 603 1.0
19 604 1.0
19 606 1.0
19 608 1.0
19 609 1.0
19 610 1.0
19 611 1.0
19 612 1.0
19 613 1.0
19 614 1.0
19 615 1.0
19 616 1.0
19 617 1.0
19 619 1.0
19 360 1.0
19 621 1.0
19 622 1.0
19 623 1.0
19 624 1.0
19 625 1.0
19 627 1.0
19 629 1.0
19 630 -1.0
19 631 1.0
19 632 1.0
19 633 1.0
19 634 1.0
19 635 1.0
19 636 1.0
19 637 1.0
19 638 1.0
19 639 1.0
19 640 1.0
19 642 1.0
19 644 1.0
19 648 -1.0
19 649 1.0
19 141 1.0
19 517 1.0
19 452 1.0
19 151 1.0
19 538 1.0
19 156 1.0
19 113 1.0
19 165 1.0
19 167 1.0
19 104 1.0
19 550 1.0
19 458 1.0
19 187 1.0
19 188 1.0
19 118 1.0
19 545 1.0
19 208 1.0
19 93 1.0
19 121 1.0
19 219 1.0
19 223 1.0
19 224 1.0
19 210 -1.0
19 235 1.0
19 126 1.0
19 243 1.0
19 256 1.0
19 263 1.0
19 270 -1.0
19 276 1.0
19 559 1.0
19 283 1.0
19 284 1.0
19 286 1.0
19 390 1.0
19 290 1.0
19 292 1.0
19 293 1.0
19 135 1.0
19 307 1.0
19 310 1.0
19 315 1.0
19 480 1.0
19 321 1.0
19 329 1.0
19 331 1.0
19 341 -1.0
19 571 1.0
19 361 1.0
19 363 1.0
19 600 1.0
19 373 1.0
19 374 1.0
19 149 1.0
19 577 1.0
19 387 1.0
19 99 1.0
19 393 1.0
19 394 1.0
19 409 1.0
19 581 1.0
19 240 1.0
19 413 1.0
19 582 1.0
19 417 1.0
19 418 1.0
19 585 1.0
19 586 1.0
19 441 1.0
19 89 1.0
19 587 1.0
19 101 1.0
19 588 1.0
19 589 1.0
19 459 1.0
19 460 1.0
19 590 1.0
19 465 1.0
19 469 1.0
19 473 1.0
19 593 1.0
19 483 1.0
19 488 -1.0
19 492 1.0
19 103 -1.0
20 530 1.0
20 516 -1.0
20 22 1.0
20 535 1.0
20 25 1.0
20 26 1.0
20 27 1.0
20 28 1.0
20 29 1.0
20 30 1.0
20 31 1.0
20 34 1.0
20 35 -1.0
20 548 1.0
20 519 1.0
20 39 1.0
20 42 1.0
20 43 1.0
20 556 -1.0
20 559 1.0
20 48 1.0
20 51 1.0
20 52 1.0
20 55 1.0
20 56 1.0
20 57 1.0
20 61 1.0
20 62 1.0
20 576 1.0
20 66 1.0
20 68 1.0
20 70 1.0
20 71 -1.0
20 72 1.0
20 74 1.0
20 75 1.0
20 76 1.0
20 77 1.0
20 81 1.0
20 85 1.0
20 88 1.0
20 602 -1.0
20 603 -1.0
20 610 1.0
20 611 1.0
20 612 1.0
20 613 1.0
20 615 1.0
20 617 1.0
20 618 1.0
20 620 1.0
20 621 1.0
20 623 1.0
20 631 1.0
20 632 1.0
20 634 1.0
20 636 -1.0
20 637 1.0
20 638 1.0
20 639 1.0
20 643 1.0
20 645 1.0
20 646 1.0
20 647 1.0
20 648 1.0
20 534 1.0
20 537 1.0
20 161 1.0
20 166 -1.0
20 169 1.0
20 172 1.0
20 173 -1.0
20 175 1.0
20 360 1.0
20 92 1.0
20 287 1.0
20 458 1.0
20 187 -1.0
20 191 1.0
20 193 -1.0
20 195 1.0
20 119 1.0
20 203 1.0
20 208 1.0
20 93 1.0
20 36 1.0
20 214 -1.0
20 221 1.0
20 599 1.0
20 550 1.0
20 225 1.0
20 228 -1.0
20 231 1.0
20 601 1.0
20 243 -1.0
20 554 1.0
20 128 1.0
20 255 1.0
20 256 1.0
20 257 1.0
20 261 1.0
20 266 1.0
20 267 -1.0
20 558 1.0
20 275 1.0
20 132 1.0
20 277 -1.0
20 280 1.0
20 560 1.0
20 286 1.0
20 105 1.0
20 291 1.0
20 96 1.0
20 302 1.0
20 303 1.0
20 304 1.0
20 224 1.0
20 317 1.0
20 322 1.0
20 327 1.0
20 338 1.0
20 339 1.0
20 343 1.0
20 348 1.0
20 361 -1.0
20 367 1.0
20 184 1.0
20 600 1.0
20 382 1.0
20 525 1.0
20 321 1.0
20 578 1.0
20 90 1.0
20 494 1.0
20 401 -1.0
20 402 1.0
20 404 1.0
20 446 1.0
20 581 1.0
20 411 1.0
20 413 1.0
20 415 1.0
20 583 1.0
20 426 1.0
20 584 1.0
20 432 1.0
20 439 1.0
20 586 1.0
20 449 1.0
20 101 1.0
20 451 1.0
20 455 1.0
20 589 1.0
20 459 1.0
20 465 1.0
20 420 1.0
20 473 1.0
20 479 -1.0
20 102 1.0
20 487 1.0
20 510 1.0
20 397 1.0
20 512 1.0
21 531 1.0
21 22 1.0
21 536 -1.0
21 537 1.0
21 26 1.0
21 27 1.0
21 29 1.0
21 30 1.0
21 32 1.0
21 33 1.0
21 34 1.0
21 547 1.0
21 36 1.0
21 37 1.0
21 519 1.0
21 39 1.0
21 41 1.0
21 42 1.0
21 48 1.0
21 49 1.0
21 50 1.0
21 52 1.0
21 54 1.0
21 55 1.0
21 56 1.0
21 572 1.0
21 574 1.0
21 63 1.0
21 68 -1.0
21 70 1.0
21 71 1.0
21 72 1.0
21 73 1.0
21 76 1.0
21 80 1.0
21 82 1.0
21 83 -1.0
21 84 -1.0
21 86 1.0
21 87 1.0
21 88 1.0
21 89 1.0
21 603 1.0
21 605 1.0
21 606 1.0
21 607 1.0
21 610 1.0
21 612 1.0
21 615 1.0
21 616 1.0
21 617 1.0
21 619 1.0
21 621 1.0
21 550 1.0
21 623 1.0
21 625 1.0
21 626 1.0
21 627 1.0
21 629 -1.0
21 119 1.0
21 634 1.0
21 635 -1.0
21 636 1.0
21 637 1.0
21 638 1.0
21 127 1.0
21 640 1.0
21 641 1.0
21 642 1.0
21 644 1.0
21 647 1.0
21 648 1.0
21 649 1.0
21 138 1.0
21 139 1.0
21 140 1.0
21 144 1.0
21 108 1.0
21 152 1.0
21 154 1.0
21 156 1.0
21 602 1.0
21 113 1.0
21 166 1.0
21 452 1.0
21 171 1.0
21 542 1.0
21 177 -1.0
21 92 1.0
21 185 1.0
21 544 1.0
21 118 1.0
21 196 1.0
21 197 1.0
21 204 -1.0
21 216 1.0
21 217 1.0
21 218 1.0
21 219 1.0
21 220 1.0
21 224 1.0
21 225 1.0
21 209 1.0
21 551 1.0
21 601 -1.0
21 233 1.0
21 235 1.0
21 94 1.0
21 126 1.0
21 248 -1.0
21 257 -1.0
21 538 1.0
21 130 1.0
21 270 1.0
21 133 1.0
21 560 -1.0
21 285 1.0
21 288 1.0
21 135 1.0
21 297 1.0
21 96 1.0
21 136 1.0
21 302 1.0
21 308 1.0
21 310 1.0
21 313 1.0
21 314 1.0
21 566 1.0
21 107 1.0
21 332 1.0
21 334 1.0
21 337 1.0
21 338 1.0
21 339 1.0
21 342 1.0
21 344 1.0
21 345 1.0
21 353 1.0
21 98 1.0
21 232 1.0
21 370 1.0
21 371 1.0
21 381 1.0
21 384 1.0
21 385 1.0
21 392 1.0
21 580 1.0
21 496 1.0
21 415 1.0
21 416 1.0
21 100 1.0
21 500 1.0
21 106 1.0
21 438 1.0
21 586 -1.0
21 443 1.0
21 447 1.0
21 162 -1.0
21 460 1.0
21 590 1.0
21 420 1.0
21 506 1.0
21 592 1.0
21 102 -1.0
21 510 1.0
21 596 1.0
21 502 -1.0
21 597 1.0
21 509 1.0
21 103 1.0
22 521 1.0
22 23 1.0
22 24 1.0
22 537 1.0
22 26 1.0
22 27 1.0
22 28 -1.0
22 30 1.0
22 544 1.0
22 34 1.0
22 35 1.0
22 37 1.0
22 41 1.0
22 42 1.0
22 44 1.0
22 46 1.0
22 47 1.0
22 48 1.0
22 561 1.0
22 50 1.0
22 51 1.0
22 53 1.0
22 54 1.0
22 55 1.0
22 57 1.0
22 58 1.0
22 59 1.0
22 60 1.0
22 61 1.0
22 63 1.0
22 65 1.0
22 66 1.0
22 344 1.0
22 68 -1.0
22 70 1.0
22 74 1.0
22 75 1.0
22 80 1.0
22 81 1.0
22 82 1.0
22 84 1.0
22 86 -1.0
22 604 1.0
22 606 1.0
22 607 1.0
22 609 1.0
22 610 1.0
22 611 1.0
22 612 -1.0
22 613 1.0
22 615 1.0
22 616 -1.0
22 617 1.0
22 618 1.0
22 619 1.0
22 112 -1.0
22 625 1.0
22 626 1.0
22 629 1.0
22 630 1.0
22 631 1.0
22 632 1.0
22 633 1.0
22 634 1.0
22 636 1.0
22 637 1.0
22 638 1.0
22 639 1.0
22 642 1.0
22 643 1.0
22 644 1.0
22 646 1.0
22 648 1.0
22 649 1.0
22 138 1.0
22 536 1.0
22 144 1.0
22 108 1.0
22 153 1.0
22 156 1.0
22 539 1.0
22 159 1.0
22 163 1.0
22 540 1.0
22 166 1.0
22 167 1.0
22 535 1.0
22 542 1.0
22 92 1.0
22 181 1.0
22 183 1.0
22 458 1.0
22 194 1.0
22 206 1.0
22 207 1.0
22 93 1.0
22 211 1.0
22 212 1.0
22 215 1.0
22 218 1.0
22 599 1.0
22 601 1.0
22 520 1.0
22 238 1.0
22 94 1.0
22 241 1.0
22 127 1.0
22 247 1.0
22 251 -1.0
22 531 1.0
22 254 1.0
22 256 1.0
22 275 1.0
22 559 1.0
22 286 1.0
22 288 1.0
22 522 -1.0
22 96 1.0
22 300 1.0
22 563 1.0
22 303 1.0
22 316 1.0
22 107 1.0
22 325 1.0
22 328 1.0
22 97 1.0
22 331 1.0
22 333 1.0
22 341 1.0
22 570 1.0
22 350 1.0
22 352 1.0
22 524 1.0
22 358 1.0
22 359 1.0
22 573 1.0
22 366 1.0
22 370 1.0
22 600 1.0
22 269 1.0
22 380 1.0
22 381 -1.0
22 385 1.0
22 549 1.0
22 401 1.0
22 582 1.0
22 100 1.0
22 500 1.0
22 586 1.0
22 442 1.0
22 449 1.0
22 589 1.0
22 462 1.0
22 590 1.0
22 466 1.0
22 467 1.0
22 420 1.0
22 472 1.0
22 528 1.0
22 478 1.0
22 102 -1.0
22 483 -1.0
22 252 -1.0
22 487 1.0
22 594 1.0
22 492 -1.0
22 497 1.0
22 499 1.0
22 596 -1.0
22 507 1.0
22 509 1.0
23 514 -1.0
23 524 1.0
23 24 -1.0
23 537 1.0
23 26 1.0
23 27 1.0
23 29 1.0
23 31 1.0
23 518 1.0
23 33 1.0
23 37 1.0
23 38 1.0
23 39 1.0
23 41 1.0
23 42 1.0
23 44 -1.0
23 47 1.0
23 50 1.0
23 51 1.0
23 52 1.0
23 53 1.0
23 437 1.0
23 571 -1.0
23 574 1.0
23 63 1.0
23 65 1.0
23 67 1.0
23 581 1.0
23 70 1.0
23 71 1.0
23 73 1.0
23 75 1.0
23 77 1.0
23 83 1.0
23 85 1.0
23 88 1.0
23 90 1.0
23 91 1.0
23 605 1.0
23 610 1.0
23 611 1.0
23 612 1.0
23 613 -1.0
23 616 1.0
23 618 1.0
23 622 1.0
23 113 -1.0
23 627 1.0
23 629 1.0
23 448 1.0
23 631 -1.0
23 635 1.0
23 124 1.0
23 637 -1.0
23 639 1.0
23 640 1.0
23 642 1.0
23 643 1.0
23 645 -1.0
23 646 -1.0
23 647 1.0
23 648 1.0
23 650 1.0
23 195 1.0
23 110 1.0
23 146 1.0
23 147 -1.0
23 108 1.0
23 151 1.0
23 152 1.0
23 154 -1.0
23 157 1.0
23 603 1.0
23 175 1.0
23 176 1.0
23 372 1.0
23 543 -1.0
23 183 1.0
23 185 1.0
23 189 1.0
23 192 1.0
23 194 1.0
23 196 1.0
23 198 -1.0
23 200 1.0
23 207 1.0
23 216 1.0
23 222 1.0
23 209 1.0
23 228 1.0
23 125 -1.0
23 127 1.0
23 250 1.0
23 299 1.0
23 255 1.0
23 264 1.0
23 558 1.0
23 276 1.0
23 278 1.0
23 291 1.0
23 292 1.0
23 96 1.0
23 302 1.0
23 306 -1.0
23 309 1.0
23 311 1.0
23 107 1.0
23 323 1.0
23 328 1.0
23 329 1.0
23 97 1.0
23 334 1.0
23 339 1.0
23 344 1.0
23 350 1.0
23 353 -1.0
23 354 1.0
23 362 1.0
23 366 -1.0
23 368 1.0
23 600 1.0
23 378 1.0
23 379 1.0
23 576 1.0
23 381 1.0
23 383 1.0
23 384 1.0
23 385 1.0
23 386 1.0
23 387 1.0
23 99 1.0
23 392 1.0
23 394 1.0
23 579 1.0
23 400 1.0
23 404 1.0
23 440 1.0
23 422 1.0
23 436 1.0
23 586 1.0
23 441 1.0
23 118 1.0
23 454 1.0
23 455 1.0
23 590 1.0
23 466 1.0
23 475 1.0
23 592 1.0
23 102 1.0
23 481 1.0
23 484 1.0
23 594 1.0
23 493 -1.0
23 595 1.0
23 496 1.0
23 596 1.0
23 529 1.0
23 505 1.0
23 597 1.0
23 508 1.0
23 509 1.0
23 511 -1.0
23 598 1.0
24 532 1.0
24 602 1.0
24 25 1.0
24 539 1.0
24 28 1.0
24 29 1.0
24 30 1.0
24 543 1.0
24 33 1.0
24 34 1.0
24 37 1.0
24 519 1.0
24 551 1.0
24 40 1.0
24 41 1.0
24 42 -1.0
24 46 1.0
24 47 1.0
24 48 1.0
24 49 1.0
24 51 1.0
24 564 1.0
24 54 1.0
24 56 1.0
24 58 1.0
24 59 1.0
24 61 -1.0
24 66 -1.0
24 71 1.0
24 73 1.0
24 75 1.0
24 81 1.0
24 82 1.0
24 83 1.0
24 84 1.0
24 85 -1.0
24 86 1.0
24 89 -1.0
24 91 1.0
24 92 1.0
24 93 1.0
24 609 1.0
24 613 1.0
24 614 1.0
24 618 -1.0
24 621 1.0
24 623 1.0
24 624 1.0
24 158 1.0
24 627 1.0
24 629 -1.0
24 630 1.0
24 119 1.0
24 632 1.0
24 633 -1.0
24 635 1.0
24 636 1.0
24 639 -1.0
24 641 1.0
24 642 -1.0
24 643 1.0
24 644 1.0
24 645 1.0
24 646 1.0
24 450 1.0
24 649 1.0
24 650 1.0
24 140 1.0
24 146 1.0
24 147 1.0
24 156 1.0
24 27 -1.0
24 163 1.0
24 540 1.0
24 603 1.0
24 174 1.0
24 175 1.0
24 117 1.0
24 200 1.0
24 178 1.0
24 204 1.0
24 500 1.0
24 210 1.0
24 218 1.0
24 599 1.0
24 223 1.0
24 552 1.0
24 237 1.0
24 247 1.0
24 252 1.0
24 256 1.0
24 262 1.0
24 263 1.0
24 265 1.0
24 95 1.0
24 131 1.0
24 271 1.0
24 275 1.0
24 559 1.0
24 282 1.0
24 283 1.0
24 476 1.0
24 294 -1.0
24 295 1.0
24 296 1.0
24 298 1.0
24 96 1.0
24 437 1.0
24 302 1.0
24 305 1.0
24 308 -1.0
24 480 1.0
24 325 1.0
24 482 1.0
24 329 1.0
24 568 1.0
24 337 1.0
24 341 1.0
24 343 1.0
24 347 1.0
24 353 -1.0
24 354 1.0
24 362 1.0
24 366 1.0
24 600 -1.0
24 374 -1.0
24 376 1.0
24 382 1.0
24 525 1.0
24 388 1.0
24 394 1.0
24 396 1.0
24 398 1.0
24 403 1.0
24 580 1.0
24 239 1.0
24 411 1.0
24 413 1.0
24 415 1.0
24 422 1.0
24 430 -1.0
24 431 1.0
24 432 1.0
24 433 1.0
24 434 1.0
24 436 1.0
24 439 1.0
24 443 1.0
24 587 1.0
24 101 1.0
24 454 1.0
24 461 1.0
24 591 1.0
24 481 1.0
24 594 1.0
24 489 1.0
24 490 1.0
24 595 1.0
24 598 -1.0
25 513 1.0
25 520 1.0
25 26 -1.0
25 27 1.0
25 29 1.0
25 543 1.0
25 545 1.0
25 35 1.0
25 38 1.0
25 39 1.0
25 40 1.0
25 41 1.0
25 42 1.0
25 43 1.0
25 556 1.0
25 45 1.0
25 49 1.0
25 52 1.0
25 54 -1.0
25 55 1.0
25 56 1.0
25 60 1.0
25 64 1.0
25 66 1.0
25 67 1.0
25 70 1.0
25 72 1.0
25 73 1.0
25 74 1.0
25 75 1.0
25 76 1.0
25 77 1.0
25 79 -1.0
25 80 1.0
25 82 1.0
25 84 1.0
25 85 1.0
25 87 1.0
25 90 1.0
25 92 1.0
25 607 1.0
25 611 1.0
25 612 1.0
25 617 1.0
25 620 1.0
25 624 1.0
25 629 -1.0
25 630 1.0
25 633 1.0
25 122 1.0
25 635 1.0
25 639 1.0
25 640 1.0
25 642 1.0
25 643 1.0
25 644 1.0
25 647 1.0
25 648 1.0
25 649 1.0
25 650 1.0
25 141 1.0
25 110 1.0
25 108 1.0
25 149 1.0
25 152 1.0
25 154 1.0
25 602 1.0
25 163 1.0
25 603 1.0
25 114 1.0
25 109 1.0
25 458 -1.0
25 604 1.0
25 196 -1.0
25 201 1.0
25 203 1.0
25 218 1.0
25 221 1.0
25 599 1.0
25 223 1.0
25 601 1.0
25 127 1.0
25 248 1.0
25 251 -1.0
25 606 1.0
25 470 -1.0
25 44 1.0
25 265 1.0
25 266 1.0
25 95 1.0
25 272 1.0
25 273 1.0
25 276 1.0
25 291 1.0
25 476 1.0
25 293 1.0
25 298 1.0
25 96 1.0
25 437 -1.0
25 303 1.0
25 305 1.0
25 307 1.0
25 316 1.0
25 320 1.0
25 107 1.0
25 323 1.0
25 324 1.0
25 148 -1.0
25 326 1.0
25 482 1.0
25 97 1.0
25 350 1.0
25 541 -1.0
25 363 1.0
25 600 1.0
25 379 1.0
25 576 1.0
25 525 1.0
25 150 1.0
25 577 -1.0
25 99 1.0
25 391 1.0
25 393 1.0
25 394 -1.0
25 397 1.0
25 400 1.0
25 405 1.0
25 410 1.0
25 418 1.0
25 100 1.0
25 422 1.0
25 423 1.0
25 427 1.0
25 430 1.0
25 431 1.0
25 441 1.0
25 447 1.0
25 451 1.0
25 589 1.0
25 467 1.0
25 591 1.0
25 471 1.0
25 165 1.0
25 477 1.0
25 102 1.0
25 593 -1.0
25 484 1.0
25 486 1.0
25 510 1.0
25 596 1.0
25 501 1.0
25 597 1.0
25 508 1.0
25 103 1.0
25 598 1.0
26 519 1.0
26 521 -1.0
26 27 1.0
26 29 1.0
26 31 1.0
26 32 1.0
26 33 1.0
26 34 1.0
26 547 1.0
26 348 1.0
26 37 -1.0
26 38 1.0
26 39 1.0
26 43 1.0
26 45 1.0
26 46 1.0
26 47 1.0
26 48 -1.0
26 49 1.0
26 50 1.0
26 51 1.0
26 52 1.0
26 53 1.0
26 59 1.0
26 63 1.0
26 65 1.0
26 67 1.0
26 68 1.0
26 69 1.0
26 70 1.0
26 71 1.0
26 584 1.0
26 73 1.0
26 75 -1.0
26 77 1.0
26 78 1.0
26 79 1.0
26 81 1.0
26 82 -1.0
26 84 1.0
26 87 1.0
26 91 1.0
26 93 -1.0
26 609 1.0
26 610 1.0
26 612 1.0
26 616 1.0
26 617 1.0
26 619 1.0
26 623 1.0
26 624 1.0
26 516 1.0
26 626 -1.0
26 628 1.0
26 629 1.0
26 630 1.0
26 119 1.0
26 632 1.0
26 634 1.0
26 637 1.0
26 638 1.0
26 639 1.0
26 640 -1.0
26 642 1.0
26 645 1.0
26 648 1.0
26 649 1.0
26 650 1.0
26 110 1.0
26 147 1.0
26 108 -1.0
26 151 1.0
26 112 1.0
26 163 1.0
26 603 1.0
26 167 1.0
26 175 1.0
26 116 1.0
26 287 1.0
26 192 1.0
26 194 1.0
26 206 1.0
26 213 1.0
26 221 1.0
26 550 1.0
26 605 1.0
26 228 1.0
26 601 -1.0
26 237 1.0
26 126 1.0
26 244 1.0
26 250 1.0
26 128 1.0
26 606 1.0
26 257 1.0
26 260 1.0
26 265 1.0
26 558 1.0
26 277 1.0
26 278 1.0
26 284 -1.0
26 105 1.0
26 476 1.0
26 306 1.0
26 309 1.0
26 310 1.0
26 315 1.0
26 319 1.0
26 148 1.0
26 327 1.0
26 328 -1.0
26 97 1.0
26 338 1.0
26 341 1.0
26 347 1.0
26 144 1.0
26 524 1.0
26 98 -1.0
26 367 1.0
26 368 1.0
26 372 1.0
26 373 1.0
26 99 1.0
26 393 -1.0
26 579 1.0
26 419 1.0
26 433 -1.0
26 434 1.0
26 106 1.0
26 441 1.0
26 443 1.0
26 452 1.0
26 590 1.0
26 468 1.0
26 591 1.0
26 474 -1.0
26 475 1.0
26 592 1.0
26 593 1.0
26 485 1.0
26 594 1.0
26 510 1.0
26 499 1.0
26 501 1.0
26 502 1.0
26 505 1.0
26 507 1.0
26 598 -1.0
27 514 1.0
27 28 1.0
27 29 -1.0
27 31 1.0
27 518 1.0
27 33 1.0
27 34 1.0
27 38 1.0
27 39 1.0
27 40 1.0
27 42 1.0
27 44 1.0
27 45 1.0
27 46 -1.0
27 560 1.0
27 49 1.0
27 53 1.0
27 54 1.0
27 55 1.0
27 56 1.0
27 58 1.0
27 60 1.0
27 61 1.0
27 574 1.0
27 63 1.0
27 64 1.0
27 65 1.0
27 67 -1.0
27 69 1.0
27 70 1.0
27 71 1.0
27 584 1.0
27 74 1.0
27 75 1.0
27 78 1.0
27 83 -1.0
27 84 1.0
27 85 -1.0
27 88 1.0
27 90 1.0
27 91 1.0
27 605 -1.0
27 95 1.0
27 609 1.0
27 611 1.0
27 612 1.0
27 614 1.0
27 621 1.0
27 622 1.0
27 624 -1.0
27 625 1.0
27 626 1.0
27 628 1.0
27 629 1.0
27 630 1.0
27 632 1.0
27 638 1.0
27 644 1.0
27 137 1.0
27 195 1.0
27 110 1.0
27 145 1.0
27 108 1.0
27 112 1.0
27 157 1.0
27 113 1.0
27 603 1.0
27 104 1.0
27 171 1.0
27 174 1.0
27 175 1.0
27 176 1.0
27 109 1.0
27 604 1.0
27 203 1.0
27 210 1.0
27 213 1.0
27 215 1.0
27 550 1.0
27 520 1.0
27 552 1.0
27 553 1.0
27 246 1.0
27 350 1.0
27 128 1.0
27 254 1.0
27 257 1.0
27 263 1.0
27 130 1.0
27 557 1.0
27 269 -1.0
27 272 1.0
27 132 1.0
27 286 1.0
27 289 1.0
27 561 1.0
27 476 1.0
27 294 1.0
27 297 1.0
27 301 1.0
27 303 1.0
27 306 1.0
27 307 1.0
27 313 1.0
27 565 1.0
27 224 1.0
27 318 1.0
27 107 1.0
27 326 1.0
27 336 1.0
27 337 1.0
27 338 1.0
27 341 1.0
27 314 1.0
27 144 1.0
27 558 -1.0
27 359 -1.0
27 98 1.0
27 363 1.0
27 365 1.0
27 380 1.0
27 386 1.0
27 236 1.0
27 393 1.0
27 579 1.0
27 494 -1.0
27 405 -1.0
27 414 1.0
27 582 -1.0
27 100 1.0
27 425 1.0
27 432 1.0
27 433 1.0
27 435 1.0
27 106 1.0
27 441 1.0
27 527 1.0
27 445 -1.0
27 447 1.0
27 448 1.0
27 101 1.0
27 456 1.0
27 465 1.0
27 481 1.0
27 594 1.0
27 493 1.0
27 595 1.0
27 596 1.0
27 502 1.0
27 597 1.0
27 103 1.0
27 598 1.0
28 519 1.0
28 513 1.0
28 29 1.0
28 30 1.0
28 31 1.0
28 32 1.0
28 33 1.0
28 34 1.0
28 35 1.0
28 36 1.0
28 37 1.0
28 38 1.0
28 39 -1.0
28 40 -1.0
28 555 1.0
28 44 1.0
28 48 1.0
28 53 1.0
28 54 1.0
28 55 1.0
28 56 1.0
28 58 1.0
28 59 1.0
28 60 1.0
28 61 1.0
28 62 1.0
28 63 1.0
28 65 1.0
28 540 1.0
28 67 1.0
28 68 1.0
28 69 1.0
28 582 1.0
28 75 1.0
28 80 1.0
28 81 1.0
28 82 -1.0
28 83 1.0
28 85 1.0
28 123 1.0
28 87 1.0
28 91 1.0
28 605 1.0
28 94 1.0
28 96 1.0
28 97 1.0
28 610 1.0
28 612 1.0
28 615 1.0
28 618 -1.0
28 619 1.0
28 621 1.0
28 622 1.0
28 624 -1.0
28 628 1.0
28 631 1.0
28 120 1.0
28 635 1.0
28 638 1.0
28 346 1.0
28 640 1.0
28 641 1.0
28 643 1.0
28 644 1.0
28 647 1.0
28 648 1.0
28 649 1.0
28 650 1.0
28 534 1.0
28 110 1.0
28 111 1.0
28 155 -1.0
28 112 1.0
28 164 1.0
28 603 1.0
28 541 1.0
28 171 -1.0
28 115 1.0
28 542 1.0
28 177 1.0
28 181 1.0
28 187 -1.0
28 192 -1.0
28 198 -1.0
28 201 1.0
28 202 1.0
28 206 1.0
28 212 1.0
28 124 1.0
28 551 -1.0
28 601 1.0
28 552 1.0
28 237 -1.0
28 238 1.0
28 126 1.0
28 241 1.0
28 249 1.0
28 251 1.0
28 386 1.0
28 265 -1.0
28 266 1.0
28 131 -1.0
28 302 -1.0
28 275 1.0
28 278 1.0
28 281 1.0
28 560 1.0
28 607 1.0
28 286 1.0
28 290 1.0
28 476 1.0
28 135 1.0
28 297 1.0
28 299 1.0
28 136 1.0
28 563 1.0
28 305 1.0
28 311 1.0
28 608 1.0
28 225 -1.0
28 482 1.0
28 342 1.0
28 345 -1.0
28 609 1.0
28 353 1.0
28 357 1.0
28 361 1.0
28 573 1.0
28 371 1.0
28 373 1.0
28 575 1.0
28 377 1.0
28 577 1.0
28 236 1.0
28 395 1.0
28 396 1.0
28 397 1.0
28 398 1.0
28 404 1.0
28 406 1.0
28 415 1.0
28 422 1.0
28 433 1.0
28 435 1.0
28 446 1.0
28 101 1.0
28 588 1.0
28 162 1.0
28 461 1.0
28 463 1.0
28 471 1.0
28 479 1.0
28 102 1.0
28 481 1.0
28 593 1.0
28 484 1.0
28 486 1.0
28 594 1.0
28 168 1.0
28 595 -1.0
28 502 1.0
28 170 1.0
28 103 1.0
29 523 1.0
29 174 1.0
29 531 1.0
29 541 1.0
29 31 -1.0
29 32 1.0
29 34 1.0
29 35 1.0
29 548 1.0
29 37 1.0
29 39 1.0
29 41 1.0
29 42 1.0
29 43 1.0
29 264 -1.0
29 47 1.0
29 49 1.0
29 516 1.0
29 51 1.0
29 52 1.0
29 54 1.0
29 58 1.0
29 59 -1.0
29 61 1.0
29 63 1.0
29 64 1.0
29 65 1.0
29 69 1.0
29 610 1.0
29 73 1.0
29 586 1.0
29 75 1.0
29 77 1.0
29 78 1.0
29 591 1.0
29 83 1.0
29 85 1.0
29 87 1.0
29 88 1.0
29 92 1.0
29 93 1.0
29 95 1.0
29 98 1.0
29 611 1.0
29 613 1.0
29 615 1.0
29 617 -1.0
29 623 1.0
29 624 1.0
29 625 1.0
29 627 -1.0
29 628 1.0
29 631 1.0
29 632 1.0
29 634 1.0
29 635 1.0
29 636 1.0
29 637 1.0
29 638 1.0
29 639 1.0
29 641 1.0
29 643 1.0
29 645 1.0
29 646 1.0
29 648 1.0
29 142 1.0
29 110 1.0
29 145 1.0
29 146 1.0
29 112 1.0
29 157 1.0
29 602 1.0
29 603 1.0
29 115 -1.0
29 177 1.0
29 109 -1.0
29 116 1.0
29 287 1.0
29 184 1.0
29 190 1.0
29 191 1.0
29 193 1.0
29 604 1.0
29 198 1.0
29 546 1.0
29 201 1.0
29 205 1.0
29 36 1.0
29 219 1.0
29 605 1.0
29 124 1.0
29 234 1.0
29 236 1.0
29 237 1.0
29 245 1.0
29 248 1.0
29 384 1.0
29 254 1.0
29 606 1.0
29 256 1.0
29 514 1.0
29 130 1.0
29 266 1.0
29 270 1.0
29 277 1.0
29 279 1.0
29 288 1.0
29 50 -1.0
29 299 1.0
29 306 1.0
29 308 1.0
29 320 1.0
29 600 1.0
29 323 1.0
29 327 1.0
29 569 1.0
29 285 1.0
29 609 1.0
29 144 1.0
29 361 1.0
29 370 1.0
29 379 1.0
29 383 1.0
29 150 1.0
29 387 1.0
29 99 1.0
29 400 1.0
29 405 1.0
29 407 1.0
29 526 1.0
29 419 -1.0
29 390 1.0
29 413 1.0
29 123 1.0
29 428 1.0
29 434 1.0
29 438 1.0
29 440 1.0
29 441 -1.0
29 444 1.0
29 588 -1.0
29 453 1.0
29 456 1.0
29 461 -1.0
29 463 1.0
29 529 1.0
29 420 1.0
29 470 1.0
29 471 1.0
29 473 1.0
29 592 1.0
29 483 1.0
29 485 1.0
29 487 1.0
29 594 1.0
29 168 1.0
29 501 -1.0
29 502 1.0
29 503 1.0
29 103 1.0
29 598 1.0
30 258 -1.0
30 531 1.0
30 543 1.0
30 32 1.0
30 34 1.0
30 547 1.0
30 37 1.0
30 38 1.0
30 39 1.0
30 41 1.0
30 42 1.0
30 44 1.0
30 47 1.0
30 49 1.0
30 51 1.0
30 53 1.0
30 54 1.0
30 56 1.0
30 570 1.0
30 571 1.0
30 60 1.0
30 61 1.0
30 65 -1.0
30 69 1.0
30 70 1.0
30 75 1.0
30 77 1.0
30 80 1.0
30 82 1.0
30 84 1.0
30 85 1.0
30 88 1.0
30 90 1.0
30 91 1.0
30 93 1.0
30 98 1.0
30 612 1.0
30 614 1.0
30 617 -1.0
30 619 1.0
30 620 1.0
30 621 -1.0
30 622 1.0
30 628 1.0
30 629 1.0
30 631 1.0
30 640 -1.0
30 645 1.0
30 646 1.0
30 647 1.0
30 648 -1.0
30 650 1.0
30 140 1.0
30 110 1.0
30 146 1.0
30 108 1.0
30 153 1.0
30 155 1.0
30 157 1.0
30 602 -1.0
30 166 1.0
30 114 -1.0
30 104 1.0
30 177 1.0
30 109 1.0
30 116 1.0
30 183 -1.0
30 184 1.0
30 188 1.0
30 604 1.0
30 119 1.0
30 203 1.0
30 35 -1.0
30 206 1.0
30 211 1.0
30 549 1.0
30 380 1.0
30 233 1.0
30 238 1.0
30 244 -1.0
30 246 1.0
30 247 1.0
30 253 1.0
30 606 1.0
30 256 1.0
30 129 1.0
30 260 1.0
30 264 1.0
30 267 1.0
30 273 1.0
30 105 1.0
30 290 1.0
30 135 1.0
30 300 1.0
30 304 1.0
30 305 1.0
30 307 1.0
30 480 1.0
30 322 1.0
30 327 1.0
30 332 -1.0
30 335 1.0
30 336 1.0
30 341 1.0
30 285 1.0
30 609 1.0
30 348 1.0
30 315 -1.0
30 364 1.0
30 369 1.0
30 107 -1.0
30 576 1.0
30 382 1.0
30 385 1.0
30 321 -1.0
30 392 1.0
30 372 -1.0
30 401 1.0
30 403 1.0
30 404 1.0
30 405 1.0
30 407 1.0
30 408 1.0
30 409 1.0
30 581 -1.0
30 417 1.0
30 420 1.0
30 425 1.0
30 435 -1.0
30 438 1.0
30 586 1.0
30 441 1.0
30 160 -1.0
30 447 1.0
30 449 1.0
30 459 1.0
30 467 1.0
30 468 1.0
30 469 1.0
30 577 1.0
30 484 1.0
30 485 1.0
30 595 1.0
30 496 1.0
30 222 1.0
30 596 1.0
30 103 1.0
30 598 1.0
31 521 1.0
31 524 1.0
31 32 1.0
31 35 1.0
31 36 1.0
31 37 1.0
31 39 -1.0
31 40 1.0
31 41 1.0
31 556 1.0
31 558 1.0
31 47 1.0
31 48 1.0
31 49 -1.0
31 53 1.0
31 54 1.0
31 56 1.0
31 58 1.0
31 59 1.0
31 60 1.0
31 61 1.0
31 63 -1.0
31 67 1.0
31 70 1.0
31 71 1.0
31 72 1.0
31 76 1.0
31 77 1.0
31 78 1.0
31 79 1.0
31 81 1.0
31 83 1.0
31 84 1.0
31 86 1.0
31 90 1.0
31 91 1.0
31 94 1.0
31 99 1.0
31 614 1.0
31 615 1.0
31 616 1.0
31 618 -1.0
31 620 1.0
31 623 1.0
31 624 1.0
31 516 1.0
31 626 1.0
31 629 1.0
31 631 -1.0
31 123 1.0
31 637 -1.0
31 639 1.0
31 642 1.0
31 645 1.0
31 646 1.0
31 647 -1.0
31 648 1.0
31 649 1.0
31 650 -1.0
31 139 1.0
31 110 1.0
31 111 1.0
31 152 1.0
31 112 1.0
31 158 1.0
31 602 1.0
31 164 1.0
31 603 1.0
31 114 1.0
31 169 1.0
31 171 -1.0
31 177 1.0
31 116 1.0
31 181 1.0
31 117 -1.0
31 544 1.0
31 191 1.0
31 118 1.0
31 193 1.0
31 604 1.0
31 119 1.0
31 200 1.0
31 208 1.0
31 211 1.0
31 215 1.0
31 599 -1.0
31 124 1.0
31 230 1.0
31 553 1.0
31 245 -1.0
31 247 1.0
31 248 1.0
31 384 1.0
31 253 1.0
31 606 1.0
31 180 1.0
31 264 1.0
31 269 1.0
31 272 1.0
31 274 -1.0
31 559 1.0
31 280 1.0
31 281 1.0
31 560 1.0
31 291 1.0
31 292 1.0
31 295 1.0
31 562 1.0
31 297 1.0
31 299 1.0
31 304 1.0
31 566 1.0
31 600 1.0
31 523 1.0
31 330 1.0
31 337 1.0
31 573 1.0
31 488 1.0
31 107 1.0
31 610 1.0
31 378 1.0
31 150 1.0
31 386 1.0
31 389 1.0
31 390 -1.0
31 393 1.0
31 494 1.0
31 532 1.0
31 403 1.0
31 580 1.0
31 611 1.0
31 410 1.0
31 416 1.0
31 583 1.0
31 432 1.0
31 106 1.0
31 441 1.0
31 442 1.0
31 443 1.0
31 448 1.0
31 455 1.0
31 162 1.0
31 458 1.0
31 465 1.0
31 468 1.0
31 506 1.0
31 478 1.0
31 102 1.0
31 481 1.0
31 487 -1.0
31 512 1.0
31 103 1.0
32 545 1.0
32 35 1.0
32 36 -1.0
32 550 -1.0
32 40 1.0
32 41 1.0
32 42 1.0
32 555 1.0
32 44 1.0
32 558 1.0
32 560 -1.0
32 50 1.0
32 531 1.0
32 52 1.0
32 53 -1.0
32 55 1.0
32 57 1.0
32 58 1.0
32 59 1.0
32 61 1.0
32 62 1.0
32 63 1.0
32 577 -1.0
32 67 1.0
32 580 -1.0
32 71 1.0
32 74 1.0
32 75 1.0
32 77 1.0
32 81 1.0
32 83 1.0
32 84 1.0
32 86 1.0
32 87 1.0
32 91 1.0
32 93 -1.0
32 97 1.0
32 100 1.0
32 614 1.0
32 618 1.0
32 619 1.0
32 622 1.0
32 624 1.0
32 625 1.0
32 631 1.0
32 633 1.0
32 635 1.0
32 636 1.0
32 637 1.0
32 638 1.0
32 640 1.0
32 641 1.0
32 643 1.0
32 644 1.0
32 645 1.0
32 646 1.0
32 648 1.0
32 650 1.0
32 141 1.0
32 143 1.0
32 146 -1.0
32 111 1.0
32 158 -1.0
32 159 -1.0
32 113 1.0
32 167 1.0
32 169 1.0
32 104 1.0
32 171 1.0
32 173 1.0
32 115 1.0
32 176 1.0
32 185 1.0
32 117 1.0
32 188 1.0
32 194 1.0
32 604 1.0
32 196 1.0
32 119 1.0
32 200 1.0
32 202 1.0
32 218 1.0
32 223 1.0
32 227 1.0
32 228 1.0
32 601 -1.0
32 236 1.0
32 238 1.0
32 240 1.0
32 243 1.0
32 244 -1.0
32 248 1.0
32 252 1.0
32 262 1.0
32 266 1.0
32 270 1.0
32 278 1.0
32 133 1.0
32 607 1.0
32 105 1.0
32 134 1.0
32 198 1.0
32 563 1.0
32 307 -1.0
32 312 -1.0
32 608 1.0
32 480 1.0
32 600 1.0
32 322 1.0
32 327 1.0
32 569 1.0
32 344 1.0
32 358 1.0
32 362 1.0
32 232 1.0
32 367 1.0
32 369 1.0
32 371 1.0
32 373 1.0
32 374 1.0
32 381 -1.0
32 385 1.0
32 390 1.0
32 578 1.0
32 396 1.0
32 399 -1.0
32 402 1.0
32 412 1.0
32 413 1.0
32 414 1.0
32 416 1.0
32 421 1.0
32 423 1.0
32 444 1.0
32 446 -1.0
32 447 1.0
32 450 1.0
32 451 -1.0
32 452 1.0
32 453 -1.0
32 456 -1.0
32 458 1.0
32 459 1.0
32 590 1.0
32 466 1.0
32 591 1.0
32 507 1.0
32 593 1.0
32 594 1.0
32 178 1.0
32 510 1.0
32 497 1.0
32 498 1.0
32 597 -1.0
32 530 1.0
32 512 1.0
32 103 1.0
32 511 1.0
32 598 1.0
33 522 -1.0
33 529 -1.0
33 34 1.0
33 36 1.0
33 519 1.0
33 551 1.0
33 40 1.0
33 42 1.0
33 43 1.0
33 45 1.0
33 46 1.0
33 47 1.0
33 48 1.0
33 49 1.0
33 50 1.0
33 51 1.0
33 52 1.0
33 53 -1.0
33 54 1.0
33 55 1.0
33 57 1.0
33 58 1.0
33 60 1.0
33 62 1.0
33 63 1.0
33 66 1.0
33 69 1.0
33 70 1.0
33 584 1.0
33 74 1.0
33 75 1.0
33 76 1.0
33 77 1.0
33 225 1.0
33 80 1.0
33 83 1.0
33 86 1.0
33 89 1.0
33 92 1.0
33 93 1.0
33 95 1.0
33 96 -1.0
33 98 1.0
33 100 1.0
33 102 1.0
33 615 1.0
33 616 1.0
33 619 -1.0
33 622 1.0
33 623 1.0
33 625 1.0
33 626 1.0
33 631 1.0
33 632 -1.0
33 633 1.0
33 636 1.0
33 637 1.0
33 129 1.0
33 645 1.0
33 647 1.0
33 517 1.0
33 110 1.0
33 108 1.0
33 149 1.0
33 152 1.0
33 602 1.0
33 113 1.0
33 603 1.0
33 167 1.0
33 114 1.0
33 109 1.0
33 181 1.0
33 202 1.0
33 118 1.0
33 193 1.0
33 194 1.0
33 604 -1.0
33 119 1.0
33 178 1.0
33 120 1.0
33 209 1.0
33 221 1.0
33 599 1.0
33 227 1.0
33 39 1.0
33 233 1.0
33 236 -1.0
33 237 1.0
33 239 1.0
33 248 1.0
33 249 1.0
33 252 1.0
33 254 1.0
33 261 1.0
33 269 1.0
33 131 1.0
33 558 1.0
33 275 1.0
33 278 1.0
33 279 1.0
33 133 1.0
33 284 1.0
33 607 1.0
33 286 1.0
33 134 1.0
33 561 1.0
33 295 1.0
33 437 1.0
33 307 1.0
33 564 1.0
33 309 1.0
33 608 1.0
33 318 1.0
33 319 1.0
33 322 1.0
33 324 1.0
33 329 1.0
33 331 1.0
33 569 1.0
33 340 1.0
33 345 1.0
33 609 1.0
33 144 1.0
33 352 1.0
33 359 1.0
33 360 1.0
33 573 1.0
33 364 1.0
33 366 1.0
33 371 1.0
33 382 1.0
33 386 1.0
33 400 1.0
33 532 1.0
33 403 1.0
33 405 1.0
33 408 1.0
33 346 1.0
33 433 1.0
33 106 1.0
33 438 -1.0
33 586 1.0
33 510 1.0
33 445 1.0
33 447 1.0
33 454 1.0
33 456 1.0
33 461 1.0
33 468 1.0
33 528 1.0
33 592 1.0
33 479 -1.0
33 481 1.0
33 494 1.0
33 614 1.0
33 497 1.0
33 596 1.0
33 103 1.0
33 598 1.0
34 513 1.0
34 515 -1.0
34 535 1.0
34 35 1.0
34 38 1.0
34 39 1.0
34 41 1.0
34 42 1.0
34 44 1.0
34 45 1.0
34 558 1.0
34 47 1.0
34 561 1.0
34 51 1.0
34 567 1.0
34 57 1.0
34 62 1.0
34 63 1.0
34 65 1.0
34 66 1.0
34 67 1.0
34 68 1.0
34 69 1.0
34 70 1.0
34 71 1.0
34 72 1.0
34 74 1.0
34 76 1.0
34 77 1.0
34 78 1.0
34 80 1.0
34 82 1.0
34 83 1.0
34 84 1.0
34 87 1.0
34 88 1.0
34 89 1.0
34 90 1.0
34 91 1.0
34 95 1.0
34 96 1.0
34 100 -1.0
34 621 1.0
34 623 1.0
34 629 1.0
34 630 1.0
34 632 1.0
34 634 1.0
34 636 1.0
34 534 1.0
34 641 1.0
34 645 -1.0
34 647 1.0
34 648 1.0
34 650 1.0
34 139 1.0
34 110 1.0
34 108 -1.0
34 149 1.0
34 157 1.0
34 539 1.0
34 113 1.0
34 603 1.0
34 114 1.0
34 169 1.0
34 104 1.0
34 173 1.0
34 177 1.0
34 109 1.0
34 287 1.0
34 117 1.0
34 189 1.0
34 197 1.0
34 119 -1.0
34 202 1.0
34 120 1.0
34 121 1.0
34 212 1.0
34 213 1.0
34 122 1.0
34 605 1.0
34 228 1.0
34 601 1.0
34 520 1.0
34 234 1.0
34 235 -1.0
34 240 1.0
34 257 1.0
34 129 1.0
34 272 1.0
34 275 1.0
34 278 1.0
34 280 1.0
34 282 1.0
34 290 1.0
34 297 1.0
34 302 1.0
34 305 1.0
34 309 1.0
34 310 1.0
34 138 1.0
34 325 1.0
34 334 1.0
34 349 1.0
34 358 1.0
34 367 -1.0
34 381 1.0
34 382 -1.0
34 383 1.0
34 384 1.0
34 133 1.0
34 397 1.0
34 404 1.0
34 376 1.0
34 581 1.0
34 411 1.0
34 417 1.0
34 49 1.0
34 426 -1.0
34 429 1.0
34 430 1.0
34 435 1.0
34 612 1.0
34 106 1.0
34 186 1.0
34 445 1.0
34 446 1.0
34 447 1.0
34 455 1.0
34 459 1.0
34 613 1.0
34 472 1.0
34 484 1.0
34 488 1.0
34 489 1.0
34 492 1.0
34 595 1.0
34 614 1.0
34 255 1.0
34 503 1.0
34 509 1.0
35 526 1.0
35 174 1.0
35 539 1.0
35 545 1.0
35 36 1.0
35 39 1.0
35 43 1.0
35 44 1.0
35 557 1.0
35 47 1.0
35 49 1.0
35 50 1.0
35 51 1.0
35 180 1.0
35 54 -1.0
35 55 1.0
35 58 1.0
35 59 1.0
35 60 1.0
35 61 1.0
35 63 1.0
35 64 1.0
35 67 1.0
35 69 1.0
35 587 -1.0
35 77 1.0
35 79 1.0
35 81 1.0
35 83 1.0
35 84 1.0
35 85 1.0
35 87 1.0
35 90 -1.0
35 92 1.0
35 95 1.0
35 97 1.0
35 98 1.0
35 99 1.0
35 100 1.0
35 102 1.0
35 618 1.0
35 620 1.0
35 621 1.0
35 622 1.0
35 625 1.0
35 626 1.0
35 627 1.0
35 628 1.0
35 629 1.0
35 630 1.0
35 634 1.0
35 636 1.0
35 639 1.0
35 640 1.0
35 641 1.0
35 645 -1.0
35 646 1.0
35 647 -1.0
35 136 1.0
35 649 -1.0
35 141 1.0
35 162 -1.0
35 466 1.0
35 108 1.0
35 149 -1.0
35 153 -1.0
35 164 -1.0
35 603 1.0
35 169 -1.0
35 172 1.0
35 115 1.0
35 179 1.0
35 187 1.0
35 546 1.0
35 207 1.0
35 121 1.0
35 213 1.0
35 215 1.0
35 599 1.0
35 223 1.0
35 605 1.0
35 227 1.0
35 124 1.0
35 551 1.0
35 234 1.0
35 127 1.0
35 247 1.0
35 250 1.0
35 251 1.0
35 266 1.0
35 271 1.0
35 280 1.0
35 284 1.0
35 607 1.0
35 105 1.0
35 561 1.0
35 301 -1.0
35 304 -1.0
35 308 1.0
35 311 -1.0
35 138 -1.0
35 591 1.0
35 600 1.0
35 331 1.0
35 333 -1.0
35 344 1.0
35 353 1.0
35 354 1.0
35 107 1.0
35 610 1.0
35 406 1.0
35 321 1.0
35 389 1.0
35 390 1.0
35 394 1.0
35 397 1.0
35 579 1.0
35 405 1.0
35 611 1.0
35 408 1.0
35 422 1.0
35 428 1.0
35 429 1.0
35 432 -1.0
35 433 1.0
35 440 1.0
35 447 1.0
35 451 1.0
35 456 1.0
35 457 1.0
35 590 -1.0
35 468 1.0
35 470 1.0
35 473 1.0
35 485 -1.0
35 488 1.0
35 495 1.0
35 497 1.0
35 222 1.0
35 505 1.0
35 598 1.0
36 518 1.0
36 514 1.0
36 530 1.0
36 536 1.0
36 604 -1.0
36 37 1.0
36 38 1.0
36 551 1.0
36 40 1.0
36 42 1.0
36 46 1.0
36 47 -1.0
36 49 1.0
36 51 1.0
36 53 1.0
36 55 1.0
36 56 1.0
36 569 1.0
36 437 1.0
36 61 -1.0
36 62 1.0
36 63 -1.0
36 577 1.0
36 578 1.0
36 67 1.0
36 68 1.0
36 582 1.0
36 583 1.0
36 77 -1.0
36 78 1.0
36 80 1.0
36 83 1.0
36 84 1.0
36 88 1.0
36 91 1.0
36 93 1.0
36 94 1.0
36 100 1.0
36 624 1.0
36 625 1.0
36 626 1.0
36 627 1.0
36 631 1.0
36 344 1.0
36 635 1.0
36 192 1.0
36 126 1.0
36 640 1.0
36 642 1.0
36 643 1.0
36 644 1.0
36 645 1.0
36 648 1.0
36 138 1.0
36 139 -1.0
36 141 1.0
36 110 1.0
36 466 -1.0
36 108 1.0
36 111 1.0
36 151 -1.0
36 152 -1.0
36 112 -1.0
36 602 1.0
36 163 1.0
36 540 1.0
36 525 1.0
36 114 1.0
36 171 1.0
36 173 -1.0
36 177 1.0
36 109 -1.0
36 185 1.0
36 545 1.0
36 119 1.0
36 201 1.0
36 120 1.0
36 205 -1.0
36 207 1.0
36 208 1.0
36 209 1.0
36 121 1.0
36 215 1.0
36 122 1.0
36 616 1.0
36 218 1.0
36 219 1.0
36 550 1.0
36 605 1.0
36 226 1.0
36 124 1.0
36 601 1.0
36 234 1.0
36 552 1.0
36 238 1.0
36 250 1.0
36 252 1.0
36 256 -1.0
36 300 1.0
36 270 1.0
36 368 1.0
36 284 1.0
36 293 1.0
36 136 1.0
36 563 1.0
36 309 1.0
36 311 1.0
36 312 1.0
36 565 1.0
36 608 -1.0
36 316 1.0
36 600 1.0
36 567 -1.0
36 328 1.0
36 615 1.0
36 334 1.0
36 332 -1.0
36 341 1.0
36 342 1.0
36 314 1.0
36 345 1.0
36 350 1.0
36 352 -1.0
36 353 1.0
36 357 1.0
36 358 -1.0
36 360 1.0
36 363 1.0
36 364 1.0
36 574 1.0
36 337 1.0
36 371 1.0
36 107 1.0
36 610 1.0
36 383 1.0
36 389 1.0
36 394 1.0
36 395 1.0
36 397 1.0
36 579 1.0
36 411 1.0
36 429 -1.0
36 431 1.0
36 612 1.0
36 106 1.0
36 522 1.0
36 442 -1.0
36 588 1.0
36 457 1.0
36 462 1.0
36 475 1.0
36 479 1.0
36 481 1.0
36 482 -1.0
36 488 1.0
36 489 -1.0
36 495 1.0
36 614 1.0
36 507 1.0
36 510 1.0
37 515 1.0
37 514 1.0
37 523 1.0
37 546 1.0
37 192 1.0
37 549 1.0
37 39 1.0
37 552 1.0
37 41 1.0
37 42 1.0
37 43 1.0
37 45 1.0
37 46 -1.0
37 47 1.0
37 560 1.0
37 49 1.0
37 50 1.0
37 51 1.0
37 569 1.0
37 58 1.0
37 62 1.0
37 63 1.0
37 64 1.0
37 66 1.0
37 68 1.0
37 69 1.0
37 70 1.0
37 71 1.0
37 72 1.0
37 585 1.0
37 74 1.0
37 76 1.0
37 77 1.0
37 79 1.0
37 592 1.0
37 83 1.0
37 85 1.0
37 87 1.0
37 88 1.0
37 89 1.0
37 90 1.0
37 91 1.0
37 95 1.0
37 96 1.0
37 97 1.0
37 100 1.0
37 101 -1.0
37 103 1.0
37 619 1.0
37 620 1.0
37 621 1.0
37 624 1.0
37 625 1.0
37 628 1.0
37 629 1.0
37 631 -1.0
37 633 1.0
37 635 1.0
37 637 1.0
37 639 1.0
37 641 1.0
37 642 1.0
37 643 1.0
37 644 -1.0
37 646 1.0
37 312 1.0
37 650 1.0
37 110 -1.0
37 145 1.0
37 146 1.0
37 153 1.0
37 155 1.0
37 602 1.0
37 161 1.0
37 603 1.0
37 166 1.0
37 541 1.0
37 179 1.0
37 116 1.0
37 184 1.0
37 544 -1.0
37 193 1.0
37 604 1.0
37 119 -1.0
37 120 1.0
37 547 1.0
37 121 1.0
37 211 1.0
37 220 1.0
37 605 1.0
37 124 1.0
37 240 1.0
37 554 1.0
37 249 1.0
37 252 1.0
37 254 -1.0
37 606 1.0
37 129 1.0
37 259 1.0
37 300 1.0
37 268 1.0
37 131 1.0
37 272 1.0
37 132 1.0
37 278 1.0
37 289 1.0
37 291 1.0
37 135 1.0
37 295 1.0
37 297 1.0
37 299 1.0
37 136 1.0
37 307 1.0
37 309 -1.0
37 311 1.0
37 138 1.0
37 608 1.0
37 319 1.0
37 325 1.0
37 326 1.0
37 330 1.0
37 228 1.0
37 342 1.0
37 570 1.0
37 609 1.0
37 571 1.0
37 368 1.0
37 359 -1.0
37 617 1.0
37 574 1.0
37 370 -1.0
37 575 1.0
37 610 1.0
37 382 1.0
37 150 1.0
37 389 1.0
37 394 1.0
37 396 1.0
37 397 1.0
37 532 1.0
37 611 1.0
37 408 1.0
37 409 1.0
37 410 1.0
37 258 1.0
37 418 1.0
37 346 1.0
37 430 -1.0
37 432 1.0
37 500 1.0
37 438 1.0
37 446 1.0
37 447 1.0
37 449 -1.0
37 374 1.0
37 457 -1.0
37 468 1.0
37 474 1.0
37 475 1.0
37 477 1.0
37 618 1.0
37 486 1.0
37 491 1.0
37 595 1.0
37 614 1.0
37 498 1.0
37 596 1.0
37 502 -1.0
37 504 1.0
37 510 -1.0
38 513 1.0
38 518 1.0
38 527 1.0
38 528 1.0
38 536 1.0
38 39 1.0
38 40 1.0
38 43 1.0
38 557 1.0
38 46 1.0
38 559 1.0
38 49 1.0
38 50 1.0
38 51 1.0
38 54 1.0
38 55 1.0
38 522 1.0
38 59 1.0
38 63 1.0
38 64 1.0
38 65 1.0
38 68 1.0
38 586 1.0
38 75 -1.0
38 77 1.0
38 78 -1.0
38 591 1.0
38 526 1.0
38 87 1.0
38 88 1.0
38 89 1.0
38 91 1.0
38 94 1.0
38 56 1.0
38 99 1.0
38 100 1.0
38 103 1.0
38 104 1.0
38 106 1.0
38 620 1.0
38 621 1.0
38 622 1.0
38 626 1.0
38 629 1.0
38 633 1.0
38 634 1.0
38 636 1.0
38 639 1.0
38 640 -1.0
38 641 1.0
38 643 1.0
38 644 1.0
38 645 1.0
38 646 1.0
38 648 1.0
38 649 1.0
38 650 1.0
38 210 1.0
38 142 1.0
38 143 1.0
38 537 1.0
38 111 1.0
38 619 1.0
38 602 1.0
38 161 1.0
38 113 1.0
38 166 1.0
38 167 1.0
38 285 1.0
38 175 1.0
38 176 1.0
38 109 1.0
38 202 1.0
38 604 1.0
38 119 -1.0
38 162 1.0
38 178 1.0
38 206 1.0
38 212 1.0
38 213 1.0
38 221 1.0
38 223 1.0
38 601 -1.0
38 125 1.0
38 250 1.0
38 254 1.0
38 606 1.0
38 259 1.0
38 260 1.0
38 265 1.0
38 267 1.0
38 268 1.0
38 270 1.0
38 139 1.0
38 273 1.0
38 277 1.0
38 284 1.0
38 135 1.0
38 300 1.0
38 305 1.0
38 137 1.0
38 318 -1.0
38 566 1.0
38 225 1.0
38 325 1.0
38 326 1.0
38 615 1.0
38 333 1.0
38 335 1.0
38 336 1.0
38 340 1.0
38 344 1.0
38 609 1.0
38 349 1.0
38 315 1.0
38 352 1.0
38 353 1.0
38 355 1.0
38 572 1.0
38 358 1.0
38 146 1.0
38 573 1.0
38 232 1.0
38 365 1.0
38 378 1.0
38 388 1.0
38 390 1.0
38 397 1.0
38 404 1.0
38 611 1.0
38 410 1.0
38 412 1.0
38 424 1.0
38 432 1.0
38 438 1.0
38 444 1.0
38 451 1.0
38 456 1.0
38 460 1.0
38 461 1.0
38 462 -1.0
38 590 1.0
38 465 1.0
38 613 -1.0
38 471 1.0
38 475 1.0
38 479 1.0
38 481 1.0
38 487 1.0
38 488 1.0
38 497 1.0
38 501 1.0
38 503 -1.0
38 512 1.0
39 530 1.0
39 552 1.0
39 553 1.0
39 43 1.0
39 556 1.0
39 45 1.0
39 46 1.0
39 49 1.0
39 50 -1.0
39 436 1.0
39 54 1.0
39 55 1.0
39 58 1.0
39 59 -1.0
39 61 1.0
39 63 1.0
39 64 1.0
39 65 1.0
39 66 1.0
39 67 1.0
39 68 1.0
39 582 -1.0
39 71 1.0
39 75 1.0
39 76 1.0
39 590 1.0
39 79 -1.0
39 81 1.0
39 82 -1.0
39 83 1.0
39 87 -1.0
39 91 1.0
39 92 1.0
39 94 1.0
39 96 1.0
39 98 1.0
39 100 1.0
39 102 1.0
39 106 1.0
39 108 1.0
39 623 1.0
39 625 1.0
39 628 1.0
39 630 1.0
39 631 -1.0
39 634 1.0
39 637 1.0
39 642 1.0
39 644 1.0
39 535 1.0
39 648 1.0
39 650 1.0
39 139 1.0
39 140 1.0
39 143 1.0
39 110 1.0
39 146 1.0
39 619 1.0
39 112 1.0
39 539 1.0
39 163 1.0
39 620 1.0
39 603 1.0
39 170 1.0
39 172 1.0
39 174 -1.0
39 542 1.0
39 109 1.0
39 191 1.0
39 118 -1.0
39 604 -1.0
39 119 1.0
39 203 1.0
39 120 1.0
39 206 1.0
39 121 1.0
39 213 -1.0
39 215 1.0
39 616 1.0
39 123 -1.0
39 550 1.0
39 605 1.0
39 231 1.0
39 125 -1.0
39 239 1.0
39 241 1.0
39 251 1.0
39 252 1.0
39 254 1.0
39 606 1.0
39 257 1.0
39 261 -1.0
39 262 1.0
39 264 -1.0
39 268 1.0
39 271 1.0
39 558 1.0
39 274 1.0
39 277 1.0
39 133 1.0
39 289 1.0
39 294 1.0
39 302 1.0
39 305 1.0
39 306 1.0
39 310 1.0
39 318 1.0
39 321 -1.0
39 325 -1.0
39 327 1.0
39 328 1.0
39 329 1.0
39 615 1.0
39 340 1.0
39 344 1.0
39 609 -1.0
39 347 1.0
39 355 -1.0
39 360 1.0
39 377 1.0
39 385 1.0
39 577 1.0
39 387 1.0
39 388 1.0
39 394 1.0
39 398 1.0
39 400 1.0
39 402 1.0
39 599 1.0
39 413 1.0
39 412 1.0
39 428 1.0
39 442 -1.0
39 445 1.0
39 588 -1.0
39 453 1.0
39 469 1.0
39 477 1.0
39 478 1.0
39 618 1.0
39 594 1.0
39 489 1.0
39 490 1.0
39 498 1.0
39 501 1.0
39 502 1.0
39 505 1.0
39 512 1.0
40 530 1.0
40 513 1.0
40 546 1.0
40 547 1.0
40 43 1.0
40 44 1.0
40 46 1.0
40 47 1.0
40 48 1.0
40 436 1.0
40 53 1.0
40 54 1.0
40 55 1.0
40 56 1.0
40 57 -1.0
40 58 1.0
40 60 1.0
40 61 -1.0
40 574 1.0
40 63 1.0
40 65 1.0
40 66 1.0
40 67 1.0
40 68 1.0
40 71 1.0
40 72 1.0
40 75 1.0
40 79 1.0
40 81 -1.0
40 84 1.0
40 87 1.0
40 88 1.0
40 90 1.0
40 91 1.0
40 94 1.0
40 96 1.0
40 98 1.0
40 101 1.0
40 102 1.0
40 103 1.0
40 104 1.0
40 105 -1.0
40 106 1.0
40 107 -1.0
40 624 1.0
40 625 1.0
40 626 1.0
40 627 1.0
40 631 1.0
40 633 1.0
40 635 1.0
40 639 1.0
40 129 1.0
40 642 -1.0
40 645 1.0
40 646 1.0
40 648 1.0
40 140 1.0
40 110 -1.0
40 149 1.0
40 112 1.0
40 228 1.0
40 169 1.0
40 170 1.0
40 173 1.0
40 115 1.0
40 116 1.0
40 119 1.0
40 519 1.0
40 209 1.0
40 121 -1.0
40 212 1.0
40 122 1.0
40 616 -1.0
40 293 1.0
40 123 1.0
40 227 1.0
40 125 -1.0
40 238 1.0
40 126 1.0
40 242 1.0
40 244 1.0
40 249 1.0
40 606 -1.0
40 258 1.0
40 264 1.0
40 271 1.0
40 302 -1.0
40 273 1.0
40 275 1.0
40 283 1.0
40 284 1.0
40 288 1.0
40 289 1.0
40 522 1.0
40 294 1.0
40 136 1.0
40 62 1.0
40 305 1.0
40 307 -1.0
40 138 1.0
40 608 1.0
40 319 1.0
40 540 1.0
40 322 1.0
40 327 -1.0
40 615 -1.0
40 333 1.0
40 337 1.0
40 340 1.0
40 342 1.0
40 348 1.0
40 315 1.0
40 353 1.0
40 355 1.0
40 362 -1.0
40 365 1.0
40 368 1.0
40 610 1.0
40 383 1.0
40 321 1.0
40 390 1.0
40 611 1.0
40 376 -1.0
40 560 1.0
40 413 1.0
40 415 -1.0
40 418 1.0
40 421 1.0
40 422 1.0
40 430 1.0
40 585 1.0
40 439 1.0
40 442 1.0
40 458 1.0
40 459 1.0
40 461 1.0
40 469 1.0
40 591 1.0
40 484 1.0
40 487 1.0
40 490 1.0
40 168 1.0
40 495 1.0
40 614 -1.0
40 499 1.0
40 503 1.0
40 512 1.0
41 88 1.0
41 525 1.0
41 515 1.0
41 516 1.0
41 538 1.0
41 548 1.0
41 552 1.0
41 42 1.0
41 43 1.0
41 44 1.0
41 557 1.0
41 46 1.0
41 47 1.0
41 48 1.0
41 49 1.0
41 50 1.0
41 51 1.0
41 180 1.0
41 53 1.0
41 54 1.0
41 522 1.0
41 58 -1.0
41 59 1.0
41 60 1.0
41 61 1.0
41 63 1.0
41 64 1.0
41 67 1.0
41 70 1.0
41 583 1.0
41 78 1.0
41 82 1.0
41 86 1.0
41 442 1.0
41 89 1.0
41 602 1.0
41 603 1.0
41 92 1.0
41 95 1.0
41 97 -1.0
41 105 1.0
41 106 1.0
41 107 1.0
41 109 1.0
41 110 -1.0
41 624 1.0
41 627 1.0
41 628 -1.0
41 629 1.0
41 630 1.0
41 631 1.0
41 632 -1.0
41 633 -1.0
41 634 -1.0
41 636 1.0
41 638 1.0
41 643 1.0
41 644 1.0
41 133 1.0
41 646 1.0
41 648 1.0
41 649 1.0
41 650 1.0
41 141 1.0
41 537 -1.0
41 152 1.0
41 155 1.0
41 112 1.0
41 158 1.0
41 159 1.0
41 160 1.0
41 620 1.0
41 166 1.0
41 541 1.0
41 535 1.0
41 172 1.0
41 518 1.0
41 178 1.0
41 181 1.0
41 182 1.0
41 183 1.0
41 187 -1.0
41 544 1.0
41 621 1.0
41 199 -1.0
41 202 1.0
41 120 1.0
41 121 1.0
41 215 1.0
41 122 1.0
41 221 1.0
41 226 1.0
41 235 1.0
41 238 -1.0
41 127 1.0
41 555 1.0
41 606 1.0
41 257 1.0
41 260 1.0
41 262 1.0
41 266 1.0
41 217 1.0
41 275 1.0
41 284 1.0
41 289 1.0
41 198 1.0
41 295 1.0
41 303 1.0
41 52 1.0
41 312 1.0
41 608 1.0
41 323 -1.0
41 327 1.0
41 482 1.0
41 615 1.0
41 228 1.0
41 341 1.0
41 570 1.0
41 496 1.0
41 354 1.0
41 360 1.0
41 364 1.0
41 365 1.0
41 369 1.0
41 610 1.0
41 377 1.0
41 378 1.0
41 383 1.0
41 150 1.0
41 391 -1.0
41 393 1.0
41 399 1.0
41 401 1.0
41 402 1.0
41 611 1.0
41 407 1.0
41 410 1.0
41 513 1.0
41 582 1.0
41 424 1.0
41 427 1.0
41 431 1.0
41 433 -1.0
41 434 1.0
41 437 1.0
41 439 1.0
41 186 1.0
41 246 1.0
41 451 1.0
41 453 1.0
41 455 1.0
41 462 -1.0
41 613 1.0
41 596 1.0
41 468 1.0
41 470 1.0
41 471 1.0
41 472 1.0
41 475 1.0
41 480 1.0
41 491 1.0
41 595 1.0
41 499 -1.0
41 500 1.0
41 529 1.0
41 504 1.0
42 517 1.0
42 519 1.0
42 605 1.0
42 43 1.0
42 44 1.0
42 45 1.0
42 48 1.0
42 521 1.0
42 52 1.0
42 53 1.0
42 54 1.0
42 55 1.0
42 56 1.0
42 59 1.0
42 60 1.0
42 62 1.0
42 63 -1.0
42 66 1.0
42 68 1.0
42 70 1.0
42 72 1.0
42 74 1.0
42 77 1.0
42 78 1.0
42 79 1.0
42 526 1.0
42 82 1.0
42 83 1.0
42 85 -1.0
42 86 1.0
42 87 1.0
42 89 1.0
42 90 1.0
42 91 -1.0
42 96 -1.0
42 97 1.0
42 100 -1.0
42 102 1.0
42 530 1.0
42 106 1.0
42 108 1.0
42 109 1.0
42 631 1.0
42 634 1.0
42 636 1.0
42 637 1.0
42 639 1.0
42 640 1.0
42 132 -1.0
42 645 1.0
42 646 -1.0
42 647 1.0
42 649 1.0
42 650 1.0
42 536 1.0
42 145 -1.0
42 623 1.0
42 619 1.0
42 112 1.0
42 539 1.0
42 113 1.0
42 166 1.0
42 541 1.0
42 173 1.0
42 568 1.0
42 176 1.0
42 116 1.0
42 185 1.0
42 189 1.0
42 190 1.0
42 191 1.0
42 621 1.0
42 119 1.0
42 367 1.0
42 207 -1.0
42 211 1.0
42 122 1.0
42 218 1.0
42 219 1.0
42 221 1.0
42 229 1.0
42 232 1.0
42 125 1.0
42 126 1.0
42 242 1.0
42 256 1.0
42 129 -1.0
42 216 1.0
42 280 1.0
42 133 1.0
42 288 1.0
42 293 1.0
42 164 1.0
42 296 1.0
42 301 -1.0
42 302 1.0
42 564 1.0
42 318 1.0
42 566 1.0
42 322 1.0
42 323 1.0
42 615 1.0
42 343 -1.0
42 268 1.0
42 609 1.0
42 348 1.0
42 349 1.0
42 354 1.0
42 362 1.0
42 363 1.0
42 368 1.0
42 575 1.0
42 377 1.0
42 379 1.0
42 393 1.0
42 397 1.0
42 404 1.0
42 405 1.0
42 407 1.0
42 408 1.0
42 410 1.0
42 496 1.0
42 413 1.0
42 414 1.0
42 582 1.0
42 419 1.0
42 422 1.0
42 437 1.0
42 444 1.0
42 445 1.0
42 449 1.0
42 454 1.0
42 462 1.0
42 468 1.0
42 469 -1.0
42 591 1.0
42 471 1.0
42 473 1.0
42 474 1.0
42 480 1.0
42 483 1.0
42 487 1.0
42 168 1.0
42 493 1.0
42 495 1.0
42 498 1.0
42 512 -1.0
43 514 1.0
43 531 1.0
43 533 1.0
43 603 1.0
43 548 1.0
43 258 1.0
43 48 1.0
43 51 1.0
43 436 1.0
43 53 1.0
43 54 1.0
43 55 1.0
43 568 1.0
43 58 1.0
43 59 1.0
43 61 1.0
43 62 1.0
43 575 1.0
43 64 -1.0
43 67 1.0
43 68 1.0
43 69 1.0
43 70 1.0
43 72 1.0
43 585 1.0
43 75 1.0
43 78 1.0
43 80 1.0
43 81 1.0
43 84 -1.0
43 85 1.0
43 86 -1.0
43 90 1.0
43 91 1.0
43 93 1.0
43 94 1.0
43 95 -1.0
43 96 1.0
43 98 -1.0
43 100 1.0
43 101 1.0
43 103 1.0
43 104 1.0
43 107 1.0
43 109 1.0
43 110 1.0
43 111 1.0
43 112 1.0
43 626 1.0
43 627 1.0
43 630 1.0
43 631 1.0
43 632 1.0
43 633 1.0
43 635 1.0
43 636 1.0
43 637 1.0
43 642 1.0
43 643 1.0
43 644 -1.0
43 645 1.0
43 134 1.0
43 647 1.0
43 648 1.0
43 649 1.0
43 146 1.0
43 623 1.0
43 619 1.0
43 113 1.0
43 166 1.0
43 167 1.0
43 114 1.0
43 115 1.0
43 116 1.0
43 182 1.0
43 117 1.0
43 621 1.0
43 120 1.0
43 549 1.0
43 123 1.0
43 224 1.0
43 124 1.0
43 231 -1.0
43 232 1.0
43 125 1.0
43 235 1.0
43 552 1.0
43 126 1.0
43 242 1.0
43 243 1.0
43 249 1.0
43 250 1.0
43 256 1.0
43 180 1.0
43 266 1.0
43 216 -1.0
43 132 -1.0
43 283 1.0
43 289 1.0
43 135 1.0
43 299 -1.0
43 136 1.0
43 557 -1.0
43 313 1.0
43 314 1.0
43 608 1.0
43 319 1.0
43 320 -1.0
43 329 1.0
43 615 -1.0
43 484 1.0
43 341 1.0
43 342 1.0
43 570 1.0
43 345 1.0
43 402 1.0
43 372 1.0
43 380 1.0
43 381 1.0
43 384 1.0
43 566 1.0
43 390 1.0
43 394 -1.0
43 532 1.0
43 404 1.0
43 405 1.0
43 581 1.0
43 413 1.0
43 155 -1.0
43 582 1.0
43 419 1.0
43 422 1.0
43 425 1.0
43 429 1.0
43 431 1.0
43 612 1.0
43 437 1.0
43 438 1.0
43 448 1.0
43 449 1.0
43 454 -1.0
43 162 1.0
43 462 1.0
43 613 1.0
43 252 1.0
43 493 1.0
43 614 1.0
43 498 1.0
43 501 1.0
43 506 1.0
43 507 1.0
44 527 1.0
44 516 -1.0
44 513 1.0
44 616 1.0
44 45 1.0
44 46 1.0
44 47 1.0
44 48 1.0
44 50 1.0
44 52 1.0
44 54 1.0
44 55 1.0
44 58 1.0
44 59 1.0
44 61 -1.0
44 575 1.0
44 578 -1.0
44 67 1.0
44 69 1.0
44 70 1.0
44 72 1.0
44 74 1.0
44 76 1.0
44 77 1.0
44 79 1.0
44 270 -1.0
44 82 -1.0
44 83 -1.0
44 84 1.0
44 85 1.0
44 86 1.0
44 87 1.0
44 186 1.0
44 89 -1.0
44 90 1.0
44 91 1.0
44 92 1.0
44 93 1.0
44 94 1.0
44 95 1.0
44 100 1.0
44 103 1.0
44 104 1.0
44 107 1.0
44 108 1.0
44 109 1.0
44 110 1.0
44 113 1.0
44 626 1.0
44 627 1.0
44 117 1.0
44 634 1.0
44 635 1.0
44 636 1.0
44 637 1.0
44 639 1.0
44 642 1.0
44 644 1.0
44 645 1.0
44 647 1.0
44 136 -1.0
44 650 1.0
44 139 1.0
44 140 -1.0
44 534 1.0
44 622 1.0
44 145 -1.0
44 466 1.0
44 623 -1.0
44 163 1.0
44 620 1.0
44 170 1.0
44 172 1.0
44 115 1.0
44 542 1.0
44 178 1.0
44 179 1.0
44 116 1.0
44 182 1.0
44 188 1.0
44 193 1.0
44 204 1.0
44 205 1.0
44 208 1.0
44 213 -1.0
44 214 1.0
44 122 1.0
44 221 1.0
44 123 1.0
44 224 1.0
44 605 1.0
44 229 -1.0
44 210 1.0
44 125 1.0
44 235 1.0
44 126 1.0
44 245 1.0
44 128 1.0
44 255 -1.0
44 261 1.0
44 263 1.0
44 386 1.0
44 267 1.0
44 276 1.0
44 281 1.0
44 283 1.0
44 607 1.0
44 288 1.0
44 556 1.0
44 293 1.0
44 297 1.0
44 301 1.0
44 302 1.0
44 304 1.0
44 306 1.0
44 564 1.0
44 311 1.0
44 318 1.0
44 322 1.0
44 324 1.0
44 329 1.0
44 228 1.0
44 341 1.0
44 342 1.0
44 344 1.0
44 345 -1.0
44 315 1.0
44 352 1.0
44 361 1.0
44 365 -1.0
44 617 1.0
44 368 1.0
44 373 1.0
44 610 1.0
44 377 1.0
44 380 1.0
44 384 1.0
44 577 1.0
44 387 1.0
44 397 1.0
44 579 1.0
44 399 1.0
44 400 1.0
44 611 1.0
44 413 1.0
44 416 1.0
44 418 1.0
44 420 1.0
44 424 1.0
44 429 1.0
44 434 -1.0
44 612 1.0
44 439 1.0
44 445 1.0
44 463 1.0
44 613 1.0
44 470 1.0
44 474 1.0
44 476 1.0
44 618 1.0
44 483 1.0
44 614 -1.0
44 503 1.0
44 506 1.0
44 510 -1.0
45 540 1.0
45 543 1.0
45 544 1.0
45 548 1.0
45 550 1.0
45 552 1.0
45 47 1.0
45 51 1.0
45 53 -1.0
45 54 1.0
45 55 1.0
45 56 1.0
45 59 -1.0
45 60 1.0
45 62 -1.0
45 64 1.0
45 65 1.0
45 66 1.0
45 70 1.0
45 71 1.0
45 584 1.0
45 74 1.0
45 75 1.0
45 76 1.0
45 78 1.0
45 79 1.0
45 81 1.0
45 594 1.0
45 83 -1.0
45 87 -1.0
45 602 -1.0
45 92 1.0
45 94 1.0
45 96 1.0
45 98 1.0
45 100 1.0
45 101 1.0
45 102 1.0
45 104 1.0
45 105 1.0
45 107 1.0
45 108 1.0
45 110 1.0
45 111 1.0
45 114 1.0
45 627 1.0
45 630 1.0
45 633 -1.0
45 634 1.0
45 635 1.0
45 637 1.0
45 638 1.0
45 639 1.0
45 641 -1.0
45 644 1.0
45 136 1.0
45 649 1.0
45 141 1.0
45 195 1.0
45 622 1.0
45 537 1.0
45 149 1.0
45 624 1.0
45 158 1.0
45 161 1.0
45 163 1.0
45 165 1.0
45 115 1.0
45 177 1.0
45 179 1.0
45 116 1.0
45 118 1.0
45 604 1.0
45 196 1.0
45 119 1.0
45 200 1.0
45 201 1.0
45 202 1.0
45 120 1.0
45 205 1.0
45 212 1.0
45 616 1.0
45 549 1.0
45 464 1.0
45 224 1.0
45 227 1.0
45 124 1.0
45 531 1.0
45 125 1.0
45 126 1.0
45 241 -1.0
45 242 1.0
45 245 1.0
45 246 -1.0
45 249 1.0
45 128 1.0
45 129 1.0
45 130 1.0
45 132 -1.0
45 277 1.0
45 278 1.0
45 280 1.0
45 283 1.0
45 291 -1.0
45 293 -1.0
45 294 1.0
45 298 -1.0
45 299 1.0
45 137 1.0
45 608 1.0
45 327 1.0
45 337 1.0
45 341 1.0
45 347 1.0
45 144 1.0
45 350 1.0
45 354 -1.0
45 361 1.0
45 362 1.0
45 363 1.0
45 371 1.0
45 372 1.0
45 378 1.0
45 379 1.0
45 559 1.0
45 383 1.0
45 384 1.0
45 389 1.0
45 398 1.0
45 399 1.0
45 611 1.0
45 408 1.0
45 581 1.0
45 156 1.0
45 346 1.0
45 426 1.0
45 433 1.0
45 434 1.0
45 612 1.0
45 586 1.0
45 445 1.0
45 446 1.0
45 452 1.0
45 453 1.0
45 454 1.0
45 162 1.0
45 457 1.0
45 462 1.0
45 590 1.0
45 478 1.0
45 479 1.0
45 618 1.0
45 486 -1.0
45 487 1.0
45 491 1.0
45 614 1.0
45 546 1.0
45 529 1.0
45 512 1.0
46 513 1.0
46 540 1.0
46 606 1.0
46 49 -1.0
46 50 1.0
46 51 1.0
46 53 1.0
46 56 1.0
46 58 1.0
46 59 -1.0
46 60 1.0
46 61 -1.0
46 62 1.0
46 64 1.0
46 66 1.0
46 68 1.0
46 69 1.0
46 71 1.0
46 72 1.0
46 276 1.0
46 78 1.0
46 80 1.0
46 81 1.0
46 82 1.0
46 83 1.0
46 89 1.0
46 603 1.0
46 92 1.0
46 93 1.0
46 94 1.0
46 95 1.0
46 96 1.0
46 97 -1.0
46 98 1.0
46 99 1.0
46 100 1.0
46 102 -1.0
46 615 1.0
46 107 -1.0
46 111 1.0
46 112 1.0
46 113 1.0
46 115 1.0
46 628 1.0
46 629 1.0
46 631 1.0
46 632 1.0
46 633 1.0
46 640 1.0
46 643 1.0
46 645 -1.0
46 648 1.0
46 139 1.0
46 141 1.0
46 367 1.0
46 152 1.0
46 619 1.0
46 624 -1.0
46 539 1.0
46 159 1.0
46 625 1.0
46 620 1.0
46 171 1.0
46 172 1.0
46 627 1.0
46 116 1.0
46 185 1.0
46 604 1.0
46 120 -1.0
46 207 1.0
46 208 1.0
46 209 -1.0
46 213 1.0
46 122 1.0
46 218 1.0
46 123 1.0
46 550 1.0
46 264 1.0
46 229 1.0
46 232 1.0
46 237 1.0
46 239 1.0
46 126 1.0
46 245 1.0
46 129 1.0
46 514 1.0
46 266 1.0
46 268 1.0
46 278 1.0
46 133 -1.0
46 560 1.0
46 446 1.0
46 288 1.0
46 289 1.0
46 290 1.0
46 291 1.0
46 292 1.0
46 135 1.0
46 295 1.0
46 299 1.0
46 136 1.0
46 314 1.0
46 608 1.0
46 316 1.0
46 322 1.0
46 341 1.0
46 571 1.0
46 357 1.0
46 358 1.0
46 573 1.0
46 617 1.0
46 370 1.0
46 372 1.0
46 373 1.0
46 610 1.0
46 593 1.0
46 393 1.0
46 397 1.0
46 579 1.0
46 405 1.0
46 611 1.0
46 240 1.0
46 413 -1.0
46 418 1.0
46 156 -1.0
46 421 1.0
46 422 1.0
46 431 1.0
46 158 1.0
46 433 1.0
46 437 1.0
46 439 1.0
46 440 1.0
46 445 1.0
46 587 1.0
46 246 -1.0
46 452 -1.0
46 460 1.0
46 461 1.0
46 463 1.0
46 529 1.0
46 465 1.0
46 470 1.0
46 545 1.0
46 592 -1.0
46 486 1.0
46 488 1.0
46 490 1.0
46 493 1.0
46 614 1.0
46 498 -1.0
46 500 1.0
46 503 1.0
46 507 1.0
46 510 1.0
47 517 1.0
47 520 -1.0
47 529 1.0
47 547 -1.0
47 537 1.0
47 550 1.0
47 599 1.0
47 558 1.0
47 48 1.0
47 51 1.0
47 436 1.0
47 55 1.0
47 569 1.0
47 58 1.0
47 61 1.0
47 62 -1.0
47 63 1.0
47 64 1.0
47 66 -1.0
47 524 1.0
47 69 1.0
47 71 1.0
47 72 1.0
47 76 1.0
47 240 -1.0
47 78 1.0
47 80 1.0
47 82 1.0
47 596 1.0
47 85 1.0
47 88 1.0
47 92 1.0
47 93 1.0
47 606 1.0
47 99 1.0
47 102 1.0
47 104 1.0
47 105 1.0
47 106 1.0
47 109 1.0
47 111 1.0
47 113 1.0
47 115 1.0
47 116 1.0
47 633 1.0
47 637 1.0
47 638 1.0
47 644 1.0
47 645 1.0
47 647 1.0
47 648 1.0
47 141 1.0
47 622 1.0
47 146 1.0
47 619 1.0
47 163 1.0
47 603 -1.0
47 170 1.0
47 173 1.0
47 178 1.0
47 628 1.0
47 183 1.0
47 184 1.0
47 118 1.0
47 193 1.0
47 604 1.0
47 196 1.0
47 546 1.0
47 206 -1.0
47 207 1.0
47 208 1.0
47 121 1.0
47 214 1.0
47 122 1.0
47 616 1.0
47 221 1.0
47 231 1.0
47 234 1.0
47 239 1.0
47 245 1.0
47 251 1.0
47 255 -1.0
47 263 1.0
47 130 1.0
47 266 1.0
47 275 1.0
47 132 1.0
47 281 1.0
47 133 1.0
47 290 1.0
47 300 1.0
47 304 -1.0
47 306 1.0
47 308 1.0
47 313 -1.0
47 316 1.0
47 557 1.0
47 523 1.0
47 482 1.0
47 330 -1.0
47 331 1.0
47 228 1.0
47 342 1.0
47 344 1.0
47 541 1.0
47 353 1.0
47 358 1.0
47 359 1.0
47 365 1.0
47 617 1.0
47 368 1.0
47 371 1.0
47 372 1.0
47 375 -1.0
47 610 1.0
47 377 1.0
47 382 1.0
47 383 1.0
47 391 1.0
47 394 1.0
47 398 1.0
47 405 1.0
47 496 1.0
47 417 1.0
47 419 1.0
47 156 -1.0
47 427 1.0
47 441 1.0
47 186 1.0
47 451 1.0
47 332 1.0
47 454 1.0
47 162 1.0
47 462 1.0
47 613 1.0
47 467 -1.0
47 420 1.0
47 470 1.0
47 473 1.0
47 483 1.0
47 484 -1.0
47 614 -1.0
47 222 1.0
47 500 1.0
47 501 -1.0
47 506 -1.0
47 137 1.0
47 508 1.0
48 539 -1.0
48 175 1.0
48 558 1.0
48 49 1.0
48 51 1.0
48 180 1.0
48 54 1.0
48 567 -1.0
48 56 1.0
48 57 1.0
48 58 1.0
48 59 1.0
48 60 1.0
48 62 1.0
48 65 1.0
48 68 1.0
48 71 1.0
48 585 1.0
48 586 1.0
48 76 1.0
48 77 1.0
48 590 1.0
48 596 1.0
48 85 1.0
48 86 1.0
48 87 1.0
48 88 1.0
48 90 1.0
48 91 1.0
48 605 1.0
48 95 -1.0
48 97 1.0
48 98 1.0
48 99 1.0
48 100 1.0
48 102 1.0
48 105 1.0
48 107 1.0
48 108 1.0
48 110 1.0
48 111 1.0
48 112 1.0
48 114 1.0
48 115 1.0
48 116 1.0
48 117 1.0
48 630 1.0
48 632 1.0
48 635 1.0
48 638 1.0
48 641 -1.0
48 642 1.0
48 643 1.0
48 647 1.0
48 622 1.0
48 623 1.0
48 624 1.0
48 160 -1.0
48 161 -1.0
48 163 1.0
48 620 -1.0
48 169 1.0
48 535 1.0
48 627 1.0
48 568 -1.0
48 179 1.0
48 628 -1.0
48 629 1.0
48 118 1.0
48 533 1.0
48 119 1.0
48 201 1.0
48 202 1.0
48 206 1.0
48 208 1.0
48 213 1.0
48 122 1.0
48 293 1.0
48 123 1.0
48 226 1.0
48 588 1.0
48 229 -1.0
48 127 1.0
48 128 -1.0
48 129 1.0
48 130 1.0
48 266 1.0
48 273 -1.0
48 132 1.0
48 559 1.0
48 133 -1.0
48 134 1.0
48 522 1.0
48 299 1.0
48 301 1.0
48 564 1.0
48 319 1.0
48 566 1.0
48 327 -1.0
48 329 1.0
48 331 1.0
48 334 -1.0
48 336 1.0
48 345 1.0
48 144 1.0
48 351 1.0
48 354 1.0
48 572 -1.0
48 359 1.0
48 276 1.0
48 368 -1.0
48 610 1.0
48 380 1.0
48 389 1.0
48 398 1.0
48 405 1.0
48 611 1.0
48 408 1.0
48 582 1.0
48 424 -1.0
48 425 1.0
48 73 1.0
48 435 1.0
48 186 1.0
48 527 1.0
48 416 1.0
48 448 1.0
48 332 -1.0
48 453 1.0
48 454 1.0
48 613 -1.0
48 470 1.0
48 478 1.0
48 480 1.0
48 488 1.0
48 234 1.0
48 491 1.0
48 168 1.0
48 84 1.0
48 505 1.0
48 508 1.0
48 509 1.0
48 444 1.0
49 528 1.0
49 529 1.0
49 530 1.0
49 264 1.0
49 513 1.0
49 50 1.0
49 52 1.0
49 54 1.0
49 55 1.0
49 570 1.0
49 59 1.0
49 61 -1.0
49 62 1.0
49 63 1.0
49 64 1.0
49 66 1.0
49 67 1.0
49 69 1.0
49 70 1.0
49 71 1.0
49 610 1.0
49 73 1.0
49 74 1.0
49 587 1.0
49 76 1.0
49 566 1.0
49 80 1.0
49 82 1.0
49 83 1.0
49 84 1.0
49 597 1.0
49 86 1.0
49 599 1.0
49 88 1.0
49 89 1.0
49 90 1.0
49 91 1.0
49 93 1.0
49 96 1.0
49 97 1.0
49 103 1.0
49 105 1.0
49 106 1.0
49 107 1.0
49 108 -1.0
49 109 1.0
49 111 1.0
49 112 -1.0
49 113 1.0
49 114 1.0
49 116 1.0
49 117 1.0
49 118 1.0
49 631 1.0
49 634 1.0
49 123 1.0
49 637 -1.0
49 639 1.0
49 640 1.0
49 642 1.0
49 646 1.0
49 647 1.0
49 648 1.0
49 536 1.0
49 143 1.0
49 154 1.0
49 159 1.0
49 198 1.0
49 625 1.0
49 620 1.0
49 166 1.0
49 169 1.0
49 172 1.0
49 627 1.0
49 542 1.0
49 182 1.0
49 629 1.0
49 621 1.0
49 197 1.0
49 199 1.0
49 547 1.0
49 208 1.0
49 212 1.0
49 213 1.0
49 215 1.0
49 122 1.0
49 549 1.0
49 224 1.0
49 226 1.0
49 230 1.0
49 125 1.0
49 126 1.0
49 244 1.0
49 245 1.0
49 127 1.0
49 248 1.0
49 128 -1.0
49 256 1.0
49 300 1.0
49 130 1.0
49 266 -1.0
49 472 1.0
49 131 1.0
49 275 1.0
49 132 1.0
49 286 1.0
49 298 1.0
49 299 -1.0
49 303 1.0
49 306 1.0
49 307 1.0
49 308 1.0
49 320 1.0
49 436 1.0
49 325 1.0
49 326 1.0
49 330 -1.0
49 615 1.0
49 343 1.0
49 58 1.0
49 571 1.0
49 363 1.0
49 364 1.0
49 617 1.0
49 372 1.0
49 375 1.0
49 376 1.0
49 576 1.0
49 381 1.0
49 384 1.0
49 150 1.0
49 386 1.0
49 399 1.0
49 580 1.0
49 406 1.0
49 174 1.0
49 408 1.0
49 426 1.0
49 612 1.0
49 437 1.0
49 444 1.0
49 448 1.0
49 456 1.0
49 457 1.0
49 458 1.0
49 463 1.0
49 470 1.0
49 471 1.0
49 545 1.0
49 476 1.0
49 477 1.0
49 479 -1.0
49 481 1.0
49 168 1.0
49 614 1.0
49 502 -1.0
49 508 1.0
49 598 1.0
50 518 1.0
50 528 1.0
50 531 1.0
50 599 1.0
50 51 1.0
50 54 -1.0
50 55 -1.0
50 56 1.0
50 57 1.0
50 58 1.0
50 61 1.0
50 63 1.0
50 64 1.0
50 577 1.0
50 66 1.0
50 71 1.0
50 72 -1.0
50 585 1.0
50 74 1.0
50 75 1.0
50 77 1.0
50 78 1.0
50 81 1.0
50 82 1.0
50 83 1.0
50 84 1.0
50 85 -1.0
50 86 1.0
50 87 1.0
50 88 1.0
50 91 1.0
50 92 1.0
50 93 -1.0
50 100 1.0
50 103 1.0
50 105 -1.0
50 106 1.0
50 107 1.0
50 111 1.0
50 113 1.0
50 114 1.0
50 116 1.0
50 119 1.0
50 632 1.0
50 636 -1.0
50 637 1.0
50 638 1.0
50 640 1.0
50 641 1.0
50 642 1.0
50 644 1.0
50 645 1.0
50 646 1.0
50 648 1.0
50 649 1.0
50 650 1.0
50 139 1.0
50 143 1.0
50 622 1.0
50 623 1.0
50 282 1.0
50 619 1.0
50 158 -1.0
50 262 -1.0
50 626 -1.0
50 194 1.0
50 192 1.0
50 176 1.0
50 177 1.0
50 184 1.0
50 629 -1.0
50 544 -1.0
50 189 1.0
50 630 1.0
50 204 1.0
50 631 -1.0
50 120 1.0
50 209 1.0
50 211 1.0
50 212 1.0
50 214 -1.0
50 122 1.0
50 123 1.0
50 227 1.0
50 551 1.0
50 233 1.0
50 236 1.0
50 237 1.0
50 239 1.0
50 553 1.0
50 127 1.0
50 128 1.0
50 256 1.0
50 259 1.0
50 260 1.0
50 514 1.0
50 263 1.0
50 268 1.0
50 131 1.0
50 272 1.0
50 132 1.0
50 279 1.0
50 133 1.0
50 293 1.0
50 297 1.0
50 136 -1.0
50 222 1.0
50 308 1.0
50 318 1.0
50 321 1.0
50 323 1.0
50 329 1.0
50 615 1.0
50 335 1.0
50 336 1.0
50 337 1.0
50 345 1.0
50 347 1.0
50 351 1.0
50 360 1.0
50 573 1.0
50 363 1.0
50 366 1.0
50 372 1.0
50 374 -1.0
50 381 1.0
50 383 -1.0
50 385 1.0
50 388 1.0
50 390 1.0
50 393 1.0
50 395 1.0
50 398 1.0
50 405 1.0
50 611 1.0
50 423 1.0
50 424 1.0
50 435 1.0
50 445 1.0
50 449 1.0
50 588 1.0
50 461 -1.0
50 462 -1.0
50 613 -1.0
50 545 1.0
50 476 1.0
50 618 1.0
50 484 1.0
50 594 1.0
50 491 1.0
50 492 1.0
50 495 1.0
50 614 1.0
50 498 -1.0
50 499 1.0
50 503 -1.0
50 504 1.0
50 512 1.0
50 598 1.0
51 523 1.0
51 600 1.0
51 567 1.0
51 543 1.0
51 53 1.0
51 54 1.0
51 55 1.0
51 569 1.0
51 572 -1.0
51 64 -1.0
51 66 1.0
51 69 1.0
51 70 1.0
51 73 -1.0
51 75 1.0
51 77 1.0
51 78 1.0
51 79 1.0
51 526 1.0
51 81 1.0
51 82 1.0
51 83 1.0
51 84 1.0
51 85 1.0
51 186 1.0
51 605 1.0
51 94 1.0
51 95 1.0
51 608 1.0
51 97 1.0
51 99 1.0
51 612 1.0
51 101 1.0
51 103 -1.0
51 105 1.0
51 112 1.0
51 114 1.0
51 115 1.0
51 116 1.0
51 117 1.0
51 120 1.0
51 637 1.0
51 638 1.0
51 639 -1.0
51 641 1.0
51 644 -1.0
51 646 1.0
51 648 1.0
51 649 1.0
51 140 -1.0
51 534 1.0
51 517 1.0
51 537 1.0
51 623 1.0
51 152 1.0
51 153 -1.0
51 158 1.0
51 160 1.0
51 163 1.0
51 620 -1.0
51 167 1.0
51 194 1.0
51 172 1.0
51 627 1.0
51 628 1.0
51 181 1.0
51 629 1.0
51 187 1.0
51 191 1.0
51 630 1.0
51 197 1.0
51 631 1.0
51 205 1.0
51 209 1.0
51 548 1.0
51 213 1.0
51 122 1.0
51 616 1.0
51 219 1.0
51 223 1.0
51 124 1.0
51 232 1.0
51 520 1.0
51 125 1.0
51 235 1.0
51 126 1.0
51 553 1.0
51 554 1.0
51 555 1.0
51 129 1.0
51 259 1.0
51 538 1.0
51 262 1.0
51 268 1.0
51 277 1.0
51 133 1.0
51 514 -1.0
51 284 1.0
51 286 1.0
51 292 1.0
51 298 1.0
51 299 1.0
51 136 1.0
51 302 1.0
51 137 1.0
51 311 1.0
51 138 1.0
51 313 1.0
51 565 1.0
51 323 1.0
51 325 1.0
51 326 1.0
51 328 1.0
51 330 1.0
51 331 1.0
51 57 1.0
51 339 1.0
51 228 1.0
51 351 1.0
51 355 -1.0
51 360 1.0
51 361 1.0
51 364 -1.0
51 617 1.0
51 233 1.0
51 375 1.0
51 576 -1.0
51 577 1.0
51 390 1.0
51 391 1.0
51 392 1.0
51 407 -1.0
51 409 1.0
51 413 1.0
51 420 -1.0
51 424 1.0
51 429 1.0
51 431 -1.0
51 433 1.0
51 434 1.0
51 435 1.0
51 436 1.0
51 442 -1.0
51 451 1.0
51 454 1.0
51 458 1.0
51 463 -1.0
51 590 1.0
51 545 1.0
51 477 1.0
51 618 1.0
51 492 -1.0
51 595 1.0
51 505 1.0
51 508 1.0
51 509 1.0
52 522 1.0
52 515 1.0
52 543 1.0
52 604 1.0
52 549 1.0
52 531 1.0
52 53 1.0
52 55 1.0
52 58 1.0
52 59 1.0
52 572 1.0
52 61 1.0
52 63 1.0
52 64 1.0
52 609 1.0
52 69 1.0
52 584 1.0
52 73 1.0
52 75 1.0
52 77 1.0
52 80 1.0
52 81 1.0
52 82 1.0
52 83 1.0
52 85 1.0
52 88 1.0
52 89 1.0
52 90 1.0
52 93 1.0
52 98 1.0
52 99 1.0
52 612 1.0
52 101 1.0
52 103 1.0
52 104 1.0
52 105 1.0
52 106 1.0
52 111 1.0
52 112 1.0
52 117 1.0
52 118 1.0
52 120 1.0
52 635 1.0
52 636 1.0
52 637 1.0
52 640 1.0
52 641 1.0
52 642 1.0
52 644 1.0
52 645 1.0
52 648 -1.0
52 649 1.0
52 139 1.0
52 142 1.0
52 537 1.0
52 158 1.0
52 602 1.0
52 169 1.0
52 541 1.0
52 179 -1.0
52 628 1.0
52 544 1.0
52 630 1.0
52 621 1.0
52 631 1.0
52 199 -1.0
52 200 1.0
52 367 1.0
52 208 1.0
52 633 1.0
52 213 1.0
52 122 1.0
52 219 1.0
52 123 -1.0
52 294 1.0
52 605 1.0
52 232 1.0
52 237 -1.0
52 238 -1.0
52 128 1.0
52 129 1.0
52 265 1.0
52 268 1.0
52 278 1.0
52 134 1.0
52 291 1.0
52 295 1.0
52 298 1.0
52 303 -1.0
52 309 1.0
52 310 1.0
52 138 1.0
52 565 1.0
52 317 1.0
52 318 1.0
52 329 1.0
52 615 1.0
52 228 1.0
52 570 1.0
52 345 1.0
52 348 1.0
52 350 1.0
52 361 1.0
52 362 1.0
52 363 1.0
52 368 1.0
52 371 1.0
52 600 1.0
52 373 1.0
52 377 1.0
52 381 1.0
52 383 1.0
52 391 1.0
52 394 1.0
52 395 1.0
52 407 1.0
52 581 1.0
52 414 -1.0
52 423 1.0
52 425 1.0
52 426 1.0
52 427 1.0
52 429 1.0
52 431 1.0
52 160 -1.0
52 452 1.0
52 455 1.0
52 460 1.0
52 461 1.0
52 464 1.0
52 465 1.0
52 613 1.0
52 470 1.0
52 528 -1.0
52 478 1.0
52 479 1.0
52 618 1.0
52 490 1.0
52 491 1.0
52 495 1.0
52 614 -1.0
52 499 1.0
52 504 1.0
52 505 1.0
52 512 1.0
53 525 1.0
53 529 1.0
53 601 1.0
53 517 1.0
53 549 1.0
53 550 -1.0
53 551 1.0
53 607 1.0
53 55 1.0
53 56 1.0
53 57 1.0
53 58 1.0
53 573 1.0
53 62 1.0
53 575 -1.0
53 64 -1.0
53 65 1.0
53 67 1.0
53 68 1.0
53 70 1.0
53 71 1.0
53 72 1.0
53 74 1.0
53 75 1.0
53 76 1.0
53 77 1.0
53 80 -1.0
53 82 1.0
53 83 -1.0
53 86 1.0
53 88 1.0
53 89 1.0
53 91 1.0
53 92 1.0
53 93 1.0
53 94 1.0
53 95 1.0
53 96 1.0
53 609 1.0
53 100 1.0
53 613 1.0
53 103 1.0
53 106 1.0
53 107 1.0
53 108 1.0
53 110 1.0
53 111 1.0
53 112 1.0
53 114 1.0
53 116 1.0
53 117 1.0
53 120 1.0
53 121 1.0
53 122 -1.0
53 635 1.0
53 636 1.0
53 637 1.0
53 640 1.0
53 642 1.0
53 644 1.0
53 645 1.0
53 649 -1.0
53 650 -1.0
53 140 -1.0
53 141 1.0
53 622 1.0
53 151 1.0
53 154 1.0
53 619 -1.0
53 624 1.0
53 539 -1.0
53 161 1.0
53 625 -1.0
53 620 1.0
53 165 1.0
53 626 1.0
53 172 1.0
53 176 1.0
53 178 1.0
53 628 1.0
53 182 1.0
53 183 -1.0
53 185 1.0
53 629 1.0
53 187 1.0
53 544 1.0
53 190 1.0
53 604 1.0
53 196 1.0
53 631 1.0
53 202 1.0
53 632 1.0
53 144 1.0
53 633 1.0
53 211 1.0
53 213 1.0
53 616 1.0
53 123 1.0
53 605 1.0
53 234 1.0
53 552 1.0
53 126 1.0
53 127 -1.0
53 248 1.0
53 257 1.0
53 260 1.0
53 557 1.0
53 275 1.0
53 132 1.0
53 283 1.0
53 290 1.0
53 135 1.0
53 136 1.0
53 527 -1.0
53 137 1.0
53 309 1.0
53 311 1.0
53 317 1.0
53 566 1.0
53 523 1.0
53 482 1.0
53 228 1.0
53 348 1.0
53 349 1.0
53 375 1.0
53 376 1.0
53 593 1.0
53 392 1.0
53 526 1.0
53 420 -1.0
53 432 1.0
53 435 -1.0
53 439 1.0
53 443 1.0
53 446 1.0
53 452 1.0
53 453 1.0
53 456 -1.0
53 459 1.0
53 461 1.0
53 465 1.0
53 473 1.0
53 481 1.0
53 618 1.0
53 488 1.0
53 492 1.0
53 499 1.0
53 597 1.0
53 510 1.0
54 581 1.0
54 538 -1.0
54 541 1.0
54 564 1.0
54 514 1.0
54 55 1.0
54 56 1.0
54 57 1.0
54 58 1.0
54 61 1.0
54 62 1.0
54 63 1.0
54 64 1.0
54 65 1.0
54 67 1.0
54 68 1.0
54 69 -1.0
54 70 1.0
54 583 1.0
54 72 -1.0
54 73 1.0
54 74 -1.0
54 600 1.0
54 588 1.0
54 77 1.0
54 82 1.0
54 85 1.0
54 86 1.0
54 87 1.0
54 88 1.0
54 89 1.0
54 92 1.0
54 93 1.0
54 94 1.0
54 610 1.0
54 615 1.0
54 104 1.0
54 601 1.0
54 106 1.0
54 107 1.0
54 108 1.0
54 110 1.0
54 111 1.0
54 113 1.0
54 114 1.0
54 115 1.0
54 118 1.0
54 121 1.0
54 123 1.0
54 638 1.0
54 643 1.0
54 646 1.0
54 649 1.0
54 650 1.0
54 139 1.0
54 140 -1.0
54 143 1.0
54 157 1.0
54 539 1.0
54 198 1.0
54 620 1.0
54 167 1.0
54 626 1.0
54 194 1.0
54 177 1.0
54 178 1.0
54 179 1.0
54 181 1.0
54 629 -1.0
54 544 1.0
54 621 1.0
54 195 1.0
54 196 -1.0
54 631 -1.0
54 205 1.0
54 209 1.0
54 633 -1.0
54 616 1.0
54 218 1.0
54 635 -1.0
54 294 1.0
54 231 -1.0
54 210 1.0
54 233 1.0
54 125 1.0
54 126 1.0
54 127 -1.0
54 247 1.0
54 128 1.0
54 255 1.0
54 556 -1.0
54 262 1.0
54 267 1.0
54 132 1.0
54 133 1.0
54 283 1.0
54 284 1.0
54 285 1.0
54 286 1.0
54 289 1.0
54 561 1.0
54 135 -1.0
54 136 1.0
54 309 1.0
54 318 1.0
54 323 1.0
54 327 1.0
54 332 1.0
54 336 1.0
54 338 1.0
54 348 1.0
54 351 -1.0
54 353 1.0
54 356 1.0
54 573 1.0
54 617 1.0
54 574 1.0
54 371 1.0
54 379 -1.0
54 392 1.0
54 393 1.0
54 394 1.0
54 395 -1.0
54 401 -1.0
54 409 1.0
54 410 1.0
54 422 1.0
54 429 -1.0
54 440 1.0
54 76 1.0
54 460 1.0
54 465 1.0
54 164 1.0
54 475 1.0
54 477 1.0
54 485 1.0
54 495 1.0
54 506 1.0
54 510 1.0
55 528 1.0
55 602 1.0
55 616 1.0
55 558 -1.0
55 568 1.0
55 57 1.0
55 570 1.0
55 60 1.0
55 62 1.0
55 63 1.0
55 64 1.0
55 65 1.0
55 68 1.0
55 69 1.0
55 70 1.0
55 72 1.0
55 79 1.0
55 81 1.0
55 82 1.0
55 83 1.0
55 87 1.0
55 88 1.0
55 89 1.0
55 90 1.0
55 92 1.0
55 93 1.0
55 95 1.0
55 96 1.0
55 99 1.0
55 101 1.0
55 102 1.0
55 103 1.0
55 104 1.0
55 617 1.0
55 106 1.0
55 107 1.0
55 108 1.0
55 109 1.0
55 112 1.0
55 113 1.0
55 114 1.0
55 116 1.0
55 117 1.0
55 630 1.0
55 119 1.0
55 120 1.0
55 637 1.0
55 638 1.0
55 644 -1.0
55 648 -1.0
55 649 1.0
55 140 1.0
55 142 1.0
55 622 1.0
55 146 1.0
55 153 1.0
55 619 1.0
55 625 1.0
55 620 -1.0
55 165 -1.0
55 626 1.0
55 541 1.0
55 175 1.0
55 628 1.0
55 181 1.0
55 182 1.0
55 183 -1.0
55 629 1.0
55 191 1.0
55 631 1.0
55 199 1.0
55 201 1.0
55 203 1.0
55 632 1.0
55 205 1.0
55 633 1.0
55 223 -1.0
55 550 1.0
55 225 1.0
55 229 1.0
55 125 1.0
55 241 1.0
55 243 1.0
55 245 1.0
55 128 1.0
55 255 1.0
55 300 1.0
55 261 1.0
55 265 1.0
55 267 1.0
55 216 1.0
55 131 1.0
55 273 1.0
55 132 1.0
55 133 1.0
55 285 1.0
55 291 1.0
55 135 1.0
55 306 1.0
55 136 1.0
55 304 1.0
55 307 1.0
55 309 1.0
55 310 1.0
55 565 1.0
55 316 1.0
55 325 1.0
55 328 1.0
55 337 1.0
55 341 1.0
55 342 1.0
55 345 1.0
55 346 1.0
55 347 1.0
55 352 1.0
55 356 1.0
55 358 1.0
55 360 1.0
55 361 1.0
55 365 1.0
55 575 1.0
55 377 1.0
55 378 1.0
55 380 1.0
55 383 1.0
55 384 1.0
55 389 1.0
55 396 1.0
55 402 1.0
55 414 1.0
55 416 1.0
55 420 1.0
55 422 1.0
55 438 1.0
55 439 -1.0
55 246 -1.0
55 450 -1.0
55 451 -1.0
55 453 1.0
55 464 1.0
55 469 1.0
55 545 1.0
55 477 1.0
55 480 -1.0
55 252 1.0
55 489 1.0
55 498 1.0
55 500 1.0
55 294 1.0
56 522 1.0
56 264 1.0
56 531 1.0
56 180 1.0
56 57 1.0
56 58 1.0
56 60 -1.0
56 62 1.0
56 66 1.0
56 68 1.0
56 73 1.0
56 74 1.0
56 587 1.0
56 76 1.0
56 589 1.0
56 78 1.0
56 79 1.0
56 80 1.0
56 532 1.0
56 82 1.0
56 85 1.0
56 86 1.0
56 87 1.0
56 90 1.0
56 91 -1.0
56 92 1.0
56 93 1.0
56 94 1.0
56 95 1.0
56 96 1.0
56 98 1.0
56 99 1.0
56 104 1.0
56 107 1.0
56 108 1.0
56 109 1.0
56 111 1.0
56 115 1.0
56 116 1.0
56 117 -1.0
56 120 -1.0
56 122 -1.0
56 124 1.0
56 125 1.0
56 638 1.0
56 642 1.0
56 643 1.0
56 646 1.0
56 650 1.0
56 140 1.0
56 141 1.0
56 146 1.0
56 196 1.0
56 149 1.0
56 623 1.0
56 152 1.0
56 619 1.0
56 163 1.0
56 620 1.0
56 169 1.0
56 176 1.0
56 182 1.0
56 551 1.0
56 629 -1.0
56 190 1.0
56 604 -1.0
56 204 1.0
56 197 1.0
56 631 -1.0
56 536 1.0
56 202 1.0
56 633 1.0
56 634 1.0
56 219 1.0
56 225 1.0
56 636 1.0
56 230 1.0
56 520 1.0
56 236 1.0
56 126 1.0
56 246 1.0
56 250 1.0
56 128 1.0
56 300 1.0
56 514 1.0
56 521 1.0
56 130 1.0
56 268 1.0
56 558 1.0
56 283 1.0
56 285 1.0
56 290 1.0
56 306 1.0
56 136 1.0
56 222 1.0
56 527 1.0
56 565 1.0
56 566 1.0
56 540 1.0
56 327 1.0
56 329 1.0
56 336 1.0
56 339 1.0
56 347 1.0
56 349 1.0
56 356 1.0
56 617 1.0
56 373 1.0
56 375 1.0
56 321 1.0
56 393 1.0
56 402 1.0
56 543 1.0
56 428 1.0
56 433 1.0
56 436 1.0
56 443 1.0
56 446 1.0
56 447 1.0
56 588 1.0
56 458 -1.0
56 545 1.0
56 475 1.0
56 477 1.0
56 479 1.0
56 492 1.0
56 502 1.0
56 503 1.0
56 504 1.0
56 505 1.0
56 507 1.0
56 598 1.0
57 516 1.0
57 515 1.0
57 567 1.0
57 519 1.0
57 520 -1.0
57 58 1.0
57 59 1.0
57 60 1.0
57 573 1.0
57 63 -1.0
57 524 -1.0
57 69 1.0
57 72 1.0
57 73 1.0
57 76 1.0
57 240 1.0
57 79 1.0
57 593 -1.0
57 82 1.0
57 83 1.0
57 84 1.0
57 85 1.0
57 599 1.0
57 92 1.0
57 94 1.0
57 95 1.0
57 96 1.0
57 99 1.0
57 612 1.0
57 101 1.0
57 614 -1.0
57 103 1.0
57 105 -1.0
57 108 1.0
57 111 1.0
57 113 1.0
57 114 1.0
57 116 1.0
57 117 -1.0
57 120 1.0
57 122 -1.0
57 123 1.0
57 124 1.0
57 125 1.0
57 126 1.0
57 640 1.0
57 641 1.0
57 642 -1.0
57 643 1.0
57 645 1.0
57 648 1.0
57 649 1.0
57 650 1.0
57 139 1.0
57 141 1.0
57 143 1.0
57 145 1.0
57 537 1.0
57 623 1.0
57 158 1.0
57 620 1.0
57 541 1.0
57 194 1.0
57 172 1.0
57 173 1.0
57 627 1.0
57 185 1.0
57 629 1.0
57 189 1.0
57 630 1.0
57 196 1.0
57 197 1.0
57 203 1.0
57 632 -1.0
57 205 -1.0
57 209 1.0
57 213 1.0
57 634 1.0
57 636 -1.0
57 230 1.0
57 231 1.0
57 638 1.0
57 248 1.0
57 128 -1.0
57 300 1.0
57 514 -1.0
57 271 1.0
57 272 1.0
57 132 1.0
57 133 1.0
57 287 1.0
57 134 1.0
57 291 1.0
57 135 1.0
57 136 1.0
57 307 1.0
57 308 1.0
57 138 -1.0
57 313 1.0
57 565 1.0
57 318 1.0
57 566 1.0
57 540 1.0
57 323 1.0
57 325 1.0
57 326 1.0
57 615 1.0
57 228 1.0
57 346 1.0
57 144 1.0
57 351 1.0
57 359 1.0
57 360 1.0
57 366 1.0
57 367 1.0
57 370 1.0
57 372 -1.0
57 379 1.0
57 321 1.0
57 398 1.0
57 400 1.0
57 513 1.0
57 412 1.0
57 421 1.0
57 422 1.0
57 429 1.0
57 431 1.0
57 585 1.0
57 446 1.0
57 448 1.0
57 449 1.0
57 455 1.0
57 458 1.0
57 246 1.0
57 468 1.0
57 204 1.0
57 480 1.0
57 618 -1.0
57 484 1.0
57 485 -1.0
57 489 1.0
57 494 1.0
57 495 1.0
57 503 1.0
57 504 1.0
58 527 1.0
58 604 -1.0
58 59 -1.0
58 572 1.0
58 62 1.0
58 576 1.0
58 65 1.0
58 66 1.0
58 69 1.0
58 70 1.0
58 71 1.0
58 610 1.0
58 585 1.0
58 74 1.0
58 75 1.0
58 76 1.0
58 77 -1.0
58 79 1.0
58 80 1.0
58 82 1.0
58 83 1.0
58 84 1.0
58 85 1.0
58 86 1.0
58 87 1.0
58 88 1.0
58 90 1.0
58 603 1.0
58 93 1.0
58 606 1.0
58 95 1.0
58 609 1.0
58 98 1.0
58 99 1.0
58 100 1.0
58 101 1.0
58 102 1.0
58 109 1.0
58 110 1.0
58 112 1.0
58 113 -1.0
58 114 1.0
58 115 1.0
58 119 1.0
58 121 1.0
58 122 1.0
58 124 1.0
58 127 -1.0
58 642 1.0
58 644 1.0
58 649 1.0
58 141 1.0
58 142 1.0
58 143 1.0
58 145 1.0
58 148 1.0
58 623 1.0
58 282 1.0
58 157 1.0
58 625 1.0
58 541 1.0
58 171 1.0
58 518 -1.0
58 175 1.0
58 176 1.0
58 178 1.0
58 543 1.0
58 458 1.0
58 629 1.0
58 196 1.0
58 631 1.0
58 536 1.0
58 632 1.0
58 633 1.0
58 211 1.0
58 634 1.0
58 549 1.0
58 221 1.0
58 635 1.0
58 622 1.0
58 520 -1.0
58 245 -1.0
58 639 -1.0
58 251 1.0
58 129 1.0
58 261 1.0
58 130 1.0
58 269 1.0
58 132 -1.0
58 285 1.0
58 289 1.0
58 135 1.0
58 562 1.0
58 302 1.0
58 137 1.0
58 564 1.0
58 309 1.0
58 310 1.0
58 138 1.0
58 314 -1.0
58 318 1.0
58 322 1.0
58 329 1.0
58 336 1.0
58 338 1.0
58 342 1.0
58 354 1.0
58 355 1.0
58 357 1.0
58 276 1.0
58 370 1.0
58 376 1.0
58 385 1.0
58 389 1.0
58 392 1.0
58 395 1.0
58 396 1.0
58 398 1.0
58 402 1.0
58 404 1.0
58 410 1.0
58 258 1.0
58 415 1.0
58 412 -1.0
58 423 1.0
58 426 1.0
58 433 -1.0
58 445 1.0
58 448 1.0
58 454 1.0
58 589 1.0
58 613 1.0
58 467 1.0
58 420 1.0
58 545 1.0
58 475 1.0
58 478 1.0
58 618 1.0
58 496 1.0
58 294 1.0
58 509 1.0
58 511 1.0
58 512 1.0
59 515 1.0
59 530 1.0
59 542 1.0
59 522 1.0
59 60 1.0
59 61 1.0
59 62 1.0
59 63 1.0
59 576 1.0
59 66 1.0
59 67 1.0
59 68 -1.0
59 69 -1.0
59 70 1.0
59 71 1.0
59 72 1.0
59 73 1.0
59 74 -1.0
59 75 1.0
59 79 1.0
59 81 1.0
59 594 1.0
59 513 1.0
59 84 1.0
59 87 1.0
59 90 1.0
59 94 1.0
59 96 1.0
59 98 1.0
59 99 1.0
59 100 1.0
59 103 1.0
59 104 1.0
59 105 1.0
59 106 -1.0
59 107 1.0
59 108 1.0
59 110 1.0
59 111 1.0
59 112 1.0
59 113 1.0
59 114 -1.0
59 115 1.0
59 116 1.0
59 119 1.0
59 121 1.0
59 122 1.0
59 125 1.0
59 126 1.0
59 128 1.0
59 641 1.0
59 643 1.0
59 645 1.0
59 646 -1.0
59 602 1.0
59 140 1.0
59 142 1.0
59 143 1.0
59 145 1.0
59 623 -1.0
59 151 -1.0
59 158 1.0
59 160 1.0
59 626 1.0
59 627 1.0
59 179 1.0
59 544 1.0
59 197 1.0
59 631 1.0
59 536 1.0
59 632 -1.0
59 205 1.0
59 634 1.0
59 635 1.0
59 622 1.0
59 264 1.0
59 636 1.0
59 231 1.0
59 232 -1.0
59 637 1.0
59 235 1.0
59 638 1.0
59 245 1.0
59 248 1.0
59 250 1.0
59 256 1.0
59 129 1.0
59 261 1.0
59 263 1.0
59 130 1.0
59 216 1.0
59 132 1.0
59 280 1.0
59 281 1.0
59 133 1.0
59 134 1.0
59 306 1.0
59 299 -1.0
59 136 1.0
59 304 1.0
59 564 1.0
59 138 1.0
59 329 -1.0
59 331 1.0
59 332 1.0
59 334 1.0
59 335 -1.0
59 609 1.0
59 347 1.0
59 349 1.0
59 572 1.0
59 371 1.0
59 372 1.0
59 374 1.0
59 378 1.0
59 385 1.0
59 387 1.0
59 388 1.0
59 389 1.0
59 393 1.0
59 580 1.0
59 405 1.0
59 413 1.0
59 419 1.0
59 420 1.0
59 423 1.0
59 429 1.0
59 435 1.0
59 439 1.0
59 186 1.0
59 443 1.0
59 464 1.0
59 473 1.0
59 478 1.0
59 481 1.0
59 487 1.0
59 489 1.0
59 495 1.0
59 614 1.0
59 596 1.0
59 501 1.0
59 529 1.0
59 294 1.0
60 538 1.0
60 548 1.0
60 562 1.0
60 514 1.0
60 607 1.0
60 61 1.0
60 63 -1.0
60 65 1.0
60 66 1.0
60 67 1.0
60 580 1.0
60 69 -1.0
60 74 1.0
60 75 1.0
60 76 1.0
60 591 1.0
60 80 1.0
60 81 1.0
60 82 1.0
60 595 1.0
60 85 1.0
60 86 -1.0
60 87 1.0
60 89 1.0
60 90 1.0
60 206 1.0
60 95 1.0
60 611 1.0
60 100 1.0
60 102 1.0
60 103 1.0
60 530 1.0
60 105 1.0
60 107 1.0
60 108 1.0
60 112 -1.0
60 115 1.0
60 116 1.0
60 117 1.0
60 118 1.0
60 120 1.0
60 122 1.0
60 124 -1.0
60 125 1.0
60 127 1.0
60 128 1.0
60 643 1.0
60 645 1.0
60 649 1.0
60 650 1.0
60 142 1.0
60 144 1.0
60 145 1.0
60 146 1.0
60 149 1.0
60 151 1.0
60 158 1.0
60 160 1.0
60 164 1.0
60 172 1.0
60 178 1.0
60 628 1.0
60 181 1.0
60 629 1.0
60 534 1.0
60 630 1.0
60 631 -1.0
60 553 1.0
60 547 1.0
60 208 1.0
60 209 1.0
60 633 1.0
60 212 1.0
60 634 -1.0
60 217 1.0
60 550 1.0
60 537 1.0
60 241 1.0
60 242 1.0
60 244 1.0
60 248 1.0
60 251 1.0
60 255 1.0
60 256 1.0
60 300 1.0
60 266 1.0
60 131 1.0
60 558 -1.0
60 274 1.0
60 280 1.0
60 133 1.0
60 134 1.0
60 135 1.0
60 299 1.0
60 136 -1.0
60 304 1.0
60 307 1.0
60 311 1.0
60 316 1.0
60 319 1.0
60 557 -1.0
60 321 1.0
60 326 1.0
60 327 1.0
60 332 1.0
60 353 1.0
60 343 -1.0
60 346 1.0
60 348 1.0
60 524 1.0
60 359 1.0
60 361 1.0
60 234 1.0
60 380 1.0
60 385 1.0
60 397 1.0
60 526 -1.0
60 415 1.0
60 416 1.0
60 156 1.0
60 425 1.0
60 427 1.0
60 432 1.0
60 437 -1.0
60 186 1.0
60 246 1.0
60 588 1.0
60 455 1.0
60 473 1.0
60 479 1.0
60 480 1.0
60 482 -1.0
60 484 1.0
60 491 1.0
60 497 1.0
60 500 1.0
60 502 -1.0
60 503 1.0
60 597 1.0
60 507 1.0
60 509 1.0
61 545 -1.0
61 546 1.0
61 549 1.0
61 556 1.0
61 570 1.0
61 66 1.0
61 580 1.0
61 69 1.0
61 70 1.0
61 71 1.0
61 72 1.0
61 76 1.0
61 77 1.0
61 78 1.0
61 80 1.0
61 81 1.0
61 82 1.0
61 83 1.0
61 85 1.0
61 86 1.0
61 87 1.0
61 89 1.0
61 92 1.0
61 94 1.0
61 614 1.0
61 97 1.0
61 100 1.0
61 101 1.0
61 102 1.0
61 103 1.0
61 106 -1.0
61 107 1.0
61 621 1.0
61 110 1.0
61 114 1.0
61 118 1.0
61 119 1.0
61 121 1.0
61 122 1.0
61 123 1.0
61 124 1.0
61 126 1.0
61 127 1.0
61 128 1.0
61 130 1.0
61 644 1.0
61 647 1.0
61 648 1.0
61 649 1.0
61 650 1.0
61 143 1.0
61 147 1.0
61 148 1.0
61 152 1.0
61 624 1.0
61 157 1.0
61 539 1.0
61 198 1.0
61 625 1.0
61 626 1.0
61 192 -1.0
61 518 1.0
61 627 1.0
61 184 1.0
61 629 1.0
61 544 1.0
61 534 1.0
61 630 1.0
61 204 1.0
61 519 1.0
61 207 1.0
61 208 -1.0
61 213 1.0
61 634 1.0
61 219 1.0
61 635 1.0
61 294 1.0
61 226 1.0
61 231 1.0
61 210 1.0
61 296 1.0
61 238 1.0
61 638 1.0
61 242 1.0
61 244 -1.0
61 253 1.0
61 256 1.0
61 641 1.0
61 521 1.0
61 642 1.0
61 267 1.0
61 216 1.0
61 275 1.0
61 132 1.0
61 285 1.0
61 134 1.0
61 135 1.0
61 295 1.0
61 306 1.0
61 137 1.0
61 310 -1.0
61 138 -1.0
61 314 1.0
61 321 -1.0
61 330 1.0
61 312 1.0
61 338 1.0
61 228 1.0
61 344 1.0
61 352 1.0
61 598 1.0
61 359 1.0
61 363 1.0
61 364 -1.0
61 372 1.0
61 379 1.0
61 406 -1.0
61 411 1.0
61 582 1.0
61 424 1.0
61 584 1.0
61 429 1.0
61 431 1.0
61 434 1.0
61 439 1.0
61 587 1.0
61 449 1.0
61 458 1.0
61 459 -1.0
61 462 1.0
61 465 1.0
61 466 1.0
61 592 1.0
61 477 1.0
61 478 1.0
61 480 1.0
61 593 1.0
61 252 1.0
61 485 1.0
61 594 1.0
61 595 1.0
61 495 1.0
61 499 1.0
61 501 1.0
61 503 1.0
61 509 1.0
61 512 1.0
62 527 1.0
62 517 1.0
62 541 1.0
62 263 1.0
62 553 1.0
62 572 1.0
62 573 1.0
62 63 1.0
62 67 1.0
62 68 1.0
62 69 1.0
62 70 1.0
62 71 -1.0
62 610 1.0
62 74 1.0
62 588 1.0
62 77 1.0
62 80 1.0
62 81 1.0
62 174 1.0
62 83 1.0
62 599 1.0
62 186 1.0
62 89 1.0
62 91 1.0
62 92 1.0
62 94 -1.0
62 95 1.0
62 97 1.0
62 98 1.0
62 101 1.0
62 104 1.0
62 105 1.0
62 619 1.0
62 113 1.0
62 114 1.0
62 115 1.0
62 118 1.0
62 120 1.0
62 121 1.0
62 124 1.0
62 125 1.0
62 126 1.0
62 127 -1.0
62 128 1.0
62 645 1.0
62 647 -1.0
62 648 1.0
62 649 1.0
62 650 1.0
62 143 1.0
62 144 1.0
62 147 1.0
62 148 1.0
62 149 1.0
62 282 1.0
62 153 1.0
62 155 1.0
62 625 1.0
62 540 1.0
62 176 1.0
62 188 1.0
62 630 1.0
62 193 1.0
62 545 1.0
62 196 1.0
62 631 1.0
62 203 1.0
62 205 1.0
62 207 1.0
62 208 -1.0
62 209 1.0
62 215 1.0
62 549 1.0
62 636 1.0
62 235 1.0
62 242 1.0
62 243 1.0
62 250 -1.0
62 555 1.0
62 255 1.0
62 641 1.0
62 300 -1.0
62 261 1.0
62 521 1.0
62 643 1.0
62 274 1.0
62 279 1.0
62 280 1.0
62 133 1.0
62 284 1.0
62 134 1.0
62 289 1.0
62 290 1.0
62 296 1.0
62 136 1.0
62 301 1.0
62 304 1.0
62 138 1.0
62 313 1.0
62 316 -1.0
62 322 1.0
62 323 1.0
62 330 1.0
62 336 1.0
62 338 -1.0
62 339 1.0
62 345 1.0
62 347 1.0
62 356 1.0
62 358 1.0
62 370 1.0
62 379 1.0
62 382 1.0
62 525 1.0
62 579 1.0
62 581 1.0
62 258 1.0
62 414 1.0
62 582 -1.0
62 417 1.0
62 420 -1.0
62 423 1.0
62 424 1.0
62 425 1.0
62 72 1.0
62 288 1.0
62 436 1.0
62 438 1.0
62 587 -1.0
62 450 -1.0
62 621 1.0
62 456 1.0
62 460 1.0
62 461 1.0
62 465 1.0
62 474 1.0
62 584 1.0
62 486 1.0
62 492 1.0
62 493 1.0
62 595 1.0
62 495 1.0
62 502 1.0
62 504 1.0
62 509 1.0
63 516 1.0
63 264 1.0
63 522 1.0
63 570 -1.0
63 573 1.0
63 66 1.0
63 68 1.0
63 581 1.0
63 72 1.0
63 75 1.0
63 76 1.0
63 77 1.0
63 79 1.0
63 80 -1.0
63 376 1.0
63 595 1.0
63 84 1.0
63 86 1.0
63 89 -1.0
63 91 1.0
63 92 1.0
63 93 1.0
63 96 1.0
63 97 1.0
63 100 1.0
63 101 1.0
63 102 -1.0
63 106 1.0
63 108 1.0
63 110 -1.0
63 111 1.0
63 113 1.0
63 116 1.0
63 119 1.0
63 121 1.0
63 122 1.0
63 123 1.0
63 125 1.0
63 127 -1.0
63 128 1.0
63 130 1.0
63 131 1.0
63 646 1.0
63 648 1.0
63 649 1.0
63 139 1.0
63 140 1.0
63 141 1.0
63 144 1.0
63 146 1.0
63 147 1.0
63 149 1.0
63 150 1.0
63 282 1.0
63 619 1.0
63 626 1.0
63 169 1.0
63 627 1.0
63 628 1.0
63 629 1.0
63 544 1.0
63 195 1.0
63 196 1.0
63 205 -1.0
63 206 1.0
63 633 1.0
63 213 1.0
63 634 1.0
63 616 1.0
63 635 -1.0
63 231 1.0
63 553 1.0
63 245 1.0
63 639 1.0
63 248 1.0
63 640 1.0
63 254 1.0
63 255 1.0
63 261 1.0
63 642 1.0
63 268 1.0
63 273 1.0
63 275 1.0
63 133 1.0
63 283 1.0
63 293 1.0
63 135 1.0
63 296 1.0
63 299 1.0
63 136 1.0
63 302 1.0
63 138 1.0
63 316 1.0
63 318 1.0
63 326 1.0
63 331 1.0
63 568 1.0
63 336 1.0
63 340 1.0
63 347 1.0
63 352 1.0
63 353 1.0
63 359 1.0
63 363 1.0
63 365 1.0
63 370 1.0
63 234 1.0
63 379 1.0
63 382 -1.0
63 387 1.0
63 388 1.0
63 391 1.0
63 397 1.0
63 403 1.0
63 594 -1.0
63 409 -1.0
63 413 1.0
63 168 -1.0
63 424 1.0
63 584 1.0
63 439 1.0
63 586 1.0
63 441 1.0
63 442 1.0
63 443 1.0
63 451 1.0
63 453 1.0
63 456 1.0
63 462 1.0
63 463 1.0
63 464 1.0
63 469 1.0
63 472 -1.0
63 592 1.0
63 477 1.0
63 478 1.0
63 483 1.0
63 486 1.0
63 488 1.0
63 492 1.0
63 493 -1.0
63 614 1.0
63 497 1.0
63 596 -1.0
64 518 1.0
64 604 1.0
64 552 1.0
64 554 1.0
64 264 1.0
64 566 1.0
64 574 1.0
64 576 1.0
64 65 1.0
64 66 1.0
64 69 1.0
64 70 -1.0
64 71 1.0
64 72 1.0
64 75 -1.0
64 77 1.0
64 78 1.0
64 79 1.0
64 80 1.0
64 81 1.0
64 83 1.0
64 84 1.0
64 85 1.0
64 86 1.0
64 88 1.0
64 89 1.0
64 602 1.0
64 92 1.0
64 93 1.0
64 94 1.0
64 95 1.0
64 98 -1.0
64 612 -1.0
64 102 1.0
64 103 1.0
64 617 1.0
64 109 1.0
64 550 -1.0
64 111 1.0
64 113 1.0
64 115 1.0
64 122 1.0
64 123 1.0
64 125 1.0
64 126 1.0
64 127 1.0
64 128 -1.0
64 130 1.0
64 131 1.0
64 650 -1.0
64 142 1.0
64 143 -1.0
64 147 1.0
64 160 1.0
64 625 1.0
64 166 1.0
64 171 1.0
64 628 1.0
64 181 1.0
64 182 1.0
64 184 1.0
64 534 1.0
64 204 1.0
64 631 1.0
64 200 1.0
64 536 1.0
64 632 1.0
64 206 1.0
64 217 -1.0
64 223 1.0
64 224 1.0
64 636 1.0
64 637 1.0
64 235 1.0
64 241 1.0
64 245 1.0
64 253 1.0
64 257 1.0
64 259 1.0
64 556 1.0
64 261 1.0
64 559 -1.0
64 283 1.0
64 135 1.0
64 308 1.0
64 315 1.0
64 317 1.0
64 330 1.0
64 347 1.0
64 348 -1.0
64 359 1.0
64 360 1.0
64 276 1.0
64 363 1.0
64 364 1.0
64 366 1.0
64 374 1.0
64 381 1.0
64 385 1.0
64 386 1.0
64 390 1.0
64 394 1.0
64 397 1.0
64 399 1.0
64 611 1.0
64 407 1.0
64 581 1.0
64 412 1.0
64 416 1.0
64 417 1.0
64 421 1.0
64 429 1.0
64 186 1.0
64 454 1.0
64 456 1.0
64 458 1.0
64 460 1.0
64 463 1.0
64 466 1.0
64 467 1.0
64 472 -1.0
64 473 1.0
64 477 1.0
64 479 -1.0
64 593 1.0
64 252 -1.0
64 485 1.0
64 490 1.0
64 495 1.0
64 614 -1.0
64 597 1.0
64 505 1.0
64 506 1.0
65 517 1.0
65 516 1.0
65 264 1.0
65 522 1.0
65 569 1.0
65 575 -1.0
65 578 1.0
65 71 1.0
65 72 1.0
65 73 1.0
65 77 1.0
65 78 1.0
65 270 1.0
65 82 1.0
65 612 1.0
65 85 1.0
65 86 -1.0
65 599 1.0
65 600 1.0
65 89 1.0
65 602 1.0
65 94 1.0
65 95 1.0
65 608 1.0
65 99 1.0
65 100 1.0
65 101 1.0
65 102 1.0
65 107 1.0
65 108 1.0
65 109 1.0
65 114 1.0
65 115 1.0
65 116 -1.0
65 117 1.0
65 120 1.0
65 122 1.0
65 129 1.0
65 131 1.0
65 133 1.0
65 649 1.0
65 141 1.0
65 144 1.0
65 146 1.0
65 147 1.0
65 148 -1.0
65 151 -1.0
65 153 1.0
65 154 -1.0
65 155 -1.0
65 624 1.0
65 159 1.0
65 625 1.0
65 163 1.0
65 620 1.0
65 626 1.0
65 200 1.0
65 173 1.0
65 177 1.0
65 179 1.0
65 182 1.0
65 183 -1.0
65 184 1.0
65 185 1.0
65 191 1.0
65 630 1.0
65 533 1.0
65 631 1.0
65 546 1.0
65 536 1.0
65 203 1.0
65 206 1.0
65 213 1.0
65 215 1.0
65 218 1.0
65 220 1.0
65 635 1.0
65 223 -1.0
65 551 1.0
65 231 -1.0
65 210 1.0
65 237 1.0
65 638 1.0
65 245 1.0
65 247 1.0
65 640 1.0
65 253 1.0
65 606 1.0
65 257 1.0
65 641 1.0
65 259 1.0
65 261 1.0
65 263 1.0
65 275 1.0
65 644 1.0
65 646 1.0
65 135 1.0
65 299 1.0
65 301 -1.0
65 137 1.0
65 138 1.0
65 317 1.0
65 324 1.0
65 327 1.0
65 328 1.0
65 568 1.0
65 340 1.0
65 345 1.0
65 352 1.0
65 355 -1.0
65 572 -1.0
65 357 1.0
65 370 -1.0
65 376 -1.0
65 379 1.0
65 391 1.0
65 393 1.0
65 411 1.0
65 418 1.0
65 436 1.0
65 437 1.0
65 445 1.0
65 448 1.0
65 449 1.0
65 455 -1.0
65 162 1.0
65 458 1.0
65 460 1.0
65 466 1.0
65 164 1.0
65 469 1.0
65 528 1.0
65 474 1.0
65 476 -1.0
65 477 1.0
65 479 1.0
65 252 1.0
65 485 1.0
65 486 -1.0
65 488 1.0
65 491 -1.0
65 493 1.0
65 614 1.0
65 504 1.0
65 511 1.0
66 599 1.0
66 291 1.0
66 529 -1.0
66 569 1.0
66 609 1.0
66 67 1.0
66 68 1.0
66 69 1.0
66 70 1.0
66 71 1.0
66 72 1.0
66 585 1.0
66 525 1.0
66 75 -1.0
66 589 1.0
66 78 1.0
66 592 1.0
66 593 1.0
66 82 1.0
66 83 -1.0
66 356 1.0
66 87 1.0
66 91 1.0
66 92 1.0
66 605 1.0
66 614 1.0
66 98 1.0
66 99 1.0
66 101 1.0
66 102 1.0
66 105 1.0
66 106 1.0
66 108 1.0
66 110 1.0
66 112 1.0
66 116 1.0
66 118 1.0
66 119 -1.0
66 120 -1.0
66 121 1.0
66 122 1.0
66 128 -1.0
66 129 1.0
66 133 1.0
66 135 1.0
66 650 1.0
66 139 1.0
66 140 1.0
66 142 1.0
66 144 1.0
66 148 1.0
66 149 1.0
66 151 1.0
66 158 1.0
66 160 1.0
66 192 -1.0
66 627 1.0
66 175 1.0
66 176 1.0
66 181 1.0
66 629 1.0
66 187 1.0
66 288 1.0
66 199 1.0
66 200 1.0
66 203 1.0
66 206 1.0
66 212 1.0
66 634 1.0
66 220 1.0
66 636 1.0
66 230 1.0
66 233 1.0
66 637 1.0
66 239 1.0
66 638 1.0
66 241 1.0
66 244 -1.0
66 247 1.0
66 640 1.0
66 257 1.0
66 641 1.0
66 260 1.0
66 538 1.0
66 643 -1.0
66 644 1.0
66 287 -1.0
66 198 1.0
66 302 1.0
66 137 1.0
66 307 1.0
66 138 1.0
66 327 1.0
66 331 1.0
66 338 1.0
66 339 -1.0
66 484 1.0
66 344 1.0
66 348 1.0
66 349 1.0
66 571 1.0
66 572 1.0
66 360 1.0
66 361 1.0
66 366 1.0
66 575 -1.0
66 381 1.0
66 387 1.0
66 389 1.0
66 390 1.0
66 391 1.0
66 578 1.0
66 398 1.0
66 400 1.0
66 408 -1.0
66 581 1.0
66 413 1.0
66 414 1.0
66 416 1.0
66 423 1.0
66 424 1.0
66 434 1.0
66 439 1.0
66 74 1.0
66 442 1.0
66 443 1.0
66 447 1.0
66 590 1.0
66 469 -1.0
66 528 1.0
66 474 1.0
66 477 1.0
66 478 1.0
66 479 1.0
66 252 1.0
66 485 1.0
66 487 1.0
66 497 1.0
66 499 1.0
66 509 -1.0
67 601 -1.0
67 560 1.0
67 563 1.0
67 579 1.0
67 68 1.0
67 69 1.0
67 70 1.0
67 585 1.0
67 74 1.0
67 75 1.0
67 78 1.0
67 79 1.0
67 80 1.0
67 85 1.0
67 86 1.0
67 599 1.0
67 89 1.0
67 90 1.0
67 91 1.0
67 92 1.0
67 93 1.0
67 94 -1.0
67 98 1.0
67 99 1.0
67 102 1.0
67 103 1.0
67 104 1.0
67 618 1.0
67 108 1.0
67 109 1.0
67 110 -1.0
67 111 -1.0
67 114 1.0
67 115 1.0
67 116 1.0
67 118 1.0
67 119 1.0
67 125 -1.0
67 129 1.0
67 649 -1.0
67 139 -1.0
67 140 1.0
67 142 1.0
67 146 1.0
67 147 -1.0
67 149 1.0
67 150 -1.0
67 154 1.0
67 159 1.0
67 198 1.0
67 161 1.0
67 164 1.0
67 168 1.0
67 518 1.0
67 174 1.0
67 176 1.0
67 180 1.0
67 186 1.0
67 193 1.0
67 195 1.0
67 196 1.0
67 197 1.0
67 202 1.0
67 633 1.0
67 634 1.0
67 219 1.0
67 220 1.0
67 225 -1.0
67 636 1.0
67 235 1.0
67 638 1.0
67 639 1.0
67 247 1.0
67 249 1.0
67 251 1.0
67 640 -1.0
67 257 1.0
67 641 1.0
67 259 1.0
67 260 -1.0
67 642 1.0
67 265 1.0
67 643 -1.0
67 644 1.0
67 559 1.0
67 645 1.0
67 562 1.0
67 648 1.0
67 302 1.0
67 308 1.0
67 310 1.0
67 325 1.0
67 567 1.0
67 333 1.0
67 340 1.0
67 341 1.0
67 345 1.0
67 524 1.0
67 358 1.0
67 360 1.0
67 361 1.0
67 364 1.0
67 366 1.0
67 367 1.0
67 373 -1.0
67 627 1.0
67 234 1.0
67 377 1.0
67 378 1.0
67 525 1.0
67 396 1.0
67 397 1.0
67 581 1.0
67 582 1.0
67 421 1.0
67 428 1.0
67 431 1.0
67 433 1.0
67 434 -1.0
67 435 -1.0
67 443 1.0
67 445 1.0
67 446 1.0
67 455 1.0
67 458 1.0
67 463 1.0
67 471 1.0
67 472 1.0
67 474 1.0
67 475 1.0
67 592 1.0
67 486 1.0
67 489 1.0
67 496 1.0
67 498 1.0
67 509 1.0
67 512 1.0
68 557 1.0
68 531 1.0
68 569 -1.0
68 69 1.0
68 582 -1.0
68 73 -1.0
68 75 1.0
68 77 1.0
68 78 1.0
68 80 1.0
68 81 1.0
68 82 1.0
68 83 1.0
68 85 1.0
68 86 -1.0
68 600 1.0
68 89 1.0
68 90 1.0
68 92 1.0
68 94 1.0
68 95 1.0
68 96 1.0
68 99 1.0
68 100 1.0
68 101 1.0
68 103 1.0
68 601 1.0
68 619 1.0
68 108 1.0
68 109 1.0
68 110 1.0
68 111 1.0
68 112 1.0
68 114 1.0
68 115 -1.0
68 532 1.0
68 117 1.0
68 119 1.0
68 122 1.0
68 123 1.0
68 124 1.0
68 125 1.0
68 126 -1.0
68 129 1.0
68 130 -1.0
68 132 1.0
68 134 1.0
68 135 1.0
68 136 1.0
68 137 1.0
68 139 1.0
68 141 1.0
68 144 1.0
68 146 1.0
68 147 1.0
68 149 1.0
68 151 1.0
68 152 1.0
68 154 1.0
68 163 1.0
68 170 1.0
68 174 1.0
68 177 1.0
68 178 1.0
68 179 1.0
68 182 1.0
68 184 1.0
68 193 1.0
68 631 1.0
68 203 1.0
68 205 1.0
68 209 1.0
68 633 1.0
68 215 1.0
68 635 1.0
68 226 1.0
68 227 1.0
68 233 1.0
68 637 1.0
68 245 -1.0
68 639 1.0
68 247 1.0
68 554 1.0
68 282 1.0
68 555 1.0
68 259 1.0
68 642 1.0
68 271 1.0
68 644 1.0
68 292 1.0
68 301 1.0
68 304 1.0
68 138 1.0
68 327 1.0
68 331 -1.0
68 333 1.0
68 336 1.0
68 342 -1.0
68 571 -1.0
68 574 1.0
68 384 1.0
68 578 1.0
68 393 1.0
68 396 1.0
68 397 1.0
68 402 1.0
68 403 1.0
68 409 1.0
68 413 1.0
68 430 1.0
68 437 -1.0
68 438 1.0
68 450 1.0
68 458 1.0
68 464 1.0
68 465 1.0
68 468 1.0
68 476 -1.0
68 482 1.0
68 495 1.0
68 496 1.0
68 519 1.0
68 504 1.0
68 506 1.0
68 508 -1.0
68 511 1.0
69 518 1.0
69 553 1.0
69 560 1.0
69 581 1.0
69 70 1.0
69 72 1.0
69 588 1.0
69 82 1.0
69 83 1.0
69 84 1.0
69 85 1.0
69 86 1.0
69 87 1.0
69 89 1.0
69 90 1.0
69 92 1.0
69 609 1.0
69 99 1.0
69 100 -1.0
69 101 1.0
69 103 -1.0
69 107 1.0
69 111 -1.0
69 113 1.0
69 114 1.0
69 116 1.0
69 119 1.0
69 120 1.0
69 121 1.0
69 123 1.0
69 124 1.0
69 129 1.0
69 130 1.0
69 132 1.0
69 133 1.0
69 139 1.0
69 140 1.0
69 143 1.0
69 144 1.0
69 146 1.0
69 148 1.0
69 150 1.0
69 151 1.0
69 153 1.0
69 155 1.0
69 539 1.0
69 159 1.0
69 162 1.0
69 164 1.0
69 166 1.0
69 168 1.0
69 169 1.0
69 172 1.0
69 175 1.0
69 542 1.0
69 543 1.0
69 188 1.0
69 189 1.0
69 534 1.0
69 195 -1.0
69 197 1.0
69 201 1.0
69 206 1.0
69 207 1.0
69 633 1.0
69 213 1.0
69 634 1.0
69 549 1.0
69 635 -1.0
69 225 1.0
69 227 1.0
69 636 1.0
69 229 1.0
69 230 1.0
69 233 1.0
69 637 1.0
69 235 1.0
69 242 1.0
69 244 1.0
69 263 1.0
69 264 1.0
69 268 1.0
69 269 1.0
69 643 1.0
69 558 1.0
69 473 1.0
69 279 1.0
69 280 -1.0
69 282 1.0
69 283 -1.0
69 284 -1.0
69 287 1.0
69 293 1.0
69 647 1.0
69 306 1.0
69 649 1.0
69 311 1.0
69 650 -1.0
69 314 1.0
69 316 1.0
69 317 -1.0
69 216 1.0
69 523 1.0
69 326 1.0
69 335 1.0
69 342 1.0
69 348 1.0
69 354 1.0
69 572 1.0
69 362 1.0
69 372 1.0
69 380 -1.0
69 382 1.0
69 525 1.0
69 398 1.0
69 399 1.0
69 402 1.0
69 414 1.0
69 415 1.0
69 418 1.0
69 424 1.0
69 427 1.0
69 430 1.0
69 612 1.0
69 442 1.0
69 444 1.0
69 447 1.0
69 451 1.0
69 452 -1.0
69 457 1.0
69 460 -1.0
69 465 1.0
69 467 1.0
69 471 1.0
69 528 1.0
69 476 1.0
69 480 1.0
69 482 1.0
69 487 1.0
69 491 1.0
69 494 1.0
69 498 1.0
69 509 1.0
70 529 1.0
70 602 1.0
70 559 1.0
70 577 1.0
70 580 1.0
70 71 1.0
70 610 1.0
70 585 1.0
70 588 1.0
70 77 1.0
70 78 1.0
70 591 1.0
70 80 1.0
70 87 1.0
70 88 1.0
70 89 1.0
70 90 -1.0
70 91 1.0
70 604 1.0
70 98 1.0
70 99 1.0
70 100 1.0
70 101 -1.0
70 104 1.0
70 107 1.0
70 108 1.0
70 111 1.0
70 114 1.0
70 115 1.0
70 119 1.0
70 121 1.0
70 122 1.0
70 123 1.0
70 124 1.0
70 127 1.0
70 134 -1.0
70 136 1.0
70 137 1.0
70 138 1.0
70 141 1.0
70 142 1.0
70 143 1.0
70 145 1.0
70 150 1.0
70 151 -1.0
70 152 1.0
70 157 1.0
70 625 1.0
70 626 1.0
70 170 1.0
70 173 1.0
70 174 1.0
70 179 1.0
70 188 1.0
70 194 1.0
70 631 1.0
70 517 1.0
70 206 1.0
70 212 1.0
70 213 1.0
70 214 1.0
70 634 1.0
70 219 1.0
70 220 1.0
70 571 1.0
70 531 1.0
70 639 1.0
70 250 1.0
70 253 1.0
70 256 1.0
70 641 1.0
70 263 1.0
70 265 1.0
70 557 1.0
70 643 1.0
70 271 1.0
70 274 1.0
70 644 -1.0
70 284 1.0
70 286 1.0
70 646 1.0
70 292 1.0
70 301 1.0
70 222 1.0
70 305 1.0
70 649 1.0
70 308 1.0
70 309 1.0
70 310 1.0
70 312 1.0
70 315 1.0
70 316 1.0
70 566 1.0
70 321 -1.0
70 333 1.0
70 336 -1.0
70 341 1.0
70 570 -1.0
70 609 1.0
70 350 -1.0
70 362 1.0
70 375 1.0
70 379 1.0
70 380 1.0
70 381 1.0
70 383 1.0
70 400 1.0
70 407 -1.0
70 408 1.0
70 414 1.0
70 415 1.0
70 417 1.0
70 426 1.0
70 440 1.0
70 442 -1.0
70 446 -1.0
70 447 1.0
70 451 1.0
70 459 1.0
70 465 1.0
70 467 1.0
70 469 1.0
70 475 1.0
70 482 -1.0
70 485 1.0
70 494 1.0
70 497 1.0
70 498 1.0
70 504 1.0
70 506 1.0
70 509 1.0
70 511 1.0
71 519 1.0
71 566 1.0
71 266 1.0
71 524 -1.0
71 75 -1.0
71 76 1.0
71 77 1.0
71 81 1.0
71 82 1.0
71 83 1.0
71 84 1.0
71 86 1.0
71 87 1.0
71 600 1.0
71 89 1.0
71 90 1.0
71 91 1.0
71 93 1.0
71 96 1.0
71 97 1.0
71 610 1.0
71 100 1.0
71 530 1.0
71 107 1.0
71 109 1.0
71 110 1.0
71 111 1.0
71 625 1.0
71 114 1.0
71 115 1.0
71 116 1.0
71 117 1.0
71 118 1.0
71 632 -1.0
71 121 -1.0
71 122 1.0
71 123 1.0
71 126 1.0
71 129 -1.0
71 131 1.0
71 132 1.0
71 135 1.0
71 138 -1.0
71 140 1.0
71 145 1.0
71 146 1.0
71 148 1.0
71 151 1.0
71 153 1.0
71 155 1.0
71 159 1.0
71 161 1.0
71 228 1.0
71 174 1.0
71 177 1.0
71 184 1.0
71 187 1.0
71 288 1.0
71 190 1.0
71 191 1.0
71 196 1.0
71 533 1.0
71 631 1.0
71 517 1.0
71 201 1.0
71 206 1.0
71 513 1.0
71 212 1.0
71 217 1.0
71 549 1.0
71 221 1.0
71 635 1.0
71 226 1.0
71 229 1.0
71 551 1.0
71 537 -1.0
71 637 1.0
71 239 1.0
71 638 1.0
71 623 1.0
71 639 -1.0
71 640 1.0
71 253 1.0
71 254 1.0
71 255 1.0
71 641 1.0
71 514 1.0
71 263 1.0
71 642 1.0
71 557 -1.0
71 643 1.0
71 644 1.0
71 277 1.0
71 278 1.0
71 281 1.0
71 645 1.0
71 646 -1.0
71 304 1.0
71 306 1.0
71 313 1.0
71 314 1.0
71 315 1.0
71 317 1.0
71 318 1.0
71 320 1.0
71 329 1.0
71 331 1.0
71 340 1.0
71 352 1.0
71 357 1.0
71 358 1.0
71 360 1.0
71 364 1.0
71 365 1.0
71 574 -1.0
71 373 1.0
71 390 1.0
71 393 1.0
71 399 -1.0
71 400 1.0
71 240 1.0
71 413 1.0
71 426 1.0
71 429 1.0
71 438 1.0
71 442 1.0
71 446 1.0
71 453 -1.0
71 454 1.0
71 455 1.0
71 457 1.0
71 462 1.0
71 478 1.0
71 481 1.0
71 484 1.0
71 492 1.0
71 493 1.0
71 498 -1.0
71 499 1.0
71 502 1.0
71 510 1.0
71 512 1.0
72 539 -1.0
72 87 1.0
72 553 1.0
72 557 1.0
72 565 1.0
72 579 1.0
72 580 1.0
72 634 1.0
72 73 1.0
72 617 1.0
72 75 1.0
72 76 1.0
72 77 1.0
72 78 1.0
72 79 1.0
72 549 1.0
72 515 -1.0
72 85 1.0
72 599 1.0
72 89 1.0
72 91 1.0
72 605 -1.0
72 95 -1.0
72 96 1.0
72 97 1.0
72 101 1.0
72 103 1.0
72 105 1.0
72 107 1.0
72 108 1.0
72 109 1.0
72 111 1.0
72 113 1.0
72 116 1.0
72 117 1.0
72 118 1.0
72 119 1.0
72 121 1.0
72 122 1.0
72 123 -1.0
72 125 1.0
72 126 -1.0
72 127 1.0
72 128 1.0
72 130 1.0
72 133 1.0
72 135 -1.0
72 136 1.0
72 139 1.0
72 140 1.0
72 142 1.0
72 143 1.0
72 144 1.0
72 145 1.0
72 146 1.0
72 149 1.0
72 159 -1.0
72 625 1.0
72 164 1.0
72 166 1.0
72 172 1.0
72 175 1.0
72 176 1.0
72 178 1.0
72 182 1.0
72 183 1.0
72 188 1.0
72 189 1.0
72 193 1.0
72 604 -1.0
72 204 1.0
72 536 1.0
72 632 1.0
72 633 1.0
72 216 1.0
72 218 1.0
72 225 1.0
72 551 1.0
72 231 1.0
72 238 1.0
72 638 -1.0
72 241 1.0
72 640 1.0
72 623 1.0
72 257 1.0
72 641 1.0
72 556 1.0
72 263 1.0
72 642 -1.0
72 265 -1.0
72 266 1.0
72 643 1.0
72 272 -1.0
72 275 1.0
72 278 1.0
72 645 1.0
72 285 1.0
72 296 1.0
72 297 1.0
72 298 1.0
72 563 -1.0
72 311 1.0
72 650 1.0
72 566 1.0
72 321 1.0
72 323 1.0
72 328 1.0
72 331 1.0
72 312 1.0
72 333 1.0
72 335 1.0
72 336 1.0
72 354 1.0
72 355 1.0
72 573 1.0
72 365 1.0
72 367 1.0
72 374 1.0
72 380 1.0
72 382 1.0
72 386 1.0
72 387 1.0
72 396 1.0
72 397 1.0
72 405 -1.0
72 410 -1.0
72 415 -1.0
72 417 1.0
72 430 1.0
72 441 1.0
72 446 1.0
72 460 1.0
72 462 1.0
72 463 1.0
72 562 1.0
72 479 1.0
72 481 1.0
72 482 1.0
72 489 1.0
72 195 1.0
72 491 1.0
72 493 1.0
72 496 1.0
72 501 1.0
72 503 1.0
73 553 1.0
73 601 1.0
73 608 1.0
73 609 1.0
73 581 1.0
73 600 -1.0
73 76 -1.0
73 77 1.0
73 590 1.0
73 80 1.0
73 515 -1.0
73 85 1.0
73 86 1.0
73 87 1.0
73 88 1.0
73 89 1.0
73 94 1.0
73 95 1.0
73 96 1.0
73 97 1.0
73 99 1.0
73 101 1.0
73 104 -1.0
73 105 1.0
73 106 1.0
73 107 1.0
73 108 1.0
73 110 1.0
73 112 1.0
73 113 1.0
73 116 1.0
73 118 1.0
73 119 1.0
73 120 1.0
73 125 1.0
73 126 1.0
73 128 1.0
73 130 -1.0
73 131 1.0
73 133 -1.0
73 134 1.0
73 141 1.0
73 142 1.0
73 144 1.0
73 147 1.0
73 148 1.0
73 150 1.0
73 151 1.0
73 152 1.0
73 153 1.0
73 158 1.0
73 160 1.0
73 161 1.0
73 625 1.0
73 163 1.0
73 171 1.0
73 172 1.0
73 178 1.0
73 181 -1.0
73 543 1.0
73 184 1.0
73 185 1.0
73 288 1.0
73 545 1.0
73 197 -1.0
73 546 1.0
73 206 1.0
73 207 1.0
73 208 1.0
73 214 1.0
73 223 1.0
73 224 1.0
73 233 1.0
73 639 1.0
73 516 1.0
73 256 1.0
73 642 1.0
73 266 1.0
73 267 1.0
73 643 -1.0
73 275 1.0
73 279 1.0
73 645 1.0
73 287 1.0
73 646 -1.0
73 291 1.0
73 522 1.0
73 647 1.0
73 295 1.0
73 296 1.0
73 298 1.0
73 648 1.0
73 305 1.0
73 307 1.0
73 308 1.0
73 310 1.0
73 650 1.0
73 327 1.0
73 331 -1.0
73 568 1.0
73 335 1.0
73 336 -1.0
73 228 1.0
73 571 1.0
73 352 1.0
73 524 1.0
73 357 1.0
73 360 1.0
73 376 1.0
73 577 1.0
73 393 1.0
73 394 1.0
73 398 1.0
73 399 -1.0
73 409 1.0
73 411 1.0
73 240 1.0
73 424 1.0
73 426 1.0
73 438 1.0
73 442 1.0
73 449 1.0
73 452 1.0
73 454 1.0
73 457 1.0
73 458 -1.0
73 460 1.0
73 464 1.0
73 468 1.0
73 592 1.0
73 478 1.0
73 547 1.0
73 492 -1.0
73 188 1.0
73 506 1.0
73 508 1.0
73 511 1.0
74 513 1.0
74 521 1.0
74 535 1.0
74 550 1.0
74 563 1.0
74 575 1.0
74 577 1.0
74 524 1.0
74 586 1.0
74 588 1.0
74 77 1.0
74 78 1.0
74 80 1.0
74 84 1.0
74 85 1.0
74 87 1.0
74 88 1.0
74 91 1.0
74 93 1.0
74 606 -1.0
74 96 1.0
74 97 1.0
74 98 1.0
74 611 1.0
74 101 1.0
74 102 1.0
74 103 1.0
74 106 1.0
74 111 1.0
74 116 1.0
74 117 1.0
74 118 1.0
74 119 1.0
74 618 1.0
74 121 1.0
74 122 1.0
74 123 1.0
74 124 1.0
74 125 -1.0
74 126 1.0
74 127 1.0
74 130 1.0
74 132 -1.0
74 135 1.0
74 136 1.0
74 137 1.0
74 140 1.0
74 141 1.0
74 142 1.0
74 144 1.0
74 145 1.0
74 146 1.0
74 147 1.0
74 150 1.0
74 151 1.0
74 154 1.0
74 157 1.0
74 166 1.0
74 172 1.0
74 518 1.0
74 176 1.0
74 177 1.0
74 543 1.0
74 185 1.0
74 288 1.0
74 534 1.0
74 196 1.0
74 536 1.0
74 632 1.0
74 209 1.0
74 212 1.0
74 218 1.0
74 222 1.0
74 264 1.0
74 227 1.0
74 231 1.0
74 232 1.0
74 282 1.0
74 245 1.0
74 639 1.0
74 247 1.0
74 250 1.0
74 640 1.0
74 253 1.0
74 623 1.0
74 255 -1.0
74 556 1.0
74 572 1.0
74 290 1.0
74 291 1.0
74 647 1.0
74 296 1.0
74 297 1.0
74 302 1.0
74 303 1.0
74 649 1.0
74 307 1.0
74 314 1.0
74 316 1.0
74 322 1.0
74 523 1.0
74 567 1.0
74 330 1.0
74 334 1.0
74 335 1.0
74 348 -1.0
74 349 1.0
74 352 1.0
74 354 1.0
74 356 -1.0
74 365 1.0
74 367 1.0
74 373 1.0
74 381 1.0
74 387 1.0
74 396 1.0
74 411 1.0
74 413 1.0
74 326 1.0
74 417 1.0
74 418 -1.0
74 425 1.0
74 428 -1.0
74 434 1.0
74 447 -1.0
74 449 -1.0
74 455 1.0
74 460 1.0
74 466 1.0
74 473 -1.0
74 474 1.0
74 481 1.0
74 488 1.0
74 492 1.0
74 494 1.0
74 495 1.0
74 501 1.0
74 504 1.0
74 508 1.0
75 518 1.0
75 543 -1.0
75 560 1.0
75 521 1.0
75 514 1.0
75 581 1.0
75 617 1.0
75 600 -1.0
75 77 1.0
75 79 1.0
75 80 1.0
75 85 1.0
75 86 1.0
75 87 1.0
75 88 1.0
75 601 1.0
75 90 1.0
75 92 1.0
75 93 1.0
75 608 1.0
75 98 1.0
75 100 -1.0
75 101 -1.0
75 102 1.0
75 104 -1.0
75 105 1.0
75 106 1.0
75 109 1.0
75 114 1.0
75 117 -1.0
75 120 -1.0
75 121 1.0
75 123 1.0
75 124 1.0
75 125 1.0
75 126 1.0
75 128 1.0
75 131 -1.0
75 132 1.0
75 134 1.0
75 135 1.0
75 139 1.0
75 140 1.0
75 141 1.0
75 144 1.0
75 147 1.0
75 148 1.0
75 151 1.0
75 153 1.0
75 154 1.0
75 155 1.0
75 161 1.0
75 162 1.0
75 168 1.0
75 541 1.0
75 172 1.0
75 178 -1.0
75 185 1.0
75 533 1.0
75 200 1.0
75 202 1.0
75 207 1.0
75 209 1.0
75 215 1.0
75 634 1.0
75 605 1.0
75 638 1.0
75 247 1.0
75 250 1.0
75 251 1.0
75 300 1.0
75 265 1.0
75 273 1.0
75 645 -1.0
75 283 1.0
75 290 1.0
75 299 1.0
75 648 1.0
75 308 1.0
75 309 1.0
75 310 1.0
75 313 1.0
75 321 1.0
75 225 1.0
75 323 1.0
75 324 1.0
75 312 1.0
75 335 1.0
75 341 1.0
75 575 1.0
75 351 1.0
75 352 1.0
75 524 1.0
75 360 1.0
75 368 1.0
75 374 1.0
75 610 1.0
75 576 1.0
75 387 1.0
75 388 1.0
75 394 1.0
75 579 -1.0
75 401 1.0
75 402 1.0
75 403 1.0
75 405 1.0
75 413 1.0
75 415 1.0
75 416 -1.0
75 583 1.0
75 426 -1.0
75 428 1.0
75 431 1.0
75 586 1.0
75 455 -1.0
75 459 1.0
75 465 1.0
75 473 1.0
75 252 1.0
75 506 1.0
75 512 1.0
76 517 1.0
76 539 1.0
76 518 -1.0
76 555 1.0
76 558 1.0
76 523 1.0
76 525 1.0
76 80 -1.0
76 81 1.0
76 83 1.0
76 84 1.0
76 85 1.0
76 86 -1.0
76 88 1.0
76 89 1.0
76 90 1.0
76 91 1.0
76 92 1.0
76 94 1.0
76 95 1.0
76 96 1.0
76 97 1.0
76 98 1.0
76 100 -1.0
76 101 1.0
76 102 1.0
76 615 -1.0
76 107 1.0
76 108 1.0
76 113 1.0
76 115 1.0
76 116 1.0
76 632 1.0
76 125 1.0
76 127 1.0
76 128 1.0
76 129 1.0
76 134 1.0
76 137 1.0
76 140 -1.0
76 141 1.0
76 145 1.0
76 146 -1.0
76 147 1.0
76 153 1.0
76 154 1.0
76 155 1.0
76 157 1.0
76 158 1.0
76 159 1.0
76 161 1.0
76 162 1.0
76 166 1.0
76 627 1.0
76 175 1.0
76 177 1.0
76 179 1.0
76 181 1.0
76 197 1.0
76 199 1.0
76 210 1.0
76 213 1.0
76 634 1.0
76 221 -1.0
76 635 1.0
76 233 1.0
76 240 1.0
76 243 -1.0
76 245 1.0
76 248 1.0
76 640 1.0
76 253 1.0
76 606 1.0
76 538 1.0
76 642 1.0
76 644 -1.0
76 559 1.0
76 561 1.0
76 293 1.0
76 647 1.0
76 306 1.0
76 297 1.0
76 302 -1.0
76 304 1.0
76 310 -1.0
76 565 1.0
76 608 1.0
76 334 1.0
76 569 1.0
76 347 1.0
76 348 1.0
76 354 -1.0
76 359 -1.0
76 364 1.0
76 368 1.0
76 371 -1.0
76 377 1.0
76 379 1.0
76 384 1.0
76 389 1.0
76 391 1.0
76 395 1.0
76 398 1.0
76 270 1.0
76 410 1.0
76 526 1.0
76 415 1.0
76 420 1.0
76 423 1.0
76 425 1.0
76 584 1.0
76 430 1.0
76 441 1.0
76 442 1.0
76 222 1.0
76 445 -1.0
76 448 1.0
76 449 1.0
76 450 1.0
76 469 1.0
76 470 1.0
76 475 1.0
76 592 1.0
76 481 1.0
76 593 1.0
76 484 1.0
76 487 1.0
76 489 1.0
76 491 1.0
76 496 -1.0
76 499 -1.0
76 501 1.0
76 598 1.0
77 517 1.0
77 258 1.0
77 571 -1.0
77 608 1.0
77 576 1.0
77 581 1.0
77 588 1.0
77 78 1.0
77 591 1.0
77 80 1.0
77 81 -1.0
77 84 1.0
77 86 1.0
77 89 -1.0
77 91 1.0
77 92 -1.0
77 94 1.0
77 96 1.0
77 97 1.0
77 99 1.0
77 100 1.0
77 103 1.0
77 530 1.0
77 106 1.0
77 107 1.0
77 108 1.0
77 109 1.0
77 111 1.0
77 624 1.0
77 516 1.0
77 114 1.0
77 116 1.0
77 118 1.0
77 119 1.0
77 632 1.0
77 121 1.0
77 122 1.0
77 123 1.0
77 124 1.0
77 125 1.0
77 128 1.0
77 131 1.0
77 132 1.0
77 137 1.0
77 138 -1.0
77 139 1.0
77 140 1.0
77 141 1.0
77 146 -1.0
77 149 1.0
77 151 1.0
77 538 1.0
77 153 1.0
77 155 1.0
77 156 1.0
77 158 1.0
77 160 1.0
77 161 1.0
77 162 1.0
77 626 1.0
77 171 1.0
77 172 1.0
77 628 1.0
77 181 1.0
77 186 1.0
77 187 1.0
77 189 1.0
77 191 1.0
77 199 1.0
77 203 1.0
77 205 1.0
77 211 1.0
77 212 1.0
77 218 1.0
77 222 -1.0
77 223 1.0
77 226 1.0
77 242 1.0
77 623 1.0
77 367 1.0
77 548 1.0
77 248 1.0
77 251 -1.0
77 640 1.0
77 253 1.0
77 254 1.0
77 642 1.0
77 266 1.0
77 272 1.0
77 278 1.0
77 279 1.0
77 280 1.0
77 645 -1.0
77 560 1.0
77 539 -1.0
77 647 1.0
77 303 1.0
77 305 1.0
77 650 1.0
77 319 1.0
77 332 1.0
77 341 1.0
77 346 1.0
77 350 1.0
77 353 1.0
77 357 1.0
77 358 1.0
77 362 1.0
77 366 1.0
77 617 1.0
77 376 -1.0
77 382 1.0
77 386 1.0
77 393 1.0
77 394 1.0
77 401 1.0
77 580 -1.0
77 415 -1.0
77 417 1.0
77 583 1.0
77 427 1.0
77 612 1.0
77 439 1.0
77 586 1.0
77 442 1.0
77 527 1.0
77 446 -1.0
77 452 1.0
77 463 1.0
77 470 1.0
77 479 1.0
77 443 1.0
77 252 1.0
77 495 1.0
77 498 1.0
77 500 -1.0
77 509 1.0
77 511 1.0
78 537 1.0
78 561 1.0
78 569 1.0
78 587 1.0
78 79 1.0
78 80 1.0
78 532 1.0
78 82 1.0
78 83 1.0
78 84 1.0
78 85 1.0
78 90 1.0
78 91 1.0
78 92 1.0
78 94 1.0
78 98 1.0
78 615 1.0
78 105 1.0
78 108 1.0
78 111 1.0
78 112 1.0
78 113 1.0
78 114 -1.0
78 115 1.0
78 116 -1.0
78 630 1.0
78 121 1.0
78 123 1.0
78 124 1.0
78 132 1.0
78 134 1.0
78 135 1.0
78 136 1.0
78 145 1.0
78 146 1.0
78 148 1.0
78 154 1.0
78 156 1.0
78 159 1.0
78 162 1.0
78 164 1.0
78 165 1.0
78 169 1.0
78 172 -1.0
78 175 -1.0
78 177 1.0
78 628 1.0
78 183 1.0
78 629 -1.0
78 192 1.0
78 193 1.0
78 202 1.0
78 548 -1.0
78 217 1.0
78 219 1.0
78 227 1.0
78 636 1.0
78 551 1.0
78 531 1.0
78 251 1.0
78 252 1.0
78 253 1.0
78 254 1.0
78 643 1.0
78 271 1.0
78 272 1.0
78 644 1.0
78 277 1.0
78 281 1.0
78 283 -1.0
78 285 -1.0
78 293 1.0
78 647 1.0
78 306 1.0
78 298 1.0
78 301 1.0
78 649 1.0
78 307 1.0
78 309 1.0
78 311 1.0
78 314 1.0
78 328 1.0
78 330 1.0
78 337 -1.0
78 339 1.0
78 572 1.0
78 357 1.0
78 359 1.0
78 361 1.0
78 276 1.0
78 364 1.0
78 368 1.0
78 576 1.0
78 385 -1.0
78 387 1.0
78 397 -1.0
78 579 1.0
78 403 1.0
78 580 1.0
78 270 1.0
78 407 1.0
78 515 1.0
78 418 1.0
78 431 1.0
78 432 1.0
78 443 1.0
78 446 1.0
78 447 1.0
78 449 1.0
78 457 1.0
78 458 1.0
78 459 1.0
78 463 1.0
78 467 1.0
78 591 1.0
78 471 1.0
78 473 1.0
78 476 1.0
78 477 1.0
78 484 1.0
78 487 1.0
78 491 1.0
78 492 1.0
78 495 1.0
78 499 1.0
78 503 -1.0
79 533 1.0
79 544 1.0
79 558 1.0
79 569 1.0
79 97 1.0
79 580 1.0
79 583 1.0
79 588 1.0
79 80 1.0
79 81 1.0
79 83 1.0
79 85 1.0
79 598 1.0
79 87 1.0
79 89 1.0
79 91 1.0
79 604 1.0
79 93 1.0
79 96 1.0
79 609 1.0
79 98 1.0
79 611 1.0
79 101 1.0
79 103 1.0
79 104 1.0
79 105 -1.0
79 107 1.0
79 110 1.0
79 111 1.0
79 113 1.0
79 532 1.0
79 117 1.0
79 118 1.0
79 120 -1.0
79 126 1.0
79 127 -1.0
79 128 1.0
79 129 1.0
79 131 1.0
79 132 1.0
79 133 1.0
79 134 1.0
79 139 1.0
79 141 -1.0
79 143 1.0
79 148 1.0
79 149 1.0
79 151 1.0
79 153 1.0
79 156 1.0
79 158 1.0
79 162 1.0
79 535 -1.0
79 174 -1.0
79 181 1.0
79 183 1.0
79 534 1.0
79 191 1.0
79 193 1.0
79 545 1.0
79 546 1.0
79 203 1.0
79 204 1.0
79 206 1.0
79 218 1.0
79 220 1.0
79 635 1.0
79 622 1.0
79 226 1.0
79 229 1.0
79 551 -1.0
79 235 1.0
79 244 -1.0
79 247 1.0
79 554 1.0
79 282 1.0
79 255 -1.0
79 256 1.0
79 641 1.0
79 556 1.0
79 265 1.0
79 271 1.0
79 273 1.0
79 644 -1.0
79 645 -1.0
79 290 1.0
79 293 1.0
79 302 1.0
79 649 1.0
79 308 1.0
79 650 -1.0
79 313 1.0
79 327 -1.0
79 568 1.0
79 334 1.0
79 344 -1.0
79 347 1.0
79 230 1.0
79 358 1.0
79 365 -1.0
79 367 1.0
79 368 1.0
79 374 -1.0
79 377 1.0
79 378 1.0
79 379 1.0
79 382 1.0
79 393 1.0
79 394 1.0
79 402 1.0
79 270 1.0
79 406 1.0
79 414 1.0
79 415 1.0
79 417 1.0
79 423 1.0
79 433 1.0
79 435 1.0
79 442 1.0
79 443 1.0
79 445 1.0
79 452 -1.0
79 455 1.0
79 458 -1.0
79 462 -1.0
79 463 1.0
79 465 1.0
79 476 1.0
79 478 1.0
79 484 1.0
79 253 1.0
79 498 1.0
79 499 1.0
79 500 1.0
79 508 1.0
80 541 -1.0
80 551 1.0
80 556 1.0
80 521 1.0
80 563 1.0
80 95 1.0
80 571 1.0
80 525 1.0
80 594 1.0
80 596 1.0
80 86 1.0
80 600 1.0
80 91 1.0
80 93 1.0
80 94 1.0
80 607 1.0
80 96 1.0
80 99 1.0
80 100 1.0
80 530 -1.0
80 104 1.0
80 106 1.0
80 107 1.0
80 109 1.0
80 110 1.0
80 113 1.0
80 114 1.0
80 116 1.0
80 629 -1.0
80 118 1.0
80 121 1.0
80 123 1.0
80 636 1.0
80 125 1.0
80 126 1.0
80 132 1.0
80 136 1.0
80 138 -1.0
80 140 1.0
80 143 1.0
80 146 1.0
80 147 1.0
80 148 1.0
80 149 1.0
80 150 -1.0
80 152 1.0
80 153 1.0
80 154 1.0
80 155 1.0
80 157 1.0
80 158 1.0
80 160 1.0
80 161 -1.0
80 167 1.0
80 179 1.0
80 180 1.0
80 181 -1.0
80 543 1.0
80 187 1.0
80 630 1.0
80 198 1.0
80 201 1.0
80 202 1.0
80 206 1.0
80 633 1.0
80 211 -1.0
80 215 1.0
80 217 1.0
80 227 1.0
80 231 1.0
80 637 1.0
80 248 1.0
80 250 1.0
80 252 1.0
80 254 1.0
80 255 1.0
80 259 1.0
80 260 1.0
80 538 1.0
80 643 1.0
80 271 1.0
80 279 1.0
80 283 1.0
80 624 1.0
80 539 1.0
80 293 1.0
80 562 1.0
80 307 1.0
80 650 1.0
80 321 1.0
80 482 1.0
80 329 -1.0
80 570 1.0
80 346 1.0
80 370 1.0
80 379 1.0
80 384 1.0
80 577 1.0
80 401 1.0
80 404 1.0
80 406 1.0
80 411 1.0
80 414 -1.0
80 420 1.0
80 425 1.0
80 585 1.0
80 443 1.0
80 447 1.0
80 449 1.0
80 455 1.0
80 457 1.0
80 458 1.0
80 468 1.0
80 591 1.0
80 628 1.0
80 618 -1.0
80 486 1.0
80 491 1.0
80 498 1.0
80 506 1.0
80 511 1.0
81 513 1.0
81 607 1.0
81 569 1.0
81 584 1.0
81 586 1.0
81 590 1.0
81 82 1.0
81 84 1.0
81 85 1.0
81 89 1.0
81 90 1.0
81 94 1.0
81 95 1.0
81 96 1.0
81 97 1.0
81 98 1.0
81 99 1.0
81 101 1.0
81 614 1.0
81 103 1.0
81 530 -1.0
81 105 1.0
81 106 1.0
81 107 1.0
81 616 1.0
81 109 1.0
81 110 1.0
81 111 1.0
81 112 1.0
81 625 -1.0
81 114 1.0
81 117 1.0
81 119 1.0
81 632 1.0
81 124 1.0
81 126 1.0
81 130 1.0
81 132 1.0
81 135 1.0
81 137 1.0
81 138 1.0
81 140 1.0
81 144 1.0
81 148 1.0
81 149 1.0
81 150 1.0
81 151 1.0
81 153 1.0
81 157 1.0
81 158 -1.0
81 159 1.0
81 160 1.0
81 161 1.0
81 162 1.0
81 171 1.0
81 172 -1.0
81 175 1.0
81 182 1.0
81 551 1.0
81 629 1.0
81 188 1.0
81 189 -1.0
81 190 1.0
81 630 1.0
81 194 1.0
81 203 1.0
81 211 1.0
81 634 1.0
81 229 -1.0
81 230 1.0
81 233 1.0
81 452 1.0
81 242 1.0
81 251 1.0
81 257 1.0
81 259 1.0
81 260 1.0
81 261 1.0
81 514 1.0
81 642 1.0
81 272 1.0
81 644 1.0
81 284 1.0
81 285 1.0
81 647 1.0
81 296 1.0
81 648 1.0
81 649 1.0
81 650 1.0
81 316 1.0
81 540 1.0
81 322 1.0
81 323 1.0
81 324 1.0
81 329 1.0
81 338 1.0
81 345 1.0
81 350 1.0
81 351 1.0
81 354 1.0
81 356 -1.0
81 371 -1.0
81 374 -1.0
81 378 1.0
81 576 1.0
81 382 1.0
81 385 1.0
81 578 1.0
81 397 1.0
81 412 1.0
81 418 1.0
81 419 1.0
81 583 1.0
81 426 1.0
81 432 1.0
81 500 1.0
81 441 -1.0
81 444 1.0
81 447 1.0
81 450 1.0
81 588 1.0
81 454 1.0
81 460 1.0
81 464 1.0
81 613 1.0
81 470 1.0
81 474 1.0
81 478 1.0
81 479 -1.0
81 422 1.0
81 486 1.0
81 488 1.0
81 490 1.0
81 495 1.0
81 596 1.0
81 509 1.0
81 512 1.0
82 599 1.0
82 569 1.0
82 344 1.0
82 582 1.0
82 586 1.0
82 587 1.0
82 589 1.0
82 591 1.0
82 592 1.0
82 612 1.0
82 85 1.0
82 598 1.0
82 87 1.0
82 88 1.0
82 89 1.0
82 602 1.0
82 91 1.0
82 95 1.0
82 97 1.0
82 610 1.0
82 100 1.0
82 101 1.0
82 103 -1.0
82 108 1.0
82 109 1.0
82 110 1.0
82 533 1.0
82 112 1.0
82 113 -1.0
82 114 1.0
82 117 1.0
82 119 1.0
82 120 1.0
82 123 1.0
82 125 1.0
82 638 -1.0
82 128 1.0
82 130 1.0
82 131 -1.0
82 133 1.0
82 135 1.0
82 136 1.0
82 137 1.0
82 622 1.0
82 145 1.0
82 148 -1.0
82 149 1.0
82 150 1.0
82 152 1.0
82 158 1.0
82 159 1.0
82 160 1.0
82 161 1.0
82 162 1.0
82 541 -1.0
82 535 1.0
82 172 1.0
82 175 1.0
82 187 1.0
82 189 1.0
82 193 -1.0
82 196 -1.0
82 517 1.0
82 205 -1.0
82 213 1.0
82 217 1.0
82 218 -1.0
82 222 1.0
82 224 1.0
82 228 1.0
82 531 1.0
82 234 1.0
82 552 1.0
82 111 1.0
82 242 1.0
82 244 1.0
82 245 1.0
82 248 1.0
82 249 1.0
82 250 1.0
82 640 1.0
82 261 1.0
82 262 1.0
82 264 -1.0
82 266 1.0
82 559 1.0
82 280 1.0
82 645 1.0
82 560 1.0
82 286 1.0
82 287 1.0
82 561 1.0
82 296 1.0
82 564 1.0
82 650 1.0
82 319 1.0
82 320 1.0
82 321 1.0
82 325 1.0
82 336 1.0
82 338 1.0
82 626 1.0
82 353 1.0
82 355 1.0
82 356 1.0
82 358 1.0
82 367 1.0
82 368 1.0
82 378 1.0
82 525 1.0
82 387 1.0
82 388 1.0
82 390 1.0
82 392 1.0
82 393 1.0
82 394 1.0
82 396 1.0
82 399 -1.0
82 494 1.0
82 406 1.0
82 408 1.0
82 410 1.0
82 411 1.0
82 412 1.0
82 422 -1.0
82 424 1.0
82 425 -1.0
82 429 1.0
82 432 1.0
82 438 1.0
82 578 1.0
82 447 1.0
82 449 1.0
82 462 1.0
82 465 1.0
82 473 1.0
82 618 1.0
82 485 1.0
82 490 -1.0
82 493 1.0
82 290 1.0
82 499 -1.0
82 170 1.0
82 505 1.0
82 530 1.0
82 511 1.0
82 512 1.0
83 600 1.0
83 532 1.0
83 86 1.0
83 88 1.0
83 89 1.0
83 90 1.0
83 92 1.0
83 93 1.0
83 606 1.0
83 95 1.0
83 98 1.0
83 99 1.0
83 616 1.0
83 105 -1.0
83 106 1.0
83 107 1.0
83 108 1.0
83 110 1.0
83 111 1.0
83 190 1.0
83 617 1.0
83 116 1.0
83 117 1.0
83 118 1.0
83 119 1.0
83 632 1.0
83 634 1.0
83 123 1.0
83 636 1.0
83 126 1.0
83 127 1.0
83 128 -1.0
83 130 1.0
83 643 1.0
83 132 1.0
83 134 1.0
83 136 1.0
83 137 1.0
83 138 1.0
83 139 1.0
83 141 1.0
83 142 1.0
83 144 -1.0
83 145 1.0
83 147 1.0
83 150 1.0
83 151 1.0
83 153 1.0
83 624 1.0
83 159 1.0
83 161 1.0
83 164 1.0
83 165 1.0
83 166 1.0
83 169 1.0
83 170 1.0
83 174 -1.0
83 175 1.0
83 181 1.0
83 543 1.0
83 189 1.0
83 534 -1.0
83 194 1.0
83 201 1.0
83 547 1.0
83 633 1.0
83 218 1.0
83 221 1.0
83 550 1.0
83 524 1.0
83 227 1.0
83 229 1.0
83 230 1.0
83 520 1.0
83 637 1.0
83 553 -1.0
83 639 1.0
83 249 1.0
83 556 1.0
83 266 1.0
83 273 1.0
83 274 1.0
83 277 1.0
83 646 1.0
83 647 1.0
83 298 -1.0
83 303 1.0
83 305 1.0
83 649 1.0
83 313 1.0
83 314 1.0
83 224 1.0
83 182 1.0
83 567 1.0
83 331 1.0
83 568 1.0
83 333 1.0
83 353 1.0
83 473 1.0
83 573 1.0
83 365 -1.0
83 366 -1.0
83 367 1.0
83 376 -1.0
83 576 1.0
83 383 1.0
83 384 1.0
83 385 1.0
83 387 -1.0
83 578 -1.0
83 395 1.0
83 397 1.0
83 579 1.0
83 580 1.0
83 407 1.0
83 426 1.0
83 433 1.0
83 246 1.0
83 332 1.0
83 454 1.0
83 455 1.0
83 459 1.0
83 462 1.0
83 528 1.0
83 474 -1.0
83 478 1.0
83 481 1.0
83 482 1.0
83 495 1.0
83 497 1.0
83 529 1.0
83 512 1.0
84 532 1.0
84 519 1.0
84 558 1.0
84 559 1.0
84 564 1.0
84 607 1.0
84 572 1.0
84 577 1.0
84 527 1.0
84 88 1.0
84 601 1.0
84 90 1.0
84 92 1.0
84 94 1.0
84 95 1.0
84 96 1.0
84 101 1.0
84 102 1.0
84 104 1.0
84 105 1.0
84 618 1.0
84 108 1.0
84 109 1.0
84 110 1.0
84 623 1.0
84 112 1.0
84 113 1.0
84 116 1.0
84 629 1.0
84 630 1.0
84 631 1.0
84 120 -1.0
84 121 1.0
84 124 1.0
84 126 1.0
84 640 1.0
84 129 1.0
84 131 1.0
84 132 1.0
84 134 1.0
84 135 1.0
84 137 1.0
84 138 1.0
84 139 1.0
84 111 1.0
84 152 1.0
84 153 1.0
84 156 1.0
84 158 1.0
84 159 1.0
84 163 1.0
84 164 -1.0
84 165 1.0
84 171 1.0
84 178 1.0
84 179 1.0
84 628 1.0
84 543 1.0
84 189 1.0
84 196 1.0
84 211 1.0
84 212 1.0
84 213 -1.0
84 216 -1.0
84 217 1.0
84 219 1.0
84 220 1.0
84 230 1.0
84 241 1.0
84 245 1.0
84 639 1.0
84 554 1.0
84 556 -1.0
84 261 1.0
84 521 1.0
84 271 1.0
84 302 1.0
84 279 1.0
84 286 1.0
84 616 1.0
84 539 1.0
84 297 1.0
84 563 1.0
84 309 -1.0
84 310 1.0
84 650 1.0
84 565 1.0
84 315 1.0
84 316 1.0
84 319 1.0
84 320 1.0
84 540 1.0
84 328 1.0
84 330 1.0
84 569 1.0
84 341 1.0
84 345 1.0
84 571 1.0
84 351 1.0
84 359 1.0
84 363 1.0
84 364 1.0
84 375 1.0
84 376 1.0
84 380 1.0
84 382 1.0
84 386 1.0
84 390 1.0
84 393 1.0
84 394 -1.0
84 420 1.0
84 422 -1.0
84 435 1.0
84 438 1.0
84 439 1.0
84 444 1.0
84 246 1.0
84 451 1.0
84 453 1.0
84 455 1.0
84 248 -1.0
84 461 1.0
84 590 1.0
84 465 1.0
84 467 1.0
84 474 1.0
84 477 1.0
84 460 1.0
84 490 1.0
84 493 1.0
84 501 1.0
84 503 1.0
84 506 1.0
84 510 1.0
85 578 1.0
85 592 1.0
85 612 1.0
85 89 1.0
85 90 1.0
85 604 -1.0
85 93 1.0
85 94 1.0
85 95 1.0
85 96 1.0
85 97 1.0
85 98 1.0
85 100 1.0
85 613 1.0
85 105 1.0
85 106 1.0
85 107 -1.0
85 111 1.0
85 617 1.0
85 532 1.0
85 117 1.0
85 118 1.0
85 123 1.0
85 126 -1.0
85 128 1.0
85 129 1.0
85 130 1.0
85 131 1.0
85 135 1.0
85 136 1.0
85 137 1.0
85 138 -1.0
85 142 1.0
85 143 1.0
85 149 -1.0
85 150 1.0
85 151 1.0
85 152 1.0
85 153 1.0
85 155 1.0
85 156 -1.0
85 157 1.0
85 158 1.0
85 159 1.0
85 161 1.0
85 163 1.0
85 164 1.0
85 166 1.0
85 172 1.0
85 173 1.0
85 185 1.0
85 629 1.0
85 187 -1.0
85 544 1.0
85 190 -1.0
85 200 -1.0
85 201 1.0
85 204 1.0
85 209 1.0
85 213 -1.0
85 549 1.0
85 223 1.0
85 605 1.0
85 636 1.0
85 229 1.0
85 551 1.0
85 282 1.0
85 638 1.0
85 245 1.0
85 246 1.0
85 247 1.0
85 554 1.0
85 251 1.0
85 640 1.0
85 253 1.0
85 254 1.0
85 265 -1.0
85 271 1.0
85 273 1.0
85 274 1.0
85 277 1.0
85 645 1.0
85 292 1.0
85 293 1.0
85 647 1.0
85 296 1.0
85 648 1.0
85 305 1.0
85 650 1.0
85 625 1.0
85 317 1.0
85 540 -1.0
85 324 1.0
85 328 1.0
85 334 -1.0
85 338 1.0
85 535 1.0
85 367 1.0
85 370 1.0
85 377 1.0
85 379 1.0
85 385 -1.0
85 388 1.0
85 392 1.0
85 401 -1.0
85 404 1.0
85 405 1.0
85 410 1.0
85 412 1.0
85 421 1.0
85 423 1.0
85 584 1.0
85 430 1.0
85 434 1.0
85 442 1.0
85 443 1.0
85 444 1.0
85 454 1.0
85 458 1.0
85 460 1.0
85 590 1.0
85 465 1.0
85 467 -1.0
85 473 1.0
85 529 1.0
85 508 1.0
85 509 1.0
86 532 1.0
86 546 1.0
86 567 1.0
86 569 1.0
86 609 1.0
86 582 1.0
86 87 1.0
86 600 1.0
86 90 1.0
86 91 1.0
86 92 -1.0
86 607 1.0
86 608 1.0
86 97 1.0
86 98 1.0
86 99 1.0
86 101 1.0
86 103 1.0
86 104 1.0
86 105 1.0
86 106 1.0
86 107 -1.0
86 108 1.0
86 109 1.0
86 110 1.0
86 111 -1.0
86 112 1.0
86 113 1.0
86 114 1.0
86 627 -1.0
86 116 1.0
86 121 1.0
86 122 1.0
86 125 1.0
86 127 1.0
86 130 1.0
86 135 1.0
86 137 1.0
86 138 1.0
86 139 1.0
86 143 1.0
86 147 1.0
86 148 1.0
86 150 1.0
86 151 1.0
86 153 1.0
86 154 1.0
86 156 1.0
86 157 1.0
86 158 1.0
86 161 1.0
86 162 1.0
86 163 1.0
86 164 -1.0
86 165 1.0
86 166 1.0
86 169 1.0
86 171 1.0
86 175 1.0
86 178 1.0
86 179 1.0
86 180 1.0
86 183 1.0
86 190 1.0
86 193 -1.0
86 621 1.0
86 197 1.0
86 200 1.0
86 214 1.0
86 549 -1.0
86 223 -1.0
86 232 1.0
86 236 -1.0
86 240 1.0
86 243 1.0
86 625 1.0
86 554 -1.0
86 263 1.0
86 386 1.0
86 557 1.0
86 270 -1.0
86 278 1.0
86 289 -1.0
86 649 1.0
86 564 1.0
86 314 -1.0
86 317 1.0
86 326 1.0
86 328 1.0
86 334 -1.0
86 345 1.0
86 346 1.0
86 349 1.0
86 351 1.0
86 357 1.0
86 360 1.0
86 362 1.0
86 365 1.0
86 376 1.0
86 377 1.0
86 381 1.0
86 577 1.0
86 391 1.0
86 396 -1.0
86 397 1.0
86 402 1.0
86 403 1.0
86 580 1.0
86 410 -1.0
86 412 1.0
86 526 1.0
86 419 1.0
86 422 1.0
86 431 -1.0
86 440 1.0
86 587 1.0
86 449 1.0
86 450 1.0
86 456 1.0
86 613 1.0
86 467 1.0
86 484 1.0
86 487 1.0
86 493 1.0
86 495 1.0
86 499 1.0
86 505 1.0
86 506 1.0
86 511 -1.0
87 513 1.0
87 556 1.0
87 589 1.0
87 515 1.0
87 91 1.0
87 92 1.0
87 94 1.0
87 95 1.0
87 608 1.0
87 97 -1.0
87 100 1.0
87 530 1.0
87 103 1.0
87 616 1.0
87 105 1.0
87 107 1.0
87 108 1.0
87 621 1.0
87 110 1.0
87 624 1.0
87 114 -1.0
87 115 1.0
87 118 1.0
87 119 1.0
87 120 -1.0
87 122 1.0
87 124 -1.0
87 638 1.0
87 127 1.0
87 640 1.0
87 130 1.0
87 132 1.0
87 136 -1.0
87 140 -1.0
87 142 1.0
87 143 1.0
87 144 1.0
87 145 1.0
87 150 1.0
87 151 1.0
87 154 1.0
87 156 1.0
87 157 1.0
87 159 1.0
87 160 1.0
87 162 1.0
87 163 1.0
87 164 1.0
87 166 1.0
87 167 1.0
87 168 1.0
87 170 1.0
87 174 1.0
87 183 -1.0
87 185 1.0
87 536 -1.0
87 547 1.0
87 210 1.0
87 219 1.0
87 227 1.0
87 228 1.0
87 231 1.0
87 243 -1.0
87 246 1.0
87 247 1.0
87 251 1.0
87 555 1.0
87 270 1.0
87 558 1.0
87 273 1.0
87 274 1.0
87 280 1.0
87 285 -1.0
87 291 1.0
87 301 -1.0
87 304 1.0
87 305 1.0
87 649 1.0
87 310 1.0
87 313 1.0
87 314 1.0
87 316 1.0
87 327 -1.0
87 336 1.0
87 340 -1.0
87 349 1.0
87 524 1.0
87 354 1.0
87 357 -1.0
87 359 1.0
87 363 1.0
87 365 1.0
87 369 1.0
87 370 1.0
87 381 1.0
87 382 1.0
87 525 1.0
87 385 -1.0
87 388 1.0
87 402 1.0
87 411 1.0
87 413 1.0
87 426 1.0
87 430 1.0
87 438 1.0
87 439 1.0
87 440 1.0
87 444 1.0
87 447 1.0
87 450 1.0
87 455 1.0
87 456 -1.0
87 481 1.0
87 594 1.0
87 492 1.0
87 510 1.0
88 516 1.0
88 547 1.0
88 523 -1.0
88 584 1.0
88 589 1.0
88 600 1.0
88 89 1.0
88 92 -1.0
88 93 -1.0
88 94 1.0
88 95 1.0
88 96 1.0
88 97 1.0
88 98 1.0
88 611 1.0
88 613 -1.0
88 102 -1.0
88 104 1.0
88 105 1.0
88 107 1.0
88 108 1.0
88 109 1.0
88 622 1.0
88 113 1.0
88 114 1.0
88 115 -1.0
88 116 1.0
88 118 1.0
88 120 -1.0
88 633 -1.0
88 123 -1.0
88 129 1.0
88 130 1.0
88 133 1.0
88 261 1.0
88 136 1.0
88 143 1.0
88 146 1.0
88 149 1.0
88 150 -1.0
88 151 1.0
88 152 1.0
88 153 1.0
88 154 1.0
88 155 1.0
88 158 1.0
88 162 1.0
88 164 1.0
88 169 1.0
88 170 1.0
88 171 1.0
88 172 1.0
88 173 1.0
88 628 1.0
88 185 1.0
88 604 1.0
88 199 -1.0
88 519 1.0
88 204 1.0
88 209 1.0
88 212 1.0
88 217 1.0
88 218 1.0
88 513 1.0
88 229 1.0
88 234 1.0
88 236 1.0
88 638 -1.0
88 244 1.0
88 256 1.0
88 260 1.0
88 538 1.0
88 262 1.0
88 643 1.0
88 558 1.0
88 559 1.0
88 279 -1.0
88 282 1.0
88 284 1.0
88 285 1.0
88 287 1.0
88 539 -1.0
88 294 1.0
88 306 1.0
88 298 1.0
88 299 -1.0
88 222 1.0
88 649 1.0
88 311 1.0
88 565 -1.0
88 318 1.0
88 322 1.0
88 330 1.0
88 334 -1.0
88 337 1.0
88 569 1.0
88 339 1.0
88 626 1.0
88 347 1.0
88 349 1.0
88 518 1.0
88 355 1.0
88 572 1.0
88 359 1.0
88 574 1.0
88 374 -1.0
88 377 1.0
88 576 1.0
88 388 1.0
88 392 1.0
88 607 1.0
88 403 1.0
88 406 1.0
88 411 1.0
88 418 1.0
88 427 1.0
88 431 1.0
88 435 1.0
88 441 1.0
88 447 1.0
88 448 1.0
88 450 1.0
88 453 1.0
88 562 1.0
88 472 1.0
88 477 1.0
88 482 -1.0
88 483 1.0
88 485 1.0
88 488 1.0
88 494 1.0
88 596 1.0
88 529 1.0
88 505 1.0
88 510 1.0
89 513 1.0
89 559 1.0
89 568 1.0
89 582 1.0
89 611 1.0
89 598 1.0
89 91 1.0
89 92 1.0
89 93 1.0
89 94 1.0
89 95 1.0
89 97 1.0
89 99 1.0
89 100 1.0
89 613 1.0
89 102 1.0
89 103 1.0
89 104 1.0
89 106 1.0
89 108 1.0
89 110 1.0
89 111 1.0
89 112 1.0
89 625 1.0
89 117 1.0
89 119 1.0
89 121 1.0
89 122 1.0
89 124 1.0
89 127 1.0
89 128 1.0
89 130 1.0
89 132 1.0
89 135 1.0
89 137 1.0
89 139 1.0
89 142 1.0
89 143 -1.0
89 144 1.0
89 145 1.0
89 147 1.0
89 154 1.0
89 156 1.0
89 161 1.0
89 165 1.0
89 170 1.0
89 171 1.0
89 173 1.0
89 174 -1.0
89 175 1.0
89 176 1.0
89 177 1.0
89 543 1.0
89 184 -1.0
89 629 -1.0
89 190 1.0
89 604 1.0
89 199 1.0
89 200 1.0
89 201 1.0
89 212 1.0
89 215 1.0
89 634 1.0
89 616 1.0
89 219 1.0
89 223 1.0
89 226 1.0
89 229 1.0
89 551 1.0
89 231 1.0
89 239 1.0
89 240 1.0
89 246 1.0
89 623 1.0
89 263 1.0
89 266 1.0
89 267 1.0
89 268 1.0
89 270 1.0
89 560 1.0
89 285 1.0
89 286 1.0
89 522 1.0
89 297 1.0
89 298 1.0
89 299 1.0
89 620 1.0
89 564 1.0
89 317 1.0
89 328 1.0
89 333 1.0
89 335 1.0
89 344 1.0
89 518 -1.0
89 230 -1.0
89 355 1.0
89 572 1.0
89 365 1.0
89 370 -1.0
89 382 1.0
89 387 1.0
89 624 -1.0
89 406 1.0
89 413 1.0
89 417 1.0
89 425 1.0
89 432 1.0
89 449 1.0
89 452 1.0
89 456 1.0
89 457 1.0
89 460 1.0
89 462 -1.0
89 463 1.0
89 481 1.0
89 484 1.0
89 485 1.0
89 492 1.0
89 497 1.0
89 500 1.0
89 501 -1.0
89 505 1.0
89 510 1.0
90 513 1.0
90 604 -1.0
90 577 1.0
90 617 1.0
90 613 1.0
90 92 1.0
90 94 1.0
90 96 1.0
90 97 1.0
90 529 1.0
90 99 -1.0
90 101 1.0
90 614 1.0
90 105 1.0
90 106 1.0
90 626 1.0
90 118 1.0
90 119 1.0
90 121 1.0
90 123 1.0
90 125 1.0
90 127 1.0
90 128 -1.0
90 131 1.0
90 132 1.0
90 133 1.0
90 134 1.0
90 135 1.0
90 138 1.0
90 140 1.0
90 141 1.0
90 147 1.0
90 153 1.0
90 154 -1.0
90 156 1.0
90 157 1.0
90 158 1.0
90 161 1.0
90 162 1.0
90 163 1.0
90 167 1.0
90 168 1.0
90 169 1.0
90 535 1.0
90 175 1.0
90 176 1.0
90 177 1.0
90 179 1.0
90 184 1.0
90 185 1.0
90 629 1.0
90 187 1.0
90 189 1.0
90 193 1.0
90 197 1.0
90 546 1.0
90 202 1.0
90 204 1.0
90 206 1.0
90 515 1.0
90 212 1.0
90 213 1.0
90 214 1.0
90 215 -1.0
90 217 1.0
90 219 1.0
90 226 1.0
90 227 1.0
90 228 1.0
90 637 1.0
90 236 1.0
90 238 1.0
90 241 1.0
90 244 -1.0
90 259 1.0
90 538 1.0
90 263 1.0
90 267 1.0
90 272 1.0
90 273 1.0
90 644 1.0
90 645 1.0
90 560 1.0
90 286 1.0
90 646 1.0
90 290 1.0
90 294 1.0
90 299 1.0
90 300 1.0
90 305 1.0
90 650 1.0
90 314 1.0
90 315 -1.0
90 317 -1.0
90 319 1.0
90 324 1.0
90 330 -1.0
90 345 1.0
90 350 1.0
90 524 -1.0
90 356 1.0
90 357 1.0
90 359 1.0
90 366 1.0
90 369 1.0
90 372 1.0
90 234 1.0
90 381 1.0
90 384 1.0
90 392 1.0
90 405 1.0
90 412 1.0
90 414 1.0
90 416 1.0
90 583 1.0
90 425 1.0
90 427 1.0
90 440 1.0
90 443 1.0
90 444 1.0
90 445 1.0
90 446 1.0
90 455 1.0
90 468 1.0
90 475 1.0
90 479 1.0
90 484 1.0
90 488 -1.0
90 491 1.0
90 494 1.0
90 495 1.0
90 496 -1.0
90 507 1.0
91 558 1.0
91 563 1.0
91 580 1.0
91 585 1.0
91 92 1.0
91 94 1.0
91 95 1.0
91 608 -1.0
91 97 1.0
91 98 1.0
91 105 1.0
91 619 1.0
91 108 1.0
91 109 -1.0
91 111 1.0
91 112 1.0
91 113 -1.0
91 114 1.0
91 115 1.0
91 118 1.0
91 121 -1.0
91 122 1.0
91 125 1.0
91 126 1.0
91 127 1.0
91 130 1.0
91 643 -1.0
91 132 1.0
91 133 1.0
91 136 1.0
91 138 1.0
91 140 1.0
91 146 1.0
91 147 1.0
91 148 1.0
91 149 -1.0
91 151 1.0
91 152 1.0
91 153 1.0
91 155 1.0
91 156 1.0
91 157 1.0
91 158 1.0
91 159 1.0
91 161 -1.0
91 162 1.0
91 166 1.0
91 168 1.0
91 169 -1.0
91 170 1.0
91 172 1.0
91 173 1.0
91 174 1.0
91 178 1.0
91 181 1.0
91 182 1.0
91 621 1.0
91 195 1.0
91 650 1.0
91 208 1.0
91 210 1.0
91 211 1.0
91 214 1.0
91 634 1.0
91 549 1.0
91 224 1.0
91 225 1.0
91 229 1.0
91 231 1.0
91 552 1.0
91 239 1.0
91 243 1.0
91 640 1.0
91 623 -1.0
91 255 1.0
91 555 1.0
91 265 1.0
91 131 1.0
91 277 1.0
91 645 1.0
91 283 -1.0
91 289 1.0
91 291 1.0
91 647 1.0
91 295 1.0
91 296 1.0
91 299 1.0
91 648 -1.0
91 301 1.0
91 309 1.0
91 312 1.0
91 314 1.0
91 317 1.0
91 320 1.0
91 324 1.0
91 325 1.0
91 328 1.0
91 338 1.0
91 339 1.0
91 570 -1.0
91 345 1.0
91 347 1.0
91 355 1.0
91 358 1.0
91 617 1.0
91 373 1.0
91 575 1.0
91 377 -1.0
91 378 1.0
91 300 1.0
91 385 1.0
91 578 1.0
91 579 1.0
91 412 1.0
91 414 -1.0
91 420 1.0
91 425 1.0
91 429 -1.0
91 434 1.0
91 451 1.0
91 452 1.0
91 604 -1.0
91 467 1.0
91 469 -1.0
91 470 1.0
91 472 1.0
91 476 1.0
91 482 1.0
91 485 1.0
91 492 -1.0
91 493 1.0
91 495 1.0
91 614 1.0
91 498 1.0
91 499 1.0
91 502 1.0
91 507 1.0
91 509 1.0
91 598 1.0
92 516 1.0
92 540 1.0
92 549 1.0
92 570 1.0
92 98 1.0
92 585 1.0
92 526 1.0
92 593 1.0
92 597 1.0
92 93 1.0
92 94 1.0
92 97 1.0
92 610 1.0
92 100 1.0
92 101 1.0
92 102 1.0
92 104 -1.0
92 109 1.0
92 623 -1.0
92 112 1.0
92 116 1.0
92 117 1.0
92 630 1.0
92 633 1.0
92 637 1.0
92 126 1.0
92 127 1.0
92 128 1.0
92 642 -1.0
92 131 1.0
92 133 1.0
92 134 -1.0
92 136 1.0
92 137 1.0
92 138 1.0
92 139 1.0
92 141 1.0
92 143 1.0
92 144 1.0
92 145 1.0
92 146 1.0
92 149 1.0
92 156 -1.0
92 158 1.0
92 159 1.0
92 161 1.0
92 163 1.0
92 166 -1.0
92 168 1.0
92 170 1.0
92 171 1.0
92 174 1.0
92 192 1.0
92 621 -1.0
92 197 -1.0
92 206 1.0
92 209 1.0
92 551 1.0
92 537 1.0
92 233 -1.0
92 247 1.0
92 554 1.0
92 250 1.0
92 253 1.0
92 260 1.0
92 262 1.0
92 521 1.0
92 267 1.0
92 273 1.0
92 274 1.0
92 275 1.0
92 278 1.0
92 645 1.0
92 283 1.0
92 287 1.0
92 646 1.0
92 289 1.0
92 293 1.0
92 298 1.0
92 307 1.0
92 311 -1.0
92 317 1.0
92 318 -1.0
92 322 1.0
92 327 1.0
92 568 1.0
92 569 1.0
92 626 1.0
92 346 1.0
92 351 1.0
92 361 1.0
92 368 1.0
92 525 1.0
92 391 1.0
92 578 1.0
92 395 1.0
92 396 1.0
92 401 1.0
92 580 1.0
92 411 1.0
92 412 1.0
92 416 1.0
92 420 1.0
92 432 -1.0
92 451 1.0
92 588 -1.0
92 455 1.0
92 457 1.0
92 589 1.0
92 468 1.0
92 482 1.0
92 486 1.0
92 488 1.0
92 490 1.0
92 492 1.0
92 493 1.0
92 595 1.0
92 495 -1.0
92 506 1.0
92 508 1.0
93 513 1.0
93 514 1.0
93 550 1.0
93 585 1.0
93 611 -1.0
93 593 1.0
93 594 -1.0
93 527 1.0
93 602 1.0
93 606 1.0
93 96 1.0
93 97 1.0
93 98 1.0
93 99 1.0
93 101 1.0
93 102 1.0
93 103 1.0
93 105 1.0
93 108 1.0
93 621 1.0
93 622 1.0
93 623 1.0
93 112 1.0
93 114 -1.0
93 115 1.0
93 116 1.0
93 118 1.0
93 119 1.0
93 121 1.0
93 533 -1.0
93 125 1.0
93 126 1.0
93 127 1.0
93 130 1.0
93 131 1.0
93 132 1.0
93 137 1.0
93 138 1.0
93 139 -1.0
93 142 1.0
93 143 1.0
93 145 1.0
93 147 1.0
93 149 1.0
93 151 1.0
93 152 1.0
93 155 1.0
93 159 1.0
93 160 1.0
93 163 1.0
93 167 1.0
93 168 1.0
93 169 1.0
93 172 1.0
93 174 1.0
93 176 1.0
93 180 1.0
93 181 1.0
93 543 1.0
93 189 1.0
93 190 1.0
93 194 1.0
93 205 -1.0
93 207 1.0
93 214 1.0
93 599 1.0
93 224 -1.0
93 228 1.0
93 582 1.0
93 637 1.0
93 235 1.0
93 638 1.0
93 241 1.0
93 247 1.0
93 259 1.0
93 265 1.0
93 267 1.0
93 275 1.0
93 279 1.0
93 282 1.0
93 292 1.0
93 295 1.0
93 301 1.0
93 649 1.0
93 608 1.0
93 566 1.0
93 321 1.0
93 325 1.0
93 330 1.0
93 615 1.0
93 333 1.0
93 340 1.0
93 341 1.0
93 626 1.0
93 346 1.0
93 356 1.0
93 358 1.0
93 362 -1.0
93 372 1.0
93 373 1.0
93 374 1.0
93 375 1.0
93 381 1.0
93 384 1.0
93 388 1.0
93 389 1.0
93 390 1.0
93 391 1.0
93 394 1.0
93 395 1.0
93 581 1.0
93 411 1.0
93 412 1.0
93 413 1.0
93 415 1.0
93 416 1.0
93 421 1.0
93 422 1.0
93 428 1.0
93 434 1.0
93 441 -1.0
93 447 1.0
93 450 1.0
93 460 1.0
93 468 1.0
93 470 1.0
93 472 1.0
93 475 1.0
93 476 1.0
93 481 -1.0
93 490 1.0
93 495 1.0
93 500 1.0
93 503 1.0
93 508 1.0
93 509 -1.0
94 516 1.0
94 542 1.0
94 559 1.0
94 575 1.0
94 583 1.0
94 591 1.0
94 605 1.0
94 98 1.0
94 101 1.0
94 615 1.0
94 104 1.0
94 105 1.0
94 618 1.0
94 109 1.0
94 110 1.0
94 111 1.0
94 617 1.0
94 115 1.0
94 116 1.0
94 118 -1.0
94 120 1.0
94 121 1.0
94 122 1.0
94 123 1.0
94 125 1.0
94 126 1.0
94 127 1.0
94 640 1.0
94 129 -1.0
94 130 1.0
94 131 1.0
94 133 1.0
94 135 1.0
94 649 1.0
94 139 -1.0
94 143 1.0
94 144 1.0
94 145 1.0
94 149 -1.0
94 150 1.0
94 152 1.0
94 153 1.0
94 156 1.0
94 159 1.0
94 161 1.0
94 164 1.0
94 168 1.0
94 172 1.0
94 176 1.0
94 181 1.0
94 191 1.0
94 545 1.0
94 203 1.0
94 210 -1.0
94 212 1.0
94 218 1.0
94 222 1.0
94 622 1.0
94 231 1.0
94 233 1.0
94 234 1.0
94 531 1.0
94 256 1.0
94 257 1.0
94 556 1.0
94 261 1.0
94 264 -1.0
94 267 1.0
94 270 1.0
94 271 1.0
94 273 -1.0
94 276 1.0
94 278 1.0
94 624 1.0
94 285 -1.0
94 562 1.0
94 299 -1.0
94 302 1.0
94 304 1.0
94 309 1.0
94 310 1.0
94 312 1.0
94 313 -1.0
94 316 1.0
94 328 1.0
94 568 -1.0
94 340 1.0
94 348 1.0
94 350 1.0
94 351 1.0
94 354 1.0
94 361 1.0
94 369 1.0
94 372 1.0
94 373 1.0
94 385 1.0
94 602 1.0
94 400 1.0
94 403 1.0
94 404 1.0
94 407 -1.0
94 411 1.0
94 526 1.0
94 416 -1.0
94 418 1.0
94 420 1.0
94 424 1.0
94 433 1.0
94 439 1.0
94 444 1.0
94 445 1.0
94 587 1.0
94 451 1.0
94 588 1.0
94 457 1.0
94 463 1.0
94 529 1.0
94 467 1.0
94 473 1.0
94 475 1.0
94 476 1.0
94 477 -1.0
94 486 1.0
94 487 1.0
94 488 1.0
94 496 1.0
94 499 -1.0
94 596 1.0
94 501 1.0
94 503 1.0
94 511 1.0
95 543 1.0
95 551 1.0
95 557 1.0
95 609 1.0
95 611 1.0
95 608 1.0
95 97 1.0
95 98 1.0
95 99 1.0
95 101 1.0
95 102 1.0
95 104 1.0
95 108 1.0
95 109 1.0
95 110 1.0
95 111 1.0
95 113 -1.0
95 114 1.0
95 115 1.0
95 116 1.0
95 118 1.0
95 120 1.0
95 122 1.0
95 635 1.0
95 126 1.0
95 129 -1.0
95 131 1.0
95 134 1.0
95 135 1.0
95 136 1.0
95 137 1.0
95 140 1.0
95 144 1.0
95 146 1.0
95 148 1.0
95 153 1.0
95 154 1.0
95 155 1.0
95 156 1.0
95 157 1.0
95 159 1.0
95 162 1.0
95 164 1.0
95 165 1.0
95 168 1.0
95 171 1.0
95 173 1.0
95 175 1.0
95 176 1.0
95 178 1.0
95 182 -1.0
95 183 -1.0
95 544 1.0
95 534 1.0
95 195 1.0
95 536 1.0
95 202 1.0
95 204 1.0
95 213 1.0
95 217 1.0
95 230 1.0
95 233 1.0
95 244 1.0
95 247 1.0
95 251 1.0
95 257 1.0
95 260 -1.0
95 263 1.0
95 265 1.0
95 643 1.0
95 558 1.0
95 275 1.0
95 276 1.0
95 278 1.0
95 279 1.0
95 281 1.0
95 632 1.0
95 283 1.0
95 616 -1.0
95 288 1.0
95 305 1.0
95 291 1.0
95 522 1.0
95 563 1.0
95 620 1.0
95 309 1.0
95 565 1.0
95 316 1.0
95 318 1.0
95 319 -1.0
95 320 1.0
95 322 1.0
95 323 -1.0
95 325 -1.0
95 567 1.0
95 330 1.0
95 331 1.0
95 333 1.0
95 344 1.0
95 347 1.0
95 359 1.0
95 361 1.0
95 367 1.0
95 574 -1.0
95 378 1.0
95 385 1.0
95 577 1.0
95 389 1.0
95 395 1.0
95 396 1.0
95 397 1.0
95 398 1.0
95 401 1.0
95 403 1.0
95 580 1.0
95 405 1.0
95 414 1.0
95 417 1.0
95 425 1.0
95 427 1.0
95 432 1.0
95 433 1.0
95 436 1.0
95 438 1.0
95 439 -1.0
95 443 -1.0
95 448 1.0
95 451 1.0
95 454 1.0
95 459 1.0
95 476 -1.0
95 477 -1.0
95 480 1.0
95 628 1.0
95 593 1.0
95 489 1.0
95 492 1.0
95 502 -1.0
95 505 1.0
96 543 1.0
96 558 -1.0
96 574 1.0
96 576 1.0
96 540 1.0
96 579 1.0
96 515 1.0
96 601 1.0
96 607 -1.0
96 98 1.0
96 99 1.0
96 100 1.0
96 101 1.0
96 102 1.0
96 103 1.0
96 618 1.0
96 106 1.0
96 620 1.0
96 109 1.0
96 110 1.0
96 112 1.0
96 113 1.0
96 114 1.0
96 115 1.0
96 117 1.0
96 118 1.0
96 119 1.0
96 120 1.0
96 123 1.0
96 124 1.0
96 126 1.0
96 127 1.0
96 128 1.0
96 129 1.0
96 130 1.0
96 644 1.0
96 134 1.0
96 136 1.0
96 104 1.0
96 138 1.0
96 140 1.0
96 147 1.0
96 148 -1.0
96 149 1.0
96 150 1.0
96 153 1.0
96 155 -1.0
96 156 1.0
96 158 -1.0
96 159 1.0
96 162 1.0
96 163 1.0
96 165 1.0
96 167 1.0
96 168 1.0
96 170 1.0
96 172 1.0
96 174 1.0
96 176 1.0
96 179 1.0
96 183 -1.0
96 544 1.0
96 189 -1.0
96 545 1.0
96 207 1.0
96 208 1.0
96 215 1.0
96 549 -1.0
96 224 1.0
96 226 1.0
96 227 1.0
96 237 1.0
96 452 1.0
96 638 1.0
96 639 1.0
96 247 1.0
96 554 1.0
96 255 1.0
96 257 -1.0
96 273 1.0
96 218 1.0
96 281 1.0
96 282 1.0
96 288 1.0
96 539 -1.0
96 292 1.0
96 298 1.0
96 299 -1.0
96 300 -1.0
96 305 1.0
96 649 1.0
96 308 1.0
96 311 1.0
96 316 1.0
96 321 -1.0
96 322 1.0
96 323 1.0
96 325 1.0
96 329 1.0
96 646 -1.0
96 342 1.0
96 570 1.0
96 354 1.0
96 355 1.0
96 359 -1.0
96 360 1.0
96 362 1.0
96 363 1.0
96 364 -1.0
96 365 1.0
96 383 1.0
96 384 1.0
96 391 1.0
96 393 1.0
96 400 1.0
96 401 1.0
96 403 1.0
96 406 1.0
96 408 1.0
96 409 1.0
96 415 1.0
96 416 1.0
96 433 1.0
96 586 1.0
96 450 1.0
96 588 -1.0
96 459 1.0
96 248 1.0
96 462 1.0
96 463 1.0
96 472 1.0
96 478 1.0
96 484 1.0
96 239 1.0
96 509 1.0
96 510 1.0
97 580 1.0
97 442 1.0
97 601 1.0
97 606 1.0
97 99 -1.0
97 612 1.0
97 530 1.0
97 103 1.0
97 104 -1.0
97 105 1.0
97 106 -1.0
97 107 1.0
97 616 1.0
97 109 1.0
97 112 -1.0
97 115 1.0
97 116 1.0
97 629 1.0
97 119 1.0
97 122 1.0
97 123 1.0
97 124 1.0
97 126 -1.0
97 127 1.0
97 128 1.0
97 130 1.0
97 131 1.0
97 134 1.0
97 135 1.0
97 136 1.0
97 137 1.0
97 139 -1.0
97 140 1.0
97 142 1.0
97 143 1.0
97 145 1.0
97 146 1.0
97 147 -1.0
97 151 1.0
97 153 1.0
97 156 -1.0
97 157 1.0
97 158 1.0
97 159 1.0
97 160 1.0
97 161 1.0
97 165 1.0
97 167 1.0
97 169 1.0
97 171 1.0
97 173 1.0
97 174 1.0
97 176 1.0
97 180 1.0
97 181 1.0
97 203 1.0
97 206 1.0
97 210 1.0
97 213 1.0
97 217 1.0
97 464 1.0
97 225 -1.0
97 551 1.0
97 242 1.0
97 246 1.0
97 248 1.0
97 623 1.0
97 257 1.0
97 265 1.0
97 266 1.0
97 271 -1.0
97 273 1.0
97 274 1.0
97 275 1.0
97 277 1.0
97 281 1.0
97 602 -1.0
97 288 1.0
97 522 1.0
97 296 1.0
97 297 1.0
97 563 -1.0
97 311 1.0
97 650 1.0
97 316 1.0
97 523 1.0
97 325 1.0
97 327 1.0
97 351 1.0
97 359 1.0
97 362 1.0
97 369 1.0
97 370 1.0
97 372 -1.0
97 374 1.0
97 377 1.0
97 577 -1.0
97 389 1.0
97 578 1.0
97 401 1.0
97 417 1.0
97 430 1.0
97 441 1.0
97 444 1.0
97 445 1.0
97 456 1.0
97 589 1.0
97 590 1.0
97 465 1.0
97 470 1.0
97 483 1.0
97 488 1.0
97 490 1.0
97 499 1.0
97 510 1.0
98 516 1.0
98 524 1.0
98 583 1.0
98 526 1.0
98 604 1.0
98 529 1.0
98 99 1.0
98 100 1.0
98 101 -1.0
98 102 1.0
98 103 1.0
98 106 1.0
98 107 1.0
98 620 -1.0
98 114 1.0
98 116 1.0
98 117 1.0
98 118 1.0
98 120 1.0
98 126 1.0
98 127 -1.0
98 130 1.0
98 131 1.0
98 132 1.0
98 133 1.0
98 135 1.0
98 136 1.0
98 137 1.0
98 140 1.0
98 141 1.0
98 144 1.0
98 145 1.0
98 146 1.0
98 147 1.0
98 150 1.0
98 153 1.0
98 154 1.0
98 155 1.0
98 160 1.0
98 164 1.0
98 173 1.0
98 176 1.0
98 177 1.0
98 178 1.0
98 179 1.0
98 181 -1.0
98 182 -1.0
98 183 1.0
98 185 1.0
98 544 1.0
98 189 1.0
98 199 1.0
98 536 1.0
98 632 1.0
98 205 1.0
98 221 1.0
98 223 1.0
98 571 1.0
98 552 1.0
98 553 1.0
98 639 1.0
98 247 1.0
98 248 1.0
98 555 1.0
98 256 1.0
98 259 -1.0
98 263 1.0
98 557 1.0
98 267 1.0
98 270 1.0
98 271 -1.0
98 274 -1.0
98 277 1.0
98 286 1.0
98 287 1.0
98 294 1.0
98 297 1.0
98 302 -1.0
98 306 1.0
98 315 1.0
98 318 1.0
98 326 1.0
98 327 1.0
98 329 1.0
98 341 1.0
98 350 1.0
98 541 1.0
98 352 1.0
98 353 1.0
98 364 1.0
98 366 1.0
98 574 1.0
98 372 1.0
98 395 1.0
98 403 1.0
98 628 1.0
98 581 1.0
98 415 1.0
98 419 1.0
98 427 1.0
98 430 -1.0
98 431 1.0
98 432 1.0
98 433 1.0
98 443 1.0
98 449 1.0
98 450 1.0
98 458 -1.0
98 460 -1.0
98 467 1.0
98 469 1.0
98 473 1.0
98 474 1.0
98 592 1.0
98 484 1.0
98 487 1.0
98 492 1.0
98 499 1.0
98 501 -1.0
99 516 1.0
99 521 1.0
99 523 1.0
99 602 1.0
99 539 1.0
99 190 1.0
99 607 1.0
99 574 1.0
99 584 1.0
99 587 1.0
99 590 1.0
99 100 1.0
99 101 1.0
99 102 1.0
99 103 1.0
99 106 1.0
99 107 1.0
99 108 -1.0
99 109 1.0
99 110 1.0
99 111 1.0
99 112 1.0
99 113 1.0
99 626 1.0
99 627 1.0
99 628 1.0
99 117 1.0
99 119 1.0
99 121 1.0
99 122 1.0
99 123 1.0
99 636 1.0
99 125 1.0
99 278 1.0
99 129 1.0
99 130 1.0
99 131 1.0
99 134 1.0
99 135 1.0
99 137 1.0
99 621 1.0
99 141 1.0
99 143 1.0
99 144 1.0
99 146 1.0
99 149 1.0
99 623 1.0
99 151 1.0
99 155 -1.0
99 157 1.0
99 158 -1.0
99 160 1.0
99 162 1.0
99 163 1.0
99 164 1.0
99 165 -1.0
99 167 1.0
99 169 1.0
99 170 -1.0
99 173 1.0
99 179 1.0
99 534 1.0
99 192 1.0
99 195 1.0
99 570 1.0
99 208 1.0
99 212 1.0
99 214 1.0
99 216 1.0
99 235 1.0
99 241 1.0
99 253 1.0
99 254 1.0
99 606 -1.0
99 641 1.0
99 538 1.0
99 264 -1.0
99 265 -1.0
99 270 1.0
99 558 1.0
99 559 1.0
99 282 -1.0
99 286 1.0
99 290 -1.0
99 647 1.0
99 620 1.0
99 307 1.0
99 309 1.0
99 317 1.0
99 326 1.0
99 329 1.0
99 332 -1.0
99 336 1.0
99 338 1.0
99 535 -1.0
99 343 1.0
99 344 1.0
99 609 -1.0
99 347 1.0
99 541 1.0
99 352 1.0
99 524 -1.0
99 363 1.0
99 372 1.0
99 380 -1.0
99 381 1.0
99 388 -1.0
99 400 1.0
99 532 1.0
99 406 1.0
99 410 1.0
99 543 1.0
99 413 1.0
99 415 1.0
99 434 -1.0
99 438 1.0
99 441 1.0
99 450 1.0
99 452 1.0
99 453 1.0
99 455 1.0
99 468 -1.0
99 481 1.0
99 489 1.0
99 490 1.0
99 493 1.0
99 595 1.0
100 513 1.0
100 514 1.0
100 518 1.0
100 308 1.0
100 579 1.0
100 596 1.0
100 527 1.0
100 600 1.0
100 606 -1.0
100 609 1.0
100 101 -1.0
100 102 1.0
100 104 1.0
100 105 -1.0
100 106 1.0
100 620 1.0
100 109 1.0
100 622 1.0
100 112 -1.0
100 113 1.0
100 114 -1.0
100 116 1.0
100 120 1.0
100 121 -1.0
100 122 -1.0
100 125 1.0
100 128 1.0
100 132 1.0
100 136 1.0
100 138 1.0
100 143 1.0
100 144 1.0
100 146 -1.0
100 150 1.0
100 151 1.0
100 154 1.0
100 155 1.0
100 158 1.0
100 159 1.0
100 163 1.0
100 164 1.0
100 168 1.0
100 172 1.0
100 173 1.0
100 181 1.0
100 183 1.0
100 185 1.0
100 189 1.0
100 197 1.0
100 198 1.0
100 199 1.0
100 205 1.0
100 207 1.0
100 209 1.0
100 217 1.0
100 219 1.0
100 550 1.0
100 227 -1.0
100 552 1.0
100 243 1.0
100 554 1.0
100 556 1.0
100 272 1.0
100 275 -1.0
100 560 1.0
100 287 1.0
100 539 1.0
100 293 1.0
100 294 1.0
100 648 1.0
100 302 -1.0
100 564 1.0
100 309 -1.0
100 603 1.0
100 224 1.0
100 317 1.0
100 310 1.0
100 332 1.0
100 333 1.0
100 344 1.0
100 558 1.0
100 541 1.0
100 355 1.0
100 358 1.0
100 359 1.0
100 361 1.0
100 364 -1.0
100 575 1.0
100 610 1.0
100 377 1.0
100 380 1.0
100 383 1.0
100 626 -1.0
100 391 1.0
100 393 -1.0
100 494 1.0
100 402 1.0
100 403 1.0
100 628 1.0
100 409 -1.0
100 543 1.0
100 584 1.0
100 433 1.0
100 435 1.0
100 447 1.0
100 456 1.0
100 458 1.0
100 461 1.0
100 463 1.0
100 464 1.0
100 591 -1.0
100 475 1.0
100 477 1.0
100 483 -1.0
100 594 1.0
100 595 1.0
100 497 1.0
100 499 1.0
100 500 1.0
101 518 -1.0
101 615 1.0
101 589 1.0
101 600 -1.0
101 603 1.0
101 612 1.0
101 102 1.0
101 103 1.0
101 104 1.0
101 105 1.0
101 106 1.0
101 107 1.0
101 109 1.0
101 110 1.0
101 113 -1.0
101 627 1.0
101 117 -1.0
101 120 1.0
101 121 1.0
101 123 1.0
101 124 -1.0
101 125 1.0
101 126 1.0
101 128 1.0
101 130 1.0
101 131 1.0
101 132 1.0
101 133 -1.0
101 134 1.0
101 135 1.0
101 136 -1.0
101 137 1.0
101 139 1.0
101 140 -1.0
101 145 1.0
101 148 1.0
101 150 1.0
101 625 1.0
101 153 1.0
101 157 1.0
101 158 -1.0
101 160 1.0
101 164 1.0
101 167 1.0
101 168 1.0
101 169 1.0
101 170 1.0
101 171 1.0
101 174 -1.0
101 175 1.0
101 177 1.0
101 178 -1.0
101 180 1.0
101 181 1.0
101 184 1.0
101 187 1.0
101 194 -1.0
101 604 1.0
101 196 -1.0
101 197 -1.0
101 198 1.0
101 200 1.0
101 206 1.0
101 210 1.0
101 622 1.0
101 605 1.0
101 228 1.0
101 235 1.0
101 240 1.0
101 246 1.0
101 250 1.0
101 253 -1.0
101 256 1.0
101 641 1.0
101 259 1.0
101 260 1.0
101 538 1.0
101 262 1.0
101 263 1.0
101 266 1.0
101 558 1.0
101 278 -1.0
101 285 -1.0
101 289 1.0
101 295 -1.0
101 303 -1.0
101 309 1.0
101 312 1.0
101 313 1.0
101 314 1.0
101 318 1.0
101 323 1.0
101 330 1.0
101 331 1.0
101 568 1.0
101 336 1.0
101 350 1.0
101 541 1.0
101 352 1.0
101 361 1.0
101 573 1.0
101 369 1.0
101 370 1.0
101 374 -1.0
101 375 1.0
101 376 1.0
101 400 1.0
101 405 1.0
101 406 1.0
101 409 -1.0
101 543 1.0
101 422 1.0
101 426 1.0
101 428 1.0
101 433 1.0
101 434 1.0
101 437 1.0
101 438 1.0
101 446 1.0
101 460 1.0
101 587 1.0
101 472 1.0
101 473 1.0
101 474 1.0
101 593 1.0
101 488 1.0
101 493 1.0
101 495 -1.0
101 499 1.0
101 508 -1.0
102 520 -1.0
102 522 -1.0
102 523 1.0
102 548 1.0
102 561 1.0
102 562 1.0
102 598 1.0
102 614 1.0
102 104 1.0
102 601 1.0
102 107 1.0
102 108 1.0
102 109 -1.0
102 111 -1.0
102 114 1.0
102 117 -1.0
102 119 1.0
102 120 1.0
102 121 1.0
102 123 -1.0
102 124 1.0
102 125 1.0
102 126 1.0
102 127 1.0
102 129 1.0
102 647 1.0
102 136 1.0
102 139 -1.0
102 140 1.0
102 144 -1.0
102 146 1.0
102 147 1.0
102 623 1.0
102 155 1.0
102 157 1.0
102 158 1.0
102 160 -1.0
102 162 1.0
102 163 1.0
102 168 1.0
102 170 -1.0
102 171 1.0
102 174 1.0
102 175 1.0
102 176 1.0
102 178 1.0
102 181 1.0
102 184 1.0
102 185 1.0
102 186 1.0
102 187 -1.0
102 604 -1.0
102 196 1.0
102 203 -1.0
102 547 1.0
102 206 1.0
102 212 1.0
102 214 1.0
102 223 -1.0
102 588 1.0
102 537 1.0
102 235 -1.0
102 236 1.0
102 238 1.0
102 639 1.0
102 257 1.0
102 270 1.0
102 282 1.0
102 539 1.0
102 294 -1.0
102 296 1.0
102 299 1.0
102 302 1.0
102 306 1.0
102 309 1.0
102 311 1.0
102 312 -1.0
102 315 1.0
102 316 1.0
102 317 1.0
102 326 1.0
102 327 1.0
102 335 -1.0
102 338 1.0
102 339 1.0
102 341 1.0
102 626 -1.0
102 346 1.0
102 354 1.0
102 357 1.0
102 358 1.0
102 363 1.0
102 617 1.0
102 375 1.0
102 377 1.0
102 379 1.0
102 386 1.0
102 389 -1.0
102 398 1.0
102 400 -1.0
102 417 1.0
102 422 1.0
102 430 1.0
102 629 1.0
102 586 1.0
102 442 1.0
102 443 1.0
102 587 1.0
102 450 1.0
102 452 -1.0
102 463 1.0
102 464 1.0
102 465 1.0
102 579 1.0
102 476 1.0
102 477 1.0
102 480 1.0
102 483 1.0
102 498 1.0
102 500 1.0
102 501 1.0
102 507 1.0
103 513 1.0
103 559 1.0
103 583 1.0
103 526 1.0
103 106 1.0
103 107 1.0
103 108 1.0
103 110 1.0
103 111 1.0
103 113 1.0
103 115 -1.0
103 116 1.0
103 119 -1.0
103 120 1.0
103 123 1.0
103 124 1.0
103 125 1.0
103 129 -1.0
103 130 1.0
103 131 1.0
103 132 -1.0
103 133 1.0
103 535 1.0
103 135 1.0
103 136 1.0
103 138 1.0
103 140 1.0
103 141 1.0
103 144 1.0
103 145 1.0
103 146 -1.0
103 147 1.0
103 149 1.0
103 150 -1.0
103 151 1.0
103 152 1.0
103 153 1.0
103 154 1.0
103 155 1.0
103 156 1.0
103 158 1.0
103 159 1.0
103 163 1.0
103 166 1.0
103 170 1.0
103 171 1.0
103 174 1.0
103 176 1.0
103 178 1.0
103 181 1.0
103 185 1.0
103 186 1.0
103 187 1.0
103 188 1.0
103 189 1.0
103 545 1.0
103 196 1.0
103 204 1.0
103 212 1.0
103 622 1.0
103 605 1.0
103 636 1.0
103 233 1.0
103 552 1.0
103 239 1.0
103 240 1.0
103 242 1.0
103 246 1.0
103 248 1.0
103 250 1.0
103 253 -1.0
103 258 1.0
103 556 -1.0
103 269 1.0
103 275 1.0
103 280 1.0
103 562 1.0
103 297 1.0
103 300 1.0
103 301 1.0
103 650 1.0
103 313 1.0
103 316 1.0
103 319 1.0
103 540 1.0
103 328 1.0
103 332 1.0
103 336 1.0
103 338 1.0
103 354 1.0
103 572 1.0
103 359 1.0
103 363 1.0
103 370 -1.0
103 374 1.0
103 380 -1.0
103 386 1.0
103 578 1.0
103 395 1.0
103 402 1.0
103 405 1.0
103 611 1.0
103 408 1.0
103 411 1.0
103 414 1.0
103 420 1.0
103 421 1.0
103 423 1.0
103 584 1.0
103 432 1.0
103 433 1.0
103 445 1.0
103 459 1.0
103 460 1.0
103 466 1.0
103 470 1.0
103 479 1.0
103 593 1.0
103 485 1.0
103 489 1.0
103 492 1.0
103 498 1.0
103 499 1.0
103 501 1.0
103 504 1.0
104 517 1.0
104 521 -1.0
104 528 1.0
104 538 1.0
104 446 1.0
104 577 1.0
104 609 1.0
104 109 1.0
104 533 1.0
104 112 1.0
104 113 1.0
104 626 1.0
104 115 -1.0
104 120 1.0
104 124 1.0
104 125 1.0
104 126 -1.0
104 127 1.0
104 130 1.0
104 644 1.0
104 133 1.0
104 134 1.0
104 137 1.0
104 139 1.0
104 140 1.0
104 141 1.0
104 143 1.0
104 145 1.0
104 146 1.0
104 147 -1.0
104 149 1.0
104 153 1.0
104 154 1.0
104 155 1.0
104 156 1.0
104 157 1.0
104 159 1.0
104 160 1.0
104 161 1.0
104 162 -1.0
104 164 1.0
104 166 1.0
104 167 1.0
104 168 1.0
104 170 1.0
104 171 1.0
104 172 1.0
104 174 1.0
104 178 1.0
104 180 -1.0
104 182 1.0
104 185 1.0
104 188 1.0
104 189 1.0
104 191 1.0
104 192 1.0
104 604 1.0
104 196 1.0
104 197 1.0
104 203 1.0
104 632 1.0
104 548 1.0
104 227 1.0
104 232 1.0
104 520 1.0
104 240 1.0
104 244 1.0
104 247 1.0
104 248 1.0
104 641 -1.0
104 259 -1.0
104 264 1.0
104 271 1.0
104 275 -1.0
104 602 -1.0
104 295 1.0
104 307 1.0
104 310 1.0
104 323 1.0
104 330 1.0
104 337 1.0
104 569 1.0
104 570 1.0
104 350 1.0
104 353 -1.0
104 572 1.0
104 366 1.0
104 367 1.0
104 574 1.0
104 370 1.0
104 377 1.0
104 384 1.0
104 387 1.0
104 388 1.0
104 400 1.0
104 580 1.0
104 412 1.0
104 414 1.0
104 415 1.0
104 420 1.0
104 425 1.0
104 428 1.0
104 534 1.0
104 587 -1.0
104 588 1.0
104 458 1.0
104 460 1.0
104 462 1.0
104 466 1.0
104 471 1.0
104 592 1.0
104 479 1.0
104 482 1.0
104 486 -1.0
104 488 1.0
104 491 -1.0
104 497 1.0
104 596 1.0
104 502 1.0
104 503 1.0
104 510 -1.0
105 521 1.0
105 524 1.0
105 580 1.0
105 594 1.0
105 605 1.0
105 610 1.0
105 106 1.0
105 107 1.0
105 620 1.0
105 110 1.0
105 623 1.0
105 112 1.0
105 113 1.0
105 114 1.0
105 115 1.0
105 117 1.0
105 118 1.0
105 633 1.0
105 533 1.0
105 123 1.0
105 126 -1.0
105 127 1.0
105 128 1.0
105 130 1.0
105 131 1.0
105 132 1.0
105 133 1.0
105 647 1.0
105 137 1.0
105 138 1.0
105 139 1.0
105 144 1.0
105 149 1.0
105 153 -1.0
105 154 1.0
105 155 1.0
105 163 1.0
105 164 1.0
105 165 1.0
105 166 -1.0
105 167 1.0
105 169 1.0
105 176 1.0
105 177 1.0
105 178 1.0
105 180 1.0
105 181 1.0
105 183 1.0
105 184 1.0
105 185 -1.0
105 187 1.0
105 190 1.0
105 192 1.0
105 193 1.0
105 205 1.0
105 214 1.0
105 216 1.0
105 223 -1.0
105 224 1.0
105 226 -1.0
105 227 1.0
105 228 -1.0
105 552 1.0
105 245 1.0
105 248 -1.0
105 256 1.0
105 266 1.0
105 267 1.0
105 643 1.0
105 558 1.0
105 273 1.0
105 288 1.0
105 303 -1.0
105 305 -1.0
105 306 1.0
105 603 1.0
105 625 1.0
105 315 -1.0
105 317 -1.0
105 318 1.0
105 557 1.0
105 327 1.0
105 333 1.0
105 335 1.0
105 338 1.0
105 626 1.0
105 349 1.0
105 541 1.0
105 358 1.0
105 363 -1.0
105 364 1.0
105 368 1.0
105 378 1.0
105 383 1.0
105 577 1.0
105 390 1.0
105 395 1.0
105 579 1.0
105 408 1.0
105 543 1.0
105 515 1.0
105 416 1.0
105 417 1.0
105 425 1.0
105 585 1.0
105 534 1.0
105 439 -1.0
105 444 1.0
105 459 1.0
105 461 -1.0
105 465 1.0
105 466 1.0
105 470 1.0
105 472 1.0
105 473 1.0
105 474 1.0
105 475 1.0
105 476 1.0
105 477 1.0
105 478 1.0
105 487 1.0
105 498 1.0
105 499 1.0
105 501 1.0
105 505 1.0
105 506 1.0
106 520 1.0
106 522 1.0
106 523 1.0
106 527 1.0
106 530 1.0
106 608 1.0
106 610 1.0
106 590 1.0
106 606 1.0
106 616 1.0
106 107 -1.0
106 108 1.0
106 113 1.0
106 115 1.0
106 116 1.0
106 117 1.0
106 118 -1.0
106 632 1.0
106 121 1.0
106 533 1.0
106 124 1.0
106 125 1.0
106 126 1.0
106 130 1.0
106 131 1.0
106 132 1.0
106 133 -1.0
106 134 1.0
106 135 1.0
106 648 1.0
106 139 1.0
106 141 1.0
106 144 1.0
106 145 1.0
106 537 1.0
106 147 1.0
106 152 1.0
106 153 1.0
106 154 1.0
106 156 1.0
106 158 -1.0
106 161 1.0
106 162 1.0
106 164 1.0
106 171 -1.0
106 173 1.0
106 175 1.0
106 181 1.0
106 184 1.0
106 187 1.0
106 188 1.0
106 192 1.0
106 194 -1.0
106 201 1.0
106 203 1.0
106 122 -1.0
106 220 1.0
106 235 1.0
106 553 1.0
106 245 1.0
106 250 1.0
106 254 1.0
106 258 1.0
106 262 1.0
106 266 1.0
106 268 1.0
106 274 1.0
106 276 1.0
106 277 1.0
106 559 1.0
106 279 1.0
106 282 1.0
106 283 1.0
106 560 1.0
106 285 1.0
106 286 1.0
106 287 1.0
106 646 -1.0
106 291 1.0
106 305 -1.0
106 649 -1.0
106 564 1.0
106 309 1.0
106 284 1.0
106 317 1.0
106 318 1.0
106 329 1.0
106 334 1.0
106 535 1.0
106 342 1.0
106 347 1.0
106 349 1.0
106 357 1.0
106 359 1.0
106 361 1.0
106 364 1.0
106 366 1.0
106 367 1.0
106 368 1.0
106 370 1.0
106 371 1.0
106 372 1.0
106 374 1.0
106 379 1.0
106 387 1.0
106 390 1.0
106 398 1.0
106 611 1.0
106 407 1.0
106 581 1.0
106 417 -1.0
106 422 1.0
106 424 1.0
106 443 1.0
106 445 1.0
106 451 1.0
106 459 1.0
106 460 1.0
106 469 1.0
106 591 1.0
106 476 1.0
106 593 1.0
106 483 1.0
106 487 1.0
106 499 1.0
106 501 1.0
106 502 1.0
106 504 1.0
106 505 1.0
106 511 1.0
106 512 -1.0
107 519 1.0
107 521 1.0
107 524 1.0
107 529 1.0
107 580 1.0
107 611 1.0
107 608 1.0
107 616 1.0
107 108 1.0
107 109 1.0
107 110 1.0
107 111 1.0
107 625 1.0
107 626 1.0
107 116 1.0
107 117 1.0
107 118 1.0
107 119 1.0
107 120 1.0
107 122 1.0
107 123 1.0
107 124 1.0
107 126 1.0
107 127 -1.0
107 132 1.0
107 134 1.0
107 135 1.0
107 136 1.0
107 137 1.0
107 138 1.0
107 139 1.0
107 141 1.0
107 143 1.0
107 149 1.0
107 150 1.0
107 151 -1.0
107 152 1.0
107 155 1.0
107 157 1.0
107 539 1.0
107 160 1.0
107 163 -1.0
107 164 1.0
107 167 1.0
107 168 1.0
107 169 -1.0
107 170 1.0
107 172 1.0
107 173 1.0
107 174 1.0
107 175 1.0
107 181 1.0
107 182 1.0
107 185 1.0
107 187 1.0
107 188 1.0
107 191 1.0
107 192 1.0
107 193 1.0
107 195 1.0
107 546 1.0
107 202 1.0
107 205 1.0
107 207 1.0
107 214 1.0
107 217 1.0
107 222 1.0
107 374 1.0
107 236 1.0
107 238 1.0
107 239 1.0
107 240 1.0
107 243 1.0
107 252 1.0
107 556 1.0
107 538 1.0
107 266 -1.0
107 269 1.0
107 273 -1.0
107 277 1.0
107 560 -1.0
107 590 1.0
107 294 1.0
107 649 1.0
107 564 1.0
107 310 1.0
107 650 1.0
107 566 1.0
107 323 1.0
107 328 1.0
107 568 1.0
107 335 1.0
107 340 1.0
107 341 1.0
107 347 1.0
107 541 1.0
107 575 -1.0
107 610 1.0
107 379 1.0
107 387 1.0
107 403 1.0
107 628 1.0
107 405 1.0
107 409 -1.0
107 581 -1.0
107 412 1.0
107 424 1.0
107 430 1.0
107 432 1.0
107 440 1.0
107 441 1.0
107 443 1.0
107 447 1.0
107 588 1.0
107 455 1.0
107 456 1.0
107 458 1.0
107 460 -1.0
107 464 1.0
107 469 -1.0
107 470 1.0
107 471 1.0
107 475 -1.0
107 478 1.0
107 485 1.0
107 492 1.0
107 493 1.0
107 496 1.0
107 500 -1.0
107 501 1.0
107 505 1.0
107 511 1.0
107 512 1.0
108 599 -1.0
108 530 1.0
108 576 1.0
108 608 1.0
108 109 1.0
108 110 1.0
108 111 -1.0
108 112 1.0
108 113 1.0
108 627 1.0
108 628 1.0
108 118 1.0
108 121 1.0
108 123 1.0
108 124 1.0
108 125 1.0
108 127 1.0
108 643 1.0
108 132 1.0
108 133 1.0
108 647 1.0
108 137 1.0
108 138 1.0
108 140 1.0
108 142 1.0
108 144 1.0
108 145 1.0
108 146 1.0
108 147 1.0
108 151 1.0
108 152 1.0
108 153 1.0
108 154 1.0
108 156 1.0
108 158 1.0
108 161 1.0
108 162 1.0
108 163 1.0
108 165 1.0
108 166 1.0
108 169 1.0
108 170 1.0
108 173 1.0
108 178 1.0
108 179 -1.0
108 180 -1.0
108 187 1.0
108 188 1.0
108 190 1.0
108 197 1.0
108 631 1.0
108 199 1.0
108 200 1.0
108 206 1.0
108 210 1.0
108 213 1.0
108 635 1.0
108 223 1.0
108 550 1.0
108 225 1.0
108 250 1.0
108 555 1.0
108 267 1.0
108 269 1.0
108 131 1.0
108 274 1.0
108 278 1.0
108 285 1.0
108 287 1.0
108 561 1.0
108 291 1.0
108 292 1.0
108 293 1.0
108 296 1.0
108 307 1.0
108 564 1.0
108 603 1.0
108 312 1.0
108 318 1.0
108 310 -1.0
108 329 1.0
108 353 1.0
108 340 1.0
108 342 1.0
108 345 1.0
108 346 -1.0
108 571 -1.0
108 524 -1.0
108 357 1.0
108 358 1.0
108 361 1.0
108 368 1.0
108 370 -1.0
108 404 1.0
108 373 1.0
108 575 1.0
108 381 1.0
108 577 1.0
108 566 1.0
108 393 1.0
108 607 1.0
108 580 1.0
108 611 1.0
108 412 1.0
108 414 1.0
108 416 1.0
108 420 1.0
108 425 1.0
108 198 1.0
108 430 1.0
108 431 1.0
108 585 -1.0
108 436 1.0
108 437 1.0
108 586 1.0
108 446 -1.0
108 456 -1.0
108 479 1.0
108 486 1.0
108 496 1.0
108 502 1.0
108 506 1.0
108 510 1.0
109 517 1.0
109 522 1.0
109 524 1.0
109 516 1.0
109 562 1.0
109 573 1.0
109 581 1.0
109 590 1.0
109 111 1.0
109 112 1.0
109 114 1.0
109 115 1.0
109 116 1.0
109 119 -1.0
109 120 1.0
109 633 1.0
109 122 1.0
109 125 -1.0
109 619 1.0
109 128 1.0
109 129 1.0
109 130 1.0
109 131 1.0
109 132 1.0
109 645 1.0
109 135 1.0
109 139 1.0
109 140 1.0
109 141 1.0
109 142 1.0
109 145 1.0
109 146 1.0
109 147 1.0
109 148 1.0
109 150 1.0
109 152 1.0
109 155 1.0
109 156 1.0
109 159 1.0
109 163 1.0
109 164 1.0
109 167 1.0
109 168 1.0
109 171 1.0
109 172 1.0
109 173 -1.0
109 174 1.0
109 175 -1.0
109 176 1.0
109 177 1.0
109 179 1.0
109 182 1.0
109 183 1.0
109 184 1.0
109 186 1.0
109 189 1.0
109 191 1.0
109 192 1.0
109 193 1.0
109 194 1.0
109 195 1.0
109 536 1.0
109 632 1.0
109 216 -1.0
109 616 1.0
109 223 1.0
109 550 -1.0
109 231 1.0
109 235 1.0
109 638 1.0
109 242 -1.0
109 245 1.0
109 253 1.0
109 623 1.0
109 606 1.0
109 262 1.0
109 265 1.0
109 266 1.0
109 268 1.0
109 643 1.0
109 271 1.0
109 273 1.0
109 282 -1.0
109 292 1.0
109 294 1.0
109 301 -1.0
109 620 1.0
109 603 1.0
109 608 1.0
109 480 1.0
109 320 1.0
109 323 1.0
109 325 1.0
109 329 1.0
109 333 1.0
109 334 1.0
109 338 1.0
109 315 1.0
109 355 1.0
109 361 -1.0
109 372 1.0
109 374 -1.0
109 381 1.0
109 577 1.0
109 388 1.0
109 396 1.0
109 398 1.0
109 399 1.0
109 402 1.0
109 404 1.0
109 406 1.0
109 408 1.0
109 411 -1.0
109 413 1.0
109 415 1.0
109 583 1.0
109 424 1.0
109 427 1.0
109 429 1.0
109 435 1.0
109 440 1.0
109 441 1.0
109 447 1.0
109 451 1.0
109 457 1.0
109 460 1.0
109 461 1.0
109 614 -1.0
109 468 1.0
109 473 -1.0
109 422 1.0
109 485 1.0
109 486 1.0
109 487 1.0
109 496 1.0
109 501 1.0
109 509 1.0
109 512 1.0
110 513 1.0
110 516 1.0
110 520 -1.0
110 523 1.0
110 615 1.0
110 554 1.0
110 597 1.0
110 613 1.0
110 603 1.0
110 111 1.0
110 624 1.0
110 626 1.0
110 116 1.0
110 117 1.0
110 630 1.0
110 120 1.0
110 121 -1.0
110 122 1.0
110 124 1.0
110 125 1.0
110 126 1.0
110 128 1.0
110 129 1.0
110 130 1.0
110 133 1.0
110 647 1.0
110 136 1.0
110 139 1.0
110 140 1.0
110 141 1.0
110 142 1.0
110 145 1.0
110 146 1.0
110 148 1.0
110 154 1.0
110 156 1.0
110 157 1.0
110 159 1.0
110 160 1.0
110 161 -1.0
110 162 1.0
110 163 1.0
110 164 1.0
110 169 -1.0
110 170 1.0
110 173 1.0
110 181 1.0
110 183 1.0
110 184 1.0
110 185 1.0
110 186 1.0
110 187 1.0
110 191 1.0
110 192 1.0
110 196 1.0
110 197 1.0
110 202 1.0
110 211 1.0
110 214 1.0
110 219 1.0
110 220 -1.0
110 225 1.0
110 227 -1.0
110 228 1.0
110 230 1.0
110 233 1.0
110 638 1.0
110 244 1.0
110 555 1.0
110 261 -1.0
110 266 1.0
110 268 1.0
110 270 -1.0
110 274 1.0
110 644 1.0
110 278 1.0
110 284 1.0
110 285 1.0
110 287 1.0
110 294 1.0
110 301 1.0
110 304 -1.0
110 307 1.0
110 564 1.0
110 311 1.0
110 312 1.0
110 318 1.0
110 319 1.0
110 323 1.0
110 324 1.0
110 114 -1.0
110 330 1.0
110 568 1.0
110 348 1.0
110 353 1.0
110 370 1.0
110 372 1.0
110 377 1.0
110 380 1.0
110 382 1.0
110 386 1.0
110 394 1.0
110 398 1.0
110 532 1.0
110 404 1.0
110 406 1.0
110 408 1.0
110 414 1.0
110 416 1.0
110 584 1.0
110 430 1.0
110 612 1.0
110 439 1.0
110 441 1.0
110 447 1.0
110 450 1.0
110 332 1.0
110 453 1.0
110 456 1.0
110 458 1.0
110 459 1.0
110 460 1.0
110 471 1.0
110 487 1.0
110 594 1.0
110 498 -1.0
110 508 -1.0
110 509 1.0
111 521 1.0
111 524 1.0
111 528 1.0
111 564 1.0
111 534 1.0
111 535 -1.0
111 572 1.0
111 614 1.0
111 617 1.0
111 112 1.0
111 113 1.0
111 115 1.0
111 628 1.0
111 117 1.0
111 121 1.0
111 122 1.0
111 123 1.0
111 124 1.0
111 125 1.0
111 126 1.0
111 128 1.0
111 129 1.0
111 130 1.0
111 132 1.0
111 134 1.0
111 135 1.0
111 136 1.0
111 139 1.0
111 143 1.0
111 149 1.0
111 150 1.0
111 151 1.0
111 152 1.0
111 153 1.0
111 154 1.0
111 157 1.0
111 160 -1.0
111 161 1.0
111 162 1.0
111 620 1.0
111 167 1.0
111 168 1.0
111 169 1.0
111 172 1.0
111 173 1.0
111 174 1.0
111 176 1.0
111 178 -1.0
111 179 1.0
111 181 1.0
111 182 1.0
111 183 1.0
111 184 1.0
111 185 1.0
111 194 1.0
111 198 1.0
111 200 -1.0
111 201 1.0
111 547 1.0
111 212 1.0
111 215 -1.0
111 216 1.0
111 549 1.0
111 223 1.0
111 224 1.0
111 636 1.0
111 637 1.0
111 235 -1.0
111 552 1.0
111 237 1.0
111 638 1.0
111 553 1.0
111 247 1.0
111 554 1.0
111 640 1.0
111 254 1.0
111 255 1.0
111 257 1.0
111 273 1.0
111 279 1.0
111 607 1.0
111 286 1.0
111 290 1.0
111 293 1.0
111 294 1.0
111 295 1.0
111 296 1.0
111 297 1.0
111 298 1.0
111 648 1.0
111 306 1.0
111 307 1.0
111 308 1.0
111 309 1.0
111 311 1.0
111 608 1.0
111 318 1.0
111 320 1.0
111 324 1.0
111 337 1.0
111 346 1.0
111 350 1.0
111 367 1.0
111 574 1.0
111 370 1.0
111 376 1.0
111 386 1.0
111 392 1.0
111 494 1.0
111 580 1.0
111 409 1.0
111 581 1.0
111 411 1.0
111 414 1.0
111 415 1.0
111 421 1.0
111 432 1.0
111 585 1.0
111 436 -1.0
111 442 1.0
111 446 1.0
111 447 1.0
111 449 1.0
111 460 1.0
111 462 1.0
111 590 1.0
111 465 1.0
111 475 1.0
111 592 1.0
111 479 1.0
111 480 1.0
111 481 1.0
111 631 1.0
111 501 -1.0
111 502 1.0
111 506 1.0
111 510 1.0
111 598 1.0
112 515 1.0
112 523 1.0
112 632 1.0
112 529 1.0
112 532 1.0
112 534 1.0
112 616 1.0
112 266 1.0
112 586 1.0
112 597 1.0
112 619 1.0
112 624 1.0
112 113 1.0
112 617 -1.0
112 116 1.0
112 117 1.0
112 118 -1.0
112 631 -1.0
112 120 1.0
112 121 1.0
112 123 -1.0
112 124 1.0
112 638 1.0
112 128 1.0
112 129 1.0
112 130 1.0
112 643 1.0
112 620 1.0
112 133 1.0
112 136 1.0
112 138 1.0
112 139 1.0
112 140 1.0
112 141 1.0
112 145 1.0
112 148 1.0
112 149 1.0
112 151 1.0
112 153 1.0
112 154 1.0
112 155 1.0
112 156 1.0
112 157 1.0
112 161 1.0
112 162 1.0
112 163 1.0
112 168 1.0
112 169 1.0
112 541 1.0
112 171 1.0
112 173 1.0
112 174 1.0
112 175 -1.0
112 177 1.0
112 186 1.0
112 190 1.0
112 191 1.0
112 192 1.0
112 621 1.0
112 195 1.0
112 196 1.0
112 197 1.0
112 198 1.0
112 204 1.0
112 206 1.0
112 215 1.0
112 634 1.0
112 225 1.0
112 226 1.0
112 234 1.0
112 296 1.0
112 239 1.0
112 241 -1.0
112 243 1.0
112 248 1.0
112 250 1.0
112 556 1.0
112 263 1.0
112 264 1.0
112 557 1.0
112 558 1.0
112 560 1.0
112 288 1.0
112 294 1.0
112 295 1.0
112 562 -1.0
112 299 1.0
112 564 1.0
112 310 1.0
112 642 1.0
112 314 1.0
112 322 1.0
112 323 1.0
112 331 -1.0
112 337 1.0
112 569 1.0
112 341 1.0
112 609 1.0
112 347 1.0
112 571 1.0
112 352 1.0
112 524 1.0
112 354 -1.0
112 358 1.0
112 362 1.0
112 365 1.0
112 371 1.0
112 379 1.0
112 384 1.0
112 386 1.0
112 397 -1.0
112 401 1.0
112 402 1.0
112 628 1.0
112 611 1.0
112 594 1.0
112 414 1.0
112 582 1.0
112 433 -1.0
112 436 1.0
112 437 1.0
112 446 1.0
112 448 1.0
112 456 1.0
112 461 1.0
112 464 1.0
112 465 1.0
112 469 1.0
112 488 1.0
112 490 1.0
112 493 -1.0
112 595 1.0
112 495 1.0
112 505 1.0
112 507 1.0
112 598 1.0
113 518 1.0
113 523 -1.0
113 526 1.0
113 528 1.0
113 529 1.0
113 534 1.0
113 535 1.0
113 533 -1.0
113 603 -1.0
113 573 1.0
113 608 1.0
113 609 1.0
113 619 1.0
113 115 1.0
113 628 1.0
113 117 1.0
113 118 1.0
113 632 1.0
113 121 1.0
113 634 1.0
113 636 1.0
113 125 1.0
113 129 -1.0
113 131 1.0
113 132 1.0
113 135 1.0
113 648 1.0
113 138 1.0
113 139 1.0
113 141 1.0
113 142 1.0
113 143 1.0
113 144 1.0
113 145 1.0
113 146 1.0
113 147 1.0
113 148 1.0
113 149 -1.0
113 150 1.0
113 153 1.0
113 156 1.0
113 539 1.0
113 163 1.0
113 165 1.0
113 170 1.0
113 171 1.0
113 172 1.0
113 175 1.0
113 178 1.0
113 183 1.0
113 184 1.0
113 193 1.0
113 194 1.0
113 196 1.0
113 197 1.0
113 199 1.0
113 502 1.0
113 547 1.0
113 208 1.0
113 209 1.0
113 548 1.0
113 223 1.0
113 550 1.0
113 230 1.0
113 231 1.0
113 553 1.0
113 247 1.0
113 248 1.0
113 544 1.0
113 279 1.0
113 282 1.0
113 590 1.0
113 561 1.0
113 564 1.0
113 310 1.0
113 317 1.0
113 319 1.0
113 320 1.0
113 329 1.0
113 330 1.0
113 332 1.0
113 334 1.0
113 335 1.0
113 336 -1.0
113 569 1.0
113 343 1.0
113 344 1.0
113 571 1.0
113 358 1.0
113 363 1.0
113 365 1.0
113 372 1.0
113 375 1.0
113 377 1.0
113 576 1.0
113 383 1.0
113 384 1.0
113 386 1.0
113 388 1.0
113 389 1.0
113 390 1.0
113 394 1.0
113 397 1.0
113 398 1.0
113 399 1.0
113 402 1.0
113 408 1.0
113 581 1.0
113 413 1.0
113 414 1.0
113 416 1.0
113 417 1.0
113 418 1.0
113 421 1.0
113 158 1.0
113 441 1.0
113 448 1.0
113 451 1.0
113 457 1.0
113 460 1.0
113 461 1.0
113 464 -1.0
113 596 1.0
113 468 1.0
113 472 1.0
113 478 1.0
113 594 1.0
113 492 1.0
113 595 1.0
113 495 -1.0
113 500 1.0
113 546 1.0
113 503 -1.0
113 505 1.0
113 508 -1.0
113 510 1.0
114 514 1.0
114 515 -1.0
114 517 1.0
114 519 1.0
114 521 1.0
114 535 1.0
114 538 1.0
114 564 1.0
114 615 1.0
114 616 -1.0
114 620 1.0
114 623 1.0
114 116 1.0
114 117 1.0
114 120 1.0
114 121 1.0
114 122 -1.0
114 123 1.0
114 124 1.0
114 125 1.0
114 126 1.0
114 127 1.0
114 130 1.0
114 132 1.0
114 135 -1.0
114 648 1.0
114 142 1.0
114 145 1.0
114 146 1.0
114 147 1.0
114 149 1.0
114 154 1.0
114 155 1.0
114 539 1.0
114 164 1.0
114 165 1.0
114 166 1.0
114 171 -1.0
114 174 1.0
114 175 1.0
114 176 1.0
114 179 1.0
114 180 1.0
114 186 1.0
114 189 1.0
114 190 1.0
114 194 1.0
114 197 1.0
114 198 1.0
114 200 1.0
114 201 1.0
114 203 1.0
114 633 1.0
114 211 -1.0
114 217 1.0
114 219 1.0
114 635 1.0
114 225 1.0
114 229 1.0
114 551 1.0
114 210 1.0
114 234 1.0
114 240 1.0
114 242 1.0
114 243 1.0
114 554 1.0
114 250 1.0
114 251 1.0
114 252 1.0
114 555 1.0
114 256 1.0
114 257 1.0
114 260 1.0
114 268 1.0
114 270 1.0
114 272 1.0
114 276 1.0
114 277 1.0
114 279 -1.0
114 560 1.0
114 607 1.0
114 298 1.0
114 307 1.0
114 311 -1.0
114 566 1.0
114 325 1.0
114 331 1.0
114 335 1.0
114 336 1.0
114 337 1.0
114 345 1.0
114 347 1.0
114 352 1.0
114 355 1.0
114 573 1.0
114 364 1.0
114 367 1.0
114 372 1.0
114 379 1.0
114 386 -1.0
114 391 1.0
114 392 1.0
114 628 1.0
114 406 1.0
114 594 1.0
114 408 1.0
114 412 1.0
114 414 1.0
114 421 1.0
114 423 1.0
114 426 1.0
114 429 1.0
114 430 1.0
114 446 1.0
114 448 1.0
114 450 1.0
114 588 1.0
114 455 1.0
114 590 1.0
114 465 1.0
114 468 1.0
114 473 1.0
114 474 1.0
114 484 1.0
114 488 1.0
114 490 -1.0
114 494 1.0
114 580 1.0
115 514 1.0
115 526 1.0
115 601 1.0
115 535 1.0
115 538 1.0
115 593 1.0
115 356 1.0
115 615 -1.0
115 530 1.0
115 118 1.0
115 119 1.0
115 120 1.0
115 121 1.0
115 122 1.0
115 123 -1.0
115 124 1.0
115 126 1.0
115 127 1.0
115 128 1.0
115 129 1.0
115 130 1.0
115 643 1.0
115 133 1.0
115 134 -1.0
115 135 -1.0
115 137 1.0
115 139 1.0
115 140 1.0
115 141 1.0
115 147 1.0
115 149 1.0
115 151 1.0
115 152 1.0
115 153 1.0
115 154 1.0
115 156 1.0
115 158 1.0
115 159 1.0
115 160 1.0
115 162 1.0
115 164 1.0
115 165 1.0
115 167 1.0
115 173 1.0
115 175 1.0
115 176 1.0
115 177 1.0
115 178 1.0
115 179 1.0
115 180 1.0
115 181 1.0
115 187 1.0
115 188 1.0
115 192 1.0
115 196 1.0
115 198 1.0
115 199 -1.0
115 200 1.0
115 202 1.0
115 204 1.0
115 207 1.0
115 208 1.0
115 221 1.0
115 635 1.0
115 223 1.0
115 224 -1.0
115 226 1.0
115 552 1.0
115 248 1.0
115 250 1.0
115 253 1.0
115 254 1.0
115 641 1.0
115 271 1.0
115 272 1.0
115 274 1.0
115 280 1.0
115 284 1.0
115 286 1.0
115 302 1.0
115 320 -1.0
115 540 1.0
115 328 1.0
115 332 1.0
115 347 1.0
115 348 1.0
115 558 1.0
115 355 1.0
115 572 1.0
115 371 1.0
115 379 -1.0
115 402 1.0
115 581 1.0
115 417 1.0
115 420 1.0
115 423 1.0
115 426 1.0
115 432 1.0
115 434 1.0
115 435 1.0
115 439 1.0
115 440 1.0
115 441 -1.0
115 443 1.0
115 461 1.0
115 465 1.0
115 482 1.0
115 487 1.0
115 594 1.0
115 500 1.0
115 506 1.0
116 513 1.0
116 515 -1.0
116 518 1.0
116 519 1.0
116 526 1.0
116 527 1.0
116 531 1.0
116 534 1.0
116 538 1.0
116 587 1.0
116 595 1.0
116 625 1.0
116 121 1.0
116 637 1.0
116 619 1.0
116 127 1.0
116 128 1.0
116 129 1.0
116 131 1.0
116 133 1.0
116 135 1.0
116 649 1.0
116 139 1.0
116 140 1.0
116 141 1.0
116 142 1.0
116 622 1.0
116 146 1.0
116 148 1.0
116 149 1.0
116 151 1.0
116 156 1.0
116 157 1.0
116 158 1.0
116 163 1.0
116 165 -1.0
116 168 1.0
116 169 1.0
116 170 1.0
116 171 1.0
116 172 1.0
116 173 1.0
116 174 1.0
116 176 1.0
116 177 1.0
116 178 1.0
116 180 1.0
116 181 1.0
116 185 1.0
116 187 1.0
116 188 1.0
116 189 -1.0
116 190 1.0
116 191 1.0
116 192 1.0
116 195 1.0
116 198 1.0
116 200 1.0
116 202 1.0
116 207 1.0
116 209 1.0
116 633 1.0
116 217 1.0
116 228 1.0
116 229 1.0
116 234 1.0
116 552 1.0
116 238 1.0
116 240 1.0
116 245 1.0
116 640 1.0
116 257 -1.0
116 641 1.0
116 259 1.0
116 262 1.0
116 274 1.0
116 276 1.0
116 277 1.0
116 278 1.0
116 282 1.0
116 290 -1.0
116 291 1.0
116 300 1.0
116 306 1.0
116 317 1.0
116 322 1.0
116 330 1.0
116 333 1.0
116 334 1.0
116 337 1.0
116 341 -1.0
116 347 1.0
116 352 -1.0
116 369 1.0
116 372 1.0
116 375 1.0
116 376 -1.0
116 380 1.0
116 381 1.0
116 384 1.0
116 386 1.0
116 389 1.0
116 397 1.0
116 494 1.0
116 405 1.0
116 409 -1.0
116 410 1.0
116 412 1.0
116 584 1.0
116 432 1.0
116 439 1.0
116 444 1.0
116 448 1.0
116 451 1.0
116 459 1.0
116 465 1.0
116 472 1.0
116 489 1.0
116 491 1.0
116 493 -1.0
116 496 1.0
116 501 1.0
116 502 1.0
116 577 1.0
117 517 1.0
117 518 1.0
117 520 1.0
117 521 1.0
117 524 1.0
117 601 1.0
117 531 1.0
117 530 1.0
117 538 1.0
117 539 1.0
117 561 1.0
117 599 1.0
117 605 1.0
117 606 1.0
117 616 1.0
117 118 -1.0
117 119 1.0
117 618 1.0
117 122 1.0
117 123 1.0
117 636 1.0
117 125 1.0
117 126 1.0
117 639 1.0
117 129 1.0
117 130 1.0
117 131 -1.0
117 619 1.0
117 135 1.0
117 136 1.0
117 137 1.0
117 138 -1.0
117 139 1.0
117 140 1.0
117 141 1.0
117 142 1.0
117 144 1.0
117 145 1.0
117 147 1.0
117 151 1.0
117 152 -1.0
117 158 1.0
117 162 1.0
117 163 1.0
117 165 1.0
117 167 1.0
117 170 1.0
117 171 1.0
117 172 1.0
117 174 1.0
117 175 -1.0
117 177 1.0
117 179 1.0
117 181 1.0
117 182 1.0
117 184 1.0
117 190 1.0
117 191 1.0
117 193 1.0
117 194 1.0
117 196 1.0
117 197 1.0
117 198 1.0
117 204 1.0
117 205 1.0
117 208 1.0
117 209 1.0
117 548 1.0
117 218 1.0
117 220 1.0
117 222 -1.0
117 224 1.0
117 236 1.0
117 240 1.0
117 241 1.0
117 245 1.0
117 127 1.0
117 250 1.0
117 254 1.0
117 257 1.0
117 260 1.0
117 642 1.0
117 265 -1.0
117 555 1.0
117 279 1.0
117 288 1.0
117 295 1.0
117 299 1.0
117 306 -1.0
117 311 1.0
117 650 1.0
117 314 -1.0
117 317 1.0
117 318 1.0
117 325 1.0
117 326 1.0
117 568 1.0
117 333 1.0
117 338 1.0
117 626 1.0
117 349 1.0
117 351 1.0
117 356 1.0
117 361 1.0
117 362 1.0
117 364 1.0
117 366 1.0
117 371 1.0
117 372 1.0
117 381 1.0
117 384 1.0
117 386 1.0
117 388 1.0
117 396 1.0
117 399 1.0
117 402 1.0
117 409 1.0
117 543 1.0
117 420 1.0
117 443 1.0
117 451 1.0
117 590 1.0
117 467 1.0
117 473 1.0
117 475 1.0
117 476 1.0
117 483 1.0
117 485 1.0
117 497 1.0
117 498 1.0
117 499 -1.0
117 500 -1.0
117 635 1.0
118 515 1.0
118 518 1.0
118 529 1.0
118 539 1.0
118 540 1.0
118 588 1.0
118 612 1.0
118 621 1.0
118 630 1.0
118 121 -1.0
118 122 1.0
118 635 -1.0
118 124 1.0
118 126 1.0
118 128 1.0
118 641 1.0
118 132 1.0
118 133 1.0
118 647 -1.0
118 136 1.0
118 142 1.0
118 143 -1.0
118 145 1.0
118 146 1.0
118 148 1.0
118 151 1.0
118 152 1.0
118 153 1.0
118 154 1.0
118 156 1.0
118 157 1.0
118 159 1.0
118 160 1.0
118 161 1.0
118 165 -1.0
118 168 1.0
118 172 -1.0
118 173 1.0
118 176 1.0
118 178 1.0
118 179 1.0
118 181 1.0
118 184 1.0
118 186 -1.0
118 187 1.0
118 188 1.0
118 189 1.0
118 192 1.0
118 193 1.0
118 194 1.0
118 196 1.0
118 197 1.0
118 204 1.0
118 205 1.0
118 210 1.0
118 216 1.0
118 549 1.0
118 224 1.0
118 227 1.0
118 233 -1.0
118 236 1.0
118 239 -1.0
118 241 1.0
118 244 1.0
118 554 1.0
118 255 1.0
118 257 1.0
118 267 1.0
118 268 1.0
118 273 1.0
118 274 1.0
118 559 1.0
118 282 1.0
118 284 1.0
118 294 1.0
118 297 1.0
118 648 1.0
118 302 1.0
118 304 1.0
118 307 1.0
118 312 1.0
118 313 -1.0
118 319 1.0
118 320 -1.0
118 323 1.0
118 567 1.0
118 331 1.0
118 334 1.0
118 338 -1.0
118 341 1.0
118 345 1.0
118 348 -1.0
118 353 1.0
118 354 1.0
118 572 1.0
118 359 -1.0
118 363 1.0
118 375 1.0
118 379 1.0
118 384 1.0
118 391 1.0
118 396 -1.0
118 397 1.0
118 560 1.0
118 411 1.0
118 423 1.0
118 426 1.0
118 584 1.0
118 436 1.0
118 439 1.0
118 448 1.0
118 453 1.0
118 457 1.0
118 461 1.0
118 463 1.0
118 472 1.0
118 475 1.0
118 593 1.0
118 492 1.0
118 595 1.0
118 502 1.0
118 504 1.0
118 506 -1.0
118 508 1.0
118 509 1.0
119 518 1.0
119 520 1.0
119 523 1.0
119 533 1.0
119 542 1.0
119 270 1.0
119 626 1.0
119 120 1.0
119 121 1.0
119 124 1.0
119 125 1.0
119 127 1.0
119 128 1.0
119 129 1.0
119 130 1.0
119 131 1.0
119 133 1.0
119 137 1.0
119 138 1.0
119 139 1.0
119 142 1.0
119 143 1.0
119 146 1.0
119 147 1.0
119 149 1.0
119 150 1.0
119 151 1.0
119 152 1.0
119 153 1.0
119 154 1.0
119 156 1.0
119 157 1.0
119 158 1.0
119 161 1.0
119 163 1.0
119 166 -1.0
119 169 1.0
119 170 1.0
119 171 1.0
119 172 1.0
119 175 1.0
119 176 1.0
119 178 1.0
119 184 -1.0
119 185 1.0
119 186 1.0
119 187 1.0
119 188 -1.0
119 189 1.0
119 191 1.0
119 192 1.0
119 193 -1.0
119 196 1.0
119 199 1.0
119 200 1.0
119 202 1.0
119 208 1.0
119 214 1.0
119 220 1.0
119 550 1.0
119 225 1.0
119 524 1.0
119 230 1.0
119 232 1.0
119 637 1.0
119 235 1.0
119 245 1.0
119 554 1.0
119 640 1.0
119 259 1.0
119 265 1.0
119 266 1.0
119 643 1.0
119 558 1.0
119 273 1.0
119 277 1.0
119 283 1.0
119 284 -1.0
119 290 1.0
119 297 1.0
119 306 1.0
119 308 1.0
119 313 1.0
119 566 1.0
119 321 1.0
119 330 1.0
119 336 1.0
119 346 1.0
119 347 1.0
119 348 -1.0
119 352 1.0
119 353 -1.0
119 358 -1.0
119 363 1.0
119 374 1.0
119 375 1.0
119 376 1.0
119 377 1.0
119 379 1.0
119 385 -1.0
119 397 1.0
119 400 1.0
119 401 1.0
119 403 1.0
119 580 -1.0
119 581 1.0
119 412 1.0
119 417 1.0
119 428 -1.0
119 429 1.0
119 431 1.0
119 437 1.0
119 441 1.0
119 443 1.0
119 445 -1.0
119 450 1.0
119 452 1.0
119 455 1.0
119 460 1.0
119 466 1.0
119 467 1.0
119 469 1.0
119 470 1.0
119 478 1.0
119 482 1.0
119 483 1.0
119 486 1.0
119 575 1.0
119 493 -1.0
119 504 1.0
119 508 1.0
119 509 1.0
119 512 1.0
120 513 1.0
120 599 1.0
120 535 -1.0
120 537 -1.0
120 602 1.0
120 616 1.0
120 625 1.0
120 633 1.0
120 634 1.0
120 123 1.0
120 125 1.0
120 128 1.0
120 641 1.0
120 642 1.0
120 643 1.0
120 132 1.0
120 134 1.0
120 135 -1.0
120 137 1.0
120 621 1.0
120 139 1.0
120 141 1.0
120 149 1.0
120 151 -1.0
120 152 1.0
120 154 1.0
120 155 -1.0
120 157 1.0
120 158 1.0
120 162 1.0
120 163 1.0
120 164 1.0
120 168 -1.0
120 170 1.0
120 172 1.0
120 174 1.0
120 175 1.0
120 177 1.0
120 178 1.0
120 179 1.0
120 180 1.0
120 185 1.0
120 187 -1.0
120 190 1.0
120 191 1.0
120 193 1.0
120 194 -1.0
120 196 1.0
120 197 1.0
120 198 1.0
120 199 1.0
120 200 1.0
120 202 1.0
120 203 1.0
120 205 1.0
120 206 1.0
120 207 1.0
120 208 1.0
120 211 1.0
120 550 1.0
120 226 1.0
120 229 1.0
120 551 1.0
120 245 1.0
120 248 1.0
120 253 1.0
120 606 1.0
120 257 1.0
120 264 1.0
120 270 1.0
120 274 1.0
120 279 1.0
120 283 1.0
120 624 -1.0
120 607 -1.0
120 290 1.0
120 522 1.0
120 294 1.0
120 296 1.0
120 130 1.0
120 298 1.0
120 306 1.0
120 313 1.0
120 608 -1.0
120 322 1.0
120 324 1.0
120 328 1.0
120 330 1.0
120 568 1.0
120 334 1.0
120 342 1.0
120 347 1.0
120 352 -1.0
120 572 1.0
120 359 1.0
120 365 1.0
120 369 1.0
120 370 1.0
120 372 1.0
120 575 1.0
120 377 1.0
120 577 1.0
120 390 1.0
120 393 1.0
120 394 1.0
120 395 1.0
120 397 1.0
120 398 1.0
120 628 1.0
120 405 1.0
120 413 1.0
120 414 1.0
120 418 1.0
120 420 1.0
120 432 1.0
120 451 1.0
120 456 1.0
120 604 1.0
120 461 1.0
120 463 1.0
120 464 1.0
120 470 1.0
120 486 1.0
120 489 1.0
120 596 1.0
120 502 1.0
120 509 1.0
120 511 1.0
120 512 -1.0
121 517 1.0
121 519 1.0
121 533 1.0
121 536 1.0
121 539 1.0
121 544 1.0
121 577 1.0
121 579 1.0
121 593 1.0
121 604 1.0
121 610 1.0
121 122 1.0
121 636 1.0
121 125 1.0
121 126 1.0
121 129 1.0
121 130 1.0
121 132 1.0
121 133 1.0
121 602 1.0
121 139 1.0
121 140 1.0
121 141 1.0
121 143 1.0
121 144 1.0
121 146 1.0
121 623 1.0
121 151 1.0
121 154 1.0
121 155 1.0
121 156 1.0
121 157 1.0
121 161 -1.0
121 163 1.0
121 165 1.0
121 166 1.0
121 168 1.0
121 170 1.0
121 171 1.0
121 174 1.0
121 176 -1.0
121 177 1.0
121 178 1.0
121 181 1.0
121 183 1.0
121 186 1.0
121 188 1.0
121 190 1.0
121 191 1.0
121 194 1.0
121 196 -1.0
121 198 1.0
121 200 1.0
121 204 1.0
121 205 1.0
121 206 1.0
121 616 1.0
121 550 1.0
121 227 1.0
121 229 1.0
121 236 1.0
121 565 1.0
121 239 1.0
121 240 1.0
121 553 1.0
121 245 1.0
121 248 1.0
121 252 1.0
121 253 1.0
121 606 1.0
121 642 1.0
121 265 1.0
121 269 1.0
121 558 1.0
121 645 1.0
121 283 -1.0
121 607 1.0
121 289 1.0
121 290 1.0
121 292 1.0
121 295 1.0
121 296 1.0
121 298 1.0
121 307 1.0
121 313 1.0
121 625 1.0
121 315 1.0
121 319 1.0
121 320 1.0
121 322 1.0
121 329 1.0
121 339 -1.0
121 609 1.0
121 352 1.0
121 354 1.0
121 360 1.0
121 371 1.0
121 375 1.0
121 377 1.0
121 378 1.0
121 386 1.0
121 390 1.0
121 406 1.0
121 410 1.0
121 582 1.0
121 419 1.0
121 242 1.0
121 585 1.0
121 436 1.0
121 445 1.0
121 448 -1.0
121 454 1.0
121 473 1.0
121 482 1.0
121 485 1.0
121 491 1.0
121 493 1.0
121 498 1.0
121 505 1.0
121 507 1.0
121 511 1.0
122 138 1.0
122 540 1.0
122 603 1.0
122 588 1.0
122 590 1.0
122 602 1.0
122 605 1.0
122 608 -1.0
122 613 1.0
122 620 1.0
122 631 1.0
122 632 1.0
122 123 1.0
122 124 1.0
122 125 1.0
122 127 1.0
122 130 1.0
122 131 1.0
122 132 1.0
122 134 1.0
122 135 1.0
122 136 1.0
122 621 1.0
122 139 -1.0
122 140 1.0
122 141 1.0
122 144 1.0
122 145 1.0
122 146 1.0
122 149 -1.0
122 151 1.0
122 153 1.0
122 154 1.0
122 156 1.0
122 158 1.0
122 159 1.0
122 162 1.0
122 163 1.0
122 164 1.0
122 166 1.0
122 168 1.0
122 170 1.0
122 173 -1.0
122 174 1.0
122 175 1.0
122 176 1.0
122 626 1.0
122 182 -1.0
122 183 1.0
122 184 1.0
122 185 1.0
122 186 1.0
122 190 1.0
122 191 1.0
122 197 1.0
122 200 1.0
122 202 -1.0
122 204 1.0
122 206 1.0
122 208 1.0
122 633 1.0
122 211 1.0
122 214 1.0
122 224 -1.0
122 231 1.0
122 235 1.0
122 552 1.0
122 238 1.0
122 639 1.0
122 253 1.0
122 255 1.0
122 263 1.0
122 264 1.0
122 265 1.0
122 557 1.0
122 270 1.0
122 272 1.0
122 644 1.0
122 559 1.0
122 561 1.0
122 294 1.0
122 297 1.0
122 299 1.0
122 304 -1.0
122 307 1.0
122 308 1.0
122 312 -1.0
122 314 1.0
122 315 1.0
122 317 1.0
122 318 1.0
122 320 1.0
122 324 1.0
122 567 1.0
122 333 1.0
122 336 1.0
122 342 1.0
122 344 1.0
122 575 1.0
122 573 1.0
122 363 1.0
122 627 1.0
122 379 1.0
122 381 1.0
122 382 1.0
122 383 1.0
122 385 1.0
122 577 1.0
122 578 1.0
122 395 1.0
122 403 1.0
122 405 1.0
122 411 1.0
122 415 1.0
122 582 1.0
122 417 1.0
122 419 1.0
122 426 1.0
122 427 1.0
122 436 1.0
122 586 1.0
122 452 1.0
122 455 1.0
122 456 1.0
122 470 1.0
122 483 1.0
122 486 -1.0
122 492 1.0
122 494 1.0
122 496 1.0
122 507 1.0
123 513 1.0
123 519 1.0
123 520 1.0
123 602 1.0
123 568 1.0
123 588 1.0
123 593 1.0
123 618 1.0
123 630 1.0
123 124 1.0
123 637 1.0
123 127 1.0
123 128 1.0
123 129 -1.0
123 130 1.0
123 131 1.0
123 133 1.0
123 646 -1.0
123 136 1.0
123 137 -1.0
123 138 1.0
123 140 1.0
123 143 1.0
123 145 1.0
123 147 1.0
123 151 1.0
123 152 1.0
123 155 1.0
123 156 1.0
123 158 1.0
123 159 1.0
123 160 1.0
123 162 1.0
123 163 1.0
123 164 1.0
123 165 1.0
123 166 1.0
123 168 1.0
123 169 1.0
123 541 1.0
123 180 1.0
123 182 1.0
123 183 1.0
123 184 1.0
123 186 1.0
123 187 1.0
123 188 1.0
123 191 1.0
123 195 1.0
123 196 1.0
123 198 -1.0
123 202 1.0
123 207 1.0
123 208 1.0
123 210 1.0
123 213 1.0
123 217 1.0
123 221 1.0
123 228 1.0
123 240 1.0
123 554 1.0
123 282 -1.0
123 623 1.0
123 258 1.0
123 261 1.0
123 262 1.0
123 275 1.0
123 645 -1.0
123 284 1.0
123 607 1.0
123 617 -1.0
123 298 1.0
123 301 1.0
123 649 1.0
123 307 -1.0
123 585 -1.0
123 311 1.0
123 650 1.0
123 608 1.0
123 321 1.0
123 322 1.0
123 326 1.0
123 335 1.0
123 336 1.0
123 569 1.0
123 340 1.0
123 346 1.0
123 350 1.0
123 355 1.0
123 356 1.0
123 367 1.0
123 377 1.0
123 385 1.0
123 577 1.0
123 388 1.0
123 396 1.0
123 397 1.0
123 401 1.0
123 403 1.0
123 404 1.0
123 409 1.0
123 581 1.0
123 412 1.0
123 432 1.0
123 433 1.0
123 434 -1.0
123 435 1.0
123 437 1.0
123 609 1.0
123 443 1.0
123 587 1.0
123 451 1.0
123 589 1.0
123 459 1.0
123 461 1.0
123 467 1.0
123 480 1.0
123 594 1.0
123 489 1.0
123 490 1.0
123 496 1.0
123 500 -1.0
123 503 1.0
123 508 -1.0
124 528 1.0
124 529 1.0
124 530 1.0
124 536 1.0
124 537 1.0
124 617 1.0
124 632 1.0
124 633 -1.0
124 636 1.0
124 129 1.0
124 130 -1.0
124 131 1.0
124 132 1.0
124 133 1.0
124 134 -1.0
124 135 1.0
124 136 1.0
124 139 1.0
124 141 1.0
124 142 1.0
124 144 1.0
124 145 1.0
124 151 1.0
124 152 -1.0
124 154 1.0
124 155 1.0
124 158 1.0
124 159 1.0
124 160 1.0
124 162 1.0
124 164 1.0
124 535 1.0
124 175 1.0
124 178 1.0
124 179 1.0
124 182 -1.0
124 183 1.0
124 188 1.0
124 190 1.0
124 191 -1.0
124 192 1.0
124 195 1.0
124 196 1.0
124 198 1.0
124 202 1.0
124 206 1.0
124 207 -1.0
124 208 1.0
124 209 -1.0
124 210 1.0
124 213 1.0
124 217 1.0
124 221 1.0
124 550 1.0
124 227 1.0
124 228 -1.0
124 229 1.0
124 551 -1.0
124 233 1.0
124 552 1.0
124 261 1.0
124 643 1.0
124 283 1.0
124 293 1.0
124 647 1.0
124 301 1.0
124 304 1.0
124 620 1.0
124 306 1.0
124 307 1.0
124 312 1.0
124 608 1.0
124 320 1.0
124 329 1.0
124 331 1.0
124 333 1.0
124 339 1.0
124 342 1.0
124 343 1.0
124 348 1.0
124 571 1.0
124 352 1.0
124 572 1.0
124 357 1.0
124 360 1.0
124 573 1.0
124 365 1.0
124 574 1.0
124 370 1.0
124 381 1.0
124 390 1.0
124 578 1.0
124 395 1.0
124 397 1.0
124 399 1.0
124 404 1.0
124 406 1.0
124 409 1.0
124 410 1.0
124 412 1.0
124 425 1.0
124 584 1.0
124 586 1.0
124 441 1.0
124 444 1.0
124 445 -1.0
124 456 -1.0
124 457 1.0
124 464 1.0
124 467 1.0
124 470 1.0
124 474 1.0
124 484 1.0
124 485 1.0
124 611 1.0
124 495 1.0
124 499 1.0
124 507 1.0
124 508 1.0
124 510 1.0
125 515 1.0
125 618 1.0
125 521 1.0
125 632 1.0
125 346 1.0
125 567 1.0
125 541 1.0
125 544 1.0
125 578 1.0
125 583 1.0
125 611 1.0
125 601 1.0
125 638 1.0
125 127 1.0
125 128 -1.0
125 642 1.0
125 136 1.0
125 137 1.0
125 138 1.0
125 139 1.0
125 140 1.0
125 147 1.0
125 148 1.0
125 449 1.0
125 150 1.0
125 152 1.0
125 153 1.0
125 156 1.0
125 157 1.0
125 159 -1.0
125 160 1.0
125 162 1.0
125 163 1.0
125 164 1.0
125 165 1.0
125 166 1.0
125 168 1.0
125 169 1.0
125 170 1.0
125 171 1.0
125 174 1.0
125 175 1.0
125 179 1.0
125 181 -1.0
125 183 1.0
125 185 1.0
125 629 1.0
125 190 1.0
125 191 1.0
125 193 1.0
125 621 -1.0
125 196 1.0
125 197 1.0
125 202 1.0
125 204 1.0
125 205 -1.0
125 206 1.0
125 207 1.0
125 209 -1.0
125 212 1.0
125 221 1.0
125 229 1.0
125 230 1.0
125 235 1.0
125 241 1.0
125 242 1.0
125 623 1.0
125 246 1.0
125 254 1.0
125 606 1.0
125 556 1.0
125 266 1.0
125 558 1.0
125 275 1.0
125 285 1.0
125 298 1.0
125 563 1.0
125 308 1.0
125 310 1.0
125 326 1.0
125 328 1.0
125 329 1.0
125 568 1.0
125 333 1.0
125 335 1.0
125 336 1.0
125 344 1.0
125 609 1.0
125 358 1.0
125 360 1.0
125 361 1.0
125 370 1.0
125 576 1.0
125 381 1.0
125 382 1.0
125 394 1.0
125 395 -1.0
125 400 1.0
125 402 1.0
125 580 1.0
125 407 1.0
125 409 1.0
125 410 1.0
125 414 1.0
125 426 1.0
125 428 1.0
125 430 1.0
125 431 1.0
125 432 1.0
125 441 1.0
125 444 1.0
125 519 1.0
125 455 1.0
125 589 1.0
125 461 1.0
125 465 1.0
125 466 1.0
125 475 1.0
125 476 1.0
125 486 1.0
125 489 1.0
125 498 1.0
125 499 1.0
125 596 1.0
125 502 1.0
125 505 1.0
126 513 1.0
126 517 1.0
126 521 1.0
126 523 1.0
126 524 1.0
126 529 1.0
126 541 1.0
126 542 1.0
126 544 1.0
126 604 -1.0
126 549 1.0
126 609 1.0
126 590 1.0
126 599 1.0
126 637 1.0
126 127 1.0
126 640 1.0
126 130 1.0
126 131 1.0
126 132 1.0
126 133 1.0
126 648 1.0
126 139 1.0
126 140 1.0
126 622 1.0
126 146 1.0
126 147 1.0
126 148 1.0
126 623 1.0
126 151 1.0
126 153 1.0
126 154 1.0
126 368 1.0
126 157 1.0
126 160 1.0
126 161 1.0
126 167 1.0
126 626 1.0
126 170 1.0
126 171 1.0
126 172 -1.0
126 173 -1.0
126 174 1.0
126 180 1.0
126 181 1.0
126 184 1.0
126 185 1.0
126 186 1.0
126 188 1.0
126 190 1.0
126 192 1.0
126 195 1.0
126 197 1.0
126 200 -1.0
126 202 1.0
126 204 1.0
126 205 1.0
126 207 1.0
126 209 1.0
126 210 1.0
126 213 1.0
126 214 1.0
126 216 1.0
126 218 1.0
126 222 -1.0
126 223 1.0
126 225 1.0
126 228 1.0
126 234 1.0
126 235 -1.0
126 240 1.0
126 242 1.0
126 247 1.0
126 554 -1.0
126 531 1.0
126 555 1.0
126 257 1.0
126 260 1.0
126 264 1.0
126 276 -1.0
126 282 1.0
126 284 1.0
126 287 1.0
126 295 1.0
126 303 -1.0
126 306 1.0
126 307 1.0
126 308 1.0
126 310 1.0
126 316 1.0
126 326 1.0
126 327 1.0
126 330 1.0
126 331 1.0
126 568 1.0
126 348 1.0
126 349 1.0
126 352 1.0
126 353 1.0
126 574 1.0
126 370 1.0
126 373 1.0
126 610 1.0
126 377 1.0
126 391 1.0
126 398 -1.0
126 401 1.0
126 645 1.0
126 560 1.0
126 427 1.0
126 430 1.0
126 629 1.0
126 437 1.0
126 438 1.0
126 586 1.0
126 441 1.0
126 458 1.0
126 459 1.0
126 463 1.0
126 464 1.0
126 613 -1.0
126 470 1.0
126 482 -1.0
126 488 1.0
126 490 1.0
126 496 1.0
126 498 1.0
126 502 1.0
127 515 1.0
127 600 1.0
127 547 1.0
127 534 -1.0
127 539 1.0
127 540 1.0
127 546 1.0
127 548 1.0
127 563 -1.0
127 129 1.0
127 130 1.0
127 131 1.0
127 132 1.0
127 134 1.0
127 138 1.0
127 139 1.0
127 143 1.0
127 145 1.0
127 147 1.0
127 148 1.0
127 151 1.0
127 152 1.0
127 155 1.0
127 157 1.0
127 159 -1.0
127 160 1.0
127 161 1.0
127 162 1.0
127 165 1.0
127 167 1.0
127 168 1.0
127 169 1.0
127 171 1.0
127 172 1.0
127 174 1.0
127 175 -1.0
127 176 1.0
127 179 1.0
127 181 1.0
127 182 -1.0
127 184 1.0
127 186 1.0
127 187 1.0
127 188 -1.0
127 189 1.0
127 190 1.0
127 193 1.0
127 195 1.0
127 198 1.0
127 199 -1.0
127 200 1.0
127 209 1.0
127 211 1.0
127 212 1.0
127 213 1.0
127 232 1.0
127 552 1.0
127 245 1.0
127 249 1.0
127 251 1.0
127 259 1.0
127 556 1.0
127 268 1.0
127 269 1.0
127 643 1.0
127 558 1.0
127 279 1.0
127 281 1.0
127 294 1.0
127 297 1.0
127 298 1.0
127 303 1.0
127 306 1.0
127 307 1.0
127 310 1.0
127 650 -1.0
127 320 1.0
127 332 1.0
127 346 1.0
127 361 1.0
127 363 -1.0
127 364 1.0
127 365 1.0
127 366 1.0
127 368 1.0
127 627 1.0
127 610 1.0
127 576 1.0
127 386 -1.0
127 566 1.0
127 390 1.0
127 391 1.0
127 393 -1.0
127 399 1.0
127 580 1.0
127 411 1.0
127 421 1.0
127 422 1.0
127 429 1.0
127 437 1.0
127 442 1.0
127 454 -1.0
127 483 1.0
127 488 1.0
127 489 1.0
127 492 1.0
127 614 1.0
127 499 1.0
127 502 1.0
127 504 1.0
127 508 1.0
127 510 1.0
128 520 1.0
128 526 1.0
128 599 1.0
128 617 1.0
128 629 1.0
128 642 1.0
128 133 1.0
128 134 1.0
128 135 1.0
128 144 1.0
128 148 -1.0
128 538 1.0
128 153 1.0
128 154 1.0
128 624 1.0
128 157 1.0
128 158 1.0
128 160 1.0
128 166 1.0
128 167 1.0
128 169 1.0
128 171 1.0
128 172 1.0
128 178 1.0
128 179 1.0
128 628 1.0
128 181 1.0
128 186 1.0
128 187 1.0
128 188 1.0
128 192 1.0
128 193 1.0
128 195 1.0
128 196 1.0
128 197 1.0
128 200 1.0
128 202 1.0
128 203 1.0
128 206 1.0
128 209 1.0
128 210 1.0
128 212 1.0
128 216 1.0
128 223 1.0
128 228 1.0
128 637 1.0
128 238 1.0
128 240 1.0
128 243 1.0
128 244 1.0
128 245 1.0
128 247 1.0
128 249 1.0
128 253 1.0
128 255 1.0
128 619 1.0
128 557 1.0
128 270 1.0
128 271 1.0
128 280 1.0
128 646 1.0
128 292 -1.0
128 293 -1.0
128 647 1.0
128 564 1.0
128 309 1.0
128 310 1.0
128 565 1.0
128 318 1.0
128 324 1.0
128 325 -1.0
128 328 1.0
128 568 1.0
128 333 1.0
128 334 1.0
128 343 1.0
128 345 1.0
128 609 1.0
128 572 1.0
128 358 1.0
128 364 1.0
128 369 1.0
128 374 1.0
128 377 1.0
128 378 1.0
128 382 -1.0
128 577 1.0
128 390 1.0
128 394 1.0
128 396 1.0
128 399 1.0
128 400 1.0
128 402 1.0
128 405 1.0
128 408 1.0
128 410 -1.0
128 414 1.0
128 582 1.0
128 422 -1.0
128 425 1.0
128 428 -1.0
128 288 1.0
128 435 1.0
128 438 1.0
128 452 -1.0
128 459 1.0
128 461 1.0
128 590 -1.0
128 613 1.0
128 473 1.0
128 474 1.0
128 476 1.0
128 480 1.0
128 481 1.0
128 485 1.0
128 491 1.0
128 492 1.0
128 494 1.0
128 497 -1.0
128 505 1.0
129 517 -1.0
129 632 1.0
129 530 1.0
129 176 1.0
129 541 1.0
129 603 1.0
129 543 -1.0
129 545 1.0
129 552 1.0
129 576 1.0
129 582 1.0
129 604 1.0
129 609 1.0
129 617 1.0
129 131 1.0
129 133 1.0
129 647 1.0
129 648 -1.0
129 138 1.0
129 139 -1.0
129 141 1.0
129 145 1.0
129 146 1.0
129 148 1.0
129 151 1.0
129 153 1.0
129 154 -1.0
129 156 1.0
129 157 1.0
129 159 -1.0
129 160 1.0
129 162 1.0
129 163 1.0
129 164 1.0
129 166 1.0
129 167 1.0
129 168 1.0
129 169 1.0
129 171 1.0
129 172 1.0
129 542 1.0
129 178 1.0
129 179 1.0
129 186 1.0
129 189 1.0
129 191 1.0
129 193 1.0
129 194 1.0
129 195 1.0
129 196 1.0
129 198 1.0
129 199 1.0
129 200 1.0
129 202 1.0
129 203 1.0
129 207 1.0
129 208 1.0
129 209 1.0
129 210 1.0
129 211 1.0
129 213 1.0
129 214 1.0
129 216 1.0
129 217 1.0
129 549 1.0
129 222 1.0
129 227 1.0
129 565 1.0
129 239 1.0
129 556 1.0
129 267 1.0
129 269 1.0
129 276 1.0
129 280 1.0
129 283 -1.0
129 624 1.0
129 285 1.0
129 286 1.0
129 561 1.0
129 295 1.0
129 303 1.0
129 306 1.0
129 311 -1.0
129 312 1.0
129 313 1.0
129 314 1.0
129 316 1.0
129 320 -1.0
129 325 1.0
129 326 1.0
129 329 1.0
129 570 1.0
129 350 1.0
129 351 1.0
129 355 -1.0
129 360 1.0
129 367 1.0
129 369 1.0
129 372 1.0
129 377 1.0
129 383 1.0
129 388 1.0
129 389 1.0
129 397 1.0
129 581 1.0
129 414 1.0
129 365 1.0
129 426 1.0
129 427 1.0
129 431 -1.0
129 442 -1.0
129 444 -1.0
129 455 1.0
129 456 1.0
129 459 1.0
129 461 1.0
129 596 1.0
129 474 1.0
129 485 1.0
129 487 1.0
129 500 1.0
129 504 1.0
129 597 1.0
129 508 1.0
129 598 -1.0
130 514 1.0
130 518 1.0
130 632 1.0
130 532 1.0
130 602 1.0
130 537 1.0
130 542 -1.0
130 547 1.0
130 548 1.0
130 605 1.0
130 558 1.0
130 587 1.0
130 604 1.0
130 612 1.0
130 639 1.0
130 641 1.0
130 644 1.0
130 133 1.0
130 134 1.0
130 647 1.0
130 136 1.0
130 143 1.0
130 144 -1.0
130 145 1.0
130 147 1.0
130 148 -1.0
130 149 1.0
130 155 1.0
130 624 1.0
130 162 -1.0
130 163 1.0
130 165 1.0
130 168 1.0
130 169 1.0
130 170 1.0
130 172 1.0
130 175 1.0
130 177 1.0
130 178 1.0
130 180 1.0
130 626 1.0
130 185 1.0
130 188 -1.0
130 191 1.0
130 196 1.0
130 197 1.0
130 202 1.0
130 204 1.0
130 205 1.0
130 209 1.0
130 212 1.0
130 213 1.0
130 216 1.0
130 223 1.0
130 622 1.0
130 229 1.0
130 230 1.0
130 232 1.0
130 234 1.0
130 236 -1.0
130 239 1.0
130 241 1.0
130 254 -1.0
130 606 1.0
130 262 1.0
130 264 1.0
130 270 1.0
130 273 1.0
130 277 1.0
130 278 1.0
130 280 1.0
130 285 1.0
130 286 1.0
130 288 1.0
130 289 1.0
130 561 1.0
130 476 -1.0
130 562 1.0
130 297 -1.0
130 648 1.0
130 306 1.0
130 309 1.0
130 313 1.0
130 625 1.0
130 320 1.0
130 321 1.0
130 322 1.0
130 567 1.0
130 329 1.0
130 330 1.0
130 568 1.0
130 334 1.0
130 335 1.0
130 338 1.0
130 340 1.0
130 570 1.0
130 351 1.0
130 352 1.0
130 354 1.0
130 362 1.0
130 367 1.0
130 627 1.0
130 375 1.0
130 380 1.0
130 386 1.0
130 395 1.0
130 401 1.0
130 406 1.0
130 411 1.0
130 422 1.0
130 426 1.0
130 646 1.0
130 586 1.0
130 447 1.0
130 450 1.0
130 592 1.0
130 478 1.0
130 482 1.0
130 485 1.0
130 487 1.0
130 488 1.0
130 492 1.0
130 493 1.0
130 494 1.0
130 495 -1.0
130 498 1.0
130 510 1.0
130 598 -1.0
131 615 -1.0
131 530 1.0
131 531 1.0
131 260 1.0
131 535 1.0
131 604 1.0
131 553 1.0
131 633 1.0
131 532 1.0
131 622 1.0
131 630 1.0
131 132 1.0
131 645 -1.0
131 134 1.0
131 137 1.0
131 138 -1.0
131 139 1.0
131 140 1.0
131 141 1.0
131 142 1.0
131 143 1.0
131 144 1.0
131 145 1.0
131 146 1.0
131 152 1.0
131 155 -1.0
131 158 1.0
131 159 1.0
131 162 1.0
131 163 1.0
131 164 1.0
131 166 1.0
131 168 1.0
131 171 -1.0
131 173 1.0
131 176 1.0
131 178 1.0
131 180 1.0
131 182 1.0
131 183 1.0
131 184 1.0
131 185 1.0
131 187 1.0
131 189 1.0
131 190 1.0
131 191 1.0
131 192 1.0
131 197 1.0
131 198 1.0
131 200 1.0
131 202 1.0
131 203 1.0
131 205 1.0
131 206 1.0
131 208 1.0
131 210 1.0
131 215 1.0
131 216 1.0
131 218 1.0
131 231 1.0
131 236 1.0
131 241 1.0
131 639 1.0
131 606 1.0
131 257 1.0
131 641 1.0
131 556 1.0
131 274 1.0
131 286 1.0
131 287 1.0
131 562 -1.0
131 620 1.0
131 307 1.0
131 308 -1.0
131 309 -1.0
131 311 1.0
131 315 1.0
131 316 -1.0
131 320 1.0
131 331 1.0
131 568 1.0
131 341 1.0
131 346 -1.0
131 349 1.0
131 354 1.0
131 356 1.0
131 364 1.0
131 365 1.0
131 367 -1.0
131 404 1.0
131 382 1.0
131 385 1.0
131 390 1.0
131 393 1.0
131 394 1.0
131 395 1.0
131 401 1.0
131 580 1.0
131 406 1.0
131 407 1.0
131 413 1.0
131 415 1.0
131 582 1.0
131 428 1.0
131 431 1.0
131 438 -1.0
131 586 -1.0
131 445 -1.0
131 450 1.0
131 589 1.0
131 459 1.0
131 465 -1.0
131 477 1.0
131 478 1.0
131 481 1.0
131 482 1.0
131 486 1.0
131 491 1.0
131 595 1.0
131 504 1.0
131 506 1.0
131 509 1.0
132 514 1.0
132 518 1.0
132 522 1.0
132 615 1.0
132 532 1.0
132 548 1.0
132 633 1.0
132 584 1.0
132 604 1.0
132 614 1.0
132 624 1.0
132 133 1.0
132 134 1.0
132 136 1.0
132 138 1.0
132 141 1.0
132 142 1.0
132 143 1.0
132 146 1.0
132 148 1.0
132 151 1.0
132 154 1.0
132 156 1.0
132 157 1.0
132 158 1.0
132 159 1.0
132 160 1.0
132 163 -1.0
132 167 1.0
132 169 1.0
132 171 1.0
132 172 -1.0
132 175 1.0
132 177 1.0
132 180 1.0
132 181 1.0
132 183 1.0
132 187 1.0
132 190 1.0
132 191 -1.0
132 193 1.0
132 195 1.0
132 196 1.0
132 198 1.0
132 199 1.0
132 200 1.0
132 205 1.0
132 206 1.0
132 208 1.0
132 209 1.0
132 218 1.0
132 220 1.0
132 224 1.0
132 228 1.0
132 229 1.0
132 232 1.0
132 638 1.0
132 243 1.0
132 252 1.0
132 253 1.0
132 555 1.0
132 256 1.0
132 257 1.0
132 262 -1.0
132 264 1.0
132 268 1.0
132 271 1.0
132 278 1.0
132 283 1.0
132 285 1.0
132 288 -1.0
132 563 1.0
132 303 1.0
132 304 1.0
132 305 1.0
132 306 1.0
132 307 1.0
132 311 1.0
132 315 1.0
132 323 1.0
132 328 1.0
132 331 1.0
132 336 1.0
132 341 1.0
132 346 1.0
132 359 1.0
132 361 1.0
132 363 1.0
132 574 1.0
132 373 1.0
132 388 1.0
132 390 1.0
132 401 1.0
132 407 1.0
132 415 -1.0
132 417 1.0
132 420 1.0
132 583 1.0
132 423 1.0
132 424 1.0
132 426 1.0
132 427 1.0
132 432 1.0
132 437 1.0
132 442 1.0
132 445 1.0
132 447 1.0
132 448 1.0
132 449 1.0
132 459 1.0
132 461 1.0
132 590 1.0
132 476 1.0
132 491 -1.0
132 492 1.0
132 495 1.0
132 500 1.0
132 501 1.0
132 503 1.0
132 508 1.0
133 519 -1.0
133 521 1.0
133 523 1.0
133 546 1.0
133 605 -1.0
133 556 1.0
133 583 1.0
133 609 -1.0
133 611 -1.0
133 619 1.0
133 625 1.0
133 617 1.0
133 632 1.0
133 134 1.0
133 135 1.0
133 136 1.0
133 649 1.0
133 138 1.0
133 139 1.0
133 140 1.0
133 141 1.0
133 142 1.0
133 143 1.0
133 144 1.0
133 145 1.0
133 146 1.0
133 147 1.0
133 148 1.0
133 149 1.0
133 151 1.0
133 152 1.0
133 154 1.0
133 155 1.0
133 156 1.0
133 157 1.0
133 160 -1.0
133 163 1.0
133 164 1.0
133 165 1.0
133 166 1.0
133 169 1.0
133 171 1.0
133 172 1.0
133 174 1.0
133 175 1.0
133 177 1.0
133 179 1.0
133 180 1.0
133 182 1.0
133 184 1.0
133 186 1.0
133 188 1.0
133 189 1.0
133 191 1.0
133 195 1.0
133 197 1.0
133 198 1.0
133 201 1.0
133 204 1.0
133 205 1.0
133 207 1.0
133 209 1.0
133 210 1.0
133 214 1.0
133 215 1.0
133 217 1.0
133 218 1.0
133 635 1.0
133 224 1.0
133 235 1.0
133 553 1.0
133 639 1.0
133 253 1.0
133 256 1.0
133 257 -1.0
133 261 1.0
133 263 1.0
133 642 -1.0
133 277 1.0
133 282 1.0
133 294 1.0
133 298 1.0
133 299 1.0
133 620 -1.0
133 308 1.0
133 310 1.0
133 317 1.0
133 328 1.0
133 333 1.0
133 335 1.0
133 341 1.0
133 343 1.0
133 354 -1.0
133 572 1.0
133 369 1.0
133 372 1.0
133 374 1.0
133 375 1.0
133 610 1.0
133 381 1.0
133 382 -1.0
133 385 1.0
133 389 1.0
133 396 1.0
133 399 1.0
133 410 1.0
133 411 1.0
133 416 1.0
133 420 1.0
133 424 1.0
133 439 1.0
133 441 1.0
133 459 1.0
133 466 1.0
133 468 1.0
133 470 1.0
133 471 1.0
133 477 1.0
133 479 1.0
133 480 1.0
133 484 -1.0
133 495 1.0
133 596 1.0
133 504 1.0
133 507 1.0
134 515 1.0
134 599 1.0
134 520 1.0
134 521 1.0
134 632 1.0
134 529 1.0
134 534 1.0
134 543 1.0
134 546 1.0
134 551 1.0
134 579 1.0
134 612 1.0
134 620 1.0
134 135 1.0
134 136 1.0
134 140 -1.0
134 142 1.0
134 146 1.0
134 147 1.0
134 148 1.0
134 151 1.0
134 155 1.0
134 156 1.0
134 157 1.0
134 158 1.0
134 160 1.0
134 161 1.0
134 163 1.0
134 166 1.0
134 167 1.0
134 169 1.0
134 171 1.0
134 172 1.0
134 174 1.0
134 177 1.0
134 180 1.0
134 182 -1.0
134 184 1.0
134 186 1.0
134 544 1.0
134 190 1.0
134 193 1.0
134 194 1.0
134 195 -1.0
134 197 1.0
134 198 1.0
134 200 1.0
134 201 1.0
134 202 1.0
134 204 1.0
134 206 -1.0
134 209 1.0
134 211 1.0
134 212 1.0
134 213 1.0
134 214 1.0
134 216 1.0
134 217 1.0
134 220 1.0
134 221 1.0
134 226 1.0
134 242 1.0
134 244 1.0
134 245 1.0
134 247 1.0
134 253 1.0
134 254 1.0
134 606 1.0
134 258 1.0
134 261 1.0
134 262 1.0
134 264 -1.0
134 266 1.0
134 472 1.0
134 643 1.0
134 274 1.0
134 284 1.0
134 291 1.0
134 292 1.0
134 295 1.0
134 299 1.0
134 311 1.0
134 316 1.0
134 327 1.0
134 329 1.0
134 330 1.0
134 332 1.0
134 344 1.0
134 346 1.0
134 359 1.0
134 360 1.0
134 573 1.0
134 366 1.0
134 576 1.0
134 386 -1.0
134 387 1.0
134 390 1.0
134 578 1.0
134 399 1.0
134 404 1.0
134 582 1.0
134 584 1.0
134 434 1.0
134 437 -1.0
134 586 1.0
134 441 1.0
134 445 -1.0
134 587 1.0
134 450 1.0
134 452 1.0
134 453 1.0
134 456 1.0
134 462 1.0
134 590 1.0
134 465 -1.0
134 255 1.0
134 545 1.0
134 474 1.0
134 475 1.0
134 478 1.0
134 491 1.0
134 502 1.0
135 513 1.0
135 522 1.0
135 524 1.0
135 525 1.0
135 530 1.0
135 541 1.0
135 545 1.0
135 546 1.0
135 604 1.0
135 549 1.0
135 554 1.0
135 559 -1.0
135 603 1.0
135 612 1.0
135 617 1.0
135 620 1.0
135 633 1.0
135 634 1.0
135 647 1.0
135 136 -1.0
135 137 1.0
135 140 1.0
135 141 1.0
135 142 1.0
135 144 1.0
135 145 1.0
135 146 1.0
135 149 1.0
135 150 1.0
135 152 1.0
135 155 1.0
135 158 1.0
135 160 1.0
135 161 1.0
135 163 -1.0
135 164 1.0
135 165 -1.0
135 167 1.0
135 168 1.0
135 169 1.0
135 171 1.0
135 177 -1.0
135 179 -1.0
135 626 1.0
135 185 1.0
135 187 1.0
135 189 1.0
135 190 1.0
135 191 1.0
135 193 1.0
135 196 1.0
135 197 1.0
135 198 1.0
135 199 1.0
135 200 1.0
135 202 1.0
135 203 -1.0
135 204 1.0
135 207 1.0
135 208 1.0
135 209 1.0
135 211 1.0
135 212 1.0
135 218 -1.0
135 219 1.0
135 220 1.0
135 221 -1.0
135 550 1.0
135 232 1.0
135 236 1.0
135 243 1.0
135 244 1.0
135 251 1.0
135 260 1.0
135 265 1.0
135 273 1.0
135 274 1.0
135 275 1.0
135 277 1.0
135 645 1.0
135 607 1.0
135 289 -1.0
135 293 1.0
135 297 -1.0
135 299 1.0
135 300 1.0
135 306 1.0
135 308 1.0
135 311 1.0
135 315 1.0
135 333 -1.0
135 336 1.0
135 342 1.0
135 570 1.0
135 345 1.0
135 356 1.0
135 358 1.0
135 359 1.0
135 360 1.0
135 372 1.0
135 374 1.0
135 375 1.0
135 379 1.0
135 380 1.0
135 382 1.0
135 383 1.0
135 387 1.0
135 394 1.0
135 405 1.0
135 419 -1.0
135 420 1.0
135 429 1.0
135 564 1.0
135 433 1.0
135 436 -1.0
135 448 1.0
135 449 1.0
135 453 1.0
135 456 1.0
135 459 1.0
135 462 1.0
135 464 -1.0
135 470 1.0
135 597 -1.0
135 507 1.0
136 524 1.0
136 525 1.0
136 534 1.0
136 542 1.0
136 543 1.0
136 550 1.0
136 552 1.0
136 553 1.0
136 605 -1.0
136 557 1.0
136 559 1.0
136 613 1.0
136 614 1.0
136 616 1.0
136 617 1.0
136 618 1.0
136 628 1.0
136 632 1.0
136 638 -1.0
136 648 1.0
136 138 1.0
136 139 1.0
136 141 1.0
136 142 1.0
136 143 1.0
136 144 1.0
136 145 1.0
136 146 1.0
136 147 1.0
136 149 1.0
136 150 1.0
136 151 1.0
136 156 1.0
136 157 1.0
136 160 -1.0
136 162 1.0
136 163 1.0
136 164 1.0
136 166 1.0
136 167 1.0
136 169 1.0
136 171 1.0
136 174 1.0
136 175 1.0
136 178 1.0
136 182 1.0
136 183 1.0
136 184 1.0
136 187 1.0
136 192 -1.0
136 193 1.0
136 197 1.0
136 198 1.0
136 199 1.0
136 200 1.0
136 201 1.0
136 204 1.0
136 208 1.0
136 209 1.0
136 212 1.0
136 216 1.0
136 218 1.0
136 219 1.0
136 223 1.0
136 236 1.0
136 237 1.0
136 245 1.0
136 253 1.0
136 263 1.0
136 264 1.0
136 277 1.0
136 283 -1.0
136 646 1.0
136 290 1.0
136 647 1.0
136 297 -1.0
136 298 1.0
136 301 1.0
136 642 1.0
136 315 -1.0
136 318 1.0
136 320 1.0
136 325 -1.0
136 567 1.0
136 328 1.0
136 339 1.0
136 344 1.0
136 571 1.0
136 352 1.0
136 359 1.0
136 364 1.0
136 365 1.0
136 375 1.0
136 381 1.0
136 383 1.0
136 385 1.0
136 391 1.0
136 396 1.0
136 403 1.0
136 405 -1.0
136 408 1.0
136 417 1.0
136 584 1.0
136 429 1.0
136 433 1.0
136 585 1.0
136 436 1.0
136 437 1.0
136 438 1.0
136 440 1.0
136 447 1.0
136 448 1.0
136 449 1.0
136 588 -1.0
136 455 1.0
136 456 1.0
136 457 -1.0
136 462 1.0
136 466 1.0
136 592 1.0
136 482 1.0
136 485 1.0
136 594 1.0
136 494 1.0
136 499 1.0
136 500 1.0
136 503 1.0
136 506 1.0
136 507 1.0
136 511 1.0
137 532 1.0
137 534 1.0
137 535 1.0
137 567 1.0
137 541 1.0
137 603 -1.0
137 546 1.0
137 549 1.0
137 553 1.0
137 605 1.0
137 556 -1.0
137 560 1.0
137 576 -1.0
137 524 1.0
137 606 1.0
137 608 1.0
137 612 1.0
137 624 1.0
137 630 1.0
137 641 1.0
137 642 1.0
137 648 1.0
137 650 1.0
137 139 1.0
137 141 1.0
137 142 1.0
137 143 1.0
137 144 1.0
137 145 1.0
137 146 1.0
137 152 1.0
137 155 1.0
137 156 1.0
137 158 1.0
137 159 -1.0
137 161 1.0
137 163 1.0
137 166 1.0
137 167 1.0
137 172 -1.0
137 173 1.0
137 175 1.0
137 177 1.0
137 180 1.0
137 182 1.0
137 183 1.0
137 184 1.0
137 188 -1.0
137 195 -1.0
137 196 1.0
137 197 1.0
137 200 -1.0
137 201 1.0
137 202 1.0
137 204 1.0
137 205 1.0
137 208 1.0
137 211 1.0
137 214 1.0
137 218 1.0
137 220 1.0
137 226 1.0
137 636 1.0
137 238 1.0
137 242 1.0
137 253 1.0
137 266 1.0
137 276 1.0
137 281 1.0
137 287 1.0
137 296 1.0
137 302 -1.0
137 305 1.0
137 564 1.0
137 310 1.0
137 591 1.0
137 318 1.0
137 319 1.0
137 326 1.0
137 332 1.0
137 333 1.0
137 334 1.0
137 335 1.0
137 338 1.0
137 228 1.0
137 341 1.0
137 609 1.0
137 347 1.0
137 349 1.0
137 571 1.0
137 354 1.0
137 376 1.0
137 593 1.0
137 389 1.0
137 400 1.0
137 409 1.0
137 413 -1.0
137 419 -1.0
137 420 1.0
137 421 1.0
137 431 1.0
137 629 1.0
137 437 1.0
137 438 1.0
137 586 1.0
137 441 -1.0
137 446 1.0
137 451 1.0
137 460 1.0
137 470 1.0
137 506 1.0
137 473 1.0
137 474 1.0
137 477 1.0
137 480 1.0
137 481 1.0
137 482 1.0
137 486 1.0
137 492 1.0
137 495 1.0
137 597 1.0
137 512 1.0
138 513 -1.0
138 517 1.0
138 520 1.0
138 522 -1.0
138 523 1.0
138 531 1.0
138 533 1.0
138 541 1.0
138 603 1.0
138 604 1.0
138 554 1.0
138 555 1.0
138 562 1.0
138 615 -1.0
138 276 1.0
138 619 1.0
138 646 1.0
138 140 1.0
138 141 -1.0
138 146 1.0
138 147 1.0
138 149 1.0
138 152 -1.0
138 153 1.0
138 155 1.0
138 156 1.0
138 159 1.0
138 160 1.0
138 164 1.0
138 167 1.0
138 168 1.0
138 171 1.0
138 175 1.0
138 177 1.0
138 178 1.0
138 184 1.0
138 186 1.0
138 188 1.0
138 189 1.0
138 191 1.0
138 192 1.0
138 193 1.0
138 195 1.0
138 197 1.0
138 198 1.0
138 199 1.0
138 201 1.0
138 202 1.0
138 203 1.0
138 206 1.0
138 207 1.0
138 210 -1.0
138 211 1.0
138 212 -1.0
138 215 1.0
138 217 1.0
138 218 1.0
138 220 -1.0
138 221 1.0
138 222 -1.0
138 223 1.0
138 227 1.0
138 229 1.0
138 552 1.0
138 239 1.0
138 638 1.0
138 634 -1.0
138 256 1.0
138 258 1.0
138 261 -1.0
138 644 -1.0
138 278 1.0
138 299 1.0
138 300 1.0
138 301 1.0
138 305 1.0
138 316 -1.0
138 317 1.0
138 324 -1.0
138 328 -1.0
138 568 -1.0
138 336 1.0
138 341 1.0
138 344 1.0
138 347 1.0
138 571 1.0
138 351 1.0
138 353 1.0
138 357 1.0
138 360 1.0
138 361 1.0
138 363 1.0
138 371 -1.0
138 372 1.0
138 390 1.0
138 399 1.0
138 413 1.0
138 420 1.0
138 424 1.0
138 425 1.0
138 426 1.0
138 429 1.0
138 629 1.0
138 612 1.0
138 439 -1.0
138 445 1.0
138 451 1.0
138 454 1.0
138 456 1.0
138 460 1.0
138 463 1.0
138 468 1.0
138 473 1.0
138 476 1.0
138 482 1.0
138 485 1.0
138 486 1.0
138 487 1.0
138 489 1.0
138 498 1.0
138 505 1.0
138 507 1.0
138 508 1.0
139 513 1.0
139 527 1.0
139 601 1.0
139 602 1.0
139 538 1.0
139 545 1.0
139 555 -1.0
139 563 1.0
139 599 1.0
139 610 1.0
139 611 1.0
139 615 1.0
139 642 1.0
139 619 1.0
139 621 -1.0
139 536 1.0
139 141 -1.0
139 143 1.0
139 145 1.0
139 146 -1.0
139 149 1.0
139 152 1.0
139 157 1.0
139 160 1.0
139 162 1.0
139 164 1.0
139 166 1.0
139 167 1.0
139 172 1.0
139 176 1.0
139 177 1.0
139 179 1.0
139 180 1.0
139 183 1.0
139 184 1.0
139 187 1.0
139 189 1.0
139 190 1.0
139 195 1.0
139 196 1.0
139 199 1.0
139 201 1.0
139 206 1.0
139 207 1.0
139 208 1.0
139 209 -1.0
139 214 1.0
139 215 1.0
139 219 1.0
139 220 1.0
139 221 1.0
139 222 -1.0
139 223 1.0
139 224 1.0
139 225 1.0
139 226 1.0
139 227 1.0
139 228 1.0
139 231 1.0
139 232 1.0
139 238 -1.0
139 242 1.0
139 251 1.0
139 260 1.0
139 261 1.0
139 271 1.0
139 558 1.0
139 281 1.0
139 289 1.0
139 292 1.0
139 298 1.0
139 301 1.0
139 317 1.0
139 324 1.0
139 326 1.0
139 343 1.0
139 345 1.0
139 359 1.0
139 362 1.0
139 363 1.0
139 365 1.0
139 366 -1.0
139 367 1.0
139 368 1.0
139 376 -1.0
139 384 -1.0
139 388 1.0
139 390 1.0
139 391 1.0
139 393 -1.0
139 395 1.0
139 407 1.0
139 414 1.0
139 418 1.0
139 422 1.0
139 424 1.0
139 584 1.0
139 464 1.0
139 457 1.0
139 460 1.0
139 462 1.0
139 590 -1.0
139 469 1.0
139 470 1.0
139 473 1.0
139 474 1.0
139 480 1.0
139 481 1.0
139 490 1.0
139 491 1.0
139 494 1.0
139 497 1.0
139 498 1.0
139 505 1.0
139 508 1.0
140 518 -1.0
140 600 1.0
140 525 1.0
140 526 -1.0
140 528 1.0
140 531 1.0
140 541 1.0
140 546 -1.0
140 550 1.0
140 633 1.0
140 649 1.0
140 141 1.0
140 142 1.0
140 143 1.0
140 145 1.0
140 147 -1.0
140 149 1.0
140 150 1.0
140 151 1.0
140 152 1.0
140 155 1.0
140 156 1.0
140 160 1.0
140 161 1.0
140 162 1.0
140 164 1.0
140 455 1.0
140 167 1.0
140 168 1.0
140 170 1.0
140 172 1.0
140 176 1.0
140 179 1.0
140 183 -1.0
140 184 1.0
140 185 1.0
140 186 1.0
140 188 1.0
140 192 1.0
140 193 1.0
140 196 1.0
140 197 1.0
140 198 1.0
140 199 1.0
140 200 -1.0
140 202 1.0
140 203 1.0
140 205 1.0
140 206 1.0
140 211 1.0
140 215 1.0
140 216 1.0
140 217 1.0
140 218 1.0
140 219 1.0
140 224 1.0
140 225 1.0
140 552 1.0
140 239 1.0
140 638 1.0
140 241 1.0
140 247 1.0
140 248 1.0
140 254 1.0
140 256 1.0
140 257 1.0
140 264 1.0
140 268 1.0
140 272 1.0
140 645 1.0
140 285 1.0
140 286 1.0
140 290 1.0
140 302 -1.0
140 309 1.0
140 311 -1.0
140 318 1.0
140 568 -1.0
140 350 1.0
140 351 1.0
140 353 1.0
140 354 1.0
140 572 1.0
140 357 1.0
140 360 1.0
140 363 1.0
140 617 1.0
140 373 1.0
140 575 1.0
140 576 1.0
140 240 1.0
140 389 1.0
140 396 1.0
140 579 1.0
140 400 1.0
140 403 1.0
140 406 -1.0
140 496 1.0
140 418 1.0
140 439 1.0
140 447 1.0
140 448 1.0
140 449 1.0
140 450 1.0
140 588 1.0
140 621 -1.0
140 460 1.0
140 461 1.0
140 477 1.0
140 478 1.0
140 494 1.0
140 614 1.0
140 505 1.0
140 635 1.0
140 508 1.0
141 520 1.0
141 538 1.0
141 544 1.0
141 546 1.0
141 604 1.0
141 584 1.0
141 598 1.0
141 622 1.0
141 626 1.0
141 143 1.0
141 145 1.0
141 147 1.0
141 148 1.0
141 149 1.0
141 153 -1.0
141 155 1.0
141 158 1.0
141 160 1.0
141 163 1.0
141 165 1.0
141 166 1.0
141 586 1.0
141 168 1.0
141 173 -1.0
141 568 1.0
141 178 1.0
141 179 -1.0
141 180 1.0
141 181 1.0
141 182 1.0
141 185 1.0
141 189 1.0
141 191 1.0
141 193 -1.0
141 196 1.0
141 197 1.0
141 199 1.0
141 202 1.0
141 206 1.0
141 207 1.0
141 211 1.0
141 212 1.0
141 213 1.0
141 214 1.0
141 215 1.0
141 216 1.0
141 217 1.0
141 220 1.0
141 225 1.0
141 226 1.0
141 227 1.0
141 228 1.0
141 253 1.0
141 300 -1.0
141 514 1.0
141 643 1.0
141 272 1.0
141 279 -1.0
141 280 -1.0
141 645 -1.0
141 286 1.0
141 646 1.0
141 289 1.0
141 297 1.0
141 648 1.0
141 307 1.0
141 317 1.0
141 327 1.0
141 332 1.0
141 571 1.0
141 354 1.0
141 634 1.0
141 363 1.0
141 366 1.0
141 369 1.0
141 378 1.0
141 380 -1.0
141 525 1.0
141 386 1.0
141 388 1.0
141 389 1.0
141 391 1.0
141 392 1.0
141 403 1.0
141 406 1.0
141 411 1.0
141 416 1.0
141 419 1.0
141 422 1.0
141 428 1.0
141 429 -1.0
141 585 1.0
141 438 -1.0
141 440 1.0
141 448 1.0
141 588 1.0
141 457 1.0
141 357 1.0
141 462 1.0
141 468 1.0
141 472 1.0
141 474 1.0
141 488 1.0
141 490 1.0
141 595 -1.0
141 496 1.0
141 501 1.0
141 503 1.0
141 506 1.0
142 517 1.0
142 599 1.0
142 536 -1.0
142 550 1.0
142 551 1.0
142 552 1.0
142 555 -1.0
142 615 1.0
142 618 1.0
142 629 1.0
142 638 1.0
142 639 1.0
142 144 1.0
142 636 -1.0
142 151 1.0
142 152 1.0
142 153 -1.0
142 160 1.0
142 163 1.0
142 164 1.0
142 166 1.0
142 168 1.0
142 169 1.0
142 170 1.0
142 172 1.0
142 173 1.0
142 175 1.0
142 177 1.0
142 181 1.0
142 183 1.0
142 185 1.0
142 186 -1.0
142 191 1.0
142 192 1.0
142 193 1.0
142 196 1.0
142 197 1.0
142 198 1.0
142 200 1.0
142 202 1.0
142 205 1.0
142 208 1.0
142 214 1.0
142 215 1.0
142 216 -1.0
142 218 -1.0
142 219 -1.0
142 223 1.0
142 225 1.0
142 238 1.0
142 243 1.0
142 246 1.0
142 249 1.0
142 251 1.0
142 255 -1.0
142 263 1.0
142 267 1.0
142 269 1.0
142 643 1.0
142 274 1.0
142 275 1.0
142 277 1.0
142 287 -1.0
142 291 1.0
142 292 1.0
142 647 -1.0
142 296 1.0
142 300 1.0
142 304 1.0
142 319 -1.0
142 322 1.0
142 332 1.0
142 340 1.0
142 341 1.0
142 592 1.0
142 353 1.0
142 354 1.0
142 355 1.0
142 572 1.0
142 363 1.0
142 366 1.0
142 576 1.0
142 380 1.0
142 382 1.0
142 384 1.0
142 389 1.0
142 392 1.0
142 402 1.0
142 406 1.0
142 412 1.0
142 416 1.0
142 420 1.0
142 583 1.0
142 426 1.0
142 434 1.0
142 436 1.0
142 437 1.0
142 586 1.0
142 444 1.0
142 446 -1.0
142 448 1.0
142 452 1.0
142 454 1.0
142 462 1.0
142 630 1.0
142 467 1.0
142 470 1.0
142 473 1.0
142 476 1.0
142 477 1.0
142 479 1.0
142 422 1.0
142 593 1.0
142 484 1.0
142 485 1.0
142 495 1.0
142 498 1.0
142 506 1.0
142 507 1.0
142 510 1.0
142 512 -1.0
143 513 1.0
143 514 1.0
143 515 1.0
143 519 1.0
143 522 1.0
143 524 1.0
143 535 1.0
143 537 1.0
143 549 1.0
143 558 -1.0
143 559 1.0
143 564 1.0
143 632 1.0
143 634 -1.0
143 636 1.0
143 650 1.0
143 148 1.0
143 149 1.0
143 150 1.0
143 151 1.0
143 153 1.0
143 157 -1.0
143 158 1.0
143 159 1.0
143 160 1.0
143 162 1.0
143 164 1.0
143 166 1.0
143 168 1.0
143 171 1.0
143 173 1.0
143 174 1.0
143 175 1.0
143 178 1.0
143 182 1.0
143 183 -1.0
143 184 1.0
143 185 1.0
143 186 1.0
143 187 1.0
143 189 1.0
143 191 1.0
143 192 1.0
143 193 1.0
143 195 1.0
143 197 1.0
143 198 -1.0
143 199 1.0
143 201 1.0
143 202 1.0
143 203 1.0
143 204 1.0
143 206 1.0
143 207 1.0
143 209 1.0
143 211 1.0
143 224 1.0
143 228 1.0
143 230 1.0
143 236 1.0
143 241 1.0
143 246 1.0
143 253 1.0
143 259 1.0
143 643 1.0
143 288 1.0
143 291 1.0
143 296 1.0
143 306 1.0
143 309 1.0
143 311 1.0
143 314 1.0
143 321 1.0
143 323 1.0
143 328 1.0
143 331 1.0
143 568 1.0
143 338 1.0
143 345 1.0
143 609 1.0
143 348 1.0
143 359 1.0
143 573 1.0
143 364 1.0
143 369 1.0
143 575 1.0
143 375 1.0
143 376 1.0
143 385 1.0
143 388 1.0
143 396 1.0
143 580 1.0
143 270 1.0
143 411 1.0
143 413 1.0
143 420 1.0
143 426 1.0
143 584 1.0
143 431 1.0
143 433 1.0
143 440 1.0
143 447 1.0
143 456 1.0
143 457 1.0
143 460 1.0
143 463 1.0
143 466 1.0
143 475 1.0
143 484 1.0
143 487 1.0
143 503 1.0
143 504 -1.0
143 597 1.0
143 512 1.0
144 515 1.0
144 520 1.0
144 632 1.0
144 526 1.0
144 536 1.0
144 546 1.0
144 549 1.0
144 551 1.0
144 552 1.0
144 633 -1.0
144 649 1.0
144 567 1.0
144 592 1.0
144 622 1.0
144 636 1.0
144 147 1.0
144 149 1.0
144 150 1.0
144 153 1.0
144 154 1.0
144 156 1.0
144 157 1.0
144 158 1.0
144 159 1.0
144 161 1.0
144 163 1.0
144 165 1.0
144 166 1.0
144 167 1.0
144 168 1.0
144 171 1.0
144 174 1.0
144 175 1.0
144 176 1.0
144 177 1.0
144 180 -1.0
144 182 1.0
144 185 1.0
144 187 1.0
144 188 1.0
144 189 1.0
144 190 1.0
144 192 1.0
144 193 1.0
144 194 1.0
144 195 1.0
144 196 1.0
144 199 1.0
144 200 1.0
144 202 1.0
144 203 1.0
144 204 1.0
144 205 1.0
144 207 1.0
144 208 1.0
144 210 1.0
144 211 1.0
144 212 1.0
144 214 1.0
144 215 1.0
144 222 1.0
144 223 1.0
144 224 1.0
144 225 1.0
144 231 1.0
144 240 1.0
144 245 1.0
144 554 1.0
144 249 1.0
144 640 -1.0
144 254 1.0
144 641 -1.0
144 265 1.0
144 275 1.0
144 288 1.0
144 289 1.0
144 290 1.0
144 291 1.0
144 294 1.0
144 297 -1.0
144 304 1.0
144 306 1.0
144 564 -1.0
144 608 1.0
144 523 1.0
144 336 1.0
144 337 1.0
144 569 1.0
144 339 1.0
144 348 1.0
144 634 1.0
144 358 1.0
144 359 1.0
144 575 1.0
144 380 -1.0
144 383 1.0
144 408 -1.0
144 410 -1.0
144 416 1.0
144 419 1.0
144 420 1.0
144 430 1.0
144 436 1.0
144 438 1.0
144 443 -1.0
144 445 1.0
144 452 1.0
144 457 1.0
144 589 1.0
144 613 1.0
144 477 1.0
144 485 1.0
144 486 1.0
144 605 1.0
144 338 -1.0
144 492 1.0
144 507 1.0
144 508 1.0
145 515 1.0
145 519 -1.0
145 520 1.0
145 521 -1.0
145 525 1.0
145 533 1.0
145 535 -1.0
145 537 1.0
145 541 1.0
145 604 1.0
145 550 1.0
145 616 1.0
145 557 1.0
145 559 1.0
145 564 1.0
145 258 1.0
145 615 1.0
145 632 1.0
145 644 1.0
145 622 1.0
145 146 1.0
145 149 1.0
145 151 1.0
145 152 1.0
145 155 1.0
145 156 1.0
145 159 1.0
145 161 1.0
145 163 1.0
145 164 1.0
145 165 1.0
145 169 1.0
145 170 1.0
145 173 1.0
145 176 1.0
145 181 1.0
145 182 1.0
145 629 1.0
145 187 -1.0
145 191 1.0
145 192 1.0
145 193 -1.0
145 194 1.0
145 195 1.0
145 200 1.0
145 201 1.0
145 202 1.0
145 203 1.0
145 206 1.0
145 207 1.0
145 212 1.0
145 213 -1.0
145 214 1.0
145 217 1.0
145 218 -1.0
145 219 1.0
145 220 1.0
145 222 1.0
145 226 1.0
145 227 1.0
145 229 1.0
145 232 -1.0
145 238 1.0
145 240 1.0
145 246 1.0
145 250 1.0
145 257 1.0
145 641 -1.0
145 262 -1.0
145 386 1.0
145 269 1.0
145 270 1.0
145 278 1.0
145 282 -1.0
145 649 1.0
145 309 -1.0
145 313 1.0
145 325 1.0
145 331 1.0
145 332 1.0
145 333 1.0
145 336 1.0
145 341 1.0
145 348 1.0
145 350 1.0
145 634 1.0
145 359 1.0
145 360 1.0
145 371 1.0
145 373 -1.0
145 377 1.0
145 378 1.0
145 577 1.0
145 390 1.0
145 578 1.0
145 395 1.0
145 397 1.0
145 611 1.0
145 407 1.0
145 409 1.0
145 412 1.0
145 582 1.0
145 421 1.0
145 583 -1.0
145 426 1.0
145 429 1.0
145 431 1.0
145 433 1.0
145 587 1.0
145 449 1.0
145 588 1.0
145 460 1.0
145 465 1.0
145 473 1.0
145 480 1.0
145 486 1.0
145 487 1.0
145 492 1.0
145 495 1.0
145 502 1.0
145 503 1.0
145 504 -1.0
145 507 1.0
145 511 1.0
145 512 1.0
146 516 1.0
146 599 1.0
146 523 1.0
146 525 1.0
146 531 1.0
146 538 1.0
146 548 1.0
146 650 1.0
146 605 1.0
146 557 1.0
146 562 1.0
146 564 1.0
146 565 1.0
146 566 1.0
146 147 1.0
146 149 1.0
146 623 -1.0
146 152 1.0
146 156 1.0
146 157 1.0
146 158 1.0
146 159 1.0
146 160 1.0
146 162 1.0
146 166 1.0
146 167 1.0
146 168 1.0
146 170 -1.0
146 171 -1.0
146 174 1.0
146 176 1.0
146 178 1.0
146 179 1.0
146 181 1.0
146 182 1.0
146 184 1.0
146 185 1.0
146 187 1.0
146 190 -1.0
146 192 1.0
146 193 1.0
146 194 1.0
146 195 1.0
146 196 1.0
146 198 1.0
146 200 1.0
146 201 1.0
146 202 1.0
146 203 1.0
146 633 1.0
146 208 1.0
146 209 1.0
146 210 1.0
146 212 1.0
146 213 1.0
146 218 1.0
146 219 1.0
146 222 1.0
146 223 1.0
146 224 -1.0
146 226 1.0
146 227 1.0
146 231 1.0
146 233 1.0
146 234 1.0
146 238 1.0
146 241 1.0
146 247 1.0
146 249 1.0
146 251 1.0
146 255 1.0
146 641 1.0
146 643 1.0
146 271 1.0
146 273 1.0
146 281 1.0
146 282 -1.0
146 288 1.0
146 289 1.0
146 648 1.0
146 301 1.0
146 305 1.0
146 312 1.0
146 316 1.0
146 318 1.0
146 320 1.0
146 325 1.0
146 327 1.0
146 568 1.0
146 337 1.0
146 339 1.0
146 343 1.0
146 626 1.0
146 346 1.0
146 572 1.0
146 357 1.0
146 359 1.0
146 378 1.0
146 381 1.0
146 382 1.0
146 150 1.0
146 386 1.0
146 394 1.0
146 406 1.0
146 427 1.0
146 646 1.0
146 585 1.0
146 586 1.0
146 451 1.0
146 588 1.0
146 473 1.0
146 483 1.0
146 497 1.0
146 503 1.0
146 508 1.0
147 515 1.0
147 523 1.0
147 540 1.0
147 603 1.0
147 554 1.0
147 560 1.0
147 568 1.0
147 569 1.0
147 600 1.0
147 604 1.0
147 617 1.0
147 624 1.0
147 630 1.0
147 634 1.0
147 148 -1.0
147 149 1.0
147 151 -1.0
147 153 1.0
147 154 1.0
147 155 -1.0
147 157 1.0
147 159 1.0
147 160 1.0
147 161 1.0
147 162 1.0
147 163 1.0
147 164 1.0
147 165 1.0
147 166 -1.0
147 167 1.0
147 170 1.0
147 171 1.0
147 178 1.0
147 181 1.0
147 183 1.0
147 184 1.0
147 185 1.0
147 188 1.0
147 189 1.0
147 190 1.0
147 191 1.0
147 621 1.0
147 199 1.0
147 201 1.0
147 202 1.0
147 203 1.0
147 204 -1.0
147 206 1.0
147 208 1.0
147 210 1.0
147 211 -1.0
147 214 1.0
147 217 1.0
147 222 1.0
147 223 1.0
147 226 1.0
147 228 1.0
147 230 1.0
147 231 -1.0
147 232 1.0
147 236 1.0
147 246 1.0
147 623 1.0
147 257 1.0
147 260 1.0
147 264 1.0
147 265 1.0
147 266 1.0
147 267 -1.0
147 269 1.0
147 273 1.0
147 281 1.0
147 284 1.0
147 285 1.0
147 286 1.0
147 646 1.0
147 289 1.0
147 298 1.0
147 300 1.0
147 301 1.0
147 309 1.0
147 312 1.0
147 314 1.0
147 321 1.0
147 324 1.0
147 335 -1.0
147 535 1.0
147 344 1.0
147 349 1.0
147 362 1.0
147 365 1.0
147 371 1.0
147 380 1.0
147 397 1.0
147 580 1.0
147 406 1.0
147 409 1.0
147 581 1.0
147 411 1.0
147 526 1.0
147 420 1.0
147 583 1.0
147 425 1.0
147 431 1.0
147 434 1.0
147 438 1.0
147 442 1.0
147 443 1.0
147 447 1.0
147 462 1.0
147 465 1.0
147 466 1.0
147 468 1.0
147 591 1.0
147 471 1.0
147 473 1.0
147 475 1.0
147 479 1.0
147 484 1.0
147 486 1.0
147 605 1.0
147 488 1.0
147 611 1.0
147 631 1.0
147 498 1.0
147 499 1.0
147 340 1.0
147 509 1.0
148 525 -1.0
148 601 1.0
148 541 1.0
148 564 1.0
148 586 1.0
148 604 1.0
148 612 1.0
148 622 1.0
148 632 1.0
148 537 1.0
148 149 1.0
148 150 1.0
148 151 1.0
148 152 1.0
148 156 1.0
148 157 1.0
148 158 1.0
148 160 1.0
148 161 1.0
148 164 1.0
148 166 -1.0
148 170 1.0
148 171 1.0
148 176 1.0
148 178 1.0
148 181 -1.0
148 183 1.0
148 186 1.0
148 187 -1.0
148 188 1.0
148 189 1.0
148 190 1.0
148 192 1.0
148 193 1.0
148 194 1.0
148 195 1.0
148 196 1.0
148 197 1.0
148 198 1.0
148 199 1.0
148 201 -1.0
148 202 1.0
148 203 1.0
148 206 1.0
148 207 1.0
148 208 1.0
148 209 1.0
148 210 1.0
148 211 1.0
148 214 1.0
148 216 1.0
148 218 1.0
148 219 1.0
148 221 -1.0
148 222 1.0
148 224 -1.0
148 226 1.0
148 228 1.0
148 229 1.0
148 231 1.0
148 232 -1.0
148 234 1.0
148 235 1.0
148 236 -1.0
148 245 1.0
148 255 1.0
148 258 1.0
148 281 1.0
148 645 1.0
148 624 1.0
148 287 1.0
148 290 1.0
148 295 1.0
148 297 -1.0
148 298 1.0
148 305 1.0
148 308 1.0
148 319 1.0
148 324 1.0
148 333 1.0
148 334 -1.0
148 344 -1.0
148 346 -1.0
148 350 1.0
148 634 1.0
148 361 1.0
148 573 1.0
148 378 1.0
148 385 1.0
148 388 1.0
148 390 1.0
148 397 1.0
148 398 1.0
148 580 1.0
148 410 1.0
148 415 1.0
148 416 1.0
148 417 1.0
148 423 1.0
148 427 1.0
148 430 1.0
148 434 -1.0
148 438 1.0
148 443 1.0
148 587 1.0
148 447 1.0
148 456 1.0
148 458 1.0
148 463 1.0
148 630 1.0
148 467 1.0
148 469 1.0
148 528 1.0
148 481 -1.0
148 486 1.0
148 500 1.0
148 509 1.0
148 598 1.0
149 519 1.0
149 523 1.0
149 533 1.0
149 534 1.0
149 536 1.0
149 540 1.0
149 542 1.0
149 544 1.0
149 604 1.0
149 552 1.0
149 561 1.0
149 608 1.0
149 582 1.0
149 629 1.0
149 635 1.0
149 151 1.0
149 152 1.0
149 154 1.0
149 155 1.0
149 156 1.0
149 157 1.0
149 160 1.0
149 162 1.0
149 165 1.0
149 166 1.0
149 167 -1.0
149 168 1.0
149 172 1.0
149 173 1.0
149 176 1.0
149 177 1.0
149 178 1.0
149 182 1.0
149 183 1.0
149 185 1.0
149 186 1.0
149 188 1.0
149 190 1.0
149 192 1.0
149 193 1.0
149 195 1.0
149 197 -1.0
149 200 1.0
149 201 1.0
149 202 1.0
149 205 1.0
149 207 1.0
149 208 1.0
149 211 1.0
149 214 1.0
149 215 1.0
149 218 1.0
149 219 1.0
149 220 1.0
149 222 1.0
149 224 -1.0
149 229 1.0
149 230 1.0
149 232 -1.0
149 234 1.0
149 246 1.0
149 253 1.0
149 257 1.0
149 261 1.0
149 262 -1.0
149 263 1.0
149 642 1.0
149 266 1.0
149 269 1.0
149 276 1.0
149 278 1.0
149 280 1.0
149 285 1.0
149 295 1.0
149 299 1.0
149 301 1.0
149 306 1.0
149 310 -1.0
149 311 1.0
149 323 1.0
149 343 1.0
149 626 -1.0
149 351 1.0
149 353 1.0
149 356 1.0
149 634 1.0
149 360 1.0
149 617 1.0
149 574 1.0
149 371 1.0
149 378 -1.0
149 384 1.0
149 385 1.0
149 387 1.0
149 392 1.0
149 403 1.0
149 580 1.0
149 420 1.0
149 583 1.0
149 584 1.0
149 429 1.0
149 431 1.0
149 586 1.0
149 449 1.0
149 464 1.0
149 471 1.0
149 473 1.0
149 482 1.0
149 483 1.0
149 490 1.0
149 494 1.0
149 500 1.0
149 501 1.0
149 597 1.0
149 507 1.0
149 509 1.0
150 600 1.0
150 539 1.0
150 551 1.0
150 559 -1.0
150 563 1.0
150 596 1.0
150 638 -1.0
150 639 1.0
150 641 -1.0
150 644 1.0
150 151 1.0
150 152 1.0
150 154 1.0
150 159 1.0
150 160 1.0
150 161 1.0
150 162 1.0
150 163 1.0
150 165 -1.0
150 166 1.0
150 168 1.0
150 169 1.0
150 171 1.0
150 175 1.0
150 176 1.0
150 178 1.0
150 179 1.0
150 181 1.0
150 182 1.0
150 183 1.0
150 185 1.0
150 186 1.0
150 188 1.0
150 189 1.0
150 190 -1.0
150 191 1.0
150 192 1.0
150 193 1.0
150 195 1.0
150 196 1.0
150 204 1.0
150 206 1.0
150 210 1.0
150 211 1.0
150 212 1.0
150 213 1.0
150 215 1.0
150 216 1.0
150 221 1.0
150 222 1.0
150 223 1.0
150 225 1.0
150 227 1.0
150 230 1.0
150 231 1.0
150 234 1.0
150 235 1.0
150 237 1.0
150 244 1.0
150 625 1.0
150 248 1.0
150 250 1.0
150 252 1.0
150 257 -1.0
150 258 1.0
150 267 1.0
150 271 1.0
150 274 1.0
150 279 1.0
150 281 1.0
150 287 -1.0
150 637 1.0
150 620 1.0
150 314 1.0
150 323 1.0
150 328 1.0
150 329 1.0
150 334 1.0
150 352 1.0
150 353 1.0
150 356 1.0
150 358 -1.0
150 363 1.0
150 617 -1.0
150 369 1.0
150 372 -1.0
150 575 1.0
150 610 1.0
150 576 1.0
150 381 1.0
150 383 -1.0
150 389 1.0
150 398 -1.0
150 404 1.0
150 408 -1.0
150 409 -1.0
150 410 1.0
150 411 1.0
150 420 1.0
150 423 1.0
150 430 1.0
150 431 1.0
150 434 -1.0
150 437 1.0
150 438 1.0
150 439 1.0
150 446 1.0
150 448 1.0
150 461 1.0
150 467 -1.0
150 468 1.0
150 470 1.0
150 471 1.0
150 478 1.0
150 595 1.0
150 597 1.0
150 524 1.0
150 598 1.0
151 519 1.0
151 520 1.0
151 532 -1.0
151 533 1.0
151 534 1.0
151 536 1.0
151 543 1.0
151 546 1.0
151 549 1.0
151 564 1.0
151 566 1.0
151 596 1.0
151 531 1.0
151 625 1.0
151 153 1.0
151 154 1.0
151 619 -1.0
151 157 1.0
151 161 1.0
151 162 -1.0
151 164 1.0
151 166 1.0
151 168 1.0
151 169 1.0
151 172 -1.0
151 173 1.0
151 627 1.0
151 181 1.0
151 183 1.0
151 185 1.0
151 186 1.0
151 193 1.0
151 196 1.0
151 198 1.0
151 199 1.0
151 202 1.0
151 204 1.0
151 207 1.0
151 208 1.0
151 213 1.0
151 214 -1.0
151 215 1.0
151 217 1.0
151 219 -1.0
151 224 1.0
151 225 1.0
151 229 1.0
151 231 1.0
151 232 1.0
151 234 1.0
151 235 1.0
151 237 1.0
151 242 -1.0
151 243 1.0
151 623 1.0
151 258 1.0
151 263 1.0
151 265 1.0
151 277 1.0
151 288 1.0
151 289 1.0
151 306 1.0
151 297 -1.0
151 300 1.0
151 302 1.0
151 649 1.0
151 311 1.0
151 316 1.0
151 320 1.0
151 330 1.0
151 333 1.0
151 342 1.0
151 609 1.0
151 351 -1.0
151 353 1.0
151 355 -1.0
151 357 1.0
151 359 1.0
151 368 1.0
151 373 1.0
151 375 1.0
151 376 1.0
151 378 1.0
151 379 1.0
151 576 1.0
151 384 1.0
151 389 1.0
151 578 1.0
151 394 1.0
151 579 1.0
151 494 1.0
151 580 1.0
151 611 1.0
151 408 1.0
151 414 -1.0
151 421 1.0
151 429 1.0
151 431 1.0
151 438 1.0
151 445 1.0
151 449 1.0
151 462 1.0
151 478 1.0
151 479 1.0
151 480 1.0
151 482 1.0
151 595 1.0
151 614 1.0
151 500 1.0
151 597 1.0
152 599 1.0
152 632 1.0
152 527 1.0
152 528 1.0
152 530 1.0
152 533 1.0
152 541 -1.0
152 633 1.0
152 557 1.0
152 565 1.0
152 571 1.0
152 602 1.0
152 614 1.0
152 626 1.0
152 535 1.0
152 153 1.0
152 154 1.0
152 155 1.0
152 157 1.0
152 159 1.0
152 161 1.0
152 162 1.0
152 164 1.0
152 165 1.0
152 166 1.0
152 167 1.0
152 168 1.0
152 170 -1.0
152 171 1.0
152 172 1.0
152 173 1.0
152 174 1.0
152 175 1.0
152 176 1.0
152 177 1.0
152 181 1.0
152 182 -1.0
152 185 1.0
152 186 1.0
152 187 1.0
152 188 -1.0
152 192 1.0
152 198 1.0
152 199 1.0
152 200 1.0
152 201 1.0
152 203 1.0
152 205 1.0
152 206 1.0
152 207 1.0
152 208 1.0
152 209 1.0
152 210 1.0
152 211 1.0
152 212 1.0
152 216 1.0
152 217 1.0
152 221 1.0
152 222 1.0
152 223 1.0
152 224 1.0
152 226 1.0
152 229 1.0
152 233 1.0
152 234 1.0
152 239 1.0
152 243 1.0
152 623 1.0
152 255 1.0
152 265 1.0
152 275 1.0
152 290 1.0
152 637 1.0
152 296 1.0
152 301 1.0
152 313 1.0
152 314 1.0
152 318 1.0
152 321 1.0
152 325 -1.0
152 326 1.0
152 334 1.0
152 337 -1.0
152 340 1.0
152 344 1.0
152 352 -1.0
152 573 1.0
152 367 1.0
152 368 1.0
152 376 1.0
152 381 1.0
152 383 1.0
152 387 1.0
152 394 1.0
152 395 1.0
152 397 1.0
152 403 1.0
152 404 1.0
152 407 1.0
152 581 1.0
152 583 1.0
152 424 1.0
152 428 1.0
152 587 1.0
152 588 1.0
152 458 1.0
152 461 1.0
152 590 1.0
152 613 1.0
152 362 1.0
152 481 1.0
152 489 1.0
152 491 1.0
152 494 1.0
152 498 1.0
152 500 1.0
152 501 -1.0
152 507 1.0
152 512 1.0
153 517 1.0
153 519 1.0
153 600 1.0
153 540 1.0
153 555 1.0
153 558 -1.0
153 606 1.0
153 576 1.0
153 614 1.0
153 632 1.0
153 623 1.0
153 156 1.0
153 157 -1.0
153 159 1.0
153 160 1.0
153 162 1.0
153 163 1.0
153 165 1.0
153 167 1.0
153 168 1.0
153 169 1.0
153 170 1.0
153 172 1.0
153 174 1.0
153 177 -1.0
153 178 1.0
153 180 1.0
153 181 1.0
153 184 1.0
153 185 1.0
153 186 1.0
153 187 -1.0
153 190 1.0
153 191 -1.0
153 192 1.0
153 193 1.0
153 194 1.0
153 195 1.0
153 197 1.0
153 198 1.0
153 199 -1.0
153 200 1.0
153 202 1.0
153 203 -1.0
153 205 1.0
153 207 1.0
153 215 1.0
153 216 1.0
153 217 1.0
153 223 1.0
153 224 1.0
153 227 1.0
153 228 1.0
153 229 1.0
153 233 1.0
153 234 1.0
153 236 1.0
153 238 1.0
153 240 1.0
153 245 1.0
153 256 1.0
153 268 1.0
153 271 1.0
153 277 1.0
153 560 1.0
153 291 1.0
153 295 1.0
153 298 1.0
153 303 1.0
153 304 1.0
153 620 1.0
153 603 1.0
153 311 1.0
153 314 1.0
153 317 1.0
153 321 1.0
153 323 1.0
153 567 1.0
153 609 1.0
153 524 1.0
153 358 1.0
153 359 1.0
153 363 1.0
153 366 1.0
153 377 1.0
153 379 -1.0
153 381 1.0
153 395 1.0
153 583 -1.0
153 426 1.0
153 629 1.0
153 445 1.0
153 449 1.0
153 450 1.0
153 453 -1.0
153 455 1.0
153 463 -1.0
153 464 1.0
153 477 1.0
153 422 1.0
153 483 1.0
153 484 1.0
153 491 1.0
153 497 1.0
153 500 -1.0
153 506 1.0
153 511 1.0
154 520 1.0
154 522 1.0
154 523 1.0
154 526 1.0
154 534 1.0
154 602 1.0
154 538 -1.0
154 539 1.0
154 547 1.0
154 553 1.0
154 633 1.0
154 557 1.0
154 558 1.0
154 559 1.0
154 563 -1.0
154 564 1.0
154 632 1.0
154 570 -1.0
154 571 1.0
154 573 1.0
154 609 1.0
154 594 -1.0
154 528 1.0
154 623 1.0
154 155 1.0
154 157 1.0
154 158 1.0
154 164 1.0
154 165 1.0
154 167 1.0
154 171 1.0
154 172 1.0
154 173 1.0
154 174 1.0
154 175 1.0
154 176 1.0
154 180 1.0
154 183 1.0
154 185 -1.0
154 188 1.0
154 189 1.0
154 190 1.0
154 193 1.0
154 195 1.0
154 196 1.0
154 197 1.0
154 202 1.0
154 208 -1.0
154 210 1.0
154 214 1.0
154 215 1.0
154 216 -1.0
154 218 1.0
154 221 1.0
154 222 1.0
154 225 1.0
154 230 1.0
154 232 1.0
154 234 -1.0
154 237 1.0
154 238 1.0
154 240 1.0
154 242 1.0
154 243 1.0
154 246 -1.0
154 248 1.0
154 253 1.0
154 254 -1.0
154 261 1.0
154 642 1.0
154 266 1.0
154 270 1.0
154 277 -1.0
154 645 1.0
154 290 1.0
154 306 1.0
154 298 1.0
154 299 -1.0
154 649 -1.0
154 320 1.0
154 331 1.0
154 346 1.0
154 524 1.0
154 357 1.0
154 360 1.0
154 365 1.0
154 369 1.0
154 378 1.0
154 382 1.0
154 388 1.0
154 578 -1.0
154 394 1.0
154 397 1.0
154 398 1.0
154 399 1.0
154 408 1.0
154 412 1.0
154 417 -1.0
154 424 1.0
154 425 1.0
154 428 1.0
154 432 -1.0
154 433 1.0
154 585 1.0
154 445 -1.0
154 587 1.0
154 458 1.0
154 459 1.0
154 622 1.0
154 468 1.0
154 469 1.0
154 470 1.0
154 472 1.0
154 475 1.0
154 484 1.0
154 492 1.0
154 497 1.0
154 596 1.0
155 618 1.0
155 518 1.0
155 520 1.0
155 521 1.0
155 523 1.0
155 529 1.0
155 532 1.0
155 534 1.0
155 538 1.0
155 539 1.0
155 541 1.0
155 603 1.0
155 551 1.0
155 554 1.0
155 556 1.0
155 559 1.0
155 606 1.0
155 567 1.0
155 570 1.0
155 540 1.0
155 638 -1.0
155 636 1.0
155 156 1.0
155 157 1.0
155 158 1.0
155 160 1.0
155 161 1.0
155 162 -1.0
155 163 1.0
155 164 1.0
155 166 1.0
155 167 1.0
155 170 1.0
155 171 1.0
155 176 1.0
155 177 1.0
155 178 1.0
155 179 1.0
155 180 1.0
155 182 1.0
155 190 1.0
155 193 1.0
155 196 1.0
155 197 1.0
155 198 1.0
155 201 -1.0
155 203 1.0
155 204 1.0
155 205 1.0
155 206 1.0
155 207 1.0
155 208 1.0
155 212 1.0
155 213 1.0
155 216 1.0
155 217 1.0
155 218 1.0
155 219 1.0
155 220 1.0
155 222 1.0
155 226 1.0
155 234 1.0
155 235 1.0
155 236 -1.0
155 240 -1.0
155 241 1.0
155 252 1.0
155 263 1.0
155 266 1.0
155 268 1.0
155 269 1.0
155 644 1.0
155 281 1.0
155 646 1.0
155 296 1.0
155 297 1.0
155 305 1.0
155 310 1.0
155 311 1.0
155 650 1.0
155 313 1.0
155 314 1.0
155 321 1.0
155 331 1.0
155 312 -1.0
155 333 1.0
155 346 1.0
155 351 1.0
155 352 1.0
155 356 -1.0
155 362 -1.0
155 363 1.0
155 370 1.0
155 379 -1.0
155 385 1.0
155 394 1.0
155 401 1.0
155 402 1.0
155 406 1.0
155 408 1.0
155 410 -1.0
155 422 1.0
155 428 1.0
155 429 1.0
155 437 1.0
155 439 1.0
155 444 1.0
155 589 1.0
155 466 1.0
155 469 1.0
155 470 1.0
155 473 1.0
155 475 1.0
155 481 1.0
155 489 1.0
155 491 1.0
155 494 1.0
155 614 -1.0
155 505 1.0
155 506 1.0
155 598 1.0
156 516 -1.0
156 517 1.0
156 537 1.0
156 603 1.0
156 549 1.0
156 553 1.0
156 555 1.0
156 556 1.0
156 563 1.0
156 564 -1.0
156 566 1.0
156 571 1.0
156 575 1.0
156 576 1.0
156 593 1.0
156 643 1.0
156 649 1.0
156 623 1.0
156 157 1.0
156 161 -1.0
156 163 1.0
156 164 1.0
156 165 1.0
156 169 -1.0
156 170 1.0
156 172 1.0
156 173 1.0
156 174 1.0
156 175 1.0
156 178 1.0
156 179 -1.0
156 186 1.0
156 187 1.0
156 189 1.0
156 194 1.0
156 197 1.0
156 198 1.0
156 201 1.0
156 202 1.0
156 203 1.0
156 205 1.0
156 207 1.0
156 208 1.0
156 633 1.0
156 212 1.0
156 215 1.0
156 218 1.0
156 219 1.0
156 221 1.0
156 222 1.0
156 225 1.0
156 232 1.0
156 233 1.0
156 234 1.0
156 239 1.0
156 240 1.0
156 241 1.0
156 242 1.0
156 244 1.0
156 246 1.0
156 258 1.0
156 260 1.0
156 279 1.0
156 285 1.0
156 291 1.0
156 294 1.0
156 297 1.0
156 309 -1.0
156 319 1.0
156 322 1.0
156 332 1.0
156 335 1.0
156 339 1.0
156 341 1.0
156 345 1.0
156 347 1.0
156 348 1.0
156 350 1.0
156 357 1.0
156 358 1.0
156 361 1.0
156 617 1.0
156 373 1.0
156 375 1.0
156 382 1.0
156 383 1.0
156 384 1.0
156 386 1.0
156 387 1.0
156 389 1.0
156 390 1.0
156 397 1.0
156 400 1.0
156 405 1.0
156 411 1.0
156 582 1.0
156 418 1.0
156 419 1.0
156 425 1.0
156 584 1.0
156 434 1.0
156 441 1.0
156 442 1.0
156 443 1.0
156 444 1.0
156 457 -1.0
156 470 1.0
156 473 1.0
156 477 1.0
156 479 1.0
156 594 1.0
156 631 1.0
156 495 1.0
156 497 1.0
156 635 -1.0
156 508 1.0
157 514 1.0
157 517 1.0
157 520 1.0
157 523 -1.0
157 524 1.0
157 528 1.0
157 532 1.0
157 533 1.0
157 604 1.0
157 633 1.0
157 558 1.0
157 562 1.0
157 565 1.0
157 567 1.0
157 568 1.0
157 632 1.0
157 572 1.0
157 573 -1.0
157 574 1.0
157 576 -1.0
157 577 1.0
157 581 1.0
157 634 1.0
157 635 1.0
157 642 1.0
157 647 1.0
157 648 -1.0
157 158 1.0
157 160 1.0
157 162 -1.0
157 164 1.0
157 167 1.0
157 535 1.0
157 172 1.0
157 174 -1.0
157 175 -1.0
157 176 1.0
157 177 1.0
157 179 1.0
157 185 1.0
157 186 1.0
157 189 -1.0
157 190 1.0
157 192 1.0
157 193 1.0
157 195 1.0
157 196 1.0
157 200 1.0
157 203 1.0
157 205 1.0
157 206 1.0
157 207 1.0
157 208 1.0
157 209 1.0
157 213 1.0
157 215 1.0
157 464 1.0
157 622 1.0
157 225 1.0
157 226 1.0
157 227 -1.0
157 229 1.0
157 230 1.0
157 231 1.0
157 232 1.0
157 242 1.0
157 243 1.0
157 244 -1.0
157 554 1.0
157 251 1.0
157 252 1.0
157 253 1.0
157 258 1.0
157 260 1.0
157 268 1.0
157 278 1.0
157 283 1.0
157 624 1.0
157 285 1.0
157 286 1.0
157 293 1.0
157 294 1.0
157 296 1.0
157 300 1.0
157 302 1.0
157 305 1.0
157 317 1.0
157 324 1.0
157 337 1.0
157 341 -1.0
157 343 1.0
157 357 1.0
157 360 1.0
157 363 1.0
157 367 1.0
157 600 1.0
157 373 1.0
157 376 1.0
157 378 1.0
157 388 1.0
157 391 -1.0
157 411 1.0
157 414 1.0
157 631 1.0
157 421 1.0
157 422 1.0
157 434 -1.0
157 437 1.0
157 586 1.0
157 442 1.0
157 444 1.0
157 453 1.0
157 454 1.0
157 456 1.0
157 630 1.0
157 506 -1.0
157 473 1.0
157 488 1.0
157 494 1.0
157 499 1.0
157 171 1.0
157 597 1.0
157 510 1.0
157 598 1.0
158 632 1.0
158 526 1.0
158 530 1.0
158 537 1.0
158 541 1.0
158 603 1.0
158 543 1.0
158 604 1.0
158 553 1.0
158 524 1.0
158 160 1.0
158 162 1.0
158 165 1.0
158 166 1.0
158 167 1.0
158 626 1.0
158 169 1.0
158 170 1.0
158 172 1.0
158 173 1.0
158 627 1.0
158 175 1.0
158 177 1.0
158 180 1.0
158 182 1.0
158 183 1.0
158 184 1.0
158 629 1.0
158 187 1.0
158 188 1.0
158 190 1.0
158 191 1.0
158 194 1.0
158 198 1.0
158 204 1.0
158 205 1.0
158 207 1.0
158 209 1.0
158 211 1.0
158 215 1.0
158 216 1.0
158 217 1.0
158 218 1.0
158 220 1.0
158 225 1.0
158 226 -1.0
158 227 1.0
158 228 1.0
158 232 1.0
158 234 1.0
158 235 1.0
158 238 1.0
158 239 1.0
158 241 1.0
158 244 1.0
158 245 1.0
158 246 1.0
158 248 1.0
158 252 1.0
158 254 -1.0
158 262 1.0
158 265 1.0
158 266 1.0
158 643 1.0
158 272 1.0
158 644 1.0
158 282 -1.0
158 288 1.0
158 647 1.0
158 295 1.0
158 300 1.0
158 303 1.0
158 306 1.0
158 312 1.0
158 319 1.0
158 336 1.0
158 338 1.0
158 341 1.0
158 346 1.0
158 349 1.0
158 360 1.0
158 366 -1.0
158 369 1.0
158 376 1.0
158 378 1.0
158 580 1.0
158 407 1.0
158 410 1.0
158 415 1.0
158 416 1.0
158 420 1.0
158 583 1.0
158 429 1.0
158 609 1.0
158 441 1.0
158 444 1.0
158 450 -1.0
158 451 1.0
158 453 1.0
158 589 1.0
158 459 1.0
158 613 1.0
158 477 1.0
158 479 1.0
158 488 1.0
158 494 1.0
158 596 1.0
158 501 1.0
158 503 1.0
158 506 1.0
158 508 1.0
159 516 -1.0
159 599 -1.0
159 520 -1.0
159 539 1.0
159 542 1.0
159 551 -1.0
159 558 1.0
159 606 1.0
159 562 1.0
159 572 -1.0
159 573 1.0
159 577 1.0
159 609 1.0
159 641 1.0
159 622 1.0
159 160 1.0
159 161 1.0
159 162 1.0
159 163 -1.0
159 164 1.0
159 167 1.0
159 168 1.0
159 172 1.0
159 175 1.0
159 177 1.0
159 180 1.0
159 181 1.0
159 183 1.0
159 185 1.0
159 629 1.0
159 188 1.0
159 190 1.0
159 191 1.0
159 192 1.0
159 193 1.0
159 195 1.0
159 197 1.0
159 198 1.0
159 199 1.0
159 290 1.0
159 202 1.0
159 209 1.0
159 210 1.0
159 213 1.0
159 214 1.0
159 217 -1.0
159 218 1.0
159 219 1.0
159 224 1.0
159 225 1.0
159 226 1.0
159 227 1.0
159 228 1.0
159 229 1.0
159 230 1.0
159 232 -1.0
159 242 1.0
159 243 1.0
159 245 -1.0
159 246 1.0
159 247 -1.0
159 250 -1.0
159 259 1.0
159 263 -1.0
159 265 1.0
159 269 -1.0
159 278 1.0
159 281 1.0
159 560 1.0
159 305 1.0
159 293 1.0
159 299 1.0
159 620 1.0
159 308 1.0
159 312 1.0
159 313 1.0
159 321 1.0
159 325 1.0
159 327 1.0
159 332 1.0
159 338 1.0
159 345 1.0
159 353 1.0
159 356 1.0
159 466 1.0
159 367 -1.0
159 371 1.0
159 386 1.0
159 389 1.0
159 397 1.0
159 401 1.0
159 404 1.0
159 406 -1.0
159 409 1.0
159 416 -1.0
159 430 1.0
159 431 1.0
159 432 1.0
159 438 1.0
159 445 1.0
159 446 1.0
159 448 1.0
159 453 1.0
159 621 1.0
159 456 1.0
159 457 1.0
159 589 1.0
159 461 1.0
159 613 1.0
159 469 1.0
159 472 1.0
159 475 1.0
159 483 1.0
159 490 -1.0
159 491 1.0
159 492 1.0
159 493 1.0
159 635 -1.0
160 527 1.0
160 532 1.0
160 539 1.0
160 541 1.0
160 552 1.0
160 554 1.0
160 559 1.0
160 568 1.0
160 569 1.0
160 575 1.0
160 581 1.0
160 584 1.0
160 612 1.0
160 624 1.0
160 636 1.0
160 161 1.0
160 165 1.0
160 166 1.0
160 168 1.0
160 176 1.0
160 177 1.0
160 178 -1.0
160 180 1.0
160 182 1.0
160 185 1.0
160 186 1.0
160 188 -1.0
160 190 1.0
160 191 -1.0
160 192 1.0
160 194 -1.0
160 198 1.0
160 199 1.0
160 204 1.0
160 206 1.0
160 209 1.0
160 210 1.0
160 211 1.0
160 214 1.0
160 216 1.0
160 219 1.0
160 220 1.0
160 222 1.0
160 223 1.0
160 224 1.0
160 225 1.0
160 229 1.0
160 232 1.0
160 234 1.0
160 236 1.0
160 238 1.0
160 239 1.0
160 240 -1.0
160 241 1.0
160 242 -1.0
160 243 -1.0
160 247 1.0
160 248 1.0
160 249 1.0
160 255 1.0
160 641 1.0
160 619 1.0
160 262 1.0
160 282 1.0
160 284 1.0
160 286 1.0
160 646 1.0
160 290 1.0
160 298 -1.0
160 306 1.0
160 564 1.0
160 310 1.0
160 321 1.0
160 326 1.0
160 329 1.0
160 337 1.0
160 610 1.0
160 342 -1.0
160 343 1.0
160 348 1.0
160 356 -1.0
160 598 1.0
160 362 1.0
160 363 1.0
160 368 1.0
160 376 1.0
160 379 1.0
160 390 1.0
160 392 1.0
160 395 1.0
160 397 1.0
160 406 -1.0
160 407 1.0
160 413 1.0
160 421 1.0
160 423 1.0
160 430 1.0
160 432 -1.0
160 440 1.0
160 638 1.0
160 451 1.0
160 456 1.0
160 461 1.0
160 464 1.0
160 478 1.0
160 481 1.0
160 611 1.0
160 497 1.0
160 499 1.0
160 511 1.0
160 512 1.0
161 513 1.0
161 515 1.0
161 521 1.0
161 529 1.0
161 535 1.0
161 537 1.0
161 539 -1.0
161 542 1.0
161 545 1.0
161 547 1.0
161 557 1.0
161 572 -1.0
161 576 1.0
161 609 -1.0
161 583 -1.0
161 632 1.0
161 163 1.0
161 164 1.0
161 167 1.0
161 168 1.0
161 169 1.0
161 172 1.0
161 174 1.0
161 175 1.0
161 176 1.0
161 178 1.0
161 181 1.0
161 182 1.0
161 184 1.0
161 185 1.0
161 187 1.0
161 190 1.0
161 191 1.0
161 194 1.0
161 197 1.0
161 199 1.0
161 201 1.0
161 202 -1.0
161 208 1.0
161 210 1.0
161 212 1.0
161 214 1.0
161 216 1.0
161 217 1.0
161 218 1.0
161 219 1.0
161 220 1.0
161 221 1.0
161 222 1.0
161 224 1.0
161 226 1.0
161 228 -1.0
161 229 -1.0
161 230 1.0
161 231 1.0
161 234 1.0
161 235 1.0
161 242 1.0
161 243 1.0
161 245 1.0
161 246 1.0
161 247 1.0
161 248 1.0
161 253 -1.0
161 265 1.0
161 272 1.0
161 276 1.0
161 282 1.0
161 284 1.0
161 290 1.0
161 300 1.0
161 309 -1.0
161 312 1.0
161 313 1.0
161 320 1.0
161 324 1.0
161 326 1.0
161 482 1.0
161 333 1.0
161 334 1.0
161 335 -1.0
161 341 1.0
161 344 1.0
161 345 1.0
161 360 1.0
161 365 1.0
161 366 1.0
161 617 -1.0
161 370 1.0
161 372 1.0
161 373 1.0
161 378 1.0
161 379 1.0
161 380 1.0
161 385 1.0
161 388 -1.0
161 389 1.0
161 390 1.0
161 394 1.0
161 401 1.0
161 406 1.0
161 413 1.0
161 414 1.0
161 424 1.0
161 425 1.0
161 427 1.0
161 586 1.0
161 447 1.0
161 450 1.0
161 457 -1.0
161 589 1.0
161 470 1.0
161 593 1.0
161 483 1.0
161 484 1.0
161 498 1.0
161 505 1.0
161 507 1.0
162 520 1.0
162 521 1.0
162 523 1.0
162 632 1.0
162 615 1.0
162 543 1.0
162 518 1.0
162 546 1.0
162 604 1.0
162 549 1.0
162 605 1.0
162 560 1.0
162 562 -1.0
162 567 1.0
162 568 1.0
162 574 1.0
162 576 1.0
162 609 1.0
162 617 1.0
162 650 1.0
162 622 1.0
162 163 1.0
162 164 1.0
162 165 1.0
162 171 1.0
162 174 1.0
162 175 -1.0
162 177 1.0
162 178 1.0
162 179 1.0
162 182 1.0
162 183 1.0
162 184 1.0
162 187 1.0
162 189 1.0
162 192 1.0
162 195 1.0
162 196 1.0
162 197 1.0
162 198 1.0
162 199 1.0
162 200 1.0
162 202 1.0
162 204 -1.0
162 205 1.0
162 207 1.0
162 210 1.0
162 211 1.0
162 212 1.0
162 214 1.0
162 215 -1.0
162 222 1.0
162 224 1.0
162 225 1.0
162 226 1.0
162 227 -1.0
162 228 1.0
162 231 1.0
162 233 1.0
162 239 1.0
162 243 1.0
162 248 1.0
162 251 1.0
162 470 -1.0
162 641 1.0
162 619 1.0
162 262 -1.0
162 264 1.0
162 266 1.0
162 268 1.0
162 643 -1.0
162 280 -1.0
162 645 1.0
162 283 1.0
162 522 1.0
162 295 1.0
162 296 1.0
162 297 1.0
162 306 1.0
162 309 1.0
162 313 -1.0
162 315 1.0
162 318 1.0
162 336 1.0
162 343 1.0
162 345 1.0
162 352 1.0
162 354 1.0
162 355 1.0
162 361 1.0
162 363 1.0
162 370 1.0
162 372 1.0
162 374 -1.0
162 375 1.0
162 376 1.0
162 385 1.0
162 388 1.0
162 389 1.0
162 390 1.0
162 391 1.0
162 393 1.0
162 399 1.0
162 404 1.0
162 415 1.0
162 421 -1.0
162 425 1.0
162 427 -1.0
162 429 1.0
162 433 1.0
162 437 1.0
162 439 1.0
162 442 1.0
162 443 1.0
162 448 -1.0
162 449 1.0
162 453 1.0
162 463 1.0
162 468 1.0
162 469 1.0
162 591 1.0
162 482 1.0
162 594 1.0
162 491 1.0
162 595 1.0
162 497 1.0
163 559 1.0
163 571 1.0
163 584 1.0
163 534 1.0
163 537 1.0
163 164 1.0
163 166 1.0
163 168 1.0
163 169 1.0
163 171 -1.0
163 172 1.0
163 173 1.0
163 174 1.0
163 175 1.0
163 176 1.0
163 177 1.0
163 181 1.0
163 182 1.0
163 185 1.0
163 188 1.0
163 189 1.0
163 191 1.0
163 193 1.0
163 194 1.0
163 195 1.0
163 196 1.0
163 197 1.0
163 198 1.0
163 199 1.0
163 200 1.0
163 202 -1.0
163 203 1.0
163 207 1.0
163 209 1.0
163 211 1.0
163 212 1.0
163 213 1.0
163 215 1.0
163 216 1.0
163 217 1.0
163 218 1.0
163 219 -1.0
163 220 1.0
163 221 1.0
163 223 1.0
163 225 1.0
163 226 1.0
163 229 1.0
163 234 1.0
163 236 1.0
163 239 1.0
163 240 1.0
163 242 1.0
163 245 1.0
163 246 1.0
163 250 1.0
163 254 1.0
163 256 1.0
163 261 1.0
163 642 1.0
163 267 1.0
163 644 1.0
163 279 1.0
163 287 1.0
163 646 1.0
163 292 1.0
163 298 1.0
163 299 1.0
163 305 1.0
163 309 1.0
163 315 1.0
163 316 1.0
163 317 1.0
163 320 1.0
163 337 1.0
163 340 1.0
163 352 1.0
163 353 1.0
163 354 -1.0
163 361 -1.0
163 363 1.0
163 364 1.0
163 367 1.0
163 368 1.0
163 378 1.0
163 379 1.0
163 380 1.0
163 382 1.0
163 577 1.0
163 389 1.0
163 395 1.0
163 396 1.0
163 401 1.0
163 402 1.0
163 611 1.0
163 413 1.0
163 415 1.0
163 419 1.0
163 420 1.0
163 424 1.0
163 425 1.0
163 426 1.0
163 427 1.0
163 431 1.0
163 440 1.0
163 457 -1.0
163 461 1.0
163 462 1.0
163 463 1.0
163 473 1.0
163 481 1.0
163 485 1.0
163 489 1.0
163 491 1.0
163 493 1.0
163 620 1.0
163 501 1.0
163 502 1.0
163 598 1.0
164 514 1.0
164 515 1.0
164 517 1.0
164 632 1.0
164 526 1.0
164 530 1.0
164 534 1.0
164 536 1.0
164 561 1.0
164 521 1.0
164 564 1.0
164 565 1.0
164 568 1.0
164 569 -1.0
164 579 1.0
164 582 1.0
164 584 1.0
164 586 1.0
164 600 1.0
164 639 1.0
164 649 1.0
164 165 1.0
164 167 1.0
164 168 1.0
164 169 1.0
164 170 1.0
164 174 1.0
164 175 1.0
164 179 1.0
164 180 1.0
164 182 1.0
164 185 1.0
164 187 1.0
164 189 1.0
164 190 1.0
164 193 1.0
164 195 1.0
164 197 1.0
164 200 1.0
164 203 1.0
164 204 1.0
164 205 1.0
164 207 -1.0
164 209 1.0
164 211 1.0
164 212 1.0
164 213 -1.0
164 216 1.0
164 217 1.0
164 218 1.0
164 224 -1.0
164 225 1.0
164 226 1.0
164 228 1.0
164 229 1.0
164 232 1.0
164 234 1.0
164 235 1.0
164 242 1.0
164 243 1.0
164 244 1.0
164 248 1.0
164 258 1.0
164 642 -1.0
164 270 1.0
164 271 1.0
164 644 1.0
164 277 1.0
164 624 1.0
164 285 1.0
164 647 -1.0
164 648 1.0
164 313 1.0
164 316 1.0
164 318 1.0
164 326 1.0
164 327 1.0
164 341 1.0
164 349 -1.0
164 365 1.0
164 373 1.0
164 382 1.0
164 397 1.0
164 398 1.0
164 408 1.0
164 409 1.0
164 410 1.0
164 413 1.0
164 421 1.0
164 430 1.0
164 431 1.0
164 612 1.0
164 440 1.0
164 450 1.0
164 457 1.0
164 463 1.0
164 613 1.0
164 470 1.0
164 486 1.0
164 491 1.0
164 493 1.0
164 501 1.0
164 507 1.0
164 508 1.0
164 510 1.0
164 511 -1.0
165 516 -1.0
165 517 1.0
165 524 1.0
165 601 1.0
165 533 1.0
165 534 1.0
165 539 1.0
165 543 1.0
165 551 1.0
165 552 1.0
165 555 -1.0
165 566 1.0
165 570 1.0
165 572 1.0
165 523 1.0
165 575 1.0
165 617 1.0
165 600 1.0
165 605 -1.0
165 623 1.0
165 634 1.0
165 648 1.0
165 166 1.0
165 167 1.0
165 172 -1.0
165 174 1.0
165 175 1.0
165 176 1.0
165 178 1.0
165 179 1.0
165 182 1.0
165 184 1.0
165 185 1.0
165 187 1.0
165 188 1.0
165 190 1.0
165 194 1.0
165 197 1.0
165 199 1.0
165 201 1.0
165 202 1.0
165 204 1.0
165 205 1.0
165 207 1.0
165 208 1.0
165 210 1.0
165 212 1.0
165 215 1.0
165 216 1.0
165 218 1.0
165 219 1.0
165 223 1.0
165 225 1.0
165 227 1.0
165 229 1.0
165 230 1.0
165 232 1.0
165 233 1.0
165 234 -1.0
165 236 1.0
165 237 1.0
165 238 1.0
165 240 1.0
165 241 1.0
165 242 1.0
165 245 -1.0
165 248 1.0
165 254 1.0
165 257 1.0
165 263 -1.0
165 557 1.0
165 267 1.0
165 269 1.0
165 271 1.0
165 273 1.0
165 276 1.0
165 280 -1.0
165 291 1.0
165 294 1.0
165 649 1.0
165 308 1.0
165 310 -1.0
165 311 1.0
165 312 1.0
165 313 1.0
165 319 1.0
165 322 1.0
165 329 1.0
165 335 1.0
165 341 1.0
165 353 1.0
165 357 1.0
165 359 1.0
165 362 1.0
165 364 1.0
165 366 1.0
165 379 1.0
165 391 1.0
165 611 -1.0
165 407 1.0
165 411 1.0
165 417 1.0
165 420 1.0
165 424 1.0
165 428 1.0
165 435 1.0
165 444 -1.0
165 449 1.0
165 453 1.0
165 622 1.0
165 613 1.0
165 479 1.0
165 483 1.0
165 485 1.0
165 490 1.0
165 502 1.0
165 506 1.0
165 510 1.0
165 598 -1.0
166 518 1.0
166 520 1.0
166 524 1.0
166 525 1.0
166 528 1.0
166 531 1.0
166 533 1.0
166 534 1.0
166 588 1.0
166 543 1.0
166 547 1.0
166 604 1.0
166 556 1.0
166 560 1.0
166 563 1.0
166 607 1.0
166 578 1.0
166 634 -1.0
166 586 1.0
166 648 1.0
166 620 1.0
166 168 1.0
166 171 1.0
166 172 1.0
166 176 1.0
166 360 1.0
166 178 1.0
166 182 1.0
166 183 1.0
166 186 1.0
166 187 1.0
166 188 1.0
166 193 1.0
166 197 1.0
166 201 1.0
166 202 1.0
166 204 1.0
166 207 1.0
166 213 1.0
166 219 1.0
166 221 1.0
166 225 1.0
166 226 1.0
166 230 1.0
166 231 1.0
166 233 1.0
166 236 1.0
166 237 1.0
166 238 1.0
166 241 1.0
166 244 1.0
166 252 1.0
166 255 1.0
166 258 1.0
166 642 1.0
166 266 1.0
166 285 1.0
166 288 1.0
166 292 1.0
166 299 1.0
166 302 1.0
166 303 1.0
166 304 1.0
166 308 1.0
166 309 1.0
166 312 1.0
166 313 -1.0
166 318 1.0
166 319 1.0
166 566 -1.0
166 321 1.0
166 327 1.0
166 328 1.0
166 337 1.0
166 349 -1.0
166 353 1.0
166 640 1.0
166 617 1.0
166 373 1.0
166 374 1.0
166 384 1.0
166 389 1.0
166 392 -1.0
166 399 1.0
166 423 1.0
166 429 1.0
166 435 1.0
166 436 1.0
166 441 -1.0
166 443 1.0
166 444 1.0
166 445 1.0
166 452 1.0
166 454 1.0
166 457 1.0
166 458 1.0
166 591 1.0
166 472 1.0
166 478 1.0
166 479 1.0
166 485 1.0
166 489 1.0
166 490 1.0
166 493 1.0
166 595 1.0
166 495 1.0
166 505 1.0
166 597 1.0
167 516 1.0
167 523 1.0
167 528 1.0
167 537 1.0
167 541 1.0
167 547 1.0
167 549 1.0
167 553 1.0
167 561 1.0
167 565 1.0
167 568 -1.0
167 569 -1.0
167 572 1.0
167 617 -1.0
167 590 1.0
167 639 1.0
167 633 1.0
167 623 1.0
167 624 1.0
167 171 1.0
167 172 1.0
167 174 1.0
167 178 -1.0
167 179 1.0
167 182 1.0
167 183 1.0
167 184 1.0
167 185 1.0
167 629 1.0
167 187 1.0
167 188 1.0
167 189 -1.0
167 193 1.0
167 194 1.0
167 196 1.0
167 198 1.0
167 199 1.0
167 201 1.0
167 203 1.0
167 207 1.0
167 208 1.0
167 212 1.0
167 214 1.0
167 216 1.0
167 217 1.0
167 218 1.0
167 221 1.0
167 222 1.0
167 223 1.0
167 224 1.0
167 227 1.0
167 228 1.0
167 230 1.0
167 231 1.0
167 232 -1.0
167 233 1.0
167 234 1.0
167 235 1.0
167 239 1.0
167 246 1.0
167 248 1.0
167 253 -1.0
167 254 1.0
167 256 1.0
167 260 1.0
167 265 1.0
167 267 1.0
167 268 1.0
167 280 1.0
167 283 1.0
167 293 1.0
167 295 1.0
167 299 1.0
167 648 1.0
167 302 1.0
167 303 1.0
167 306 1.0
167 308 1.0
167 650 1.0
167 329 1.0
167 330 1.0
167 337 1.0
167 339 1.0
167 341 1.0
167 350 1.0
167 355 1.0
167 359 1.0
167 360 1.0
167 364 1.0
167 369 1.0
167 376 1.0
167 389 1.0
167 400 1.0
167 402 1.0
167 406 1.0
167 515 1.0
167 425 1.0
167 433 1.0
167 612 1.0
167 442 1.0
167 450 1.0
167 455 1.0
167 460 1.0
167 461 1.0
167 464 1.0
167 470 1.0
167 478 1.0
167 480 1.0
167 492 1.0
167 504 1.0
167 512 1.0
168 515 1.0
168 258 1.0
168 521 1.0
168 601 1.0
168 525 1.0
168 174 1.0
168 530 1.0
168 602 1.0
168 538 1.0
168 462 1.0
168 546 1.0
168 550 1.0
168 558 1.0
168 559 1.0
168 572 1.0
168 580 1.0
168 600 1.0
168 590 1.0
168 615 1.0
168 633 1.0
168 169 -1.0
168 172 1.0
168 173 1.0
168 627 1.0
168 175 1.0
168 176 1.0
168 177 1.0
168 180 1.0
168 181 1.0
168 183 1.0
168 185 1.0
168 188 1.0
168 189 1.0
168 190 1.0
168 191 1.0
168 193 1.0
168 194 1.0
168 195 1.0
168 197 1.0
168 201 -1.0
168 202 1.0
168 203 1.0
168 632 1.0
168 205 1.0
168 208 1.0
168 210 -1.0
168 212 1.0
168 213 1.0
168 214 1.0
168 217 1.0
168 218 1.0
168 220 1.0
168 222 -1.0
168 223 1.0
168 224 1.0
168 225 1.0
168 227 1.0
168 229 1.0
168 230 1.0
168 232 1.0
168 233 -1.0
168 235 1.0
168 238 -1.0
168 239 1.0
168 240 1.0
168 241 1.0
168 243 1.0
168 245 1.0
168 246 1.0
168 249 1.0
168 250 1.0
168 251 1.0
168 641 1.0
168 268 1.0
168 269 1.0
168 271 1.0
168 275 1.0
168 286 1.0
168 298 1.0
168 648 1.0
168 305 1.0
168 312 1.0
168 315 1.0
168 322 -1.0
168 323 1.0
168 327 1.0
168 331 1.0
168 333 1.0
168 334 1.0
168 335 1.0
168 337 1.0
168 341 1.0
168 347 1.0
168 349 1.0
168 353 1.0
168 356 1.0
168 357 1.0
168 360 1.0
168 361 1.0
168 363 1.0
168 367 1.0
168 384 1.0
168 399 1.0
168 409 1.0
168 581 1.0
168 411 1.0
168 426 1.0
168 429 1.0
168 464 1.0
168 434 -1.0
168 435 1.0
168 443 1.0
168 445 1.0
168 622 1.0
168 630 1.0
168 476 1.0
168 477 1.0
168 480 1.0
168 482 1.0
168 486 1.0
168 594 1.0
168 489 1.0
168 491 1.0
168 508 1.0
168 511 1.0
168 512 1.0
169 524 -1.0
169 531 1.0
169 534 1.0
169 536 1.0
169 605 1.0
169 559 1.0
169 576 1.0
169 609 1.0
169 581 1.0
169 582 1.0
169 610 1.0
169 586 1.0
169 587 1.0
169 589 1.0
169 532 1.0
169 643 1.0
169 649 1.0
169 466 1.0
169 170 -1.0
169 171 -1.0
169 172 1.0
169 173 1.0
169 174 1.0
169 181 1.0
169 182 -1.0
169 183 1.0
169 184 -1.0
169 185 1.0
169 187 -1.0
169 188 1.0
169 193 1.0
169 194 1.0
169 195 -1.0
169 197 1.0
169 631 1.0
169 199 1.0
169 201 -1.0
169 202 1.0
169 203 1.0
169 205 1.0
169 206 1.0
169 209 1.0
169 211 1.0
169 212 1.0
169 213 1.0
169 214 1.0
169 215 1.0
169 217 1.0
169 218 -1.0
169 220 1.0
169 221 1.0
169 225 1.0
169 227 1.0
169 228 1.0
169 229 -1.0
169 234 1.0
169 235 1.0
169 237 1.0
169 242 1.0
169 243 1.0
169 246 1.0
169 247 1.0
169 248 1.0
169 249 1.0
169 253 1.0
169 255 1.0
169 641 -1.0
169 265 -1.0
169 624 1.0
169 286 1.0
169 289 1.0
169 291 1.0
169 295 1.0
169 305 1.0
169 314 1.0
169 318 1.0
169 552 1.0
169 336 1.0
169 340 1.0
169 351 1.0
169 353 1.0
169 355 1.0
169 359 1.0
169 363 1.0
169 364 1.0
169 600 -1.0
169 374 1.0
169 376 1.0
169 382 1.0
169 384 1.0
169 388 1.0
169 394 1.0
169 398 1.0
169 402 1.0
169 404 1.0
169 418 1.0
169 419 1.0
169 420 1.0
169 623 1.0
169 429 1.0
169 438 1.0
169 443 1.0
169 449 1.0
169 451 -1.0
169 452 1.0
169 456 1.0
169 461 1.0
169 463 1.0
169 613 1.0
169 474 1.0
169 477 1.0
169 479 1.0
169 483 1.0
169 491 1.0
169 493 1.0
169 554 1.0
169 500 -1.0
169 501 1.0
169 505 1.0
169 597 1.0
170 526 1.0
170 533 1.0
170 636 1.0
170 537 1.0
170 540 1.0
170 546 1.0
170 547 1.0
170 604 -1.0
170 553 1.0
170 633 1.0
170 555 1.0
170 569 1.0
170 572 1.0
170 574 1.0
170 579 -1.0
170 583 1.0
170 587 1.0
170 590 1.0
170 643 1.0
170 646 1.0
170 622 1.0
170 637 1.0
170 282 1.0
170 552 1.0
170 171 1.0
170 173 1.0
170 174 1.0
170 175 1.0
170 176 1.0
170 177 -1.0
170 178 1.0
170 179 1.0
170 180 1.0
170 184 1.0
170 185 1.0
170 186 1.0
170 187 1.0
170 192 1.0
170 193 1.0
170 194 1.0
170 196 -1.0
170 197 1.0
170 206 1.0
170 207 1.0
170 208 1.0
170 209 1.0
170 212 -1.0
170 214 -1.0
170 215 1.0
170 218 1.0
170 221 1.0
170 222 1.0
170 224 1.0
170 226 1.0
170 229 1.0
170 230 -1.0
170 233 1.0
170 234 1.0
170 235 1.0
170 236 1.0
170 238 1.0
170 240 1.0
170 242 -1.0
170 244 1.0
170 246 1.0
170 250 1.0
170 252 1.0
170 254 1.0
170 268 1.0
170 269 1.0
170 277 -1.0
170 280 1.0
170 645 1.0
170 283 1.0
170 286 1.0
170 299 -1.0
170 311 1.0
170 625 1.0
170 320 1.0
170 321 1.0
170 322 1.0
170 328 1.0
170 339 1.0
170 346 1.0
170 362 1.0
170 365 1.0
170 367 1.0
170 369 -1.0
170 374 1.0
170 380 1.0
170 385 -1.0
170 399 1.0
170 628 1.0
170 405 1.0
170 410 1.0
170 413 1.0
170 415 1.0
170 424 1.0
170 429 1.0
170 440 1.0
170 442 -1.0
170 447 1.0
170 450 1.0
170 451 1.0
170 456 1.0
170 464 1.0
170 613 1.0
170 467 1.0
170 475 1.0
170 483 1.0
170 487 1.0
170 488 1.0
170 492 1.0
170 497 1.0
170 500 1.0
170 501 1.0
170 551 1.0
171 513 -1.0
171 517 1.0
171 522 -1.0
171 530 1.0
171 547 1.0
171 553 1.0
171 607 1.0
171 568 -1.0
171 573 1.0
171 576 1.0
171 630 1.0
171 172 1.0
171 174 1.0
171 175 1.0
171 182 1.0
171 183 1.0
171 191 1.0
171 192 1.0
171 195 1.0
171 202 1.0
171 203 1.0
171 204 1.0
171 205 1.0
171 207 -1.0
171 209 1.0
171 210 1.0
171 213 1.0
171 214 1.0
171 215 1.0
171 216 1.0
171 218 1.0
171 219 1.0
171 223 1.0
171 225 1.0
171 226 1.0
171 229 -1.0
171 231 1.0
171 234 1.0
171 235 1.0
171 247 1.0
171 253 1.0
171 256 1.0
171 258 1.0
171 259 1.0
171 265 -1.0
171 267 1.0
171 270 1.0
171 271 1.0
171 284 1.0
171 286 1.0
171 647 1.0
171 300 1.0
171 313 1.0
171 317 1.0
171 566 1.0
171 323 1.0
171 325 1.0
171 334 1.0
171 340 1.0
171 346 -1.0
171 356 -1.0
171 640 1.0
171 366 1.0
171 372 1.0
171 373 1.0
171 375 -1.0
171 381 1.0
171 382 1.0
171 388 1.0
171 390 1.0
171 391 1.0
171 394 1.0
171 412 1.0
171 433 1.0
171 585 1.0
171 441 1.0
171 443 1.0
171 444 1.0
171 459 1.0
171 604 -1.0
171 462 1.0
171 466 1.0
171 482 1.0
171 491 -1.0
171 492 1.0
171 495 -1.0
171 614 1.0
171 502 1.0
171 503 1.0
171 505 1.0
171 635 1.0
171 510 1.0
172 520 1.0
172 534 1.0
172 602 1.0
172 542 1.0
172 543 1.0
172 545 1.0
172 552 1.0
172 606 1.0
172 563 1.0
172 564 1.0
172 567 1.0
172 616 -1.0
172 573 1.0
172 575 1.0
172 578 1.0
172 524 1.0
172 592 1.0
172 596 1.0
172 604 1.0
172 619 -1.0
172 637 1.0
172 174 1.0
172 177 1.0
172 178 1.0
172 181 1.0
172 183 1.0
172 184 1.0
172 186 1.0
172 191 1.0
172 198 1.0
172 199 1.0
172 202 -1.0
172 203 1.0
172 206 1.0
172 210 1.0
172 212 1.0
172 213 1.0
172 214 1.0
172 215 1.0
172 216 1.0
172 217 1.0
172 223 1.0
172 229 1.0
172 551 -1.0
172 231 1.0
172 232 1.0
172 235 1.0
172 240 1.0
172 241 1.0
172 244 1.0
172 245 -1.0
172 247 1.0
172 248 1.0
172 250 1.0
172 252 1.0
172 254 1.0
172 255 1.0
172 256 1.0
172 257 1.0
172 258 1.0
172 273 1.0
172 274 1.0
172 276 1.0
172 278 1.0
172 279 1.0
172 282 1.0
172 624 -1.0
172 285 1.0
172 286 1.0
172 294 -1.0
172 295 1.0
172 296 1.0
172 649 1.0
172 310 1.0
172 320 1.0
172 321 1.0
172 322 1.0
172 335 1.0
172 336 1.0
172 342 1.0
172 343 1.0
172 346 -1.0
172 351 1.0
172 230 1.0
172 353 1.0
172 357 -1.0
172 361 1.0
172 369 1.0
172 370 1.0
172 375 1.0
172 379 1.0
172 387 1.0
172 389 -1.0
172 401 1.0
172 408 1.0
172 414 1.0
172 415 1.0
172 418 1.0
172 421 1.0
172 424 1.0
172 426 -1.0
172 434 1.0
172 586 1.0
172 446 1.0
172 447 1.0
172 452 1.0
172 454 1.0
172 465 1.0
172 470 1.0
172 476 1.0
172 478 1.0
172 489 1.0
172 499 1.0
172 504 1.0
172 506 1.0
172 511 1.0
172 512 1.0
173 599 1.0
173 519 1.0
173 520 1.0
173 539 1.0
173 553 1.0
173 555 1.0
173 557 1.0
173 607 1.0
173 568 1.0
173 578 1.0
173 590 1.0
173 594 -1.0
173 596 1.0
173 597 1.0
173 636 1.0
173 645 1.0
173 174 1.0
173 176 1.0
173 178 1.0
173 179 1.0
173 181 1.0
173 184 1.0
173 190 1.0
173 198 1.0
173 201 1.0
173 202 1.0
173 204 -1.0
173 205 1.0
173 206 1.0
173 207 1.0
173 208 1.0
173 209 1.0
173 213 1.0
173 215 1.0
173 216 1.0
173 219 1.0
173 220 1.0
173 221 1.0
173 222 -1.0
173 223 1.0
173 605 1.0
173 227 1.0
173 228 1.0
173 230 1.0
173 233 1.0
173 234 1.0
173 237 1.0
173 238 1.0
173 242 1.0
173 245 1.0
173 251 1.0
173 253 1.0
173 254 1.0
173 259 1.0
173 269 1.0
173 284 1.0
173 290 1.0
173 522 1.0
173 298 1.0
173 299 1.0
173 313 1.0
173 316 1.0
173 322 -1.0
173 325 1.0
173 334 1.0
173 339 1.0
173 344 1.0
173 609 1.0
173 348 1.0
173 349 1.0
173 354 1.0
173 356 1.0
173 361 1.0
173 362 1.0
173 364 1.0
173 366 1.0
173 627 1.0
173 381 1.0
173 394 -1.0
173 398 1.0
173 399 1.0
173 400 1.0
173 402 1.0
173 407 1.0
173 411 -1.0
173 413 1.0
173 415 1.0
173 422 1.0
173 433 1.0
173 450 1.0
173 451 1.0
173 453 1.0
173 455 1.0
173 459 1.0
173 467 1.0
173 473 1.0
173 475 1.0
173 477 -1.0
173 484 1.0
173 485 1.0
173 486 1.0
173 493 1.0
173 495 1.0
173 502 1.0
173 505 1.0
173 506 -1.0
173 507 1.0
173 508 1.0
174 514 1.0
174 520 1.0
174 522 -1.0
174 523 1.0
174 601 1.0
174 535 1.0
174 519 1.0
174 553 1.0
174 616 1.0
174 636 1.0
174 558 1.0
174 559 -1.0
174 560 1.0
174 575 -1.0
174 576 -1.0
174 582 1.0
174 585 1.0
174 587 1.0
174 611 1.0
174 595 1.0
174 596 -1.0
174 617 1.0
174 622 1.0
174 175 -1.0
174 176 1.0
174 182 1.0
174 183 1.0
174 186 1.0
174 189 1.0
174 638 1.0
174 197 1.0
174 198 -1.0
174 199 1.0
174 201 1.0
174 203 1.0
174 632 1.0
174 206 1.0
174 209 1.0
174 211 1.0
174 213 1.0
174 214 -1.0
174 215 1.0
174 216 1.0
174 219 1.0
174 220 1.0
174 221 1.0
174 222 1.0
174 223 1.0
174 225 -1.0
174 227 1.0
174 228 -1.0
174 232 1.0
174 233 1.0
174 235 1.0
174 238 1.0
174 240 1.0
174 241 1.0
174 243 1.0
174 244 1.0
174 246 1.0
174 247 1.0
174 248 1.0
174 249 1.0
174 250 1.0
174 251 1.0
174 252 1.0
174 255 1.0
174 257 1.0
174 263 1.0
174 264 1.0
174 557 -1.0
174 641 1.0
174 289 1.0
174 556 1.0
174 317 1.0
174 326 -1.0
174 327 1.0
174 337 1.0
174 341 1.0
174 345 1.0
174 350 1.0
174 355 -1.0
174 365 1.0
174 369 1.0
174 370 1.0
174 371 1.0
174 374 1.0
174 382 1.0
174 399 1.0
174 420 1.0
174 421 1.0
174 583 1.0
174 425 1.0
174 426 1.0
174 427 1.0
174 433 1.0
174 437 -1.0
174 439 1.0
174 442 -1.0
174 444 1.0
174 445 1.0
174 449 1.0
174 450 1.0
174 456 1.0
174 458 1.0
174 459 1.0
174 472 1.0
174 488 1.0
174 490 1.0
174 492 1.0
174 497 1.0
174 499 1.0
174 505 -1.0
174 509 1.0
175 519 1.0
175 520 1.0
175 291 1.0
175 526 -1.0
175 527 1.0
175 534 1.0
175 538 1.0
175 552 1.0
175 563 1.0
175 564 -1.0
175 566 1.0
175 570 1.0
175 578 1.0
175 582 1.0
175 584 1.0
175 585 1.0
175 592 1.0
175 598 1.0
175 628 1.0
175 630 1.0
175 176 1.0
175 178 1.0
175 179 1.0
175 183 1.0
175 185 1.0
175 186 1.0
175 187 1.0
175 189 1.0
175 191 -1.0
175 192 1.0
175 193 -1.0
175 196 1.0
175 200 1.0
175 206 1.0
175 208 1.0
175 210 1.0
175 213 1.0
175 214 1.0
175 216 1.0
175 217 1.0
175 219 1.0
175 220 1.0
175 222 1.0
175 224 1.0
175 232 1.0
175 233 1.0
175 234 1.0
175 238 1.0
175 239 1.0
175 240 1.0
175 241 1.0
175 242 1.0
175 243 1.0
175 244 1.0
175 245 1.0
175 250 1.0
175 253 1.0
175 254 1.0
175 257 1.0
175 260 1.0
175 263 1.0
175 267 -1.0
175 644 1.0
175 539 1.0
175 294 1.0
175 637 1.0
175 297 1.0
175 315 1.0
175 317 1.0
175 318 1.0
175 321 1.0
175 322 1.0
175 323 1.0
175 324 1.0
175 327 1.0
175 328 1.0
175 331 1.0
175 336 -1.0
175 338 1.0
175 342 -1.0
175 626 1.0
175 345 1.0
175 352 1.0
175 353 1.0
175 362 -1.0
175 364 -1.0
175 368 1.0
175 386 1.0
175 394 1.0
175 398 1.0
175 399 1.0
175 402 1.0
175 404 -1.0
175 414 -1.0
175 424 1.0
175 427 -1.0
175 430 1.0
175 433 1.0
175 438 1.0
175 446 1.0
175 450 1.0
175 451 1.0
175 452 1.0
175 455 1.0
175 466 1.0
175 471 1.0
175 476 1.0
175 477 1.0
175 494 1.0
175 497 1.0
175 499 -1.0
175 500 1.0
175 502 1.0
175 505 1.0
176 515 1.0
176 519 1.0
176 521 1.0
176 527 1.0
176 542 1.0
176 548 1.0
176 555 1.0
176 556 1.0
176 558 1.0
176 571 1.0
176 575 1.0
176 582 1.0
176 594 1.0
176 597 1.0
176 599 1.0
176 600 1.0
176 649 1.0
176 625 -1.0
176 178 1.0
176 181 1.0
176 182 1.0
176 183 1.0
176 187 1.0
176 623 1.0
176 189 1.0
176 191 1.0
176 192 1.0
176 197 1.0
176 631 1.0
176 199 1.0
176 202 -1.0
176 205 1.0
176 206 1.0
176 208 1.0
176 211 1.0
176 212 1.0
176 217 1.0
176 218 1.0
176 220 1.0
176 221 1.0
176 222 1.0
176 223 -1.0
176 226 1.0
176 230 -1.0
176 231 1.0
176 234 1.0
176 239 1.0
176 243 1.0
176 246 1.0
176 248 1.0
176 251 1.0
176 255 1.0
176 257 1.0
176 260 1.0
176 266 1.0
176 274 1.0
176 279 1.0
176 280 1.0
176 281 1.0
176 282 1.0
176 284 1.0
176 290 1.0
176 294 1.0
176 298 1.0
176 300 1.0
176 307 1.0
176 312 1.0
176 319 1.0
176 322 1.0
176 323 1.0
176 333 1.0
176 338 1.0
176 339 1.0
176 343 1.0
176 626 1.0
176 349 1.0
176 350 -1.0
176 356 -1.0
176 360 1.0
176 370 1.0
176 374 1.0
176 610 1.0
176 377 1.0
176 378 1.0
176 383 1.0
176 387 1.0
176 396 1.0
176 400 1.0
176 405 1.0
176 417 1.0
176 420 1.0
176 421 1.0
176 424 1.0
176 427 1.0
176 440 1.0
176 441 1.0
176 450 1.0
176 451 -1.0
176 457 1.0
176 461 -1.0
176 462 1.0
176 470 1.0
176 481 1.0
176 486 1.0
176 487 -1.0
176 492 1.0
176 503 1.0
176 504 1.0
177 515 1.0
177 618 1.0
177 523 1.0
177 535 1.0
177 537 1.0
177 517 1.0
177 539 1.0
177 549 1.0
177 560 1.0
177 581 1.0
177 591 1.0
177 639 1.0
177 598 1.0
177 620 1.0
177 542 1.0
177 178 -1.0
177 179 1.0
177 180 1.0
177 182 1.0
177 185 1.0
177 186 1.0
177 191 1.0
177 630 1.0
177 195 1.0
177 196 1.0
177 197 1.0
177 198 1.0
177 199 1.0
177 200 1.0
177 202 1.0
177 203 1.0
177 204 1.0
177 206 1.0
177 207 1.0
177 210 1.0
177 211 -1.0
177 212 1.0
177 213 1.0
177 214 1.0
177 215 1.0
177 216 1.0
177 217 1.0
177 219 1.0
177 220 1.0
177 222 1.0
177 225 1.0
177 226 1.0
177 227 1.0
177 228 1.0
177 230 1.0
177 232 1.0
177 235 1.0
177 236 1.0
177 237 1.0
177 239 1.0
177 240 -1.0
177 246 1.0
177 247 1.0
177 250 1.0
177 253 1.0
177 254 1.0
177 256 1.0
177 257 1.0
177 258 1.0
177 260 1.0
177 262 1.0
177 263 1.0
177 264 1.0
177 265 1.0
177 267 1.0
177 268 -1.0
177 269 1.0
177 273 -1.0
177 538 1.0
177 281 1.0
177 287 1.0
177 293 1.0
177 295 1.0
177 296 1.0
177 306 1.0
177 308 1.0
177 310 -1.0
177 311 1.0
177 312 1.0
177 327 1.0
177 331 1.0
177 333 1.0
177 343 1.0
177 345 1.0
177 354 1.0
177 361 1.0
177 362 1.0
177 364 -1.0
177 376 -1.0
177 379 1.0
177 380 1.0
177 381 1.0
177 386 -1.0
177 395 1.0
177 398 1.0
177 405 -1.0
177 543 -1.0
177 412 -1.0
177 413 1.0
177 415 1.0
177 420 1.0
177 421 -1.0
177 427 1.0
177 437 1.0
177 441 1.0
177 446 1.0
177 456 1.0
177 462 1.0
177 476 -1.0
177 483 1.0
177 487 1.0
177 488 1.0
178 618 1.0
178 522 1.0
178 523 1.0
178 535 1.0
178 543 1.0
178 192 1.0
178 558 1.0
178 561 1.0
178 607 -1.0
178 571 1.0
178 617 1.0
178 590 1.0
178 593 1.0
178 595 1.0
178 596 1.0
178 613 1.0
178 646 1.0
178 626 1.0
178 627 1.0
178 179 1.0
178 182 1.0
178 629 -1.0
178 188 1.0
178 191 1.0
178 638 -1.0
178 193 1.0
178 194 1.0
178 195 1.0
178 196 1.0
178 197 1.0
178 201 1.0
178 632 1.0
178 206 -1.0
178 209 -1.0
178 211 1.0
178 212 1.0
178 214 1.0
178 217 1.0
178 220 1.0
178 222 1.0
178 225 1.0
178 226 -1.0
178 235 1.0
178 237 1.0
178 239 1.0
178 240 1.0
178 245 1.0
178 246 1.0
178 249 1.0
178 251 1.0
178 252 1.0
178 256 1.0
178 259 1.0
178 262 1.0
178 264 1.0
178 473 1.0
178 559 1.0
178 641 1.0
178 285 1.0
178 288 1.0
178 302 1.0
178 304 1.0
178 306 1.0
178 309 1.0
178 650 1.0
178 625 1.0
178 319 1.0
178 320 1.0
178 321 1.0
178 323 -1.0
178 327 1.0
178 329 1.0
178 333 1.0
178 335 1.0
178 314 1.0
178 345 1.0
178 347 1.0
178 349 1.0
178 353 1.0
178 572 -1.0
178 358 1.0
178 362 1.0
178 367 1.0
178 369 1.0
178 373 1.0
178 379 1.0
178 382 1.0
178 386 1.0
178 388 1.0
178 389 1.0
178 392 1.0
178 394 1.0
178 405 1.0
178 411 1.0
178 414 1.0
178 623 1.0
178 584 1.0
178 431 1.0
178 433 1.0
178 434 1.0
178 612 -1.0
178 451 1.0
178 452 1.0
178 460 1.0
178 461 1.0
178 464 1.0
178 528 1.0
178 488 1.0
178 490 1.0
178 493 1.0
178 496 1.0
178 497 -1.0
178 499 1.0
178 501 1.0
178 502 1.0
178 505 1.0
178 510 1.0
178 598 1.0
179 514 1.0
179 618 -1.0
179 519 -1.0
179 521 1.0
179 523 1.0
179 526 1.0
179 517 1.0
179 539 1.0
179 544 1.0
179 604 1.0
179 552 -1.0
179 557 1.0
179 579 1.0
179 583 1.0
179 584 1.0
179 590 1.0
179 595 1.0
179 599 1.0
179 613 1.0
179 628 1.0
179 184 1.0
179 187 -1.0
179 188 1.0
179 189 1.0
179 190 1.0
179 193 -1.0
179 194 1.0
179 198 1.0
179 201 1.0
179 202 1.0
179 204 1.0
179 205 1.0
179 206 1.0
179 207 1.0
179 209 1.0
179 210 1.0
179 212 1.0
179 215 1.0
179 218 1.0
179 219 1.0
179 221 1.0
179 222 1.0
179 225 1.0
179 226 -1.0
179 227 1.0
179 229 1.0
179 234 1.0
179 235 1.0
179 237 1.0
179 238 1.0
179 241 1.0
179 242 -1.0
179 243 1.0
179 246 1.0
179 247 1.0
179 248 1.0
179 252 1.0
179 257 1.0
179 259 1.0
179 262 1.0
179 266 1.0
179 643 1.0
179 272 1.0
179 274 -1.0
179 644 1.0
179 278 1.0
179 279 1.0
179 280 -1.0
179 281 1.0
179 287 1.0
179 646 1.0
179 302 1.0
179 319 1.0
179 320 1.0
179 321 1.0
179 322 1.0
179 325 1.0
179 332 1.0
179 333 1.0
179 335 1.0
179 336 1.0
179 353 1.0
179 354 1.0
179 364 1.0
179 369 1.0
179 377 1.0
179 383 1.0
179 387 1.0
179 393 1.0
179 395 1.0
179 408 -1.0
179 409 1.0
179 639 1.0
179 412 1.0
179 422 1.0
179 424 -1.0
179 288 1.0
179 434 1.0
179 441 1.0
179 442 1.0
179 621 1.0
179 456 1.0
179 466 1.0
179 469 1.0
179 481 1.0
179 483 1.0
179 485 1.0
179 489 1.0
179 491 1.0
179 631 1.0
179 614 1.0
179 497 1.0
179 501 1.0
179 503 1.0
179 510 -1.0
180 516 1.0
180 519 -1.0
180 520 1.0
180 525 1.0
180 528 1.0
180 547 1.0
180 530 1.0
180 546 -1.0
180 548 1.0
180 549 1.0
180 606 1.0
180 616 1.0
180 562 1.0
180 564 -1.0
180 565 1.0
180 580 1.0
180 610 1.0
180 587 1.0
180 589 1.0
180 639 -1.0
180 464 1.0
180 618 1.0
180 181 1.0
180 187 1.0
180 189 1.0
180 190 1.0
180 191 1.0
180 192 1.0
180 193 1.0
180 195 1.0
180 196 1.0
180 197 1.0
180 200 -1.0
180 203 1.0
180 206 1.0
180 208 1.0
180 209 1.0
180 210 1.0
180 211 1.0
180 212 1.0
180 213 1.0
180 214 -1.0
180 216 1.0
180 221 1.0
180 222 1.0
180 224 1.0
180 227 1.0
180 230 1.0
180 231 1.0
180 235 1.0
180 236 1.0
180 237 1.0
180 239 1.0
180 240 1.0
180 247 1.0
180 248 -1.0
180 249 1.0
180 251 1.0
180 252 1.0
180 253 1.0
180 256 1.0
180 257 -1.0
180 261 -1.0
180 262 -1.0
180 263 1.0
180 264 1.0
180 268 -1.0
180 271 1.0
180 280 1.0
180 284 1.0
180 287 -1.0
180 289 1.0
180 298 1.0
180 301 1.0
180 303 1.0
180 305 1.0
180 307 1.0
180 331 1.0
180 345 1.0
180 346 1.0
180 349 1.0
180 356 1.0
180 360 1.0
180 362 1.0
180 364 1.0
180 368 1.0
180 369 1.0
180 376 1.0
180 380 -1.0
180 382 1.0
180 384 1.0
180 387 1.0
180 406 1.0
180 560 1.0
180 623 1.0
180 427 1.0
180 584 1.0
180 433 1.0
180 435 1.0
180 638 1.0
180 452 1.0
180 455 1.0
180 456 1.0
180 457 1.0
180 459 1.0
180 630 1.0
180 472 1.0
180 485 1.0
180 488 1.0
180 595 1.0
180 500 1.0
180 501 1.0
180 505 1.0
180 508 1.0
180 509 -1.0
181 515 1.0
181 518 1.0
181 536 1.0
181 547 1.0
181 552 -1.0
181 633 -1.0
181 555 1.0
181 560 1.0
181 562 1.0
181 571 1.0
181 577 1.0
181 580 1.0
181 582 1.0
181 594 1.0
181 601 1.0
181 622 1.0
181 636 1.0
181 625 1.0
181 620 -1.0
181 285 1.0
181 182 1.0
181 184 1.0
181 185 1.0
181 186 1.0
181 623 1.0
181 189 1.0
181 191 1.0
181 192 1.0
181 193 1.0
181 195 1.0
181 196 1.0
181 198 1.0
181 199 -1.0
181 200 1.0
181 201 1.0
181 202 1.0
181 204 1.0
181 205 1.0
181 206 1.0
181 209 1.0
181 210 1.0
181 211 -1.0
181 212 -1.0
181 216 1.0
181 219 1.0
181 220 1.0
181 225 1.0
181 226 1.0
181 232 1.0
181 234 1.0
181 238 1.0
181 239 1.0
181 242 1.0
181 554 1.0
181 249 -1.0
181 250 1.0
181 255 1.0
181 256 1.0
181 257 1.0
181 258 1.0
181 260 1.0
181 261 1.0
181 262 -1.0
181 266 1.0
181 268 1.0
181 619 1.0
181 607 1.0
181 286 1.0
181 295 1.0
181 303 1.0
181 304 1.0
181 305 1.0
181 306 -1.0
181 310 1.0
181 312 1.0
181 317 1.0
181 319 1.0
181 329 1.0
181 331 1.0
181 339 1.0
181 626 1.0
181 357 -1.0
181 358 1.0
181 362 1.0
181 365 1.0
181 371 1.0
181 378 1.0
181 386 1.0
181 390 1.0
181 393 1.0
181 399 1.0
181 400 1.0
181 401 1.0
181 410 1.0
181 543 -1.0
181 416 1.0
181 427 1.0
181 430 1.0
181 438 1.0
181 637 1.0
181 455 1.0
181 466 -1.0
181 467 1.0
181 473 1.0
181 475 1.0
181 592 1.0
181 481 1.0
181 486 1.0
181 487 1.0
181 490 1.0
181 492 1.0
181 496 1.0
181 498 1.0
181 502 1.0
181 503 1.0
181 507 1.0
182 514 1.0
182 516 1.0
182 517 1.0
182 521 -1.0
182 523 1.0
182 525 1.0
182 527 1.0
182 529 1.0
182 530 1.0
182 536 1.0
182 541 1.0
182 603 1.0
182 551 1.0
182 554 1.0
182 566 1.0
182 570 1.0
182 575 1.0
182 581 1.0
182 588 1.0
182 606 1.0
182 210 1.0
182 183 1.0
182 184 1.0
182 185 -1.0
182 186 1.0
182 188 1.0
182 189 1.0
182 190 1.0
182 191 1.0
182 192 1.0
182 195 1.0
182 200 1.0
182 201 1.0
182 205 1.0
182 208 1.0
182 209 1.0
182 636 1.0
182 213 1.0
182 214 1.0
182 215 -1.0
182 218 1.0
182 219 1.0
182 223 1.0
182 224 1.0
182 225 1.0
182 227 1.0
182 228 1.0
182 229 1.0
182 231 1.0
182 232 1.0
182 233 1.0
182 238 1.0
182 239 1.0
182 241 1.0
182 242 1.0
182 245 1.0
182 247 1.0
182 249 1.0
182 253 1.0
182 254 1.0
182 257 1.0
182 262 1.0
182 263 -1.0
182 267 1.0
182 269 1.0
182 272 1.0
182 645 1.0
182 286 -1.0
182 646 1.0
182 295 1.0
182 298 1.0
182 309 1.0
182 311 1.0
182 312 1.0
182 320 1.0
182 327 1.0
182 355 1.0
182 359 1.0
182 367 1.0
182 373 1.0
182 374 -1.0
182 379 1.0
182 384 1.0
182 387 1.0
182 389 1.0
182 395 1.0
182 400 1.0
182 407 -1.0
182 410 1.0
182 415 1.0
182 419 1.0
182 420 1.0
182 427 1.0
182 430 1.0
182 432 1.0
182 434 1.0
182 440 1.0
182 444 1.0
182 638 1.0
182 637 1.0
182 466 1.0
182 471 -1.0
182 472 1.0
182 473 1.0
182 474 1.0
182 482 1.0
182 484 1.0
182 486 1.0
182 488 1.0
182 489 1.0
182 490 1.0
182 496 1.0
182 503 1.0
183 514 1.0
183 518 1.0
183 520 1.0
183 527 1.0
183 530 1.0
183 531 1.0
183 532 1.0
183 536 1.0
183 542 1.0
183 549 1.0
183 519 1.0
183 551 1.0
183 552 1.0
183 553 1.0
183 559 1.0
183 565 1.0
183 561 1.0
183 567 -1.0
183 581 1.0
183 586 1.0
183 590 1.0
183 639 1.0
183 597 -1.0
183 605 1.0
183 607 1.0
183 628 1.0
183 184 1.0
183 186 1.0
183 191 1.0
183 193 1.0
183 194 1.0
183 195 1.0
183 196 1.0
183 198 1.0
183 199 1.0
183 203 1.0
183 205 1.0
183 206 1.0
183 208 1.0
183 209 1.0
183 211 1.0
183 212 1.0
183 216 1.0
183 218 1.0
183 220 1.0
183 221 1.0
183 222 1.0
183 223 1.0
183 226 1.0
183 228 1.0
183 229 1.0
183 235 1.0
183 237 1.0
183 238 1.0
183 239 1.0
183 245 1.0
183 246 1.0
183 247 1.0
183 248 -1.0
183 249 1.0
183 250 1.0
183 251 1.0
183 252 1.0
183 254 1.0
183 255 1.0
183 256 1.0
183 257 1.0
183 258 1.0
183 261 1.0
183 264 1.0
183 265 1.0
183 268 1.0
183 270 1.0
183 644 1.0
183 283 1.0
183 286 1.0
183 288 1.0
183 292 1.0
183 296 1.0
183 648 1.0
183 303 1.0
183 311 1.0
183 314 1.0
183 315 1.0
183 319 1.0
183 324 1.0
183 327 1.0
183 329 1.0
183 330 1.0
183 331 1.0
183 335 -1.0
183 342 1.0
183 349 1.0
183 356 1.0
183 358 1.0
183 371 -1.0
183 378 1.0
183 386 1.0
183 389 1.0
183 403 1.0
183 406 1.0
183 415 1.0
183 326 1.0
183 417 1.0
183 422 1.0
183 427 1.0
183 432 1.0
183 433 1.0
183 434 1.0
183 447 1.0
183 448 -1.0
183 454 1.0
183 459 1.0
183 460 1.0
183 464 1.0
183 466 1.0
183 475 1.0
183 482 1.0
183 494 1.0
183 495 1.0
183 498 1.0
183 508 1.0
184 513 1.0
184 618 1.0
184 521 1.0
184 527 1.0
184 529 1.0
184 601 1.0
184 531 1.0
184 532 1.0
184 539 1.0
184 556 1.0
184 579 1.0
184 581 1.0
184 634 1.0
184 586 1.0
184 611 1.0
184 596 1.0
184 614 1.0
184 647 -1.0
184 620 1.0
184 627 -1.0
184 542 -1.0
184 185 1.0
184 186 1.0
184 189 1.0
184 638 1.0
184 194 1.0
184 195 1.0
184 197 1.0
184 198 1.0
184 200 1.0
184 201 1.0
184 204 -1.0
184 206 1.0
184 207 1.0
184 209 1.0
184 212 1.0
184 213 -1.0
184 215 1.0
184 216 1.0
184 549 1.0
184 219 1.0
184 221 1.0
184 222 1.0
184 225 1.0
184 226 1.0
184 230 1.0
184 231 1.0
184 232 1.0
184 234 1.0
184 236 1.0
184 238 1.0
184 240 1.0
184 241 1.0
184 243 1.0
184 245 -1.0
184 246 1.0
184 247 1.0
184 248 1.0
184 250 1.0
184 254 1.0
184 260 1.0
184 262 1.0
184 265 -1.0
184 266 1.0
184 269 -1.0
184 271 1.0
184 273 1.0
184 281 1.0
184 282 1.0
184 641 1.0
184 286 1.0
184 300 1.0
184 301 1.0
184 303 1.0
184 304 1.0
184 650 1.0
184 325 1.0
184 334 1.0
184 337 1.0
184 338 1.0
184 347 1.0
184 348 1.0
184 349 1.0
184 524 1.0
184 361 1.0
184 362 1.0
184 370 -1.0
184 373 1.0
184 376 1.0
184 377 1.0
184 381 1.0
184 383 -1.0
184 577 1.0
184 404 1.0
184 406 1.0
184 409 1.0
184 414 1.0
184 419 1.0
184 422 1.0
184 426 1.0
184 431 1.0
184 443 1.0
184 452 1.0
184 453 -1.0
184 621 1.0
184 467 1.0
184 468 1.0
184 475 1.0
184 481 1.0
184 484 1.0
184 488 1.0
184 495 1.0
184 497 1.0
184 635 1.0
184 508 1.0
184 512 1.0
185 618 1.0
185 599 1.0
185 527 1.0
185 534 1.0
185 517 1.0
185 541 1.0
185 543 1.0
185 547 1.0
185 550 1.0
185 562 1.0
185 564 1.0
185 570 1.0
185 575 1.0
185 577 1.0
185 584 1.0
185 588 1.0
185 595 1.0
185 627 1.0
185 186 1.0
185 189 1.0
185 190 1.0
185 192 1.0
185 194 1.0
185 198 -1.0
185 199 1.0
185 200 1.0
185 201 1.0
185 203 1.0
185 204 1.0
185 209 1.0
185 210 1.0
185 211 1.0
185 212 1.0
185 214 1.0
185 216 1.0
185 217 1.0
185 218 1.0
185 220 -1.0
185 221 1.0
185 222 1.0
185 294 1.0
185 225 1.0
185 230 1.0
185 233 1.0
185 637 1.0
185 236 1.0
185 237 1.0
185 238 1.0
185 239 1.0
185 240 1.0
185 248 1.0
185 253 1.0
185 255 1.0
185 256 1.0
185 258 -1.0
185 260 1.0
185 262 1.0
185 266 1.0
185 269 1.0
185 271 1.0
185 277 1.0
185 279 1.0
185 288 1.0
185 292 1.0
185 647 1.0
185 298 1.0
185 648 1.0
185 302 1.0
185 320 1.0
185 325 1.0
185 342 1.0
185 343 1.0
185 362 1.0
185 643 1.0
185 369 1.0
185 370 1.0
185 374 1.0
185 379 1.0
185 382 1.0
185 388 1.0
185 391 1.0
185 395 1.0
185 400 1.0
185 405 1.0
185 412 -1.0
185 413 1.0
185 415 1.0
185 417 1.0
185 418 1.0
185 420 1.0
185 428 1.0
185 464 1.0
185 437 1.0
185 444 1.0
185 453 1.0
185 462 1.0
185 630 1.0
185 470 1.0
185 478 1.0
185 488 1.0
185 631 -1.0
185 635 1.0
185 509 1.0
185 511 1.0
186 514 1.0
186 618 1.0
186 523 1.0
186 531 1.0
186 532 1.0
186 541 1.0
186 543 1.0
186 547 1.0
186 616 -1.0
186 562 1.0
186 564 1.0
186 565 1.0
186 566 1.0
186 568 1.0
186 569 1.0
186 576 1.0
186 578 1.0
186 584 1.0
186 587 1.0
186 588 1.0
186 598 1.0
186 610 1.0
186 295 1.0
186 187 1.0
186 188 1.0
186 189 1.0
186 191 1.0
186 193 1.0
186 196 1.0
186 200 1.0
186 202 1.0
186 204 1.0
186 205 -1.0
186 206 -1.0
186 207 1.0
186 211 1.0
186 213 1.0
186 214 1.0
186 215 1.0
186 216 1.0
186 218 1.0
186 219 1.0
186 220 1.0
186 223 1.0
186 224 1.0
186 226 1.0
186 227 -1.0
186 228 1.0
186 229 1.0
186 230 1.0
186 232 1.0
186 233 1.0
186 234 1.0
186 236 1.0
186 239 1.0
186 241 1.0
186 242 1.0
186 243 1.0
186 244 1.0
186 248 1.0
186 249 1.0
186 252 1.0
186 253 1.0
186 254 1.0
186 256 1.0
186 260 1.0
186 261 1.0
186 264 1.0
186 265 1.0
186 268 1.0
186 270 1.0
186 274 1.0
186 277 1.0
186 282 1.0
186 646 1.0
186 293 1.0
186 647 1.0
186 637 1.0
186 298 1.0
186 300 1.0
186 302 1.0
186 306 1.0
186 308 1.0
186 311 1.0
186 642 1.0
186 316 1.0
186 318 1.0
186 321 -1.0
186 325 1.0
186 330 1.0
186 331 1.0
186 333 1.0
186 336 1.0
186 350 1.0
186 572 1.0
186 366 -1.0
186 372 1.0
186 553 1.0
186 387 1.0
186 404 1.0
186 405 1.0
186 427 1.0
186 429 1.0
186 443 1.0
186 446 -1.0
186 447 1.0
186 454 1.0
186 456 1.0
186 459 1.0
186 462 1.0
186 469 1.0
186 472 1.0
186 474 -1.0
186 476 -1.0
186 478 1.0
186 485 1.0
186 489 1.0
186 500 1.0
186 546 1.0
186 508 1.0
187 632 1.0
187 526 1.0
187 636 1.0
187 541 1.0
187 544 -1.0
187 546 -1.0
187 616 1.0
187 558 -1.0
187 561 1.0
187 575 1.0
187 579 1.0
187 583 1.0
187 584 1.0
187 591 1.0
187 599 1.0
187 600 -1.0
187 601 1.0
187 614 1.0
187 621 1.0
187 188 1.0
187 190 1.0
187 191 1.0
187 193 1.0
187 195 1.0
187 197 1.0
187 631 1.0
187 199 1.0
187 201 1.0
187 203 1.0
187 204 1.0
187 206 -1.0
187 207 1.0
187 209 1.0
187 210 1.0
187 212 1.0
187 217 -1.0
187 218 1.0
187 219 1.0
187 220 1.0
187 221 1.0
187 222 1.0
187 223 -1.0
187 226 1.0
187 230 -1.0
187 231 1.0
187 234 1.0
187 235 1.0
187 236 1.0
187 237 1.0
187 238 1.0
187 239 1.0
187 242 -1.0
187 248 1.0
187 249 1.0
187 251 1.0
187 640 1.0
187 257 1.0
187 259 -1.0
187 260 1.0
187 261 1.0
187 262 1.0
187 263 1.0
187 264 1.0
187 268 1.0
187 269 1.0
187 270 1.0
187 271 1.0
187 273 1.0
187 644 1.0
187 641 1.0
187 624 1.0
187 287 1.0
187 289 -1.0
187 292 1.0
187 293 1.0
187 296 1.0
187 297 1.0
187 299 1.0
187 303 1.0
187 304 1.0
187 620 1.0
187 308 1.0
187 316 -1.0
187 318 1.0
187 320 1.0
187 326 1.0
187 327 1.0
187 329 1.0
187 332 1.0
187 338 -1.0
187 340 -1.0
187 344 -1.0
187 347 1.0
187 361 -1.0
187 382 1.0
187 388 1.0
187 400 1.0
187 408 1.0
187 410 1.0
187 419 1.0
187 422 1.0
187 424 1.0
187 435 1.0
187 445 -1.0
187 446 1.0
187 458 1.0
187 467 1.0
187 473 1.0
187 479 1.0
187 480 1.0
187 488 1.0
187 503 1.0
187 509 -1.0
188 520 -1.0
188 534 1.0
188 545 1.0
188 560 1.0
188 563 1.0
188 514 1.0
188 567 1.0
188 578 1.0
188 586 1.0
188 589 1.0
188 591 1.0
188 592 1.0
188 594 1.0
188 596 1.0
188 597 1.0
188 600 1.0
188 602 1.0
188 622 1.0
188 372 1.0
188 190 1.0
188 191 1.0
188 193 1.0
188 195 1.0
188 196 -1.0
188 198 1.0
188 199 1.0
188 200 1.0
188 201 -1.0
188 203 1.0
188 207 1.0
188 208 1.0
188 210 -1.0
188 212 1.0
188 215 1.0
188 219 1.0
188 221 1.0
188 224 1.0
188 225 -1.0
188 227 1.0
188 228 1.0
188 229 -1.0
188 236 1.0
188 238 1.0
188 243 1.0
188 250 1.0
188 252 1.0
188 255 1.0
188 256 1.0
188 257 1.0
188 258 1.0
188 261 1.0
188 263 1.0
188 266 1.0
188 268 1.0
188 269 -1.0
188 271 1.0
188 272 1.0
188 274 1.0
188 275 1.0
188 281 1.0
188 282 -1.0
188 641 1.0
188 286 1.0
188 288 -1.0
188 296 1.0
188 303 -1.0
188 304 1.0
188 310 1.0
188 316 1.0
188 322 1.0
188 327 1.0
188 332 1.0
188 335 1.0
188 337 1.0
188 340 1.0
188 349 1.0
188 353 -1.0
188 574 1.0
188 404 1.0
188 384 1.0
188 393 1.0
188 395 1.0
188 396 1.0
188 403 1.0
188 628 1.0
188 408 1.0
188 526 1.0
188 414 1.0
188 421 1.0
188 427 1.0
188 430 1.0
188 438 1.0
188 638 -1.0
188 449 -1.0
188 452 1.0
188 454 1.0
188 458 1.0
188 459 1.0
188 466 1.0
188 467 1.0
188 470 1.0
188 472 -1.0
188 476 1.0
188 478 -1.0
188 480 1.0
188 483 1.0
188 484 1.0
188 486 1.0
188 491 1.0
188 502 1.0
188 506 1.0
188 507 1.0
188 509 1.0
189 519 1.0
189 527 1.0
189 536 1.0
189 547 1.0
189 549 1.0
189 556 1.0
189 560 1.0
189 563 1.0
189 523 1.0
189 590 1.0
189 592 1.0
189 593 1.0
189 622 1.0
189 608 1.0
189 609 1.0
189 612 1.0
189 613 1.0
189 190 1.0
189 630 1.0
189 195 1.0
189 196 1.0
189 197 1.0
189 198 1.0
189 199 1.0
189 200 1.0
189 201 1.0
189 202 1.0
189 203 -1.0
189 204 1.0
189 207 1.0
189 208 1.0
189 209 1.0
189 210 1.0
189 211 1.0
189 212 1.0
189 213 1.0
189 219 1.0
189 224 1.0
189 226 1.0
189 227 1.0
189 228 1.0
189 229 1.0
189 230 1.0
189 231 1.0
189 233 1.0
189 234 1.0
189 236 1.0
189 237 -1.0
189 239 1.0
189 240 1.0
189 241 1.0
189 242 1.0
189 246 -1.0
189 248 1.0
189 249 1.0
189 250 1.0
189 251 1.0
189 252 1.0
189 254 1.0
189 255 1.0
189 258 1.0
189 259 1.0
189 260 1.0
189 265 1.0
189 267 1.0
189 268 1.0
189 269 1.0
189 270 1.0
189 271 -1.0
189 274 1.0
189 275 1.0
189 276 1.0
189 641 1.0
189 287 1.0
189 294 1.0
189 649 1.0
189 314 1.0
189 325 -1.0
189 327 1.0
189 332 1.0
189 348 1.0
189 350 1.0
189 351 1.0
189 358 1.0
189 361 1.0
189 373 1.0
189 378 1.0
189 389 -1.0
189 394 1.0
189 416 1.0
189 417 1.0
189 431 1.0
189 440 1.0
189 451 1.0
189 452 1.0
189 457 1.0
189 589 1.0
189 475 -1.0
189 476 1.0
189 497 1.0
189 596 -1.0
189 501 -1.0
189 503 1.0
189 504 1.0
189 507 1.0
189 509 1.0
189 512 1.0
190 618 1.0
190 523 1.0
190 527 1.0
190 535 1.0
190 538 1.0
190 540 1.0
190 543 1.0
190 544 1.0
190 545 1.0
190 552 1.0
190 553 1.0
190 555 1.0
190 558 1.0
190 564 1.0
190 570 1.0
190 573 1.0
190 579 1.0
190 581 1.0
190 582 1.0
190 617 1.0
190 590 1.0
190 599 -1.0
190 601 1.0
190 602 1.0
190 604 1.0
190 605 1.0
190 635 1.0
190 191 1.0
190 638 1.0
190 197 1.0
190 198 1.0
190 199 1.0
190 201 1.0
190 203 1.0
190 205 1.0
190 206 1.0
190 207 -1.0
190 212 1.0
190 215 1.0
190 216 1.0
190 219 1.0
190 220 -1.0
190 221 1.0
190 223 1.0
190 224 1.0
190 225 1.0
190 226 1.0
190 229 1.0
190 230 1.0
190 231 1.0
190 235 1.0
190 237 1.0
190 241 1.0
190 242 -1.0
190 244 1.0
190 251 1.0
190 253 1.0
190 255 1.0
190 256 -1.0
190 257 1.0
190 266 1.0
190 269 1.0
190 270 -1.0
190 272 1.0
190 273 1.0
190 274 1.0
190 276 1.0
190 282 -1.0
190 287 1.0
190 289 1.0
190 295 1.0
190 309 1.0
190 311 1.0
190 325 1.0
190 326 1.0
190 328 1.0
190 338 1.0
190 349 -1.0
190 360 1.0
190 368 1.0
190 371 1.0
190 373 1.0
190 380 1.0
190 381 1.0
190 385 1.0
190 389 1.0
190 392 1.0
190 405 1.0
190 410 1.0
190 415 1.0
190 623 1.0
190 426 1.0
190 427 1.0
190 431 1.0
190 433 1.0
190 439 1.0
190 442 1.0
190 444 1.0
190 452 1.0
190 453 1.0
190 461 1.0
190 463 1.0
190 469 1.0
190 478 1.0
190 479 1.0
190 484 1.0
190 489 1.0
190 497 1.0
191 514 1.0
191 520 1.0
191 523 1.0
191 533 1.0
191 560 1.0
191 572 -1.0
191 585 1.0
191 593 1.0
191 596 1.0
191 635 1.0
191 625 1.0
191 622 1.0
191 624 1.0
191 193 -1.0
191 194 1.0
191 195 1.0
191 196 1.0
191 198 1.0
191 200 1.0
191 202 1.0
191 203 1.0
191 204 1.0
191 206 1.0
191 633 1.0
191 212 1.0
191 214 1.0
191 218 1.0
191 220 -1.0
191 222 1.0
191 223 1.0
191 226 1.0
191 227 -1.0
191 228 1.0
191 229 1.0
191 230 1.0
191 232 1.0
191 233 1.0
191 234 -1.0
191 238 1.0
191 240 1.0
191 241 1.0
191 242 1.0
191 248 1.0
191 249 1.0
191 251 1.0
191 252 -1.0
191 253 1.0
191 255 1.0
191 256 1.0
191 257 1.0
191 258 1.0
191 261 1.0
191 263 1.0
191 265 1.0
191 266 1.0
191 267 -1.0
191 273 1.0
191 275 1.0
191 277 1.0
191 286 1.0
191 287 1.0
191 302 1.0
191 304 1.0
191 307 1.0
191 642 1.0
191 314 1.0
191 326 1.0
191 339 1.0
191 340 1.0
191 643 -1.0
191 346 1.0
191 348 1.0
191 352 1.0
191 353 1.0
191 355 1.0
191 356 1.0
191 364 1.0
191 367 1.0
191 370 1.0
191 375 1.0
191 387 1.0
191 389 1.0
191 401 1.0
191 406 1.0
191 412 1.0
191 420 1.0
191 583 1.0
191 432 1.0
191 434 1.0
191 436 -1.0
191 439 -1.0
191 442 1.0
191 461 1.0
191 462 1.0
191 463 1.0
191 468 1.0
191 469 1.0
191 470 1.0
191 474 1.0
191 476 1.0
191 486 1.0
191 488 1.0
191 492 1.0
191 497 1.0
191 501 1.0
191 503 1.0
191 507 1.0
192 515 1.0
192 516 1.0
192 618 1.0
192 519 1.0
192 530 1.0
192 537 1.0
192 539 1.0
192 545 1.0
192 550 1.0
192 557 1.0
192 560 1.0
192 572 1.0
192 575 1.0
192 579 1.0
192 580 1.0
192 585 1.0
192 591 1.0
192 549 1.0
192 596 1.0
192 600 1.0
192 603 1.0
192 611 1.0
192 613 1.0
192 614 1.0
192 615 1.0
192 627 1.0
192 193 1.0
192 194 1.0
192 195 1.0
192 199 1.0
192 200 1.0
192 202 1.0
192 204 1.0
192 207 1.0
192 210 1.0
192 215 1.0
192 217 -1.0
192 218 1.0
192 221 1.0
192 222 1.0
192 224 1.0
192 226 1.0
192 229 1.0
192 231 1.0
192 232 1.0
192 237 1.0
192 238 1.0
192 239 1.0
192 243 1.0
192 245 1.0
192 246 1.0
192 247 1.0
192 249 1.0
192 250 -1.0
192 251 1.0
192 252 1.0
192 255 1.0
192 256 1.0
192 257 1.0
192 259 1.0
192 265 -1.0
192 267 -1.0
192 269 1.0
192 270 1.0
192 271 1.0
192 272 1.0
192 273 1.0
192 274 1.0
192 276 1.0
192 277 1.0
192 279 1.0
192 281 1.0
192 288 1.0
192 647 1.0
192 331 1.0
192 346 1.0
192 352 1.0
192 371 -1.0
192 374 1.0
192 388 1.0
192 393 1.0
192 395 1.0
192 407 1.0
192 409 1.0
192 413 1.0
192 416 1.0
192 423 1.0
192 424 1.0
192 427 1.0
192 431 1.0
192 434 1.0
192 436 1.0
192 451 1.0
192 452 -1.0
192 453 1.0
192 458 -1.0
192 473 1.0
192 474 1.0
192 481 1.0
192 483 1.0
192 492 1.0
192 493 1.0
192 496 -1.0
192 500 1.0
192 504 1.0
192 507 1.0
193 517 1.0
193 519 -1.0
193 522 1.0
193 525 1.0
193 536 1.0
193 539 1.0
193 542 1.0
193 547 -1.0
193 553 1.0
193 555 1.0
193 557 1.0
193 563 1.0
193 617 1.0
193 587 -1.0
193 590 1.0
193 549 1.0
193 593 1.0
193 639 1.0
193 609 1.0
193 610 1.0
193 611 1.0
193 195 1.0
193 197 1.0
193 199 1.0
193 200 1.0
193 202 1.0
193 206 1.0
193 208 1.0
193 210 1.0
193 211 1.0
193 215 1.0
193 216 1.0
193 217 1.0
193 218 1.0
193 220 1.0
193 222 1.0
193 223 1.0
193 224 -1.0
193 225 1.0
193 228 -1.0
193 229 1.0
193 230 1.0
193 232 1.0
193 233 1.0
193 235 1.0
193 240 1.0
193 241 1.0
193 242 1.0
193 246 1.0
193 247 1.0
193 250 1.0
193 252 1.0
193 256 1.0
193 257 1.0
193 261 1.0
193 263 1.0
193 266 1.0
193 268 1.0
193 269 1.0
193 273 1.0
193 274 1.0
193 275 1.0
193 276 1.0
193 277 1.0
193 281 1.0
193 283 1.0
193 289 1.0
193 290 1.0
193 293 1.0
193 620 1.0
193 306 1.0
193 313 1.0
193 330 1.0
193 333 1.0
193 619 1.0
193 344 1.0
193 348 1.0
193 349 1.0
193 350 1.0
193 524 1.0
193 574 1.0
193 377 1.0
193 385 1.0
193 386 1.0
193 399 1.0
193 404 1.0
193 406 -1.0
193 407 1.0
193 420 1.0
193 422 1.0
193 424 1.0
193 305 1.0
193 433 1.0
193 436 1.0
193 437 1.0
193 439 1.0
193 446 1.0
193 447 -1.0
193 454 -1.0
193 456 1.0
193 465 1.0
193 466 1.0
193 591 1.0
193 479 1.0
193 483 1.0
193 489 1.0
193 492 1.0
193 510 1.0
193 512 1.0
194 514 1.0
194 515 1.0
194 516 1.0
194 517 1.0
194 519 1.0
194 533 1.0
194 548 1.0
194 549 1.0
194 605 1.0
194 556 1.0
194 559 1.0
194 565 1.0
194 567 1.0
194 571 1.0
194 572 -1.0
194 579 1.0
194 584 1.0
194 587 1.0
194 604 1.0
194 606 1.0
194 611 1.0
194 635 -1.0
194 616 1.0
194 618 1.0
194 628 -1.0
194 640 1.0
194 629 1.0
194 545 1.0
194 196 1.0
194 197 1.0
194 199 -1.0
194 200 1.0
194 201 1.0
194 202 1.0
194 203 1.0
194 632 1.0
194 206 1.0
194 207 1.0
194 208 1.0
194 210 1.0
194 212 -1.0
194 213 1.0
194 217 1.0
194 218 1.0
194 219 1.0
194 221 1.0
194 224 1.0
194 227 1.0
194 228 1.0
194 229 1.0
194 230 -1.0
194 235 -1.0
194 237 1.0
194 638 1.0
194 242 1.0
194 243 1.0
194 246 1.0
194 248 -1.0
194 249 1.0
194 251 1.0
194 252 1.0
194 253 1.0
194 255 1.0
194 256 1.0
194 258 -1.0
194 260 1.0
194 261 1.0
194 262 1.0
194 263 1.0
194 265 1.0
194 268 1.0
194 269 1.0
194 271 1.0
194 272 -1.0
194 281 -1.0
194 285 1.0
194 309 1.0
194 642 1.0
194 316 1.0
194 317 1.0
194 329 1.0
194 331 1.0
194 334 1.0
194 313 1.0
194 344 1.0
194 349 1.0
194 354 1.0
194 355 1.0
194 368 1.0
194 644 -1.0
194 376 -1.0
194 377 1.0
194 379 1.0
194 381 1.0
194 382 1.0
194 387 1.0
194 388 1.0
194 394 1.0
194 398 1.0
194 399 1.0
194 400 1.0
194 407 1.0
194 582 1.0
194 418 1.0
194 423 1.0
194 436 -1.0
194 441 -1.0
194 444 1.0
194 455 1.0
194 458 1.0
194 630 1.0
194 466 1.0
194 204 1.0
194 474 1.0
194 477 1.0
194 480 1.0
194 491 1.0
194 492 1.0
194 505 1.0
194 506 1.0
194 507 1.0
194 511 1.0
195 514 1.0
195 528 -1.0
195 549 -1.0
195 557 1.0
195 558 1.0
195 567 1.0
195 575 -1.0
195 576 1.0
195 583 1.0
195 634 1.0
195 586 1.0
195 588 -1.0
195 591 1.0
195 605 1.0
195 621 1.0
195 198 1.0
195 200 1.0
195 203 1.0
195 205 1.0
195 206 1.0
195 209 -1.0
195 211 1.0
195 213 1.0
195 214 1.0
195 216 1.0
195 218 1.0
195 223 1.0
195 224 1.0
195 225 1.0
195 229 1.0
195 230 1.0
195 231 1.0
195 232 1.0
195 233 1.0
195 234 1.0
195 235 1.0
195 237 1.0
195 241 1.0
195 243 1.0
195 244 -1.0
195 246 -1.0
195 247 1.0
195 248 1.0
195 249 1.0
195 250 1.0
195 252 -1.0
195 256 1.0
195 258 1.0
195 259 1.0
195 261 1.0
195 262 1.0
195 264 1.0
195 267 1.0
195 268 1.0
195 273 1.0
195 275 1.0
195 277 1.0
195 279 1.0
195 641 -1.0
195 624 1.0
195 646 1.0
195 289 -1.0
195 303 1.0
195 304 1.0
195 307 1.0
195 312 1.0
195 313 -1.0
195 315 1.0
195 317 1.0
195 333 1.0
195 335 1.0
195 346 1.0
195 352 1.0
195 354 1.0
195 363 1.0
195 365 1.0
195 368 1.0
195 375 1.0
195 380 1.0
195 382 1.0
195 392 1.0
195 393 1.0
195 398 1.0
195 645 1.0
195 419 1.0
195 422 1.0
195 423 1.0
195 425 1.0
195 426 1.0
195 436 1.0
195 447 1.0
195 449 -1.0
195 450 1.0
195 453 1.0
195 454 1.0
195 459 1.0
195 466 1.0
195 473 1.0
195 475 1.0
195 479 1.0
195 482 1.0
195 488 1.0
195 490 1.0
195 491 1.0
195 496 1.0
195 499 -1.0
195 510 1.0
196 517 1.0
196 524 1.0
196 526 1.0
196 530 1.0
196 532 1.0
196 538 1.0
196 540 1.0
196 548 1.0
196 551 1.0
196 561 1.0
196 569 1.0
196 615 1.0
196 580 1.0
196 585 1.0
196 594 1.0
196 595 1.0
196 598 1.0
196 599 1.0
196 602 1.0
196 608 1.0
196 609 -1.0
196 635 1.0
196 202 1.0
196 204 1.0
196 206 1.0
196 208 1.0
196 209 1.0
196 212 1.0
196 213 1.0
196 214 1.0
196 634 1.0
196 217 1.0
196 218 1.0
196 219 1.0
196 220 1.0
196 221 1.0
196 228 1.0
196 229 1.0
196 231 1.0
196 233 1.0
196 234 1.0
196 236 1.0
196 238 1.0
196 239 1.0
196 240 1.0
196 246 -1.0
196 247 1.0
196 251 1.0
196 252 1.0
196 254 1.0
196 255 1.0
196 257 1.0
196 260 -1.0
196 262 1.0
196 265 -1.0
196 266 1.0
196 268 1.0
196 269 1.0
196 270 1.0
196 272 1.0
196 275 1.0
196 276 1.0
196 278 -1.0
196 279 1.0
196 280 1.0
196 282 1.0
196 283 1.0
196 284 1.0
196 287 1.0
196 290 1.0
196 297 1.0
196 303 1.0
196 311 1.0
196 312 1.0
196 642 1.0
196 321 1.0
196 322 1.0
196 326 1.0
196 330 1.0
196 334 1.0
196 336 1.0
196 343 1.0
196 344 -1.0
196 348 1.0
196 361 1.0
196 367 1.0
196 372 1.0
196 374 -1.0
196 559 1.0
196 389 1.0
196 394 1.0
196 395 1.0
196 398 1.0
196 399 -1.0
196 400 1.0
196 404 1.0
196 408 1.0
196 409 -1.0
196 410 1.0
196 414 1.0
196 415 -1.0
196 623 1.0
196 434 1.0
196 435 1.0
196 438 1.0
196 441 1.0
196 448 1.0
196 450 1.0
196 466 1.0
196 471 1.0
196 476 1.0
196 478 1.0
196 480 1.0
196 485 1.0
196 496 1.0
196 497 1.0
196 500 1.0
196 501 1.0
196 504 1.0
196 509 1.0
197 513 1.0
197 514 1.0
197 539 1.0
197 541 1.0
197 542 1.0
197 546 1.0
197 552 1.0
197 557 -1.0
197 559 1.0
197 563 1.0
197 565 1.0
197 571 1.0
197 579 -1.0
197 584 1.0
197 587 1.0
197 588 1.0
197 595 1.0
197 600 1.0
197 622 1.0
197 618 -1.0
197 198 1.0
197 200 1.0
197 201 -1.0
197 632 1.0
197 205 1.0
197 208 -1.0
197 211 1.0
197 212 -1.0
197 214 1.0
197 215 1.0
197 218 1.0
197 220 1.0
197 221 1.0
197 222 -1.0
197 225 1.0
197 226 1.0
197 229 1.0
197 295 1.0
197 233 1.0
197 234 1.0
197 238 -1.0
197 239 1.0
197 240 1.0
197 241 1.0
197 243 1.0
197 245 1.0
197 248 1.0
197 249 1.0
197 254 1.0
197 255 1.0
197 256 1.0
197 257 1.0
197 258 1.0
197 260 1.0
197 261 1.0
197 262 1.0
197 264 1.0
197 267 1.0
197 274 1.0
197 275 1.0
197 276 1.0
197 277 1.0
197 280 1.0
197 281 -1.0
197 283 1.0
197 284 1.0
197 290 1.0
197 293 1.0
197 647 1.0
197 637 1.0
197 296 1.0
197 300 1.0
197 302 1.0
197 303 1.0
197 307 1.0
197 310 1.0
197 311 1.0
197 312 1.0
197 317 1.0
197 321 1.0
197 322 1.0
197 452 1.0
197 327 1.0
197 328 1.0
197 329 1.0
197 336 1.0
197 339 1.0
197 340 1.0
197 643 1.0
197 360 -1.0
197 361 1.0
197 365 -1.0
197 371 1.0
197 378 1.0
197 381 1.0
197 384 1.0
197 394 1.0
197 395 1.0
197 403 1.0
197 628 -1.0
197 413 1.0
197 416 1.0
197 419 1.0
197 422 1.0
197 429 1.0
197 433 1.0
197 522 1.0
197 451 1.0
197 460 1.0
197 461 1.0
197 464 1.0
197 471 1.0
197 485 1.0
197 631 1.0
197 495 1.0
197 504 1.0
197 506 1.0
197 510 1.0
198 343 1.0
198 524 1.0
198 542 1.0
198 568 1.0
198 570 1.0
198 577 1.0
198 583 1.0
198 566 -1.0
198 591 1.0
198 597 -1.0
198 605 1.0
198 607 1.0
198 608 1.0
198 612 1.0
198 617 1.0
198 634 1.0
198 623 1.0
198 202 1.0
198 205 1.0
198 206 1.0
198 207 1.0
198 633 1.0
198 212 1.0
198 215 1.0
198 218 1.0
198 221 1.0
198 222 1.0
198 225 1.0
198 226 1.0
198 227 1.0
198 228 1.0
198 229 1.0
198 230 -1.0
198 231 1.0
198 233 1.0
198 234 1.0
198 235 1.0
198 236 1.0
198 237 1.0
198 242 -1.0
198 244 1.0
198 245 1.0
198 252 1.0
198 254 1.0
198 257 1.0
198 258 1.0
198 263 1.0
198 265 -1.0
198 267 1.0
198 268 -1.0
198 270 1.0
198 271 1.0
198 272 1.0
198 274 1.0
198 276 1.0
198 281 1.0
198 645 1.0
198 646 1.0
198 295 1.0
198 298 1.0
198 302 1.0
198 303 1.0
198 305 1.0
198 642 1.0
198 315 1.0
198 320 1.0
198 323 1.0
198 324 1.0
198 325 1.0
198 326 -1.0
198 336 -1.0
198 337 1.0
198 340 1.0
198 643 1.0
198 353 1.0
198 354 1.0
198 361 -1.0
198 362 1.0
198 363 1.0
198 367 1.0
198 644 -1.0
198 381 1.0
198 382 -1.0
198 385 1.0
198 386 1.0
198 391 1.0
198 392 1.0
198 401 -1.0
198 407 1.0
198 410 -1.0
198 412 -1.0
198 422 1.0
198 423 -1.0
198 433 1.0
198 441 1.0
198 449 1.0
198 451 1.0
198 459 -1.0
198 464 1.0
198 466 1.0
198 474 1.0
198 475 1.0
198 481 1.0
198 487 1.0
198 492 1.0
198 497 1.0
198 498 1.0
198 596 1.0
198 505 1.0
198 506 1.0
198 508 1.0
199 518 1.0
199 514 1.0
199 521 1.0
199 529 1.0
199 540 1.0
199 541 1.0
199 547 -1.0
199 343 1.0
199 576 1.0
199 587 1.0
199 596 1.0
199 599 -1.0
199 608 1.0
199 635 -1.0
199 445 1.0
199 201 1.0
199 202 1.0
199 203 1.0
199 206 1.0
199 208 1.0
199 209 1.0
199 210 -1.0
199 212 1.0
199 213 1.0
199 214 1.0
199 215 1.0
199 217 1.0
199 218 -1.0
199 220 1.0
199 222 1.0
199 224 1.0
199 225 1.0
199 226 1.0
199 229 -1.0
199 230 1.0
199 231 1.0
199 234 1.0
199 236 1.0
199 237 1.0
199 238 1.0
199 240 1.0
199 241 1.0
199 242 1.0
199 639 1.0
199 247 1.0
199 248 1.0
199 250 1.0
199 254 1.0
199 256 -1.0
199 259 1.0
199 261 1.0
199 262 -1.0
199 264 1.0
199 265 1.0
199 266 -1.0
199 268 1.0
199 269 1.0
199 271 1.0
199 273 -1.0
199 274 1.0
199 277 1.0
199 278 1.0
199 279 1.0
199 282 1.0
199 288 1.0
199 299 1.0
199 301 1.0
199 303 1.0
199 313 1.0
199 317 1.0
199 322 1.0
199 332 1.0
199 333 1.0
199 643 1.0
199 350 1.0
199 354 1.0
199 365 1.0
199 366 1.0
199 372 1.0
199 375 1.0
199 376 1.0
199 379 1.0
199 383 1.0
199 387 1.0
199 641 1.0
199 400 1.0
199 388 1.0
199 406 1.0
199 409 1.0
199 410 -1.0
199 419 -1.0
199 424 1.0
199 433 1.0
199 638 -1.0
199 451 1.0
199 452 1.0
199 453 1.0
199 455 1.0
199 463 1.0
199 465 1.0
199 466 1.0
199 474 1.0
199 476 1.0
199 479 1.0
199 481 1.0
199 493 1.0
199 498 1.0
199 499 1.0
199 500 -1.0
200 515 1.0
200 525 1.0
200 529 1.0
200 537 1.0
200 543 1.0
200 548 1.0
200 555 1.0
200 556 1.0
200 558 1.0
200 568 1.0
200 573 1.0
200 574 1.0
200 584 1.0
200 526 1.0
200 599 1.0
200 601 1.0
200 610 1.0
200 618 1.0
200 620 1.0
200 621 1.0
200 627 1.0
200 631 1.0
200 201 1.0
200 202 1.0
200 206 1.0
200 209 1.0
200 212 1.0
200 213 1.0
200 214 1.0
200 216 1.0
200 218 1.0
200 221 1.0
200 223 1.0
200 224 -1.0
200 225 1.0
200 226 1.0
200 227 1.0
200 232 1.0
200 237 1.0
200 238 1.0
200 239 1.0
200 241 1.0
200 243 1.0
200 248 1.0
200 253 1.0
200 254 1.0
200 257 1.0
200 258 1.0
200 260 1.0
200 261 1.0
200 263 1.0
200 266 -1.0
200 268 1.0
200 270 1.0
200 271 1.0
200 277 1.0
200 280 1.0
200 285 -1.0
200 286 1.0
200 296 1.0
200 299 1.0
200 649 1.0
200 308 1.0
200 322 1.0
200 523 1.0
200 326 1.0
200 327 1.0
200 335 1.0
200 339 1.0
200 341 1.0
200 345 -1.0
200 346 -1.0
200 352 1.0
200 356 1.0
200 360 -1.0
200 367 1.0
200 372 1.0
200 644 1.0
200 377 1.0
200 385 -1.0
200 390 1.0
200 396 1.0
200 397 1.0
200 398 -1.0
200 400 1.0
200 401 1.0
200 628 1.0
200 409 1.0
200 411 -1.0
200 425 1.0
200 427 1.0
200 435 1.0
200 441 1.0
200 442 1.0
200 455 1.0
200 456 1.0
200 458 -1.0
200 461 1.0
200 306 -1.0
200 463 1.0
200 470 1.0
200 474 -1.0
200 476 1.0
200 482 1.0
200 490 1.0
200 501 1.0
200 502 1.0
200 503 1.0
200 504 1.0
200 507 1.0
201 516 1.0
201 532 1.0
201 536 1.0
201 545 1.0
201 546 1.0
201 547 1.0
201 555 1.0
201 562 1.0
201 563 1.0
201 568 1.0
201 571 1.0
201 577 1.0
201 591 1.0
201 608 1.0
201 618 1.0
201 622 1.0
201 624 1.0
201 636 1.0
201 540 1.0
201 541 1.0
201 204 1.0
201 206 1.0
201 208 1.0
201 211 1.0
201 213 -1.0
201 214 1.0
201 215 1.0
201 216 1.0
201 218 1.0
201 224 1.0
201 225 1.0
201 226 1.0
201 229 -1.0
201 231 1.0
201 233 1.0
201 234 1.0
201 235 1.0
201 236 1.0
201 238 1.0
201 242 1.0
201 245 1.0
201 246 1.0
201 247 1.0
201 249 1.0
201 253 1.0
201 254 1.0
201 255 -1.0
201 256 1.0
201 257 1.0
201 259 1.0
201 263 1.0
201 264 1.0
201 265 -1.0
201 269 1.0
201 273 1.0
201 276 1.0
201 278 1.0
201 280 -1.0
201 281 1.0
201 282 -1.0
201 291 1.0
201 292 -1.0
201 293 1.0
201 298 -1.0
201 300 1.0
201 303 1.0
201 306 1.0
201 318 1.0
201 322 -1.0
201 332 1.0
201 643 -1.0
201 345 -1.0
201 348 1.0
201 352 1.0
201 354 1.0
201 357 1.0
201 374 1.0
201 385 1.0
201 641 1.0
201 389 1.0
201 390 1.0
201 393 1.0
201 396 1.0
201 398 1.0
201 401 1.0
201 411 1.0
201 415 1.0
201 418 1.0
201 421 1.0
201 430 1.0
201 433 -1.0
201 435 1.0
201 440 1.0
201 444 1.0
201 448 1.0
201 457 1.0
201 461 1.0
201 463 1.0
201 464 1.0
201 465 1.0
201 466 1.0
201 471 1.0
201 473 -1.0
201 479 -1.0
201 487 1.0
201 488 1.0
201 490 1.0
201 648 1.0
201 495 1.0
201 496 1.0
201 504 1.0
201 505 1.0
201 507 1.0
201 509 1.0
202 517 1.0
202 518 1.0
202 520 1.0
202 530 1.0
202 531 1.0
202 532 1.0
202 537 1.0
202 554 1.0
202 555 -1.0
202 559 1.0
202 562 1.0
202 607 1.0
202 567 -1.0
202 571 1.0
202 576 1.0
202 587 1.0
202 594 1.0
202 595 -1.0
202 599 1.0
202 613 1.0
202 620 1.0
202 565 -1.0
202 627 -1.0
202 204 1.0
202 205 1.0
202 206 1.0
202 208 1.0
202 210 1.0
202 211 1.0
202 212 -1.0
202 214 1.0
202 215 1.0
202 216 1.0
202 220 1.0
202 221 1.0
202 223 1.0
202 227 1.0
202 229 1.0
202 230 1.0
202 235 1.0
202 236 1.0
202 237 1.0
202 242 1.0
202 250 1.0
202 252 1.0
202 257 -1.0
202 259 1.0
202 262 1.0
202 264 1.0
202 266 1.0
202 271 -1.0
202 278 1.0
202 282 1.0
202 283 1.0
202 284 1.0
202 285 1.0
202 287 1.0
202 302 1.0
202 303 1.0
202 304 1.0
202 649 1.0
202 311 1.0
202 313 1.0
202 314 1.0
202 319 1.0
202 321 1.0
202 323 1.0
202 325 1.0
202 326 1.0
202 328 1.0
202 341 1.0
202 350 1.0
202 353 -1.0
202 357 1.0
202 367 -1.0
202 370 1.0
202 373 1.0
202 374 1.0
202 386 1.0
202 387 1.0
202 392 1.0
202 393 1.0
202 394 1.0
202 398 -1.0
202 399 1.0
202 420 1.0
202 421 -1.0
202 436 1.0
202 439 1.0
202 454 1.0
202 463 1.0
202 467 1.0
202 468 -1.0
202 470 1.0
202 476 -1.0
202 479 1.0
202 485 1.0
202 487 1.0
202 490 1.0
202 493 1.0
202 497 1.0
202 504 1.0
202 512 1.0
203 516 1.0
203 537 1.0
203 543 -1.0
203 549 1.0
203 554 -1.0
203 555 1.0
203 560 1.0
203 572 1.0
203 577 1.0
203 591 -1.0
203 598 1.0
203 601 1.0
203 612 1.0
203 618 1.0
203 622 1.0
203 626 1.0
203 637 1.0
203 629 1.0
203 205 1.0
203 206 1.0
203 207 1.0
203 208 1.0
203 209 1.0
203 210 1.0
203 212 1.0
203 216 1.0
203 217 1.0
203 218 1.0
203 219 1.0
203 225 1.0
203 226 1.0
203 227 1.0
203 230 -1.0
203 232 1.0
203 233 1.0
203 234 1.0
203 235 -1.0
203 236 1.0
203 237 1.0
203 238 -1.0
203 243 1.0
203 245 1.0
203 246 1.0
203 247 -1.0
203 249 1.0
203 253 1.0
203 255 1.0
203 258 1.0
203 259 1.0
203 260 1.0
203 261 1.0
203 264 1.0
203 266 1.0
203 267 1.0
203 268 1.0
203 269 1.0
203 270 1.0
203 273 1.0
203 278 -1.0
203 279 1.0
203 281 -1.0
203 285 -1.0
203 287 1.0
203 288 1.0
203 289 1.0
203 290 1.0
203 299 1.0
203 302 1.0
203 304 1.0
203 306 1.0
203 320 1.0
203 324 1.0
203 326 -1.0
203 330 1.0
203 332 1.0
203 342 1.0
203 345 1.0
203 350 1.0
203 351 1.0
203 358 1.0
203 361 1.0
203 368 1.0
203 370 1.0
203 644 -1.0
203 374 1.0
203 382 1.0
203 399 1.0
203 406 1.0
203 407 1.0
203 410 1.0
203 415 1.0
203 418 1.0
203 423 -1.0
203 429 1.0
203 430 1.0
203 434 1.0
203 435 1.0
203 437 1.0
203 439 1.0
203 450 1.0
203 451 1.0
203 461 1.0
203 468 1.0
203 470 1.0
203 474 1.0
203 477 1.0
203 478 1.0
203 479 1.0
203 482 1.0
203 493 1.0
203 495 1.0
203 499 1.0
203 501 1.0
203 507 1.0
204 515 1.0
204 521 1.0
204 600 1.0
204 525 1.0
204 533 1.0
204 537 1.0
204 538 1.0
204 539 1.0
204 540 1.0
204 545 1.0
204 551 1.0
204 560 1.0
204 575 1.0
204 581 1.0
204 588 1.0
204 590 -1.0
204 593 1.0
204 596 1.0
204 602 1.0
204 606 1.0
204 611 1.0
204 613 1.0
204 617 1.0
204 619 1.0
204 621 1.0
204 627 -1.0
204 640 1.0
204 209 1.0
204 210 1.0
204 213 1.0
204 214 1.0
204 217 -1.0
204 220 1.0
204 223 1.0
204 225 -1.0
204 227 1.0
204 228 1.0
204 229 1.0
204 231 1.0
204 232 1.0
204 233 1.0
204 236 1.0
204 238 1.0
204 240 1.0
204 243 1.0
204 245 1.0
204 247 1.0
204 248 1.0
204 251 1.0
204 252 1.0
204 253 1.0
204 256 1.0
204 258 1.0
204 259 1.0
204 263 1.0
204 266 1.0
204 270 1.0
204 273 1.0
204 274 1.0
204 275 1.0
204 277 -1.0
204 278 1.0
204 282 1.0
204 284 1.0
204 285 -1.0
204 286 1.0
204 287 1.0
204 288 1.0
204 290 1.0
204 291 1.0
204 297 1.0
204 298 -1.0
204 301 1.0
204 650 1.0
204 321 -1.0
204 323 1.0
204 328 1.0
204 331 1.0
204 334 1.0
204 643 1.0
204 347 1.0
204 351 1.0
204 364 1.0
204 368 1.0
204 369 1.0
204 373 1.0
204 388 1.0
204 394 1.0
204 408 1.0
204 412 1.0
204 415 1.0
204 431 1.0
204 440 1.0
204 452 1.0
204 454 1.0
204 458 -1.0
204 459 1.0
204 462 1.0
204 465 1.0
204 474 1.0
204 480 1.0
204 485 1.0
204 486 1.0
204 507 1.0
204 510 1.0
205 515 1.0
205 518 1.0
205 531 1.0
205 532 1.0
205 535 1.0
205 541 1.0
205 543 1.0
205 559 1.0
205 564 1.0
205 571 1.0
205 579 1.0
205 581 1.0
205 588 1.0
205 590 1.0
205 526 1.0
205 595 1.0
205 599 1.0
205 605 1.0
205 609 1.0
205 613 1.0
205 619 1.0
205 624 1.0
205 632 1.0
205 210 1.0
205 212 -1.0
205 216 1.0
205 218 1.0
205 220 1.0
205 225 1.0
205 226 1.0
205 229 1.0
205 234 1.0
205 236 1.0
205 237 1.0
205 238 1.0
205 239 1.0
205 240 1.0
205 241 1.0
205 242 1.0
205 243 1.0
205 245 1.0
205 247 1.0
205 251 1.0
205 256 1.0
205 257 1.0
205 258 1.0
205 259 1.0
205 260 1.0
205 261 1.0
205 262 1.0
205 263 1.0
205 270 1.0
205 271 1.0
205 272 1.0
205 276 1.0
205 277 1.0
205 278 1.0
205 279 1.0
205 281 1.0
205 283 -1.0
205 286 1.0
205 287 1.0
205 289 1.0
205 290 1.0
205 291 1.0
205 292 1.0
205 304 1.0
205 307 1.0
205 312 -1.0
205 321 1.0
205 323 1.0
205 324 1.0
205 329 1.0
205 569 1.0
205 340 1.0
205 343 -1.0
205 352 1.0
205 353 1.0
205 361 1.0
205 574 -1.0
205 386 1.0
205 393 1.0
205 395 1.0
205 403 1.0
205 406 1.0
205 409 1.0
205 412 1.0
205 424 1.0
205 646 -1.0
205 437 1.0
205 441 1.0
205 587 1.0
205 448 1.0
205 474 1.0
205 476 1.0
205 480 1.0
205 482 -1.0
205 486 1.0
205 631 1.0
205 496 -1.0
205 497 1.0
205 498 1.0
205 507 1.0
206 525 1.0
206 532 1.0
206 533 1.0
206 544 1.0
206 557 -1.0
206 564 1.0
206 567 1.0
206 569 1.0
206 570 1.0
206 574 1.0
206 584 1.0
206 603 1.0
206 607 -1.0
206 618 1.0
206 550 1.0
206 628 1.0
206 540 -1.0
206 632 1.0
206 208 1.0
206 210 1.0
206 211 1.0
206 212 1.0
206 213 1.0
206 215 1.0
206 216 1.0
206 217 1.0
206 220 1.0
206 222 1.0
206 223 1.0
206 224 -1.0
206 225 1.0
206 227 1.0
206 228 1.0
206 229 1.0
206 230 1.0
206 231 1.0
206 234 1.0
206 235 1.0
206 236 1.0
206 238 1.0
206 239 1.0
206 242 1.0
206 243 1.0
206 244 1.0
206 246 -1.0
206 247 1.0
206 249 1.0
206 251 1.0
206 256 1.0
206 257 1.0
206 258 1.0
206 259 1.0
206 266 1.0
206 269 1.0
206 270 1.0
206 272 1.0
206 275 1.0
206 276 1.0
206 277 1.0
206 279 1.0
206 280 1.0
206 281 1.0
206 283 1.0
206 284 1.0
206 286 1.0
206 291 1.0
206 293 1.0
206 304 -1.0
206 312 1.0
206 315 -1.0
206 322 1.0
206 341 1.0
206 609 -1.0
206 352 1.0
206 363 1.0
206 364 1.0
206 378 1.0
206 379 1.0
206 576 1.0
206 382 1.0
206 383 1.0
206 577 1.0
206 387 1.0
206 397 -1.0
206 405 1.0
206 409 1.0
206 411 1.0
206 412 1.0
206 417 1.0
206 418 1.0
206 420 1.0
206 421 1.0
206 429 1.0
206 432 1.0
206 438 1.0
206 445 1.0
206 472 1.0
206 592 -1.0
206 487 1.0
206 511 1.0
207 524 1.0
207 525 1.0
207 528 1.0
207 530 1.0
207 539 1.0
207 540 1.0
207 548 1.0
207 550 1.0
207 552 1.0
207 650 1.0
207 605 1.0
207 556 1.0
207 557 -1.0
207 563 1.0
207 565 1.0
207 566 1.0
207 567 1.0
207 579 1.0
207 588 1.0
207 589 1.0
207 591 1.0
207 592 1.0
207 595 1.0
207 606 1.0
207 611 1.0
207 635 1.0
207 534 -1.0
207 623 1.0
207 639 1.0
207 648 1.0
207 209 1.0
207 210 1.0
207 212 1.0
207 213 1.0
207 214 1.0
207 215 1.0
207 217 1.0
207 218 1.0
207 219 1.0
207 220 1.0
207 221 1.0
207 222 -1.0
207 223 1.0
207 224 1.0
207 226 1.0
207 227 1.0
207 228 -1.0
207 230 1.0
207 232 1.0
207 233 -1.0
207 238 1.0
207 239 1.0
207 240 1.0
207 242 1.0
207 244 1.0
207 245 1.0
207 247 1.0
207 248 1.0
207 249 1.0
207 250 1.0
207 251 1.0
207 252 1.0
207 253 1.0
207 254 1.0
207 257 1.0
207 258 1.0
207 260 1.0
207 262 1.0
207 263 1.0
207 264 1.0
207 265 -1.0
207 266 1.0
207 267 1.0
207 268 1.0
207 273 1.0
207 275 1.0
207 276 1.0
207 278 1.0
207 280 1.0
207 283 1.0
207 287 1.0
207 288 1.0
207 290 1.0
207 292 -1.0
207 301 1.0
207 312 1.0
207 320 1.0
207 322 1.0
207 327 1.0
207 328 1.0
207 336 1.0
207 339 1.0
207 349 1.0
207 350 -1.0
207 361 1.0
207 365 1.0
207 367 1.0
207 369 1.0
207 374 1.0
207 385 1.0
207 386 1.0
207 387 1.0
207 402 1.0
207 409 1.0
207 410 1.0
207 412 1.0
207 424 -1.0
207 426 1.0
207 432 1.0
207 433 1.0
207 435 1.0
207 452 1.0
207 455 1.0
207 463 -1.0
207 465 1.0
207 479 1.0
207 481 1.0
207 490 1.0
207 493 1.0
208 513 1.0
208 518 1.0
208 527 1.0
208 530 1.0
208 534 -1.0
208 541 1.0
208 633 -1.0
208 576 1.0
208 583 1.0
208 597 1.0
208 605 1.0
208 606 -1.0
208 607 1.0
208 613 1.0
208 615 -1.0
208 630 1.0
208 629 1.0
208 638 1.0
208 209 1.0
208 210 1.0
208 213 -1.0
208 214 1.0
208 215 1.0
208 216 1.0
208 219 1.0
208 222 1.0
208 227 -1.0
208 228 1.0
208 231 1.0
208 234 1.0
208 235 1.0
208 236 1.0
208 237 1.0
208 239 1.0
208 240 1.0
208 242 1.0
208 243 1.0
208 246 1.0
208 247 -1.0
208 251 1.0
208 252 1.0
208 253 1.0
208 258 1.0
208 259 1.0
208 260 1.0
208 261 1.0
208 262 1.0
208 264 1.0
208 265 1.0
208 266 -1.0
208 270 1.0
208 271 1.0
208 274 1.0
208 275 1.0
208 276 1.0
208 278 1.0
208 279 1.0
208 281 1.0
208 286 1.0
208 287 1.0
208 288 1.0
208 292 1.0
208 293 1.0
208 295 1.0
208 297 -1.0
208 648 1.0
208 308 1.0
208 309 1.0
208 642 1.0
208 325 1.0
208 332 1.0
208 338 1.0
208 343 1.0
208 349 -1.0
208 350 1.0
208 353 1.0
208 359 1.0
208 360 1.0
208 375 1.0
208 383 1.0
208 390 1.0
208 393 1.0
208 402 1.0
208 412 1.0
208 417 1.0
208 646 1.0
208 434 1.0
208 464 1.0
208 469 1.0
208 477 -1.0
208 482 1.0
208 506 1.0
208 507 1.0
208 508 1.0
208 510 1.0
209 527 1.0
209 528 1.0
209 530 1.0
209 540 1.0
209 551 1.0
209 556 1.0
209 566 1.0
209 567 1.0
209 570 1.0
209 583 1.0
209 591 1.0
209 639 1.0
209 597 1.0
209 600 1.0
209 603 1.0
209 272 -1.0
209 608 1.0
209 612 1.0
209 613 1.0
209 621 1.0
209 622 1.0
209 623 1.0
209 629 1.0
209 633 1.0
209 649 1.0
209 625 1.0
209 210 1.0
209 212 1.0
209 214 1.0
209 215 1.0
209 218 1.0
209 219 1.0
209 220 -1.0
209 222 1.0
209 223 1.0
209 224 1.0
209 232 1.0
209 234 1.0
209 235 1.0
209 236 1.0
209 240 1.0
209 242 1.0
209 246 1.0
209 247 1.0
209 249 -1.0
209 250 1.0
209 254 1.0
209 255 1.0
209 256 1.0
209 258 -1.0
209 260 1.0
209 262 1.0
209 264 1.0
209 265 1.0
209 267 1.0
209 268 1.0
209 270 1.0
209 271 1.0
209 558 1.0
209 277 1.0
209 278 -1.0
209 281 1.0
209 282 1.0
209 283 1.0
209 287 1.0
209 288 1.0
209 291 1.0
209 296 -1.0
209 563 1.0
209 315 1.0
209 319 1.0
209 322 1.0
209 323 1.0
209 330 1.0
209 332 1.0
209 336 1.0
209 342 1.0
209 359 1.0
209 365 1.0
209 370 1.0
209 371 1.0
209 379 1.0
209 388 1.0
209 395 1.0
209 398 1.0
209 494 1.0
209 403 1.0
209 405 1.0
209 407 1.0
209 408 1.0
209 414 -1.0
209 416 1.0
209 421 1.0
209 422 1.0
209 428 1.0
209 646 -1.0
209 450 1.0
209 455 1.0
209 458 1.0
209 463 1.0
209 562 1.0
209 476 1.0
209 481 1.0
209 488 1.0
209 595 1.0
209 495 1.0
209 505 1.0
210 513 1.0
210 516 1.0
210 518 -1.0
210 520 -1.0
210 522 1.0
210 524 1.0
210 526 1.0
210 529 1.0
210 541 1.0
210 544 1.0
210 557 1.0
210 563 1.0
210 564 1.0
210 579 1.0
210 588 1.0
210 589 1.0
210 596 1.0
210 629 1.0
210 620 -1.0
210 536 1.0
210 211 1.0
210 212 1.0
210 213 1.0
210 214 1.0
210 215 1.0
210 216 -1.0
210 219 1.0
210 221 -1.0
210 224 1.0
210 226 -1.0
210 227 1.0
210 228 1.0
210 229 1.0
210 230 1.0
210 231 -1.0
210 232 1.0
210 234 1.0
210 236 1.0
210 237 1.0
210 238 1.0
210 239 1.0
210 242 1.0
210 243 1.0
210 244 1.0
210 246 1.0
210 247 -1.0
210 248 1.0
210 250 1.0
210 252 1.0
210 254 1.0
210 255 1.0
210 256 1.0
210 257 1.0
210 259 1.0
210 263 1.0
210 265 1.0
210 266 1.0
210 268 -1.0
210 269 -1.0
210 270 1.0
210 273 1.0
210 274 1.0
210 275 1.0
210 276 1.0
210 277 1.0
210 278 1.0
210 279 1.0
210 281 -1.0
210 282 1.0
210 283 1.0
210 285 1.0
210 292 1.0
210 293 1.0
210 294 1.0
210 296 1.0
210 297 1.0
210 303 1.0
210 309 1.0
210 650 1.0
210 324 1.0
210 328 1.0
210 331 1.0
210 338 1.0
210 348 1.0
210 349 1.0
210 353 1.0
210 357 1.0
210 383 1.0
210 384 1.0
210 393 1.0
210 410 1.0
210 411 1.0
210 423 1.0
210 427 1.0
210 438 1.0
210 439 1.0
210 440 1.0
210 638 -1.0
210 446 1.0
210 448 1.0
210 453 -1.0
210 462 1.0
210 647 1.0
210 465 -1.0
210 468 1.0
210 471 1.0
210 473 1.0
210 488 1.0
210 498 1.0
210 500 1.0
210 502 1.0
210 505 1.0
211 513 1.0
211 516 1.0
211 520 1.0
211 524 1.0
211 531 1.0
211 532 1.0
211 534 1.0
211 539 1.0
211 540 1.0
211 603 1.0
211 543 1.0
211 561 -1.0
211 566 1.0
211 568 1.0
211 574 1.0
211 578 1.0
211 584 1.0
211 594 1.0
211 604 1.0
211 611 1.0
211 613 1.0
211 633 1.0
211 635 1.0
211 213 1.0
211 216 -1.0
211 217 1.0
211 218 1.0
211 219 1.0
211 220 1.0
211 222 1.0
211 223 1.0
211 224 1.0
211 225 1.0
211 226 1.0
211 227 1.0
211 636 1.0
211 230 1.0
211 231 1.0
211 233 1.0
211 234 1.0
211 235 1.0
211 236 1.0
211 237 1.0
211 238 1.0
211 240 1.0
211 241 1.0
211 242 1.0
211 243 1.0
211 244 1.0
211 245 1.0
211 246 -1.0
211 247 1.0
211 248 1.0
211 249 1.0
211 251 1.0
211 256 1.0
211 258 1.0
211 259 1.0
211 260 1.0
211 265 -1.0
211 267 1.0
211 268 1.0
211 271 1.0
211 273 1.0
211 274 1.0
211 278 1.0
211 282 1.0
211 286 1.0
211 287 1.0
211 288 1.0
211 292 1.0
211 293 -1.0
211 294 1.0
211 296 1.0
211 648 1.0
211 301 1.0
211 649 1.0
211 309 -1.0
211 313 1.0
211 323 1.0
211 326 1.0
211 333 -1.0
211 341 1.0
211 347 1.0
211 349 1.0
211 368 1.0
211 385 1.0
211 641 1.0
211 391 1.0
211 399 1.0
211 404 1.0
211 422 1.0
211 426 1.0
211 432 1.0
211 441 1.0
211 442 1.0
211 444 1.0
211 446 1.0
211 447 1.0
211 448 1.0
211 453 1.0
211 475 1.0
211 481 -1.0
211 482 1.0
211 486 1.0
211 497 1.0
211 508 1.0
212 518 1.0
212 526 1.0
212 528 1.0
212 530 1.0
212 534 1.0
212 545 1.0
212 553 1.0
212 560 1.0
212 562 1.0
212 565 1.0
212 576 1.0
212 592 1.0
212 600 1.0
212 603 -1.0
212 609 1.0
212 610 1.0
212 632 1.0
212 633 1.0
212 397 -1.0
212 638 1.0
212 216 1.0
212 218 1.0
212 221 1.0
212 222 1.0
212 223 -1.0
212 225 1.0
212 226 1.0
212 227 1.0
212 228 1.0
212 231 1.0
212 552 1.0
212 237 1.0
212 239 1.0
212 241 1.0
212 242 1.0
212 623 1.0
212 244 1.0
212 245 1.0
212 249 -1.0
212 250 1.0
212 251 1.0
212 253 1.0
212 256 1.0
212 257 1.0
212 260 1.0
212 261 1.0
212 262 -1.0
212 264 1.0
212 265 1.0
212 266 1.0
212 267 1.0
212 272 1.0
212 274 1.0
212 275 1.0
212 276 1.0
212 278 -1.0
212 279 1.0
212 284 -1.0
212 288 1.0
212 289 1.0
212 290 1.0
212 293 1.0
212 294 1.0
212 296 -1.0
212 298 1.0
212 299 1.0
212 642 1.0
212 318 1.0
212 321 -1.0
212 323 1.0
212 324 1.0
212 326 1.0
212 330 1.0
212 337 1.0
212 338 1.0
212 643 -1.0
212 350 1.0
212 355 1.0
212 360 1.0
212 370 1.0
212 386 1.0
212 389 1.0
212 390 1.0
212 394 1.0
212 395 1.0
212 398 1.0
212 409 1.0
212 415 1.0
212 417 1.0
212 419 1.0
212 430 1.0
212 646 1.0
212 437 1.0
212 439 1.0
212 440 1.0
212 441 1.0
212 444 1.0
212 448 1.0
212 451 1.0
212 459 1.0
212 464 1.0
212 467 1.0
212 477 1.0
212 478 1.0
212 483 1.0
212 485 1.0
212 491 1.0
212 493 1.0
212 495 1.0
212 546 -1.0
212 504 -1.0
213 517 -1.0
213 525 1.0
213 527 1.0
213 529 -1.0
213 531 1.0
213 537 1.0
213 542 1.0
213 544 -1.0
213 548 1.0
213 555 -1.0
213 558 1.0
213 559 1.0
213 574 1.0
213 576 1.0
213 578 1.0
213 580 1.0
213 601 1.0
213 602 1.0
213 603 1.0
213 604 1.0
213 612 1.0
213 616 1.0
213 618 1.0
213 622 1.0
213 624 1.0
213 633 1.0
213 637 1.0
213 218 1.0
213 221 1.0
213 222 1.0
213 223 1.0
213 224 -1.0
213 225 1.0
213 227 1.0
213 228 1.0
213 230 1.0
213 231 -1.0
213 232 1.0
213 233 1.0
213 236 1.0
213 237 1.0
213 238 1.0
213 239 1.0
213 241 1.0
213 244 -1.0
213 245 1.0
213 246 1.0
213 249 1.0
213 250 1.0
213 251 1.0
213 252 -1.0
213 255 -1.0
213 257 1.0
213 258 1.0
213 260 1.0
213 262 1.0
213 264 1.0
213 266 1.0
213 269 1.0
213 274 1.0
213 278 1.0
213 279 1.0
213 280 1.0
213 283 -1.0
213 284 1.0
213 285 1.0
213 288 1.0
213 290 1.0
213 291 -1.0
213 292 1.0
213 294 1.0
213 296 1.0
213 300 1.0
213 304 1.0
213 564 1.0
213 309 1.0
213 338 -1.0
213 340 1.0
213 341 1.0
213 346 1.0
213 363 1.0
213 369 -1.0
213 644 1.0
213 393 1.0
213 645 1.0
213 406 -1.0
213 413 1.0
213 414 1.0
213 428 1.0
213 431 1.0
213 437 1.0
213 438 1.0
213 440 1.0
213 446 1.0
213 457 1.0
213 459 1.0
213 462 1.0
213 647 1.0
213 471 1.0
213 478 1.0
213 489 1.0
213 504 1.0
213 510 1.0
214 519 1.0
214 520 1.0
214 525 -1.0
214 529 1.0
214 531 1.0
214 533 1.0
214 538 1.0
214 540 1.0
214 561 1.0
214 569 1.0
214 570 1.0
214 574 1.0
214 634 1.0
214 585 1.0
214 639 1.0
214 620 1.0
214 621 1.0
214 629 1.0
214 216 1.0
214 218 1.0
214 221 1.0
214 222 -1.0
214 223 1.0
214 224 1.0
214 225 1.0
214 226 1.0
214 228 1.0
214 229 1.0
214 231 1.0
214 233 1.0
214 236 1.0
214 238 1.0
214 240 1.0
214 241 1.0
214 243 1.0
214 247 1.0
214 250 1.0
214 253 1.0
214 254 1.0
214 255 1.0
214 256 1.0
214 258 1.0
214 261 1.0
214 262 1.0
214 263 1.0
214 266 1.0
214 267 1.0
214 273 -1.0
214 274 -1.0
214 275 1.0
214 282 -1.0
214 284 1.0
214 289 1.0
214 291 1.0
214 292 1.0
214 294 1.0
214 295 1.0
214 296 1.0
214 297 1.0
214 301 1.0
214 308 1.0
214 310 1.0
214 313 1.0
214 314 1.0
214 317 1.0
214 318 1.0
214 324 1.0
214 325 1.0
214 326 1.0
214 336 1.0
214 344 1.0
214 345 1.0
214 350 -1.0
214 355 1.0
214 360 -1.0
214 366 1.0
214 368 1.0
214 369 1.0
214 374 1.0
214 375 1.0
214 378 1.0
214 386 1.0
214 388 1.0
214 401 1.0
214 404 1.0
214 582 1.0
214 419 1.0
214 416 1.0
214 445 1.0
214 449 1.0
214 455 1.0
214 458 1.0
214 461 1.0
214 471 1.0
214 477 1.0
214 481 1.0
214 482 1.0
214 484 1.0
214 492 1.0
214 497 1.0
215 514 1.0
215 515 1.0
215 535 1.0
215 539 1.0
215 550 1.0
215 555 1.0
215 565 1.0
215 523 1.0
215 577 1.0
215 578 1.0
215 588 1.0
215 597 1.0
215 599 -1.0
215 615 1.0
215 617 1.0
215 620 -1.0
215 621 1.0
215 629 1.0
215 631 1.0
215 635 1.0
215 553 1.0
215 216 1.0
215 218 1.0
215 219 1.0
215 220 1.0
215 222 1.0
215 226 1.0
215 227 1.0
215 228 1.0
215 230 1.0
215 231 1.0
215 640 1.0
215 234 1.0
215 235 1.0
215 237 1.0
215 239 1.0
215 242 1.0
215 243 -1.0
215 244 1.0
215 246 1.0
215 248 1.0
215 253 1.0
215 254 1.0
215 256 1.0
215 257 1.0
215 258 1.0
215 260 1.0
215 261 1.0
215 262 1.0
215 263 1.0
215 266 1.0
215 270 1.0
215 272 1.0
215 273 1.0
215 274 1.0
215 275 1.0
215 277 -1.0
215 278 1.0
215 279 1.0
215 281 1.0
215 286 1.0
215 288 1.0
215 289 1.0
215 290 1.0
215 293 1.0
215 295 1.0
215 300 1.0
215 301 1.0
215 306 1.0
215 316 -1.0
215 233 1.0
215 320 1.0
215 323 1.0
215 332 1.0
215 337 1.0
215 357 1.0
215 363 1.0
215 364 1.0
215 370 1.0
215 371 -1.0
215 377 1.0
215 386 -1.0
215 403 1.0
215 404 1.0
215 419 1.0
215 426 1.0
215 427 -1.0
215 430 -1.0
215 432 -1.0
215 433 -1.0
215 437 1.0
215 444 1.0
215 450 1.0
215 453 -1.0
215 456 1.0
215 647 1.0
215 465 -1.0
215 469 1.0
215 471 1.0
215 478 1.0
215 483 1.0
215 484 1.0
215 489 -1.0
215 490 1.0
215 491 1.0
215 495 1.0
215 496 1.0
215 497 1.0
215 506 1.0
215 509 1.0
216 521 1.0
216 527 1.0
216 531 1.0
216 532 1.0
216 535 1.0
216 538 1.0
216 548 1.0
216 556 1.0
216 563 1.0
216 569 -1.0
216 573 1.0
216 581 1.0
216 585 1.0
216 525 1.0
216 587 1.0
216 597 1.0
216 600 1.0
216 615 1.0
216 584 1.0
216 620 1.0
216 640 -1.0
216 623 1.0
216 217 1.0
216 218 1.0
216 219 1.0
216 225 1.0
216 230 1.0
216 231 1.0
216 232 1.0
216 233 1.0
216 235 1.0
216 238 -1.0
216 242 1.0
216 243 1.0
216 244 1.0
216 246 1.0
216 248 1.0
216 249 1.0
216 250 1.0
216 252 1.0
216 253 1.0
216 254 1.0
216 255 1.0
216 257 1.0
216 261 1.0
216 263 1.0
216 264 1.0
216 266 1.0
216 270 -1.0
216 271 1.0
216 272 1.0
216 273 1.0
216 275 1.0
216 278 1.0
216 283 1.0
216 285 1.0
216 286 1.0
216 288 1.0
216 291 -1.0
216 292 1.0
216 294 1.0
216 296 1.0
216 297 -1.0
216 299 1.0
216 300 1.0
216 301 1.0
216 304 1.0
216 649 1.0
216 311 1.0
216 650 1.0
216 324 1.0
216 330 1.0
216 337 1.0
216 341 1.0
216 349 1.0
216 369 1.0
216 382 1.0
216 394 1.0
216 405 1.0
216 409 1.0
216 417 1.0
216 423 1.0
216 425 1.0
216 428 1.0
216 434 1.0
216 435 1.0
216 446 1.0
216 450 -1.0
216 456 -1.0
216 460 -1.0
216 647 1.0
216 470 1.0
216 473 1.0
216 476 1.0
216 481 1.0
216 483 -1.0
216 502 1.0
216 504 1.0
216 509 1.0
217 527 1.0
217 528 1.0
217 533 1.0
217 540 1.0
217 545 1.0
217 549 1.0
217 551 1.0
217 566 1.0
217 580 1.0
217 584 1.0
217 588 1.0
217 598 -1.0
217 613 -1.0
217 614 1.0
217 628 1.0
217 633 -1.0
217 634 1.0
217 639 -1.0
217 218 1.0
217 221 1.0
217 225 1.0
217 226 1.0
217 228 1.0
217 229 1.0
217 231 1.0
217 232 1.0
217 233 1.0
217 234 1.0
217 235 1.0
217 236 1.0
217 237 1.0
217 238 1.0
217 239 1.0
217 240 1.0
217 241 1.0
217 243 1.0
217 244 1.0
217 247 1.0
217 248 1.0
217 249 1.0
217 250 1.0
217 252 1.0
217 253 1.0
217 255 1.0
217 257 -1.0
217 258 1.0
217 261 1.0
217 262 1.0
217 263 -1.0
217 642 1.0
217 265 1.0
217 270 1.0
217 271 1.0
217 273 1.0
217 276 1.0
217 277 1.0
217 284 -1.0
217 288 1.0
217 291 1.0
217 293 -1.0
217 298 1.0
217 301 1.0
217 302 1.0
217 303 1.0
217 649 1.0
217 307 1.0
217 312 1.0
217 313 1.0
217 314 1.0
217 318 1.0
217 326 1.0
217 330 1.0
217 335 1.0
217 340 1.0
217 643 1.0
217 348 1.0
217 349 1.0
217 353 1.0
217 354 1.0
217 357 1.0
217 361 1.0
217 364 1.0
217 365 1.0
217 371 1.0
217 372 1.0
217 377 1.0
217 380 1.0
217 382 1.0
217 391 1.0
217 394 1.0
217 395 1.0
217 396 1.0
217 409 1.0
217 410 1.0
217 411 1.0
217 412 1.0
217 413 -1.0
217 419 1.0
217 420 1.0
217 425 1.0
217 426 1.0
217 612 1.0
217 437 -1.0
217 440 1.0
217 448 -1.0
217 455 1.0
217 458 1.0
217 461 1.0
217 466 1.0
217 467 1.0
217 485 1.0
217 486 1.0
217 487 1.0
217 490 1.0
217 496 1.0
217 512 1.0
218 514 1.0
218 517 -1.0
218 529 1.0
218 534 1.0
218 543 1.0
218 551 1.0
218 557 1.0
218 521 1.0
218 563 1.0
218 564 1.0
218 577 1.0
218 591 1.0
218 597 1.0
218 601 1.0
218 625 1.0
218 219 1.0
218 221 -1.0
218 225 1.0
218 226 1.0
218 228 1.0
218 229 1.0
218 233 -1.0
218 237 1.0
218 238 1.0
218 239 1.0
218 241 1.0
218 242 1.0
218 244 1.0
218 245 1.0
218 246 1.0
218 248 1.0
218 249 1.0
218 250 1.0
218 251 1.0
218 253 -1.0
218 254 1.0
218 258 1.0
218 259 1.0
218 260 1.0
218 264 1.0
218 267 1.0
218 273 1.0
218 275 1.0
218 279 1.0
218 280 1.0
218 281 1.0
218 282 1.0
218 285 1.0
218 286 1.0
218 288 1.0
218 289 1.0
218 290 1.0
218 291 1.0
218 296 1.0
218 299 1.0
218 300 1.0
218 301 -1.0
218 302 1.0
218 304 1.0
218 305 1.0
218 306 1.0
218 309 1.0
218 650 1.0
218 319 1.0
218 324 1.0
218 329 1.0
218 330 -1.0
218 351 1.0
218 359 -1.0
218 361 1.0
218 375 -1.0
218 379 1.0
218 384 1.0
218 385 -1.0
218 392 1.0
218 396 -1.0
218 645 1.0
218 418 1.0
218 425 1.0
218 431 -1.0
218 440 1.0
218 441 1.0
218 442 1.0
218 444 1.0
218 446 1.0
218 448 1.0
218 452 1.0
218 454 1.0
218 474 1.0
218 479 1.0
218 480 1.0
218 483 -1.0
218 487 1.0
218 648 1.0
218 504 1.0
219 516 1.0
219 344 1.0
219 528 1.0
219 545 1.0
219 547 1.0
219 550 -1.0
219 551 1.0
219 556 -1.0
219 566 -1.0
219 578 1.0
219 603 -1.0
219 610 1.0
219 611 1.0
219 616 1.0
219 631 1.0
219 638 1.0
219 642 1.0
219 222 1.0
219 225 1.0
219 226 1.0
219 229 1.0
219 231 1.0
219 232 1.0
219 233 1.0
219 237 1.0
219 238 1.0
219 240 1.0
219 244 1.0
219 245 1.0
219 246 1.0
219 247 1.0
219 248 1.0
219 252 1.0
219 256 1.0
219 257 -1.0
219 258 1.0
219 260 1.0
219 261 1.0
219 263 1.0
219 271 -1.0
219 273 1.0
219 275 1.0
219 277 1.0
219 280 -1.0
219 281 1.0
219 285 1.0
219 286 1.0
219 287 1.0
219 289 1.0
219 295 1.0
219 298 1.0
219 300 -1.0
219 301 1.0
219 302 1.0
219 303 1.0
219 305 1.0
219 306 1.0
219 315 1.0
219 316 1.0
219 327 1.0
219 337 1.0
219 341 1.0
219 626 1.0
219 346 1.0
219 349 1.0
219 352 1.0
219 355 1.0
219 362 1.0
219 363 1.0
219 364 1.0
219 370 -1.0
219 644 1.0
219 376 1.0
219 380 1.0
219 493 1.0
219 579 1.0
219 400 1.0
219 404 1.0
219 407 1.0
219 411 1.0
219 417 1.0
219 419 1.0
219 373 1.0
219 427 1.0
219 428 1.0
219 432 1.0
219 646 1.0
219 452 1.0
219 457 1.0
219 475 1.0
219 476 1.0
219 477 1.0
219 648 1.0
219 496 1.0
219 499 1.0
219 596 1.0
219 502 1.0
219 504 1.0
219 510 1.0
219 512 1.0
220 515 1.0
220 517 -1.0
220 521 1.0
220 522 1.0
220 529 1.0
220 534 1.0
220 537 1.0
220 543 1.0
220 548 -1.0
220 560 1.0
220 565 1.0
220 567 1.0
220 569 -1.0
220 582 1.0
220 584 1.0
220 585 1.0
220 592 1.0
220 593 1.0
220 598 1.0
220 602 1.0
220 603 1.0
220 607 1.0
220 608 1.0
220 611 1.0
220 616 1.0
220 618 -1.0
220 623 1.0
220 625 1.0
220 630 1.0
220 533 1.0
220 640 1.0
220 642 1.0
220 221 1.0
220 222 1.0
220 223 1.0
220 225 1.0
220 227 1.0
220 229 1.0
220 230 1.0
220 233 1.0
220 234 1.0
220 236 1.0
220 238 1.0
220 239 1.0
220 240 1.0
220 241 1.0
220 242 1.0
220 244 1.0
220 245 1.0
220 247 1.0
220 248 1.0
220 249 -1.0
220 253 1.0
220 254 1.0
220 255 1.0
220 256 1.0
220 257 1.0
220 258 1.0
220 259 1.0
220 262 1.0
220 264 1.0
220 265 1.0
220 266 1.0
220 267 1.0
220 269 -1.0
220 272 1.0
220 276 1.0
220 282 -1.0
220 293 1.0
220 294 -1.0
220 295 1.0
220 296 -1.0
220 300 1.0
220 305 1.0
220 307 1.0
220 313 1.0
220 315 1.0
220 316 1.0
220 322 1.0
220 323 1.0
220 328 1.0
220 332 1.0
220 352 1.0
220 362 -1.0
220 371 1.0
220 372 1.0
220 382 1.0
220 391 1.0
220 392 1.0
220 394 -1.0
220 398 1.0
220 404 1.0
220 406 1.0
220 410 1.0
220 411 1.0
220 413 1.0
220 419 1.0
220 421 1.0
220 424 1.0
220 437 1.0
220 444 -1.0
220 465 1.0
220 596 1.0
220 579 1.0
220 471 1.0
220 475 1.0
220 483 1.0
220 486 1.0
220 487 1.0
220 488 1.0
220 491 1.0
220 493 1.0
220 498 1.0
220 500 1.0
220 503 1.0
220 506 1.0
220 510 1.0
220 512 1.0
221 517 1.0
221 519 1.0
221 536 1.0
221 540 1.0
221 542 1.0
221 543 1.0
221 567 1.0
221 571 1.0
221 572 1.0
221 581 1.0
221 591 1.0
221 594 1.0
221 600 1.0
221 601 1.0
221 602 -1.0
221 606 1.0
221 607 1.0
221 609 1.0
221 615 1.0
221 620 1.0
221 626 1.0
221 628 1.0
221 629 1.0
221 632 1.0
221 638 1.0
221 640 1.0
221 645 1.0
221 222 1.0
221 225 1.0
221 226 -1.0
221 228 1.0
221 230 1.0
221 232 1.0
221 234 1.0
221 235 1.0
221 236 -1.0
221 238 1.0
221 240 1.0
221 241 1.0
221 242 -1.0
221 243 1.0
221 244 1.0
221 245 1.0
221 246 1.0
221 247 1.0
221 248 -1.0
221 253 1.0
221 254 1.0
221 259 1.0
221 260 1.0
221 261 1.0
221 265 -1.0
221 267 1.0
221 268 1.0
221 270 1.0
221 279 1.0
221 280 -1.0
221 282 1.0
221 283 1.0
221 284 1.0
221 287 1.0
221 289 -1.0
221 290 1.0
221 292 1.0
221 293 1.0
221 295 1.0
221 297 1.0
221 301 1.0
221 303 1.0
221 304 1.0
221 305 1.0
221 306 1.0
221 321 1.0
221 331 1.0
221 335 1.0
221 337 1.0
221 339 -1.0
221 340 1.0
221 349 1.0
221 353 -1.0
221 365 1.0
221 371 1.0
221 373 1.0
221 375 1.0
221 376 1.0
221 378 1.0
221 380 1.0
221 381 1.0
221 386 1.0
221 391 1.0
221 396 1.0
221 406 1.0
221 411 1.0
221 414 1.0
221 415 1.0
221 416 1.0
221 428 1.0
221 431 1.0
221 433 1.0
221 443 1.0
221 449 1.0
221 452 -1.0
221 465 1.0
221 475 -1.0
221 490 1.0
221 491 1.0
221 511 -1.0
221 512 1.0
222 527 1.0
222 529 1.0
222 530 1.0
222 537 1.0
222 547 1.0
222 548 1.0
222 551 1.0
222 554 1.0
222 558 1.0
222 569 -1.0
222 575 -1.0
222 586 1.0
222 595 1.0
222 601 1.0
222 605 1.0
222 614 1.0
222 615 1.0
222 616 1.0
222 618 -1.0
222 621 1.0
222 625 -1.0
222 628 1.0
222 619 1.0
222 223 1.0
222 226 1.0
222 228 1.0
222 230 1.0
222 235 1.0
222 236 1.0
222 237 1.0
222 242 1.0
222 244 -1.0
222 246 1.0
222 248 1.0
222 249 1.0
222 250 1.0
222 251 1.0
222 252 1.0
222 253 1.0
222 254 1.0
222 256 1.0
222 257 1.0
222 258 1.0
222 259 -1.0
222 260 1.0
222 261 1.0
222 262 1.0
222 266 1.0
222 267 1.0
222 269 1.0
222 271 1.0
222 275 1.0
222 276 1.0
222 278 1.0
222 279 1.0
222 280 1.0
222 283 1.0
222 284 1.0
222 286 1.0
222 287 1.0
222 290 1.0
222 291 -1.0
222 292 -1.0
222 294 1.0
222 297 1.0
222 299 -1.0
222 300 1.0
222 301 1.0
222 302 -1.0
222 303 1.0
222 304 -1.0
222 306 1.0
222 308 1.0
222 309 1.0
222 316 1.0
222 320 1.0
222 568 1.0
222 334 1.0
222 341 -1.0
222 342 1.0
222 345 1.0
222 349 1.0
222 356 1.0
222 359 -1.0
222 360 -1.0
222 374 -1.0
222 376 1.0
222 388 1.0
222 390 1.0
222 395 1.0
222 405 1.0
222 410 1.0
222 416 -1.0
222 418 1.0
222 428 1.0
222 449 1.0
222 451 1.0
222 458 1.0
222 471 1.0
222 478 1.0
222 490 1.0
222 502 1.0
222 506 1.0
222 509 1.0
222 512 -1.0
223 517 1.0
223 518 1.0
223 522 1.0
223 527 -1.0
223 528 1.0
223 533 1.0
223 534 1.0
223 539 1.0
223 549 1.0
223 553 1.0
223 561 1.0
223 562 1.0
223 564 -1.0
223 565 1.0
223 572 1.0
223 575 1.0
223 580 1.0
223 582 1.0
223 590 1.0
223 526 -1.0
223 593 1.0
223 600 1.0
223 605 1.0
223 606 1.0
223 607 1.0
223 609 1.0
223 620 1.0
223 550 1.0
223 638 1.0
223 621 1.0
223 224 1.0
223 225 1.0
223 226 1.0
223 227 1.0
223 228 1.0
223 231 1.0
223 232 -1.0
223 234 -1.0
223 236 1.0
223 237 1.0
223 239 1.0
223 241 -1.0
223 242 1.0
223 244 1.0
223 248 1.0
223 250 1.0
223 251 1.0
223 252 1.0
223 253 1.0
223 260 -1.0
223 265 1.0
223 267 1.0
223 268 1.0
223 272 1.0
223 274 1.0
223 275 1.0
223 276 1.0
223 278 1.0
223 280 1.0
223 291 1.0
223 296 1.0
223 299 1.0
223 300 1.0
223 304 1.0
223 307 1.0
223 309 -1.0
223 310 1.0
223 313 1.0
223 322 1.0
223 327 1.0
223 337 1.0
223 354 1.0
223 356 1.0
223 360 1.0
223 364 1.0
223 366 1.0
223 368 1.0
223 379 1.0
223 382 1.0
223 387 1.0
223 390 1.0
223 393 1.0
223 395 1.0
223 409 1.0
223 410 -1.0
223 424 -1.0
223 429 1.0
223 441 -1.0
223 443 1.0
223 447 1.0
223 456 1.0
223 459 1.0
223 466 1.0
223 475 -1.0
223 479 -1.0
223 489 1.0
223 491 1.0
223 492 1.0
223 497 1.0
223 502 1.0
223 506 1.0
224 518 -1.0
224 529 -1.0
224 533 1.0
224 536 1.0
224 544 1.0
224 558 1.0
224 567 1.0
224 569 -1.0
224 575 1.0
224 578 1.0
224 524 1.0
224 582 1.0
224 588 1.0
224 594 -1.0
224 605 1.0
224 607 -1.0
224 619 1.0
224 621 1.0
224 617 1.0
224 630 1.0
224 639 1.0
224 640 1.0
224 646 1.0
224 225 1.0
224 227 1.0
224 231 1.0
224 232 1.0
224 233 1.0
224 236 1.0
224 237 1.0
224 238 1.0
224 242 1.0
224 243 1.0
224 244 1.0
224 245 1.0
224 251 1.0
224 253 1.0
224 255 1.0
224 257 1.0
224 261 1.0
224 262 1.0
224 263 1.0
224 264 1.0
224 265 1.0
224 267 1.0
224 268 -1.0
224 269 1.0
224 273 1.0
224 274 1.0
224 275 1.0
224 276 1.0
224 277 1.0
224 278 1.0
224 279 -1.0
224 283 1.0
224 284 1.0
224 285 1.0
224 286 1.0
224 287 1.0
224 289 -1.0
224 291 1.0
224 293 1.0
224 297 1.0
224 301 1.0
224 303 -1.0
224 304 1.0
224 306 1.0
224 308 1.0
224 310 1.0
224 319 1.0
224 324 1.0
224 330 1.0
224 338 1.0
224 342 1.0
224 358 1.0
224 363 1.0
224 370 1.0
224 371 1.0
224 384 1.0
224 397 1.0
224 398 1.0
224 400 1.0
224 406 1.0
224 410 1.0
224 417 1.0
224 423 1.0
224 434 1.0
224 437 1.0
224 442 1.0
224 444 -1.0
224 451 1.0
224 452 1.0
224 461 1.0
224 463 1.0
224 466 1.0
224 467 1.0
224 468 1.0
224 474 1.0
224 477 1.0
224 498 1.0
224 510 1.0
225 513 1.0
225 517 -1.0
225 526 1.0
225 531 1.0
225 541 1.0
225 545 1.0
225 552 1.0
225 555 1.0
225 578 1.0
225 586 1.0
225 601 1.0
225 602 1.0
225 605 -1.0
225 611 1.0
225 634 -1.0
225 638 1.0
225 640 1.0
225 226 -1.0
225 227 1.0
225 228 1.0
225 229 1.0
225 232 1.0
225 235 1.0
225 237 1.0
225 239 1.0
225 240 1.0
225 241 1.0
225 247 1.0
225 252 1.0
225 255 1.0
225 256 1.0
225 257 1.0
225 259 -1.0
225 261 1.0
225 262 1.0
225 263 1.0
225 264 1.0
225 265 1.0
225 268 1.0
225 269 -1.0
225 270 1.0
225 271 -1.0
225 272 1.0
225 274 1.0
225 275 1.0
225 276 -1.0
225 280 1.0
225 283 1.0
225 284 -1.0
225 290 1.0
225 291 1.0
225 292 -1.0
225 293 1.0
225 306 1.0
225 308 1.0
225 309 -1.0
225 311 1.0
225 312 1.0
225 318 1.0
225 320 1.0
225 321 1.0
225 322 1.0
225 327 1.0
225 329 1.0
225 336 1.0
225 340 1.0
225 347 1.0
225 348 1.0
225 353 1.0
225 357 1.0
225 359 1.0
225 361 1.0
225 362 1.0
225 368 -1.0
225 375 1.0
225 389 1.0
225 394 1.0
225 397 1.0
225 406 1.0
225 433 1.0
225 434 1.0
225 435 1.0
225 436 1.0
225 439 1.0
225 443 1.0
225 446 1.0
225 455 1.0
225 459 1.0
225 460 -1.0
225 462 1.0
225 469 1.0
225 474 -1.0
225 477 1.0
225 491 1.0
225 500 1.0
225 504 1.0
225 506 1.0
226 531 1.0
226 533 1.0
226 534 1.0
226 540 1.0
226 541 1.0
226 542 1.0
226 561 -1.0
226 565 1.0
226 576 1.0
226 584 -1.0
226 593 1.0
226 598 1.0
226 599 1.0
226 606 1.0
226 611 -1.0
226 616 1.0
226 625 1.0
226 627 1.0
226 628 1.0
226 630 1.0
226 227 1.0
226 228 1.0
226 229 -1.0
226 230 1.0
226 232 1.0
226 233 -1.0
226 234 1.0
226 236 1.0
226 238 -1.0
226 239 1.0
226 241 1.0
226 244 1.0
226 250 1.0
226 253 -1.0
226 255 1.0
226 256 1.0
226 257 1.0
226 258 1.0
226 259 1.0
226 260 1.0
226 261 1.0
226 262 1.0
226 264 1.0
226 265 1.0
226 266 1.0
226 267 1.0
226 269 1.0
226 270 1.0
226 271 1.0
226 272 1.0
226 273 1.0
226 274 1.0
226 276 1.0
226 278 1.0
226 282 1.0
226 284 1.0
226 287 1.0
226 288 -1.0
226 291 1.0
226 294 1.0
226 295 1.0
226 296 1.0
226 300 1.0
226 303 1.0
226 304 1.0
226 305 1.0
226 307 1.0
226 309 1.0
226 311 1.0
226 313 1.0
226 314 1.0
226 315 -1.0
226 320 1.0
226 335 1.0
226 344 -1.0
226 348 1.0
226 349 -1.0
226 354 1.0
226 358 1.0
226 359 1.0
226 379 1.0
226 390 1.0
226 399 1.0
226 406 1.0
226 407 -1.0
226 419 1.0
226 431 1.0
226 434 1.0
226 438 1.0
226 441 1.0
226 445 1.0
226 446 1.0
226 469 1.0
226 473 1.0
226 488 1.0
226 491 1.0
226 502 1.0
227 519 1.0
227 520 1.0
227 540 1.0
227 550 1.0
227 561 1.0
227 564 1.0
227 571 1.0
227 578 1.0
227 580 1.0
227 583 1.0
227 588 1.0
227 594 1.0
227 613 -1.0
227 618 1.0
227 620 1.0
227 623 -1.0
227 627 1.0
227 632 1.0
227 646 1.0
227 648 1.0
227 650 1.0
227 228 1.0
227 230 1.0
227 231 1.0
227 232 1.0
227 233 1.0
227 234 1.0
227 236 1.0
227 238 1.0
227 239 1.0
227 240 1.0
227 242 1.0
227 243 1.0
227 244 1.0
227 246 1.0
227 247 1.0
227 248 1.0
227 249 1.0
227 253 1.0
227 254 1.0
227 256 1.0
227 261 1.0
227 273 -1.0
227 274 1.0
227 275 1.0
227 276 1.0
227 277 1.0
227 279 1.0
227 280 1.0
227 281 1.0
227 286 1.0
227 287 1.0
227 288 1.0
227 290 1.0
227 291 1.0
227 293 1.0
227 295 1.0
227 297 1.0
227 298 1.0
227 301 1.0
227 302 1.0
227 303 1.0
227 305 1.0
227 306 1.0
227 307 -1.0
227 308 1.0
227 309 1.0
227 310 1.0
227 326 1.0
227 328 1.0
227 333 1.0
227 339 1.0
227 341 1.0
227 343 1.0
227 349 1.0
227 354 1.0
227 356 1.0
227 362 1.0
227 367 1.0
227 374 1.0
227 375 1.0
227 380 1.0
227 388 1.0
227 404 1.0
227 413 1.0
227 421 1.0
227 429 1.0
227 441 1.0
227 443 1.0
227 456 1.0
227 463 1.0
227 466 1.0
227 468 1.0
227 469 1.0
227 471 1.0
227 478 1.0
227 491 1.0
227 498 1.0
227 499 1.0
227 504 1.0
228 521 1.0
228 522 1.0
228 523 1.0
228 526 1.0
228 530 1.0
228 531 1.0
228 532 1.0
228 547 1.0
228 554 1.0
228 561 1.0
228 568 1.0
228 570 1.0
228 588 1.0
228 590 -1.0
228 596 1.0
228 604 1.0
228 607 1.0
228 613 1.0
228 619 1.0
228 625 1.0
228 633 1.0
228 642 1.0
228 229 1.0
228 231 1.0
228 233 1.0
228 235 1.0
228 239 1.0
228 241 1.0
228 243 1.0
228 244 1.0
228 247 1.0
228 249 1.0
228 250 1.0
228 251 1.0
228 252 1.0
228 253 1.0
228 254 1.0
228 255 1.0
228 257 1.0
228 258 1.0
228 259 1.0
228 260 1.0
228 538 1.0
228 262 1.0
228 263 1.0
228 264 1.0
228 265 1.0
228 266 1.0
228 267 1.0
228 268 1.0
228 269 -1.0
228 270 1.0
228 271 1.0
228 276 1.0
228 277 1.0
228 278 -1.0
228 279 1.0
228 282 1.0
228 284 1.0
228 285 1.0
228 288 1.0
228 289 -1.0
228 290 1.0
228 300 1.0
228 306 1.0
228 308 -1.0
228 310 1.0
228 312 1.0
228 313 1.0
228 317 1.0
228 319 1.0
228 323 1.0
228 335 1.0
228 338 1.0
228 340 1.0
228 344 1.0
228 346 -1.0
228 348 1.0
228 354 1.0
228 573 1.0
228 363 1.0
228 365 1.0
228 375 1.0
228 377 1.0
228 388 1.0
228 389 1.0
228 397 1.0
228 409 -1.0
228 411 1.0
228 412 1.0
228 649 1.0
228 441 1.0
228 447 1.0
228 452 -1.0
228 478 1.0
228 485 1.0
228 495 1.0
228 496 -1.0
228 497 1.0
228 563 1.0
228 501 1.0
228 503 1.0
228 509 -1.0
229 527 1.0
229 530 -1.0
229 534 1.0
229 539 1.0
229 552 1.0
229 579 1.0
229 602 1.0
229 606 1.0
229 614 1.0
229 622 1.0
229 625 1.0
229 642 1.0
229 644 1.0
229 646 1.0
229 648 1.0
229 230 1.0
229 232 1.0
229 520 1.0
229 235 1.0
229 236 1.0
229 238 1.0
229 241 1.0
229 244 -1.0
229 245 1.0
229 554 -1.0
229 249 1.0
229 250 1.0
229 251 1.0
229 252 1.0
229 253 1.0
229 254 1.0
229 255 1.0
229 256 1.0
229 257 1.0
229 258 -1.0
229 259 1.0
229 260 1.0
229 262 1.0
229 263 1.0
229 266 -1.0
229 267 1.0
229 268 1.0
229 269 1.0
229 270 1.0
229 271 1.0
229 275 1.0
229 276 1.0
229 281 1.0
229 282 -1.0
229 284 1.0
229 285 1.0
229 286 1.0
229 288 1.0
229 291 1.0
229 294 1.0
229 296 1.0
229 299 1.0
229 301 1.0
229 302 1.0
229 303 1.0
229 304 1.0
229 306 -1.0
229 311 1.0
229 313 1.0
229 315 1.0
229 317 1.0
229 329 -1.0
229 338 1.0
229 343 1.0
229 347 1.0
229 350 1.0
229 351 1.0
229 356 1.0
229 366 1.0
229 367 1.0
229 368 1.0
229 372 1.0
229 375 1.0
229 377 1.0
229 395 1.0
229 402 1.0
229 407 1.0
229 416 1.0
229 421 1.0
229 424 1.0
229 427 1.0
229 430 1.0
229 436 1.0
229 450 1.0
229 469 -1.0
229 474 1.0
229 477 1.0
229 480 1.0
229 487 1.0
229 490 1.0
229 500 1.0
229 505 1.0
229 506 1.0
229 508 1.0
229 510 1.0
229 511 1.0
230 515 1.0
230 522 1.0
230 523 1.0
230 526 1.0
230 534 -1.0
230 537 -1.0
230 517 1.0
230 555 1.0
230 560 1.0
230 565 1.0
230 570 -1.0
230 572 1.0
230 584 -1.0
230 596 1.0
230 611 -1.0
230 612 1.0
230 616 1.0
230 618 1.0
230 638 1.0
230 647 1.0
230 233 1.0
230 234 1.0
230 235 1.0
230 236 1.0
230 237 1.0
230 238 1.0
230 239 -1.0
230 241 1.0
230 242 1.0
230 244 1.0
230 245 1.0
230 246 1.0
230 248 1.0
230 249 -1.0
230 251 1.0
230 257 1.0
230 260 1.0
230 261 -1.0
230 262 -1.0
230 263 1.0
230 265 1.0
230 268 1.0
230 269 1.0
230 270 1.0
230 272 1.0
230 273 1.0
230 276 -1.0
230 280 1.0
230 282 1.0
230 286 1.0
230 289 1.0
230 292 1.0
230 293 1.0
230 295 1.0
230 296 1.0
230 297 1.0
230 299 1.0
230 300 -1.0
230 301 1.0
230 302 1.0
230 304 1.0
230 305 1.0
230 306 1.0
230 307 1.0
230 309 1.0
230 312 1.0
230 317 1.0
230 318 1.0
230 320 1.0
230 321 -1.0
230 322 1.0
230 333 1.0
230 337 1.0
230 355 1.0
230 360 1.0
230 384 1.0
230 389 1.0
230 394 1.0
230 395 1.0
230 404 1.0
230 406 1.0
230 408 1.0
230 409 1.0
230 411 1.0
230 412 1.0
230 417 1.0
230 418 1.0
230 425 1.0
230 433 1.0
230 441 1.0
230 445 1.0
230 447 1.0
230 449 1.0
230 452 1.0
230 460 1.0
230 461 1.0
230 465 1.0
230 472 -1.0
230 491 1.0
231 513 1.0
231 519 1.0
231 522 1.0
231 531 1.0
231 537 1.0
231 541 1.0
231 544 1.0
231 546 1.0
231 558 1.0
231 566 -1.0
231 579 1.0
231 583 -1.0
231 584 1.0
231 590 1.0
231 593 1.0
231 595 -1.0
231 608 1.0
231 611 1.0
231 532 1.0
231 635 1.0
231 644 1.0
231 233 1.0
231 235 1.0
231 237 1.0
231 238 1.0
231 239 1.0
231 240 1.0
231 242 -1.0
231 244 1.0
231 246 1.0
231 248 1.0
231 249 1.0
231 250 -1.0
231 252 1.0
231 253 1.0
231 255 1.0
231 256 1.0
231 257 1.0
231 258 1.0
231 260 1.0
231 262 1.0
231 263 1.0
231 264 -1.0
231 265 1.0
231 266 1.0
231 267 1.0
231 268 1.0
231 270 1.0
231 271 1.0
231 273 1.0
231 276 1.0
231 278 1.0
231 280 1.0
231 285 1.0
231 286 1.0
231 287 1.0
231 289 1.0
231 290 1.0
231 293 -1.0
231 294 1.0
231 295 1.0
231 297 1.0
231 298 1.0
231 301 1.0
231 304 1.0
231 306 1.0
231 308 1.0
231 309 -1.0
231 310 1.0
231 315 1.0
231 316 -1.0
231 317 1.0
231 322 1.0
231 331 1.0
231 333 1.0
231 337 1.0
231 339 1.0
231 342 1.0
231 344 1.0
231 345 1.0
231 352 1.0
231 378 1.0
231 320 1.0
231 395 1.0
231 402 1.0
231 403 1.0
231 406 1.0
231 415 1.0
231 424 1.0
231 428 1.0
231 429 1.0
231 433 1.0
231 436 1.0
231 438 1.0
231 439 1.0
231 445 1.0
231 447 -1.0
231 449 1.0
231 450 1.0
231 453 1.0
231 457 1.0
231 458 1.0
231 461 1.0
231 468 1.0
231 493 1.0
231 496 1.0
231 503 1.0
231 507 1.0
232 523 1.0
232 530 1.0
232 536 1.0
232 537 1.0
232 561 1.0
232 562 1.0
232 569 1.0
232 573 1.0
232 577 1.0
232 583 -1.0
232 587 1.0
232 595 1.0
232 601 1.0
232 616 1.0
232 621 1.0
232 550 -1.0
232 624 1.0
232 627 1.0
232 632 1.0
232 643 1.0
232 622 1.0
232 233 -1.0
232 235 -1.0
232 236 -1.0
232 237 1.0
232 238 1.0
232 239 1.0
232 243 1.0
232 244 1.0
232 245 1.0
232 247 -1.0
232 554 1.0
232 249 1.0
232 252 1.0
232 255 1.0
232 263 -1.0
232 266 -1.0
232 269 1.0
232 270 1.0
232 271 1.0
232 272 1.0
232 273 1.0
232 276 1.0
232 278 -1.0
232 280 -1.0
232 282 1.0
232 283 1.0
232 288 1.0
232 290 1.0
232 291 1.0
232 294 1.0
232 296 1.0
232 299 1.0
232 301 1.0
232 303 1.0
232 307 1.0
232 312 1.0
232 313 1.0
232 316 1.0
232 317 1.0
232 318 1.0
232 319 1.0
232 322 1.0
232 323 1.0
232 330 1.0
232 336 1.0
232 340 -1.0
232 353 1.0
232 356 -1.0
232 359 1.0
232 361 1.0
232 364 1.0
232 368 1.0
232 370 1.0
232 375 1.0
232 386 1.0
232 392 1.0
232 412 1.0
232 418 1.0
232 427 1.0
232 429 1.0
232 430 1.0
232 436 -1.0
232 437 1.0
232 439 1.0
232 445 1.0
232 448 1.0
232 455 1.0
232 456 1.0
232 457 1.0
232 459 1.0
232 465 1.0
232 468 1.0
232 475 1.0
232 483 -1.0
232 485 1.0
232 490 1.0
232 507 1.0
232 511 1.0
233 523 1.0
233 525 1.0
233 529 1.0
233 530 1.0
233 536 1.0
233 540 1.0
233 543 1.0
233 544 1.0
233 604 1.0
233 556 -1.0
233 557 1.0
233 558 1.0
233 574 1.0
233 579 1.0
233 584 1.0
233 588 1.0
233 593 -1.0
233 605 1.0
233 610 1.0
233 619 1.0
233 625 1.0
233 627 1.0
233 633 1.0
233 635 1.0
233 639 1.0
233 641 1.0
233 234 1.0
233 235 1.0
233 237 1.0
233 238 1.0
233 239 1.0
233 241 1.0
233 242 -1.0
233 243 1.0
233 245 1.0
233 247 1.0
233 252 1.0
233 254 1.0
233 255 1.0
233 256 1.0
233 260 1.0
233 263 1.0
233 265 1.0
233 266 1.0
233 267 1.0
233 268 1.0
233 270 1.0
233 271 1.0
233 277 1.0
233 278 1.0
233 279 1.0
233 280 1.0
233 281 1.0
233 282 1.0
233 285 1.0
233 291 1.0
233 293 1.0
233 296 1.0
233 297 1.0
233 301 1.0
233 303 1.0
233 304 1.0
233 305 1.0
233 306 1.0
233 307 1.0
233 308 1.0
233 309 1.0
233 312 -1.0
233 316 1.0
233 319 1.0
233 320 1.0
233 325 1.0
233 333 1.0
233 335 1.0
233 338 1.0
233 340 1.0
233 344 1.0
233 345 1.0
233 348 1.0
233 356 1.0
233 369 1.0
233 379 1.0
233 381 1.0
233 386 1.0
233 578 1.0
233 400 1.0
233 402 1.0
233 405 1.0
233 408 1.0
233 413 1.0
233 414 1.0
233 417 1.0
233 423 -1.0
233 424 -1.0
233 430 1.0
233 431 1.0
233 439 1.0
233 443 1.0
233 447 1.0
233 453 1.0
233 457 1.0
233 465 1.0
233 562 -1.0
233 473 1.0
233 474 1.0
233 480 1.0
233 486 1.0
233 487 1.0
233 493 1.0
233 507 1.0
233 511 1.0
234 518 1.0
234 519 1.0
234 526 1.0
234 529 1.0
234 547 1.0
234 545 1.0
234 561 -1.0
234 563 -1.0
234 568 1.0
234 581 1.0
234 582 1.0
234 585 1.0
234 589 1.0
234 532 1.0
234 621 1.0
234 634 1.0
234 638 1.0
234 640 1.0
234 646 -1.0
234 626 1.0
234 235 1.0
234 236 1.0
234 237 1.0
234 239 1.0
234 241 1.0
234 243 1.0
234 245 1.0
234 246 1.0
234 249 1.0
234 250 -1.0
234 251 1.0
234 254 1.0
234 255 1.0
234 256 1.0
234 257 1.0
234 259 1.0
234 260 1.0
234 263 1.0
234 265 1.0
234 267 1.0
234 268 1.0
234 270 1.0
234 272 1.0
234 273 1.0
234 274 1.0
234 275 1.0
234 277 -1.0
234 279 1.0
234 280 1.0
234 281 1.0
234 284 1.0
234 286 1.0
234 288 -1.0
234 292 1.0
234 293 1.0
234 294 1.0
234 295 1.0
234 297 1.0
234 299 1.0
234 300 1.0
234 302 -1.0
234 304 1.0
234 306 1.0
234 307 1.0
234 310 1.0
234 313 1.0
234 314 1.0
234 315 1.0
234 321 -1.0
234 322 1.0
234 325 1.0
234 327 1.0
234 332 -1.0
234 335 1.0
234 337 1.0
234 344 1.0
234 351 1.0
234 352 1.0
234 355 1.0
234 363 1.0
234 367 1.0
234 575 1.0
234 378 -1.0
234 389 1.0
234 394 1.0
234 400 1.0
234 407 1.0
234 409 1.0
234 412 1.0
234 415 1.0
234 431 1.0
234 438 -1.0
234 439 1.0
234 443 1.0
234 449 1.0
234 453 -1.0
234 455 1.0
234 457 1.0
234 463 1.0
234 470 1.0
234 477 1.0
234 484 1.0
234 506 1.0
235 513 1.0
235 519 1.0
235 522 1.0
235 524 1.0
235 529 1.0
235 531 1.0
235 533 1.0
235 538 1.0
235 542 1.0
235 549 1.0
235 560 1.0
235 521 1.0
235 564 1.0
235 566 1.0
235 581 1.0
235 584 1.0
235 592 1.0
235 595 1.0
235 601 1.0
235 615 1.0
235 616 1.0
235 618 1.0
235 633 1.0
235 635 1.0
235 632 1.0
235 236 -1.0
235 237 1.0
235 238 1.0
235 239 1.0
235 240 -1.0
235 241 1.0
235 242 1.0
235 245 1.0
235 246 1.0
235 249 1.0
235 251 1.0
235 253 1.0
235 555 1.0
235 256 -1.0
235 257 1.0
235 260 1.0
235 261 -1.0
235 267 1.0
235 273 1.0
235 274 1.0
235 275 1.0
235 277 1.0
235 278 1.0
235 281 1.0
235 282 1.0
235 283 1.0
235 284 -1.0
235 287 1.0
235 289 1.0
235 292 1.0
235 294 1.0
235 295 1.0
235 299 1.0
235 303 1.0
235 306 1.0
235 310 1.0
235 312 1.0
235 314 1.0
235 318 1.0
235 321 1.0
235 335 1.0
235 336 1.0
235 345 -1.0
235 360 1.0
235 363 1.0
235 366 -1.0
235 574 1.0
235 376 1.0
235 379 1.0
235 380 1.0
235 388 1.0
235 394 1.0
235 397 1.0
235 406 1.0
235 415 1.0
235 421 1.0
235 430 1.0
235 433 1.0
235 434 1.0
235 435 1.0
235 436 1.0
235 445 1.0
235 451 1.0
235 467 -1.0
235 474 1.0
235 475 -1.0
235 478 1.0
235 490 1.0
235 511 1.0
236 513 1.0
236 516 1.0
236 535 -1.0
236 602 1.0
236 558 1.0
236 559 1.0
236 562 1.0
236 568 1.0
236 570 1.0
236 571 1.0
236 586 1.0
236 591 1.0
236 592 1.0
236 530 1.0
236 618 1.0
236 634 1.0
236 641 1.0
236 645 1.0
236 237 1.0
236 240 1.0
236 243 1.0
236 245 1.0
236 246 1.0
236 248 1.0
236 251 1.0
236 252 1.0
236 253 1.0
236 254 1.0
236 257 1.0
236 258 1.0
236 263 1.0
236 264 1.0
236 265 1.0
236 266 1.0
236 267 1.0
236 268 -1.0
236 270 1.0
236 272 1.0
236 274 1.0
236 278 1.0
236 280 -1.0
236 281 1.0
236 282 1.0
236 283 -1.0
236 284 1.0
236 285 1.0
236 286 1.0
236 287 1.0
236 291 1.0
236 293 -1.0
236 295 1.0
236 296 1.0
236 297 1.0
236 300 1.0
236 301 1.0
236 302 1.0
236 304 1.0
236 307 1.0
236 308 1.0
236 312 -1.0
236 314 1.0
236 316 -1.0
236 320 1.0
236 321 1.0
236 327 1.0
236 329 1.0
236 331 1.0
236 336 1.0
236 337 1.0
236 350 1.0
236 352 1.0
236 358 1.0
236 367 1.0
236 369 1.0
236 374 1.0
236 376 1.0
236 378 1.0
236 381 1.0
236 387 1.0
236 407 1.0
236 412 1.0
236 415 1.0
236 418 1.0
236 423 -1.0
236 428 1.0
236 429 1.0
236 438 1.0
236 441 -1.0
236 450 1.0
236 453 1.0
236 456 1.0
236 459 1.0
236 647 1.0
236 467 1.0
236 471 1.0
236 479 1.0
236 483 1.0
236 486 -1.0
236 488 1.0
236 489 1.0
236 490 1.0
236 502 1.0
236 506 1.0
236 507 1.0
236 509 1.0
236 598 1.0
237 513 1.0
237 520 1.0
237 525 1.0
237 542 1.0
237 546 1.0
237 549 1.0
237 550 1.0
237 552 1.0
237 558 1.0
237 559 1.0
237 569 1.0
237 572 -1.0
237 540 1.0
237 592 1.0
237 596 1.0
237 598 1.0
237 606 -1.0
237 612 1.0
237 616 1.0
237 617 -1.0
237 618 1.0
237 619 1.0
237 627 1.0
237 634 -1.0
237 635 1.0
237 238 1.0
237 240 1.0
237 241 1.0
237 242 1.0
237 243 1.0
237 244 1.0
237 245 1.0
237 246 1.0
237 247 1.0
237 249 1.0
237 250 1.0
237 252 1.0
237 253 1.0
237 254 -1.0
237 255 -1.0
237 258 1.0
237 260 1.0
237 261 1.0
237 264 1.0
237 265 1.0
237 266 1.0
237 269 1.0
237 272 1.0
237 273 1.0
237 274 1.0
237 275 1.0
237 280 -1.0
237 281 1.0
237 284 1.0
237 285 1.0
237 287 1.0
237 290 1.0
237 292 1.0
237 295 -1.0
237 297 1.0
237 298 1.0
237 299 1.0
237 300 1.0
237 302 1.0
237 304 1.0
237 306 1.0
237 308 1.0
237 311 1.0
237 314 1.0
237 316 1.0
237 317 1.0
237 321 1.0
237 325 1.0
237 327 1.0
237 329 1.0
237 330 -1.0
237 340 1.0
237 343 1.0
237 344 -1.0
237 351 1.0
237 354 1.0
237 357 1.0
237 358 1.0
237 363 1.0
237 364 1.0
237 391 1.0
237 392 1.0
237 395 1.0
237 396 1.0
237 397 1.0
237 402 1.0
237 403 1.0
237 405 1.0
237 418 1.0
237 425 1.0
237 427 1.0
237 430 1.0
237 433 1.0
237 445 1.0
237 450 1.0
237 453 1.0
237 457 1.0
237 460 1.0
237 461 1.0
237 466 1.0
237 474 1.0
237 475 1.0
237 476 1.0
237 477 1.0
237 478 1.0
237 484 1.0
237 502 1.0
237 507 1.0
237 510 1.0
238 535 1.0
238 541 1.0
238 552 1.0
238 566 1.0
238 567 1.0
238 574 1.0
238 575 1.0
238 540 -1.0
238 583 1.0
238 591 1.0
238 596 1.0
238 597 1.0
238 608 1.0
238 610 1.0
238 620 1.0
238 621 -1.0
238 624 1.0
238 628 1.0
238 631 -1.0
238 644 1.0
238 648 1.0
238 649 1.0
238 239 1.0
238 240 1.0
238 242 1.0
238 243 1.0
238 246 1.0
238 248 1.0
238 249 -1.0
238 250 1.0
238 252 1.0
238 253 1.0
238 254 1.0
238 256 1.0
238 259 1.0
238 260 1.0
238 261 1.0
238 262 1.0
238 263 1.0
238 265 1.0
238 267 1.0
238 268 1.0
238 271 1.0
238 272 1.0
238 273 -1.0
238 274 1.0
238 275 1.0
238 279 1.0
238 280 1.0
238 282 -1.0
238 290 1.0
238 291 1.0
238 292 1.0
238 295 1.0
238 296 1.0
238 298 1.0
238 299 1.0
238 302 1.0
238 303 1.0
238 304 1.0
238 305 1.0
238 307 1.0
238 309 1.0
238 314 1.0
238 315 1.0
238 321 1.0
238 323 1.0
238 325 1.0
238 329 1.0
238 339 1.0
238 354 1.0
238 360 1.0
238 361 1.0
238 366 1.0
238 380 1.0
238 386 1.0
238 578 1.0
238 399 1.0
238 401 1.0
238 403 1.0
238 406 1.0
238 417 1.0
238 422 1.0
238 423 -1.0
238 430 1.0
238 432 1.0
238 437 1.0
238 441 1.0
238 442 1.0
238 443 1.0
238 445 1.0
238 469 1.0
238 471 1.0
238 475 1.0
238 477 1.0
238 482 1.0
238 488 1.0
238 495 1.0
238 497 1.0
238 502 1.0
238 504 1.0
238 505 1.0
238 507 1.0
239 519 1.0
239 521 1.0
239 525 1.0
239 529 1.0
239 531 1.0
239 539 1.0
239 542 1.0
239 543 1.0
239 549 1.0
239 557 1.0
239 559 1.0
239 563 1.0
239 567 1.0
239 576 1.0
239 577 1.0
239 581 1.0
239 583 1.0
239 587 1.0
239 590 -1.0
239 595 1.0
239 604 1.0
239 607 1.0
239 611 1.0
239 615 1.0
239 625 1.0
239 627 1.0
239 649 1.0
239 241 1.0
239 243 1.0
239 244 1.0
239 247 1.0
239 248 1.0
239 250 1.0
239 253 1.0
239 260 1.0
239 264 1.0
239 265 1.0
239 266 1.0
239 267 1.0
239 269 1.0
239 270 -1.0
239 271 1.0
239 273 1.0
239 274 1.0
239 277 1.0
239 278 1.0
239 279 1.0
239 284 1.0
239 286 1.0
239 288 1.0
239 290 1.0
239 295 1.0
239 296 1.0
239 297 1.0
239 298 1.0
239 302 -1.0
239 304 1.0
239 307 1.0
239 309 -1.0
239 312 1.0
239 313 1.0
239 318 1.0
239 320 1.0
239 323 1.0
239 324 1.0
239 325 1.0
239 326 1.0
239 340 1.0
239 351 1.0
239 353 1.0
239 374 1.0
239 375 1.0
239 376 1.0
239 385 1.0
239 391 1.0
239 392 1.0
239 398 1.0
239 408 1.0
239 415 1.0
239 421 1.0
239 431 1.0
239 437 1.0
239 438 1.0
239 439 1.0
239 444 -1.0
239 448 1.0
239 451 1.0
239 458 1.0
239 462 1.0
239 465 1.0
239 562 1.0
239 472 1.0
239 476 -1.0
239 481 1.0
239 486 1.0
239 487 1.0
239 488 1.0
239 495 1.0
239 496 1.0
239 506 1.0
240 513 1.0
240 514 1.0
240 516 1.0
240 518 -1.0
240 519 1.0
240 533 1.0
240 540 1.0
240 549 1.0
240 552 1.0
240 557 1.0
240 561 1.0
240 567 1.0
240 579 1.0
240 586 1.0
240 590 1.0
240 597 1.0
240 599 1.0
240 604 1.0
240 612 1.0
240 628 1.0
240 636 -1.0
240 638 -1.0
240 648 1.0
240 650 1.0
240 241 1.0
240 242 1.0
240 244 1.0
240 245 1.0
240 250 1.0
240 253 1.0
240 254 1.0
240 256 1.0
240 257 1.0
240 260 1.0
240 262 1.0
240 263 1.0
240 264 1.0
240 265 1.0
240 266 1.0
240 267 1.0
240 271 1.0
240 272 1.0
240 276 -1.0
240 278 1.0
240 280 -1.0
240 281 1.0
240 282 1.0
240 283 1.0
240 284 1.0
240 289 1.0
240 292 1.0
240 293 1.0
240 295 1.0
240 297 1.0
240 298 1.0
240 301 1.0
240 302 -1.0
240 303 1.0
240 304 1.0
240 305 1.0
240 309 1.0
240 311 1.0
240 312 1.0
240 314 1.0
240 315 1.0
240 316 1.0
240 318 1.0
240 320 -1.0
240 322 -1.0
240 325 1.0
240 329 1.0
240 335 1.0
240 336 1.0
240 337 1.0
240 340 1.0
240 341 -1.0
240 345 1.0
240 354 1.0
240 356 1.0
240 358 1.0
240 366 1.0
240 367 1.0
240 368 1.0
240 369 1.0
240 381 -1.0
240 397 1.0
240 402 1.0
240 404 1.0
240 407 1.0
240 409 1.0
240 417 1.0
240 419 1.0
240 420 1.0
240 422 1.0
240 435 1.0
240 449 1.0
240 455 1.0
240 457 1.0
240 463 -1.0
240 464 1.0
240 467 1.0
240 469 1.0
240 480 1.0
240 482 1.0
240 484 1.0
240 486 1.0
240 500 1.0
240 506 1.0
240 510 1.0
241 522 1.0
241 526 1.0
241 530 1.0
241 536 -1.0
241 538 1.0
241 539 1.0
241 562 1.0
241 568 1.0
241 608 1.0
241 573 1.0
241 579 -1.0
241 582 1.0
241 590 1.0
241 594 1.0
241 612 1.0
241 616 1.0
241 617 1.0
241 628 1.0
241 641 1.0
241 643 -1.0
241 647 1.0
241 602 1.0
241 242 1.0
241 243 1.0
241 244 1.0
241 245 1.0
241 246 1.0
241 247 1.0
241 248 1.0
241 249 -1.0
241 251 1.0
241 252 -1.0
241 256 1.0
241 257 1.0
241 258 1.0
241 261 1.0
241 265 1.0
241 266 1.0
241 267 1.0
241 268 1.0
241 269 1.0
241 270 1.0
241 271 -1.0
241 273 -1.0
241 284 1.0
241 285 -1.0
241 286 1.0
241 291 1.0
241 295 1.0
241 298 1.0
241 299 1.0
241 300 1.0
241 303 1.0
241 304 1.0
241 306 1.0
241 309 1.0
241 310 1.0
241 316 1.0
241 318 -1.0
241 321 1.0
241 325 1.0
241 332 1.0
241 335 1.0
241 341 -1.0
241 353 1.0
241 354 1.0
241 356 1.0
241 357 -1.0
241 359 1.0
241 365 1.0
241 366 1.0
241 368 1.0
241 373 -1.0
241 378 1.0
241 380 1.0
241 385 1.0
241 386 1.0
241 395 1.0
241 399 1.0
241 400 1.0
241 407 1.0
241 409 -1.0
241 417 1.0
241 420 1.0
241 424 1.0
241 435 1.0
241 436 1.0
241 441 1.0
241 445 -1.0
241 454 -1.0
241 455 1.0
241 456 -1.0
241 459 1.0
241 471 1.0
241 473 1.0
241 476 1.0
241 485 1.0
241 488 1.0
241 491 1.0
241 494 1.0
241 495 1.0
241 507 1.0
242 516 1.0
242 518 1.0
242 521 1.0
242 522 1.0
242 525 1.0
242 539 1.0
242 543 1.0
242 547 1.0
242 558 -1.0
242 568 1.0
242 569 1.0
242 578 1.0
242 582 1.0
242 584 -1.0
242 587 -1.0
242 356 1.0
242 612 1.0
242 614 1.0
242 616 1.0
242 622 -1.0
242 624 1.0
242 625 1.0
242 629 1.0
242 638 -1.0
242 640 1.0
242 641 1.0
242 637 1.0
242 245 1.0
242 554 1.0
242 249 1.0
242 250 1.0
242 251 -1.0
242 254 1.0
242 257 1.0
242 262 1.0
242 263 1.0
242 266 1.0
242 270 1.0
242 271 1.0
242 272 1.0
242 273 1.0
242 274 1.0
242 275 -1.0
242 276 1.0
242 277 1.0
242 278 1.0
242 279 -1.0
242 280 1.0
242 281 1.0
242 282 1.0
242 283 1.0
242 287 -1.0
242 288 1.0
242 290 1.0
242 292 -1.0
242 293 1.0
242 294 1.0
242 297 1.0
242 302 1.0
242 303 1.0
242 306 -1.0
242 310 1.0
242 311 1.0
242 312 1.0
242 314 1.0
242 317 1.0
242 320 1.0
242 323 1.0
242 325 1.0
242 328 -1.0
242 345 -1.0
242 349 1.0
242 355 1.0
242 572 1.0
242 361 1.0
242 363 1.0
242 574 1.0
242 371 1.0
242 379 1.0
242 383 1.0
242 389 -1.0
242 391 -1.0
242 405 1.0
242 426 1.0
242 428 1.0
242 434 1.0
242 436 1.0
242 442 1.0
242 454 1.0
242 459 1.0
242 460 1.0
242 462 1.0
242 475 -1.0
242 476 1.0
242 481 1.0
242 483 1.0
242 484 1.0
242 485 1.0
242 493 -1.0
243 513 1.0
243 517 1.0
243 522 1.0
243 535 1.0
243 539 1.0
243 548 1.0
243 552 1.0
243 557 1.0
243 566 1.0
243 571 1.0
243 575 1.0
243 579 1.0
243 584 -1.0
243 586 -1.0
243 592 1.0
243 594 1.0
243 612 1.0
243 600 1.0
243 603 1.0
243 605 1.0
243 609 1.0
243 610 1.0
243 615 -1.0
243 628 1.0
243 629 1.0
243 639 1.0
243 244 1.0
243 246 1.0
243 250 1.0
243 251 1.0
243 255 1.0
243 256 1.0
243 260 1.0
243 261 1.0
243 262 1.0
243 264 1.0
243 265 1.0
243 267 1.0
243 268 1.0
243 269 -1.0
243 271 1.0
243 273 1.0
243 274 1.0
243 275 1.0
243 277 1.0
243 281 1.0
243 282 1.0
243 283 1.0
243 284 1.0
243 285 1.0
243 286 1.0
243 287 1.0
243 288 1.0
243 289 1.0
243 290 1.0
243 292 1.0
243 293 1.0
243 647 1.0
243 297 1.0
243 300 -1.0
243 301 1.0
243 305 1.0
243 306 1.0
243 308 1.0
243 312 -1.0
243 314 1.0
243 318 1.0
243 324 1.0
243 325 1.0
243 326 1.0
243 328 1.0
243 330 1.0
243 332 1.0
243 340 1.0
243 344 1.0
243 358 1.0
243 359 1.0
243 362 1.0
243 371 1.0
243 377 1.0
243 386 -1.0
243 392 1.0
243 394 1.0
243 395 1.0
243 397 1.0
243 398 1.0
243 400 1.0
243 403 1.0
243 413 1.0
243 424 1.0
243 425 1.0
243 436 1.0
243 445 1.0
243 448 1.0
243 450 1.0
243 454 1.0
243 461 1.0
243 462 1.0
243 475 1.0
243 481 -1.0
243 493 1.0
243 496 1.0
243 497 1.0
243 501 1.0
243 503 1.0
243 506 1.0
243 508 1.0
244 518 1.0
244 520 1.0
244 522 1.0
244 524 1.0
244 544 -1.0
244 552 1.0
244 553 1.0
244 574 1.0
244 593 1.0
244 614 1.0
244 615 1.0
244 617 1.0
244 621 1.0
244 622 1.0
244 623 1.0
244 633 1.0
244 634 1.0
244 639 -1.0
244 643 1.0
244 245 1.0
244 246 1.0
244 247 1.0
244 250 1.0
244 251 1.0
244 252 1.0
244 253 1.0
244 255 1.0
244 257 1.0
244 259 1.0
244 260 1.0
244 264 1.0
244 265 1.0
244 267 1.0
244 272 1.0
244 273 1.0
244 276 1.0
244 277 1.0
244 278 1.0
244 279 1.0
244 280 1.0
244 282 1.0
244 283 1.0
244 287 1.0
244 291 -1.0
244 293 -1.0
244 294 1.0
244 296 1.0
244 298 1.0
244 299 1.0
244 302 1.0
244 304 1.0
244 305 1.0
244 306 1.0
244 310 1.0
244 311 1.0
244 312 1.0
244 317 1.0
244 318 1.0
244 320 1.0
244 325 1.0
244 326 1.0
244 327 1.0
244 328 -1.0
244 329 1.0
244 331 1.0
244 332 1.0
244 336 1.0
244 345 1.0
244 348 1.0
244 349 1.0
244 365 -1.0
244 371 1.0
244 378 1.0
244 390 1.0
244 393 1.0
244 399 1.0
244 401 1.0
244 407 1.0
244 408 1.0
244 423 1.0
244 430 1.0
244 433 1.0
244 443 1.0
244 449 1.0
244 456 -1.0
244 460 1.0
244 462 1.0
244 467 1.0
244 472 1.0
244 473 1.0
244 474 1.0
244 476 1.0
244 480 1.0
244 484 1.0
244 487 1.0
244 489 -1.0
244 490 1.0
244 495 1.0
244 505 1.0
244 506 1.0
244 509 -1.0
244 512 1.0
245 521 1.0
245 518 1.0
245 546 1.0
245 553 1.0
245 555 1.0
245 568 1.0
245 578 1.0
245 581 1.0
245 590 1.0
245 602 1.0
245 605 1.0
245 613 1.0
245 623 1.0
245 617 1.0
245 635 1.0
245 636 1.0
245 642 1.0
245 648 -1.0
245 633 1.0
245 247 1.0
245 249 1.0
245 251 1.0
245 252 1.0
245 254 1.0
245 255 1.0
245 258 1.0
245 264 1.0
245 265 1.0
245 267 1.0
245 268 1.0
245 271 1.0
245 272 1.0
245 281 1.0
245 282 1.0
245 284 -1.0
245 285 1.0
245 286 1.0
245 646 1.0
245 290 1.0
245 291 1.0
245 293 1.0
245 294 1.0
245 296 1.0
245 477 1.0
245 299 1.0
245 300 1.0
245 306 -1.0
245 310 1.0
245 312 1.0
245 314 1.0
245 315 1.0
245 316 1.0
245 317 1.0
245 318 -1.0
245 319 1.0
245 320 1.0
245 323 -1.0
245 328 1.0
245 331 1.0
245 332 1.0
245 333 1.0
245 336 1.0
245 349 -1.0
245 351 1.0
245 353 1.0
245 363 1.0
245 368 1.0
245 376 1.0
245 384 1.0
245 387 -1.0
245 389 1.0
245 405 1.0
245 421 1.0
245 422 1.0
245 427 1.0
245 428 1.0
245 437 1.0
245 443 1.0
245 448 1.0
245 462 1.0
245 466 1.0
245 472 1.0
245 491 1.0
245 492 1.0
245 494 1.0
245 501 1.0
245 507 -1.0
245 511 1.0
246 525 1.0
246 527 1.0
246 547 1.0
246 550 1.0
246 557 1.0
246 564 1.0
246 582 1.0
246 583 1.0
246 594 1.0
246 597 1.0
246 623 -1.0
246 624 1.0
246 632 1.0
246 637 1.0
246 638 1.0
246 642 1.0
246 648 1.0
246 248 1.0
246 250 1.0
246 251 1.0
246 255 1.0
246 257 1.0
246 258 1.0
246 259 1.0
246 260 1.0
246 262 1.0
246 264 1.0
246 265 1.0
246 266 -1.0
246 267 1.0
246 271 1.0
246 272 1.0
246 273 1.0
246 274 1.0
246 275 -1.0
246 277 1.0
246 278 1.0
246 280 1.0
246 281 1.0
246 283 1.0
246 284 -1.0
246 290 1.0
246 292 1.0
246 293 -1.0
246 294 1.0
246 295 1.0
246 299 1.0
246 303 1.0
246 304 1.0
246 307 1.0
246 308 1.0
246 311 -1.0
246 314 1.0
246 315 -1.0
246 317 1.0
246 319 1.0
246 320 1.0
246 321 1.0
246 325 1.0
246 326 1.0
246 327 1.0
246 329 1.0
246 331 1.0
246 332 1.0
246 337 1.0
246 343 1.0
246 344 1.0
246 355 1.0
246 572 -1.0
246 359 1.0
246 362 1.0
246 363 1.0
246 372 1.0
246 373 1.0
246 387 1.0
246 389 1.0
246 396 1.0
246 400 1.0
246 417 1.0
246 432 1.0
246 437 1.0
246 440 -1.0
246 444 1.0
246 446 1.0
246 458 1.0
246 466 1.0
246 469 1.0
246 470 1.0
246 506 1.0
246 478 1.0
246 487 1.0
246 498 1.0
247 522 1.0
247 527 1.0
247 528 1.0
247 564 1.0
247 569 1.0
247 570 1.0
247 608 1.0
247 586 1.0
247 610 1.0
247 593 1.0
247 598 -1.0
247 603 1.0
247 611 1.0
247 619 1.0
247 616 1.0
247 622 1.0
247 635 -1.0
247 642 1.0
247 644 1.0
247 648 1.0
247 649 1.0
247 623 -1.0
247 625 1.0
247 640 1.0
247 248 1.0
247 249 1.0
247 250 1.0
247 251 1.0
247 252 -1.0
247 255 1.0
247 256 1.0
247 257 1.0
247 258 -1.0
247 259 1.0
247 260 1.0
247 262 1.0
247 264 1.0
247 272 1.0
247 274 1.0
247 276 1.0
247 277 1.0
247 282 -1.0
247 285 1.0
247 288 1.0
247 290 1.0
247 295 1.0
247 296 1.0
247 298 1.0
247 299 1.0
247 303 1.0
247 304 1.0
247 305 -1.0
247 306 1.0
247 308 1.0
247 310 1.0
247 311 1.0
247 312 1.0
247 314 1.0
247 315 1.0
247 316 1.0
247 317 1.0
247 319 1.0
247 321 1.0
247 322 1.0
247 324 1.0
247 327 1.0
247 328 1.0
247 329 1.0
247 331 1.0
247 334 1.0
247 339 -1.0
247 340 1.0
247 343 1.0
247 349 1.0
247 352 1.0
247 360 1.0
247 371 1.0
247 372 1.0
247 377 1.0
247 393 1.0
247 400 1.0
247 401 1.0
247 424 1.0
247 425 1.0
247 428 1.0
247 429 1.0
247 433 1.0
247 440 1.0
247 447 1.0
247 449 1.0
247 450 1.0
247 452 1.0
247 456 1.0
247 458 1.0
247 461 1.0
247 471 1.0
247 477 1.0
247 484 1.0
247 487 1.0
247 497 1.0
247 501 1.0
247 503 1.0
247 510 -1.0
248 519 1.0
248 522 1.0
248 527 1.0
248 528 -1.0
248 529 1.0
248 530 1.0
248 536 1.0
248 625 1.0
248 564 1.0
248 565 1.0
248 570 1.0
248 577 1.0
248 583 1.0
248 584 -1.0
248 587 -1.0
248 600 1.0
248 604 1.0
248 609 1.0
248 629 1.0
248 633 1.0
248 249 -1.0
248 252 1.0
248 255 -1.0
248 256 1.0
248 259 1.0
248 260 1.0
248 262 1.0
248 264 1.0
248 265 1.0
248 266 1.0
248 267 1.0
248 269 1.0
248 271 -1.0
248 273 1.0
248 274 1.0
248 277 1.0
248 278 1.0
248 280 1.0
248 281 1.0
248 282 1.0
248 283 1.0
248 285 1.0
248 287 1.0
248 288 1.0
248 295 1.0
248 296 1.0
248 298 1.0
248 302 1.0
248 304 1.0
248 305 1.0
248 306 1.0
248 311 -1.0
248 314 -1.0
248 315 1.0
248 319 -1.0
248 320 1.0
248 323 1.0
248 326 1.0
248 328 -1.0
248 329 1.0
248 331 1.0
248 332 1.0
248 333 1.0
248 337 -1.0
248 338 1.0
248 339 1.0
248 345 1.0
248 349 1.0
248 352 1.0
248 370 -1.0
248 575 1.0
248 388 1.0
248 389 1.0
248 391 1.0
248 396 1.0
248 403 -1.0
248 407 1.0
248 414 1.0
248 419 -1.0
248 423 1.0
248 433 1.0
248 434 1.0
248 437 1.0
248 442 1.0
248 444 1.0
248 447 1.0
248 450 1.0
248 453 1.0
248 454 1.0
248 475 -1.0
248 482 1.0
248 485 1.0
248 492 1.0
248 494 1.0
248 501 1.0
248 512 1.0
249 521 1.0
249 537 1.0
249 555 1.0
249 563 1.0
249 564 1.0
249 565 1.0
249 566 1.0
249 573 1.0
249 576 1.0
249 584 1.0
249 585 1.0
249 587 1.0
249 593 1.0
249 598 1.0
249 604 1.0
249 609 1.0
249 612 1.0
249 613 1.0
249 617 1.0
249 628 1.0
249 629 1.0
249 633 1.0
249 250 1.0
249 251 1.0
249 640 1.0
249 254 1.0
249 257 1.0
249 259 1.0
249 261 1.0
249 263 1.0
249 264 1.0
249 266 1.0
249 267 1.0
249 269 1.0
249 270 1.0
249 272 1.0
249 274 1.0
249 275 1.0
249 276 1.0
249 279 1.0
249 280 1.0
249 283 1.0
249 284 1.0
249 285 1.0
249 287 1.0
249 288 1.0
249 289 1.0
249 290 -1.0
249 292 1.0
249 293 -1.0
249 295 1.0
249 296 1.0
249 298 1.0
249 301 1.0
249 302 1.0
249 305 1.0
249 306 1.0
249 307 1.0
249 309 1.0
249 310 1.0
249 312 1.0
249 313 1.0
249 314 -1.0
249 315 1.0
249 316 1.0
249 318 1.0
249 319 1.0
249 320 1.0
249 321 1.0
249 323 1.0
249 325 1.0
249 326 1.0
249 327 1.0
249 331 1.0
249 333 1.0
249 334 1.0
249 342 1.0
249 343 1.0
249 347 1.0
249 352 1.0
249 358 1.0
249 360 1.0
249 389 1.0
249 399 1.0
249 403 1.0
249 407 1.0
249 416 1.0
249 428 1.0
249 429 1.0
249 435 1.0
249 436 1.0
249 438 1.0
249 447 1.0
249 455 1.0
249 464 1.0
249 465 1.0
249 476 1.0
249 477 1.0
249 480 1.0
249 492 1.0
249 494 1.0
249 497 -1.0
249 502 1.0
249 506 1.0
249 512 1.0
250 514 1.0
250 516 1.0
250 518 1.0
250 521 1.0
250 527 1.0
250 529 -1.0
250 532 1.0
250 546 1.0
250 552 -1.0
250 564 1.0
250 567 1.0
250 576 -1.0
250 579 1.0
250 581 1.0
250 605 1.0
250 606 1.0
250 607 1.0
250 623 1.0
250 634 1.0
250 646 1.0
250 647 1.0
250 650 1.0
250 251 1.0
250 252 1.0
250 253 1.0
250 555 1.0
250 255 1.0
250 256 1.0
250 259 1.0
250 260 1.0
250 262 1.0
250 265 -1.0
250 268 1.0
250 269 -1.0
250 275 1.0
250 277 1.0
250 278 1.0
250 282 1.0
250 284 1.0
250 289 1.0
250 290 1.0
250 291 1.0
250 292 1.0
250 293 1.0
250 294 1.0
250 297 1.0
250 299 1.0
250 301 1.0
250 302 1.0
250 303 1.0
250 305 1.0
250 306 1.0
250 308 1.0
250 310 1.0
250 311 1.0
250 313 1.0
250 314 1.0
250 320 1.0
250 322 1.0
250 324 1.0
250 326 1.0
250 327 1.0
250 328 1.0
250 329 1.0
250 335 1.0
250 336 1.0
250 337 1.0
250 340 1.0
250 346 1.0
250 347 1.0
250 348 1.0
250 353 1.0
250 355 1.0
250 362 1.0
250 365 1.0
250 368 1.0
250 384 1.0
250 385 -1.0
250 388 -1.0
250 391 1.0
250 392 1.0
250 398 1.0
250 408 1.0
250 421 1.0
250 586 1.0
250 448 1.0
250 451 1.0
250 453 1.0
250 456 1.0
250 460 1.0
250 468 1.0
250 469 1.0
250 472 1.0
250 478 -1.0
250 482 1.0
250 484 1.0
250 487 1.0
250 488 -1.0
250 494 1.0
250 495 -1.0
250 501 1.0
250 503 1.0
250 504 1.0
250 509 1.0
250 512 1.0
251 513 1.0
251 518 1.0
251 519 1.0
251 527 1.0
251 530 1.0
251 535 1.0
251 538 1.0
251 545 1.0
251 554 1.0
251 561 1.0
251 562 -1.0
251 563 1.0
251 569 1.0
251 523 1.0
251 576 -1.0
251 584 1.0
251 596 1.0
251 605 1.0
251 611 1.0
251 615 1.0
251 618 1.0
251 624 1.0
251 628 1.0
251 629 1.0
251 630 -1.0
251 631 1.0
251 646 -1.0
251 253 1.0
251 254 1.0
251 257 1.0
251 258 1.0
251 259 1.0
251 261 1.0
251 263 1.0
251 264 1.0
251 267 1.0
251 273 -1.0
251 274 1.0
251 275 1.0
251 276 1.0
251 277 1.0
251 278 1.0
251 279 1.0
251 280 -1.0
251 282 1.0
251 284 1.0
251 289 1.0
251 291 1.0
251 292 1.0
251 294 1.0
251 295 1.0
251 296 1.0
251 298 1.0
251 300 1.0
251 301 1.0
251 303 1.0
251 306 1.0
251 307 1.0
251 308 1.0
251 310 -1.0
251 313 -1.0
251 314 1.0
251 315 1.0
251 320 1.0
251 324 1.0
251 325 1.0
251 326 1.0
251 327 1.0
251 328 1.0
251 329 1.0
251 331 1.0
251 332 1.0
251 334 1.0
251 335 1.0
251 337 1.0
251 626 1.0
251 347 1.0
251 353 1.0
251 354 1.0
251 359 1.0
251 366 1.0
251 373 1.0
251 559 1.0
251 386 1.0
251 387 1.0
251 398 1.0
251 399 1.0
251 403 1.0
251 419 1.0
251 422 1.0
251 426 1.0
251 435 1.0
251 437 1.0
251 461 1.0
251 462 1.0
251 579 1.0
251 485 1.0
251 490 1.0
251 495 1.0
251 499 1.0
251 501 -1.0
251 504 1.0
252 517 1.0
252 519 1.0
252 520 1.0
252 521 1.0
252 522 1.0
252 525 1.0
252 528 1.0
252 541 1.0
252 542 1.0
252 543 1.0
252 545 1.0
252 554 1.0
252 555 1.0
252 558 1.0
252 559 1.0
252 564 1.0
252 565 1.0
252 568 1.0
252 593 1.0
252 604 1.0
252 605 1.0
252 608 1.0
252 611 1.0
252 623 1.0
252 362 1.0
252 641 1.0
252 642 -1.0
252 643 1.0
252 256 1.0
252 257 1.0
252 258 1.0
252 260 1.0
252 261 1.0
252 262 1.0
252 263 1.0
252 266 1.0
252 267 1.0
252 268 1.0
252 270 1.0
252 271 1.0
252 273 1.0
252 283 1.0
252 285 1.0
252 286 1.0
252 287 1.0
252 288 1.0
252 291 1.0
252 294 -1.0
252 295 1.0
252 297 1.0
252 301 1.0
252 303 1.0
252 304 1.0
252 305 1.0
252 308 1.0
252 311 1.0
252 314 -1.0
252 317 1.0
252 318 1.0
252 319 1.0
252 321 1.0
252 322 1.0
252 323 1.0
252 325 1.0
252 326 1.0
252 327 1.0
252 328 -1.0
252 329 1.0
252 330 1.0
252 331 1.0
252 332 1.0
252 334 1.0
252 335 1.0
252 336 1.0
252 337 1.0
252 339 1.0
252 341 1.0
252 342 1.0
252 346 1.0
252 357 1.0
252 361 1.0
252 573 1.0
252 365 1.0
252 367 1.0
252 373 1.0
252 376 1.0
252 577 1.0
252 388 1.0
252 402 1.0
252 403 1.0
252 411 1.0
252 412 -1.0
252 414 1.0
252 428 1.0
252 434 -1.0
252 436 1.0
252 441 -1.0
252 442 1.0
252 589 1.0
252 460 1.0
252 467 1.0
252 477 1.0
252 480 1.0
252 482 -1.0
252 484 1.0
252 487 1.0
252 489 1.0
252 494 1.0
252 508 1.0
253 516 1.0
253 517 1.0
253 525 1.0
253 530 1.0
253 538 1.0
253 550 -1.0
253 551 1.0
253 564 1.0
253 571 1.0
253 572 1.0
253 578 1.0
253 585 1.0
253 594 1.0
253 598 1.0
253 599 1.0
253 607 1.0
253 614 1.0
253 618 1.0
253 630 1.0
253 631 1.0
253 634 1.0
253 635 1.0
253 637 1.0
253 642 1.0
253 645 1.0
253 254 1.0
253 257 -1.0
253 258 1.0
253 259 1.0
253 260 1.0
253 262 1.0
253 264 -1.0
253 265 1.0
253 266 1.0
253 267 1.0
253 268 1.0
253 269 1.0
253 271 -1.0
253 272 -1.0
253 273 1.0
253 279 1.0
253 280 1.0
253 283 1.0
253 285 1.0
253 287 -1.0
253 290 -1.0
253 291 -1.0
253 293 1.0
253 295 1.0
253 297 -1.0
253 298 1.0
253 299 1.0
253 300 1.0
253 301 1.0
253 302 1.0
253 303 -1.0
253 304 1.0
253 305 1.0
253 306 1.0
253 308 1.0
253 310 1.0
253 313 1.0
253 315 1.0
253 320 1.0
253 323 1.0
253 327 1.0
253 329 1.0
253 333 1.0
253 335 1.0
253 336 1.0
253 337 -1.0
253 341 1.0
253 352 1.0
253 360 1.0
253 368 1.0
253 370 1.0
253 377 1.0
253 381 1.0
253 383 1.0
253 386 1.0
253 387 1.0
253 388 1.0
253 398 1.0
253 403 -1.0
253 410 1.0
253 431 1.0
253 433 1.0
253 437 1.0
253 438 1.0
253 443 1.0
253 445 1.0
253 455 1.0
253 461 1.0
253 477 1.0
253 478 1.0
253 486 1.0
253 491 1.0
253 648 -1.0
253 496 1.0
253 500 1.0
253 504 1.0
253 597 1.0
253 511 -1.0
253 512 1.0
254 520 1.0
254 523 1.0
254 533 1.0
254 536 1.0
254 642 1.0
254 539 1.0
254 543 1.0
254 549 1.0
254 551 1.0
254 558 1.0
254 564 1.0
254 569 1.0
254 572 1.0
254 578 1.0
254 594 1.0
254 597 1.0
254 606 1.0
254 607 1.0
254 611 1.0
254 617 1.0
254 630 1.0
254 255 1.0
254 256 -1.0
254 261 1.0
254 262 1.0
254 263 1.0
254 264 1.0
254 267 1.0
254 270 1.0
254 273 1.0
254 274 1.0
254 277 1.0
254 278 1.0
254 282 1.0
254 285 1.0
254 286 1.0
254 288 1.0
254 290 1.0
254 291 1.0
254 298 -1.0
254 299 1.0
254 305 1.0
254 306 1.0
254 307 1.0
254 308 1.0
254 312 1.0
254 316 1.0
254 318 1.0
254 321 1.0
254 323 1.0
254 324 1.0
254 325 1.0
254 326 1.0
254 327 1.0
254 328 1.0
254 333 -1.0
254 334 1.0
254 336 1.0
254 337 1.0
254 338 1.0
254 339 1.0
254 346 1.0
254 348 1.0
254 350 1.0
254 355 1.0
254 360 1.0
254 369 1.0
254 372 1.0
254 374 1.0
254 384 1.0
254 386 1.0
254 388 1.0
254 393 -1.0
254 394 1.0
254 398 1.0
254 400 1.0
254 404 1.0
254 407 1.0
254 411 1.0
254 414 1.0
254 416 1.0
254 422 1.0
254 442 1.0
254 444 1.0
254 446 -1.0
254 447 1.0
254 458 1.0
254 461 1.0
254 465 1.0
254 470 1.0
254 474 1.0
254 476 1.0
254 485 1.0
254 488 1.0
254 500 1.0
254 501 1.0
255 514 1.0
255 524 1.0
255 527 1.0
255 531 1.0
255 545 1.0
255 547 1.0
255 553 1.0
255 554 -1.0
255 569 1.0
255 570 1.0
255 571 1.0
255 523 1.0
255 581 1.0
255 582 1.0
255 597 1.0
255 600 -1.0
255 601 1.0
255 602 1.0
255 607 1.0
255 617 1.0
255 619 1.0
255 625 1.0
255 643 1.0
255 649 1.0
255 535 -1.0
255 546 1.0
255 640 1.0
255 256 1.0
255 259 1.0
255 262 1.0
255 263 1.0
255 267 1.0
255 268 1.0
255 270 -1.0
255 272 1.0
255 274 1.0
255 275 1.0
255 276 1.0
255 277 1.0
255 278 1.0
255 279 1.0
255 281 1.0
255 283 1.0
255 288 1.0
255 293 1.0
255 295 1.0
255 297 1.0
255 298 1.0
255 299 1.0
255 301 1.0
255 302 1.0
255 303 1.0
255 305 1.0
255 306 1.0
255 309 1.0
255 314 1.0
255 322 1.0
255 323 1.0
255 324 1.0
255 327 1.0
255 332 1.0
255 333 1.0
255 336 1.0
255 337 1.0
255 342 1.0
255 361 -1.0
255 367 -1.0
255 372 1.0
255 384 1.0
255 388 -1.0
255 391 1.0
255 395 1.0
255 402 1.0
255 411 1.0
255 419 1.0
255 420 -1.0
255 428 1.0
255 433 1.0
255 439 1.0
255 449 1.0
255 466 1.0
255 469 1.0
255 470 1.0
255 471 1.0
255 478 -1.0
255 482 1.0
255 484 1.0
255 488 1.0
255 489 1.0
255 506 1.0
255 507 1.0
255 509 1.0
256 516 1.0
256 519 1.0
256 522 1.0
256 530 1.0
256 534 -1.0
256 536 -1.0
256 544 -1.0
256 550 1.0
256 554 1.0
256 558 1.0
256 559 1.0
256 606 1.0
256 569 1.0
256 580 1.0
256 588 1.0
256 589 1.0
256 590 1.0
256 591 1.0
256 593 1.0
256 596 1.0
256 598 1.0
256 618 1.0
256 627 1.0
256 633 1.0
256 638 1.0
256 642 1.0
256 645 -1.0
256 548 -1.0
256 258 1.0
256 259 1.0
256 264 1.0
256 271 1.0
256 272 1.0
256 276 1.0
256 277 1.0
256 279 1.0
256 280 1.0
256 282 -1.0
256 283 1.0
256 284 1.0
256 286 1.0
256 291 1.0
256 295 1.0
256 296 1.0
256 298 1.0
256 301 1.0
256 304 1.0
256 307 1.0
256 309 1.0
256 310 1.0
256 313 1.0
256 314 1.0
256 315 1.0
256 316 1.0
256 318 1.0
256 321 1.0
256 322 1.0
256 325 1.0
256 327 1.0
256 329 1.0
256 330 1.0
256 331 1.0
256 332 1.0
256 333 -1.0
256 335 1.0
256 337 1.0
256 339 1.0
256 341 1.0
256 571 1.0
256 358 1.0
256 362 1.0
256 364 1.0
256 374 1.0
256 380 1.0
256 403 1.0
256 406 1.0
256 409 1.0
256 412 1.0
256 418 1.0
256 419 1.0
256 425 1.0
256 432 1.0
256 437 1.0
256 438 1.0
256 460 1.0
256 462 1.0
256 475 -1.0
256 486 1.0
256 488 -1.0
256 491 1.0
256 503 1.0
256 505 1.0
256 507 1.0
257 516 1.0
257 517 1.0
257 518 1.0
257 534 1.0
257 535 1.0
257 542 1.0
257 548 1.0
257 551 1.0
257 559 1.0
257 576 -1.0
257 589 1.0
257 600 1.0
257 605 1.0
257 615 1.0
257 618 1.0
257 624 1.0
257 632 1.0
257 635 1.0
257 639 -1.0
257 640 1.0
257 648 1.0
257 260 1.0
257 261 1.0
257 262 1.0
257 264 1.0
257 265 -1.0
257 269 1.0
257 275 1.0
257 276 -1.0
257 277 -1.0
257 278 1.0
257 281 1.0
257 282 1.0
257 284 1.0
257 286 1.0
257 289 1.0
257 291 1.0
257 295 -1.0
257 296 -1.0
257 299 1.0
257 302 1.0
257 305 1.0
257 309 1.0
257 311 1.0
257 314 1.0
257 315 1.0
257 316 1.0
257 317 1.0
257 318 1.0
257 320 1.0
257 321 1.0
257 326 1.0
257 327 1.0
257 328 1.0
257 333 1.0
257 338 1.0
257 340 1.0
257 349 1.0
257 351 1.0
257 357 1.0
257 361 1.0
257 362 1.0
257 367 1.0
257 368 1.0
257 372 1.0
257 375 1.0
257 382 1.0
257 385 1.0
257 388 1.0
257 396 1.0
257 398 1.0
257 645 -1.0
257 419 1.0
257 425 1.0
257 426 1.0
257 431 1.0
257 432 1.0
257 437 1.0
257 440 1.0
257 443 1.0
257 449 -1.0
257 454 1.0
257 465 1.0
257 467 1.0
257 593 -1.0
257 487 1.0
257 489 1.0
257 491 1.0
257 494 1.0
257 496 1.0
257 504 1.0
257 597 1.0
257 507 1.0
258 520 1.0
258 525 1.0
258 515 1.0
258 537 1.0
258 545 1.0
258 552 1.0
258 557 1.0
258 559 1.0
258 560 1.0
258 563 1.0
258 576 1.0
258 579 1.0
258 597 1.0
258 599 1.0
258 600 1.0
258 602 1.0
258 528 1.0
258 605 1.0
258 609 1.0
258 618 1.0
258 620 1.0
258 621 1.0
258 622 1.0
258 623 1.0
258 624 1.0
258 625 1.0
258 629 1.0
258 630 1.0
258 636 1.0
258 647 1.0
258 260 1.0
258 262 1.0
258 264 1.0
258 267 1.0
258 268 1.0
258 271 1.0
258 272 1.0
258 275 -1.0
258 276 1.0
258 277 1.0
258 280 1.0
258 281 1.0
258 282 1.0
258 283 1.0
258 284 1.0
258 285 1.0
258 286 1.0
258 287 -1.0
258 288 1.0
258 289 1.0
258 291 1.0
258 293 -1.0
258 294 1.0
258 297 1.0
258 299 1.0
258 300 1.0
258 302 1.0
258 304 1.0
258 305 1.0
258 309 1.0
258 312 1.0
258 314 1.0
258 316 1.0
258 322 1.0
258 323 1.0
258 324 1.0
258 325 1.0
258 326 1.0
258 330 1.0
258 332 1.0
258 333 1.0
258 335 1.0
258 336 1.0
258 338 1.0
258 339 1.0
258 340 1.0
258 346 1.0
258 352 1.0
258 362 1.0
258 365 1.0
258 370 1.0
258 376 1.0
258 388 1.0
258 395 1.0
258 397 1.0
258 398 1.0
258 409 1.0
258 416 1.0
258 423 1.0
258 430 1.0
258 431 1.0
258 432 1.0
258 437 1.0
258 442 1.0
258 444 1.0
258 446 1.0
258 447 1.0
258 449 1.0
258 452 1.0
258 462 1.0
258 471 1.0
258 570 1.0
258 476 1.0
258 479 1.0
258 482 1.0
258 484 1.0
259 518 1.0
259 520 1.0
259 527 1.0
259 531 1.0
259 532 1.0
259 533 1.0
259 534 1.0
259 536 1.0
259 517 1.0
259 543 1.0
259 545 1.0
259 546 1.0
259 549 1.0
259 562 1.0
259 564 1.0
259 572 1.0
259 579 -1.0
259 582 1.0
259 585 1.0
259 598 1.0
259 599 1.0
259 601 1.0
259 607 1.0
259 608 1.0
259 614 1.0
259 620 1.0
259 629 1.0
259 636 1.0
259 647 1.0
259 648 1.0
259 550 1.0
259 261 -1.0
259 263 1.0
259 266 1.0
259 267 1.0
259 268 1.0
259 269 1.0
259 271 1.0
259 273 1.0
259 274 1.0
259 275 1.0
259 276 1.0
259 277 -1.0
259 281 1.0
259 282 1.0
259 285 1.0
259 290 1.0
259 291 1.0
259 292 1.0
259 293 1.0
259 295 1.0
259 296 1.0
259 298 1.0
259 299 1.0
259 300 1.0
259 301 1.0
259 304 1.0
259 305 1.0
259 307 1.0
259 309 1.0
259 310 1.0
259 311 1.0
259 312 1.0
259 320 1.0
259 322 1.0
259 323 1.0
259 324 -1.0
259 325 1.0
259 326 1.0
259 327 -1.0
259 328 -1.0
259 331 1.0
259 333 1.0
259 334 1.0
259 338 1.0
259 340 1.0
259 344 -1.0
259 345 1.0
259 346 -1.0
259 347 1.0
259 360 1.0
259 363 -1.0
259 381 1.0
259 385 1.0
259 390 1.0
259 394 1.0
259 398 1.0
259 409 1.0
259 412 1.0
259 429 1.0
259 450 1.0
259 453 1.0
259 457 1.0
259 458 1.0
259 474 1.0
259 481 1.0
259 491 1.0
259 503 1.0
259 506 1.0
259 509 1.0
260 528 1.0
260 543 1.0
260 547 1.0
260 548 1.0
260 549 1.0
260 561 1.0
260 607 1.0
260 570 1.0
260 595 1.0
260 601 1.0
260 605 1.0
260 619 1.0
260 620 1.0
260 628 -1.0
260 632 1.0
260 634 1.0
260 638 1.0
260 642 1.0
260 626 1.0
260 261 1.0
260 263 1.0
260 264 1.0
260 265 -1.0
260 268 1.0
260 269 1.0
260 270 1.0
260 271 1.0
260 275 1.0
260 276 1.0
260 277 1.0
260 279 1.0
260 280 1.0
260 281 1.0
260 282 1.0
260 284 1.0
260 285 1.0
260 287 1.0
260 288 1.0
260 289 1.0
260 291 1.0
260 292 1.0
260 293 1.0
260 294 1.0
260 295 -1.0
260 298 1.0
260 301 1.0
260 302 1.0
260 303 1.0
260 304 1.0
260 305 1.0
260 308 1.0
260 311 1.0
260 312 1.0
260 313 1.0
260 565 1.0
260 319 1.0
260 324 1.0
260 326 1.0
260 327 1.0
260 328 1.0
260 329 1.0
260 330 1.0
260 331 1.0
260 332 1.0
260 333 1.0
260 336 1.0
260 340 1.0
260 343 1.0
260 344 1.0
260 345 1.0
260 346 1.0
260 349 1.0
260 350 1.0
260 351 1.0
260 355 1.0
260 357 1.0
260 366 1.0
260 367 1.0
260 391 1.0
260 393 1.0
260 395 1.0
260 400 1.0
260 414 1.0
260 415 1.0
260 416 -1.0
260 417 1.0
260 418 1.0
260 429 1.0
260 431 1.0
260 432 1.0
260 445 1.0
260 450 1.0
260 457 1.0
260 464 1.0
260 467 1.0
260 468 1.0
260 471 1.0
260 475 1.0
260 477 1.0
260 478 1.0
260 484 1.0
260 488 1.0
260 495 1.0
260 496 1.0
260 511 1.0
260 512 1.0
261 515 -1.0
261 516 1.0
261 524 -1.0
261 527 1.0
261 549 1.0
261 553 1.0
261 567 1.0
261 571 1.0
261 608 1.0
261 578 1.0
261 580 1.0
261 590 1.0
261 598 1.0
261 601 1.0
261 528 1.0
261 614 1.0
261 610 1.0
261 613 -1.0
261 635 1.0
261 615 1.0
261 625 1.0
261 630 1.0
261 633 1.0
261 637 1.0
261 647 1.0
261 650 1.0
261 636 -1.0
261 265 1.0
261 266 -1.0
261 271 1.0
261 273 1.0
261 274 1.0
261 275 1.0
261 276 1.0
261 277 -1.0
261 279 1.0
261 280 1.0
261 281 1.0
261 282 1.0
261 283 1.0
261 284 1.0
261 285 1.0
261 286 1.0
261 287 1.0
261 288 1.0
261 294 -1.0
261 297 1.0
261 298 1.0
261 303 1.0
261 305 1.0
261 306 1.0
261 307 1.0
261 308 1.0
261 309 1.0
261 310 1.0
261 312 -1.0
261 315 1.0
261 320 1.0
261 323 1.0
261 327 1.0
261 329 -1.0
261 330 1.0
261 332 1.0
261 335 1.0
261 337 1.0
261 339 1.0
261 343 1.0
261 347 1.0
261 348 1.0
261 349 1.0
261 350 1.0
261 357 1.0
261 365 1.0
261 374 1.0
261 381 1.0
261 384 1.0
261 392 1.0
261 394 1.0
261 395 1.0
261 397 1.0
261 404 1.0
261 405 1.0
261 419 1.0
261 424 1.0
261 425 1.0
261 427 1.0
261 440 -1.0
261 442 1.0
261 455 1.0
261 466 1.0
261 470 1.0
261 480 1.0
261 481 1.0
261 483 1.0
261 498 1.0
262 518 1.0
262 521 1.0
262 530 1.0
262 531 1.0
262 533 1.0
262 542 1.0
262 549 1.0
262 558 1.0
262 560 1.0
262 564 1.0
262 572 -1.0
262 577 1.0
262 579 1.0
262 524 1.0
262 582 1.0
262 583 1.0
262 585 1.0
262 597 1.0
262 598 1.0
262 599 1.0
262 603 1.0
262 608 1.0
262 611 1.0
262 624 1.0
262 639 1.0
262 641 1.0
262 645 1.0
262 621 1.0
262 263 1.0
262 267 1.0
262 269 1.0
262 270 1.0
262 271 1.0
262 273 1.0
262 276 1.0
262 278 1.0
262 279 1.0
262 280 1.0
262 281 1.0
262 282 1.0
262 285 1.0
262 287 1.0
262 289 1.0
262 292 -1.0
262 296 1.0
262 302 1.0
262 303 1.0
262 305 1.0
262 307 1.0
262 308 1.0
262 309 1.0
262 310 1.0
262 311 1.0
262 314 -1.0
262 315 1.0
262 316 1.0
262 319 1.0
262 321 -1.0
262 322 1.0
262 326 1.0
262 327 1.0
262 328 1.0
262 338 1.0
262 339 1.0
262 340 -1.0
262 342 -1.0
262 346 1.0
262 347 -1.0
262 348 -1.0
262 349 1.0
262 354 1.0
262 355 1.0
262 356 1.0
262 357 1.0
262 361 1.0
262 368 1.0
262 372 1.0
262 373 1.0
262 379 1.0
262 382 1.0
262 384 1.0
262 389 1.0
262 400 1.0
262 580 1.0
262 405 1.0
262 410 1.0
262 414 1.0
262 418 1.0
262 420 -1.0
262 428 1.0
262 434 -1.0
262 435 1.0
262 438 1.0
262 443 1.0
262 457 1.0
262 458 1.0
262 472 1.0
262 473 1.0
262 474 1.0
262 475 1.0
262 477 1.0
262 480 1.0
262 488 1.0
262 494 1.0
262 496 1.0
262 497 1.0
262 509 1.0
262 511 1.0
263 513 1.0
263 525 1.0
263 527 1.0
263 535 1.0
263 540 1.0
263 544 1.0
263 551 1.0
263 557 1.0
263 563 1.0
263 575 1.0
263 578 1.0
263 579 1.0
263 590 1.0
263 609 -1.0
263 627 1.0
263 629 -1.0
263 633 1.0
263 639 1.0
263 643 1.0
263 602 -1.0
263 264 1.0
263 265 1.0
263 266 1.0
263 268 1.0
263 269 1.0
263 271 1.0
263 272 1.0
263 273 1.0
263 274 1.0
263 275 1.0
263 276 1.0
263 277 -1.0
263 278 1.0
263 279 1.0
263 280 1.0
263 281 1.0
263 282 1.0
263 283 1.0
263 285 1.0
263 286 -1.0
263 289 1.0
263 290 1.0
263 295 1.0
263 301 1.0
263 302 1.0
263 303 1.0
263 304 1.0
263 305 1.0
263 306 1.0
263 312 1.0
263 313 1.0
263 314 1.0
263 318 1.0
263 319 1.0
263 321 1.0
263 323 1.0
263 324 1.0
263 325 1.0
263 327 1.0
263 329 1.0
263 331 1.0
263 333 1.0
263 334 1.0
263 341 1.0
263 342 1.0
263 343 1.0
263 344 1.0
263 348 1.0
263 351 -1.0
263 353 1.0
263 366 1.0
263 373 1.0
263 379 1.0
263 385 1.0
263 387 1.0
263 389 1.0
263 415 -1.0
263 416 1.0
263 418 1.0
263 421 1.0
263 425 1.0
263 430 1.0
263 435 1.0
263 436 1.0
263 460 1.0
263 462 1.0
263 463 1.0
263 467 1.0
263 475 1.0
263 484 1.0
263 485 1.0
263 487 1.0
263 495 1.0
263 504 1.0
263 507 1.0
264 515 -1.0
264 526 1.0
264 527 -1.0
264 534 1.0
264 539 1.0
264 547 1.0
264 553 1.0
264 557 1.0
264 562 1.0
264 574 1.0
264 575 -1.0
264 579 1.0
264 583 1.0
264 584 -1.0
264 601 1.0
264 610 -1.0
264 611 1.0
264 619 1.0
264 616 1.0
264 621 1.0
264 622 1.0
264 629 1.0
264 631 1.0
264 632 -1.0
264 637 1.0
264 641 1.0
264 535 1.0
264 647 1.0
264 288 1.0
264 267 1.0
264 269 1.0
264 271 1.0
264 273 1.0
264 275 1.0
264 276 1.0
264 277 1.0
264 278 1.0
264 279 1.0
264 285 1.0
264 293 1.0
264 296 1.0
264 297 1.0
264 298 1.0
264 299 -1.0
264 301 1.0
264 302 -1.0
264 304 1.0
264 307 1.0
264 308 1.0
264 312 1.0
264 313 1.0
264 314 1.0
264 317 1.0
264 318 1.0
264 321 1.0
264 322 1.0
264 324 1.0
264 325 1.0
264 326 1.0
264 327 1.0
264 330 1.0
264 331 1.0
264 337 1.0
264 338 -1.0
264 340 1.0
264 342 1.0
264 344 1.0
264 347 1.0
264 349 -1.0
264 357 1.0
264 359 1.0
264 361 1.0
264 363 1.0
264 374 1.0
264 380 -1.0
264 382 1.0
264 577 1.0
264 390 1.0
264 411 1.0
264 428 1.0
264 429 1.0
264 430 1.0
264 433 1.0
264 434 1.0
264 436 1.0
264 441 1.0
264 446 1.0
264 449 1.0
264 453 1.0
264 459 1.0
264 462 1.0
264 464 1.0
264 468 1.0
264 470 1.0
264 471 1.0
264 472 1.0
264 473 1.0
264 483 1.0
264 486 1.0
264 491 1.0
264 498 1.0
264 499 1.0
264 503 1.0
264 506 -1.0
264 510 1.0
264 512 1.0
265 514 1.0
265 518 1.0
265 521 1.0
265 529 1.0
265 531 1.0
265 542 1.0
265 546 1.0
265 547 1.0
265 549 1.0
265 554 1.0
265 555 1.0
265 557 1.0
265 607 1.0
265 583 1.0
265 588 1.0
265 589 1.0
265 594 1.0
265 599 1.0
265 619 1.0
265 623 1.0
265 624 1.0
265 625 1.0
265 626 1.0
265 627 -1.0
265 639 1.0
265 267 1.0
265 269 1.0
265 271 1.0
265 272 1.0
265 276 1.0
265 278 1.0
265 279 1.0
265 280 1.0
265 281 1.0
265 285 1.0
265 286 1.0
265 289 -1.0
265 291 1.0
265 293 1.0
265 294 1.0
265 295 1.0
265 299 1.0
265 300 1.0
265 301 1.0
265 303 1.0
265 305 -1.0
265 307 1.0
265 308 1.0
265 310 -1.0
265 311 1.0
265 313 1.0
265 314 1.0
265 316 1.0
265 319 1.0
265 320 1.0
265 322 1.0
265 325 1.0
265 330 1.0
265 332 1.0
265 334 1.0
265 335 1.0
265 337 1.0
265 339 1.0
265 347 1.0
265 348 1.0
265 356 1.0
265 359 1.0
265 367 1.0
265 368 1.0
265 374 1.0
265 375 -1.0
265 378 1.0
265 382 1.0
265 384 1.0
265 388 1.0
265 389 1.0
265 392 1.0
265 396 1.0
265 400 1.0
265 405 1.0
265 406 1.0
265 409 1.0
265 415 1.0
265 416 1.0
265 420 1.0
265 425 1.0
265 426 1.0
265 433 1.0
265 443 1.0
265 450 -1.0
265 451 1.0
265 456 1.0
265 463 1.0
265 468 1.0
265 472 1.0
265 478 1.0
265 481 1.0
265 486 1.0
265 493 1.0
265 499 1.0
265 504 -1.0
265 509 -1.0
266 520 1.0
266 649 1.0
266 528 1.0
266 529 1.0
266 531 1.0
266 535 1.0
266 545 1.0
266 548 1.0
266 549 -1.0
266 566 1.0
266 567 1.0
266 569 1.0
266 570 1.0
266 580 1.0
266 584 1.0
266 594 1.0
266 600 1.0
266 610 -1.0
266 623 1.0
266 532 1.0
266 634 1.0
266 637 1.0
266 638 1.0
266 641 1.0
266 267 1.0
266 268 1.0
266 269 1.0
266 271 1.0
266 273 1.0
266 274 1.0
266 275 1.0
266 276 1.0
266 279 1.0
266 280 1.0
266 281 1.0
266 284 1.0
266 285 1.0
266 290 -1.0
266 294 1.0
266 295 1.0
266 298 1.0
266 300 1.0
266 303 -1.0
266 306 1.0
266 307 1.0
266 308 1.0
266 309 1.0
266 310 1.0
266 315 1.0
266 318 1.0
266 319 1.0
266 320 -1.0
266 322 1.0
266 324 1.0
266 325 1.0
266 326 1.0
266 329 1.0
266 331 1.0
266 332 1.0
266 333 -1.0
266 334 1.0
266 336 1.0
266 337 -1.0
266 340 1.0
266 341 1.0
266 347 1.0
266 348 1.0
266 349 1.0
266 352 1.0
266 359 1.0
266 360 1.0
266 361 1.0
266 381 1.0
266 384 1.0
266 387 1.0
266 391 1.0
266 401 1.0
266 403 -1.0
266 412 1.0
266 413 1.0
266 414 1.0
266 418 1.0
266 419 1.0
266 422 -1.0
266 424 1.0
266 425 1.0
266 426 1.0
266 429 1.0
266 437 1.0
266 457 1.0
266 467 1.0
266 471 1.0
266 473 1.0
266 482 1.0
266 553 1.0
266 490 1.0
266 496 1.0
266 499 1.0
266 507 1.0
267 513 1.0
267 516 1.0
267 517 1.0
267 526 1.0
267 529 1.0
267 601 1.0
267 532 1.0
267 545 1.0
267 548 1.0
267 551 1.0
267 555 1.0
267 558 1.0
267 559 1.0
267 563 1.0
267 564 1.0
267 581 1.0
267 586 1.0
267 590 1.0
267 596 1.0
267 598 1.0
267 608 -1.0
267 623 1.0
267 631 1.0
267 632 -1.0
267 269 1.0
267 270 1.0
267 276 1.0
267 277 1.0
267 281 1.0
267 287 1.0
267 288 1.0
267 289 1.0
267 290 1.0
267 291 1.0
267 294 1.0
267 297 1.0
267 305 1.0
267 308 1.0
267 310 1.0
267 312 1.0
267 313 1.0
267 315 1.0
267 316 1.0
267 318 1.0
267 325 1.0
267 326 1.0
267 328 1.0
267 331 1.0
267 335 1.0
267 336 1.0
267 344 1.0
267 346 1.0
267 349 1.0
267 350 1.0
267 356 1.0
267 359 1.0
267 370 1.0
267 373 1.0
267 374 1.0
267 375 1.0
267 377 1.0
267 379 1.0
267 383 1.0
267 394 1.0
267 396 -1.0
267 403 1.0
267 404 1.0
267 405 1.0
267 408 1.0
267 413 1.0
267 420 1.0
267 421 -1.0
267 426 1.0
267 433 1.0
267 442 1.0
267 446 1.0
267 449 1.0
267 450 1.0
267 460 -1.0
267 461 1.0
267 462 1.0
267 630 1.0
267 471 1.0
267 484 1.0
267 488 1.0
267 493 1.0
267 500 1.0
267 512 1.0
268 528 1.0
268 530 1.0
268 537 1.0
268 540 1.0
268 543 1.0
268 551 1.0
268 560 1.0
268 567 1.0
268 570 1.0
268 572 1.0
268 576 1.0
268 577 1.0
268 581 1.0
268 592 1.0
268 600 1.0
268 610 1.0
268 613 1.0
268 624 1.0
268 627 1.0
268 631 1.0
268 634 1.0
268 635 1.0
268 271 -1.0
268 272 1.0
268 274 1.0
268 275 1.0
268 276 1.0
268 279 1.0
268 280 1.0
268 281 1.0
268 283 -1.0
268 285 1.0
268 288 1.0
268 289 1.0
268 292 1.0
268 293 1.0
268 296 1.0
268 298 1.0
268 299 1.0
268 301 1.0
268 303 1.0
268 310 1.0
268 311 1.0
268 312 1.0
268 315 1.0
268 316 1.0
268 317 1.0
268 318 1.0
268 320 -1.0
268 321 1.0
268 322 1.0
268 329 1.0
268 333 1.0
268 334 1.0
268 336 1.0
268 337 1.0
268 341 1.0
268 342 1.0
268 345 1.0
268 347 1.0
268 350 1.0
268 352 1.0
268 354 1.0
268 355 1.0
268 359 1.0
268 361 1.0
268 367 1.0
268 388 1.0
268 389 -1.0
268 394 1.0
268 400 1.0
268 406 1.0
268 411 1.0
268 414 1.0
268 424 1.0
268 432 1.0
268 441 -1.0
268 443 1.0
268 444 1.0
268 448 1.0
268 449 1.0
268 450 1.0
268 453 -1.0
268 460 1.0
268 464 1.0
268 472 1.0
268 474 1.0
268 476 1.0
268 478 1.0
268 479 1.0
268 480 1.0
268 484 1.0
268 485 1.0
268 486 1.0
268 487 1.0
268 491 1.0
268 493 1.0
268 496 1.0
268 498 1.0
268 506 1.0
268 509 1.0
268 511 1.0
269 521 1.0
269 523 1.0
269 524 1.0
269 531 1.0
269 533 1.0
269 537 1.0
269 540 1.0
269 544 1.0
269 545 1.0
269 550 -1.0
269 553 1.0
269 556 1.0
269 561 1.0
269 564 1.0
269 577 1.0
269 578 1.0
269 589 1.0
269 595 1.0
269 597 1.0
269 600 1.0
269 602 1.0
269 607 1.0
269 614 1.0
269 618 1.0
269 625 1.0
269 630 1.0
269 637 1.0
269 642 1.0
269 650 1.0
269 539 1.0
269 271 1.0
269 276 1.0
269 277 1.0
269 278 1.0
269 280 1.0
269 284 1.0
269 286 1.0
269 287 1.0
269 293 1.0
269 294 1.0
269 296 1.0
269 298 1.0
269 300 1.0
269 303 1.0
269 305 1.0
269 306 1.0
269 307 1.0
269 308 1.0
269 313 1.0
269 315 1.0
269 316 1.0
269 321 1.0
269 322 1.0
269 326 1.0
269 328 1.0
269 329 1.0
269 331 1.0
269 333 1.0
269 334 1.0
269 336 1.0
269 340 1.0
269 341 1.0
269 342 1.0
269 343 1.0
269 344 1.0
269 346 1.0
269 347 1.0
269 350 1.0
269 352 1.0
269 361 1.0
269 363 1.0
269 367 1.0
269 368 1.0
269 369 1.0
269 370 1.0
269 372 1.0
269 378 1.0
269 379 1.0
269 387 1.0
269 389 1.0
269 393 1.0
269 396 1.0
269 398 1.0
269 400 1.0
269 407 1.0
269 409 1.0
269 415 1.0
269 416 1.0
269 420 -1.0
269 423 -1.0
269 428 1.0
269 430 1.0
269 432 1.0
269 438 1.0
269 446 1.0
269 455 1.0
269 458 1.0
269 461 1.0
269 464 1.0
269 467 1.0
269 478 1.0
269 484 -1.0
269 487 1.0
269 489 1.0
269 504 1.0
269 507 1.0
270 516 1.0
270 517 1.0
270 525 1.0
270 527 1.0
270 537 1.0
270 538 1.0
270 539 1.0
270 546 1.0
270 581 1.0
270 583 1.0
270 596 1.0
270 613 -1.0
270 617 1.0
270 630 1.0
270 631 1.0
270 633 1.0
270 637 1.0
270 647 1.0
270 648 1.0
270 271 1.0
270 273 1.0
270 274 1.0
270 275 1.0
270 276 1.0
270 277 1.0
270 278 1.0
270 279 1.0
270 281 1.0
270 282 1.0
270 285 1.0
270 286 1.0
270 288 -1.0
270 289 1.0
270 295 1.0
270 297 1.0
270 300 1.0
270 303 1.0
270 305 1.0
270 306 1.0
270 309 1.0
270 311 1.0
270 314 1.0
270 318 1.0
270 319 1.0
270 321 1.0
270 322 -1.0
270 323 1.0
270 324 1.0
270 325 1.0
270 326 1.0
270 328 1.0
270 329 1.0
270 330 1.0
270 331 1.0
270 334 1.0
270 336 1.0
270 338 1.0
270 342 1.0
270 344 1.0
270 346 1.0
270 347 1.0
270 350 1.0
270 353 1.0
270 354 1.0
270 356 1.0
270 357 1.0
270 361 1.0
270 374 1.0
270 379 1.0
270 385 1.0
270 386 1.0
270 399 1.0
270 408 1.0
270 411 1.0
270 414 -1.0
270 416 1.0
270 419 1.0
270 422 1.0
270 429 1.0
270 434 1.0
270 437 1.0
270 441 1.0
270 450 1.0
270 588 1.0
270 453 1.0
270 455 1.0
270 456 1.0
270 464 -1.0
270 465 1.0
270 467 1.0
270 481 1.0
270 499 1.0
270 500 -1.0
270 506 1.0
270 507 1.0
270 508 1.0
270 509 -1.0
271 514 1.0
271 519 1.0
271 533 1.0
271 539 1.0
271 548 1.0
271 549 1.0
271 562 1.0
271 572 1.0
271 609 1.0
271 581 1.0
271 629 1.0
271 631 1.0
271 634 1.0
271 639 1.0
271 641 1.0
271 645 1.0
271 640 1.0
271 272 1.0
271 275 1.0
271 276 -1.0
271 277 1.0
271 279 1.0
271 284 1.0
271 286 1.0
271 287 1.0
271 288 1.0
271 290 -1.0
271 291 1.0
271 292 1.0
271 293 1.0
271 294 1.0
271 296 1.0
271 297 1.0
271 300 1.0
271 301 1.0
271 302 1.0
271 304 1.0
271 305 1.0
271 306 1.0
271 307 1.0
271 308 1.0
271 313 1.0
271 314 -1.0
271 315 1.0
271 322 1.0
271 323 1.0
271 324 1.0
271 325 -1.0
271 326 1.0
271 327 1.0
271 328 1.0
271 329 1.0
271 330 1.0
271 331 -1.0
271 332 1.0
271 341 1.0
271 342 1.0
271 345 1.0
271 348 1.0
271 351 -1.0
271 352 1.0
271 353 1.0
271 354 1.0
271 355 1.0
271 356 1.0
271 357 -1.0
271 358 1.0
271 360 1.0
271 363 1.0
271 370 1.0
271 375 1.0
271 406 1.0
271 411 1.0
271 424 1.0
271 428 1.0
271 433 1.0
271 451 1.0
271 455 1.0
271 460 1.0
271 464 1.0
271 468 1.0
271 591 1.0
271 477 1.0
271 490 1.0
271 496 1.0
271 501 1.0
271 507 1.0
272 516 1.0
272 518 1.0
272 521 1.0
272 526 1.0
272 531 1.0
272 533 1.0
272 547 -1.0
272 551 1.0
272 552 1.0
272 557 1.0
272 558 1.0
272 579 1.0
272 583 1.0
272 587 1.0
272 590 1.0
272 591 1.0
272 592 1.0
272 603 1.0
272 607 1.0
272 608 1.0
272 609 1.0
272 610 1.0
272 616 1.0
272 630 1.0
272 636 1.0
272 643 1.0
272 645 1.0
272 646 1.0
272 275 -1.0
272 276 1.0
272 277 1.0
272 278 1.0
272 279 -1.0
272 282 1.0
272 284 1.0
272 286 1.0
272 288 -1.0
272 289 1.0
272 290 1.0
272 292 1.0
272 296 1.0
272 299 1.0
272 301 1.0
272 303 1.0
272 304 1.0
272 309 -1.0
272 310 1.0
272 312 1.0
272 315 1.0
272 316 1.0
272 317 1.0
272 319 1.0
272 321 1.0
272 322 1.0
272 323 1.0
272 324 1.0
272 325 1.0
272 332 -1.0
272 333 1.0
272 334 1.0
272 335 1.0
272 337 1.0
272 338 1.0
272 339 1.0
272 340 1.0
272 341 -1.0
272 342 1.0
272 343 1.0
272 345 -1.0
272 347 1.0
272 351 1.0
272 352 1.0
272 356 1.0
272 359 1.0
272 363 1.0
272 368 -1.0
272 384 1.0
272 387 1.0
272 397 -1.0
272 425 1.0
272 427 1.0
272 445 1.0
272 453 1.0
272 462 1.0
272 470 1.0
272 472 1.0
272 475 1.0
272 477 1.0
272 478 -1.0
272 485 1.0
272 487 1.0
272 497 1.0
272 500 1.0
272 504 1.0
272 506 1.0
272 507 -1.0
272 508 1.0
273 517 1.0
273 519 1.0
273 531 1.0
273 533 1.0
273 535 1.0
273 541 1.0
273 545 1.0
273 558 1.0
273 578 1.0
273 581 1.0
273 583 1.0
273 587 -1.0
273 591 1.0
273 596 1.0
273 598 1.0
273 605 1.0
273 606 1.0
273 607 1.0
273 609 -1.0
273 529 1.0
273 615 1.0
273 620 1.0
273 623 1.0
273 626 1.0
273 633 1.0
273 644 1.0
273 274 1.0
273 276 -1.0
273 277 1.0
273 279 -1.0
273 288 1.0
273 289 1.0
273 290 1.0
273 293 1.0
273 296 1.0
273 298 1.0
273 299 1.0
273 303 1.0
273 304 1.0
273 307 1.0
273 308 1.0
273 309 1.0
273 313 1.0
273 315 1.0
273 318 1.0
273 321 1.0
273 325 1.0
273 327 1.0
273 328 -1.0
273 329 1.0
273 333 1.0
273 336 1.0
273 338 1.0
273 340 1.0
273 341 1.0
273 342 1.0
273 344 1.0
273 350 1.0
273 352 1.0
273 353 1.0
273 354 1.0
273 356 1.0
273 359 -1.0
273 360 1.0
273 364 1.0
273 374 1.0
273 383 1.0
273 385 1.0
273 404 1.0
273 406 1.0
273 407 1.0
273 411 1.0
273 412 1.0
273 414 1.0
273 420 1.0
273 421 1.0
273 444 1.0
273 448 -1.0
273 451 1.0
273 452 1.0
273 458 -1.0
273 466 1.0
273 468 1.0
273 476 1.0
273 483 -1.0
273 488 -1.0
273 497 1.0
273 502 1.0
273 505 -1.0
274 513 1.0
274 516 1.0
274 519 1.0
274 532 1.0
274 534 1.0
274 538 1.0
274 604 1.0
274 549 1.0
274 550 1.0
274 558 1.0
274 560 1.0
274 562 1.0
274 585 1.0
274 594 1.0
274 602 1.0
274 606 1.0
274 625 1.0
274 626 1.0
274 637 1.0
274 639 1.0
274 640 1.0
274 649 -1.0
274 650 1.0
274 627 1.0
274 543 1.0
274 275 1.0
274 276 1.0
274 279 1.0
274 282 1.0
274 284 1.0
274 286 1.0
274 288 1.0
274 289 1.0
274 291 -1.0
274 292 1.0
274 293 1.0
274 647 1.0
274 298 1.0
274 300 1.0
274 301 1.0
274 306 1.0
274 307 1.0
274 309 1.0
274 310 1.0
274 311 1.0
274 314 1.0
274 315 1.0
274 318 1.0
274 319 1.0
274 321 1.0
274 322 1.0
274 324 1.0
274 326 1.0
274 330 1.0
274 331 1.0
274 332 1.0
274 334 1.0
274 336 1.0
274 337 1.0
274 338 1.0
274 340 1.0
274 341 1.0
274 342 1.0
274 643 1.0
274 344 1.0
274 348 1.0
274 349 1.0
274 350 1.0
274 352 1.0
274 353 1.0
274 355 -1.0
274 356 1.0
274 357 1.0
274 574 1.0
274 385 1.0
274 389 1.0
274 399 1.0
274 402 1.0
274 410 1.0
274 413 1.0
274 418 1.0
274 419 1.0
274 422 1.0
274 434 -1.0
274 435 1.0
274 442 1.0
274 447 -1.0
274 448 -1.0
274 449 1.0
274 450 1.0
274 454 1.0
274 456 1.0
274 457 1.0
274 459 1.0
274 464 1.0
274 466 1.0
274 475 1.0
274 503 1.0
275 516 1.0
275 518 1.0
275 521 1.0
275 528 1.0
275 534 1.0
275 542 -1.0
275 547 1.0
275 558 1.0
275 560 1.0
275 562 1.0
275 565 -1.0
275 574 1.0
275 579 1.0
275 583 1.0
275 584 1.0
275 585 1.0
275 589 1.0
275 591 1.0
275 594 1.0
275 595 1.0
275 612 -1.0
275 527 1.0
275 600 1.0
275 604 1.0
275 605 1.0
275 610 1.0
275 635 1.0
275 617 1.0
275 623 1.0
275 624 1.0
275 625 1.0
275 638 1.0
275 642 1.0
275 646 1.0
275 640 1.0
275 276 1.0
275 282 1.0
275 283 1.0
275 284 1.0
275 286 1.0
275 288 1.0
275 289 1.0
275 293 -1.0
275 296 1.0
275 297 -1.0
275 298 1.0
275 300 1.0
275 301 1.0
275 305 1.0
275 306 1.0
275 307 1.0
275 308 1.0
275 310 -1.0
275 312 1.0
275 313 1.0
275 315 -1.0
275 317 1.0
275 318 1.0
275 320 1.0
275 322 1.0
275 323 1.0
275 324 1.0
275 325 1.0
275 329 1.0
275 332 1.0
275 334 1.0
275 336 1.0
275 337 1.0
275 338 1.0
275 340 1.0
275 341 1.0
275 344 1.0
275 347 1.0
275 348 1.0
275 357 1.0
275 359 1.0
275 363 1.0
275 364 1.0
275 371 -1.0
275 575 1.0
275 378 1.0
275 380 1.0
275 390 1.0
275 391 1.0
275 392 1.0
275 395 1.0
275 400 1.0
275 402 1.0
275 403 -1.0
275 407 1.0
275 417 1.0
275 423 1.0
275 432 1.0
275 436 1.0
275 438 1.0
275 442 1.0
275 443 1.0
275 447 1.0
275 449 1.0
275 454 1.0
275 459 1.0
275 460 1.0
275 471 1.0
275 480 1.0
275 490 1.0
275 493 1.0
275 496 1.0
275 498 -1.0
276 515 1.0
276 516 1.0
276 519 1.0
276 523 -1.0
276 525 1.0
276 533 -1.0
276 545 1.0
276 546 1.0
276 547 1.0
276 548 1.0
276 550 1.0
276 554 1.0
276 564 1.0
276 567 -1.0
276 572 1.0
276 574 1.0
276 579 1.0
276 582 1.0
276 583 1.0
276 585 1.0
276 610 1.0
276 613 1.0
276 625 1.0
276 632 1.0
276 648 1.0
276 628 1.0
276 278 1.0
276 279 1.0
276 283 1.0
276 284 1.0
276 287 1.0
276 288 1.0
276 290 1.0
276 291 1.0
276 294 1.0
276 296 1.0
276 298 1.0
276 302 1.0
276 303 1.0
276 304 1.0
276 305 1.0
276 306 1.0
276 307 1.0
276 314 1.0
276 318 1.0
276 320 1.0
276 326 1.0
276 328 1.0
276 330 1.0
276 331 1.0
276 332 1.0
276 334 1.0
276 336 1.0
276 337 -1.0
276 341 1.0
276 342 1.0
276 345 1.0
276 346 1.0
276 351 1.0
276 352 1.0
276 353 1.0
276 354 -1.0
276 356 1.0
276 358 1.0
276 359 1.0
276 360 1.0
276 361 1.0
276 362 1.0
276 366 1.0
276 368 1.0
276 374 1.0
276 384 1.0
276 641 1.0
276 402 1.0
276 403 1.0
276 405 1.0
276 407 1.0
276 413 1.0
276 431 1.0
276 432 1.0
276 437 1.0
276 444 1.0
276 457 -1.0
276 460 1.0
276 462 1.0
276 465 1.0
276 474 1.0
276 492 1.0
276 497 1.0
276 500 1.0
276 510 1.0
277 522 1.0
277 530 1.0
277 536 1.0
277 545 1.0
277 552 -1.0
277 569 1.0
277 578 1.0
277 610 1.0
277 585 -1.0
277 598 1.0
277 612 1.0
277 613 1.0
277 620 1.0
277 627 1.0
277 632 1.0
277 636 1.0
277 638 1.0
277 640 1.0
277 644 1.0
277 281 1.0
277 285 1.0
277 286 1.0
277 289 -1.0
277 290 1.0
277 294 -1.0
277 295 1.0
277 298 1.0
277 303 1.0
277 305 1.0
277 306 1.0
277 307 1.0
277 309 1.0
277 311 1.0
277 313 1.0
277 314 1.0
277 315 -1.0
277 316 1.0
277 317 1.0
277 318 1.0
277 319 1.0
277 320 1.0
277 321 1.0
277 322 1.0
277 324 1.0
277 326 1.0
277 330 1.0
277 331 1.0
277 333 -1.0
277 334 1.0
277 336 1.0
277 337 1.0
277 340 1.0
277 346 1.0
277 349 -1.0
277 351 1.0
277 354 1.0
277 355 1.0
277 356 1.0
277 357 1.0
277 359 1.0
277 365 1.0
277 372 1.0
277 383 1.0
277 384 1.0
277 388 1.0
277 390 -1.0
277 393 1.0
277 398 1.0
277 410 1.0
277 413 1.0
277 417 1.0
277 421 1.0
277 423 1.0
277 424 1.0
277 428 1.0
277 439 1.0
277 442 1.0
277 449 1.0
277 450 1.0
277 453 -1.0
277 454 1.0
277 460 1.0
277 463 1.0
277 465 1.0
277 466 1.0
277 470 1.0
277 473 1.0
277 475 1.0
277 481 1.0
277 484 1.0
277 492 -1.0
277 493 1.0
277 496 1.0
277 497 1.0
277 505 1.0
277 510 1.0
277 511 1.0
278 516 1.0
278 519 1.0
278 521 1.0
278 532 1.0
278 537 -1.0
278 547 1.0
278 562 1.0
278 565 -1.0
278 575 1.0
278 576 -1.0
278 579 1.0
278 589 1.0
278 593 1.0
278 603 1.0
278 605 1.0
278 612 -1.0
278 613 1.0
278 614 1.0
278 615 1.0
278 619 1.0
278 624 1.0
278 626 1.0
278 631 1.0
278 633 1.0
278 635 1.0
278 535 1.0
278 648 1.0
278 622 1.0
278 279 1.0
278 280 1.0
278 281 1.0
278 282 1.0
278 283 1.0
278 284 -1.0
278 285 1.0
278 286 1.0
278 291 1.0
278 300 1.0
278 303 1.0
278 304 1.0
278 305 -1.0
278 307 1.0
278 309 1.0
278 311 1.0
278 650 1.0
278 314 1.0
278 316 1.0
278 318 1.0
278 319 1.0
278 321 1.0
278 322 1.0
278 323 1.0
278 325 1.0
278 326 1.0
278 327 1.0
278 329 1.0
278 330 -1.0
278 335 1.0
278 337 1.0
278 339 1.0
278 348 1.0
278 352 -1.0
278 355 1.0
278 356 1.0
278 358 1.0
278 359 1.0
278 360 1.0
278 361 1.0
278 362 1.0
278 365 1.0
278 366 1.0
278 367 1.0
278 379 1.0
278 381 1.0
278 389 1.0
278 392 1.0
278 403 1.0
278 405 1.0
278 425 1.0
278 427 1.0
278 428 1.0
278 429 1.0
278 438 1.0
278 440 1.0
278 465 1.0
278 470 1.0
278 545 1.0
278 483 1.0
278 484 1.0
278 487 1.0
278 500 1.0
278 501 -1.0
278 502 1.0
278 512 1.0
279 513 1.0
279 519 1.0
279 522 1.0
279 525 1.0
279 530 1.0
279 538 1.0
279 542 1.0
279 543 1.0
279 544 1.0
279 547 1.0
279 550 1.0
279 551 1.0
279 552 1.0
279 566 1.0
279 572 1.0
279 582 1.0
279 583 -1.0
279 588 1.0
279 591 1.0
279 597 -1.0
279 606 1.0
279 615 1.0
279 630 1.0
279 631 1.0
279 632 1.0
279 634 -1.0
279 646 1.0
279 283 1.0
279 284 1.0
279 285 1.0
279 290 1.0
279 292 -1.0
279 293 1.0
279 295 1.0
279 296 1.0
279 297 1.0
279 300 1.0
279 303 1.0
279 304 1.0
279 305 1.0
279 307 1.0
279 309 1.0
279 312 1.0
279 313 1.0
279 314 1.0
279 315 1.0
279 316 1.0
279 317 1.0
279 318 1.0
279 319 1.0
279 320 1.0
279 321 1.0
279 322 1.0
279 323 1.0
279 327 1.0
279 328 1.0
279 330 1.0
279 331 -1.0
279 333 1.0
279 338 1.0
279 339 1.0
279 340 1.0
279 341 1.0
279 343 1.0
279 344 1.0
279 345 1.0
279 348 1.0
279 349 1.0
279 352 1.0
279 353 -1.0
279 354 1.0
279 358 1.0
279 359 1.0
279 363 1.0
279 364 -1.0
279 367 1.0
279 373 1.0
279 375 1.0
279 383 -1.0
279 387 1.0
279 391 1.0
279 405 1.0
279 425 1.0
279 431 1.0
279 437 1.0
279 461 1.0
279 464 -1.0
279 465 1.0
279 469 -1.0
279 562 1.0
279 545 1.0
279 474 1.0
279 475 1.0
279 592 1.0
279 478 1.0
279 479 1.0
279 487 1.0
279 490 1.0
279 492 1.0
279 497 1.0
279 596 1.0
279 501 1.0
279 507 1.0
279 510 1.0
279 512 1.0
280 514 1.0
280 516 1.0
280 599 1.0
280 523 -1.0
280 526 1.0
280 528 1.0
280 537 1.0
280 546 -1.0
280 551 1.0
280 570 -1.0
280 573 -1.0
280 586 1.0
280 587 1.0
280 596 1.0
280 597 1.0
280 606 1.0
280 610 1.0
280 625 1.0
280 628 1.0
280 629 1.0
280 634 1.0
280 636 1.0
280 650 -1.0
280 640 -1.0
280 642 1.0
280 281 -1.0
280 282 1.0
280 283 -1.0
280 286 1.0
280 287 1.0
280 288 1.0
280 290 1.0
280 291 -1.0
280 292 1.0
280 293 1.0
280 295 1.0
280 296 1.0
280 297 1.0
280 298 1.0
280 300 1.0
280 304 1.0
280 305 1.0
280 308 1.0
280 311 1.0
280 312 1.0
280 313 1.0
280 317 1.0
280 318 1.0
280 322 1.0
280 323 1.0
280 324 1.0
280 326 1.0
280 327 1.0
280 328 1.0
280 329 1.0
280 332 1.0
280 336 1.0
280 337 1.0
280 338 1.0
280 341 -1.0
280 343 1.0
280 344 1.0
280 346 1.0
280 347 1.0
280 350 1.0
280 351 1.0
280 352 1.0
280 354 -1.0
280 358 1.0
280 359 1.0
280 360 -1.0
280 364 1.0
280 365 1.0
280 366 1.0
280 379 1.0
280 382 1.0
280 383 1.0
280 387 1.0
280 392 -1.0
280 395 1.0
280 406 1.0
280 411 1.0
280 413 1.0
280 414 1.0
280 419 1.0
280 420 1.0
280 423 1.0
280 433 1.0
280 441 1.0
280 457 1.0
280 589 1.0
280 466 1.0
280 475 1.0
280 479 1.0
280 480 1.0
280 481 1.0
280 483 1.0
280 485 1.0
280 494 1.0
280 500 1.0
280 504 1.0
280 506 1.0
280 507 -1.0
280 510 1.0
281 516 1.0
281 518 1.0
281 521 1.0
281 523 -1.0
281 525 1.0
281 529 1.0
281 537 1.0
281 540 1.0
281 547 1.0
281 559 1.0
281 576 1.0
281 587 1.0
281 590 1.0
281 593 1.0
281 597 -1.0
281 599 1.0
281 600 -1.0
281 610 -1.0
281 612 1.0
281 618 1.0
281 620 1.0
281 626 1.0
281 628 1.0
281 646 1.0
281 649 1.0
281 556 1.0
281 283 1.0
281 289 1.0
281 290 1.0
281 293 -1.0
281 296 1.0
281 299 1.0
281 300 1.0
281 302 1.0
281 303 1.0
281 306 1.0
281 310 1.0
281 311 -1.0
281 312 1.0
281 319 1.0
281 320 1.0
281 321 1.0
281 323 1.0
281 324 1.0
281 325 1.0
281 326 1.0
281 327 1.0
281 330 1.0
281 331 1.0
281 332 -1.0
281 336 1.0
281 339 1.0
281 340 1.0
281 345 1.0
281 346 1.0
281 347 1.0
281 348 1.0
281 349 1.0
281 351 1.0
281 352 1.0
281 353 1.0
281 355 1.0
281 356 1.0
281 357 1.0
281 359 1.0
281 361 1.0
281 363 1.0
281 364 1.0
281 367 1.0
281 372 1.0
281 374 1.0
281 380 1.0
281 389 1.0
281 395 -1.0
281 403 1.0
281 409 1.0
281 414 1.0
281 415 -1.0
281 421 1.0
281 428 1.0
281 431 1.0
281 435 -1.0
281 436 -1.0
281 437 1.0
281 449 1.0
281 457 1.0
281 481 1.0
281 485 1.0
281 488 1.0
281 489 1.0
281 491 1.0
281 501 1.0
281 506 1.0
281 507 1.0
281 509 -1.0
282 514 -1.0
282 529 1.0
282 536 1.0
282 539 -1.0
282 540 1.0
282 546 1.0
282 608 -1.0
282 559 1.0
282 574 1.0
282 566 1.0
282 567 1.0
282 572 1.0
282 577 1.0
282 578 1.0
282 581 1.0
282 582 1.0
282 583 1.0
282 615 1.0
282 623 1.0
282 624 1.0
282 626 1.0
282 637 1.0
282 639 1.0
282 646 1.0
282 621 1.0
282 628 1.0
282 283 1.0
282 284 1.0
282 285 1.0
282 286 1.0
282 289 1.0
282 292 1.0
282 293 1.0
282 295 1.0
282 297 1.0
282 299 1.0
282 302 1.0
282 303 1.0
282 304 1.0
282 305 1.0
282 309 1.0
282 310 -1.0
282 311 1.0
282 312 1.0
282 314 1.0
282 315 1.0
282 318 1.0
282 320 1.0
282 321 1.0
282 322 1.0
282 323 1.0
282 324 1.0
282 325 1.0
282 327 1.0
282 328 -1.0
282 335 1.0
282 338 1.0
282 339 1.0
282 340 1.0
282 341 1.0
282 342 1.0
282 343 1.0
282 345 1.0
282 347 -1.0
282 348 1.0
282 350 1.0
282 352 1.0
282 353 1.0
282 354 -1.0
282 356 1.0
282 359 1.0
282 365 1.0
282 367 1.0
282 369 1.0
282 371 1.0
282 389 1.0
282 400 -1.0
282 580 1.0
282 411 1.0
282 412 1.0
282 422 1.0
282 428 -1.0
282 436 1.0
282 440 1.0
282 441 1.0
282 443 1.0
282 446 1.0
282 450 1.0
282 456 1.0
282 462 1.0
282 463 1.0
282 467 -1.0
282 591 1.0
282 471 1.0
282 474 1.0
282 479 1.0
282 483 1.0
282 485 1.0
282 488 1.0
282 490 1.0
282 493 1.0
282 495 1.0
282 499 1.0
282 505 1.0
282 508 1.0
282 512 -1.0
283 515 -1.0
283 525 1.0
283 530 -1.0
283 603 1.0
283 556 -1.0
283 559 -1.0
283 566 1.0
283 567 1.0
283 592 1.0
283 593 1.0
283 594 1.0
283 596 1.0
283 599 1.0
283 601 -1.0
283 612 1.0
283 616 1.0
283 619 1.0
283 623 1.0
283 644 1.0
283 645 1.0
283 542 1.0
283 557 1.0
283 284 1.0
283 290 1.0
283 292 -1.0
283 295 1.0
283 296 1.0
283 297 1.0
283 298 1.0
283 299 1.0
283 300 1.0
283 302 1.0
283 303 1.0
283 304 1.0
283 305 1.0
283 306 1.0
283 307 1.0
283 314 1.0
283 316 1.0
283 317 1.0
283 319 1.0
283 320 1.0
283 321 1.0
283 323 1.0
283 325 1.0
283 326 1.0
283 331 1.0
283 332 1.0
283 333 1.0
283 334 1.0
283 336 1.0
283 338 -1.0
283 340 1.0
283 341 1.0
283 343 1.0
283 345 1.0
283 346 1.0
283 348 1.0
283 351 -1.0
283 363 1.0
283 364 1.0
283 365 1.0
283 366 1.0
283 369 1.0
283 371 1.0
283 376 1.0
283 385 1.0
283 391 -1.0
283 395 1.0
283 402 1.0
283 405 1.0
283 581 1.0
283 411 1.0
283 415 1.0
283 418 1.0
283 423 1.0
283 443 1.0
283 451 1.0
283 463 1.0
283 467 1.0
283 475 1.0
283 485 1.0
283 486 1.0
283 490 1.0
283 500 1.0
283 504 -1.0
283 506 1.0
283 508 1.0
284 517 -1.0
284 519 1.0
284 526 1.0
284 532 1.0
284 534 1.0
284 538 -1.0
284 546 1.0
284 554 1.0
284 569 1.0
284 577 1.0
284 584 1.0
284 585 1.0
284 586 1.0
284 587 1.0
284 588 1.0
284 590 1.0
284 600 1.0
284 609 -1.0
284 611 1.0
284 616 1.0
284 630 1.0
284 631 1.0
284 632 1.0
284 637 1.0
284 285 1.0
284 289 1.0
284 292 1.0
284 293 1.0
284 294 1.0
284 297 1.0
284 299 1.0
284 300 1.0
284 301 1.0
284 302 1.0
284 303 1.0
284 304 1.0
284 305 1.0
284 309 1.0
284 311 1.0
284 312 1.0
284 320 1.0
284 322 1.0
284 323 1.0
284 324 1.0
284 327 1.0
284 329 1.0
284 332 1.0
284 333 1.0
284 334 1.0
284 335 1.0
284 336 1.0
284 337 1.0
284 338 1.0
284 345 1.0
284 346 1.0
284 353 1.0
284 355 1.0
284 356 1.0
284 357 1.0
284 358 1.0
284 359 1.0
284 365 -1.0
284 367 1.0
284 368 1.0
284 369 -1.0
284 370 1.0
284 371 1.0
284 375 -1.0
284 376 -1.0
284 383 1.0
284 389 1.0
284 401 1.0
284 406 1.0
284 407 -1.0
284 417 1.0
284 443 1.0
284 446 1.0
284 449 1.0
284 461 1.0
284 477 1.0
284 482 1.0
284 483 -1.0
284 485 1.0
284 491 1.0
284 500 1.0
284 504 1.0
284 508 1.0
285 516 1.0
285 518 1.0
285 543 1.0
285 546 1.0
285 556 -1.0
285 559 1.0
285 577 -1.0
285 579 1.0
285 585 1.0
285 591 1.0
285 593 1.0
285 605 1.0
285 612 1.0
285 613 1.0
285 614 -1.0
285 627 1.0
285 628 1.0
285 630 1.0
285 634 1.0
285 636 1.0
285 638 1.0
285 643 1.0
285 650 1.0
285 637 1.0
285 620 1.0
285 287 1.0
285 288 1.0
285 290 1.0
285 291 1.0
285 292 1.0
285 294 1.0
285 295 1.0
285 296 1.0
285 297 1.0
285 301 1.0
285 302 1.0
285 303 1.0
285 304 1.0
285 305 1.0
285 308 1.0
285 312 1.0
285 313 1.0
285 314 1.0
285 317 1.0
285 321 1.0
285 322 1.0
285 327 1.0
285 330 1.0
285 332 1.0
285 334 1.0
285 335 1.0
285 336 1.0
285 338 1.0
285 341 1.0
285 343 1.0
285 346 1.0
285 349 1.0
285 351 1.0
285 353 -1.0
285 357 1.0
285 358 1.0
285 359 1.0
285 360 1.0
285 361 1.0
285 365 1.0
285 366 1.0
285 368 1.0
285 378 1.0
285 379 1.0
285 385 1.0
285 394 1.0
285 395 1.0
285 399 1.0
285 412 1.0
285 414 1.0
285 415 1.0
285 420 1.0
285 421 1.0
285 426 1.0
285 431 1.0
285 432 1.0
285 437 1.0
285 442 1.0
285 445 1.0
285 446 1.0
285 447 1.0
285 457 1.0
285 461 1.0
285 472 1.0
285 474 1.0
285 475 1.0
285 476 1.0
285 479 1.0
285 484 1.0
285 487 1.0
285 511 -1.0
286 513 1.0
286 602 1.0
286 544 1.0
286 546 1.0
286 549 1.0
286 553 1.0
286 556 1.0
286 562 1.0
286 569 1.0
286 571 1.0
286 523 1.0
286 575 1.0
286 578 1.0
286 584 1.0
286 588 1.0
286 590 1.0
286 527 1.0
286 613 -1.0
286 616 1.0
286 634 1.0
286 637 1.0
286 641 1.0
286 644 1.0
286 646 -1.0
286 648 1.0
286 290 1.0
286 291 1.0
286 292 1.0
286 296 1.0
286 297 1.0
286 298 1.0
286 300 1.0
286 301 1.0
286 302 1.0
286 304 1.0
286 305 1.0
286 307 1.0
286 310 1.0
286 312 1.0
286 313 1.0
286 314 1.0
286 315 1.0
286 317 1.0
286 574 1.0
286 320 1.0
286 321 1.0
286 324 1.0
286 328 1.0
286 329 1.0
286 331 1.0
286 332 1.0
286 333 -1.0
286 335 -1.0
286 336 1.0
286 337 -1.0
286 338 1.0
286 339 1.0
286 340 1.0
286 341 1.0
286 342 1.0
286 343 1.0
286 345 -1.0
286 346 -1.0
286 347 1.0
286 350 -1.0
286 352 1.0
286 356 -1.0
286 358 1.0
286 360 1.0
286 362 -1.0
286 363 1.0
286 365 1.0
286 366 1.0
286 382 1.0
286 396 1.0
286 397 1.0
286 399 1.0
286 400 1.0
286 403 1.0
286 406 1.0
286 412 1.0
286 582 1.0
286 417 1.0
286 423 1.0
286 427 1.0
286 438 1.0
286 416 1.0
286 446 1.0
286 451 1.0
286 454 1.0
286 470 -1.0
286 473 1.0
286 485 1.0
286 498 1.0
286 501 1.0
286 505 1.0
286 509 1.0
286 510 1.0
287 632 1.0
287 525 1.0
287 527 1.0
287 540 1.0
287 542 1.0
287 546 1.0
287 562 1.0
287 566 1.0
287 568 1.0
287 582 1.0
287 593 1.0
287 599 1.0
287 612 1.0
287 613 1.0
287 615 -1.0
287 616 1.0
287 624 1.0
287 629 1.0
287 618 1.0
287 635 1.0
287 638 1.0
287 640 1.0
287 647 -1.0
287 648 1.0
287 650 1.0
287 486 1.0
287 288 1.0
287 289 1.0
287 291 1.0
287 292 1.0
287 295 1.0
287 296 1.0
287 299 1.0
287 300 1.0
287 304 1.0
287 306 1.0
287 309 1.0
287 310 -1.0
287 312 1.0
287 313 1.0
287 314 1.0
287 316 1.0
287 318 1.0
287 321 1.0
287 323 1.0
287 325 1.0
287 326 1.0
287 327 1.0
287 328 1.0
287 329 1.0
287 331 1.0
287 333 1.0
287 335 1.0
287 336 1.0
287 337 1.0
287 338 1.0
287 341 1.0
287 342 1.0
287 346 1.0
287 348 1.0
287 349 1.0
287 350 1.0
287 351 1.0
287 352 1.0
287 353 1.0
287 354 1.0
287 356 1.0
287 359 1.0
287 360 1.0
287 361 1.0
287 362 1.0
287 364 1.0
287 367 1.0
287 368 1.0
287 369 1.0
287 372 1.0
287 382 1.0
287 384 -1.0
287 390 1.0
287 398 1.0
287 403 1.0
287 410 1.0
287 413 1.0
287 417 1.0
287 425 1.0
287 430 1.0
287 442 1.0
287 445 1.0
287 449 1.0
287 450 1.0
287 456 1.0
287 457 1.0
287 461 1.0
287 462 1.0
287 463 1.0
287 467 1.0
287 482 1.0
287 485 1.0
287 594 1.0
287 489 1.0
287 505 1.0
288 513 1.0
288 521 1.0
288 523 1.0
288 531 -1.0
288 532 1.0
288 537 1.0
288 539 -1.0
288 553 1.0
288 581 1.0
288 595 1.0
288 597 1.0
288 601 1.0
288 602 1.0
288 616 1.0
288 617 1.0
288 619 1.0
288 622 1.0
288 623 1.0
288 625 1.0
288 637 1.0
288 638 1.0
288 646 1.0
288 629 1.0
288 434 1.0
288 290 1.0
288 291 -1.0
288 293 1.0
288 294 1.0
288 296 1.0
288 298 1.0
288 300 1.0
288 301 -1.0
288 303 1.0
288 304 1.0
288 307 1.0
288 309 1.0
288 310 1.0
288 311 1.0
288 312 1.0
288 314 1.0
288 315 1.0
288 317 1.0
288 319 1.0
288 321 -1.0
288 323 1.0
288 324 1.0
288 326 1.0
288 327 1.0
288 328 1.0
288 329 1.0
288 330 1.0
288 331 1.0
288 332 1.0
288 333 -1.0
288 334 1.0
288 336 1.0
288 337 1.0
288 339 1.0
288 340 1.0
288 342 1.0
288 345 1.0
288 347 1.0
288 348 1.0
288 350 1.0
288 351 1.0
288 353 1.0
288 355 1.0
288 356 1.0
288 357 1.0
288 358 -1.0
288 362 1.0
288 364 1.0
288 365 1.0
288 367 1.0
288 368 1.0
288 370 1.0
288 372 1.0
288 373 1.0
288 375 1.0
288 382 1.0
288 394 1.0
288 398 1.0
288 406 1.0
288 416 -1.0
288 419 1.0
288 422 1.0
288 585 1.0
288 439 1.0
288 443 1.0
288 446 1.0
288 455 1.0
288 472 1.0
288 500 1.0
288 507 1.0
289 513 1.0
289 522 -1.0
289 523 1.0
289 524 1.0
289 538 1.0
289 548 1.0
289 550 1.0
289 556 1.0
289 557 1.0
289 563 1.0
289 566 1.0
289 570 1.0
289 572 1.0
289 573 1.0
289 576 1.0
289 578 1.0
289 586 1.0
289 590 1.0
289 593 1.0
289 599 1.0
289 602 1.0
289 610 1.0
289 617 1.0
289 619 1.0
289 622 1.0
289 623 1.0
289 634 1.0
289 635 1.0
289 637 1.0
289 641 -1.0
289 643 1.0
289 647 1.0
289 642 1.0
289 290 1.0
289 291 -1.0
289 292 1.0
289 300 1.0
289 301 1.0
289 302 1.0
289 303 1.0
289 304 1.0
289 305 1.0
289 307 1.0
289 308 -1.0
289 309 1.0
289 310 1.0
289 312 1.0
289 313 1.0
289 314 -1.0
289 315 1.0
289 316 1.0
289 317 1.0
289 320 1.0
289 321 1.0
289 326 1.0
289 334 1.0
289 336 1.0
289 337 1.0
289 340 1.0
289 348 1.0
289 350 1.0
289 353 1.0
289 354 1.0
289 355 1.0
289 358 1.0
289 359 1.0
289 365 1.0
289 371 1.0
289 373 1.0
289 374 1.0
289 375 -1.0
289 385 -1.0
289 400 1.0
289 402 1.0
289 411 1.0
289 421 1.0
289 422 1.0
289 429 1.0
289 435 1.0
289 443 1.0
289 447 1.0
289 462 1.0
289 471 1.0
289 472 1.0
289 474 -1.0
289 475 1.0
289 485 1.0
289 488 -1.0
289 491 1.0
289 495 1.0
289 499 1.0
289 510 1.0
290 516 1.0
290 525 1.0
290 535 1.0
290 537 1.0
290 541 1.0
290 551 1.0
290 558 -1.0
290 559 1.0
290 564 1.0
290 572 1.0
290 577 1.0
290 579 1.0
290 587 1.0
290 599 1.0
290 600 1.0
290 604 1.0
290 607 1.0
290 608 1.0
290 613 -1.0
290 626 1.0
290 627 1.0
290 634 -1.0
290 640 1.0
290 650 1.0
290 292 1.0
290 294 1.0
290 296 1.0
290 297 1.0
290 300 -1.0
290 301 1.0
290 304 1.0
290 305 1.0
290 307 1.0
290 308 1.0
290 309 -1.0
290 312 1.0
290 315 1.0
290 319 1.0
290 320 -1.0
290 322 1.0
290 324 1.0
290 325 1.0
290 326 1.0
290 327 -1.0
290 329 1.0
290 331 1.0
290 333 1.0
290 334 1.0
290 335 1.0
290 336 1.0
290 338 -1.0
290 341 1.0
290 342 -1.0
290 343 1.0
290 344 -1.0
290 346 1.0
290 347 1.0
290 348 1.0
290 350 1.0
290 351 -1.0
290 352 1.0
290 353 1.0
290 355 1.0
290 358 1.0
290 360 1.0
290 362 1.0
290 365 -1.0
290 367 1.0
290 368 1.0
290 371 1.0
290 372 1.0
290 375 1.0
290 381 1.0
290 383 -1.0
290 391 1.0
290 392 1.0
290 395 -1.0
290 399 1.0
290 403 1.0
290 406 1.0
290 417 1.0
290 420 1.0
290 430 1.0
290 432 1.0
290 435 1.0
290 441 1.0
290 462 1.0
290 464 1.0
290 466 1.0
290 591 1.0
290 472 1.0
290 480 1.0
290 493 1.0
290 497 1.0
290 502 1.0
290 504 -1.0
290 507 1.0
290 511 1.0
291 524 1.0
291 526 1.0
291 527 1.0
291 603 1.0
291 545 1.0
291 546 -1.0
291 547 1.0
291 553 1.0
291 560 1.0
291 565 1.0
291 569 -1.0
291 570 1.0
291 575 1.0
291 577 1.0
291 578 1.0
291 579 1.0
291 593 1.0
291 594 1.0
291 595 1.0
291 600 1.0
291 601 1.0
291 604 1.0
291 612 1.0
291 614 1.0
291 616 1.0
291 619 1.0
291 621 1.0
291 635 1.0
291 639 1.0
291 640 1.0
291 643 1.0
291 645 1.0
291 648 1.0
291 535 1.0
291 292 1.0
291 293 1.0
291 295 1.0
291 297 1.0
291 298 1.0
291 299 1.0
291 300 1.0
291 302 1.0
291 304 1.0
291 307 1.0
291 309 1.0
291 311 1.0
291 313 1.0
291 315 1.0
291 316 1.0
291 317 1.0
291 318 1.0
291 320 1.0
291 323 1.0
291 325 1.0
291 328 1.0
291 330 1.0
291 333 1.0
291 334 1.0
291 337 1.0
291 345 1.0
291 354 1.0
291 359 1.0
291 361 1.0
291 363 1.0
291 366 -1.0
291 368 1.0
291 370 1.0
291 371 1.0
291 372 1.0
291 373 1.0
291 374 1.0
291 375 1.0
291 377 1.0
291 378 1.0
291 379 1.0
291 385 1.0
291 388 1.0
291 400 1.0
291 532 1.0
291 404 1.0
291 407 1.0
291 408 1.0
291 410 1.0
291 414 1.0
291 417 1.0
291 419 1.0
291 420 1.0
291 421 1.0
291 426 1.0
291 428 1.0
291 431 -1.0
291 585 1.0
291 436 1.0
291 442 1.0
291 447 1.0
291 454 1.0
291 460 1.0
291 465 1.0
291 471 1.0
291 473 -1.0
291 475 1.0
291 477 1.0
291 480 1.0
291 494 1.0
291 498 1.0
291 507 1.0
292 547 1.0
292 552 1.0
292 553 1.0
292 567 1.0
292 572 1.0
292 575 1.0
292 576 1.0
292 579 1.0
292 590 1.0
292 592 1.0
292 527 1.0
292 602 -1.0
292 604 1.0
292 605 1.0
292 607 1.0
292 610 1.0
292 619 1.0
292 625 1.0
292 634 1.0
292 643 1.0
292 647 1.0
292 640 -1.0
292 293 1.0
292 294 1.0
292 295 1.0
292 299 1.0
292 300 1.0
292 304 1.0
292 306 1.0
292 307 1.0
292 308 1.0
292 313 1.0
292 315 1.0
292 320 1.0
292 322 1.0
292 323 1.0
292 324 -1.0
292 325 1.0
292 326 1.0
292 327 1.0
292 329 1.0
292 330 1.0
292 333 1.0
292 334 1.0
292 341 1.0
292 342 1.0
292 343 1.0
292 344 1.0
292 346 1.0
292 348 -1.0
292 349 1.0
292 350 1.0
292 351 1.0
292 352 1.0
292 354 1.0
292 355 1.0
292 356 1.0
292 357 1.0
292 359 1.0
292 360 1.0
292 362 1.0
292 363 -1.0
292 366 1.0
292 372 1.0
292 374 1.0
292 375 1.0
292 376 1.0
292 378 1.0
292 380 1.0
292 383 1.0
292 386 1.0
292 391 1.0
292 392 1.0
292 394 1.0
292 405 1.0
292 406 1.0
292 410 1.0
292 415 1.0
292 418 -1.0
292 420 1.0
292 432 1.0
292 442 1.0
292 452 1.0
292 459 1.0
292 467 1.0
292 476 1.0
292 485 -1.0
292 493 1.0
293 513 1.0
293 519 1.0
293 521 1.0
293 533 1.0
293 544 1.0
293 551 1.0
293 564 1.0
293 570 1.0
293 574 1.0
293 582 1.0
293 598 1.0
293 600 1.0
293 601 1.0
293 614 1.0
293 615 1.0
293 618 -1.0
293 619 -1.0
293 621 1.0
293 638 1.0
293 639 1.0
293 642 1.0
293 640 1.0
293 556 1.0
293 294 1.0
293 295 1.0
293 296 1.0
293 298 1.0
293 299 1.0
293 302 1.0
293 303 1.0
293 304 -1.0
293 306 1.0
293 308 1.0
293 311 1.0
293 528 1.0
293 316 1.0
293 318 1.0
293 320 1.0
293 321 1.0
293 322 1.0
293 325 1.0
293 328 1.0
293 329 1.0
293 330 1.0
293 332 1.0
293 333 1.0
293 334 1.0
293 335 1.0
293 340 1.0
293 341 1.0
293 342 1.0
293 344 1.0
293 347 1.0
293 353 1.0
293 358 1.0
293 360 1.0
293 361 1.0
293 363 1.0
293 364 1.0
293 365 1.0
293 366 1.0
293 367 1.0
293 368 1.0
293 369 1.0
293 371 1.0
293 373 1.0
293 375 1.0
293 376 1.0
293 380 1.0
293 381 1.0
293 391 1.0
293 392 1.0
293 393 1.0
293 394 1.0
293 396 1.0
293 398 1.0
293 405 1.0
293 409 1.0
293 426 1.0
293 427 1.0
293 429 1.0
293 437 1.0
293 441 -1.0
293 445 -1.0
293 447 1.0
293 450 1.0
293 452 -1.0
293 454 1.0
293 473 1.0
293 478 1.0
293 481 1.0
293 484 1.0
293 500 1.0
293 502 1.0
293 503 1.0
293 511 1.0
294 518 1.0
294 520 -1.0
294 534 1.0
294 539 1.0
294 543 1.0
294 549 1.0
294 552 1.0
294 556 1.0
294 557 1.0
294 559 1.0
294 560 1.0
294 565 1.0
294 568 1.0
294 579 1.0
294 582 1.0
294 585 1.0
294 586 1.0
294 589 1.0
294 590 1.0
294 595 1.0
294 601 1.0
294 605 1.0
294 609 1.0
294 620 1.0
294 629 -1.0
294 638 1.0
294 641 -1.0
294 643 -1.0
294 648 1.0
294 649 -1.0
294 632 1.0
294 296 1.0
294 298 -1.0
294 299 1.0
294 300 -1.0
294 302 1.0
294 304 1.0
294 305 1.0
294 307 1.0
294 317 1.0
294 319 1.0
294 320 1.0
294 326 1.0
294 328 1.0
294 330 1.0
294 331 1.0
294 332 -1.0
294 337 -1.0
294 338 1.0
294 340 1.0
294 344 -1.0
294 345 1.0
294 346 1.0
294 350 1.0
294 351 -1.0
294 359 1.0
294 360 1.0
294 362 1.0
294 370 1.0
294 371 1.0
294 373 1.0
294 376 1.0
294 377 -1.0
294 379 1.0
294 380 1.0
294 386 1.0
294 397 1.0
294 401 1.0
294 405 1.0
294 411 1.0
294 639 1.0
294 415 1.0
294 418 1.0
294 420 1.0
294 428 1.0
294 431 1.0
294 433 1.0
294 434 1.0
294 435 1.0
294 447 -1.0
294 452 1.0
294 457 1.0
294 472 1.0
294 488 1.0
294 493 1.0
294 496 -1.0
294 500 1.0
294 503 1.0
294 504 1.0
294 508 1.0
294 511 1.0
295 513 1.0
295 528 1.0
295 604 1.0
295 550 1.0
295 605 1.0
295 556 1.0
295 557 1.0
295 560 1.0
295 561 1.0
295 592 1.0
295 601 1.0
295 606 1.0
295 612 1.0
295 617 1.0
295 619 1.0
295 649 1.0
295 650 -1.0
295 641 1.0
295 300 1.0
295 301 1.0
295 302 1.0
295 303 1.0
295 304 1.0
295 305 -1.0
295 306 1.0
295 310 1.0
295 311 1.0
295 314 1.0
295 315 1.0
295 317 -1.0
295 318 1.0
295 320 1.0
295 321 1.0
295 322 -1.0
295 325 1.0
295 326 1.0
295 328 1.0
295 329 1.0
295 331 1.0
295 334 1.0
295 336 1.0
295 338 1.0
295 339 1.0
295 341 1.0
295 343 1.0
295 344 1.0
295 347 1.0
295 350 1.0
295 351 1.0
295 352 1.0
295 355 1.0
295 356 1.0
295 357 -1.0
295 358 1.0
295 360 1.0
295 362 1.0
295 363 1.0
295 370 1.0
295 371 1.0
295 373 1.0
295 376 1.0
295 377 1.0
295 380 1.0
295 384 -1.0
295 387 1.0
295 394 1.0
295 395 1.0
295 398 1.0
295 401 -1.0
295 403 1.0
295 408 1.0
295 411 1.0
295 413 -1.0
295 421 1.0
295 427 1.0
295 446 1.0
295 447 -1.0
295 453 1.0
295 455 1.0
295 461 1.0
295 465 1.0
295 468 1.0
295 469 1.0
295 476 -1.0
295 482 1.0
295 490 1.0
295 497 1.0
295 501 1.0
295 507 1.0
295 512 1.0
296 513 1.0
296 516 1.0
296 519 1.0
296 523 1.0
296 533 1.0
296 551 1.0
296 558 1.0
296 521 1.0
296 563 1.0
296 566 1.0
296 567 1.0
296 569 1.0
296 571 1.0
296 580 -1.0
296 588 1.0
296 596 1.0
296 598 1.0
296 601 1.0
296 605 1.0
296 606 1.0
296 608 1.0
296 612 1.0
296 626 1.0
296 630 1.0
296 634 1.0
296 637 1.0
296 648 1.0
296 650 1.0
296 297 1.0
296 298 1.0
296 299 1.0
296 300 1.0
296 301 1.0
296 302 1.0
296 303 1.0
296 305 1.0
296 306 1.0
296 307 1.0
296 308 1.0
296 310 -1.0
296 311 1.0
296 313 1.0
296 314 1.0
296 317 1.0
296 318 1.0
296 320 1.0
296 326 1.0
296 327 1.0
296 334 1.0
296 337 1.0
296 339 1.0
296 340 1.0
296 342 -1.0
296 345 1.0
296 346 1.0
296 348 1.0
296 350 -1.0
296 351 1.0
296 352 1.0
296 354 1.0
296 356 1.0
296 359 1.0
296 361 1.0
296 362 1.0
296 366 1.0
296 367 1.0
296 368 1.0
296 370 -1.0
296 372 1.0
296 373 1.0
296 375 1.0
296 378 -1.0
296 379 1.0
296 381 1.0
296 382 1.0
296 390 1.0
296 391 1.0
296 392 -1.0
296 393 1.0
296 411 1.0
296 412 1.0
296 413 1.0
296 416 1.0
296 418 1.0
296 584 -1.0
296 437 1.0
296 449 1.0
296 450 1.0
296 451 1.0
296 457 1.0
296 460 1.0
296 469 1.0
296 473 1.0
296 494 1.0
296 597 1.0
296 511 1.0
297 515 1.0
297 524 1.0
297 525 -1.0
297 526 1.0
297 553 1.0
297 566 1.0
297 572 1.0
297 574 -1.0
297 576 1.0
297 577 1.0
297 584 1.0
297 585 1.0
297 590 1.0
297 591 1.0
297 594 1.0
297 597 -1.0
297 608 1.0
297 610 1.0
297 612 1.0
297 616 1.0
297 617 1.0
297 620 1.0
297 628 1.0
297 637 1.0
297 650 1.0
297 298 1.0
297 299 1.0
297 301 1.0
297 303 1.0
297 304 1.0
297 306 1.0
297 307 1.0
297 308 1.0
297 309 1.0
297 311 1.0
297 312 1.0
297 314 -1.0
297 318 1.0
297 319 1.0
297 320 1.0
297 322 1.0
297 323 1.0
297 326 1.0
297 331 1.0
297 332 1.0
297 335 1.0
297 337 1.0
297 339 1.0
297 340 1.0
297 343 1.0
297 347 1.0
297 354 1.0
297 359 1.0
297 360 1.0
297 362 1.0
297 365 1.0
297 366 1.0
297 368 1.0
297 370 -1.0
297 372 -1.0
297 373 1.0
297 374 1.0
297 377 1.0
297 378 1.0
297 380 -1.0
297 381 -1.0
297 391 1.0
297 393 1.0
297 407 -1.0
297 414 1.0
297 420 -1.0
297 422 -1.0
297 423 1.0
297 426 1.0
297 429 1.0
297 432 1.0
297 441 1.0
297 444 1.0
297 457 1.0
297 460 1.0
297 467 1.0
297 476 1.0
297 477 1.0
297 489 1.0
297 492 1.0
297 493 1.0
297 497 1.0
297 498 1.0
297 503 1.0
297 504 -1.0
298 518 1.0
298 521 1.0
298 528 1.0
298 532 1.0
298 535 1.0
298 547 1.0
298 551 1.0
298 557 -1.0
298 565 1.0
298 569 1.0
298 571 1.0
298 596 1.0
298 606 1.0
298 615 1.0
298 620 1.0
298 623 1.0
298 625 1.0
298 632 1.0
298 633 1.0
298 299 -1.0
298 304 1.0
298 305 1.0
298 307 1.0
298 308 1.0
298 310 1.0
298 313 1.0
298 319 -1.0
298 321 1.0
298 322 1.0
298 324 1.0
298 328 1.0
298 334 1.0
298 337 1.0
298 338 -1.0
298 340 1.0
298 341 1.0
298 626 1.0
298 346 1.0
298 347 1.0
298 349 1.0
298 351 1.0
298 352 1.0
298 355 1.0
298 356 1.0
298 358 1.0
298 364 1.0
298 365 1.0
298 366 1.0
298 367 1.0
298 371 1.0
298 373 1.0
298 375 1.0
298 376 1.0
298 380 1.0
298 382 1.0
298 383 1.0
298 385 1.0
298 392 1.0
298 394 1.0
298 396 1.0
298 403 -1.0
298 405 1.0
298 408 1.0
298 410 1.0
298 411 1.0
298 413 1.0
298 420 1.0
298 432 1.0
298 585 1.0
298 437 1.0
298 439 1.0
298 442 1.0
298 464 1.0
298 481 -1.0
298 484 1.0
298 485 1.0
298 489 -1.0
298 498 1.0
298 502 1.0
298 505 1.0
298 506 1.0
298 510 1.0
298 512 1.0
299 514 1.0
299 522 1.0
299 525 1.0
299 530 1.0
299 534 1.0
299 538 1.0
299 541 1.0
299 542 1.0
299 544 1.0
299 546 1.0
299 547 1.0
299 566 1.0
299 568 -1.0
299 578 1.0
299 581 1.0
299 582 1.0
299 589 1.0
299 602 -1.0
299 608 -1.0
299 616 1.0
299 624 1.0
299 625 1.0
299 636 1.0
299 640 1.0
299 641 1.0
299 645 1.0
299 649 1.0
299 536 1.0
299 301 -1.0
299 302 1.0
299 303 1.0
299 304 -1.0
299 308 1.0
299 309 1.0
299 310 1.0
299 311 1.0
299 312 1.0
299 315 1.0
299 323 1.0
299 324 1.0
299 326 -1.0
299 327 1.0
299 328 1.0
299 329 1.0
299 330 1.0
299 335 1.0
299 337 1.0
299 339 -1.0
299 340 1.0
299 341 1.0
299 343 1.0
299 344 1.0
299 346 1.0
299 350 1.0
299 351 1.0
299 352 1.0
299 354 1.0
299 356 1.0
299 359 1.0
299 362 1.0
299 363 1.0
299 367 1.0
299 368 1.0
299 371 1.0
299 373 1.0
299 374 1.0
299 375 1.0
299 378 -1.0
299 379 1.0
299 383 1.0
299 385 1.0
299 386 1.0
299 393 1.0
299 394 1.0
299 407 1.0
299 408 1.0
299 428 1.0
299 429 1.0
299 448 1.0
299 456 1.0
299 466 1.0
299 468 1.0
299 472 1.0
299 474 -1.0
299 490 1.0
299 507 1.0
300 517 1.0
300 522 -1.0
300 533 1.0
300 538 1.0
300 540 1.0
300 546 1.0
300 547 1.0
300 550 1.0
300 564 1.0
300 594 1.0
300 607 1.0
300 609 1.0
300 610 1.0
300 612 1.0
300 618 1.0
300 621 1.0
300 622 1.0
300 631 1.0
300 636 1.0
300 643 1.0
300 548 1.0
300 302 1.0
300 304 1.0
300 306 1.0
300 307 1.0
300 308 1.0
300 310 -1.0
300 311 1.0
300 313 1.0
300 317 1.0
300 318 1.0
300 322 1.0
300 323 1.0
300 567 1.0
300 327 1.0
300 328 1.0
300 331 1.0
300 333 1.0
300 334 1.0
300 335 1.0
300 337 1.0
300 338 1.0
300 339 -1.0
300 340 1.0
300 342 1.0
300 343 1.0
300 347 1.0
300 348 1.0
300 355 1.0
300 356 1.0
300 357 1.0
300 360 -1.0
300 363 1.0
300 364 1.0
300 366 -1.0
300 368 -1.0
300 371 1.0
300 372 1.0
300 374 1.0
300 376 1.0
300 379 1.0
300 383 1.0
300 384 1.0
300 385 1.0
300 386 1.0
300 388 1.0
300 389 1.0
300 390 1.0
300 391 1.0
300 392 1.0
300 393 1.0
300 395 1.0
300 397 1.0
300 404 1.0
300 406 1.0
300 407 1.0
300 411 1.0
300 415 1.0
300 326 1.0
300 439 1.0
300 442 1.0
300 447 1.0
300 448 1.0
300 450 -1.0
300 452 1.0
300 458 1.0
300 459 1.0
300 466 1.0
300 467 1.0
300 474 1.0
300 482 1.0
300 488 1.0
300 501 1.0
300 502 1.0
300 510 1.0
300 512 -1.0
301 516 1.0
301 524 1.0
301 526 1.0
301 527 1.0
301 530 1.0
301 537 -1.0
301 544 1.0
301 553 1.0
301 565 1.0
301 567 1.0
301 578 1.0
301 581 1.0
301 583 1.0
301 592 1.0
301 594 1.0
301 595 1.0
301 601 -1.0
301 602 1.0
301 609 -1.0
301 611 1.0
301 621 1.0
301 624 1.0
301 630 1.0
301 633 1.0
301 636 1.0
301 641 1.0
301 642 1.0
301 645 1.0
301 304 1.0
301 308 -1.0
301 309 1.0
301 310 1.0
301 311 -1.0
301 314 1.0
301 315 1.0
301 316 1.0
301 317 1.0
301 318 1.0
301 319 1.0
301 320 1.0
301 321 1.0
301 322 1.0
301 323 1.0
301 324 1.0
301 325 1.0
301 326 -1.0
301 327 1.0
301 329 1.0
301 330 1.0
301 332 -1.0
301 333 1.0
301 334 1.0
301 336 1.0
301 340 1.0
301 342 1.0
301 343 1.0
301 345 1.0
301 346 1.0
301 347 1.0
301 348 1.0
301 349 1.0
301 350 1.0
301 351 1.0
301 352 1.0
301 353 1.0
301 356 1.0
301 358 1.0
301 359 1.0
301 368 1.0
301 370 1.0
301 377 1.0
301 378 1.0
301 379 1.0
301 381 1.0
301 382 -1.0
301 383 -1.0
301 384 -1.0
301 388 1.0
301 395 -1.0
301 404 1.0
301 413 -1.0
301 421 1.0
301 426 1.0
301 433 1.0
301 450 1.0
301 459 1.0
301 477 1.0
301 488 1.0
301 494 1.0
301 495 1.0
301 499 1.0
301 502 1.0
301 506 1.0
301 509 1.0
302 517 1.0
302 520 1.0
302 535 1.0
302 539 1.0
302 542 1.0
302 544 1.0
302 548 1.0
302 561 1.0
302 565 1.0
302 581 1.0
302 591 1.0
302 594 1.0
302 611 1.0
302 616 1.0
302 621 1.0
302 625 1.0
302 634 -1.0
302 637 1.0
302 640 -1.0
302 647 1.0
302 630 1.0
302 649 1.0
302 307 1.0
302 308 1.0
302 309 1.0
302 310 1.0
302 312 1.0
302 314 1.0
302 316 1.0
302 320 1.0
302 324 1.0
302 327 1.0
302 328 1.0
302 332 1.0
302 333 1.0
302 335 -1.0
302 338 1.0
302 339 -1.0
302 344 1.0
302 345 1.0
302 349 1.0
302 350 1.0
302 351 1.0
302 352 1.0
302 353 1.0
302 354 1.0
302 355 1.0
302 356 -1.0
302 358 1.0
302 359 1.0
302 363 -1.0
302 364 1.0
302 365 1.0
302 366 -1.0
302 368 1.0
302 371 1.0
302 372 1.0
302 373 1.0
302 374 1.0
302 381 1.0
302 382 1.0
302 383 1.0
302 384 1.0
302 385 1.0
302 387 1.0
302 388 1.0
302 389 1.0
302 391 1.0
302 396 1.0
302 400 1.0
302 404 1.0
302 415 1.0
302 416 1.0
302 417 1.0
302 418 1.0
302 421 1.0
302 424 1.0
302 427 1.0
302 429 1.0
302 430 1.0
302 438 1.0
302 440 1.0
302 447 1.0
302 449 1.0
302 463 1.0
302 468 1.0
302 475 1.0
302 479 1.0
302 480 1.0
302 483 1.0
302 484 1.0
302 495 1.0
302 509 1.0
303 514 1.0
303 533 1.0
303 537 1.0
303 538 1.0
303 542 1.0
303 547 1.0
303 555 1.0
303 564 1.0
303 566 1.0
303 569 -1.0
303 570 -1.0
303 578 1.0
303 581 1.0
303 583 -1.0
303 584 1.0
303 585 1.0
303 591 1.0
303 592 1.0
303 600 1.0
303 604 1.0
303 605 -1.0
303 607 1.0
303 610 1.0
303 622 1.0
303 624 1.0
303 625 1.0
303 629 1.0
303 631 1.0
303 634 1.0
303 640 1.0
303 650 1.0
303 539 1.0
303 641 1.0
303 304 1.0
303 305 1.0
303 307 1.0
303 309 1.0
303 310 1.0
303 313 1.0
303 315 1.0
303 316 1.0
303 317 1.0
303 318 1.0
303 319 1.0
303 321 -1.0
303 323 1.0
303 324 1.0
303 329 1.0
303 330 1.0
303 331 1.0
303 333 1.0
303 337 -1.0
303 338 1.0
303 342 1.0
303 347 1.0
303 348 -1.0
303 351 1.0
303 354 1.0
303 355 1.0
303 356 1.0
303 358 -1.0
303 362 1.0
303 364 1.0
303 366 1.0
303 368 -1.0
303 374 1.0
303 377 1.0
303 381 -1.0
303 382 1.0
303 387 1.0
303 389 -1.0
303 402 1.0
303 405 1.0
303 408 1.0
303 423 1.0
303 432 1.0
303 439 1.0
303 586 1.0
303 442 1.0
303 443 1.0
303 444 1.0
303 447 -1.0
303 451 1.0
303 456 1.0
303 465 1.0
303 480 1.0
303 486 1.0
303 503 1.0
303 506 1.0
304 535 1.0
304 548 1.0
304 554 1.0
304 606 1.0
304 566 1.0
304 576 1.0
304 634 1.0
304 589 1.0
304 590 1.0
304 595 -1.0
304 596 1.0
304 603 1.0
304 605 1.0
304 610 1.0
304 621 1.0
304 623 1.0
304 624 1.0
304 625 1.0
304 532 1.0
304 635 1.0
304 637 -1.0
304 642 1.0
304 305 1.0
304 306 -1.0
304 307 1.0
304 309 1.0
304 310 1.0
304 311 1.0
304 312 1.0
304 313 1.0
304 314 1.0
304 315 1.0
304 316 1.0
304 317 1.0
304 318 1.0
304 321 1.0
304 322 1.0
304 323 1.0
304 324 1.0
304 326 1.0
304 327 1.0
304 330 1.0
304 332 -1.0
304 333 1.0
304 335 1.0
304 337 1.0
304 338 1.0
304 339 -1.0
304 341 1.0
304 345 1.0
304 346 1.0
304 348 1.0
304 351 1.0
304 353 1.0
304 354 1.0
304 356 1.0
304 358 1.0
304 359 1.0
304 360 1.0
304 363 1.0
304 366 1.0
304 367 1.0
304 370 1.0
304 371 1.0
304 372 1.0
304 373 1.0
304 378 -1.0
304 379 1.0
304 380 -1.0
304 381 1.0
304 383 1.0
304 384 1.0
304 385 1.0
304 386 1.0
304 387 1.0
304 388 1.0
304 389 -1.0
304 395 1.0
304 580 1.0
304 413 1.0
304 426 -1.0
304 428 1.0
304 430 1.0
304 434 1.0
304 438 1.0
304 462 -1.0
304 474 -1.0
304 481 1.0
304 483 -1.0
304 485 1.0
304 499 1.0
304 505 1.0
304 506 -1.0
305 519 1.0
305 523 1.0
305 525 1.0
305 526 1.0
305 528 -1.0
305 546 1.0
305 548 1.0
305 549 1.0
305 562 1.0
305 568 -1.0
305 571 1.0
305 572 1.0
305 574 1.0
305 576 1.0
305 583 1.0
305 589 1.0
305 594 1.0
305 601 1.0
305 613 1.0
305 617 1.0
305 618 1.0
305 638 1.0
305 642 1.0
305 646 1.0
305 648 1.0
305 306 1.0
305 307 1.0
305 308 1.0
305 309 1.0
305 310 1.0
305 311 1.0
305 313 1.0
305 315 1.0
305 317 1.0
305 321 1.0
305 322 1.0
305 323 1.0
305 324 1.0
305 326 1.0
305 327 1.0
305 328 1.0
305 329 1.0
305 330 1.0
305 334 1.0
305 335 -1.0
305 336 1.0
305 338 1.0
305 343 1.0
305 345 1.0
305 346 1.0
305 349 1.0
305 350 1.0
305 351 1.0
305 355 1.0
305 361 1.0
305 363 1.0
305 365 1.0
305 366 1.0
305 375 1.0
305 377 1.0
305 378 -1.0
305 379 1.0
305 380 1.0
305 382 1.0
305 383 1.0
305 387 1.0
305 390 1.0
305 391 1.0
305 394 1.0
305 402 1.0
305 405 1.0
305 416 1.0
305 418 1.0
305 431 1.0
305 453 1.0
305 454 1.0
305 456 -1.0
305 459 1.0
305 469 1.0
305 470 1.0
305 471 1.0
305 479 1.0
305 480 1.0
305 484 -1.0
305 499 1.0
305 509 -1.0
306 514 1.0
306 517 1.0
306 523 1.0
306 600 1.0
306 532 -1.0
306 540 1.0
306 545 1.0
306 547 1.0
306 575 1.0
306 581 1.0
306 584 -1.0
306 585 -1.0
306 589 1.0
306 594 1.0
306 595 1.0
306 599 1.0
306 604 1.0
306 606 1.0
306 614 1.0
306 625 1.0
306 640 1.0
306 645 1.0
306 649 1.0
306 638 1.0
306 631 1.0
306 308 1.0
306 311 1.0
306 312 -1.0
306 314 1.0
306 315 1.0
306 318 1.0
306 321 1.0
306 328 1.0
306 332 1.0
306 333 -1.0
306 336 1.0
306 338 1.0
306 339 1.0
306 340 1.0
306 342 -1.0
306 343 1.0
306 347 1.0
306 348 1.0
306 351 1.0
306 352 1.0
306 354 1.0
306 357 1.0
306 360 1.0
306 361 1.0
306 366 1.0
306 367 1.0
306 368 1.0
306 374 1.0
306 377 1.0
306 380 -1.0
306 382 1.0
306 383 1.0
306 386 1.0
306 387 -1.0
306 390 1.0
306 393 1.0
306 408 1.0
306 416 1.0
306 418 1.0
306 419 1.0
306 425 1.0
306 434 1.0
306 441 1.0
306 443 1.0
306 450 1.0
306 451 -1.0
306 590 1.0
306 467 1.0
306 470 1.0
306 472 1.0
306 475 1.0
306 480 -1.0
306 484 1.0
306 487 1.0
306 490 1.0
306 492 1.0
306 511 1.0
307 521 1.0
307 525 1.0
307 531 1.0
307 604 1.0
307 564 -1.0
307 575 1.0
307 586 -1.0
307 587 -1.0
307 599 1.0
307 630 1.0
307 632 1.0
307 633 1.0
307 637 1.0
307 640 1.0
307 641 1.0
307 645 1.0
307 647 1.0
307 650 1.0
307 537 1.0
307 308 1.0
307 309 1.0
307 310 1.0
307 311 1.0
307 316 -1.0
307 319 1.0
307 320 1.0
307 321 1.0
307 324 1.0
307 325 1.0
307 326 1.0
307 327 1.0
307 329 1.0
307 330 1.0
307 332 1.0
307 333 -1.0
307 334 1.0
307 336 1.0
307 339 1.0
307 340 1.0
307 341 1.0
307 342 1.0
307 345 1.0
307 346 1.0
307 347 1.0
307 349 -1.0
307 350 1.0
307 357 1.0
307 359 1.0
307 361 1.0
307 362 -1.0
307 364 1.0
307 365 1.0
307 366 1.0
307 367 1.0
307 368 1.0
307 369 1.0
307 371 1.0
307 372 1.0
307 378 1.0
307 383 1.0
307 384 1.0
307 385 1.0
307 386 1.0
307 387 1.0
307 388 1.0
307 389 1.0
307 390 1.0
307 392 -1.0
307 394 1.0
307 403 1.0
307 414 -1.0
307 417 1.0
307 419 1.0
307 585 1.0
307 441 1.0
307 442 1.0
307 444 1.0
307 449 1.0
307 456 1.0
307 469 1.0
307 472 1.0
307 475 1.0
307 477 1.0
307 482 1.0
307 483 1.0
307 494 1.0
307 495 1.0
307 497 1.0
307 501 1.0
307 506 1.0
307 511 1.0
308 539 1.0
308 541 1.0
308 544 1.0
308 545 1.0
308 548 1.0
308 553 1.0
308 555 1.0
308 567 1.0
308 572 1.0
308 575 1.0
308 578 1.0
308 585 1.0
308 588 1.0
308 610 1.0
308 615 1.0
308 622 1.0
308 624 1.0
308 639 1.0
308 641 1.0
308 642 1.0
308 637 1.0
308 309 1.0
308 310 1.0
308 311 1.0
308 314 1.0
308 315 1.0
308 316 1.0
308 317 1.0
308 318 1.0
308 319 1.0
308 321 1.0
308 322 1.0
308 324 1.0
308 326 1.0
308 327 1.0
308 328 1.0
308 330 1.0
308 331 -1.0
308 333 1.0
308 335 1.0
308 336 1.0
308 337 1.0
308 338 1.0
308 339 1.0
308 343 1.0
308 344 -1.0
308 348 1.0
308 349 1.0
308 352 1.0
308 357 1.0
308 358 1.0
308 359 1.0
308 361 1.0
308 362 1.0
308 365 1.0
308 367 1.0
308 368 1.0
308 370 -1.0
308 371 1.0
308 372 1.0
308 375 1.0
308 377 1.0
308 378 1.0
308 379 1.0
308 381 1.0
308 383 1.0
308 384 1.0
308 385 1.0
308 388 1.0
308 393 1.0
308 395 1.0
308 579 1.0
308 399 1.0
308 403 -1.0
308 406 1.0
308 410 1.0
308 412 1.0
308 414 1.0
308 429 1.0
308 438 1.0
308 447 1.0
308 448 -1.0
308 449 1.0
308 451 1.0
308 452 1.0
308 457 1.0
308 464 1.0
308 466 1.0
308 468 -1.0
308 469 1.0
308 471 1.0
308 485 1.0
308 487 1.0
308 493 1.0
308 496 1.0
308 504 1.0
309 516 1.0
309 519 -1.0
309 520 1.0
309 532 1.0
309 534 1.0
309 543 1.0
309 547 1.0
309 548 1.0
309 551 -1.0
309 554 1.0
309 560 1.0
309 562 -1.0
309 563 1.0
309 565 1.0
309 523 1.0
309 580 1.0
309 585 1.0
309 592 1.0
309 600 1.0
309 606 1.0
309 610 1.0
309 619 1.0
309 623 1.0
309 636 1.0
309 637 1.0
309 638 1.0
309 642 1.0
309 645 1.0
309 648 1.0
309 640 1.0
309 538 1.0
309 650 1.0
309 313 1.0
309 314 1.0
309 316 1.0
309 317 1.0
309 318 -1.0
309 320 1.0
309 321 1.0
309 322 -1.0
309 323 1.0
309 326 1.0
309 328 1.0
309 330 1.0
309 338 1.0
309 339 -1.0
309 340 1.0
309 342 1.0
309 345 -1.0
309 346 1.0
309 347 1.0
309 348 -1.0
309 349 1.0
309 350 1.0
309 352 1.0
309 353 1.0
309 354 1.0
309 358 1.0
309 360 1.0
309 364 1.0
309 367 1.0
309 368 1.0
309 370 1.0
309 371 1.0
309 373 1.0
309 374 1.0
309 376 1.0
309 378 -1.0
309 380 1.0
309 381 1.0
309 382 1.0
309 386 1.0
309 388 1.0
309 392 1.0
309 393 1.0
309 405 1.0
309 406 -1.0
309 418 1.0
309 419 1.0
309 429 1.0
309 434 1.0
309 436 1.0
309 441 1.0
309 446 1.0
309 449 1.0
309 453 1.0
309 457 1.0
309 462 1.0
309 463 -1.0
309 464 1.0
309 468 1.0
309 471 1.0
309 472 1.0
309 474 1.0
309 475 1.0
309 482 1.0
309 490 1.0
309 494 1.0
309 496 1.0
309 503 1.0
310 514 1.0
310 515 1.0
310 534 1.0
310 536 1.0
310 550 1.0
310 554 1.0
310 567 1.0
310 574 1.0
310 575 1.0
310 590 1.0
310 592 1.0
310 593 1.0
310 602 1.0
310 606 1.0
310 614 1.0
310 615 1.0
310 630 1.0
310 635 1.0
310 647 1.0
310 650 1.0
310 551 1.0
310 538 -1.0
310 639 1.0
310 312 1.0
310 313 1.0
310 314 1.0
310 315 1.0
310 316 1.0
310 317 1.0
310 318 1.0
310 320 1.0
310 323 1.0
310 324 1.0
310 325 1.0
310 328 1.0
310 330 1.0
310 333 1.0
310 334 1.0
310 335 1.0
310 337 1.0
310 341 1.0
310 342 1.0
310 344 1.0
310 347 1.0
310 349 1.0
310 350 1.0
310 352 1.0
310 355 1.0
310 356 1.0
310 361 1.0
310 362 1.0
310 363 -1.0
310 364 1.0
310 367 -1.0
310 372 1.0
310 375 1.0
310 376 1.0
310 377 1.0
310 378 1.0
310 380 -1.0
310 381 1.0
310 382 1.0
310 384 1.0
310 386 1.0
310 389 1.0
310 391 1.0
310 392 1.0
310 394 1.0
310 396 1.0
310 411 1.0
310 414 1.0
310 326 1.0
310 427 1.0
310 429 1.0
310 585 1.0
310 439 1.0
310 441 1.0
310 448 1.0
310 450 1.0
310 454 1.0
310 456 1.0
310 457 -1.0
310 469 1.0
310 471 1.0
310 474 1.0
310 481 1.0
310 489 1.0
310 499 1.0
310 503 1.0
310 507 1.0
310 509 1.0
310 510 1.0
311 516 1.0
311 517 1.0
311 520 -1.0
311 528 1.0
311 534 -1.0
311 536 1.0
311 540 1.0
311 545 -1.0
311 553 1.0
311 561 1.0
311 578 1.0
311 583 1.0
311 586 1.0
311 603 -1.0
311 606 1.0
311 610 1.0
311 611 1.0
311 613 1.0
311 617 1.0
311 618 1.0
311 631 1.0
311 636 1.0
311 639 1.0
311 646 1.0
311 648 1.0
311 650 1.0
311 622 1.0
311 565 1.0
311 608 1.0
311 316 1.0
311 317 1.0
311 318 1.0
311 321 1.0
311 324 1.0
311 326 1.0
311 329 1.0
311 333 1.0
311 336 1.0
311 337 1.0
311 338 1.0
311 340 -1.0
311 344 1.0
311 609 1.0
311 347 1.0
311 348 -1.0
311 349 1.0
311 350 1.0
311 351 1.0
311 354 -1.0
311 356 1.0
311 357 1.0
311 361 1.0
311 363 1.0
311 364 1.0
311 375 1.0
311 377 1.0
311 378 1.0
311 384 1.0
311 387 1.0
311 388 1.0
311 389 1.0
311 392 1.0
311 393 1.0
311 397 1.0
311 398 1.0
311 407 1.0
311 415 1.0
311 418 1.0
311 419 1.0
311 420 1.0
311 437 1.0
311 439 1.0
311 447 1.0
311 448 1.0
311 451 1.0
311 590 1.0
311 471 1.0
311 472 1.0
311 480 1.0
311 485 1.0
311 487 1.0
311 488 1.0
311 489 1.0
311 495 1.0
311 497 1.0
311 501 1.0
312 516 1.0
312 517 1.0
312 522 1.0
312 535 1.0
312 546 1.0
312 548 1.0
312 550 1.0
312 557 1.0
312 558 1.0
312 567 1.0
312 569 1.0
312 573 1.0
312 577 1.0
312 580 1.0
312 581 1.0
312 589 1.0
312 591 -1.0
312 606 1.0
312 607 1.0
312 610 1.0
312 613 -1.0
312 614 1.0
312 624 1.0
312 641 1.0
312 644 1.0
312 647 1.0
312 314 1.0
312 316 1.0
312 320 1.0
312 321 1.0
312 323 1.0
312 324 1.0
312 325 1.0
312 327 -1.0
312 328 1.0
312 330 1.0
312 335 1.0
312 336 -1.0
312 339 1.0
312 344 -1.0
312 345 1.0
312 346 -1.0
312 347 1.0
312 349 1.0
312 350 1.0
312 351 1.0
312 353 1.0
312 354 1.0
312 359 1.0
312 361 -1.0
312 364 1.0
312 370 1.0
312 373 1.0
312 375 1.0
312 377 -1.0
312 380 1.0
312 382 1.0
312 383 1.0
312 384 1.0
312 385 1.0
312 387 1.0
312 390 1.0
312 391 1.0
312 392 1.0
312 393 1.0
312 394 1.0
312 395 1.0
312 396 -1.0
312 397 1.0
312 398 1.0
312 403 1.0
312 560 1.0
312 415 1.0
312 419 1.0
312 425 1.0
312 584 1.0
312 430 -1.0
312 433 1.0
312 448 1.0
312 451 1.0
312 465 1.0
312 466 1.0
312 471 1.0
312 481 1.0
312 482 1.0
312 488 1.0
312 495 1.0
312 499 1.0
313 518 1.0
313 522 1.0
313 528 1.0
313 532 -1.0
313 542 1.0
313 548 1.0
313 553 1.0
313 520 1.0
313 573 1.0
313 591 1.0
313 592 1.0
313 593 1.0
313 596 1.0
313 602 1.0
313 606 1.0
313 607 1.0
313 616 1.0
313 623 1.0
313 627 -1.0
313 628 -1.0
313 631 -1.0
313 635 1.0
313 636 1.0
313 638 1.0
313 642 1.0
313 646 1.0
313 555 1.0
313 470 1.0
313 315 1.0
313 317 1.0
313 319 1.0
313 320 1.0
313 321 1.0
313 323 1.0
313 324 1.0
313 325 1.0
313 326 1.0
313 328 -1.0
313 332 1.0
313 333 1.0
313 340 1.0
313 341 1.0
313 343 1.0
313 345 1.0
313 346 1.0
313 347 1.0
313 348 1.0
313 352 1.0
313 355 1.0
313 357 1.0
313 358 1.0
313 360 1.0
313 363 1.0
313 364 1.0
313 365 1.0
313 367 1.0
313 368 -1.0
313 370 1.0
313 374 1.0
313 375 1.0
313 377 1.0
313 378 1.0
313 380 1.0
313 382 1.0
313 384 1.0
313 387 1.0
313 389 1.0
313 391 1.0
313 392 1.0
313 393 1.0
313 394 1.0
313 398 1.0
313 402 1.0
313 414 1.0
313 418 1.0
313 419 1.0
313 420 1.0
313 432 1.0
313 435 1.0
313 440 1.0
313 444 1.0
313 446 1.0
313 455 1.0
313 459 -1.0
313 463 1.0
313 472 1.0
313 474 1.0
313 477 1.0
313 490 -1.0
313 492 1.0
313 497 1.0
313 499 1.0
313 510 1.0
314 517 -1.0
314 599 1.0
314 523 1.0
314 528 1.0
314 537 1.0
314 539 1.0
314 544 1.0
314 546 1.0
314 549 1.0
314 555 1.0
314 559 -1.0
314 569 1.0
314 577 1.0
314 593 1.0
314 594 -1.0
314 596 1.0
314 601 1.0
314 605 1.0
314 611 1.0
314 619 1.0
314 622 1.0
314 624 1.0
314 627 1.0
314 632 -1.0
314 638 1.0
314 641 1.0
314 647 1.0
314 649 1.0
314 315 1.0
314 316 1.0
314 318 1.0
314 319 1.0
314 323 1.0
314 326 1.0
314 327 1.0
314 330 1.0
314 332 1.0
314 334 1.0
314 335 1.0
314 338 1.0
314 339 1.0
314 341 1.0
314 342 1.0
314 346 1.0
314 349 1.0
314 350 1.0
314 351 1.0
314 352 1.0
314 357 -1.0
314 358 1.0
314 359 1.0
314 362 1.0
314 364 1.0
314 371 1.0
314 374 1.0
314 375 1.0
314 379 1.0
314 382 1.0
314 383 1.0
314 384 1.0
314 385 -1.0
314 387 -1.0
314 389 1.0
314 390 -1.0
314 391 1.0
314 392 -1.0
314 395 1.0
314 398 1.0
314 400 1.0
314 407 1.0
314 414 1.0
314 420 1.0
314 421 1.0
314 429 1.0
314 437 1.0
314 449 1.0
314 451 1.0
314 456 1.0
314 461 1.0
314 469 1.0
314 472 -1.0
314 483 -1.0
314 486 1.0
314 491 1.0
314 492 -1.0
314 493 -1.0
314 494 1.0
314 501 1.0
314 502 1.0
314 503 1.0
314 508 1.0
315 519 1.0
315 515 1.0
315 528 1.0
315 602 1.0
315 545 1.0
315 549 1.0
315 551 1.0
315 563 1.0
315 569 1.0
315 572 1.0
315 586 -1.0
315 588 1.0
315 603 1.0
315 608 1.0
315 609 1.0
315 621 1.0
315 636 1.0
315 576 1.0
315 316 1.0
315 317 1.0
315 318 1.0
315 319 1.0
315 321 1.0
315 323 1.0
315 324 1.0
315 325 1.0
315 329 1.0
315 332 -1.0
315 336 1.0
315 337 -1.0
315 338 1.0
315 341 1.0
315 342 1.0
315 343 1.0
315 345 1.0
315 346 -1.0
315 347 1.0
315 350 1.0
315 351 1.0
315 352 1.0
315 354 1.0
315 355 1.0
315 356 1.0
315 358 1.0
315 362 1.0
315 363 1.0
315 364 1.0
315 365 1.0
315 369 1.0
315 370 1.0
315 374 1.0
315 376 1.0
315 379 1.0
315 384 1.0
315 386 1.0
315 390 1.0
315 392 1.0
315 393 1.0
315 394 1.0
315 395 1.0
315 397 1.0
315 398 1.0
315 402 1.0
315 403 1.0
315 408 1.0
315 582 1.0
315 419 1.0
315 425 1.0
315 428 1.0
315 435 1.0
315 440 1.0
315 442 1.0
315 443 1.0
315 448 1.0
315 451 1.0
315 459 1.0
315 464 1.0
315 466 1.0
315 479 1.0
315 483 1.0
315 496 1.0
315 497 1.0
315 499 1.0
315 512 1.0
316 514 1.0
316 515 1.0
316 516 1.0
316 520 1.0
316 523 1.0
316 527 1.0
316 529 1.0
316 539 1.0
316 551 1.0
316 552 1.0
316 563 1.0
316 607 1.0
316 575 1.0
316 583 1.0
316 585 1.0
316 589 1.0
316 595 1.0
316 605 1.0
316 618 1.0
316 620 1.0
316 621 1.0
316 629 1.0
316 638 1.0
316 633 1.0
316 317 1.0
316 318 1.0
316 319 1.0
316 321 1.0
316 322 1.0
316 325 -1.0
316 326 1.0
316 327 1.0
316 332 1.0
316 333 1.0
316 334 1.0
316 335 1.0
316 339 1.0
316 341 1.0
316 343 -1.0
316 344 1.0
316 345 1.0
316 351 1.0
316 352 1.0
316 356 1.0
316 358 1.0
316 361 1.0
316 362 -1.0
316 363 1.0
316 365 1.0
316 369 1.0
316 370 1.0
316 371 1.0
316 372 1.0
316 373 1.0
316 374 1.0
316 375 1.0
316 380 1.0
316 382 1.0
316 388 1.0
316 390 1.0
316 392 1.0
316 396 1.0
316 397 1.0
316 398 1.0
316 399 1.0
316 402 1.0
316 407 1.0
316 409 -1.0
316 415 1.0
316 423 1.0
316 427 1.0
316 428 1.0
316 430 1.0
316 439 -1.0
316 447 1.0
316 460 1.0
316 461 1.0
316 462 1.0
316 463 1.0
316 465 1.0
316 466 1.0
316 469 1.0
316 470 1.0
316 476 1.0
316 489 1.0
316 492 1.0
316 494 -1.0
316 495 1.0
316 501 1.0
316 503 1.0
316 505 1.0
316 506 1.0
316 507 1.0
317 513 1.0
317 515 1.0
317 521 1.0
317 524 1.0
317 538 1.0
317 541 1.0
317 553 1.0
317 561 1.0
317 562 1.0
317 564 -1.0
317 569 1.0
317 579 1.0
317 580 1.0
317 590 1.0
317 591 1.0
317 526 1.0
317 626 1.0
317 629 1.0
317 631 1.0
317 636 1.0
317 644 -1.0
317 649 1.0
317 576 1.0
317 318 1.0
317 319 1.0
317 320 1.0
317 321 1.0
317 323 1.0
317 327 1.0
317 328 1.0
317 329 1.0
317 331 -1.0
317 335 1.0
317 338 1.0
317 339 1.0
317 342 1.0
317 344 1.0
317 350 1.0
317 351 -1.0
317 352 1.0
317 353 1.0
317 361 1.0
317 362 1.0
317 364 1.0
317 368 1.0
317 371 1.0
317 372 1.0
317 373 1.0
317 374 1.0
317 377 1.0
317 380 1.0
317 381 1.0
317 384 1.0
317 385 1.0
317 391 1.0
317 393 1.0
317 394 -1.0
317 395 1.0
317 396 -1.0
317 398 1.0
317 402 1.0
317 404 -1.0
317 405 1.0
317 412 1.0
317 413 1.0
317 416 1.0
317 423 1.0
317 442 1.0
317 446 1.0
317 447 1.0
317 456 1.0
317 459 1.0
317 462 -1.0
317 465 1.0
317 471 1.0
317 472 1.0
317 475 1.0
317 592 1.0
317 478 1.0
317 482 1.0
317 484 -1.0
317 485 1.0
317 494 1.0
317 506 1.0
317 509 1.0
317 510 1.0
318 518 1.0
318 519 1.0
318 526 1.0
318 527 1.0
318 530 1.0
318 533 1.0
318 541 -1.0
318 568 1.0
318 571 1.0
318 574 1.0
318 577 -1.0
318 578 1.0
318 580 1.0
318 587 -1.0
318 589 1.0
318 594 1.0
318 598 -1.0
318 603 1.0
318 605 1.0
318 609 1.0
318 615 1.0
318 626 1.0
318 633 1.0
318 640 1.0
318 647 1.0
318 564 1.0
318 319 1.0
318 566 1.0
318 323 1.0
318 324 1.0
318 326 1.0
318 328 1.0
318 332 1.0
318 336 1.0
318 337 -1.0
318 339 1.0
318 340 1.0
318 343 1.0
318 344 1.0
318 345 -1.0
318 348 1.0
318 352 1.0
318 356 1.0
318 360 1.0
318 362 1.0
318 363 -1.0
318 369 1.0
318 370 -1.0
318 372 1.0
318 374 1.0
318 377 -1.0
318 378 1.0
318 381 1.0
318 382 1.0
318 385 1.0
318 386 1.0
318 387 1.0
318 388 1.0
318 390 1.0
318 392 1.0
318 394 1.0
318 397 1.0
318 404 1.0
318 405 1.0
318 410 1.0
318 412 1.0
318 417 1.0
318 421 1.0
318 425 1.0
318 430 -1.0
318 432 1.0
318 450 1.0
318 452 1.0
318 467 1.0
318 468 1.0
318 474 1.0
318 475 1.0
318 487 1.0
318 500 1.0
318 504 1.0
318 505 1.0
318 507 1.0
319 528 1.0
319 553 1.0
319 567 -1.0
319 572 1.0
319 574 1.0
319 579 1.0
319 583 1.0
319 591 1.0
319 549 1.0
319 601 1.0
319 603 1.0
319 611 1.0
319 616 1.0
319 624 -1.0
319 626 1.0
319 637 1.0
319 638 1.0
319 639 1.0
319 641 1.0
319 645 1.0
319 650 1.0
319 322 1.0
319 323 1.0
319 325 1.0
319 330 1.0
319 331 1.0
319 335 1.0
319 336 1.0
319 337 1.0
319 338 -1.0
319 340 1.0
319 342 1.0
319 345 -1.0
319 348 1.0
319 350 1.0
319 351 1.0
319 354 1.0
319 355 1.0
319 356 1.0
319 357 1.0
319 359 -1.0
319 361 1.0
319 364 1.0
319 366 1.0
319 368 1.0
319 369 1.0
319 370 1.0
319 371 1.0
319 372 1.0
319 373 1.0
319 374 1.0
319 379 1.0
319 380 1.0
319 381 1.0
319 382 1.0
319 389 -1.0
319 395 1.0
319 396 1.0
319 397 1.0
319 399 1.0
319 401 1.0
319 403 1.0
319 405 1.0
319 406 1.0
319 408 1.0
319 414 1.0
319 415 1.0
319 418 1.0
319 421 1.0
319 425 1.0
319 431 1.0
319 439 1.0
319 443 1.0
319 447 1.0
319 448 1.0
319 451 1.0
319 462 1.0
319 464 1.0
319 487 1.0
319 493 1.0
319 497 -1.0
319 499 1.0
319 508 1.0
319 509 -1.0
320 515 1.0
320 519 1.0
320 521 1.0
320 523 1.0
320 536 1.0
320 549 1.0
320 550 1.0
320 560 1.0
320 567 1.0
320 584 -1.0
320 526 1.0
320 593 1.0
320 599 1.0
320 602 1.0
320 608 1.0
320 612 1.0
320 629 1.0
320 632 1.0
320 646 1.0
320 537 -1.0
320 639 1.0
320 324 1.0
320 325 1.0
320 326 1.0
320 334 -1.0
320 339 1.0
320 342 1.0
320 344 1.0
320 345 -1.0
320 346 1.0
320 347 1.0
320 349 1.0
320 350 1.0
320 355 -1.0
320 356 1.0
320 361 1.0
320 363 1.0
320 364 1.0
320 368 1.0
320 370 1.0
320 376 1.0
320 378 1.0
320 379 1.0
320 380 1.0
320 381 1.0
320 382 1.0
320 383 1.0
320 391 1.0
320 395 1.0
320 396 1.0
320 397 1.0
320 398 1.0
320 399 1.0
320 400 1.0
320 401 1.0
320 402 1.0
320 403 1.0
320 404 1.0
320 409 1.0
320 415 1.0
320 431 1.0
320 433 1.0
320 434 1.0
320 454 1.0
320 462 1.0
320 465 -1.0
320 641 -1.0
320 470 1.0
320 471 1.0
320 592 1.0
320 480 1.0
320 483 1.0
320 486 1.0
320 489 1.0
320 493 1.0
320 496 1.0
320 505 1.0
320 509 1.0
320 512 1.0
321 514 1.0
321 526 1.0
321 532 1.0
321 533 1.0
321 536 1.0
321 642 1.0
321 541 -1.0
321 543 1.0
321 546 1.0
321 552 1.0
321 650 1.0
321 557 1.0
321 559 -1.0
321 563 1.0
321 574 1.0
321 576 1.0
321 581 1.0
321 611 -1.0
321 620 1.0
321 623 1.0
321 626 1.0
321 628 1.0
321 629 1.0
321 633 1.0
321 637 1.0
321 639 1.0
321 643 1.0
321 649 1.0
321 568 1.0
321 322 1.0
321 323 1.0
321 324 1.0
321 326 1.0
321 328 -1.0
321 331 -1.0
321 332 1.0
321 335 1.0
321 337 -1.0
321 338 1.0
321 341 1.0
321 350 1.0
321 351 1.0
321 352 1.0
321 353 1.0
321 354 1.0
321 355 1.0
321 359 1.0
321 360 1.0
321 361 1.0
321 366 1.0
321 367 1.0
321 369 1.0
321 370 1.0
321 371 -1.0
321 380 1.0
321 381 -1.0
321 382 1.0
321 385 1.0
321 389 -1.0
321 390 1.0
321 391 1.0
321 392 1.0
321 393 1.0
321 394 1.0
321 397 1.0
321 398 1.0
321 399 1.0
321 400 1.0
321 402 1.0
321 403 1.0
321 404 1.0
321 405 1.0
321 406 1.0
321 412 1.0
321 414 1.0
321 421 1.0
321 422 1.0
321 584 1.0
321 432 1.0
321 437 1.0
321 443 1.0
321 451 1.0
321 456 -1.0
321 462 1.0
321 464 1.0
321 471 1.0
321 477 1.0
321 479 1.0
321 480 1.0
321 487 1.0
321 489 1.0
321 493 1.0
321 497 1.0
321 498 1.0
321 499 1.0
321 510 1.0
322 528 1.0
322 538 1.0
322 541 1.0
322 543 1.0
322 548 1.0
322 564 1.0
322 607 1.0
322 567 1.0
322 581 1.0
322 582 1.0
322 598 1.0
322 602 1.0
322 611 1.0
322 628 1.0
322 630 1.0
322 636 1.0
322 638 1.0
322 645 1.0
322 323 1.0
322 324 1.0
322 325 1.0
322 329 1.0
322 330 1.0
322 334 1.0
322 335 1.0
322 337 1.0
322 339 1.0
322 341 1.0
322 343 1.0
322 344 1.0
322 345 1.0
322 347 1.0
322 353 1.0
322 354 1.0
322 356 1.0
322 357 1.0
322 359 1.0
322 360 1.0
322 365 1.0
322 366 1.0
322 368 1.0
322 372 1.0
322 373 1.0
322 375 1.0
322 377 1.0
322 383 1.0
322 387 1.0
322 388 1.0
322 389 1.0
322 390 1.0
322 392 1.0
322 394 1.0
322 396 1.0
322 403 1.0
322 407 -1.0
322 408 -1.0
322 409 1.0
322 417 1.0
322 420 1.0
322 424 1.0
322 429 1.0
322 430 1.0
322 433 1.0
322 441 1.0
322 445 1.0
322 458 1.0
322 459 1.0
322 462 1.0
322 467 1.0
322 474 1.0
322 484 1.0
322 487 1.0
322 498 1.0
322 500 -1.0
322 506 1.0
323 517 1.0
323 527 1.0
323 538 1.0
323 550 1.0
323 551 1.0
323 555 1.0
323 558 1.0
323 564 1.0
323 566 1.0
323 596 1.0
323 612 1.0
323 634 1.0
323 636 1.0
323 640 1.0
323 646 1.0
323 648 -1.0
323 650 -1.0
323 622 1.0
323 324 1.0
323 328 1.0
323 330 -1.0
323 332 1.0
323 334 1.0
323 339 1.0
323 342 1.0
323 348 1.0
323 349 1.0
323 350 1.0
323 351 1.0
323 353 1.0
323 354 1.0
323 355 1.0
323 356 1.0
323 360 1.0
323 362 1.0
323 365 1.0
323 369 -1.0
323 372 -1.0
323 373 1.0
323 375 1.0
323 379 1.0
323 380 1.0
323 381 1.0
323 382 1.0
323 384 1.0
323 385 1.0
323 387 1.0
323 388 1.0
323 393 -1.0
323 395 1.0
323 398 1.0
323 400 1.0
323 403 1.0
323 405 1.0
323 408 -1.0
323 415 1.0
323 419 1.0
323 420 1.0
323 427 1.0
323 432 1.0
323 444 1.0
323 446 1.0
323 449 1.0
323 451 1.0
323 461 1.0
323 463 -1.0
323 469 1.0
323 470 1.0
323 472 -1.0
323 474 1.0
323 480 1.0
323 483 1.0
323 484 -1.0
323 485 1.0
323 497 1.0
323 499 1.0
323 511 1.0
324 514 1.0
324 516 1.0
324 526 1.0
324 527 1.0
324 533 1.0
324 535 1.0
324 552 1.0
324 558 1.0
324 559 1.0
324 560 1.0
324 570 -1.0
324 580 1.0
324 590 1.0
324 595 1.0
324 602 1.0
324 610 1.0
324 614 1.0
324 636 1.0
324 643 1.0
324 325 1.0
324 326 1.0
324 327 1.0
324 328 1.0
324 337 1.0
324 338 1.0
324 340 1.0
324 341 1.0
324 343 1.0
324 344 1.0
324 345 1.0
324 347 1.0
324 348 1.0
324 349 1.0
324 351 1.0
324 352 1.0
324 355 1.0
324 357 1.0
324 358 1.0
324 359 1.0
324 360 1.0
324 361 1.0
324 362 1.0
324 366 -1.0
324 367 1.0
324 368 1.0
324 369 1.0
324 371 1.0
324 374 1.0
324 375 1.0
324 378 1.0
324 379 1.0
324 380 1.0
324 381 1.0
324 382 1.0
324 384 1.0
324 385 1.0
324 392 1.0
324 393 1.0
324 394 1.0
324 400 1.0
324 401 1.0
324 403 1.0
324 404 1.0
324 405 1.0
324 406 -1.0
324 407 1.0
324 408 1.0
324 409 1.0
324 410 1.0
324 411 1.0
324 430 1.0
324 432 1.0
324 436 -1.0
324 440 1.0
324 442 1.0
324 466 1.0
324 467 1.0
324 469 1.0
324 474 1.0
324 476 1.0
324 480 1.0
324 483 1.0
324 484 -1.0
324 486 -1.0
324 487 -1.0
324 489 1.0
324 493 -1.0
324 501 1.0
324 506 1.0
324 509 1.0
324 512 1.0
325 526 1.0
325 528 1.0
325 531 1.0
325 532 1.0
325 533 1.0
325 535 1.0
325 539 1.0
325 540 -1.0
325 541 -1.0
325 554 1.0
325 556 1.0
325 564 1.0
325 607 1.0
325 568 1.0
325 570 1.0
325 573 1.0
325 578 1.0
325 581 1.0
325 583 1.0
325 588 1.0
325 593 1.0
325 596 1.0
325 601 1.0
325 602 -1.0
325 612 1.0
325 615 1.0
325 618 1.0
325 622 1.0
325 628 1.0
325 644 1.0
325 650 1.0
325 328 1.0
325 329 1.0
325 330 1.0
325 333 1.0
325 335 1.0
325 340 1.0
325 345 1.0
325 346 1.0
325 353 -1.0
325 357 1.0
325 358 1.0
325 359 1.0
325 361 1.0
325 362 1.0
325 363 1.0
325 364 1.0
325 366 1.0
325 369 1.0
325 371 1.0
325 374 1.0
325 376 1.0
325 381 1.0
325 383 1.0
325 384 -1.0
325 387 1.0
325 388 1.0
325 391 1.0
325 392 1.0
325 393 1.0
325 394 1.0
325 395 1.0
325 396 1.0
325 398 1.0
325 399 1.0
325 401 1.0
325 404 1.0
325 405 1.0
325 406 1.0
325 408 1.0
325 410 1.0
325 414 1.0
325 415 1.0
325 427 1.0
325 448 1.0
325 450 1.0
325 471 -1.0
325 472 1.0
325 477 1.0
325 481 1.0
325 483 -1.0
325 594 1.0
325 490 1.0
325 492 1.0
325 494 1.0
325 502 1.0
325 504 1.0
325 505 1.0
325 511 -1.0
326 524 1.0
326 528 1.0
326 542 1.0
326 547 1.0
326 572 1.0
326 577 1.0
326 588 1.0
326 596 1.0
326 597 1.0
326 600 1.0
326 616 1.0
326 619 1.0
326 624 1.0
326 627 1.0
326 628 1.0
326 637 1.0
326 639 1.0
326 644 1.0
326 645 1.0
326 646 -1.0
326 329 1.0
326 331 1.0
326 334 1.0
326 336 1.0
326 338 1.0
326 339 1.0
326 343 1.0
326 345 1.0
326 346 -1.0
326 349 -1.0
326 350 1.0
326 351 1.0
326 353 1.0
326 356 1.0
326 357 1.0
326 361 1.0
326 364 -1.0
326 365 1.0
326 369 1.0
326 370 -1.0
326 372 1.0
326 373 1.0
326 374 1.0
326 375 1.0
326 376 1.0
326 379 1.0
326 380 1.0
326 383 1.0
326 384 1.0
326 386 1.0
326 387 1.0
326 388 1.0
326 391 1.0
326 393 1.0
326 394 1.0
326 395 1.0
326 404 1.0
326 408 1.0
326 409 1.0
326 419 1.0
326 423 1.0
326 429 1.0
326 435 1.0
326 457 -1.0
326 460 1.0
326 464 1.0
326 467 1.0
326 469 1.0
326 472 1.0
326 473 1.0
326 494 1.0
326 499 1.0
326 501 1.0
326 504 1.0
326 506 1.0
326 508 1.0
327 514 1.0
327 515 1.0
327 518 1.0
327 527 -1.0
327 528 1.0
327 529 1.0
327 530 1.0
327 536 1.0
327 542 1.0
327 548 1.0
327 553 -1.0
327 556 -1.0
327 562 1.0
327 565 1.0
327 569 1.0
327 597 1.0
327 602 1.0
327 603 1.0
327 606 1.0
327 608 1.0
327 615 -1.0
327 621 1.0
327 639 1.0
327 640 1.0
327 643 1.0
327 544 1.0
327 328 -1.0
327 330 1.0
327 333 1.0
327 336 1.0
327 337 1.0
327 338 1.0
327 342 1.0
327 344 1.0
327 348 1.0
327 351 1.0
327 354 1.0
327 359 1.0
327 360 1.0
327 361 1.0
327 362 1.0
327 363 -1.0
327 366 1.0
327 368 1.0
327 369 1.0
327 372 1.0
327 375 1.0
327 377 1.0
327 378 1.0
327 379 1.0
327 380 1.0
327 382 1.0
327 383 1.0
327 387 1.0
327 389 1.0
327 391 1.0
327 392 1.0
327 397 1.0
327 399 1.0
327 401 -1.0
327 402 1.0
327 404 1.0
327 405 1.0
327 406 1.0
327 408 1.0
327 409 1.0
327 410 1.0
327 411 1.0
327 414 1.0
327 415 1.0
327 416 -1.0
327 419 1.0
327 421 1.0
327 447 1.0
327 460 1.0
327 474 -1.0
327 478 1.0
327 484 1.0
327 495 -1.0
327 497 1.0
327 500 1.0
327 509 1.0
327 560 1.0
328 516 1.0
328 525 1.0
328 526 1.0
328 528 1.0
328 533 -1.0
328 537 1.0
328 553 1.0
328 556 1.0
328 560 1.0
328 574 1.0
328 579 1.0
328 586 1.0
328 593 1.0
328 594 1.0
328 597 1.0
328 603 1.0
328 604 1.0
328 607 1.0
328 616 1.0
328 624 1.0
328 625 1.0
328 627 1.0
328 631 1.0
328 634 1.0
328 635 -1.0
328 638 1.0
328 647 1.0
328 649 1.0
328 640 1.0
328 644 1.0
328 330 1.0
328 333 1.0
328 335 1.0
328 337 1.0
328 338 1.0
328 339 1.0
328 342 1.0
328 343 -1.0
328 344 1.0
328 345 1.0
328 346 1.0
328 347 1.0
328 348 1.0
328 349 1.0
328 350 -1.0
328 351 1.0
328 356 1.0
328 359 1.0
328 362 1.0
328 363 -1.0
328 364 1.0
328 365 1.0
328 366 1.0
328 367 1.0
328 372 1.0
328 373 1.0
328 374 -1.0
328 376 1.0
328 377 1.0
328 379 1.0
328 380 -1.0
328 381 1.0
328 382 1.0
328 383 -1.0
328 384 1.0
328 385 1.0
328 390 1.0
328 391 1.0
328 392 1.0
328 394 1.0
328 398 1.0
328 399 1.0
328 402 1.0
328 404 1.0
328 405 1.0
328 410 -1.0
328 413 1.0
328 418 1.0
328 420 1.0
328 423 1.0
328 448 -1.0
328 454 1.0
328 457 1.0
328 464 1.0
328 473 -1.0
328 483 1.0
328 486 1.0
328 494 1.0
328 495 1.0
328 496 1.0
328 501 1.0
328 505 1.0
328 507 1.0
328 511 1.0
329 519 1.0
329 540 1.0
329 541 1.0
329 542 1.0
329 548 1.0
329 556 1.0
329 557 1.0
329 559 -1.0
329 562 -1.0
329 565 1.0
329 569 1.0
329 572 1.0
329 573 1.0
329 576 1.0
329 579 1.0
329 582 1.0
329 610 -1.0
329 587 1.0
329 588 1.0
329 599 1.0
329 615 1.0
329 330 1.0
329 331 1.0
329 332 1.0
329 333 1.0
329 338 1.0
329 340 1.0
329 341 1.0
329 342 1.0
329 346 1.0
329 347 1.0
329 348 1.0
329 349 1.0
329 350 1.0
329 356 -1.0
329 363 1.0
329 366 1.0
329 367 1.0
329 369 1.0
329 370 1.0
329 371 1.0
329 373 1.0
329 375 1.0
329 376 1.0
329 377 1.0
329 383 1.0
329 384 1.0
329 385 1.0
329 387 1.0
329 391 1.0
329 392 -1.0
329 393 1.0
329 396 1.0
329 397 1.0
329 401 -1.0
329 402 1.0
329 403 -1.0
329 406 1.0
329 407 1.0
329 408 1.0
329 412 1.0
329 414 1.0
329 416 1.0
329 419 1.0
329 425 -1.0
329 428 -1.0
329 433 1.0
329 444 1.0
329 449 1.0
329 455 1.0
329 456 1.0
329 459 1.0
329 466 1.0
329 468 1.0
329 469 -1.0
329 472 1.0
329 481 -1.0
329 489 1.0
329 491 -1.0
329 496 1.0
329 498 1.0
329 500 1.0
329 501 -1.0
329 507 -1.0
330 514 1.0
330 527 1.0
330 555 1.0
330 556 1.0
330 557 -1.0
330 560 1.0
330 571 1.0
330 575 1.0
330 524 -1.0
330 587 1.0
330 589 1.0
330 549 1.0
330 593 1.0
330 600 1.0
330 614 1.0
330 618 1.0
330 619 1.0
330 616 1.0
330 631 1.0
330 633 1.0
330 634 1.0
330 647 1.0
330 632 1.0
330 332 1.0
330 341 1.0
330 343 1.0
330 344 1.0
330 348 1.0
330 350 1.0
330 352 1.0
330 356 1.0
330 357 1.0
330 358 1.0
330 360 1.0
330 363 1.0
330 365 1.0
330 368 -1.0
330 371 1.0
330 372 1.0
330 374 1.0
330 376 -1.0
330 378 1.0
330 380 1.0
330 384 1.0
330 387 1.0
330 389 1.0
330 391 1.0
330 392 1.0
330 394 1.0
330 395 1.0
330 397 1.0
330 399 1.0
330 400 1.0
330 401 1.0
330 406 1.0
330 408 1.0
330 413 1.0
330 417 1.0
330 422 1.0
330 425 1.0
330 430 1.0
330 436 1.0
330 441 1.0
330 443 1.0
330 447 1.0
330 448 1.0
330 450 1.0
330 460 1.0
330 461 1.0
330 463 1.0
330 592 1.0
330 486 1.0
330 492 1.0
330 495 1.0
330 496 1.0
330 505 1.0
330 507 1.0
330 511 1.0
331 516 1.0
331 520 1.0
331 529 1.0
331 536 1.0
331 539 1.0
331 544 1.0
331 545 1.0
331 548 1.0
331 549 1.0
331 554 1.0
331 563 1.0
331 564 1.0
331 567 1.0
331 589 1.0
331 597 1.0
331 603 1.0
331 608 1.0
331 614 1.0
331 615 1.0
331 616 1.0
331 621 1.0
331 623 1.0
331 630 1.0
331 632 1.0
331 640 1.0
331 646 1.0
331 624 1.0
331 332 1.0
331 333 1.0
331 336 1.0
331 338 1.0
331 339 1.0
331 341 1.0
331 347 1.0
331 349 1.0
331 352 1.0
331 524 1.0
331 354 1.0
331 355 1.0
331 356 1.0
331 357 1.0
331 359 1.0
331 365 1.0
331 366 1.0
331 367 1.0
331 368 1.0
331 369 1.0
331 371 1.0
331 374 1.0
331 376 1.0
331 377 1.0
331 378 1.0
331 379 1.0
331 380 1.0
331 382 1.0
331 384 1.0
331 385 -1.0
331 389 1.0
331 391 1.0
331 394 1.0
331 399 1.0
331 403 1.0
331 410 1.0
331 417 1.0
331 419 1.0
331 422 -1.0
331 427 1.0
331 499 -1.0
331 585 1.0
331 595 1.0
331 444 -1.0
331 445 1.0
331 452 1.0
331 453 1.0
331 462 1.0
331 467 1.0
331 471 1.0
331 475 1.0
331 477 1.0
331 485 1.0
331 494 1.0
331 495 1.0
331 497 1.0
331 498 -1.0
331 580 1.0
331 503 1.0
331 506 1.0
331 507 1.0
331 508 1.0
331 510 1.0
331 512 1.0
332 513 1.0
332 514 1.0
332 528 1.0
332 539 1.0
332 563 1.0
332 568 1.0
332 573 1.0
332 581 1.0
332 584 1.0
332 525 1.0
332 588 -1.0
332 593 1.0
332 604 1.0
332 606 1.0
332 615 1.0
332 619 1.0
332 627 1.0
332 630 1.0
332 633 -1.0
332 637 1.0
332 645 1.0
332 622 1.0
332 639 1.0
332 333 1.0
332 334 1.0
332 335 1.0
332 337 1.0
332 338 1.0
332 341 1.0
332 342 1.0
332 344 1.0
332 347 1.0
332 348 1.0
332 349 1.0
332 350 1.0
332 352 1.0
332 353 1.0
332 354 1.0
332 358 -1.0
332 360 1.0
332 361 1.0
332 363 1.0
332 366 1.0
332 367 1.0
332 368 1.0
332 370 -1.0
332 371 1.0
332 373 1.0
332 378 1.0
332 381 1.0
332 384 1.0
332 385 1.0
332 386 1.0
332 387 1.0
332 389 1.0
332 391 1.0
332 392 1.0
332 395 1.0
332 396 1.0
332 397 -1.0
332 398 1.0
332 400 1.0
332 402 1.0
332 408 1.0
332 415 1.0
332 416 1.0
332 417 1.0
332 420 1.0
332 425 1.0
332 429 1.0
332 432 1.0
332 440 1.0
332 441 1.0
332 445 1.0
332 448 1.0
332 453 1.0
332 589 1.0
332 462 -1.0
332 470 1.0
332 471 1.0
332 472 1.0
332 474 1.0
332 483 1.0
332 501 1.0
332 504 1.0
333 526 1.0
333 531 1.0
333 533 1.0
333 553 1.0
333 555 1.0
333 557 1.0
333 564 1.0
333 568 1.0
333 569 1.0
333 572 1.0
333 578 1.0
333 591 1.0
333 592 -1.0
333 594 1.0
333 612 1.0
333 597 1.0
333 616 1.0
333 630 1.0
333 631 1.0
333 632 1.0
333 642 1.0
333 644 1.0
333 645 1.0
333 650 1.0
333 334 1.0
333 335 1.0
333 338 1.0
333 344 1.0
333 345 1.0
333 349 1.0
333 350 1.0
333 351 1.0
333 352 -1.0
333 353 1.0
333 354 1.0
333 355 1.0
333 356 1.0
333 357 1.0
333 358 1.0
333 359 1.0
333 361 1.0
333 362 1.0
333 364 1.0
333 365 1.0
333 370 1.0
333 371 1.0
333 372 1.0
333 374 1.0
333 377 1.0
333 380 1.0
333 381 1.0
333 382 1.0
333 385 1.0
333 386 -1.0
333 387 1.0
333 388 1.0
333 389 1.0
333 391 1.0
333 393 1.0
333 394 1.0
333 395 1.0
333 396 1.0
333 399 1.0
333 400 1.0
333 401 1.0
333 403 1.0
333 404 1.0
333 405 1.0
333 406 1.0
333 409 1.0
333 414 1.0
333 415 1.0
333 416 1.0
333 428 1.0
333 442 1.0
333 447 -1.0
333 449 1.0
333 459 1.0
333 466 1.0
333 479 1.0
333 484 1.0
333 490 1.0
333 494 1.0
333 596 1.0
333 503 1.0
333 504 -1.0
333 510 1.0
333 512 1.0
334 632 1.0
334 545 -1.0
334 546 1.0
334 551 1.0
334 561 1.0
334 566 1.0
334 567 1.0
334 569 1.0
334 572 1.0
334 573 1.0
334 577 1.0
334 524 1.0
334 584 1.0
334 589 1.0
334 590 1.0
334 594 1.0
334 607 1.0
334 613 1.0
334 615 1.0
334 619 1.0
334 622 1.0
334 639 1.0
334 646 1.0
334 648 1.0
334 586 1.0
334 628 1.0
334 642 1.0
334 335 1.0
334 336 1.0
334 337 -1.0
334 338 1.0
334 340 1.0
334 343 1.0
334 345 1.0
334 346 1.0
334 348 1.0
334 349 1.0
334 351 -1.0
334 354 1.0
334 355 -1.0
334 356 1.0
334 357 1.0
334 358 1.0
334 361 1.0
334 362 1.0
334 364 1.0
334 365 1.0
334 368 1.0
334 370 1.0
334 371 -1.0
334 373 1.0
334 374 1.0
334 378 1.0
334 381 1.0
334 382 1.0
334 384 1.0
334 386 -1.0
334 388 -1.0
334 389 1.0
334 393 -1.0
334 394 1.0
334 396 1.0
334 397 1.0
334 398 1.0
334 402 1.0
334 404 1.0
334 406 1.0
334 407 1.0
334 411 1.0
334 412 1.0
334 415 1.0
334 416 1.0
334 417 1.0
334 423 1.0
334 425 1.0
334 440 1.0
334 446 1.0
334 448 1.0
334 452 -1.0
334 453 1.0
334 454 1.0
334 455 1.0
334 460 -1.0
334 462 -1.0
334 470 1.0
334 471 1.0
334 480 1.0
334 485 1.0
334 489 1.0
334 504 1.0
334 508 1.0
334 510 1.0
335 526 1.0
335 529 1.0
335 535 1.0
335 541 1.0
335 544 1.0
335 545 -1.0
335 555 1.0
335 568 1.0
335 578 1.0
335 580 1.0
335 582 -1.0
335 587 1.0
335 589 1.0
335 592 1.0
335 595 1.0
335 596 1.0
335 597 1.0
335 600 1.0
335 604 1.0
335 614 1.0
335 617 1.0
335 639 1.0
335 650 1.0
335 542 -1.0
335 337 -1.0
335 338 1.0
335 342 1.0
335 344 1.0
335 345 1.0
335 346 1.0
335 348 1.0
335 350 1.0
335 351 1.0
335 354 1.0
335 355 -1.0
335 356 1.0
335 357 1.0
335 358 1.0
335 360 1.0
335 361 1.0
335 363 1.0
335 364 1.0
335 369 1.0
335 372 1.0
335 376 1.0
335 379 1.0
335 382 1.0
335 383 1.0
335 384 1.0
335 388 1.0
335 389 1.0
335 390 -1.0
335 394 -1.0
335 395 -1.0
335 396 1.0
335 400 1.0
335 401 1.0
335 405 1.0
335 406 1.0
335 408 1.0
335 410 1.0
335 411 -1.0
335 412 1.0
335 414 1.0
335 415 1.0
335 416 1.0
335 418 1.0
335 419 1.0
335 422 1.0
335 424 -1.0
335 428 1.0
335 429 -1.0
335 430 1.0
335 434 1.0
335 438 1.0
335 439 1.0
335 452 1.0
335 458 1.0
335 459 1.0
335 464 1.0
335 467 1.0
335 473 1.0
335 474 1.0
335 479 1.0
335 482 1.0
335 488 1.0
335 502 1.0
336 545 1.0
336 546 1.0
336 548 1.0
336 564 1.0
336 571 1.0
336 576 1.0
336 577 1.0
336 579 1.0
336 581 1.0
336 582 1.0
336 583 1.0
336 589 -1.0
336 596 1.0
336 598 1.0
336 601 1.0
336 603 1.0
336 604 1.0
336 607 1.0
336 615 1.0
336 616 1.0
336 618 1.0
336 630 1.0
336 638 1.0
336 543 1.0
336 522 1.0
336 337 1.0
336 341 1.0
336 345 1.0
336 346 1.0
336 349 1.0
336 351 1.0
336 354 1.0
336 355 1.0
336 357 1.0
336 358 1.0
336 361 1.0
336 362 1.0
336 363 1.0
336 364 -1.0
336 365 1.0
336 367 1.0
336 369 1.0
336 371 1.0
336 373 1.0
336 374 1.0
336 376 1.0
336 377 1.0
336 379 -1.0
336 382 1.0
336 383 1.0
336 385 -1.0
336 386 1.0
336 388 1.0
336 389 1.0
336 392 1.0
336 394 1.0
336 396 1.0
336 397 1.0
336 398 1.0
336 400 1.0
336 401 1.0
336 402 -1.0
336 405 1.0
336 406 1.0
336 411 -1.0
336 412 1.0
336 413 1.0
336 415 1.0
336 416 1.0
336 421 -1.0
336 422 1.0
336 423 1.0
336 585 1.0
336 452 1.0
336 453 -1.0
336 454 1.0
336 456 1.0
336 462 1.0
336 480 1.0
336 483 1.0
336 485 1.0
336 486 1.0
336 493 1.0
336 496 1.0
336 497 1.0
336 499 1.0
336 506 1.0
336 508 1.0
337 513 1.0
337 525 1.0
337 526 1.0
337 528 1.0
337 530 1.0
337 516 1.0
337 534 1.0
337 535 1.0
337 537 1.0
337 540 1.0
337 543 1.0
337 548 1.0
337 554 -1.0
337 558 1.0
337 571 1.0
337 592 1.0
337 597 1.0
337 599 1.0
337 603 1.0
337 609 1.0
337 612 1.0
337 614 1.0
337 620 1.0
337 627 1.0
337 638 1.0
337 641 1.0
337 626 1.0
337 340 -1.0
337 343 1.0
337 345 -1.0
337 347 1.0
337 348 1.0
337 351 1.0
337 352 1.0
337 356 1.0
337 357 1.0
337 358 -1.0
337 359 1.0
337 363 1.0
337 365 1.0
337 368 1.0
337 369 -1.0
337 370 1.0
337 372 1.0
337 376 1.0
337 377 1.0
337 378 -1.0
337 379 1.0
337 380 -1.0
337 381 1.0
337 385 1.0
337 387 1.0
337 388 1.0
337 389 -1.0
337 391 1.0
337 397 1.0
337 398 1.0
337 399 1.0
337 400 1.0
337 401 1.0
337 402 1.0
337 404 -1.0
337 405 1.0
337 410 1.0
337 414 1.0
337 417 1.0
337 419 1.0
337 420 1.0
337 421 1.0
337 422 1.0
337 426 1.0
337 427 -1.0
337 430 -1.0
337 431 1.0
337 445 -1.0
337 448 1.0
337 453 1.0
337 465 -1.0
337 470 1.0
337 471 1.0
337 474 1.0
337 481 1.0
337 482 1.0
337 487 1.0
337 490 1.0
337 492 1.0
337 498 1.0
337 505 1.0
337 508 1.0
338 513 1.0
338 519 1.0
338 520 1.0
338 522 1.0
338 526 1.0
338 528 1.0
338 530 1.0
338 543 1.0
338 544 1.0
338 546 1.0
338 548 1.0
338 549 1.0
338 552 1.0
338 558 1.0
338 561 1.0
338 566 1.0
338 568 1.0
338 572 1.0
338 577 1.0
338 579 1.0
338 589 1.0
338 615 1.0
338 607 1.0
338 609 1.0
338 624 1.0
338 626 -1.0
338 532 1.0
338 633 1.0
338 634 1.0
338 637 1.0
338 639 1.0
338 640 1.0
338 648 1.0
338 341 -1.0
338 345 1.0
338 347 1.0
338 348 1.0
338 350 1.0
338 356 1.0
338 361 1.0
338 363 1.0
338 364 1.0
338 365 1.0
338 366 1.0
338 368 1.0
338 372 1.0
338 373 1.0
338 374 1.0
338 377 1.0
338 382 1.0
338 383 1.0
338 384 1.0
338 388 1.0
338 389 1.0
338 392 1.0
338 397 1.0
338 398 1.0
338 403 1.0
338 405 1.0
338 408 1.0
338 409 1.0
338 410 1.0
338 411 1.0
338 412 1.0
338 414 1.0
338 415 1.0
338 416 1.0
338 418 1.0
338 419 1.0
338 421 1.0
338 422 1.0
338 423 1.0
338 441 1.0
338 444 1.0
338 446 1.0
338 447 1.0
338 448 -1.0
338 451 1.0
338 459 -1.0
338 460 1.0
338 470 1.0
338 477 1.0
338 482 1.0
338 486 1.0
338 594 1.0
338 491 1.0
338 495 1.0
338 499 1.0
338 504 1.0
338 510 1.0
339 513 1.0
339 517 1.0
339 524 1.0
339 527 1.0
339 530 -1.0
339 538 1.0
339 541 1.0
339 547 -1.0
339 551 1.0
339 560 1.0
339 565 1.0
339 566 -1.0
339 569 1.0
339 570 1.0
339 571 1.0
339 575 1.0
339 577 1.0
339 580 1.0
339 582 -1.0
339 585 1.0
339 600 1.0
339 592 1.0
339 599 1.0
339 601 1.0
339 610 1.0
339 627 -1.0
339 628 -1.0
339 633 1.0
339 535 1.0
339 649 1.0
339 341 1.0
339 342 1.0
339 343 1.0
339 346 1.0
339 349 -1.0
339 352 1.0
339 355 1.0
339 357 1.0
339 359 1.0
339 361 1.0
339 365 1.0
339 366 1.0
339 369 1.0
339 371 1.0
339 372 1.0
339 373 1.0
339 374 1.0
339 376 1.0
339 378 1.0
339 380 1.0
339 383 1.0
339 388 1.0
339 389 1.0
339 391 1.0
339 392 1.0
339 394 -1.0
339 396 1.0
339 397 1.0
339 398 1.0
339 406 1.0
339 407 1.0
339 408 1.0
339 409 1.0
339 410 -1.0
339 414 -1.0
339 415 1.0
339 416 -1.0
339 417 1.0
339 418 1.0
339 419 1.0
339 420 1.0
339 421 1.0
339 422 1.0
339 425 1.0
339 426 1.0
339 429 1.0
339 435 1.0
339 436 1.0
339 439 1.0
339 443 1.0
339 449 1.0
339 457 1.0
339 468 1.0
339 469 1.0
339 473 -1.0
339 488 1.0
339 498 1.0
339 512 1.0
340 523 1.0
340 532 1.0
340 555 1.0
340 556 1.0
340 557 1.0
340 560 1.0
340 561 1.0
340 565 1.0
340 566 1.0
340 570 1.0
340 571 1.0
340 585 1.0
340 590 1.0
340 593 1.0
340 603 1.0
340 605 1.0
340 620 -1.0
340 621 1.0
340 624 1.0
340 627 1.0
340 629 1.0
340 635 1.0
340 643 1.0
340 554 1.0
340 342 1.0
340 343 1.0
340 344 -1.0
340 348 -1.0
340 352 1.0
340 354 1.0
340 360 1.0
340 361 1.0
340 363 1.0
340 365 1.0
340 366 1.0
340 574 -1.0
340 374 1.0
340 375 1.0
340 378 -1.0
340 380 1.0
340 382 1.0
340 383 1.0
340 384 1.0
340 386 -1.0
340 388 1.0
340 391 1.0
340 392 1.0
340 393 1.0
340 394 1.0
340 395 1.0
340 398 1.0
340 400 1.0
340 404 1.0
340 405 -1.0
340 410 1.0
340 411 1.0
340 414 -1.0
340 415 1.0
340 417 1.0
340 418 1.0
340 419 1.0
340 422 1.0
340 426 1.0
340 427 1.0
340 434 -1.0
340 437 1.0
340 444 1.0
340 449 1.0
340 450 1.0
340 452 1.0
340 454 1.0
340 456 1.0
340 459 1.0
340 463 1.0
340 466 1.0
340 470 1.0
340 471 1.0
340 472 1.0
340 475 1.0
340 477 1.0
340 479 1.0
340 483 1.0
340 487 1.0
340 492 1.0
340 493 1.0
340 494 -1.0
340 496 1.0
340 498 1.0
340 509 1.0
341 516 1.0
341 517 1.0
341 527 1.0
341 529 1.0
341 541 1.0
341 543 1.0
341 549 1.0
341 519 1.0
341 551 1.0
341 561 -1.0
341 564 1.0
341 574 1.0
341 581 1.0
341 585 1.0
341 588 1.0
341 589 -1.0
341 597 1.0
341 598 1.0
341 601 1.0
341 605 1.0
341 607 1.0
341 608 1.0
341 610 1.0
341 611 1.0
341 613 1.0
341 630 1.0
341 650 1.0
341 624 1.0
341 557 1.0
341 342 1.0
341 344 1.0
341 345 1.0
341 346 1.0
341 347 1.0
341 353 1.0
341 356 1.0
341 360 1.0
341 361 1.0
341 362 1.0
341 366 1.0
341 367 1.0
341 371 -1.0
341 374 1.0
341 380 1.0
341 381 1.0
341 383 1.0
341 384 1.0
341 385 1.0
341 386 1.0
341 389 1.0
341 394 1.0
341 395 1.0
341 396 1.0
341 397 1.0
341 398 1.0
341 399 1.0
341 401 1.0
341 402 1.0
341 403 1.0
341 404 1.0
341 406 1.0
341 407 1.0
341 410 1.0
341 411 1.0
341 412 1.0
341 413 1.0
341 417 1.0
341 418 -1.0
341 420 1.0
341 422 1.0
341 426 1.0
341 427 1.0
341 428 1.0
341 436 1.0
341 439 1.0
341 457 1.0
341 459 1.0
341 460 1.0
341 461 1.0
341 466 1.0
341 470 1.0
341 479 1.0
341 491 -1.0
341 493 1.0
341 497 1.0
341 500 1.0
341 507 1.0
342 513 -1.0
342 520 1.0
342 525 1.0
342 581 1.0
342 535 1.0
342 542 1.0
342 550 1.0
342 573 1.0
342 590 1.0
342 594 1.0
342 601 1.0
342 603 -1.0
342 611 1.0
342 612 1.0
342 615 1.0
342 624 1.0
342 626 1.0
342 642 1.0
342 645 1.0
342 646 1.0
342 347 -1.0
342 348 1.0
342 350 1.0
342 355 1.0
342 356 1.0
342 359 1.0
342 363 1.0
342 364 1.0
342 365 1.0
342 366 1.0
342 367 1.0
342 371 1.0
342 372 1.0
342 373 -1.0
342 374 1.0
342 375 1.0
342 377 1.0
342 379 1.0
342 380 1.0
342 381 1.0
342 383 -1.0
342 384 1.0
342 385 1.0
342 386 1.0
342 387 1.0
342 390 1.0
342 391 1.0
342 393 1.0
342 394 1.0
342 398 1.0
342 399 1.0
342 400 1.0
342 402 1.0
342 403 1.0
342 404 1.0
342 405 1.0
342 407 1.0
342 408 1.0
342 409 1.0
342 411 -1.0
342 412 1.0
342 414 1.0
342 416 1.0
342 419 1.0
342 420 1.0
342 421 1.0
342 422 1.0
342 425 1.0
342 426 1.0
342 428 1.0
342 433 1.0
342 436 1.0
342 437 1.0
342 442 1.0
342 448 1.0
342 449 1.0
342 451 1.0
342 452 1.0
342 465 1.0
342 468 1.0
342 471 -1.0
342 472 1.0
342 473 1.0
342 475 1.0
342 481 1.0
342 487 -1.0
342 490 -1.0
342 497 1.0
342 498 1.0
342 499 1.0
342 504 1.0
342 509 1.0
342 511 1.0
342 512 1.0
343 520 1.0
343 530 1.0
343 532 1.0
343 534 1.0
343 536 1.0
343 537 1.0
343 545 1.0
343 548 1.0
343 554 1.0
343 556 1.0
343 562 1.0
343 563 1.0
343 564 1.0
343 567 1.0
343 568 1.0
343 571 1.0
343 578 -1.0
343 583 1.0
343 586 1.0
343 596 1.0
343 600 1.0
343 602 1.0
343 605 1.0
343 606 1.0
343 607 1.0
343 609 -1.0
343 612 1.0
343 617 1.0
343 618 1.0
343 630 1.0
343 631 1.0
343 632 1.0
343 639 1.0
343 646 1.0
343 344 1.0
343 345 1.0
343 347 1.0
343 348 1.0
343 349 1.0
343 350 1.0
343 351 1.0
343 352 1.0
343 355 1.0
343 356 1.0
343 357 1.0
343 358 1.0
343 359 1.0
343 364 1.0
343 366 -1.0
343 369 1.0
343 370 1.0
343 371 1.0
343 372 1.0
343 374 1.0
343 375 1.0
343 376 1.0
343 377 1.0
343 378 1.0
343 380 1.0
343 381 -1.0
343 386 1.0
343 388 1.0
343 392 -1.0
343 395 -1.0
343 398 1.0
343 399 1.0
343 400 1.0
343 401 1.0
343 404 1.0
343 406 1.0
343 407 1.0
343 409 1.0
343 410 1.0
343 411 1.0
343 414 1.0
343 416 1.0
343 420 1.0
343 422 1.0
343 426 -1.0
343 429 1.0
343 430 1.0
343 432 -1.0
343 456 1.0
343 458 1.0
343 460 1.0
343 465 1.0
343 473 1.0
343 474 1.0
343 475 1.0
343 496 1.0
343 499 1.0
343 506 -1.0
343 507 1.0
343 509 1.0
344 520 1.0
344 524 1.0
344 526 1.0
344 601 1.0
344 537 1.0
344 547 1.0
344 550 -1.0
344 552 1.0
344 564 1.0
344 565 1.0
344 566 1.0
344 577 1.0
344 578 1.0
344 583 1.0
344 611 1.0
344 592 1.0
344 596 -1.0
344 614 1.0
344 621 -1.0
344 626 1.0
344 628 1.0
344 633 1.0
344 637 1.0
344 639 1.0
344 640 -1.0
344 641 1.0
344 644 1.0
344 350 1.0
344 352 1.0
344 355 1.0
344 356 1.0
344 360 1.0
344 361 1.0
344 362 1.0
344 364 1.0
344 366 1.0
344 370 1.0
344 371 1.0
344 374 1.0
344 376 1.0
344 378 -1.0
344 380 1.0
344 381 1.0
344 382 1.0
344 384 1.0
344 385 1.0
344 386 1.0
344 387 1.0
344 388 1.0
344 389 1.0
344 390 1.0
344 391 1.0
344 394 1.0
344 395 1.0
344 396 1.0
344 397 1.0
344 398 1.0
344 399 1.0
344 402 1.0
344 403 1.0
344 404 1.0
344 406 1.0
344 409 1.0
344 411 1.0
344 413 1.0
344 416 1.0
344 417 1.0
344 418 1.0
344 419 1.0
344 420 1.0
344 423 1.0
344 424 1.0
344 425 1.0
344 429 1.0
344 432 1.0
344 646 1.0
344 441 1.0
344 448 1.0
344 450 1.0
344 461 1.0
344 470 1.0
344 473 1.0
344 479 1.0
344 483 1.0
344 489 1.0
344 509 1.0
344 510 1.0
344 512 1.0
345 513 1.0
345 514 1.0
345 535 1.0
345 536 1.0
345 538 1.0
345 545 1.0
345 553 1.0
345 558 1.0
345 578 1.0
345 582 -1.0
345 592 1.0
345 595 1.0
345 599 1.0
345 605 1.0
345 609 1.0
345 610 -1.0
345 617 1.0
345 621 1.0
345 622 1.0
345 627 1.0
345 631 -1.0
345 633 1.0
345 638 1.0
345 643 1.0
345 644 1.0
345 540 1.0
345 630 1.0
345 640 1.0
345 348 1.0
345 349 1.0
345 350 1.0
345 351 -1.0
345 352 1.0
345 353 1.0
345 357 1.0
345 358 1.0
345 359 -1.0
345 360 1.0
345 364 1.0
345 367 1.0
345 370 1.0
345 376 1.0
345 378 1.0
345 379 1.0
345 382 1.0
345 383 1.0
345 385 1.0
345 386 1.0
345 387 1.0
345 389 1.0
345 390 1.0
345 392 1.0
345 398 1.0
345 401 -1.0
345 403 1.0
345 404 1.0
345 405 1.0
345 406 1.0
345 417 -1.0
345 418 1.0
345 422 1.0
345 424 1.0
345 426 1.0
345 428 1.0
345 429 1.0
345 430 1.0
345 432 1.0
345 445 1.0
345 449 1.0
345 451 1.0
345 456 1.0
345 459 1.0
345 464 1.0
345 471 1.0
345 475 1.0
345 485 1.0
345 487 1.0
345 489 1.0
345 491 1.0
345 492 1.0
345 493 1.0
345 497 1.0
345 499 1.0
345 596 1.0
345 501 1.0
345 505 1.0
345 507 1.0
345 509 1.0
345 512 1.0
346 527 1.0
346 535 1.0
346 543 1.0
346 550 1.0
346 552 1.0
346 554 1.0
346 560 1.0
346 568 1.0
346 575 1.0
346 582 1.0
346 585 1.0
346 590 1.0
346 591 1.0
346 612 1.0
346 614 1.0
346 642 1.0
346 643 -1.0
346 347 1.0
346 348 1.0
346 349 1.0
346 350 -1.0
346 351 1.0
346 353 1.0
346 355 1.0
346 357 -1.0
346 359 1.0
346 361 -1.0
346 363 1.0
346 366 1.0
346 368 1.0
346 369 1.0
346 372 -1.0
346 374 1.0
346 375 1.0
346 379 1.0
346 380 1.0
346 381 1.0
346 382 1.0
346 383 1.0
346 384 1.0
346 385 -1.0
346 386 1.0
346 387 1.0
346 388 1.0
346 390 1.0
346 393 1.0
346 395 -1.0
346 398 1.0
346 403 1.0
346 404 1.0
346 405 1.0
346 406 1.0
346 409 1.0
346 410 -1.0
346 411 1.0
346 412 1.0
346 413 1.0
346 414 1.0
346 415 1.0
346 418 1.0
346 419 1.0
346 421 1.0
346 424 1.0
346 426 -1.0
346 427 1.0
346 428 -1.0
346 446 1.0
346 457 1.0
346 458 -1.0
346 462 1.0
346 466 1.0
346 470 1.0
346 481 1.0
346 483 1.0
346 485 1.0
346 491 -1.0
346 495 1.0
346 501 1.0
346 505 1.0
347 522 1.0
347 531 1.0
347 538 1.0
347 518 1.0
347 601 1.0
347 602 1.0
347 610 1.0
347 616 1.0
347 622 1.0
347 623 1.0
347 630 1.0
347 632 1.0
347 636 1.0
347 637 1.0
347 619 1.0
347 641 1.0
347 643 1.0
347 647 1.0
347 628 1.0
347 350 1.0
347 351 1.0
347 352 1.0
347 354 1.0
347 357 -1.0
347 360 -1.0
347 362 1.0
347 363 1.0
347 364 1.0
347 365 -1.0
347 366 1.0
347 368 1.0
347 369 1.0
347 370 1.0
347 372 1.0
347 373 1.0
347 375 1.0
347 379 1.0
347 381 1.0
347 384 1.0
347 385 1.0
347 387 1.0
347 389 1.0
347 390 1.0
347 391 1.0
347 392 1.0
347 393 1.0
347 394 1.0
347 396 1.0
347 397 1.0
347 399 1.0
347 400 1.0
347 406 1.0
347 407 1.0
347 408 1.0
347 410 1.0
347 411 -1.0
347 412 1.0
347 413 1.0
347 416 1.0
347 419 1.0
347 420 1.0
347 423 1.0
347 428 1.0
347 430 1.0
347 432 1.0
347 433 1.0
347 434 1.0
347 440 1.0
347 458 1.0
347 471 1.0
347 479 1.0
347 489 1.0
347 491 1.0
347 493 1.0
347 503 -1.0
347 509 1.0
348 518 1.0
348 514 1.0
348 524 1.0
348 534 1.0
348 536 1.0
348 554 1.0
348 562 1.0
348 567 1.0
348 570 1.0
348 571 -1.0
348 587 1.0
348 589 -1.0
348 594 1.0
348 598 1.0
348 603 1.0
348 608 1.0
348 615 -1.0
348 648 1.0
348 349 1.0
348 350 1.0
348 351 1.0
348 352 1.0
348 354 1.0
348 355 1.0
348 356 1.0
348 358 -1.0
348 359 1.0
348 360 -1.0
348 361 1.0
348 363 1.0
348 364 1.0
348 366 1.0
348 370 1.0
348 371 1.0
348 372 1.0
348 373 1.0
348 525 1.0
348 377 1.0
348 378 1.0
348 380 1.0
348 383 1.0
348 384 1.0
348 385 1.0
348 389 1.0
348 391 1.0
348 392 1.0
348 393 1.0
348 395 1.0
348 396 1.0
348 397 1.0
348 398 1.0
348 399 1.0
348 400 -1.0
348 401 1.0
348 405 1.0
348 406 1.0
348 407 1.0
348 408 1.0
348 411 1.0
348 412 1.0
348 414 1.0
348 417 1.0
348 419 1.0
348 423 1.0
348 424 1.0
348 426 1.0
348 427 1.0
348 431 1.0
348 433 1.0
348 441 1.0
348 448 1.0
348 450 1.0
348 455 1.0
348 479 1.0
348 488 1.0
348 492 1.0
348 499 1.0
348 511 1.0
349 513 1.0
349 514 1.0
349 517 1.0
349 520 1.0
349 526 1.0
349 528 1.0
349 532 1.0
349 540 1.0
349 544 1.0
349 547 1.0
349 555 1.0
349 561 1.0
349 567 1.0
349 573 1.0
349 580 1.0
349 582 1.0
349 600 1.0
349 603 1.0
349 613 1.0
349 619 1.0
349 623 1.0
349 625 1.0
349 633 1.0
349 639 1.0
349 642 1.0
349 350 -1.0
349 351 1.0
349 353 1.0
349 354 1.0
349 355 -1.0
349 356 1.0
349 359 1.0
349 360 1.0
349 363 1.0
349 365 -1.0
349 368 -1.0
349 369 1.0
349 370 1.0
349 374 1.0
349 525 1.0
349 382 1.0
349 383 1.0
349 385 1.0
349 391 1.0
349 392 1.0
349 393 1.0
349 394 1.0
349 397 1.0
349 401 1.0
349 402 1.0
349 404 1.0
349 405 1.0
349 406 -1.0
349 408 1.0
349 410 1.0
349 411 -1.0
349 413 1.0
349 416 1.0
349 417 1.0
349 419 1.0
349 423 1.0
349 425 1.0
349 426 1.0
349 428 1.0
349 430 -1.0
349 431 1.0
349 435 -1.0
349 436 1.0
349 438 1.0
349 439 1.0
349 442 1.0
349 458 1.0
349 461 1.0
349 463 1.0
349 464 -1.0
349 472 1.0
349 475 1.0
349 643 1.0
349 502 1.0
349 504 1.0
349 505 1.0
349 510 1.0
349 598 -1.0
350 516 1.0
350 517 1.0
350 519 1.0
350 522 1.0
350 525 1.0
350 530 1.0
350 536 1.0
350 544 -1.0
350 552 1.0
350 555 -1.0
350 559 1.0
350 565 1.0
350 567 1.0
350 569 1.0
350 574 1.0
350 578 1.0
350 580 1.0
350 585 1.0
350 586 1.0
350 592 1.0
350 595 1.0
350 597 1.0
350 598 1.0
350 600 1.0
350 607 1.0
350 611 1.0
350 620 1.0
350 637 1.0
350 641 1.0
350 648 -1.0
350 564 1.0
350 351 1.0
350 354 1.0
350 355 1.0
350 357 1.0
350 358 1.0
350 359 1.0
350 364 1.0
350 365 -1.0
350 366 1.0
350 367 1.0
350 368 1.0
350 369 1.0
350 370 1.0
350 371 1.0
350 372 1.0
350 373 1.0
350 374 1.0
350 376 1.0
350 378 1.0
350 384 1.0
350 388 1.0
350 391 1.0
350 392 1.0
350 395 1.0
350 396 -1.0
350 398 1.0
350 400 1.0
350 401 1.0
350 402 -1.0
350 404 1.0
350 405 1.0
350 406 1.0
350 411 1.0
350 413 1.0
350 415 1.0
350 416 1.0
350 419 1.0
350 426 1.0
350 428 1.0
350 429 1.0
350 453 -1.0
350 589 1.0
350 461 1.0
350 465 1.0
350 613 1.0
350 475 1.0
350 490 1.0
350 491 1.0
350 492 1.0
350 502 1.0
351 523 -1.0
351 524 1.0
351 527 1.0
351 548 1.0
351 549 -1.0
351 553 1.0
351 554 1.0
351 557 1.0
351 559 1.0
351 561 1.0
351 564 1.0
351 570 1.0
351 578 1.0
351 582 1.0
351 583 1.0
351 587 -1.0
351 588 1.0
351 590 1.0
351 591 1.0
351 596 1.0
351 603 1.0
351 609 1.0
351 615 1.0
351 625 1.0
351 626 1.0
351 627 1.0
351 631 1.0
351 649 1.0
351 566 1.0
351 352 -1.0
351 355 -1.0
351 358 -1.0
351 359 1.0
351 360 1.0
351 361 1.0
351 362 1.0
351 364 1.0
351 366 1.0
351 368 1.0
351 369 1.0
351 371 1.0
351 375 1.0
351 376 1.0
351 377 1.0
351 380 1.0
351 382 1.0
351 391 1.0
351 395 1.0
351 396 1.0
351 403 1.0
351 405 1.0
351 409 -1.0
351 411 1.0
351 413 1.0
351 419 -1.0
351 420 1.0
351 421 1.0
351 423 -1.0
351 424 1.0
351 425 1.0
351 426 -1.0
351 432 1.0
351 435 -1.0
351 437 1.0
351 438 1.0
351 441 1.0
351 448 1.0
351 449 -1.0
351 481 1.0
351 483 1.0
351 491 1.0
351 493 1.0
351 497 1.0
351 498 1.0
351 499 1.0
351 502 1.0
351 504 1.0
351 506 1.0
351 509 -1.0
351 510 1.0
352 517 1.0
352 524 1.0
352 525 1.0
352 528 1.0
352 549 1.0
352 552 1.0
352 560 1.0
352 579 1.0
352 581 1.0
352 584 1.0
352 588 1.0
352 593 1.0
352 601 -1.0
352 604 1.0
352 612 1.0
352 619 1.0
352 623 1.0
352 630 1.0
352 639 1.0
352 647 1.0
352 628 1.0
352 636 1.0
352 354 1.0
352 355 1.0
352 359 1.0
352 360 1.0
352 362 1.0
352 363 1.0
352 364 1.0
352 365 1.0
352 368 1.0
352 371 1.0
352 372 1.0
352 373 1.0
352 374 1.0
352 375 1.0
352 377 -1.0
352 379 1.0
352 380 1.0
352 383 1.0
352 384 1.0
352 386 1.0
352 388 1.0
352 392 -1.0
352 395 1.0
352 397 1.0
352 399 1.0
352 402 1.0
352 403 1.0
352 406 1.0
352 409 1.0
352 414 1.0
352 415 1.0
352 417 1.0
352 419 1.0
352 423 -1.0
352 424 1.0
352 425 1.0
352 426 1.0
352 427 1.0
352 428 1.0
352 434 1.0
352 436 1.0
352 437 1.0
352 438 1.0
352 440 1.0
352 446 1.0
352 457 1.0
352 471 1.0
352 474 1.0
352 478 1.0
352 495 1.0
352 504 1.0
352 505 1.0
352 507 1.0
353 516 1.0
353 524 1.0
353 529 1.0
353 534 1.0
353 537 1.0
353 542 -1.0
353 549 1.0
353 579 1.0
353 593 1.0
353 597 1.0
353 600 1.0
353 601 1.0
353 602 1.0
353 608 1.0
353 610 1.0
353 616 1.0
353 632 1.0
353 636 1.0
353 637 1.0
353 630 1.0
353 550 1.0
353 552 -1.0
353 354 1.0
353 355 1.0
353 359 1.0
353 360 1.0
353 363 1.0
353 364 1.0
353 365 1.0
353 367 1.0
353 368 1.0
353 369 1.0
353 373 1.0
353 377 1.0
353 378 1.0
353 380 1.0
353 382 1.0
353 383 1.0
353 384 1.0
353 386 1.0
353 389 1.0
353 391 1.0
353 395 1.0
353 402 1.0
353 406 1.0
353 407 1.0
353 409 1.0
353 410 1.0
353 415 1.0
353 418 1.0
353 419 1.0
353 420 1.0
353 421 1.0
353 422 1.0
353 424 1.0
353 425 1.0
353 427 1.0
353 428 1.0
353 431 1.0
353 434 -1.0
353 438 1.0
353 440 1.0
353 452 1.0
353 456 1.0
353 458 1.0
353 473 1.0
353 479 1.0
353 480 1.0
353 594 1.0
353 496 1.0
353 497 1.0
353 508 1.0
354 515 1.0
354 615 1.0
354 532 1.0
354 536 1.0
354 542 1.0
354 560 1.0
354 564 1.0
354 572 1.0
354 576 1.0
354 580 1.0
354 581 1.0
354 582 1.0
354 585 -1.0
354 587 1.0
354 590 -1.0
354 592 -1.0
354 597 1.0
354 598 -1.0
354 602 1.0
354 607 1.0
354 609 1.0
354 616 1.0
354 631 1.0
354 635 1.0
354 642 -1.0
354 356 1.0
354 357 1.0
354 359 1.0
354 362 1.0
354 363 1.0
354 366 1.0
354 369 1.0
354 370 1.0
354 371 1.0
354 374 1.0
354 375 1.0
354 376 1.0
354 377 1.0
354 378 1.0
354 380 1.0
354 382 -1.0
354 386 1.0
354 388 1.0
354 390 1.0
354 391 -1.0
354 392 -1.0
354 394 1.0
354 395 1.0
354 396 1.0
354 397 1.0
354 399 1.0
354 402 1.0
354 405 1.0
354 406 1.0
354 408 1.0
354 409 1.0
354 411 1.0
354 418 1.0
354 420 1.0
354 423 1.0
354 424 1.0
354 428 1.0
354 431 1.0
354 434 -1.0
354 436 1.0
354 437 1.0
354 438 1.0
354 439 1.0
354 440 1.0
354 443 1.0
354 444 1.0
354 448 1.0
354 466 1.0
354 474 1.0
354 479 1.0
354 480 1.0
354 487 1.0
354 492 -1.0
354 499 1.0
354 512 1.0
355 513 1.0
355 517 1.0
355 518 1.0
355 520 1.0
355 525 1.0
355 533 1.0
355 549 1.0
355 553 1.0
355 561 1.0
355 580 1.0
355 582 1.0
355 583 1.0
355 598 1.0
355 603 1.0
355 606 1.0
355 610 1.0
355 613 1.0
355 615 1.0
355 619 1.0
355 630 1.0
355 635 1.0
355 638 1.0
355 641 1.0
355 356 1.0
355 358 1.0
355 363 1.0
355 365 1.0
355 368 1.0
355 370 1.0
355 371 1.0
355 372 1.0
355 374 1.0
355 378 1.0
355 379 1.0
355 383 1.0
355 389 1.0
355 392 1.0
355 393 1.0
355 394 1.0
355 395 1.0
355 396 -1.0
355 398 1.0
355 399 1.0
355 400 1.0
355 401 1.0
355 402 1.0
355 403 1.0
355 404 1.0
355 405 1.0
355 407 1.0
355 408 1.0
355 412 1.0
355 414 1.0
355 415 1.0
355 417 1.0
355 418 1.0
355 419 1.0
355 424 1.0
355 426 1.0
355 427 1.0
355 428 1.0
355 429 1.0
355 430 1.0
355 432 1.0
355 434 1.0
355 436 1.0
355 437 1.0
355 438 1.0
355 445 1.0
355 446 1.0
355 448 1.0
355 452 -1.0
355 467 1.0
355 474 1.0
355 475 1.0
355 478 1.0
355 481 1.0
355 483 1.0
355 484 1.0
355 487 -1.0
355 500 1.0
355 510 1.0
355 512 -1.0
356 516 1.0
356 519 1.0
356 520 -1.0
356 525 -1.0
356 544 1.0
356 548 1.0
356 650 1.0
356 555 1.0
356 570 1.0
356 571 1.0
356 574 1.0
356 575 -1.0
356 580 1.0
356 590 1.0
356 601 1.0
356 633 1.0
356 641 1.0
356 643 1.0
356 644 1.0
356 568 1.0
356 627 1.0
356 357 -1.0
356 359 1.0
356 360 1.0
356 361 1.0
356 362 1.0
356 363 1.0
356 366 1.0
356 374 1.0
356 375 1.0
356 376 1.0
356 377 1.0
356 378 1.0
356 380 1.0
356 381 1.0
356 383 1.0
356 386 1.0
356 388 1.0
356 389 1.0
356 390 1.0
356 392 1.0
356 393 1.0
356 394 1.0
356 395 1.0
356 396 1.0
356 398 1.0
356 399 1.0
356 401 1.0
356 402 1.0
356 403 1.0
356 405 1.0
356 406 1.0
356 407 1.0
356 409 1.0
356 410 -1.0
356 411 1.0
356 412 1.0
356 413 1.0
356 414 1.0
356 417 1.0
356 421 -1.0
356 423 1.0
356 424 1.0
356 428 1.0
356 431 1.0
356 432 1.0
356 433 1.0
356 434 -1.0
356 435 1.0
356 436 1.0
356 437 1.0
356 441 1.0
356 444 1.0
356 449 1.0
356 452 1.0
356 460 1.0
356 461 1.0
356 463 1.0
356 464 1.0
356 466 1.0
356 467 1.0
356 470 1.0
356 487 1.0
356 497 1.0
356 502 1.0
356 504 1.0
356 512 1.0
357 516 1.0
357 518 1.0
357 531 1.0
357 533 1.0
357 534 1.0
357 602 1.0
357 541 1.0
357 542 1.0
357 545 1.0
357 520 1.0
357 573 1.0
357 574 1.0
357 584 1.0
357 586 1.0
357 608 1.0
357 609 1.0
357 610 1.0
357 620 1.0
357 621 1.0
357 623 1.0
357 624 1.0
357 647 1.0
357 648 1.0
357 650 1.0
357 358 1.0
357 359 1.0
357 362 1.0
357 366 1.0
357 367 1.0
357 368 1.0
357 369 1.0
357 375 1.0
357 376 1.0
357 377 1.0
357 379 -1.0
357 381 1.0
357 382 1.0
357 384 1.0
357 385 1.0
357 388 1.0
357 389 1.0
357 394 1.0
357 395 1.0
357 396 1.0
357 400 1.0
357 401 1.0
357 403 1.0
357 404 1.0
357 405 -1.0
357 407 1.0
357 410 -1.0
357 415 1.0
357 416 1.0
357 422 -1.0
357 424 -1.0
357 425 1.0
357 426 1.0
357 427 1.0
357 428 1.0
357 430 1.0
357 433 1.0
357 434 1.0
357 437 -1.0
357 439 1.0
357 440 1.0
357 441 1.0
357 443 1.0
357 445 1.0
357 452 1.0
357 453 1.0
357 454 1.0
357 466 1.0
357 473 1.0
357 476 1.0
357 480 1.0
357 482 1.0
357 486 1.0
357 493 1.0
357 500 1.0
358 513 1.0
358 518 1.0
358 521 1.0
358 522 -1.0
358 526 1.0
358 530 1.0
358 540 1.0
358 545 1.0
358 546 1.0
358 552 1.0
358 556 1.0
358 560 1.0
358 562 1.0
358 564 1.0
358 573 1.0
358 581 1.0
358 586 1.0
358 588 1.0
358 592 1.0
358 604 1.0
358 608 1.0
358 616 1.0
358 631 1.0
358 638 1.0
358 647 1.0
358 359 1.0
358 361 1.0
358 362 1.0
358 363 1.0
358 364 1.0
358 365 1.0
358 574 1.0
358 369 1.0
358 370 1.0
358 372 1.0
358 374 1.0
358 375 1.0
358 378 -1.0
358 379 1.0
358 380 1.0
358 381 -1.0
358 383 1.0
358 384 -1.0
358 385 1.0
358 388 1.0
358 390 1.0
358 393 1.0
358 395 1.0
358 396 1.0
358 397 1.0
358 579 1.0
358 400 1.0
358 402 1.0
358 403 -1.0
358 404 1.0
358 405 1.0
358 407 1.0
358 408 1.0
358 410 1.0
358 412 1.0
358 413 1.0
358 414 1.0
358 417 1.0
358 419 1.0
358 424 1.0
358 425 1.0
358 428 1.0
358 430 1.0
358 432 1.0
358 434 1.0
358 436 1.0
358 437 1.0
358 439 1.0
358 441 1.0
358 442 1.0
358 444 1.0
358 445 1.0
358 447 -1.0
358 448 1.0
358 455 1.0
358 465 1.0
358 466 1.0
358 481 1.0
358 489 1.0
358 504 1.0
358 505 1.0
358 511 1.0
359 536 1.0
359 537 1.0
359 538 1.0
359 548 1.0
359 558 -1.0
359 562 1.0
359 566 1.0
359 567 1.0
359 592 1.0
359 593 1.0
359 598 1.0
359 601 -1.0
359 603 1.0
359 604 1.0
359 613 1.0
359 620 1.0
359 623 1.0
359 639 1.0
359 643 1.0
359 545 1.0
359 576 1.0
359 521 1.0
359 360 1.0
359 363 1.0
359 364 1.0
359 365 1.0
359 366 1.0
359 367 1.0
359 369 1.0
359 370 1.0
359 372 1.0
359 373 -1.0
359 376 -1.0
359 378 1.0
359 380 1.0
359 382 1.0
359 383 1.0
359 387 1.0
359 388 1.0
359 391 1.0
359 393 1.0
359 395 1.0
359 399 1.0
359 400 1.0
359 401 1.0
359 403 1.0
359 405 1.0
359 407 1.0
359 408 1.0
359 409 1.0
359 410 1.0
359 415 1.0
359 417 1.0
359 418 1.0
359 421 1.0
359 422 1.0
359 428 1.0
359 429 1.0
359 434 -1.0
359 435 1.0
359 437 1.0
359 438 1.0
359 443 1.0
359 588 1.0
359 464 1.0
359 472 1.0
359 477 1.0
359 478 1.0
359 482 1.0
359 485 1.0
359 486 1.0
359 491 1.0
359 505 1.0
359 508 1.0
359 510 1.0
359 512 1.0
360 523 1.0
360 542 1.0
360 550 1.0
360 553 1.0
360 563 1.0
360 566 1.0
360 567 1.0
360 571 1.0
360 572 1.0
360 580 1.0
360 582 -1.0
360 588 1.0
360 590 1.0
360 597 1.0
360 601 -1.0
360 602 1.0
360 606 1.0
360 614 1.0
360 618 1.0
360 624 1.0
360 630 1.0
360 634 1.0
360 639 1.0
360 649 1.0
360 650 1.0
360 367 1.0
360 369 1.0
360 370 1.0
360 373 1.0
360 375 1.0
360 378 1.0
360 379 1.0
360 380 1.0
360 381 -1.0
360 382 1.0
360 383 1.0
360 384 -1.0
360 387 1.0
360 391 1.0
360 578 1.0
360 396 1.0
360 397 1.0
360 398 1.0
360 399 1.0
360 405 1.0
360 408 -1.0
360 410 -1.0
360 411 1.0
360 412 1.0
360 413 1.0
360 414 1.0
360 415 1.0
360 416 1.0
360 422 1.0
360 424 1.0
360 426 1.0
360 427 -1.0
360 429 -1.0
360 430 1.0
360 431 1.0
360 432 1.0
360 436 1.0
360 437 1.0
360 438 1.0
360 439 1.0
360 442 1.0
360 443 1.0
360 444 1.0
360 446 1.0
360 447 1.0
360 450 1.0
360 453 1.0
360 455 1.0
360 456 1.0
360 484 1.0
360 487 1.0
360 492 1.0
360 502 1.0
360 504 1.0
360 505 1.0
360 506 1.0
360 507 1.0
360 509 -1.0
361 513 1.0
361 519 1.0
361 532 1.0
361 553 1.0
361 559 -1.0
361 569 1.0
361 557 1.0
361 588 1.0
361 591 1.0
361 612 -1.0
361 599 1.0
361 600 1.0
361 601 1.0
361 610 1.0
361 619 1.0
361 629 1.0
361 640 1.0
361 642 1.0
361 643 1.0
361 647 1.0
361 564 1.0
361 362 1.0
361 363 -1.0
361 364 1.0
361 366 1.0
361 367 1.0
361 368 1.0
361 369 1.0
361 373 1.0
361 374 1.0
361 375 1.0
361 377 1.0
361 378 1.0
361 380 1.0
361 382 1.0
361 388 1.0
361 390 -1.0
361 391 1.0
361 394 -1.0
361 398 1.0
361 400 1.0
361 401 1.0
361 403 1.0
361 404 1.0
361 405 1.0
361 407 1.0
361 409 1.0
361 410 -1.0
361 412 1.0
361 413 1.0
361 414 1.0
361 421 1.0
361 425 1.0
361 426 1.0
361 428 1.0
361 431 1.0
361 433 1.0
361 435 1.0
361 436 1.0
361 437 1.0
361 441 1.0
361 442 1.0
361 443 1.0
361 444 1.0
361 446 1.0
361 448 1.0
361 455 1.0
361 457 1.0
361 462 1.0
361 466 1.0
361 470 1.0
361 473 1.0
361 477 -1.0
361 484 1.0
361 485 1.0
361 490 1.0
361 503 -1.0
361 506 1.0
361 512 -1.0
362 519 1.0
362 530 1.0
362 532 1.0
362 546 1.0
362 547 -1.0
362 548 1.0
362 559 1.0
362 560 1.0
362 562 1.0
362 563 1.0
362 570 1.0
362 609 -1.0
362 596 1.0
362 597 1.0
362 607 1.0
362 618 1.0
362 619 1.0
362 630 1.0
362 631 1.0
362 633 1.0
362 643 1.0
362 647 1.0
362 544 1.0
362 365 1.0
362 368 1.0
362 369 1.0
362 370 -1.0
362 371 1.0
362 373 1.0
362 374 1.0
362 377 1.0
362 379 1.0
362 382 1.0
362 383 1.0
362 385 1.0
362 386 1.0
362 387 1.0
362 388 1.0
362 389 1.0
362 393 1.0
362 397 -1.0
362 401 1.0
362 403 1.0
362 404 1.0
362 406 -1.0
362 408 1.0
362 409 1.0
362 410 1.0
362 411 1.0
362 416 1.0
362 418 1.0
362 419 1.0
362 420 1.0
362 422 1.0
362 423 1.0
362 426 1.0
362 427 -1.0
362 428 1.0
362 429 1.0
362 430 -1.0
362 431 1.0
362 432 1.0
362 433 1.0
362 435 1.0
362 438 1.0
362 439 1.0
362 440 1.0
362 444 1.0
362 446 1.0
362 447 1.0
362 448 1.0
362 450 -1.0
362 462 1.0
362 464 1.0
362 470 1.0
362 472 1.0
362 473 1.0
362 482 1.0
362 483 1.0
362 490 1.0
362 492 1.0
362 501 1.0
362 502 1.0
362 510 1.0
362 511 1.0
363 514 1.0
363 522 1.0
363 528 1.0
363 564 1.0
363 625 1.0
363 550 -1.0
363 560 1.0
363 581 -1.0
363 582 1.0
363 583 1.0
363 587 1.0
363 611 1.0
363 600 1.0
363 602 1.0
363 616 1.0
363 619 1.0
363 624 1.0
363 636 1.0
363 637 1.0
363 638 -1.0
363 639 1.0
363 641 1.0
363 646 1.0
363 538 1.0
363 573 -1.0
363 364 1.0
363 365 1.0
363 366 1.0
363 367 1.0
363 368 1.0
363 370 1.0
363 371 1.0
363 372 1.0
363 373 1.0
363 375 1.0
363 377 1.0
363 378 1.0
363 380 1.0
363 382 1.0
363 383 1.0
363 386 -1.0
363 390 1.0
363 391 1.0
363 396 1.0
363 400 -1.0
363 404 1.0
363 405 1.0
363 406 1.0
363 407 1.0
363 408 1.0
363 409 1.0
363 410 1.0
363 412 1.0
363 413 -1.0
363 419 1.0
363 421 1.0
363 425 1.0
363 426 -1.0
363 429 1.0
363 432 1.0
363 437 1.0
363 441 1.0
363 442 1.0
363 443 1.0
363 444 1.0
363 446 1.0
363 447 1.0
363 450 1.0
363 451 1.0
363 455 1.0
363 456 1.0
363 457 1.0
363 462 1.0
363 464 1.0
363 562 1.0
363 472 1.0
363 475 1.0
363 478 -1.0
363 501 -1.0
363 508 -1.0
363 512 1.0
364 519 1.0
364 524 1.0
364 532 1.0
364 539 1.0
364 543 1.0
364 545 1.0
364 547 -1.0
364 551 1.0
364 554 1.0
364 557 1.0
364 559 1.0
364 575 1.0
364 580 1.0
364 581 1.0
364 584 1.0
364 589 -1.0
364 607 1.0
364 614 1.0
364 615 1.0
364 618 1.0
364 621 1.0
364 626 1.0
364 628 1.0
364 629 1.0
364 634 1.0
364 637 1.0
364 612 1.0
364 642 1.0
364 644 1.0
364 649 1.0
364 643 1.0
364 367 1.0
364 368 1.0
364 370 1.0
364 371 1.0
364 373 1.0
364 374 1.0
364 379 1.0
364 380 1.0
364 381 1.0
364 383 -1.0
364 384 1.0
364 385 1.0
364 387 1.0
364 391 1.0
364 393 1.0
364 395 1.0
364 396 1.0
364 398 1.0
364 399 1.0
364 402 1.0
364 403 -1.0
364 405 1.0
364 407 1.0
364 409 -1.0
364 412 1.0
364 413 1.0
364 414 1.0
364 415 1.0
364 417 1.0
364 418 1.0
364 423 1.0
364 425 1.0
364 427 1.0
364 429 1.0
364 430 -1.0
364 431 1.0
364 434 1.0
364 440 1.0
364 441 1.0
364 442 -1.0
364 443 1.0
364 445 -1.0
364 446 1.0
364 449 1.0
364 451 -1.0
364 460 1.0
364 468 1.0
364 474 1.0
364 478 1.0
364 480 1.0
364 487 1.0
364 507 1.0
364 509 1.0
365 514 1.0
365 518 1.0
365 601 1.0
365 539 1.0
365 541 1.0
365 548 1.0
365 552 1.0
365 554 1.0
365 557 1.0
365 565 1.0
365 583 1.0
365 590 1.0
365 615 1.0
365 616 1.0
365 626 1.0
365 628 1.0
365 631 1.0
365 634 1.0
365 635 1.0
365 586 1.0
365 632 1.0
365 553 1.0
365 368 1.0
365 369 1.0
365 371 1.0
365 374 1.0
365 375 1.0
365 376 1.0
365 378 1.0
365 383 1.0
365 385 1.0
365 386 1.0
365 387 1.0
365 389 1.0
365 391 1.0
365 392 1.0
365 393 1.0
365 399 1.0
365 401 1.0
365 407 1.0
365 408 1.0
365 409 1.0
365 410 1.0
365 411 1.0
365 412 1.0
365 416 1.0
365 418 1.0
365 424 1.0
365 426 1.0
365 427 1.0
365 429 1.0
365 433 1.0
365 435 1.0
365 440 1.0
365 442 -1.0
365 445 1.0
365 446 1.0
365 447 1.0
365 449 1.0
365 458 1.0
365 479 1.0
365 482 1.0
365 485 1.0
365 487 1.0
365 489 1.0
365 490 -1.0
365 595 1.0
365 498 1.0
365 499 1.0
365 508 1.0
365 512 1.0
366 516 1.0
366 526 1.0
366 546 1.0
366 547 1.0
366 548 1.0
366 553 1.0
366 556 1.0
366 565 1.0
366 570 1.0
366 573 -1.0
366 581 1.0
366 587 1.0
366 588 1.0
366 594 1.0
366 597 -1.0
366 603 1.0
366 604 1.0
366 605 1.0
366 606 1.0
366 628 1.0
366 367 1.0
366 369 1.0
366 370 1.0
366 374 1.0
366 375 1.0
366 376 1.0
366 377 1.0
366 378 1.0
366 382 1.0
366 383 1.0
366 385 1.0
366 387 1.0
366 389 1.0
366 391 1.0
366 392 1.0
366 394 1.0
366 395 -1.0
366 397 1.0
366 399 1.0
366 401 1.0
366 402 1.0
366 403 1.0
366 405 1.0
366 406 -1.0
366 410 1.0
366 411 1.0
366 414 1.0
366 417 1.0
366 419 1.0
366 420 1.0
366 422 1.0
366 424 1.0
366 426 -1.0
366 430 1.0
366 433 1.0
366 436 -1.0
366 438 1.0
366 439 1.0
366 441 1.0
366 442 -1.0
366 443 1.0
366 445 -1.0
366 446 1.0
366 448 1.0
366 449 1.0
366 451 1.0
366 452 1.0
366 453 -1.0
366 458 -1.0
366 459 1.0
366 468 1.0
366 472 1.0
366 475 1.0
366 477 1.0
366 478 1.0
366 481 1.0
366 482 1.0
366 483 1.0
366 493 1.0
366 496 1.0
366 497 1.0
366 498 1.0
366 500 1.0
366 502 1.0
366 504 1.0
366 505 -1.0
366 506 -1.0
367 513 -1.0
367 514 1.0
367 515 1.0
367 516 1.0
367 530 1.0
367 534 1.0
367 536 1.0
367 550 -1.0
367 555 1.0
367 567 1.0
367 523 1.0
367 576 -1.0
367 577 -1.0
367 588 1.0
367 526 1.0
367 599 1.0
367 600 1.0
367 601 1.0
367 614 1.0
367 623 1.0
367 624 1.0
367 628 1.0
367 629 1.0
367 634 1.0
367 638 1.0
367 640 1.0
367 554 1.0
367 641 1.0
367 369 1.0
367 371 1.0
367 372 1.0
367 373 1.0
367 375 1.0
367 376 1.0
367 377 1.0
367 378 1.0
367 379 1.0
367 381 1.0
367 382 1.0
367 386 1.0
367 387 1.0
367 389 1.0
367 390 1.0
367 392 1.0
367 393 1.0
367 395 1.0
367 400 1.0
367 404 1.0
367 405 1.0
367 408 1.0
367 410 1.0
367 411 1.0
367 414 1.0
367 417 1.0
367 418 1.0
367 420 1.0
367 422 1.0
367 423 -1.0
367 427 1.0
367 429 1.0
367 432 1.0
367 434 1.0
367 439 1.0
367 440 1.0
367 441 -1.0
367 442 1.0
367 443 1.0
367 444 -1.0
367 450 -1.0
367 452 -1.0
367 460 -1.0
367 462 1.0
367 463 1.0
367 474 1.0
367 481 1.0
367 492 1.0
367 498 1.0
368 522 1.0
368 534 1.0
368 543 1.0
368 548 1.0
368 559 1.0
368 560 1.0
368 576 -1.0
368 580 1.0
368 582 1.0
368 599 1.0
368 611 -1.0
368 615 1.0
368 626 1.0
368 618 1.0
368 645 1.0
368 524 1.0
368 372 1.0
368 373 1.0
368 374 1.0
368 375 1.0
368 377 1.0
368 379 1.0
368 380 1.0
368 381 1.0
368 382 1.0
368 385 -1.0
368 387 1.0
368 388 1.0
368 390 1.0
368 391 1.0
368 392 1.0
368 393 1.0
368 397 1.0
368 399 1.0
368 400 1.0
368 402 1.0
368 403 1.0
368 404 1.0
368 405 1.0
368 406 -1.0
368 407 1.0
368 409 1.0
368 412 1.0
368 414 1.0
368 415 1.0
368 418 1.0
368 420 1.0
368 421 1.0
368 423 1.0
368 424 1.0
368 427 1.0
368 429 1.0
368 430 1.0
368 431 1.0
368 432 1.0
368 434 1.0
368 436 1.0
368 439 1.0
368 442 1.0
368 445 1.0
368 447 1.0
368 449 1.0
368 451 1.0
368 452 1.0
368 462 1.0
368 466 1.0
368 473 1.0
368 474 1.0
368 479 1.0
368 482 1.0
368 497 1.0
368 502 1.0
368 512 1.0
369 515 1.0
369 516 1.0
369 527 -1.0
369 529 1.0
369 606 1.0
369 562 1.0
369 563 1.0
369 567 1.0
369 571 1.0
369 573 1.0
369 609 1.0
369 591 1.0
369 526 1.0
369 595 1.0
369 597 1.0
369 613 1.0
369 607 1.0
369 610 1.0
369 616 -1.0
369 620 1.0
369 621 1.0
369 628 1.0
369 642 1.0
369 643 1.0
369 370 1.0
369 372 1.0
369 373 1.0
369 374 1.0
369 375 1.0
369 378 1.0
369 379 1.0
369 384 -1.0
369 385 1.0
369 390 1.0
369 391 1.0
369 392 1.0
369 393 1.0
369 394 1.0
369 395 1.0
369 397 1.0
369 399 1.0
369 401 1.0
369 405 1.0
369 406 1.0
369 410 1.0
369 413 1.0
369 415 1.0
369 416 1.0
369 417 1.0
369 419 1.0
369 420 1.0
369 421 1.0
369 425 1.0
369 426 1.0
369 428 1.0
369 429 1.0
369 430 -1.0
369 431 1.0
369 432 1.0
369 434 1.0
369 436 1.0
369 437 -1.0
369 440 1.0
369 441 1.0
369 443 1.0
369 444 1.0
369 445 1.0
369 450 1.0
369 452 1.0
369 454 1.0
369 455 1.0
369 458 1.0
369 459 1.0
369 464 1.0
369 476 1.0
369 480 1.0
369 481 1.0
369 487 1.0
369 489 1.0
369 490 -1.0
369 493 1.0
369 496 1.0
369 505 -1.0
369 507 1.0
369 509 1.0
369 512 1.0
370 517 1.0
370 524 1.0
370 615 1.0
370 531 1.0
370 533 1.0
370 538 1.0
370 549 1.0
370 560 1.0
370 561 1.0
370 562 1.0
370 569 1.0
370 578 1.0
370 598 1.0
370 599 1.0
370 602 -1.0
370 605 -1.0
370 611 1.0
370 614 1.0
370 619 -1.0
370 628 1.0
370 630 1.0
370 644 1.0
370 647 1.0
370 620 1.0
370 371 1.0
370 373 1.0
370 374 1.0
370 375 -1.0
370 376 1.0
370 380 1.0
370 381 1.0
370 382 1.0
370 383 1.0
370 384 -1.0
370 385 1.0
370 386 1.0
370 387 1.0
370 388 1.0
370 391 1.0
370 392 1.0
370 393 1.0
370 396 1.0
370 397 1.0
370 399 1.0
370 401 1.0
370 402 1.0
370 405 1.0
370 408 1.0
370 409 1.0
370 411 1.0
370 413 1.0
370 415 1.0
370 416 1.0
370 417 -1.0
370 421 1.0
370 422 1.0
370 423 1.0
370 424 -1.0
370 425 1.0
370 428 1.0
370 430 1.0
370 431 1.0
370 432 1.0
370 433 1.0
370 435 -1.0
370 436 1.0
370 438 1.0
370 439 1.0
370 440 1.0
370 446 1.0
370 448 1.0
370 449 1.0
370 451 1.0
370 453 1.0
370 454 1.0
370 457 1.0
370 462 1.0
370 464 1.0
370 466 -1.0
370 473 1.0
370 486 1.0
370 495 1.0
370 497 1.0
370 498 1.0
370 505 1.0
370 508 1.0
370 509 1.0
371 514 1.0
371 517 1.0
371 518 1.0
371 525 1.0
371 527 1.0
371 532 1.0
371 536 1.0
371 541 1.0
371 546 1.0
371 549 1.0
371 553 1.0
371 560 1.0
371 562 1.0
371 577 1.0
371 578 1.0
371 582 1.0
371 598 -1.0
371 608 1.0
371 610 1.0
371 615 1.0
371 619 1.0
371 626 1.0
371 618 1.0
371 636 1.0
371 638 1.0
371 639 1.0
371 642 1.0
371 559 1.0
371 373 1.0
371 374 1.0
371 375 1.0
371 377 1.0
371 378 1.0
371 380 1.0
371 381 1.0
371 383 1.0
371 385 1.0
371 387 1.0
371 388 1.0
371 390 1.0
371 391 1.0
371 394 -1.0
371 395 1.0
371 396 1.0
371 400 1.0
371 406 1.0
371 408 1.0
371 411 1.0
371 413 1.0
371 415 1.0
371 416 1.0
371 417 1.0
371 418 1.0
371 420 1.0
371 421 1.0
371 422 1.0
371 425 1.0
371 426 1.0
371 428 1.0
371 429 1.0
371 430 1.0
371 431 1.0
371 434 1.0
371 436 1.0
371 438 1.0
371 442 -1.0
371 443 1.0
371 446 1.0
371 447 1.0
371 448 1.0
371 450 -1.0
371 451 1.0
371 452 -1.0
371 453 1.0
371 454 1.0
371 458 1.0
371 459 1.0
371 461 1.0
371 464 1.0
371 480 1.0
371 483 1.0
371 484 1.0
371 492 1.0
371 493 -1.0
371 502 1.0
371 504 1.0
371 508 1.0
371 512 1.0
372 520 1.0
372 521 -1.0
372 530 1.0
372 538 1.0
372 539 1.0
372 540 1.0
372 546 1.0
372 553 1.0
372 554 1.0
372 563 1.0
372 564 1.0
372 568 1.0
372 571 1.0
372 572 -1.0
372 583 -1.0
372 585 1.0
372 587 1.0
372 588 1.0
372 594 1.0
372 607 1.0
372 612 1.0
372 613 1.0
372 616 1.0
372 617 1.0
372 624 1.0
372 626 1.0
372 630 1.0
372 638 1.0
372 641 1.0
372 644 1.0
372 650 1.0
372 628 1.0
372 647 1.0
372 625 1.0
372 573 -1.0
372 373 1.0
372 375 1.0
372 376 1.0
372 379 1.0
372 380 1.0
372 381 1.0
372 383 1.0
372 384 1.0
372 385 1.0
372 387 1.0
372 389 1.0
372 390 1.0
372 391 -1.0
372 395 1.0
372 396 1.0
372 398 1.0
372 402 -1.0
372 404 1.0
372 406 1.0
372 409 1.0
372 410 1.0
372 411 1.0
372 412 1.0
372 413 1.0
372 416 1.0
372 418 1.0
372 421 1.0
372 422 1.0
372 424 1.0
372 427 1.0
372 430 1.0
372 431 1.0
372 433 1.0
372 435 1.0
372 437 1.0
372 438 1.0
372 439 -1.0
372 441 -1.0
372 445 1.0
372 449 -1.0
372 450 -1.0
372 454 -1.0
372 457 -1.0
372 458 1.0
372 459 1.0
372 460 1.0
372 463 1.0
372 466 1.0
372 476 -1.0
372 481 1.0
372 484 1.0
372 487 -1.0
372 488 1.0
372 490 1.0
372 492 1.0
372 498 -1.0
372 499 1.0
372 511 1.0
373 516 -1.0
373 518 1.0
373 521 -1.0
373 522 1.0
373 523 1.0
373 526 1.0
373 536 1.0
373 542 1.0
373 548 1.0
373 552 1.0
373 556 1.0
373 562 1.0
373 563 -1.0
373 565 1.0
373 567 1.0
373 571 1.0
373 572 1.0
373 573 1.0
373 588 1.0
373 595 1.0
373 597 1.0
373 605 -1.0
373 607 1.0
373 609 1.0
373 611 1.0
373 616 1.0
373 619 1.0
373 624 1.0
373 626 1.0
373 629 1.0
373 633 1.0
373 636 1.0
373 647 1.0
373 554 1.0
373 558 1.0
373 644 -1.0
373 374 1.0
373 377 1.0
373 378 -1.0
373 379 -1.0
373 380 1.0
373 381 1.0
373 382 1.0
373 384 1.0
373 386 -1.0
373 392 1.0
373 393 1.0
373 394 1.0
373 396 1.0
373 397 1.0
373 399 1.0
373 400 1.0
373 403 1.0
373 405 1.0
373 407 1.0
373 409 1.0
373 410 1.0
373 414 -1.0
373 415 1.0
373 416 1.0
373 417 1.0
373 419 1.0
373 421 1.0
373 427 1.0
373 429 1.0
373 432 1.0
373 433 1.0
373 435 1.0
373 436 1.0
373 437 1.0
373 442 1.0
373 445 1.0
373 447 1.0
373 448 1.0
373 450 1.0
373 456 1.0
373 458 1.0
373 461 1.0
373 469 1.0
373 473 1.0
373 475 1.0
373 476 1.0
373 480 1.0
373 484 1.0
373 487 1.0
373 490 1.0
373 496 1.0
373 497 1.0
373 498 1.0
373 500 1.0
373 502 1.0
373 505 1.0
374 519 -1.0
374 527 1.0
374 528 1.0
374 533 1.0
374 545 1.0
374 556 1.0
374 564 1.0
374 571 1.0
374 594 1.0
374 595 1.0
374 596 1.0
374 598 1.0
374 602 1.0
374 607 1.0
374 608 -1.0
374 610 1.0
374 620 1.0
374 633 1.0
374 639 1.0
374 646 1.0
374 587 1.0
374 631 -1.0
374 377 1.0
374 379 -1.0
374 380 1.0
374 381 1.0
374 383 1.0
374 386 -1.0
374 387 1.0
374 388 1.0
374 389 1.0
374 396 1.0
374 397 1.0
374 399 1.0
374 402 1.0
374 404 1.0
374 406 1.0
374 409 1.0
374 411 1.0
374 412 1.0
374 413 1.0
374 414 -1.0
374 419 1.0
374 420 -1.0
374 421 1.0
374 423 1.0
374 426 1.0
374 427 1.0
374 430 1.0
374 434 1.0
374 435 1.0
374 437 1.0
374 439 1.0
374 440 1.0
374 443 1.0
374 445 -1.0
374 446 1.0
374 447 -1.0
374 450 1.0
374 451 1.0
374 452 1.0
374 453 1.0
374 455 1.0
374 462 1.0
374 478 1.0
374 593 1.0
374 484 1.0
374 486 1.0
374 490 1.0
374 498 1.0
374 509 1.0
374 512 1.0
375 518 1.0
375 525 1.0
375 535 1.0
375 542 1.0
375 625 1.0
375 556 1.0
375 559 1.0
375 570 1.0
375 523 1.0
375 585 1.0
375 586 1.0
375 595 1.0
375 600 1.0
375 605 1.0
375 610 1.0
375 613 1.0
375 623 1.0
375 632 1.0
375 643 1.0
375 644 1.0
375 645 1.0
375 568 1.0
375 631 1.0
375 647 1.0
375 574 1.0
375 376 1.0
375 377 1.0
375 379 -1.0
375 382 1.0
375 384 1.0
375 385 1.0
375 391 1.0
375 392 -1.0
375 394 1.0
375 395 1.0
375 396 -1.0
375 397 1.0
375 398 1.0
375 399 1.0
375 402 1.0
375 407 1.0
375 412 1.0
375 413 1.0
375 415 1.0
375 416 1.0
375 418 1.0
375 420 1.0
375 423 1.0
375 428 1.0
375 429 1.0
375 430 1.0
375 431 1.0
375 433 1.0
375 435 -1.0
375 440 1.0
375 441 1.0
375 444 1.0
375 445 1.0
375 447 1.0
375 448 1.0
375 451 1.0
375 452 1.0
375 453 -1.0
375 457 1.0
375 459 1.0
375 461 1.0
375 463 1.0
375 471 1.0
375 481 1.0
375 487 1.0
375 489 1.0
375 496 1.0
375 497 1.0
375 596 1.0
375 502 1.0
375 507 1.0
375 511 1.0
376 514 1.0
376 516 1.0
376 524 1.0
376 525 1.0
376 529 1.0
376 540 1.0
376 542 1.0
376 547 -1.0
376 555 1.0
376 556 1.0
376 558 1.0
376 564 1.0
376 584 1.0
376 594 1.0
376 611 1.0
376 613 -1.0
376 614 -1.0
376 625 1.0
376 633 1.0
376 636 1.0
376 639 -1.0
376 646 1.0
376 648 1.0
376 546 1.0
376 377 1.0
376 379 1.0
376 380 -1.0
376 382 1.0
376 387 1.0
376 388 1.0
376 389 1.0
376 391 1.0
376 395 1.0
376 396 1.0
376 397 1.0
376 398 -1.0
376 400 1.0
376 401 1.0
376 402 1.0
376 407 -1.0
376 408 1.0
376 409 1.0
376 410 1.0
376 412 1.0
376 418 1.0
376 419 1.0
376 421 1.0
376 425 1.0
376 428 -1.0
376 429 -1.0
376 430 -1.0
376 433 1.0
376 434 1.0
376 436 1.0
376 437 1.0
376 438 1.0
376 440 1.0
376 445 1.0
376 447 1.0
376 449 1.0
376 451 1.0
376 452 1.0
376 454 1.0
376 456 -1.0
376 457 1.0
376 458 1.0
376 459 1.0
376 460 1.0
376 461 1.0
376 466 1.0
376 468 1.0
376 469 -1.0
376 472 1.0
376 473 1.0
376 496 1.0
376 508 1.0
376 509 1.0
377 513 1.0
377 522 1.0
377 525 1.0
377 516 1.0
377 542 1.0
377 547 1.0
377 548 1.0
377 555 1.0
377 559 1.0
377 560 1.0
377 561 1.0
377 563 1.0
377 567 1.0
377 568 1.0
377 581 1.0
377 584 1.0
377 586 -1.0
377 587 1.0
377 594 1.0
377 601 -1.0
377 608 1.0
377 620 1.0
377 634 1.0
377 637 1.0
377 642 1.0
377 643 1.0
377 646 1.0
377 603 1.0
377 631 1.0
377 633 1.0
377 551 1.0
377 379 1.0
377 380 1.0
377 381 -1.0
377 383 1.0
377 386 1.0
377 389 1.0
377 392 1.0
377 393 1.0
377 397 1.0
377 398 1.0
377 401 1.0
377 402 1.0
377 403 1.0
377 405 1.0
377 408 1.0
377 409 1.0
377 411 1.0
377 414 1.0
377 416 1.0
377 420 1.0
377 421 1.0
377 423 1.0
377 424 1.0
377 426 1.0
377 427 1.0
377 428 1.0
377 433 1.0
377 434 1.0
377 435 1.0
377 436 1.0
377 437 1.0
377 438 1.0
377 441 1.0
377 442 1.0
377 443 1.0
377 444 1.0
377 445 1.0
377 447 1.0
377 450 1.0
377 451 1.0
377 453 1.0
377 455 1.0
377 456 1.0
377 460 1.0
377 461 1.0
377 463 1.0
377 465 1.0
377 579 1.0
377 475 1.0
377 476 1.0
377 480 1.0
377 486 1.0
377 492 1.0
377 497 1.0
377 504 1.0
377 597 1.0
378 514 1.0
378 550 1.0
378 555 1.0
378 562 1.0
378 563 1.0
378 565 1.0
378 573 1.0
378 576 1.0
378 584 1.0
378 590 1.0
378 598 1.0
378 599 1.0
378 603 1.0
378 608 1.0
378 630 1.0
378 634 1.0
378 635 1.0
378 641 1.0
378 642 -1.0
378 649 1.0
378 557 1.0
378 382 1.0
378 383 1.0
378 384 -1.0
378 386 1.0
378 388 1.0
378 392 1.0
378 394 1.0
378 395 1.0
378 396 1.0
378 397 1.0
378 399 1.0
378 400 1.0
378 401 1.0
378 402 1.0
378 403 1.0
378 405 1.0
378 406 -1.0
378 407 1.0
378 410 1.0
378 411 1.0
378 414 1.0
378 415 1.0
378 417 1.0
378 418 1.0
378 419 1.0
378 421 1.0
378 422 1.0
378 423 1.0
378 426 1.0
378 427 1.0
378 428 1.0
378 429 1.0
378 430 1.0
378 432 1.0
378 434 1.0
378 436 1.0
378 440 1.0
378 441 -1.0
378 445 1.0
378 448 1.0
378 449 1.0
378 450 1.0
378 451 1.0
378 453 1.0
378 458 1.0
378 462 1.0
378 463 1.0
378 464 1.0
378 465 1.0
378 471 -1.0
378 482 1.0
378 485 1.0
378 487 1.0
378 488 1.0
378 489 1.0
378 491 -1.0
378 492 1.0
378 494 1.0
378 497 1.0
378 508 1.0
378 510 -1.0
379 517 1.0
379 523 1.0
379 533 1.0
379 536 1.0
379 538 1.0
379 539 1.0
379 553 1.0
379 559 1.0
379 565 1.0
379 566 1.0
379 567 1.0
379 570 1.0
379 579 1.0
379 591 1.0
379 596 1.0
379 603 -1.0
379 608 1.0
379 613 -1.0
379 615 1.0
379 617 1.0
379 619 1.0
379 618 1.0
379 636 1.0
379 645 1.0
379 649 1.0
379 537 1.0
379 569 -1.0
379 380 1.0
379 381 1.0
379 382 1.0
379 384 1.0
379 388 1.0
379 389 1.0
379 390 1.0
379 391 1.0
379 392 1.0
379 395 1.0
379 397 1.0
379 399 1.0
379 400 1.0
379 401 1.0
379 406 1.0
379 407 1.0
379 408 1.0
379 409 1.0
379 411 1.0
379 417 1.0
379 420 1.0
379 421 1.0
379 427 1.0
379 428 1.0
379 429 1.0
379 430 1.0
379 431 1.0
379 432 1.0
379 435 1.0
379 437 -1.0
379 438 1.0
379 439 1.0
379 443 1.0
379 444 1.0
379 445 1.0
379 447 1.0
379 448 1.0
379 449 1.0
379 450 -1.0
379 451 1.0
379 453 1.0
379 456 1.0
379 459 -1.0
379 461 1.0
379 462 1.0
379 465 -1.0
379 466 1.0
379 470 1.0
379 476 -1.0
379 481 1.0
380 515 1.0
380 518 1.0
380 520 1.0
380 537 1.0
380 545 -1.0
380 519 1.0
380 555 1.0
380 556 1.0
380 563 1.0
380 569 1.0
380 579 1.0
380 586 1.0
380 589 -1.0
380 591 1.0
380 601 1.0
380 603 1.0
380 584 1.0
380 621 1.0
380 629 1.0
380 639 -1.0
380 644 1.0
380 646 1.0
380 650 1.0
380 572 -1.0
380 386 1.0
380 387 1.0
380 389 1.0
380 391 1.0
380 392 1.0
380 393 1.0
380 394 1.0
380 396 1.0
380 397 1.0
380 398 1.0
380 399 1.0
380 400 1.0
380 401 1.0
380 402 -1.0
380 403 1.0
380 405 1.0
380 407 1.0
380 408 1.0
380 409 1.0
380 410 1.0
380 412 1.0
380 413 1.0
380 414 1.0
380 416 1.0
380 420 1.0
380 423 1.0
380 424 1.0
380 427 1.0
380 429 1.0
380 432 1.0
380 436 1.0
380 439 -1.0
380 442 1.0
380 443 1.0
380 444 1.0
380 445 -1.0
380 449 1.0
380 451 1.0
380 454 1.0
380 459 1.0
380 462 1.0
380 464 -1.0
380 465 1.0
380 466 -1.0
380 467 1.0
380 470 1.0
380 471 1.0
380 510 1.0
381 513 1.0
381 523 1.0
381 524 -1.0
381 526 1.0
381 529 1.0
381 530 1.0
381 543 1.0
381 545 1.0
381 554 1.0
381 558 1.0
381 580 1.0
381 585 -1.0
381 589 -1.0
381 597 1.0
381 606 1.0
381 607 1.0
381 610 -1.0
381 616 1.0
381 621 1.0
381 626 1.0
381 642 -1.0
381 649 1.0
381 650 1.0
381 546 1.0
381 382 1.0
381 383 1.0
381 387 -1.0
381 389 1.0
381 391 1.0
381 394 1.0
381 395 1.0
381 396 1.0
381 397 1.0
381 399 1.0
381 403 1.0
381 404 1.0
381 405 1.0
381 406 1.0
381 407 1.0
381 408 1.0
381 409 1.0
381 412 -1.0
381 414 1.0
381 416 1.0
381 419 1.0
381 420 1.0
381 421 1.0
381 426 1.0
381 427 1.0
381 428 1.0
381 429 1.0
381 430 1.0
381 431 1.0
381 435 -1.0
381 436 1.0
381 437 1.0
381 438 1.0
381 439 1.0
381 443 1.0
381 444 1.0
381 445 1.0
381 448 -1.0
381 449 1.0
381 450 1.0
381 452 1.0
381 453 1.0
381 454 1.0
381 455 1.0
381 459 1.0
381 461 1.0
381 462 1.0
381 464 1.0
381 465 1.0
381 466 1.0
381 484 -1.0
381 494 1.0
381 505 1.0
382 520 1.0
382 523 1.0
382 529 1.0
382 534 1.0
382 539 1.0
382 544 -1.0
382 552 -1.0
382 561 1.0
382 565 1.0
382 579 1.0
382 594 1.0
382 604 -1.0
382 606 1.0
382 620 1.0
382 624 1.0
382 626 -1.0
382 636 1.0
382 640 1.0
382 643 1.0
382 645 1.0
382 647 1.0
382 559 1.0
382 383 1.0
382 387 1.0
382 390 -1.0
382 391 1.0
382 392 1.0
382 397 1.0
382 401 1.0
382 402 1.0
382 405 1.0
382 408 1.0
382 409 1.0
382 410 1.0
382 411 1.0
382 413 -1.0
382 414 1.0
382 416 1.0
382 417 1.0
382 420 1.0
382 421 1.0
382 422 1.0
382 423 -1.0
382 427 1.0
382 429 1.0
382 430 1.0
382 431 1.0
382 434 1.0
382 437 1.0
382 438 1.0
382 440 1.0
382 441 1.0
382 442 1.0
382 445 1.0
382 446 1.0
382 449 1.0
382 450 -1.0
382 451 1.0
382 452 1.0
382 457 1.0
382 459 1.0
382 461 1.0
382 463 1.0
382 466 1.0
382 477 1.0
382 488 1.0
382 489 1.0
382 490 1.0
382 501 1.0
382 507 1.0
382 511 1.0
383 528 1.0
383 529 1.0
383 530 1.0
383 532 1.0
383 538 1.0
383 543 1.0
383 544 -1.0
383 555 1.0
383 558 1.0
383 576 1.0
383 582 1.0
383 586 1.0
383 595 1.0
383 598 1.0
383 605 1.0
383 618 1.0
383 627 1.0
383 629 1.0
383 639 -1.0
383 562 1.0
383 647 -1.0
383 384 1.0
383 386 1.0
383 388 1.0
383 395 1.0
383 400 1.0
383 401 1.0
383 404 1.0
383 406 -1.0
383 407 1.0
383 408 -1.0
383 409 1.0
383 410 1.0
383 411 1.0
383 414 -1.0
383 421 1.0
383 422 1.0
383 425 -1.0
383 427 1.0
383 428 1.0
383 430 1.0
383 431 1.0
383 432 -1.0
383 433 1.0
383 434 1.0
383 435 1.0
383 438 1.0
383 440 1.0
383 442 1.0
383 443 -1.0
383 446 1.0
383 449 -1.0
383 450 1.0
383 451 1.0
383 452 1.0
383 453 1.0
383 454 1.0
383 455 1.0
383 456 1.0
383 457 1.0
383 460 1.0
383 462 1.0
383 465 1.0
383 466 1.0
383 468 1.0
383 470 1.0
383 472 1.0
383 480 1.0
383 485 1.0
383 486 1.0
383 487 1.0
383 491 1.0
383 496 1.0
383 497 1.0
383 498 1.0
383 501 -1.0
383 507 1.0
383 509 1.0
384 513 1.0
384 515 1.0
384 517 1.0
384 527 -1.0
384 543 1.0
384 546 1.0
384 550 1.0
384 553 1.0
384 556 1.0
384 570 1.0
384 573 1.0
384 578 1.0
384 585 1.0
384 589 1.0
384 596 1.0
384 605 1.0
384 607 1.0
384 615 1.0
384 622 1.0
384 629 1.0
384 646 1.0
384 647 1.0
384 648 1.0
384 524 1.0
384 385 1.0
384 386 1.0
384 389 -1.0
384 390 1.0
384 391 1.0
384 392 1.0
384 395 1.0
384 397 1.0
384 398 1.0
384 400 -1.0
384 403 1.0
384 580 1.0
384 406 1.0
384 409 1.0
384 412 1.0
384 414 1.0
384 415 1.0
384 420 1.0
384 425 1.0
384 427 1.0
384 428 -1.0
384 429 1.0
384 430 1.0
384 431 1.0
384 433 1.0
384 436 1.0
384 437 1.0
384 438 1.0
384 439 1.0
384 442 1.0
384 444 1.0
384 445 1.0
384 446 1.0
384 448 1.0
384 454 1.0
384 455 1.0
384 457 1.0
384 459 1.0
384 460 1.0
384 465 1.0
384 467 1.0
384 469 1.0
384 471 1.0
384 477 1.0
384 482 1.0
384 485 1.0
384 488 1.0
384 489 1.0
384 595 1.0
384 497 1.0
384 504 1.0
384 510 -1.0
385 599 1.0
385 529 1.0
385 531 1.0
385 532 1.0
385 539 1.0
385 546 1.0
385 554 1.0
385 556 1.0
385 557 1.0
385 558 1.0
385 561 1.0
385 563 1.0
385 564 1.0
385 571 1.0
385 575 1.0
385 598 1.0
385 604 1.0
385 614 1.0
385 615 1.0
385 621 1.0
385 626 1.0
385 635 1.0
385 636 1.0
385 640 1.0
385 643 1.0
385 387 1.0
385 390 -1.0
385 392 1.0
385 393 1.0
385 399 1.0
385 400 1.0
385 401 1.0
385 402 1.0
385 405 1.0
385 406 1.0
385 407 1.0
385 410 1.0
385 411 1.0
385 412 1.0
385 414 1.0
385 416 1.0
385 418 -1.0
385 419 1.0
385 425 1.0
385 430 1.0
385 432 1.0
385 433 1.0
385 434 1.0
385 438 1.0
385 439 1.0
385 440 1.0
385 441 1.0
385 447 1.0
385 451 1.0
385 452 1.0
385 456 1.0
385 458 1.0
385 460 1.0
385 462 1.0
385 465 1.0
385 467 -1.0
385 470 1.0
385 471 1.0
385 472 1.0
385 484 1.0
385 485 1.0
385 486 1.0
385 491 1.0
385 595 1.0
385 498 1.0
385 501 1.0
385 503 1.0
385 504 1.0
386 513 1.0
386 526 1.0
386 531 1.0
386 537 1.0
386 539 1.0
386 548 1.0
386 549 -1.0
386 550 -1.0
386 560 1.0
386 568 1.0
386 570 1.0
386 577 -1.0
386 583 1.0
386 597 1.0
386 600 1.0
386 613 1.0
386 627 1.0
386 635 -1.0
386 638 1.0
386 640 1.0
386 535 1.0
386 543 -1.0
386 629 1.0
386 589 1.0
386 642 1.0
386 388 1.0
386 389 1.0
386 392 1.0
386 393 1.0
386 394 -1.0
386 395 1.0
386 397 1.0
386 399 1.0
386 400 1.0
386 403 1.0
386 406 1.0
386 407 1.0
386 410 1.0
386 411 1.0
386 412 1.0
386 413 1.0
386 417 -1.0
386 419 1.0
386 420 1.0
386 421 1.0
386 422 1.0
386 423 1.0
386 425 1.0
386 430 1.0
386 431 1.0
386 432 1.0
386 433 1.0
386 435 1.0
386 438 1.0
386 441 -1.0
386 449 1.0
386 454 1.0
386 456 1.0
386 457 1.0
386 458 1.0
386 464 1.0
386 471 1.0
386 474 1.0
386 477 1.0
386 483 1.0
386 487 1.0
386 496 1.0
386 499 1.0
386 506 1.0
387 521 1.0
387 547 -1.0
387 549 1.0
387 519 1.0
387 567 1.0
387 569 -1.0
387 572 1.0
387 583 1.0
387 587 1.0
387 592 1.0
387 594 1.0
387 599 1.0
387 602 1.0
387 607 1.0
387 608 1.0
387 609 1.0
387 614 1.0
387 615 1.0
387 627 1.0
387 635 1.0
387 637 1.0
387 642 1.0
387 389 1.0
387 391 1.0
387 394 1.0
387 396 1.0
387 397 -1.0
387 398 1.0
387 400 1.0
387 401 1.0
387 402 1.0
387 405 1.0
387 406 1.0
387 409 1.0
387 410 1.0
387 411 1.0
387 413 1.0
387 415 1.0
387 417 1.0
387 420 1.0
387 421 1.0
387 422 1.0
387 423 1.0
387 426 1.0
387 427 1.0
387 428 1.0
387 429 1.0
387 432 1.0
387 437 1.0
387 441 1.0
387 442 1.0
387 444 1.0
387 445 1.0
387 447 1.0
387 448 1.0
387 452 1.0
387 453 1.0
387 456 1.0
387 463 1.0
387 464 1.0
387 467 1.0
387 469 -1.0
387 470 1.0
387 475 -1.0
387 481 1.0
387 490 1.0
387 495 1.0
387 498 1.0
387 503 1.0
387 508 1.0
388 523 1.0
388 532 1.0
388 535 1.0
388 537 1.0
388 539 1.0
388 542 1.0
388 544 -1.0
388 555 1.0
388 520 1.0
388 557 1.0
388 566 1.0
388 580 1.0
388 590 1.0
388 593 1.0
388 597 1.0
388 601 1.0
388 606 -1.0
388 607 1.0
388 608 1.0
388 611 1.0
388 615 1.0
388 629 -1.0
388 632 1.0
388 634 1.0
388 636 1.0
388 640 1.0
388 641 -1.0
388 642 1.0
388 571 1.0
388 390 1.0
388 391 1.0
388 393 1.0
388 394 1.0
388 398 1.0
388 399 1.0
388 400 1.0
388 403 1.0
388 404 1.0
388 408 1.0
388 409 1.0
388 411 1.0
388 412 -1.0
388 414 1.0
388 416 1.0
388 419 1.0
388 425 1.0
388 426 1.0
388 428 1.0
388 429 -1.0
388 432 1.0
388 433 -1.0
388 435 1.0
388 439 1.0
388 442 1.0
388 443 1.0
388 444 1.0
388 447 1.0
388 448 1.0
388 449 1.0
388 450 1.0
388 451 1.0
388 452 1.0
388 458 1.0
388 460 -1.0
388 461 -1.0
388 462 1.0
388 466 -1.0
388 472 1.0
388 473 1.0
388 474 1.0
388 487 1.0
388 490 1.0
388 499 1.0
388 504 1.0
388 508 -1.0
388 512 1.0
389 524 1.0
389 528 1.0
389 530 1.0
389 535 1.0
389 539 1.0
389 543 1.0
389 544 1.0
389 553 1.0
389 562 1.0
389 564 1.0
389 565 1.0
389 571 1.0
389 586 1.0
389 587 1.0
389 593 1.0
389 597 1.0
389 605 -1.0
389 612 1.0
389 637 1.0
389 644 1.0
389 649 1.0
389 641 1.0
389 390 1.0
389 391 1.0
389 392 1.0
389 394 1.0
389 395 -1.0
389 397 -1.0
389 400 1.0
389 401 -1.0
389 403 -1.0
389 404 1.0
389 405 1.0
389 406 1.0
389 407 1.0
389 408 1.0
389 409 1.0
389 410 1.0
389 411 -1.0
389 417 -1.0
389 418 1.0
389 420 1.0
389 422 1.0
389 423 1.0
389 424 1.0
389 425 1.0
389 428 1.0
389 430 1.0
389 432 1.0
389 433 1.0
389 438 1.0
389 440 1.0
389 445 1.0
389 447 1.0
389 450 1.0
389 451 1.0
389 452 1.0
389 454 1.0
389 455 1.0
389 457 1.0
389 460 1.0
389 463 -1.0
389 464 1.0
389 465 1.0
389 469 1.0
389 470 1.0
389 472 1.0
389 477 1.0
389 482 1.0
389 484 1.0
389 489 1.0
389 497 1.0
390 516 1.0
390 518 1.0
390 520 1.0
390 529 1.0
390 535 1.0
390 539 -1.0
390 549 1.0
390 553 1.0
390 557 1.0
390 558 1.0
390 565 -1.0
390 568 1.0
390 570 1.0
390 572 1.0
390 582 1.0
390 586 1.0
390 597 1.0
390 605 1.0
390 615 1.0
390 627 1.0
390 628 1.0
390 634 1.0
390 639 1.0
390 643 1.0
390 541 1.0
390 543 1.0
390 547 1.0
390 550 1.0
390 636 1.0
390 646 1.0
390 391 1.0
390 392 1.0
390 393 1.0
390 396 1.0
390 397 1.0
390 398 1.0
390 399 1.0
390 402 1.0
390 405 1.0
390 407 1.0
390 408 1.0
390 409 -1.0
390 413 1.0
390 414 1.0
390 416 1.0
390 417 1.0
390 418 1.0
390 419 -1.0
390 420 1.0
390 421 -1.0
390 422 1.0
390 425 1.0
390 427 1.0
390 430 1.0
390 431 1.0
390 433 1.0
390 437 1.0
390 438 1.0
390 441 1.0
390 443 -1.0
390 444 1.0
390 446 1.0
390 449 1.0
390 451 1.0
390 454 -1.0
390 455 -1.0
390 458 -1.0
390 460 1.0
390 462 1.0
390 463 1.0
390 466 1.0
390 469 1.0
390 473 1.0
390 474 1.0
390 477 -1.0
390 478 1.0
390 481 1.0
390 492 1.0
390 497 1.0
390 498 1.0
390 506 1.0
390 507 1.0
390 508 1.0
391 518 1.0
391 524 1.0
391 530 -1.0
391 532 1.0
391 533 1.0
391 536 -1.0
391 542 1.0
391 557 1.0
391 558 1.0
391 565 1.0
391 568 1.0
391 582 1.0
391 585 1.0
391 586 1.0
391 589 1.0
391 593 1.0
391 594 1.0
391 601 1.0
391 610 -1.0
391 618 1.0
391 623 1.0
391 650 -1.0
391 626 1.0
391 392 1.0
391 395 1.0
391 397 1.0
391 398 1.0
391 399 1.0
391 404 1.0
391 406 1.0
391 408 1.0
391 409 1.0
391 412 1.0
391 414 1.0
391 416 1.0
391 417 1.0
391 420 1.0
391 423 1.0
391 427 1.0
391 428 1.0
391 430 -1.0
391 434 1.0
391 435 1.0
391 436 1.0
391 437 1.0
391 439 1.0
391 440 1.0
391 442 1.0
391 446 1.0
391 450 1.0
391 588 1.0
391 458 1.0
391 461 1.0
391 464 1.0
391 470 1.0
391 472 1.0
391 473 1.0
391 474 1.0
391 475 1.0
391 477 1.0
391 478 1.0
391 482 1.0
391 485 1.0
391 497 1.0
391 503 -1.0
391 504 1.0
391 512 1.0
392 522 1.0
392 528 -1.0
392 534 1.0
392 540 1.0
392 541 1.0
392 545 1.0
392 549 1.0
392 564 1.0
392 571 1.0
392 582 1.0
392 585 1.0
392 592 1.0
392 604 1.0
392 607 1.0
392 608 1.0
392 616 1.0
392 624 1.0
392 631 1.0
392 634 1.0
392 638 1.0
392 393 1.0
392 394 1.0
392 395 1.0
392 396 1.0
392 399 1.0
392 404 1.0
392 406 1.0
392 407 1.0
392 408 1.0
392 411 1.0
392 415 1.0
392 416 1.0
392 417 1.0
392 418 1.0
392 419 1.0
392 420 1.0
392 421 1.0
392 422 1.0
392 425 1.0
392 428 1.0
392 429 1.0
392 430 1.0
392 431 1.0
392 433 1.0
392 434 1.0
392 437 1.0
392 438 1.0
392 439 1.0
392 444 -1.0
392 445 1.0
392 446 -1.0
392 447 1.0
392 449 1.0
392 450 1.0
392 452 1.0
392 453 1.0
392 454 1.0
392 455 1.0
392 456 1.0
392 457 1.0
392 458 1.0
392 460 1.0
392 461 1.0
392 462 1.0
392 464 1.0
392 465 1.0
392 466 1.0
392 467 -1.0
392 468 1.0
392 471 1.0
392 472 1.0
392 475 1.0
392 477 1.0
392 479 1.0
392 480 1.0
392 488 1.0
392 494 1.0
392 511 1.0
393 519 1.0
393 523 1.0
393 530 1.0
393 542 1.0
393 543 1.0
393 544 1.0
393 548 1.0
393 550 1.0
393 556 1.0
393 563 1.0
393 564 1.0
393 570 -1.0
393 573 1.0
393 576 1.0
393 577 1.0
393 579 1.0
393 595 -1.0
393 596 1.0
393 602 1.0
393 621 1.0
393 622 1.0
393 629 1.0
393 634 1.0
393 636 1.0
393 644 1.0
393 553 -1.0
393 558 1.0
393 571 1.0
393 396 1.0
393 397 1.0
393 398 -1.0
393 399 1.0
393 400 1.0
393 404 -1.0
393 406 1.0
393 409 1.0
393 410 1.0
393 415 1.0
393 416 1.0
393 417 1.0
393 418 1.0
393 420 1.0
393 422 1.0
393 424 1.0
393 426 1.0
393 427 1.0
393 428 1.0
393 429 1.0
393 430 1.0
393 431 1.0
393 434 1.0
393 435 1.0
393 437 1.0
393 441 1.0
393 443 -1.0
393 447 1.0
393 449 1.0
393 452 1.0
393 453 1.0
393 458 1.0
393 459 1.0
393 463 1.0
393 465 1.0
393 467 1.0
393 469 -1.0
393 471 1.0
393 472 1.0
393 475 1.0
393 476 1.0
393 479 1.0
393 489 -1.0
393 498 1.0
393 499 1.0
393 502 1.0
393 505 1.0
393 507 1.0
394 518 1.0
394 519 1.0
394 521 1.0
394 525 1.0
394 537 1.0
394 556 1.0
394 591 1.0
394 569 1.0
394 570 1.0
394 576 1.0
394 588 1.0
394 590 1.0
394 593 1.0
394 605 -1.0
394 608 1.0
394 614 -1.0
394 649 1.0
394 622 1.0
394 399 -1.0
394 400 1.0
394 402 1.0
394 407 -1.0
394 408 1.0
394 409 -1.0
394 410 1.0
394 411 -1.0
394 413 1.0
394 414 1.0
394 415 1.0
394 417 1.0
394 421 1.0
394 422 1.0
394 425 1.0
394 426 1.0
394 428 1.0
394 429 1.0
394 431 -1.0
394 433 1.0
394 436 1.0
394 438 1.0
394 439 1.0
394 441 1.0
394 443 1.0
394 445 1.0
394 447 1.0
394 448 1.0
394 449 1.0
394 450 1.0
394 455 1.0
394 456 1.0
394 457 1.0
394 458 1.0
394 464 1.0
394 467 1.0
394 473 1.0
394 474 1.0
394 477 1.0
394 478 1.0
394 481 1.0
394 488 1.0
395 519 1.0
395 515 1.0
395 529 1.0
395 539 1.0
395 541 1.0
395 544 1.0
395 562 1.0
395 576 1.0
395 577 -1.0
395 579 1.0
395 586 -1.0
395 590 -1.0
395 592 1.0
395 597 1.0
395 600 -1.0
395 602 1.0
395 608 1.0
395 609 1.0
395 624 -1.0
395 617 1.0
395 627 -1.0
395 640 1.0
395 642 1.0
395 396 1.0
395 397 1.0
395 398 -1.0
395 399 1.0
395 402 1.0
395 405 1.0
395 406 1.0
395 407 1.0
395 408 1.0
395 409 1.0
395 410 1.0
395 412 1.0
395 415 1.0
395 418 1.0
395 420 1.0
395 422 1.0
395 423 1.0
395 425 -1.0
395 427 1.0
395 428 1.0
395 429 1.0
395 432 1.0
395 433 1.0
395 434 1.0
395 438 1.0
395 440 -1.0
395 443 1.0
395 446 1.0
395 447 1.0
395 451 1.0
395 452 1.0
395 458 1.0
395 459 1.0
395 462 1.0
395 463 1.0
395 464 1.0
395 465 1.0
395 467 1.0
395 469 1.0
395 470 1.0
395 473 1.0
395 477 1.0
395 483 1.0
395 488 1.0
395 490 1.0
395 496 1.0
395 501 1.0
395 507 1.0
396 514 1.0
396 520 1.0
396 524 -1.0
396 529 1.0
396 532 1.0
396 537 -1.0
396 546 -1.0
396 548 1.0
396 550 1.0
396 551 -1.0
396 558 1.0
396 560 1.0
396 607 1.0
396 571 1.0
396 574 1.0
396 576 1.0
396 579 1.0
396 591 1.0
396 597 1.0
396 603 1.0
396 605 1.0
396 615 1.0
396 620 1.0
396 641 1.0
396 643 -1.0
396 647 1.0
396 629 -1.0
396 570 1.0
396 635 1.0
396 397 1.0
396 398 1.0
396 400 1.0
396 408 1.0
396 410 -1.0
396 411 1.0
396 413 1.0
396 416 1.0
396 418 1.0
396 419 1.0
396 421 1.0
396 422 1.0
396 426 1.0
396 429 -1.0
396 430 1.0
396 431 1.0
396 432 1.0
396 434 1.0
396 438 1.0
396 440 1.0
396 441 1.0
396 442 1.0
396 445 1.0
396 446 -1.0
396 447 1.0
396 450 1.0
396 455 1.0
396 460 1.0
396 461 1.0
396 462 1.0
396 463 1.0
396 464 1.0
396 466 1.0
396 468 1.0
396 469 1.0
396 470 1.0
396 472 1.0
396 474 1.0
396 475 1.0
396 477 1.0
396 478 1.0
396 479 1.0
396 486 1.0
396 594 1.0
396 499 1.0
396 502 1.0
396 506 1.0
397 514 1.0
397 518 1.0
397 520 1.0
397 525 1.0
397 527 1.0
397 528 1.0
397 536 1.0
397 542 1.0
397 552 1.0
397 560 1.0
397 561 1.0
397 564 1.0
397 565 1.0
397 569 1.0
397 574 1.0
397 590 -1.0
397 596 1.0
397 601 1.0
397 602 1.0
397 614 1.0
397 623 1.0
397 639 1.0
397 401 -1.0
397 402 1.0
397 403 1.0
397 406 1.0
397 408 1.0
397 409 1.0
397 410 1.0
397 411 1.0
397 412 1.0
397 414 1.0
397 416 1.0
397 417 1.0
397 418 1.0
397 419 1.0
397 420 1.0
397 426 1.0
397 427 1.0
397 429 1.0
397 430 1.0
397 435 1.0
397 439 1.0
397 441 1.0
397 444 1.0
397 445 1.0
397 446 1.0
397 448 1.0
397 449 1.0
397 454 -1.0
397 456 -1.0
397 457 1.0
397 458 1.0
397 464 -1.0
397 467 1.0
397 468 1.0
397 469 1.0
397 473 1.0
397 474 1.0
397 475 1.0
397 478 1.0
397 479 1.0
397 481 1.0
397 483 1.0
397 484 1.0
397 486 1.0
397 493 1.0
397 496 1.0
397 499 1.0
397 508 1.0
398 513 1.0
398 518 1.0
398 519 1.0
398 521 1.0
398 523 -1.0
398 527 1.0
398 530 1.0
398 531 1.0
398 539 1.0
398 546 1.0
398 548 1.0
398 549 1.0
398 552 1.0
398 554 1.0
398 566 1.0
398 568 1.0
398 573 1.0
398 576 -1.0
398 580 1.0
398 586 1.0
398 588 1.0
398 599 1.0
398 614 -1.0
398 611 -1.0
398 612 1.0
398 618 1.0
398 621 1.0
398 635 1.0
398 640 1.0
398 569 1.0
398 562 1.0
398 400 1.0
398 402 1.0
398 405 1.0
398 408 1.0
398 409 1.0
398 410 1.0
398 412 -1.0
398 413 1.0
398 415 1.0
398 417 1.0
398 420 -1.0
398 421 1.0
398 424 1.0
398 425 1.0
398 426 1.0
398 427 1.0
398 430 1.0
398 432 1.0
398 433 1.0
398 434 1.0
398 436 1.0
398 438 1.0
398 440 -1.0
398 443 1.0
398 444 1.0
398 445 1.0
398 446 1.0
398 448 -1.0
398 449 1.0
398 451 1.0
398 455 1.0
398 457 1.0
398 467 1.0
398 469 1.0
398 473 1.0
398 474 1.0
398 475 1.0
398 478 1.0
398 491 1.0
398 495 1.0
398 496 1.0
398 497 1.0
398 506 1.0
398 507 1.0
398 509 1.0
398 510 1.0
399 517 1.0
399 518 1.0
399 526 1.0
399 534 1.0
399 542 1.0
399 543 1.0
399 650 1.0
399 564 1.0
399 565 1.0
399 566 1.0
399 567 1.0
399 568 -1.0
399 572 1.0
399 587 -1.0
399 589 1.0
399 596 1.0
399 600 1.0
399 604 1.0
399 610 1.0
399 626 1.0
399 627 1.0
399 628 1.0
399 637 1.0
399 638 1.0
399 642 1.0
399 636 1.0
399 553 1.0
399 401 1.0
399 402 1.0
399 403 1.0
399 404 -1.0
399 405 1.0
399 594 -1.0
399 410 1.0
399 411 1.0
399 414 -1.0
399 415 -1.0
399 417 1.0
399 418 1.0
399 421 1.0
399 423 1.0
399 425 1.0
399 426 1.0
399 427 1.0
399 428 1.0
399 431 1.0
399 432 1.0
399 433 1.0
399 435 1.0
399 436 -1.0
399 437 1.0
399 438 1.0
399 439 1.0
399 440 1.0
399 442 1.0
399 448 1.0
399 450 1.0
399 453 1.0
399 454 1.0
399 457 1.0
399 459 1.0
399 460 1.0
399 461 1.0
399 462 1.0
399 463 1.0
399 464 1.0
399 465 1.0
399 467 1.0
399 468 -1.0
399 471 1.0
399 472 1.0
399 474 1.0
399 476 1.0
399 477 1.0
399 478 1.0
399 480 1.0
399 485 1.0
399 488 1.0
399 495 1.0
399 498 1.0
399 504 1.0
399 506 1.0
399 509 1.0
400 513 -1.0
400 519 -1.0
400 522 1.0
400 530 1.0
400 533 1.0
400 538 1.0
400 545 1.0
400 546 -1.0
400 551 -1.0
400 606 1.0
400 564 1.0
400 572 1.0
400 574 1.0
400 581 1.0
400 583 -1.0
400 584 1.0
400 585 1.0
400 528 1.0
400 616 1.0
400 621 1.0
400 625 1.0
400 627 1.0
400 632 1.0
400 637 -1.0
400 573 1.0
400 402 1.0
400 404 1.0
400 406 -1.0
400 407 1.0
400 409 1.0
400 410 1.0
400 411 1.0
400 412 -1.0
400 413 1.0
400 414 1.0
400 415 1.0
400 416 1.0
400 417 1.0
400 418 1.0
400 420 1.0
400 421 1.0
400 422 1.0
400 423 1.0
400 424 1.0
400 425 1.0
400 426 1.0
400 427 1.0
400 429 1.0
400 432 1.0
400 434 1.0
400 438 1.0
400 442 1.0
400 447 1.0
400 451 1.0
400 452 1.0
400 453 1.0
400 455 1.0
400 456 1.0
400 458 1.0
400 460 1.0
400 463 1.0
400 466 1.0
400 468 1.0
400 474 1.0
400 476 1.0
400 477 1.0
400 481 1.0
400 482 1.0
400 484 1.0
400 493 1.0
400 502 -1.0
400 503 -1.0
400 509 1.0
400 510 1.0
400 512 1.0
401 521 1.0
401 522 1.0
401 524 1.0
401 525 1.0
401 527 1.0
401 530 1.0
401 543 1.0
401 518 -1.0
401 552 1.0
401 556 1.0
401 562 1.0
401 564 1.0
401 567 1.0
401 570 1.0
401 573 -1.0
401 578 -1.0
401 580 1.0
401 599 1.0
401 606 1.0
401 617 1.0
401 618 1.0
401 620 1.0
401 647 1.0
401 553 1.0
401 402 1.0
401 403 1.0
401 404 -1.0
401 408 -1.0
401 409 1.0
401 414 1.0
401 415 1.0
401 417 1.0
401 418 1.0
401 419 1.0
401 420 1.0
401 423 1.0
401 425 1.0
401 426 1.0
401 428 1.0
401 429 1.0
401 431 1.0
401 433 -1.0
401 434 -1.0
401 435 1.0
401 436 1.0
401 439 1.0
401 440 1.0
401 441 1.0
401 442 1.0
401 443 1.0
401 444 1.0
401 448 1.0
401 451 -1.0
401 453 1.0
401 454 1.0
401 456 1.0
401 458 1.0
401 460 1.0
401 461 1.0
401 463 1.0
401 464 1.0
401 465 1.0
401 467 1.0
401 469 1.0
401 474 1.0
401 475 1.0
401 477 1.0
401 478 1.0
401 479 1.0
401 480 1.0
401 481 1.0
401 482 1.0
401 486 1.0
401 488 1.0
401 506 -1.0
402 513 1.0
402 599 1.0
402 519 1.0
402 533 1.0
402 539 1.0
402 542 1.0
402 544 1.0
402 548 1.0
402 573 1.0
402 584 1.0
402 585 1.0
402 592 1.0
402 612 1.0
402 598 1.0
402 604 1.0
402 610 1.0
402 613 1.0
402 616 1.0
402 628 1.0
402 636 1.0
402 641 1.0
402 644 1.0
402 645 1.0
402 647 1.0
402 570 1.0
402 640 1.0
402 403 1.0
402 404 1.0
402 407 1.0
402 408 1.0
402 410 1.0
402 411 1.0
402 412 1.0
402 413 1.0
402 414 1.0
402 416 1.0
402 418 1.0
402 421 1.0
402 422 1.0
402 423 1.0
402 426 1.0
402 434 1.0
402 435 1.0
402 437 1.0
402 438 1.0
402 443 1.0
402 444 1.0
402 445 -1.0
402 447 1.0
402 448 1.0
402 450 1.0
402 456 1.0
402 461 -1.0
402 462 1.0
402 467 1.0
402 470 1.0
402 472 1.0
402 474 -1.0
402 475 1.0
402 476 1.0
402 481 1.0
402 482 1.0
402 486 1.0
402 487 1.0
402 488 -1.0
402 490 1.0
402 491 1.0
402 492 1.0
402 493 1.0
402 495 1.0
402 498 1.0
402 501 1.0
402 503 1.0
402 506 1.0
402 511 1.0
403 515 1.0
403 524 1.0
403 526 1.0
403 530 1.0
403 539 1.0
403 543 1.0
403 548 1.0
403 552 1.0
403 553 -1.0
403 555 1.0
403 575 1.0
403 582 -1.0
403 585 1.0
403 593 1.0
403 604 1.0
403 614 1.0
403 620 1.0
403 626 1.0
403 630 1.0
403 642 1.0
403 647 1.0
403 635 1.0
403 404 1.0
403 405 1.0
403 407 1.0
403 408 1.0
403 410 1.0
403 412 1.0
403 415 1.0
403 417 1.0
403 418 1.0
403 420 1.0
403 422 1.0
403 423 1.0
403 424 1.0
403 426 1.0
403 428 1.0
403 429 1.0
403 431 1.0
403 432 1.0
403 433 1.0
403 439 -1.0
403 441 -1.0
403 443 1.0
403 445 1.0
403 447 1.0
403 449 1.0
403 452 1.0
403 453 1.0
403 457 1.0
403 458 1.0
403 461 -1.0
403 462 1.0
403 467 1.0
403 468 1.0
403 470 -1.0
403 471 -1.0
403 472 1.0
403 473 1.0
403 475 1.0
403 481 1.0
403 482 1.0
403 483 1.0
403 484 1.0
403 485 1.0
403 488 1.0
403 490 1.0
403 491 1.0
403 492 1.0
403 507 1.0
403 511 1.0
404 515 -1.0
404 522 1.0
404 528 1.0
404 537 -1.0
404 517 1.0
404 539 1.0
404 561 1.0
404 564 1.0
404 569 1.0
404 573 1.0
404 579 -1.0
404 582 1.0
404 593 1.0
404 594 1.0
404 595 1.0
404 603 1.0
404 604 1.0
404 610 1.0
404 616 1.0
404 626 1.0
404 631 1.0
404 632 1.0
404 637 -1.0
404 639 1.0
404 646 -1.0
404 647 1.0
404 648 1.0
404 555 1.0
404 538 1.0
404 405 1.0
404 407 1.0
404 408 1.0
404 409 1.0
404 410 1.0
404 412 1.0
404 413 1.0
404 415 1.0
404 417 1.0
404 418 -1.0
404 420 1.0
404 421 1.0
404 422 -1.0
404 424 1.0
404 425 1.0
404 429 1.0
404 432 1.0
404 434 1.0
404 435 1.0
404 437 1.0
404 439 1.0
404 440 1.0
404 441 1.0
404 443 1.0
404 444 -1.0
404 445 1.0
404 448 1.0
404 452 1.0
404 453 1.0
404 457 1.0
404 462 1.0
404 463 1.0
404 464 1.0
404 466 1.0
404 467 1.0
404 470 1.0
404 473 1.0
404 474 1.0
404 485 1.0
404 488 -1.0
404 490 1.0
404 491 1.0
404 492 -1.0
404 503 1.0
404 597 1.0
405 517 1.0
405 518 -1.0
405 522 1.0
405 529 1.0
405 532 -1.0
405 533 1.0
405 538 1.0
405 548 1.0
405 549 1.0
405 553 1.0
405 563 1.0
405 565 1.0
405 573 1.0
405 577 1.0
405 580 1.0
405 583 1.0
405 589 1.0
405 598 1.0
405 601 1.0
405 607 -1.0
405 611 1.0
405 613 1.0
405 621 1.0
405 622 1.0
405 627 1.0
405 632 1.0
405 638 1.0
405 643 1.0
405 646 -1.0
405 650 1.0
405 558 1.0
405 409 1.0
405 410 1.0
405 413 1.0
405 414 1.0
405 419 1.0
405 422 1.0
405 427 1.0
405 430 1.0
405 431 1.0
405 432 1.0
405 435 1.0
405 436 -1.0
405 437 1.0
405 438 1.0
405 442 1.0
405 444 1.0
405 446 1.0
405 448 1.0
405 451 1.0
405 456 1.0
405 457 1.0
405 460 1.0
405 461 1.0
405 467 1.0
405 468 -1.0
405 469 1.0
405 470 1.0
405 471 1.0
405 472 1.0
405 473 1.0
405 474 1.0
405 479 -1.0
405 480 1.0
405 482 1.0
405 484 1.0
405 485 1.0
405 490 1.0
405 491 1.0
405 494 1.0
405 500 1.0
406 519 1.0
406 524 1.0
406 527 1.0
406 545 1.0
406 546 1.0
406 549 1.0
406 566 1.0
406 575 1.0
406 578 1.0
406 581 1.0
406 590 1.0
406 593 1.0
406 606 1.0
406 615 1.0
406 617 -1.0
406 621 1.0
406 635 1.0
406 639 1.0
406 645 1.0
406 647 1.0
406 408 1.0
406 410 -1.0
406 413 1.0
406 414 1.0
406 415 1.0
406 416 1.0
406 417 1.0
406 419 1.0
406 420 1.0
406 425 1.0
406 426 1.0
406 427 1.0
406 428 1.0
406 430 1.0
406 431 -1.0
406 432 1.0
406 434 1.0
406 437 1.0
406 439 1.0
406 440 1.0
406 441 1.0
406 442 -1.0
406 447 1.0
406 449 1.0
406 451 1.0
406 455 1.0
406 456 1.0
406 458 1.0
406 459 1.0
406 460 1.0
406 462 1.0
406 463 -1.0
406 464 1.0
406 470 1.0
406 472 1.0
406 475 1.0
406 476 1.0
406 478 1.0
406 484 1.0
406 490 1.0
406 492 1.0
406 493 1.0
406 502 1.0
406 508 1.0
406 510 1.0
406 512 1.0
407 531 1.0
407 532 1.0
407 548 1.0
407 549 1.0
407 557 1.0
407 564 1.0
407 566 1.0
407 569 1.0
407 579 1.0
407 581 1.0
407 582 1.0
407 587 1.0
407 588 1.0
407 601 1.0
407 613 1.0
407 616 1.0
407 621 1.0
407 622 1.0
407 618 1.0
407 633 1.0
407 634 -1.0
407 636 1.0
407 637 1.0
407 639 1.0
407 642 1.0
407 650 1.0
407 576 1.0
407 408 1.0
407 409 1.0
407 410 1.0
407 411 1.0
407 412 1.0
407 413 1.0
407 414 1.0
407 415 1.0
407 416 1.0
407 418 1.0
407 419 1.0
407 421 1.0
407 423 1.0
407 425 1.0
407 427 1.0
407 429 1.0
407 430 1.0
407 432 -1.0
407 438 -1.0
407 439 1.0
407 440 1.0
407 441 1.0
407 442 1.0
407 445 1.0
407 448 -1.0
407 449 1.0
407 450 1.0
407 451 -1.0
407 452 1.0
407 454 1.0
407 455 -1.0
407 457 1.0
407 458 1.0
407 459 1.0
407 460 1.0
407 462 1.0
407 465 -1.0
407 468 1.0
407 469 1.0
407 470 1.0
407 473 1.0
407 476 1.0
407 479 -1.0
407 480 -1.0
407 481 -1.0
407 482 1.0
407 483 -1.0
407 487 1.0
407 488 1.0
407 489 1.0
407 490 1.0
407 493 1.0
407 505 1.0
408 519 1.0
408 524 1.0
408 528 1.0
408 530 1.0
408 534 1.0
408 535 -1.0
408 537 1.0
408 538 1.0
408 540 1.0
408 544 1.0
408 552 1.0
408 555 1.0
408 558 1.0
408 582 1.0
408 562 -1.0
408 567 1.0
408 570 1.0
408 576 1.0
408 585 1.0
408 589 1.0
408 597 1.0
408 527 1.0
408 599 1.0
408 603 1.0
408 605 1.0
408 610 1.0
408 611 1.0
408 612 1.0
408 613 1.0
408 635 1.0
408 625 -1.0
408 554 1.0
408 410 1.0
408 412 -1.0
408 414 1.0
408 415 1.0
408 416 -1.0
408 417 1.0
408 420 1.0
408 421 1.0
408 422 1.0
408 423 1.0
408 424 1.0
408 425 -1.0
408 427 1.0
408 428 1.0
408 429 1.0
408 433 1.0
408 436 1.0
408 440 1.0
408 441 1.0
408 443 1.0
408 445 1.0
408 446 1.0
408 447 1.0
408 452 1.0
408 453 -1.0
408 455 1.0
408 456 1.0
408 457 1.0
408 462 1.0
408 465 1.0
408 469 1.0
408 474 1.0
408 477 1.0
408 479 1.0
408 480 -1.0
408 481 1.0
408 482 1.0
408 483 1.0
408 484 1.0
408 486 1.0
408 489 1.0
408 491 1.0
408 493 1.0
408 494 1.0
409 515 1.0
409 518 -1.0
409 539 1.0
409 544 1.0
409 547 1.0
409 550 1.0
409 558 1.0
409 561 1.0
409 576 1.0
409 578 -1.0
409 582 1.0
409 583 1.0
409 588 1.0
409 589 1.0
409 566 -1.0
409 603 1.0
409 606 1.0
409 614 1.0
409 625 1.0
409 628 1.0
409 630 1.0
409 637 1.0
409 639 1.0
409 641 1.0
409 645 -1.0
409 542 1.0
409 549 1.0
409 410 1.0
409 411 1.0
409 412 1.0
409 414 1.0
409 416 1.0
409 417 1.0
409 418 1.0
409 419 1.0
409 422 1.0
409 423 1.0
409 424 1.0
409 425 1.0
409 426 1.0
409 427 1.0
409 428 1.0
409 429 1.0
409 430 -1.0
409 432 1.0
409 435 1.0
409 437 1.0
409 439 1.0
409 441 -1.0
409 442 1.0
409 443 1.0
409 444 1.0
409 446 1.0
409 449 1.0
409 454 -1.0
409 455 1.0
409 459 1.0
409 462 1.0
409 463 1.0
409 464 1.0
409 469 1.0
409 472 1.0
409 479 1.0
409 481 1.0
409 484 1.0
409 490 1.0
409 580 1.0
409 503 1.0
409 509 1.0
410 514 1.0
410 540 1.0
410 548 1.0
410 552 -1.0
410 555 1.0
410 556 1.0
410 557 1.0
410 561 1.0
410 564 1.0
410 565 1.0
410 568 1.0
410 588 1.0
410 593 1.0
410 599 1.0
410 606 1.0
410 607 1.0
410 609 1.0
410 612 1.0
410 616 1.0
410 617 1.0
410 622 1.0
410 624 1.0
410 630 1.0
410 631 1.0
410 635 1.0
410 643 1.0
410 649 1.0
410 650 1.0
410 628 -1.0
410 412 1.0
410 414 1.0
410 417 -1.0
410 419 1.0
410 421 -1.0
410 422 1.0
410 425 1.0
410 430 1.0
410 433 1.0
410 434 1.0
410 436 1.0
410 440 1.0
410 442 1.0
410 443 1.0
410 444 1.0
410 448 1.0
410 449 1.0
410 450 1.0
410 451 -1.0
410 452 1.0
410 454 1.0
410 455 1.0
410 458 1.0
410 462 1.0
410 464 1.0
410 465 1.0
410 466 1.0
410 467 1.0
410 469 1.0
410 470 1.0
410 471 1.0
410 474 1.0
410 475 1.0
410 476 -1.0
410 477 1.0
410 481 1.0
410 483 1.0
410 484 1.0
410 487 -1.0
410 488 1.0
410 493 1.0
410 494 1.0
410 498 1.0
410 504 1.0
410 510 1.0
411 521 1.0
411 529 1.0
411 530 1.0
411 531 1.0
411 538 1.0
411 549 1.0
411 559 1.0
411 606 1.0
411 564 1.0
411 570 -1.0
411 578 1.0
411 580 1.0
411 584 -1.0
411 590 1.0
411 595 1.0
411 616 1.0
411 620 1.0
411 624 1.0
411 627 1.0
411 630 1.0
411 649 1.0
411 546 1.0
411 639 1.0
411 412 1.0
411 414 1.0
411 415 1.0
411 419 1.0
411 420 1.0
411 421 1.0
411 428 1.0
411 429 -1.0
411 431 1.0
411 432 1.0
411 433 1.0
411 585 1.0
411 435 1.0
411 437 1.0
411 443 1.0
411 444 1.0
411 448 1.0
411 449 1.0
411 455 -1.0
411 456 1.0
411 457 1.0
411 461 -1.0
411 463 1.0
411 466 1.0
411 468 1.0
411 469 1.0
411 474 1.0
411 476 1.0
411 479 1.0
411 480 1.0
411 482 1.0
411 484 1.0
411 485 -1.0
411 488 1.0
411 489 1.0
411 494 1.0
411 495 1.0
411 497 1.0
411 498 1.0
411 499 1.0
412 513 1.0
412 515 1.0
412 516 1.0
412 522 1.0
412 523 1.0
412 528 1.0
412 531 1.0
412 541 1.0
412 546 1.0
412 547 1.0
412 549 1.0
412 558 1.0
412 565 1.0
412 567 -1.0
412 570 1.0
412 571 1.0
412 572 1.0
412 579 1.0
412 593 1.0
412 595 1.0
412 596 1.0
412 607 -1.0
412 616 1.0
412 627 1.0
412 628 1.0
412 647 1.0
412 650 1.0
412 620 1.0
412 635 1.0
412 413 1.0
412 414 1.0
412 415 1.0
412 417 1.0
412 419 1.0
412 422 1.0
412 424 1.0
412 425 1.0
412 426 1.0
412 429 1.0
412 431 1.0
412 432 1.0
412 435 1.0
412 436 1.0
412 439 1.0
412 443 1.0
412 444 1.0
412 447 1.0
412 449 1.0
412 451 1.0
412 461 -1.0
412 463 1.0
412 464 1.0
412 465 1.0
412 468 1.0
412 469 1.0
412 471 1.0
412 472 1.0
412 477 1.0
412 478 1.0
412 479 1.0
412 482 1.0
412 485 1.0
412 486 1.0
412 487 1.0
412 489 -1.0
412 490 1.0
412 491 1.0
412 493 1.0
412 496 1.0
412 497 1.0
412 499 1.0
412 505 1.0
412 509 1.0
413 519 1.0
413 522 1.0
413 531 -1.0
413 532 1.0
413 537 1.0
413 538 1.0
413 542 1.0
413 560 1.0
413 567 1.0
413 573 1.0
413 574 1.0
413 577 1.0
413 579 1.0
413 581 1.0
413 589 -1.0
413 596 1.0
413 597 1.0
413 602 1.0
413 604 1.0
413 606 1.0
413 610 1.0
413 612 1.0
413 626 1.0
413 627 -1.0
413 628 1.0
413 631 1.0
413 637 1.0
413 638 -1.0
413 639 1.0
413 646 1.0
413 586 1.0
413 558 1.0
413 578 1.0
413 414 1.0
413 415 1.0
413 416 1.0
413 417 1.0
413 420 1.0
413 422 1.0
413 423 1.0
413 426 1.0
413 428 1.0
413 429 1.0
413 431 1.0
413 432 1.0
413 434 1.0
413 436 1.0
413 438 1.0
413 440 1.0
413 441 1.0
413 442 1.0
413 446 1.0
413 447 1.0
413 448 1.0
413 449 -1.0
413 454 1.0
413 456 1.0
413 457 1.0
413 458 -1.0
413 462 1.0
413 464 1.0
413 466 1.0
413 468 1.0
413 469 1.0
413 472 -1.0
413 473 1.0
413 475 1.0
413 478 1.0
413 480 1.0
413 481 1.0
413 485 1.0
413 490 1.0
413 491 1.0
413 492 1.0
413 493 1.0
413 494 1.0
413 502 1.0
413 504 -1.0
413 505 1.0
414 514 1.0
414 520 1.0
414 521 1.0
414 523 -1.0
414 529 -1.0
414 531 1.0
414 533 1.0
414 537 1.0
414 541 1.0
414 543 1.0
414 558 1.0
414 562 1.0
414 563 1.0
414 565 1.0
414 569 1.0
414 575 1.0
414 576 1.0
414 580 1.0
414 587 1.0
414 593 1.0
414 604 1.0
414 608 1.0
414 626 1.0
414 627 1.0
414 630 1.0
414 638 1.0
414 642 1.0
414 640 1.0
414 470 1.0
414 578 1.0
414 415 -1.0
414 416 1.0
414 418 1.0
414 419 1.0
414 422 1.0
414 424 -1.0
414 427 1.0
414 429 1.0
414 430 1.0
414 434 1.0
414 435 1.0
414 436 1.0
414 443 1.0
414 444 1.0
414 445 1.0
414 447 1.0
414 448 1.0
414 449 1.0
414 452 1.0
414 453 1.0
414 455 1.0
414 456 1.0
414 469 1.0
414 591 1.0
414 472 1.0
414 473 1.0
414 476 1.0
414 477 1.0
414 478 1.0
414 485 1.0
414 486 1.0
414 488 1.0
414 489 1.0
414 491 1.0
414 492 1.0
414 495 1.0
414 499 1.0
414 502 1.0
414 506 1.0
414 508 -1.0
414 512 1.0
415 526 1.0
415 530 1.0
415 531 1.0
415 535 1.0
415 541 1.0
415 544 1.0
415 548 1.0
415 556 1.0
415 558 1.0
415 564 1.0
415 566 1.0
415 568 1.0
415 577 1.0
415 580 1.0
415 590 1.0
415 594 1.0
415 595 -1.0
415 596 1.0
415 597 1.0
415 607 1.0
415 612 1.0
415 613 -1.0
415 629 1.0
415 638 1.0
415 641 -1.0
415 646 1.0
415 650 1.0
415 570 1.0
415 582 1.0
415 417 1.0
415 425 1.0
415 426 1.0
415 428 1.0
415 431 1.0
415 433 1.0
415 434 1.0
415 435 1.0
415 436 1.0
415 441 1.0
415 443 1.0
415 444 1.0
415 448 1.0
415 449 1.0
415 451 1.0
415 452 1.0
415 455 1.0
415 456 1.0
415 457 1.0
415 459 1.0
415 463 1.0
415 464 1.0
415 467 -1.0
415 469 1.0
415 471 1.0
415 473 1.0
415 474 1.0
415 477 1.0
415 478 1.0
415 479 1.0
415 483 1.0
415 484 1.0
415 492 1.0
415 494 1.0
415 497 1.0
415 501 1.0
415 502 1.0
415 508 1.0
416 514 1.0
416 528 1.0
416 602 1.0
416 541 -1.0
416 544 1.0
416 551 1.0
416 565 -1.0
416 570 1.0
416 571 1.0
416 574 1.0
416 579 -1.0
416 584 1.0
416 595 1.0
416 599 1.0
416 607 1.0
416 619 1.0
416 622 1.0
416 624 1.0
416 626 1.0
416 633 -1.0
416 646 1.0
416 647 1.0
416 536 1.0
416 418 1.0
416 419 1.0
416 420 1.0
416 421 1.0
416 423 1.0
416 424 1.0
416 428 1.0
416 429 1.0
416 430 -1.0
416 431 1.0
416 433 1.0
416 434 1.0
416 436 1.0
416 438 -1.0
416 441 1.0
416 442 1.0
416 443 1.0
416 444 1.0
416 445 1.0
416 452 1.0
416 453 1.0
416 456 1.0
416 457 1.0
416 458 1.0
416 459 1.0
416 461 1.0
416 462 1.0
416 464 1.0
416 466 1.0
416 472 1.0
416 476 1.0
416 477 1.0
416 478 1.0
416 479 1.0
416 482 1.0
416 485 -1.0
416 487 1.0
416 488 1.0
416 490 1.0
416 494 1.0
416 495 1.0
416 497 1.0
416 499 1.0
417 518 1.0
417 521 1.0
417 526 1.0
417 535 1.0
417 536 1.0
417 543 1.0
417 547 1.0
417 549 1.0
417 562 1.0
417 564 1.0
417 567 1.0
417 572 1.0
417 582 1.0
417 583 1.0
417 587 1.0
417 590 1.0
417 598 -1.0
417 601 1.0
417 609 1.0
417 613 1.0
417 620 -1.0
417 624 1.0
417 628 1.0
417 637 1.0
417 419 1.0
417 420 1.0
417 421 1.0
417 422 1.0
417 424 1.0
417 428 1.0
417 432 1.0
417 434 1.0
417 435 1.0
417 436 1.0
417 438 1.0
417 440 1.0
417 441 1.0
417 442 1.0
417 443 1.0
417 444 1.0
417 446 1.0
417 447 -1.0
417 448 1.0
417 449 1.0
417 450 1.0
417 451 1.0
417 453 1.0
417 454 1.0
417 455 1.0
417 456 1.0
417 457 1.0
417 458 1.0
417 459 1.0
417 461 -1.0
417 463 1.0
417 464 1.0
417 467 1.0
417 468 1.0
417 470 1.0
417 471 1.0
417 473 1.0
417 476 1.0
417 477 1.0
417 482 1.0
417 483 1.0
417 484 1.0
417 488 1.0
417 489 1.0
417 490 1.0
417 495 1.0
417 499 1.0
417 503 1.0
417 504 1.0
417 505 1.0
417 506 1.0
417 508 1.0
418 517 1.0
418 520 1.0
418 529 -1.0
418 538 1.0
418 541 1.0
418 545 1.0
418 551 1.0
418 561 1.0
418 566 1.0
418 573 1.0
418 575 1.0
418 597 1.0
418 600 1.0
418 603 1.0
418 608 1.0
418 612 1.0
418 615 1.0
418 618 1.0
418 623 1.0
418 627 -1.0
418 647 1.0
418 537 1.0
418 549 1.0
418 419 1.0
418 420 1.0
418 422 1.0
418 426 1.0
418 429 1.0
418 430 1.0
418 432 1.0
418 433 1.0
418 434 -1.0
418 435 1.0
418 436 1.0
418 438 1.0
418 442 1.0
418 446 1.0
418 447 1.0
418 448 1.0
418 451 -1.0
418 452 -1.0
418 453 1.0
418 454 1.0
418 456 1.0
418 457 1.0
418 460 -1.0
418 461 1.0
418 462 1.0
418 463 1.0
418 464 1.0
418 465 -1.0
418 466 1.0
418 467 -1.0
418 472 1.0
418 473 1.0
418 478 1.0
418 479 1.0
418 480 1.0
418 482 1.0
418 483 1.0
418 484 1.0
418 488 1.0
418 489 1.0
418 491 -1.0
418 492 1.0
418 493 1.0
418 498 1.0
418 500 1.0
418 501 1.0
418 504 1.0
418 509 1.0
419 529 1.0
419 530 -1.0
419 547 -1.0
419 552 1.0
419 555 1.0
419 566 1.0
419 567 1.0
419 610 1.0
419 525 1.0
419 600 1.0
419 604 1.0
419 609 1.0
419 615 1.0
419 628 1.0
419 640 1.0
419 643 1.0
419 646 1.0
419 650 1.0
419 420 -1.0
419 421 -1.0
419 422 1.0
419 423 1.0
419 424 1.0
419 425 1.0
419 426 1.0
419 427 1.0
419 428 1.0
419 432 1.0
419 433 1.0
419 434 1.0
419 435 1.0
419 436 1.0
419 439 1.0
419 442 1.0
419 444 1.0
419 445 1.0
419 447 1.0
419 449 1.0
419 450 1.0
419 451 1.0
419 453 1.0
419 454 1.0
419 459 1.0
419 461 1.0
419 462 1.0
419 463 1.0
419 465 1.0
419 466 1.0
419 467 1.0
419 468 1.0
419 472 1.0
419 475 1.0
419 476 1.0
419 477 1.0
419 478 1.0
419 480 1.0
419 481 1.0
419 487 1.0
419 488 1.0
419 489 1.0
419 493 1.0
419 496 1.0
419 497 1.0
419 498 1.0
419 502 1.0
419 503 1.0
419 504 1.0
419 505 -1.0
419 507 1.0
419 511 1.0
420 518 1.0
420 524 1.0
420 529 1.0
420 535 -1.0
420 603 1.0
420 548 1.0
420 555 1.0
420 557 1.0
420 562 1.0
420 564 1.0
420 574 1.0
420 576 -1.0
420 581 1.0
420 588 1.0
420 612 1.0
420 615 1.0
420 530 1.0
420 621 -1.0
420 631 1.0
420 636 1.0
420 637 1.0
420 640 1.0
420 629 1.0
420 422 1.0
420 424 1.0
420 431 1.0
420 432 1.0
420 436 -1.0
420 437 1.0
420 439 1.0
420 446 1.0
420 448 1.0
420 449 1.0
420 450 1.0
420 451 1.0
420 456 1.0
420 457 1.0
420 458 1.0
420 460 1.0
420 462 1.0
420 464 1.0
420 468 1.0
420 469 1.0
420 470 1.0
420 474 1.0
420 475 1.0
420 483 1.0
420 486 1.0
420 489 1.0
420 492 1.0
420 494 1.0
420 495 1.0
420 497 1.0
420 498 1.0
420 499 1.0
420 501 1.0
420 502 1.0
420 505 1.0
420 506 1.0
420 511 1.0
421 524 1.0
421 531 -1.0
421 543 1.0
421 554 1.0
421 557 1.0
421 564 1.0
421 567 1.0
421 570 -1.0
421 580 1.0
421 588 1.0
421 598 1.0
421 600 1.0
421 610 -1.0
421 616 1.0
421 620 -1.0
421 623 1.0
421 635 1.0
421 641 1.0
421 642 1.0
421 644 -1.0
421 646 1.0
421 650 1.0
421 423 1.0
421 424 1.0
421 426 1.0
421 427 1.0
421 429 -1.0
421 431 1.0
421 435 1.0
421 437 1.0
421 438 1.0
421 439 1.0
421 440 1.0
421 441 1.0
421 445 1.0
421 446 1.0
421 447 1.0
421 448 1.0
421 451 1.0
421 452 1.0
421 454 1.0
421 457 1.0
421 459 1.0
421 462 1.0
421 464 1.0
421 469 -1.0
421 471 1.0
421 475 1.0
421 477 1.0
421 480 1.0
421 481 1.0
421 485 1.0
421 487 1.0
421 488 1.0
421 490 1.0
421 492 1.0
421 493 1.0
421 495 1.0
421 497 -1.0
421 498 1.0
421 499 1.0
421 500 1.0
421 504 1.0
421 506 1.0
421 508 1.0
421 512 1.0
422 514 1.0
422 517 -1.0
422 524 -1.0
422 527 -1.0
422 528 1.0
422 530 1.0
422 538 1.0
422 543 1.0
422 545 1.0
422 572 1.0
422 576 1.0
422 589 1.0
422 608 1.0
422 612 1.0
422 621 1.0
422 625 1.0
422 634 1.0
422 635 1.0
422 641 1.0
422 536 1.0
422 605 1.0
422 596 1.0
422 424 1.0
422 426 1.0
422 429 1.0
422 433 1.0
422 436 1.0
422 437 1.0
422 441 1.0
422 442 1.0
422 443 1.0
422 447 -1.0
422 450 1.0
422 452 1.0
422 455 1.0
422 457 1.0
422 458 1.0
422 459 1.0
422 460 1.0
422 462 1.0
422 463 1.0
422 464 1.0
422 466 1.0
422 469 1.0
422 471 1.0
422 474 1.0
422 478 1.0
422 479 1.0
422 480 1.0
422 481 1.0
422 593 1.0
422 483 1.0
422 484 1.0
422 487 -1.0
422 491 1.0
422 492 1.0
422 495 1.0
422 496 1.0
422 498 1.0
422 500 1.0
422 501 1.0
422 502 -1.0
422 505 1.0
422 508 1.0
422 509 1.0
422 511 1.0
423 517 1.0
423 519 1.0
423 524 1.0
423 531 1.0
423 535 1.0
423 545 1.0
423 548 1.0
423 549 1.0
423 553 1.0
423 558 -1.0
423 559 1.0
423 561 1.0
423 564 1.0
423 572 1.0
423 576 1.0
423 577 1.0
423 580 1.0
423 582 1.0
423 586 1.0
423 603 1.0
423 607 1.0
423 619 1.0
423 620 1.0
423 621 -1.0
423 622 1.0
423 624 1.0
423 637 1.0
423 640 1.0
423 646 -1.0
423 588 -1.0
423 424 -1.0
423 425 1.0
423 426 1.0
423 427 1.0
423 428 1.0
423 432 1.0
423 433 1.0
423 434 1.0
423 435 1.0
423 438 1.0
423 440 1.0
423 441 1.0
423 442 1.0
423 443 1.0
423 444 1.0
423 446 1.0
423 449 1.0
423 452 1.0
423 456 1.0
423 457 1.0
423 458 1.0
423 460 1.0
423 463 1.0
423 464 1.0
423 465 -1.0
423 466 -1.0
423 468 1.0
423 469 1.0
423 470 1.0
423 471 1.0
423 472 1.0
423 473 1.0
423 474 1.0
423 479 1.0
423 481 1.0
423 484 1.0
423 485 1.0
423 486 1.0
423 489 -1.0
423 491 1.0
423 495 1.0
423 496 1.0
423 497 1.0
423 498 1.0
423 502 1.0
423 503 1.0
423 504 1.0
423 505 1.0
423 506 1.0
423 507 1.0
423 508 1.0
423 510 1.0
424 514 1.0
424 517 1.0
424 521 1.0
424 525 1.0
424 533 1.0
424 536 1.0
424 559 1.0
424 565 1.0
424 567 1.0
424 570 1.0
424 573 1.0
424 576 -1.0
424 578 1.0
424 579 1.0
424 583 1.0
424 586 1.0
424 593 1.0
424 601 1.0
424 603 1.0
424 630 1.0
424 618 1.0
424 633 1.0
424 635 1.0
424 644 1.0
424 606 1.0
424 560 1.0
424 425 1.0
424 428 1.0
424 429 1.0
424 431 1.0
424 432 1.0
424 433 1.0
424 436 1.0
424 438 1.0
424 439 1.0
424 442 1.0
424 445 1.0
424 449 1.0
424 451 1.0
424 452 1.0
424 454 1.0
424 455 1.0
424 457 1.0
424 458 1.0
424 460 1.0
424 462 1.0
424 464 1.0
424 465 1.0
424 466 1.0
424 467 1.0
424 468 1.0
424 470 1.0
424 472 1.0
424 476 1.0
424 477 1.0
424 478 1.0
424 479 1.0
424 480 1.0
424 482 1.0
424 485 1.0
424 486 -1.0
424 488 1.0
424 489 1.0
424 491 1.0
424 493 1.0
424 495 1.0
424 497 -1.0
424 499 1.0
424 500 -1.0
424 502 1.0
424 503 1.0
424 506 1.0
424 507 -1.0
424 509 1.0
425 513 1.0
425 518 1.0
425 521 1.0
425 523 1.0
425 524 1.0
425 525 1.0
425 528 1.0
425 529 1.0
425 543 1.0
425 547 1.0
425 550 1.0
425 573 1.0
425 577 1.0
425 578 1.0
425 585 1.0
425 587 1.0
425 600 1.0
425 602 1.0
425 594 1.0
425 610 1.0
425 633 1.0
425 635 1.0
425 638 1.0
425 650 1.0
425 429 -1.0
425 431 1.0
425 434 1.0
425 435 1.0
425 437 1.0
425 438 1.0
425 442 1.0
425 443 1.0
425 445 1.0
425 448 1.0
425 449 1.0
425 588 1.0
425 453 1.0
425 454 1.0
425 457 1.0
425 458 -1.0
425 460 1.0
425 462 1.0
425 463 1.0
425 466 1.0
425 470 1.0
425 471 1.0
425 472 1.0
425 475 1.0
425 478 1.0
425 479 1.0
425 481 1.0
425 486 1.0
425 487 1.0
425 488 -1.0
425 489 -1.0
425 490 -1.0
425 491 -1.0
425 493 1.0
425 494 1.0
425 495 1.0
425 498 1.0
425 500 1.0
425 501 1.0
425 502 1.0
425 503 1.0
425 504 1.0
425 505 1.0
425 507 -1.0
425 508 1.0
425 509 1.0
425 510 1.0
425 511 1.0
425 512 1.0
426 517 1.0
426 528 1.0
426 531 1.0
426 535 1.0
426 544 1.0
426 558 1.0
426 560 1.0
426 566 1.0
426 589 1.0
426 590 -1.0
426 594 1.0
426 601 1.0
426 617 1.0
426 618 1.0
426 643 1.0
426 647 1.0
426 593 1.0
426 641 1.0
426 557 1.0
426 430 1.0
426 431 1.0
426 432 1.0
426 433 1.0
426 434 -1.0
426 435 -1.0
426 436 1.0
426 440 1.0
426 442 1.0
426 443 -1.0
426 446 1.0
426 447 1.0
426 448 1.0
426 451 1.0
426 452 1.0
426 453 1.0
426 454 -1.0
426 457 1.0
426 458 1.0
426 459 -1.0
426 460 1.0
426 461 1.0
426 463 1.0
426 464 1.0
426 465 1.0
426 466 1.0
426 468 1.0
426 471 1.0
426 476 1.0
426 477 1.0
426 478 1.0
426 481 1.0
426 486 1.0
426 487 1.0
426 488 1.0
426 492 1.0
426 494 -1.0
426 496 1.0
426 499 1.0
426 503 1.0
426 505 1.0
426 507 -1.0
426 511 1.0
427 513 1.0
427 514 1.0
427 518 1.0
427 530 1.0
427 602 1.0
427 555 1.0
427 556 -1.0
427 557 1.0
427 560 1.0
427 562 1.0
427 568 1.0
427 569 1.0
427 570 1.0
427 575 1.0
427 578 1.0
427 580 1.0
427 596 1.0
427 610 -1.0
427 613 1.0
427 614 1.0
427 619 1.0
427 624 1.0
427 627 1.0
427 641 1.0
427 428 1.0
427 429 -1.0
427 431 1.0
427 432 1.0
427 433 1.0
427 434 1.0
427 435 1.0
427 436 -1.0
427 437 1.0
427 440 1.0
427 443 1.0
427 444 1.0
427 445 1.0
427 446 1.0
427 447 1.0
427 448 1.0
427 450 1.0
427 452 1.0
427 453 1.0
427 458 1.0
427 459 1.0
427 461 1.0
427 462 1.0
427 463 1.0
427 464 1.0
427 466 1.0
427 467 1.0
427 469 1.0
427 473 1.0
427 474 1.0
427 475 1.0
427 480 1.0
427 481 -1.0
427 483 1.0
427 485 -1.0
427 486 -1.0
427 487 1.0
427 490 1.0
427 491 1.0
427 493 -1.0
427 498 1.0
427 499 1.0
427 500 1.0
427 501 -1.0
427 502 1.0
427 503 1.0
427 505 -1.0
427 507 1.0
427 508 1.0
427 509 1.0
427 512 1.0
428 514 1.0
428 522 1.0
428 523 1.0
428 533 1.0
428 536 1.0
428 540 1.0
428 555 1.0
428 556 1.0
428 559 1.0
428 561 1.0
428 562 1.0
428 572 1.0
428 575 1.0
428 578 1.0
428 584 1.0
428 589 1.0
428 594 1.0
428 603 1.0
428 617 -1.0
428 618 1.0
428 624 -1.0
428 630 1.0
428 635 -1.0
428 638 1.0
428 642 1.0
428 647 -1.0
428 650 1.0
428 551 1.0
428 637 -1.0
428 429 -1.0
428 430 1.0
428 431 1.0
428 434 -1.0
428 436 1.0
428 446 1.0
428 447 1.0
428 448 -1.0
428 449 -1.0
428 451 1.0
428 452 1.0
428 453 1.0
428 454 -1.0
428 456 1.0
428 458 1.0
428 459 1.0
428 461 1.0
428 462 1.0
428 463 1.0
428 465 1.0
428 469 1.0
428 470 1.0
428 472 -1.0
428 475 1.0
428 476 1.0
428 477 1.0
428 479 1.0
428 480 1.0
428 481 -1.0
428 482 1.0
428 485 1.0
428 488 1.0
428 491 1.0
428 493 -1.0
428 495 1.0
428 497 1.0
428 500 1.0
428 502 -1.0
428 503 1.0
428 504 1.0
428 506 1.0
428 507 1.0
428 508 1.0
428 509 -1.0
428 510 1.0
428 511 1.0
428 512 -1.0
429 513 1.0
429 514 1.0
429 515 1.0
429 530 1.0
429 534 1.0
429 520 1.0
429 564 1.0
429 568 1.0
429 579 1.0
429 595 1.0
429 605 1.0
429 614 1.0
429 618 1.0
429 623 1.0
429 627 1.0
429 628 1.0
429 632 1.0
429 636 1.0
429 637 1.0
429 645 1.0
429 650 1.0
429 430 1.0
429 432 1.0
429 434 1.0
429 436 1.0
429 438 1.0
429 439 -1.0
429 440 1.0
429 441 1.0
429 442 1.0
429 445 -1.0
429 448 1.0
429 449 1.0
429 453 1.0
429 457 1.0
429 458 1.0
429 459 -1.0
429 463 1.0
429 464 -1.0
429 465 1.0
429 478 1.0
429 479 1.0
429 482 1.0
429 483 1.0
429 485 1.0
429 490 1.0
429 493 1.0
429 494 1.0
429 495 1.0
429 496 1.0
429 497 1.0
429 500 1.0
429 502 1.0
429 504 1.0
429 505 1.0
429 507 1.0
429 509 1.0
429 511 1.0
429 512 1.0
430 514 1.0
430 515 1.0
430 529 1.0
430 531 1.0
430 534 1.0
430 535 1.0
430 548 1.0
430 554 1.0
430 557 1.0
430 560 1.0
430 561 -1.0
430 562 -1.0
430 564 1.0
430 567 1.0
430 571 1.0
430 572 1.0
430 573 1.0
430 575 1.0
430 591 1.0
430 593 1.0
430 596 -1.0
430 608 1.0
430 611 1.0
430 614 1.0
430 620 1.0
430 622 1.0
430 638 1.0
430 640 1.0
430 645 1.0
430 650 1.0
430 432 1.0
430 434 1.0
430 435 1.0
430 436 1.0
430 437 1.0
430 440 1.0
430 441 1.0
430 442 1.0
430 443 1.0
430 445 1.0
430 448 1.0
430 449 1.0
430 453 -1.0
430 454 1.0
430 460 -1.0
430 461 1.0
430 468 1.0
430 474 1.0
430 476 1.0
430 479 1.0
430 483 1.0
430 484 1.0
430 485 1.0
430 486 1.0
430 487 1.0
430 488 -1.0
430 490 1.0
430 492 1.0
430 493 1.0
430 495 1.0
430 497 1.0
430 501 1.0
430 507 1.0
430 509 1.0
430 510 1.0
431 514 1.0
431 515 1.0
431 517 1.0
431 518 -1.0
431 519 1.0
431 538 1.0
431 541 1.0
431 578 1.0
431 581 1.0
431 583 1.0
431 586 1.0
431 595 -1.0
431 607 1.0
431 613 1.0
431 614 1.0
431 616 1.0
431 618 1.0
431 619 1.0
431 623 1.0
431 624 1.0
431 626 1.0
431 631 -1.0
431 635 1.0
431 637 1.0
431 639 1.0
431 644 1.0
431 433 1.0
431 437 1.0
431 438 1.0
431 440 1.0
431 441 1.0
431 446 -1.0
431 447 1.0
431 448 1.0
431 451 1.0
431 454 1.0
431 455 1.0
431 457 1.0
431 459 1.0
431 460 1.0
431 461 1.0
431 463 1.0
431 464 1.0
431 467 1.0
431 470 1.0
431 471 1.0
431 473 1.0
431 474 1.0
431 475 1.0
431 476 1.0
431 479 1.0
431 480 1.0
431 484 1.0
431 486 1.0
431 488 1.0
431 494 1.0
431 495 1.0
431 498 1.0
431 502 1.0
431 503 -1.0
431 505 1.0
431 509 1.0
431 512 -1.0
432 513 1.0
432 514 1.0
432 516 1.0
432 517 1.0
432 518 1.0
432 522 1.0
432 524 1.0
432 541 1.0
432 552 1.0
432 554 1.0
432 557 1.0
432 558 1.0
432 607 1.0
432 569 1.0
432 573 1.0
432 576 1.0
432 578 1.0
432 583 1.0
432 587 1.0
432 588 1.0
432 589 -1.0
432 591 1.0
432 592 1.0
432 611 -1.0
432 614 1.0
432 624 1.0
432 625 1.0
432 630 1.0
432 634 1.0
432 640 1.0
432 628 1.0
432 433 1.0
432 436 1.0
432 437 1.0
432 438 1.0
432 441 1.0
432 442 1.0
432 448 1.0
432 449 1.0
432 452 1.0
432 453 1.0
432 454 1.0
432 456 1.0
432 457 1.0
432 458 1.0
432 460 1.0
432 461 1.0
432 463 1.0
432 464 -1.0
432 465 1.0
432 466 1.0
432 467 1.0
432 471 1.0
432 474 1.0
432 476 1.0
432 477 -1.0
432 478 1.0
432 482 1.0
432 483 1.0
432 484 1.0
432 487 1.0
432 488 1.0
432 489 1.0
432 490 1.0
432 493 1.0
432 495 1.0
432 496 1.0
432 497 1.0
432 498 1.0
432 499 1.0
432 500 1.0
432 502 1.0
432 507 1.0
432 508 1.0
432 510 1.0
433 514 1.0
433 515 1.0
433 517 -1.0
433 520 -1.0
433 522 1.0
433 528 1.0
433 530 1.0
433 531 -1.0
433 533 1.0
433 534 1.0
433 535 1.0
433 536 1.0
433 542 1.0
433 546 1.0
433 550 1.0
433 558 1.0
433 559 -1.0
433 561 1.0
433 570 1.0
433 572 1.0
433 573 1.0
433 575 1.0
433 583 1.0
433 586 1.0
433 588 1.0
433 603 1.0
433 616 1.0
433 626 1.0
433 630 1.0
433 649 1.0
433 538 1.0
433 647 1.0
433 568 1.0
433 435 1.0
433 436 1.0
433 437 1.0
433 438 1.0
433 439 1.0
433 440 1.0
433 442 1.0
433 443 1.0
433 444 1.0
433 446 1.0
433 447 1.0
433 448 1.0
433 449 1.0
433 450 -1.0
433 451 1.0
433 453 1.0
433 454 1.0
433 455 1.0
433 456 1.0
433 462 1.0
433 467 1.0
433 474 1.0
433 475 1.0
433 481 1.0
433 486 1.0
433 487 1.0
433 490 1.0
433 491 1.0
433 492 1.0
433 493 1.0
433 496 1.0
433 502 1.0
433 505 1.0
433 508 1.0
433 509 1.0
433 510 1.0
433 512 1.0
434 514 -1.0
434 515 1.0
434 517 -1.0
434 519 1.0
434 521 1.0
434 528 1.0
434 538 1.0
434 548 1.0
434 550 1.0
434 555 1.0
434 575 1.0
434 594 1.0
434 605 1.0
434 617 1.0
434 626 1.0
434 637 1.0
434 638 1.0
434 648 1.0
434 649 1.0
434 578 1.0
434 435 1.0
434 436 1.0
434 439 1.0
434 444 1.0
434 445 1.0
434 447 1.0
434 449 1.0
434 451 1.0
434 454 1.0
434 456 1.0
434 458 -1.0
434 459 1.0
434 461 1.0
434 464 1.0
434 465 -1.0
434 468 1.0
434 469 1.0
434 470 1.0
434 473 1.0
434 474 1.0
434 475 -1.0
434 477 1.0
434 478 1.0
434 482 -1.0
434 485 1.0
434 489 1.0
434 493 1.0
434 494 1.0
434 495 1.0
434 497 1.0
434 498 1.0
434 499 1.0
434 500 1.0
434 502 1.0
434 503 1.0
434 505 1.0
434 506 1.0
434 507 1.0
434 509 1.0
434 510 1.0
434 511 1.0
434 512 1.0
435 513 1.0
435 514 1.0
435 515 1.0
435 519 1.0
435 520 1.0
435 521 1.0
435 523 1.0
435 541 1.0
435 548 1.0
435 551 1.0
435 555 1.0
435 558 1.0
435 563 1.0
435 570 1.0
435 572 1.0
435 576 1.0
435 582 1.0
435 583 1.0
435 589 1.0
435 594 1.0
435 605 1.0
435 621 1.0
435 623 1.0
435 624 1.0
435 635 1.0
435 638 1.0
435 641 -1.0
435 648 -1.0
435 437 1.0
435 438 1.0
435 439 1.0
435 440 1.0
435 441 1.0
435 442 1.0
435 446 1.0
435 447 1.0
435 449 1.0
435 452 1.0
435 453 1.0
435 454 1.0
435 456 1.0
435 457 -1.0
435 458 1.0
435 459 1.0
435 461 1.0
435 462 1.0
435 467 1.0
435 468 1.0
435 471 1.0
435 473 -1.0
435 475 1.0
435 478 1.0
435 479 1.0
435 480 1.0
435 484 1.0
435 485 1.0
435 486 1.0
435 487 1.0
435 488 1.0
435 489 1.0
435 491 1.0
435 492 1.0
435 493 1.0
435 494 1.0
435 495 1.0
435 497 -1.0
435 498 1.0
435 499 -1.0
435 500 1.0
435 503 1.0
435 506 1.0
435 507 1.0
435 510 1.0
436 513 1.0
436 515 1.0
436 520 1.0
436 522 1.0
436 527 1.0
436 528 1.0
436 529 1.0
436 535 1.0
436 541 -1.0
436 544 1.0
436 556 1.0
436 561 1.0
436 567 1.0
436 571 1.0
436 593 1.0
436 596 1.0
436 597 1.0
436 603 1.0
436 608 1.0
436 615 1.0
436 618 1.0
436 619 1.0
436 629 1.0
436 624 1.0
436 634 1.0
436 437 1.0
436 439 1.0
436 440 1.0
436 446 1.0
436 448 1.0
436 449 1.0
436 450 1.0
436 452 -1.0
436 453 1.0
436 454 1.0
436 455 -1.0
436 456 1.0
436 457 1.0
436 459 1.0
436 463 1.0
436 464 1.0
436 466 1.0
436 467 1.0
436 468 1.0
436 471 1.0
436 474 1.0
436 475 1.0
436 476 1.0
436 477 1.0
436 479 1.0
436 480 1.0
436 481 1.0
436 483 1.0
436 484 1.0
436 485 1.0
436 487 1.0
436 489 1.0
436 490 1.0
436 491 1.0
436 493 -1.0
436 494 1.0
436 496 1.0
436 497 1.0
436 498 1.0
436 499 1.0
436 502 1.0
436 505 1.0
436 506 1.0
436 507 1.0
436 510 1.0
436 511 1.0
436 512 1.0
437 517 1.0
437 518 1.0
437 519 1.0
437 520 -1.0
437 522 1.0
437 528 1.0
437 532 1.0
437 540 1.0
437 547 1.0
437 549 1.0
437 554 1.0
437 556 1.0
437 560 1.0
437 564 1.0
437 526 1.0
437 593 1.0
437 595 1.0
437 599 1.0
437 607 1.0
437 609 1.0
437 625 1.0
437 628 1.0
437 632 1.0
437 636 1.0
437 640 1.0
437 645 1.0
437 440 1.0
437 442 1.0
437 443 1.0
437 444 1.0
437 447 1.0
437 450 1.0
437 451 1.0
437 452 1.0
437 455 1.0
437 456 1.0
437 458 -1.0
437 461 1.0
437 464 1.0
437 469 1.0
437 471 -1.0
437 472 1.0
437 473 -1.0
437 474 1.0
437 475 1.0
437 477 1.0
437 478 1.0
437 479 1.0
437 482 1.0
437 485 1.0
437 488 1.0
437 489 1.0
437 490 1.0
437 491 1.0
437 492 1.0
437 495 1.0
437 496 1.0
437 497 1.0
437 498 1.0
437 501 1.0
437 502 1.0
437 503 1.0
437 506 1.0
437 507 1.0
437 509 1.0
437 510 1.0
437 511 1.0
438 514 1.0
438 515 1.0
438 516 1.0
438 517 1.0
438 519 1.0
438 520 1.0
438 524 1.0
438 527 1.0
438 548 1.0
438 559 1.0
438 568 1.0
438 569 1.0
438 572 1.0
438 589 1.0
438 591 1.0
438 606 -1.0
438 615 1.0
438 637 1.0
438 640 1.0
438 647 1.0
438 567 1.0
438 439 1.0
438 440 -1.0
438 441 1.0
438 443 1.0
438 444 1.0
438 445 1.0
438 447 1.0
438 449 1.0
438 453 1.0
438 454 1.0
438 455 1.0
438 456 1.0
438 457 1.0
438 463 1.0
438 464 1.0
438 465 1.0
438 466 1.0
438 467 1.0
438 468 1.0
438 471 -1.0
438 472 1.0
438 473 1.0
438 475 -1.0
438 476 1.0
438 478 1.0
438 479 -1.0
438 480 1.0
438 481 1.0
438 483 1.0
438 484 1.0
438 485 1.0
438 486 -1.0
438 487 1.0
438 489 1.0
438 492 1.0
438 493 1.0
438 494 1.0
438 495 -1.0
438 496 1.0
438 498 1.0
438 499 1.0
438 504 1.0
438 506 1.0
438 507 1.0
438 510 -1.0
438 511 -1.0
438 512 1.0
439 515 1.0
439 516 1.0
439 517 1.0
439 518 1.0
439 519 1.0
439 520 1.0
439 521 1.0
439 522 1.0
439 526 1.0
439 538 1.0
439 539 1.0
439 541 1.0
439 562 1.0
439 579 -1.0
439 581 1.0
439 582 1.0
439 586 1.0
439 592 1.0
439 601 1.0
439 603 1.0
439 605 1.0
439 608 1.0
439 621 -1.0
439 625 1.0
439 628 1.0
439 629 1.0
439 631 1.0
439 636 -1.0
439 640 1.0
439 642 1.0
439 649 1.0
439 458 1.0
439 650 1.0
439 441 -1.0
439 443 1.0
439 444 1.0
439 446 -1.0
439 448 -1.0
439 449 1.0
439 451 1.0
439 452 1.0
439 453 1.0
439 454 1.0
439 456 1.0
439 589 1.0
439 460 1.0
439 461 -1.0
439 464 1.0
439 467 1.0
439 469 1.0
439 473 1.0
439 474 1.0
439 477 1.0
439 478 1.0
439 479 1.0
439 481 1.0
439 482 1.0
439 483 1.0
439 485 -1.0
439 488 1.0
439 489 1.0
439 493 1.0
439 495 1.0
439 496 1.0
439 497 1.0
439 498 1.0
439 500 1.0
439 502 1.0
439 504 1.0
439 506 1.0
439 507 1.0
439 508 1.0
439 509 -1.0
439 512 1.0
440 513 1.0
440 515 1.0
440 520 1.0
440 521 1.0
440 522 1.0
440 525 1.0
440 530 1.0
440 531 1.0
440 532 1.0
440 542 1.0
440 545 -1.0
440 555 1.0
440 564 1.0
440 570 1.0
440 578 1.0
440 590 1.0
440 596 1.0
440 601 1.0
440 610 1.0
440 636 1.0
440 645 1.0
440 441 1.0
440 442 1.0
440 443 1.0
440 444 1.0
440 446 1.0
440 447 -1.0
440 448 1.0
440 449 -1.0
440 450 1.0
440 451 1.0
440 452 1.0
440 453 1.0
440 454 1.0
440 455 1.0
440 457 1.0
440 460 1.0
440 461 1.0
440 462 1.0
440 465 1.0
440 468 1.0
440 470 1.0
440 472 1.0
440 473 1.0
440 474 1.0
440 476 1.0
440 480 1.0
440 482 1.0
440 484 1.0
440 485 1.0
440 487 1.0
440 488 1.0
440 489 1.0
440 490 1.0
440 491 1.0
440 492 1.0
440 497 -1.0
440 500 1.0
440 502 1.0
440 503 1.0
440 504 1.0
440 505 1.0
440 506 1.0
440 507 1.0
440 509 1.0
440 511 1.0
440 512 1.0
441 515 1.0
441 518 1.0
441 519 -1.0
441 520 1.0
441 523 1.0
441 525 -1.0
441 530 1.0
441 532 1.0
441 545 1.0
441 552 -1.0
441 559 1.0
441 579 1.0
441 585 1.0
441 587 1.0
441 589 1.0
441 590 1.0
441 595 1.0
441 607 1.0
441 612 1.0
441 616 1.0
441 618 1.0
441 621 1.0
441 624 1.0
441 626 1.0
441 633 1.0
441 641 1.0
441 543 1.0
441 443 1.0
441 444 1.0
441 445 1.0
441 447 1.0
441 448 1.0
441 449 1.0
441 450 1.0
441 452 1.0
441 453 1.0
441 454 1.0
441 455 -1.0
441 458 1.0
441 459 1.0
441 461 1.0
441 463 -1.0
441 464 1.0
441 465 1.0
441 466 1.0
441 467 1.0
441 470 1.0
441 474 1.0
441 475 1.0
441 476 1.0
441 477 1.0
441 478 1.0
441 481 1.0
441 484 1.0
441 485 1.0
441 487 1.0
441 490 1.0
441 492 1.0
441 493 1.0
441 494 1.0
441 495 1.0
441 503 1.0
441 508 1.0
441 509 1.0
441 511 1.0
441 512 1.0
442 513 1.0
442 517 1.0
442 519 1.0
442 520 1.0
442 521 1.0
442 524 -1.0
442 529 1.0
442 534 -1.0
442 536 1.0
442 537 1.0
442 543 1.0
442 546 1.0
442 552 1.0
442 559 1.0
442 564 1.0
442 567 1.0
442 569 1.0
442 571 1.0
442 572 1.0
442 582 1.0
442 584 1.0
442 590 1.0
442 591 1.0
442 594 1.0
442 596 1.0
442 599 1.0
442 600 1.0
442 601 1.0
442 606 1.0
442 610 1.0
442 615 1.0
442 632 1.0
442 638 1.0
442 642 1.0
442 647 1.0
442 650 1.0
442 551 -1.0
442 640 -1.0
442 443 1.0
442 447 1.0
442 452 1.0
442 454 1.0
442 455 1.0
442 456 1.0
442 458 1.0
442 459 1.0
442 460 1.0
442 461 1.0
442 462 1.0
442 463 1.0
442 465 1.0
442 466 -1.0
442 468 1.0
442 469 1.0
442 470 1.0
442 473 1.0
442 474 1.0
442 475 1.0
442 477 -1.0
442 480 1.0
442 481 1.0
442 488 1.0
442 490 1.0
442 493 1.0
442 494 1.0
442 499 1.0
442 503 1.0
442 505 1.0
442 509 1.0
442 511 1.0
443 515 1.0
443 516 1.0
443 518 1.0
443 519 1.0
443 521 1.0
443 522 1.0
443 523 1.0
443 525 1.0
443 531 -1.0
443 535 -1.0
443 542 1.0
443 543 1.0
443 546 1.0
443 553 1.0
443 558 1.0
443 607 1.0
443 567 1.0
443 570 1.0
443 582 1.0
443 593 1.0
443 596 1.0
443 598 1.0
443 601 1.0
443 609 1.0
443 613 1.0
443 617 1.0
443 620 1.0
443 625 1.0
443 626 1.0
443 639 -1.0
443 643 1.0
443 550 1.0
443 566 1.0
443 444 1.0
443 446 1.0
443 447 1.0
443 449 1.0
443 450 1.0
443 451 1.0
443 452 1.0
443 453 1.0
443 455 1.0
443 456 1.0
443 457 1.0
443 459 -1.0
443 462 1.0
443 465 1.0
443 466 1.0
443 468 1.0
443 469 1.0
443 472 1.0
443 473 1.0
443 474 1.0
443 475 1.0
443 476 1.0
443 478 1.0
443 481 1.0
443 488 1.0
443 489 1.0
443 490 1.0
443 492 1.0
443 494 1.0
443 495 1.0
443 497 1.0
443 498 1.0
443 502 -1.0
443 504 1.0
443 505 1.0
443 510 -1.0
444 513 1.0
444 515 1.0
444 517 1.0
444 519 1.0
444 520 1.0
444 521 1.0
444 522 1.0
444 524 1.0
444 525 1.0
444 526 1.0
444 527 1.0
444 530 1.0
444 531 1.0
444 534 1.0
444 546 1.0
444 553 1.0
444 554 1.0
444 561 1.0
444 569 1.0
444 579 1.0
444 583 1.0
444 599 1.0
444 605 1.0
444 608 1.0
444 613 1.0
444 615 -1.0
444 618 1.0
444 623 -1.0
444 626 1.0
444 644 1.0
444 645 1.0
444 647 1.0
444 592 1.0
444 446 1.0
444 448 1.0
444 449 1.0
444 452 1.0
444 454 1.0
444 456 1.0
444 463 1.0
444 464 1.0
444 469 -1.0
444 471 1.0
444 472 1.0
444 473 1.0
444 476 1.0
444 477 1.0
444 479 1.0
444 480 1.0
444 483 1.0
444 485 1.0
444 487 1.0
444 488 -1.0
444 489 1.0
444 490 1.0
444 492 1.0
444 497 1.0
444 503 1.0
444 506 1.0
444 507 1.0
444 508 1.0
444 511 1.0
444 512 1.0
445 513 1.0
445 514 1.0
445 515 1.0
445 518 1.0
445 520 1.0
445 521 1.0
445 522 1.0
445 523 1.0
445 528 1.0
445 530 1.0
445 536 1.0
445 537 1.0
445 540 -1.0
445 543 1.0
445 549 1.0
445 553 1.0
445 554 1.0
445 558 -1.0
445 576 1.0
445 586 1.0
445 588 1.0
445 591 1.0
445 605 1.0
445 608 1.0
445 609 1.0
445 622 1.0
445 623 -1.0
445 629 1.0
445 630 1.0
445 645 1.0
445 649 1.0
445 546 1.0
445 446 1.0
445 447 1.0
445 448 1.0
445 449 1.0
445 450 1.0
445 451 1.0
445 453 1.0
445 454 1.0
445 455 1.0
445 457 1.0
445 459 1.0
445 461 1.0
445 463 1.0
445 466 1.0
445 468 1.0
445 469 1.0
445 470 1.0
445 471 1.0
445 474 1.0
445 475 1.0
445 476 1.0
445 479 1.0
445 481 1.0
445 482 1.0
445 484 1.0
445 487 1.0
445 488 1.0
445 490 1.0
445 491 1.0
445 495 1.0
445 496 1.0
445 497 1.0
445 498 1.0
445 499 1.0
445 500 1.0
445 502 1.0
445 503 1.0
445 512 1.0
446 513 -1.0
446 515 1.0
446 516 1.0
446 517 1.0
446 519 -1.0
446 520 1.0
446 523 1.0
446 524 -1.0
446 528 1.0
446 543 1.0
446 544 1.0
446 548 1.0
446 549 1.0
446 557 1.0
446 566 -1.0
446 570 1.0
446 571 1.0
446 573 1.0
446 574 1.0
446 575 1.0
446 578 1.0
446 600 1.0
446 609 1.0
446 619 1.0
446 632 1.0
446 637 1.0
446 638 1.0
446 639 1.0
446 644 -1.0
446 568 1.0
446 447 1.0
446 451 1.0
446 452 1.0
446 456 1.0
446 458 1.0
446 459 1.0
446 460 1.0
446 463 1.0
446 579 1.0
446 470 -1.0
446 472 -1.0
446 475 1.0
446 476 1.0
446 477 1.0
446 478 1.0
446 479 1.0
446 481 1.0
446 483 1.0
446 484 1.0
446 485 1.0
446 486 1.0
446 488 1.0
446 491 1.0
446 492 1.0
446 493 1.0
446 494 1.0
446 496 1.0
446 497 1.0
446 498 1.0
446 501 1.0
446 502 1.0
446 504 1.0
446 506 1.0
446 508 -1.0
446 509 1.0
446 510 1.0
447 514 1.0
447 517 1.0
447 518 1.0
447 519 1.0
447 522 1.0
447 523 1.0
447 524 1.0
447 525 1.0
447 533 1.0
447 534 1.0
447 538 1.0
447 540 1.0
447 545 1.0
447 547 1.0
447 549 1.0
447 552 1.0
447 559 1.0
447 569 1.0
447 600 1.0
447 595 -1.0
447 604 1.0
447 612 1.0
447 625 1.0
447 629 1.0
447 638 1.0
447 537 1.0
447 578 1.0
447 448 1.0
447 451 1.0
447 454 1.0
447 455 1.0
447 456 -1.0
447 457 1.0
447 458 1.0
447 460 1.0
447 463 -1.0
447 466 1.0
447 468 -1.0
447 476 1.0
447 477 1.0
447 479 1.0
447 482 1.0
447 485 1.0
447 487 1.0
447 488 1.0
447 489 1.0
447 491 1.0
447 493 1.0
447 495 1.0
447 496 1.0
447 499 1.0
447 500 1.0
447 501 1.0
447 502 1.0
447 503 1.0
447 505 1.0
447 507 1.0
447 509 1.0
447 511 1.0
448 514 1.0
448 515 1.0
448 516 -1.0
448 517 1.0
448 520 1.0
448 523 1.0
448 524 1.0
448 527 1.0
448 531 1.0
448 533 1.0
448 535 1.0
448 536 1.0
448 537 1.0
448 541 1.0
448 553 1.0
448 567 1.0
448 574 1.0
448 577 1.0
448 579 1.0
448 583 1.0
448 610 1.0
448 600 1.0
448 592 1.0
448 602 1.0
448 603 1.0
448 608 1.0
448 623 1.0
448 631 -1.0
448 449 1.0
448 453 1.0
448 455 -1.0
448 456 1.0
448 458 1.0
448 462 1.0
448 464 1.0
448 465 1.0
448 468 1.0
448 471 1.0
448 472 1.0
448 475 1.0
448 476 -1.0
448 477 1.0
448 479 1.0
448 481 1.0
448 482 1.0
448 484 1.0
448 486 1.0
448 487 1.0
448 488 1.0
448 491 1.0
448 492 -1.0
448 497 1.0
448 498 1.0
448 499 1.0
448 504 1.0
448 506 1.0
448 507 1.0
448 508 1.0
448 509 1.0
449 513 1.0
449 515 1.0
449 516 1.0
449 520 1.0
449 521 1.0
449 522 1.0
449 523 1.0
449 525 -1.0
449 526 1.0
449 527 1.0
449 528 1.0
449 532 1.0
449 533 1.0
449 535 -1.0
449 546 1.0
449 547 1.0
449 550 1.0
449 553 1.0
449 554 1.0
449 555 1.0
449 567 1.0
449 579 1.0
449 581 1.0
449 609 -1.0
449 611 1.0
449 612 1.0
449 613 1.0
449 618 1.0
449 636 1.0
449 637 1.0
449 641 1.0
449 642 1.0
449 645 1.0
449 450 1.0
449 455 1.0
449 457 1.0
449 459 1.0
449 469 1.0
449 474 1.0
449 480 1.0
449 481 1.0
449 483 1.0
449 486 1.0
449 487 1.0
449 488 1.0
449 489 1.0
449 490 1.0
449 492 1.0
449 494 1.0
449 499 1.0
449 500 1.0
449 506 1.0
449 508 1.0
449 511 1.0
450 515 -1.0
450 516 1.0
450 517 1.0
450 518 1.0
450 521 1.0
450 522 1.0
450 523 1.0
450 525 1.0
450 530 1.0
450 531 1.0
450 532 1.0
450 534 1.0
450 535 1.0
450 570 1.0
450 584 1.0
450 585 1.0
450 586 -1.0
450 599 1.0
450 603 1.0
450 615 1.0
450 616 1.0
450 618 1.0
450 621 -1.0
450 627 1.0
450 632 1.0
450 640 1.0
450 648 1.0
450 650 -1.0
450 544 1.0
450 642 -1.0
450 567 1.0
450 451 1.0
450 453 1.0
450 456 1.0
450 458 1.0
450 460 1.0
450 463 1.0
450 464 1.0
450 468 1.0
450 470 1.0
450 471 1.0
450 474 1.0
450 477 -1.0
450 478 1.0
450 483 1.0
450 487 1.0
450 488 1.0
450 489 1.0
450 490 1.0
450 494 1.0
450 496 1.0
450 500 1.0
450 501 1.0
450 502 1.0
450 503 1.0
450 506 1.0
450 508 -1.0
450 511 1.0
451 514 1.0
451 522 1.0
451 525 1.0
451 526 1.0
451 527 1.0
451 532 1.0
451 537 1.0
451 540 1.0
451 542 1.0
451 545 1.0
451 552 1.0
451 555 -1.0
451 557 1.0
451 569 1.0
451 574 1.0
451 576 1.0
451 579 1.0
451 587 1.0
451 588 1.0
451 593 1.0
451 599 1.0
451 603 1.0
451 609 1.0
451 635 1.0
451 616 1.0
451 623 1.0
451 624 1.0
451 626 1.0
451 639 1.0
451 642 1.0
451 629 1.0
451 550 1.0
451 628 1.0
451 453 1.0
451 462 -1.0
451 463 1.0
451 466 1.0
451 473 1.0
451 475 1.0
451 480 1.0
451 483 1.0
451 484 1.0
451 485 1.0
451 486 1.0
451 487 1.0
451 489 -1.0
451 490 -1.0
451 493 1.0
451 494 1.0
451 496 1.0
451 497 1.0
451 498 1.0
451 502 1.0
451 503 1.0
451 505 1.0
451 510 1.0
451 511 1.0
452 515 1.0
452 516 1.0
452 522 1.0
452 524 1.0
452 525 1.0
452 526 -1.0
452 529 1.0
452 531 1.0
452 532 1.0
452 539 1.0
452 603 1.0
452 545 1.0
452 547 1.0
452 554 1.0
452 563 1.0
452 570 1.0
452 575 1.0
452 578 -1.0
452 592 1.0
452 581 1.0
452 629 1.0
452 632 1.0
452 640 1.0
452 643 1.0
452 645 1.0
452 648 1.0
452 565 1.0
452 568 1.0
452 454 1.0
452 458 1.0
452 459 1.0
452 461 1.0
452 467 1.0
452 468 1.0
452 470 1.0
452 471 1.0
452 473 1.0
452 474 1.0
452 475 1.0
452 478 1.0
452 479 1.0
452 481 1.0
452 482 1.0
452 483 1.0
452 485 1.0
452 487 1.0
452 489 1.0
452 491 1.0
452 493 -1.0
452 496 1.0
452 498 1.0
452 499 1.0
452 505 1.0
452 506 1.0
452 507 1.0
452 509 1.0
453 513 1.0
453 515 1.0
453 516 1.0
453 517 1.0
453 518 1.0
453 519 1.0
453 520 1.0
453 521 1.0
453 523 1.0
453 528 1.0
453 531 1.0
453 532 1.0
453 537 1.0
453 539 1.0
453 540 -1.0
453 542 1.0
453 545 1.0
453 549 -1.0
453 551 -1.0
453 553 1.0
453 563 1.0
453 571 1.0
453 575 1.0
453 578 1.0
453 583 1.0
453 591 1.0
453 612 1.0
453 614 1.0
453 618 1.0
453 626 1.0
453 627 1.0
453 629 1.0
453 630 1.0
453 635 1.0
453 638 -1.0
453 644 1.0
453 622 1.0
453 455 1.0
453 456 1.0
453 457 1.0
453 459 -1.0
453 461 1.0
453 462 1.0
453 463 1.0
453 464 1.0
453 465 1.0
453 466 1.0
453 467 -1.0
453 470 1.0
453 472 -1.0
453 476 1.0
453 477 1.0
453 478 1.0
453 480 -1.0
453 481 1.0
453 482 1.0
453 483 1.0
453 484 1.0
453 488 1.0
453 490 1.0
453 492 1.0
453 493 -1.0
453 495 1.0
453 496 1.0
453 498 1.0
453 500 1.0
453 501 -1.0
453 502 1.0
453 503 1.0
453 504 1.0
453 507 1.0
453 509 1.0
453 512 1.0
454 515 1.0
454 516 1.0
454 521 -1.0
454 524 1.0
454 526 1.0
454 530 1.0
454 532 1.0
454 533 -1.0
454 534 1.0
454 535 1.0
454 536 1.0
454 537 1.0
454 538 1.0
454 539 1.0
454 544 1.0
454 548 1.0
454 555 -1.0
454 557 1.0
454 560 1.0
454 569 1.0
454 574 1.0
454 575 1.0
454 579 1.0
454 581 1.0
454 588 1.0
454 590 1.0
454 606 1.0
454 607 1.0
454 610 1.0
454 631 -1.0
454 635 1.0
454 642 1.0
454 643 1.0
454 644 1.0
454 647 1.0
454 559 -1.0
454 457 1.0
454 458 1.0
454 459 -1.0
454 462 1.0
454 463 -1.0
454 465 1.0
454 466 1.0
454 468 1.0
454 469 1.0
454 470 1.0
454 471 1.0
454 472 1.0
454 473 1.0
454 474 1.0
454 475 1.0
454 476 1.0
454 477 1.0
454 479 1.0
454 480 1.0
454 482 1.0
454 484 1.0
454 485 -1.0
454 486 1.0
454 490 -1.0
454 494 1.0
454 495 1.0
454 500 1.0
454 501 1.0
454 503 -1.0
454 504 -1.0
454 505 1.0
454 597 1.0
454 507 1.0
454 508 1.0
454 509 1.0
454 510 1.0
454 512 1.0
455 513 1.0
455 514 1.0
455 517 1.0
455 521 -1.0
455 523 1.0
455 524 -1.0
455 525 1.0
455 530 1.0
455 531 1.0
455 532 1.0
455 533 1.0
455 535 1.0
455 536 1.0
455 537 1.0
455 538 1.0
455 547 1.0
455 550 1.0
455 551 1.0
455 562 1.0
455 646 1.0
455 573 1.0
455 577 1.0
455 581 1.0
455 585 1.0
455 586 1.0
455 599 1.0
455 600 1.0
455 616 1.0
455 622 1.0
455 624 1.0
455 631 1.0
455 640 1.0
455 642 1.0
455 645 1.0
455 626 1.0
455 579 1.0
455 564 1.0
455 457 -1.0
455 458 1.0
455 459 1.0
455 460 -1.0
455 461 -1.0
455 462 1.0
455 463 1.0
455 464 1.0
455 466 -1.0
455 468 1.0
455 469 1.0
455 471 1.0
455 473 1.0
455 475 1.0
455 592 1.0
455 480 1.0
455 481 1.0
455 482 1.0
455 483 -1.0
455 484 1.0
455 485 1.0
455 486 1.0
455 488 1.0
455 489 1.0
455 497 -1.0
455 498 1.0
455 501 1.0
455 503 -1.0
455 505 1.0
455 507 1.0
455 509 1.0
455 511 1.0
455 512 1.0
456 514 1.0
456 516 1.0
456 521 1.0
456 524 1.0
456 528 1.0
456 536 1.0
456 537 1.0
456 540 1.0
456 541 -1.0
456 547 1.0
456 550 1.0
456 551 1.0
456 555 1.0
456 560 1.0
456 565 1.0
456 572 1.0
456 577 1.0
456 580 1.0
456 594 1.0
456 603 1.0
456 605 1.0
456 617 1.0
456 628 1.0
456 639 1.0
456 640 1.0
456 643 1.0
456 648 1.0
456 545 -1.0
456 474 1.0
456 457 1.0
456 458 -1.0
456 459 -1.0
456 461 1.0
456 464 1.0
456 467 1.0
456 468 1.0
456 469 1.0
456 471 1.0
456 473 1.0
456 476 1.0
456 479 1.0
456 483 1.0
456 484 1.0
456 487 1.0
456 489 -1.0
456 490 1.0
456 491 1.0
456 495 1.0
456 496 1.0
456 498 1.0
456 499 1.0
456 500 1.0
456 502 -1.0
456 503 1.0
456 507 1.0
456 508 1.0
456 511 1.0
457 513 1.0
457 515 1.0
457 516 1.0
457 518 1.0
457 522 1.0
457 524 1.0
457 525 1.0
457 526 1.0
457 528 1.0
457 529 1.0
457 530 1.0
457 533 1.0
457 534 1.0
457 538 1.0
457 539 1.0
457 540 1.0
457 541 1.0
457 542 1.0
457 544 1.0
457 554 1.0
457 555 1.0
457 565 1.0
457 568 1.0
457 571 1.0
457 572 1.0
457 576 1.0
457 607 1.0
457 608 1.0
457 610 1.0
457 615 -1.0
457 617 1.0
457 618 1.0
457 623 1.0
457 624 1.0
457 628 -1.0
457 631 1.0
457 634 -1.0
457 640 1.0
457 642 1.0
457 645 1.0
457 548 1.0
457 579 -1.0
457 557 1.0
457 459 1.0
457 460 1.0
457 461 -1.0
457 462 1.0
457 464 1.0
457 465 -1.0
457 466 1.0
457 467 1.0
457 469 1.0
457 470 1.0
457 471 1.0
457 474 1.0
457 475 -1.0
457 477 1.0
457 478 1.0
457 480 1.0
457 483 1.0
457 484 1.0
457 488 1.0
457 493 1.0
457 494 1.0
457 496 -1.0
457 497 1.0
457 499 1.0
457 500 1.0
457 590 1.0
457 503 -1.0
457 504 1.0
457 508 1.0
457 509 1.0
457 511 1.0
457 512 1.0
458 513 1.0
458 517 1.0
458 518 1.0
458 521 1.0
458 524 1.0
458 525 1.0
458 526 1.0
458 527 1.0
458 528 1.0
458 530 1.0
458 534 1.0
458 535 1.0
458 536 1.0
458 537 1.0
458 545 1.0
458 546 1.0
458 552 1.0
458 553 -1.0
458 556 1.0
458 564 1.0
458 582 -1.0
458 586 1.0
458 599 1.0
458 605 1.0
458 611 1.0
458 615 -1.0
458 619 1.0
458 628 1.0
458 632 1.0
458 646 1.0
458 640 1.0
458 563 1.0
458 580 1.0
458 459 1.0
458 460 1.0
458 462 1.0
458 463 1.0
458 465 1.0
458 466 1.0
458 468 1.0
458 579 1.0
458 473 1.0
458 475 1.0
458 476 1.0
458 478 1.0
458 479 1.0
458 480 1.0
458 481 1.0
458 483 1.0
458 484 1.0
458 485 1.0
458 486 1.0
458 488 1.0
458 490 -1.0
458 491 1.0
458 492 1.0
458 493 1.0
458 497 1.0
458 498 1.0
458 499 1.0
458 501 1.0
458 504 -1.0
458 505 1.0
458 506 1.0
458 508 1.0
458 511 1.0
458 512 1.0
459 513 1.0
459 514 1.0
459 517 1.0
459 523 1.0
459 524 1.0
459 526 -1.0
459 527 1.0
459 530 1.0
459 531 1.0
459 536 1.0
459 537 1.0
459 538 1.0
459 541 1.0
459 544 1.0
459 545 1.0
459 546 1.0
459 555 1.0
459 561 1.0
459 563 1.0
459 576 1.0
459 588 1.0
459 589 1.0
459 598 1.0
459 601 1.0
459 613 1.0
459 620 1.0
459 623 1.0
459 626 1.0
459 629 1.0
459 637 1.0
459 635 1.0
459 628 1.0
459 464 1.0
459 466 1.0
459 469 1.0
459 475 1.0
459 476 1.0
459 478 -1.0
459 479 1.0
459 481 1.0
459 482 1.0
459 485 1.0
459 486 1.0
459 489 1.0
459 495 1.0
459 496 1.0
459 499 1.0
459 501 1.0
459 502 1.0
459 503 1.0
459 506 1.0
459 509 1.0
459 510 1.0
459 511 1.0
460 513 1.0
460 516 -1.0
460 517 1.0
460 518 1.0
460 521 1.0
460 522 1.0
460 524 1.0
460 526 1.0
460 530 1.0
460 532 1.0
460 533 1.0
460 534 1.0
460 536 1.0
460 539 1.0
460 542 1.0
460 544 -1.0
460 545 1.0
460 547 1.0
460 550 1.0
460 554 1.0
460 555 1.0
460 561 1.0
460 572 1.0
460 586 -1.0
460 597 1.0
460 600 1.0
460 602 1.0
460 620 1.0
460 627 1.0
460 632 1.0
460 585 1.0
460 461 1.0
460 462 1.0
460 464 1.0
460 465 1.0
460 468 1.0
460 470 1.0
460 471 1.0
460 472 1.0
460 476 1.0
460 477 1.0
460 478 1.0
460 479 1.0
460 482 1.0
460 483 1.0
460 484 1.0
460 487 1.0
460 488 1.0
460 489 1.0
460 492 1.0
460 493 1.0
460 494 1.0
460 495 1.0
460 497 1.0
460 499 1.0
460 500 1.0
460 502 1.0
460 505 1.0
460 512 1.0
461 513 1.0
461 514 1.0
461 515 1.0
461 523 1.0
461 524 1.0
461 533 1.0
461 535 1.0
461 536 1.0
461 537 1.0
461 538 1.0
461 541 1.0
461 542 1.0
461 544 1.0
461 545 1.0
461 550 -1.0
461 565 1.0
461 573 1.0
461 574 1.0
461 587 1.0
461 589 1.0
461 592 1.0
461 596 -1.0
461 604 1.0
461 608 1.0
461 612 1.0
461 616 1.0
461 631 1.0
461 634 1.0
461 641 1.0
461 519 1.0
461 462 -1.0
461 463 1.0
461 466 1.0
461 470 1.0
461 473 1.0
461 474 1.0
461 475 1.0
461 476 1.0
461 479 1.0
461 481 1.0
461 483 1.0
461 484 1.0
461 485 1.0
461 488 1.0
461 489 1.0
461 490 1.0
461 494 1.0
461 496 1.0
461 498 1.0
461 499 1.0
461 500 1.0
461 501 1.0
461 505 1.0
461 508 1.0
461 509 1.0
461 510 1.0
462 516 1.0
462 518 1.0
462 525 1.0
462 526 1.0
462 528 1.0
462 531 1.0
462 532 1.0
462 535 1.0
462 538 1.0
462 539 1.0
462 540 1.0
462 543 1.0
462 546 1.0
462 547 1.0
462 548 1.0
462 549 1.0
462 561 -1.0
462 570 1.0
462 574 1.0
462 587 1.0
462 588 1.0
462 592 1.0
462 593 1.0
462 600 1.0
462 609 1.0
462 616 1.0
462 620 1.0
462 625 1.0
462 634 1.0
462 636 1.0
462 639 1.0
462 641 -1.0
462 650 1.0
462 555 1.0
462 464 -1.0
462 470 1.0
462 473 1.0
462 474 1.0
462 475 1.0
462 476 1.0
462 477 1.0
462 478 -1.0
462 479 1.0
462 480 1.0
462 481 -1.0
462 482 1.0
462 483 1.0
462 484 1.0
462 485 1.0
462 486 1.0
462 488 1.0
462 490 1.0
462 491 1.0
462 492 1.0
462 496 1.0
462 497 1.0
462 498 1.0
462 501 1.0
462 505 -1.0
462 509 1.0
463 513 -1.0
463 515 1.0
463 517 1.0
463 519 1.0
463 520 1.0
463 521 1.0
463 522 1.0
463 525 1.0
463 526 1.0
463 527 1.0
463 528 1.0
463 530 1.0
463 532 1.0
463 533 1.0
463 536 1.0
463 543 1.0
463 544 -1.0
463 550 1.0
463 552 1.0
463 553 1.0
463 558 1.0
463 569 1.0
463 578 1.0
463 579 1.0
463 592 1.0
463 593 1.0
463 594 1.0
463 596 1.0
463 600 1.0
463 603 1.0
463 618 1.0
463 627 1.0
463 628 1.0
463 629 1.0
463 646 -1.0
463 638 1.0
463 575 1.0
463 464 1.0
463 465 1.0
463 466 1.0
463 468 1.0
463 471 1.0
463 474 1.0
463 475 1.0
463 480 -1.0
463 481 1.0
463 482 1.0
463 485 1.0
463 489 1.0
463 492 1.0
463 494 1.0
463 496 1.0
463 498 1.0
463 499 1.0
463 500 1.0
463 502 1.0
463 505 -1.0
463 507 1.0
463 508 1.0
463 509 1.0
463 510 1.0
463 511 1.0
464 514 1.0
464 515 -1.0
464 517 1.0
464 519 1.0
464 521 1.0
464 522 1.0
464 524 1.0
464 529 1.0
464 535 1.0
464 537 1.0
464 538 1.0
464 539 1.0
464 540 1.0
464 541 1.0
464 542 1.0
464 544 1.0
464 545 1.0
464 546 -1.0
464 548 1.0
464 549 1.0
464 561 1.0
464 562 1.0
464 570 1.0
464 609 -1.0
464 590 1.0
464 599 1.0
464 606 -1.0
464 615 1.0
464 616 1.0
464 621 1.0
464 622 1.0
464 628 -1.0
464 639 1.0
464 645 1.0
464 578 1.0
464 465 1.0
464 467 -1.0
464 471 -1.0
464 472 -1.0
464 473 1.0
464 476 1.0
464 478 -1.0
464 482 1.0
464 491 1.0
464 492 1.0
464 493 1.0
464 496 1.0
464 497 1.0
464 499 -1.0
464 501 1.0
464 502 1.0
464 503 1.0
464 508 1.0
464 510 1.0
464 511 1.0
464 512 1.0
465 515 1.0
465 516 1.0
465 519 1.0
465 520 1.0
465 522 1.0
465 524 1.0
465 525 1.0
465 526 1.0
465 527 1.0
465 530 1.0
465 532 1.0
465 533 1.0
465 534 1.0
465 536 1.0
465 543 1.0
465 544 1.0
465 547 1.0
465 548 1.0
465 549 1.0
465 553 1.0
465 556 -1.0
465 569 1.0
465 584 1.0
465 593 1.0
465 599 1.0
465 606 1.0
465 613 1.0
465 620 1.0
465 625 1.0
465 629 1.0
465 630 1.0
465 635 1.0
465 636 1.0
465 638 1.0
465 641 1.0
465 642 1.0
465 623 1.0
465 628 -1.0
465 580 1.0
465 587 1.0
465 467 1.0
465 468 1.0
465 469 1.0
465 470 -1.0
465 471 1.0
465 472 1.0
465 474 1.0
465 592 1.0
465 478 1.0
465 481 -1.0
465 483 -1.0
465 484 1.0
465 486 1.0
465 487 1.0
465 488 1.0
465 489 1.0
465 491 -1.0
465 494 1.0
465 495 -1.0
465 497 1.0
465 498 -1.0
465 499 1.0
465 596 -1.0
465 503 1.0
465 507 1.0
465 509 1.0
465 512 1.0
466 513 1.0
466 517 1.0
466 518 1.0
466 519 1.0
466 523 1.0
466 526 1.0
466 528 1.0
466 529 1.0
466 530 1.0
466 531 1.0
466 534 -1.0
466 535 1.0
466 538 -1.0
466 541 1.0
466 549 1.0
466 550 1.0
466 553 1.0
466 557 1.0
466 562 1.0
466 567 1.0
466 568 1.0
466 597 -1.0
466 606 1.0
466 612 1.0
466 613 1.0
466 626 1.0
466 634 1.0
466 639 1.0
466 643 1.0
466 646 1.0
466 648 1.0
466 477 1.0
466 478 1.0
466 482 1.0
466 483 1.0
466 484 -1.0
466 485 1.0
466 489 1.0
466 490 1.0
466 491 1.0
466 492 1.0
466 497 1.0
466 498 1.0
466 499 1.0
466 500 1.0
466 502 1.0
466 507 1.0
466 508 1.0
466 598 1.0
467 514 1.0
467 517 1.0
467 520 -1.0
467 521 1.0
467 522 -1.0
467 523 1.0
467 525 -1.0
467 526 1.0
467 527 1.0
467 530 1.0
467 531 1.0
467 532 1.0
467 535 1.0
467 537 1.0
467 539 1.0
467 540 1.0
467 541 1.0
467 542 1.0
467 547 1.0
467 548 1.0
467 550 1.0
467 554 1.0
467 556 1.0
467 561 -1.0
467 564 1.0
467 575 1.0
467 578 1.0
467 579 1.0
467 584 1.0
467 587 1.0
467 590 1.0
467 594 1.0
467 595 1.0
467 604 1.0
467 610 1.0
467 621 1.0
467 627 1.0
467 632 1.0
467 633 1.0
467 637 1.0
467 649 1.0
467 640 -1.0
467 468 1.0
467 470 1.0
467 471 1.0
467 472 1.0
467 473 -1.0
467 474 -1.0
467 477 1.0
467 479 1.0
467 482 1.0
467 483 1.0
467 485 1.0
467 486 1.0
467 487 1.0
467 488 1.0
467 490 1.0
467 492 1.0
467 494 1.0
467 495 1.0
467 496 1.0
467 498 1.0
467 499 1.0
467 501 1.0
467 503 1.0
467 505 1.0
467 506 1.0
467 507 -1.0
467 508 1.0
467 509 1.0
467 510 1.0
467 512 1.0
468 513 -1.0
468 514 1.0
468 516 1.0
468 517 1.0
468 520 1.0
468 522 -1.0
468 523 1.0
468 524 1.0
468 525 1.0
468 529 1.0
468 531 1.0
468 532 1.0
468 534 1.0
468 540 1.0
468 541 1.0
468 542 1.0
468 543 1.0
468 544 -1.0
468 545 1.0
468 546 -1.0
468 547 1.0
468 548 1.0
468 550 1.0
468 552 1.0
468 553 1.0
468 556 1.0
468 561 1.0
468 579 1.0
468 584 1.0
468 586 1.0
468 590 1.0
468 598 -1.0
468 600 1.0
468 601 1.0
468 616 1.0
468 617 1.0
468 623 1.0
468 624 1.0
468 626 1.0
468 634 1.0
468 635 1.0
468 639 1.0
468 642 1.0
468 645 1.0
468 646 1.0
468 648 1.0
468 592 1.0
468 469 1.0
468 470 1.0
468 471 1.0
468 474 1.0
468 476 1.0
468 478 1.0
468 480 1.0
468 482 1.0
468 483 1.0
468 484 1.0
468 486 1.0
468 487 -1.0
468 489 1.0
468 490 1.0
468 491 1.0
468 492 -1.0
468 496 1.0
468 498 1.0
468 499 1.0
468 502 1.0
468 507 1.0
468 510 1.0
468 511 1.0
469 514 1.0
469 515 1.0
469 518 1.0
469 519 1.0
469 520 1.0
469 521 1.0
469 522 1.0
469 523 1.0
469 526 1.0
469 530 -1.0
469 532 1.0
469 533 1.0
469 534 1.0
469 536 1.0
469 537 1.0
469 539 -1.0
469 542 1.0
469 543 1.0
469 544 1.0
469 545 1.0
469 546 -1.0
469 549 1.0
469 552 1.0
469 553 1.0
469 554 1.0
469 556 1.0
469 558 1.0
469 565 1.0
469 581 1.0
469 590 1.0
469 591 1.0
469 593 1.0
469 598 1.0
469 601 1.0
469 606 1.0
469 609 1.0
469 617 1.0
469 627 -1.0
469 638 1.0
469 642 1.0
469 644 1.0
469 645 1.0
469 648 1.0
469 610 1.0
469 575 1.0
469 588 -1.0
469 470 -1.0
469 471 -1.0
469 472 1.0
469 477 1.0
469 478 -1.0
469 480 1.0
469 481 1.0
469 483 1.0
469 484 1.0
469 485 1.0
469 487 1.0
469 488 1.0
469 489 1.0
469 491 -1.0
469 497 1.0
469 498 1.0
469 499 1.0
469 500 1.0
469 501 1.0
469 502 1.0
469 503 1.0
469 505 1.0
469 506 1.0
469 507 -1.0
469 508 -1.0
469 510 1.0
469 511 1.0
469 512 1.0
470 514 1.0
470 515 1.0
470 517 -1.0
470 520 -1.0
470 521 1.0
470 523 1.0
470 524 -1.0
470 525 1.0
470 527 1.0
470 529 1.0
470 531 1.0
470 532 1.0
470 538 1.0
470 540 1.0
470 544 1.0
470 547 1.0
470 549 1.0
470 551 -1.0
470 555 1.0
470 557 1.0
470 565 -1.0
470 574 1.0
470 575 1.0
470 577 1.0
470 594 -1.0
470 595 1.0
470 599 1.0
470 602 1.0
470 605 -1.0
470 606 1.0
470 607 1.0
470 608 1.0
470 610 1.0
470 618 1.0
470 627 1.0
470 640 1.0
470 642 1.0
470 644 1.0
470 588 1.0
470 472 1.0
470 474 1.0
470 475 1.0
470 477 1.0
470 479 1.0
470 480 1.0
470 593 1.0
470 484 1.0
470 485 -1.0
470 486 1.0
470 489 1.0
470 493 1.0
470 494 1.0
470 495 1.0
470 497 -1.0
470 498 1.0
470 499 1.0
470 500 1.0
470 503 1.0
470 504 1.0
470 505 1.0
470 510 1.0
471 514 1.0
471 518 1.0
471 520 1.0
471 522 1.0
471 524 1.0
471 528 1.0
471 529 1.0
471 530 1.0
471 532 1.0
471 534 1.0
471 535 1.0
471 537 -1.0
471 538 -1.0
471 541 1.0
471 543 1.0
471 544 1.0
471 546 1.0
471 547 1.0
471 549 1.0
471 551 1.0
471 554 1.0
471 557 1.0
471 562 -1.0
471 567 1.0
471 573 1.0
471 579 -1.0
471 586 -1.0
471 593 1.0
471 595 -1.0
471 600 1.0
471 603 1.0
471 608 1.0
471 610 1.0
471 612 1.0
471 616 1.0
471 621 1.0
471 630 1.0
471 637 1.0
471 641 1.0
471 648 1.0
471 649 -1.0
471 622 1.0
471 580 1.0
471 474 1.0
471 475 1.0
471 478 1.0
471 479 1.0
471 481 1.0
471 482 -1.0
471 486 1.0
471 489 1.0
471 490 1.0
471 493 1.0
471 494 -1.0
471 495 1.0
471 496 1.0
471 498 -1.0
471 499 1.0
471 502 1.0
471 503 1.0
471 505 1.0
471 506 1.0
471 510 1.0
472 513 1.0
472 515 1.0
472 517 1.0
472 518 1.0
472 519 1.0
472 520 1.0
472 522 1.0
472 523 1.0
472 524 1.0
472 526 1.0
472 529 1.0
472 532 1.0
472 533 1.0
472 534 -1.0
472 535 1.0
472 537 1.0
472 538 1.0
472 539 1.0
472 541 1.0
472 542 1.0
472 545 1.0
472 547 1.0
472 548 1.0
472 549 1.0
472 550 1.0
472 551 1.0
472 553 1.0
472 555 1.0
472 558 1.0
472 559 1.0
472 564 1.0
472 574 -1.0
472 576 1.0
472 582 1.0
472 583 -1.0
472 591 1.0
472 596 1.0
472 628 1.0
472 633 1.0
472 641 1.0
472 650 1.0
472 604 1.0
472 473 1.0
472 478 -1.0
472 480 1.0
472 481 1.0
472 483 1.0
472 484 1.0
472 489 1.0
472 490 -1.0
472 492 1.0
472 494 1.0
472 495 1.0
472 496 1.0
472 497 1.0
472 502 1.0
472 503 1.0
472 505 1.0
472 508 1.0
472 509 1.0
472 510 1.0
472 511 1.0
473 515 1.0
473 516 1.0
473 518 1.0
473 519 1.0
473 521 1.0
473 522 1.0
473 523 1.0
473 525 1.0
473 526 1.0
473 528 1.0
473 581 1.0
473 531 1.0
473 533 -1.0
473 535 1.0
473 536 1.0
473 538 -1.0
473 539 1.0
473 540 1.0
473 541 1.0
473 543 1.0
473 544 1.0
473 545 1.0
473 552 1.0
473 553 1.0
473 555 1.0
473 560 1.0
473 569 1.0
473 578 1.0
473 585 1.0
473 589 1.0
473 592 1.0
473 599 1.0
473 600 1.0
473 604 1.0
473 607 1.0
473 616 1.0
473 622 1.0
473 630 1.0
473 635 -1.0
473 644 1.0
473 645 1.0
473 565 1.0
473 477 1.0
473 478 1.0
473 481 1.0
473 482 1.0
473 484 1.0
473 485 1.0
473 487 -1.0
473 488 -1.0
473 491 1.0
473 492 1.0
473 496 1.0
473 500 1.0
473 503 -1.0
473 504 1.0
473 505 1.0
473 506 1.0
473 508 1.0
473 509 1.0
473 511 1.0
473 512 -1.0
474 513 1.0
474 515 1.0
474 517 1.0
474 519 1.0
474 522 1.0
474 523 1.0
474 529 1.0
474 532 1.0
474 533 1.0
474 536 1.0
474 537 1.0
474 540 -1.0
474 541 1.0
474 542 1.0
474 546 1.0
474 552 -1.0
474 557 1.0
474 561 1.0
474 562 1.0
474 563 1.0
474 566 1.0
474 569 -1.0
474 573 -1.0
474 574 1.0
474 582 1.0
474 587 1.0
474 588 1.0
474 597 1.0
474 601 1.0
474 611 1.0
474 614 1.0
474 616 1.0
474 622 1.0
474 636 -1.0
474 642 -1.0
474 650 1.0
474 477 1.0
474 479 1.0
474 481 1.0
474 483 -1.0
474 484 -1.0
474 485 -1.0
474 486 1.0
474 487 1.0
474 490 1.0
474 493 1.0
474 495 1.0
474 496 1.0
474 498 1.0
474 499 1.0
474 500 1.0
474 502 1.0
474 506 1.0
474 509 1.0
474 510 1.0
475 514 1.0
475 515 1.0
475 517 1.0
475 519 1.0
475 521 1.0
475 522 1.0
475 525 1.0
475 526 1.0
475 531 1.0
475 532 1.0
475 533 1.0
475 534 -1.0
475 535 1.0
475 537 1.0
475 544 -1.0
475 546 1.0
475 552 1.0
475 553 1.0
475 554 1.0
475 556 1.0
475 559 1.0
475 561 1.0
475 586 1.0
475 599 1.0
475 601 1.0
475 604 1.0
475 606 -1.0
475 608 1.0
475 613 -1.0
475 636 1.0
475 643 1.0
475 644 1.0
475 476 1.0
475 477 1.0
475 480 -1.0
475 481 1.0
475 482 1.0
475 483 1.0
475 485 1.0
475 486 1.0
475 487 1.0
475 490 1.0
475 492 1.0
475 497 1.0
475 499 1.0
475 503 1.0
475 504 1.0
475 508 1.0
475 509 1.0
475 510 1.0
475 511 1.0
475 512 1.0
476 513 1.0
476 514 1.0
476 516 1.0
476 517 1.0
476 518 1.0
476 524 1.0
476 529 1.0
476 530 1.0
476 533 1.0
476 534 1.0
476 535 1.0
476 539 1.0
476 543 1.0
476 548 1.0
476 549 1.0
476 550 1.0
476 551 -1.0
476 552 1.0
476 553 1.0
476 554 1.0
476 555 1.0
476 556 1.0
476 558 -1.0
476 560 1.0
476 561 1.0
476 570 1.0
476 574 1.0
476 577 -1.0
476 583 1.0
476 586 1.0
476 589 1.0
476 594 1.0
476 596 1.0
476 597 1.0
476 601 1.0
476 610 1.0
476 614 1.0
476 625 1.0
476 632 1.0
476 634 1.0
476 636 1.0
476 637 1.0
476 477 1.0
476 481 1.0
476 482 1.0
476 483 1.0
476 485 1.0
476 486 1.0
476 487 1.0
476 491 1.0
476 497 1.0
476 498 1.0
476 501 1.0
476 502 1.0
476 505 -1.0
476 507 1.0
476 508 1.0
476 510 1.0
477 514 1.0
477 515 1.0
477 518 1.0
477 523 1.0
477 526 1.0
477 529 1.0
477 531 1.0
477 532 1.0
477 533 1.0
477 534 1.0
477 536 1.0
477 537 1.0
477 538 1.0
477 539 1.0
477 540 1.0
477 543 1.0
477 544 1.0
477 546 1.0
477 548 1.0
477 554 1.0
477 556 1.0
477 558 1.0
477 559 1.0
477 561 1.0
477 563 -1.0
477 572 -1.0
477 579 1.0
477 587 1.0
477 592 1.0
477 603 1.0
477 607 1.0
477 614 1.0
477 617 1.0
477 618 -1.0
477 619 1.0
477 626 1.0
477 627 1.0
477 628 1.0
477 641 -1.0
477 643 1.0
477 650 -1.0
477 645 1.0
477 575 1.0
477 478 1.0
477 479 1.0
477 480 1.0
477 482 1.0
477 483 1.0
477 485 1.0
477 487 1.0
477 490 1.0
477 491 1.0
477 492 1.0
477 494 1.0
477 496 1.0
477 498 1.0
477 500 1.0
477 501 1.0
477 502 1.0
477 504 1.0
477 505 1.0
477 508 1.0
477 509 1.0
477 511 1.0
478 513 1.0
478 514 1.0
478 516 1.0
478 517 1.0
478 518 1.0
478 519 1.0
478 520 1.0
478 522 -1.0
478 523 1.0
478 524 1.0
478 525 1.0
478 527 1.0
478 530 1.0
478 531 1.0
478 533 1.0
478 537 1.0
478 539 1.0
478 541 1.0
478 544 1.0
478 547 1.0
478 549 -1.0
478 550 1.0
478 551 1.0
478 553 1.0
478 554 1.0
478 555 1.0
478 557 1.0
478 560 1.0
478 561 1.0
478 581 1.0
478 591 1.0
478 592 1.0
478 596 1.0
478 601 1.0
478 617 1.0
478 621 1.0
478 628 1.0
478 634 -1.0
478 619 -1.0
478 645 -1.0
478 643 1.0
478 579 1.0
478 570 1.0
478 481 1.0
478 482 1.0
478 484 1.0
478 490 1.0
478 492 1.0
478 494 1.0
478 497 1.0
478 498 1.0
478 499 1.0
478 501 -1.0
478 506 1.0
478 512 1.0
479 517 1.0
479 518 -1.0
479 520 -1.0
479 522 -1.0
479 524 1.0
479 528 1.0
479 532 1.0
479 533 1.0
479 534 1.0
479 536 1.0
479 537 1.0
479 538 -1.0
479 541 1.0
479 544 1.0
479 546 1.0
479 548 1.0
479 551 1.0
479 559 1.0
479 560 1.0
479 562 1.0
479 563 1.0
479 564 1.0
479 565 1.0
479 571 1.0
479 572 1.0
479 577 1.0
479 585 1.0
479 589 1.0
479 601 1.0
479 607 1.0
479 612 1.0
479 617 1.0
479 626 1.0
479 627 1.0
479 637 1.0
479 638 1.0
479 643 -1.0
479 602 1.0
479 623 1.0
479 480 1.0
479 481 -1.0
479 482 -1.0
479 484 1.0
479 485 1.0
479 486 1.0
479 487 1.0
479 489 1.0
479 490 1.0
479 492 1.0
479 494 1.0
479 500 1.0
479 502 -1.0
479 504 1.0
479 506 1.0
479 507 1.0
479 508 1.0
479 510 1.0
479 511 1.0
480 513 1.0
480 514 -1.0
480 518 1.0
480 519 1.0
480 523 1.0
480 525 1.0
480 526 1.0
480 528 1.0
480 529 1.0
480 531 1.0
480 532 1.0
480 534 1.0
480 535 -1.0
480 536 1.0
480 539 1.0
480 540 1.0
480 542 1.0
480 545 1.0
480 546 -1.0
480 551 1.0
480 558 1.0
480 561 1.0
480 564 1.0
480 565 1.0
480 566 1.0
480 572 1.0
480 578 1.0
480 581 1.0
480 584 1.0
480 586 1.0
480 590 1.0
480 605 1.0
480 615 1.0
480 618 1.0
480 622 1.0
480 624 1.0
480 628 1.0
480 633 1.0
480 648 1.0
480 640 1.0
480 649 -1.0
480 521 1.0
480 483 1.0
480 485 1.0
480 486 1.0
480 490 1.0
480 491 1.0
480 494 1.0
480 495 1.0
480 496 -1.0
480 498 1.0
480 501 1.0
480 502 1.0
480 503 1.0
480 504 1.0
480 505 -1.0
480 507 1.0
480 508 1.0
480 509 1.0
480 510 -1.0
481 518 1.0
481 520 1.0
481 522 1.0
481 524 1.0
481 527 1.0
481 528 1.0
481 529 1.0
481 532 1.0
481 533 1.0
481 534 1.0
481 535 1.0
481 537 1.0
481 540 1.0
481 544 1.0
481 547 1.0
481 549 1.0
481 550 -1.0
481 553 1.0
481 555 1.0
481 556 1.0
481 560 1.0
481 561 1.0
481 564 1.0
481 565 1.0
481 567 1.0
481 580 1.0
481 618 -1.0
481 637 1.0
481 646 1.0
481 650 1.0
481 484 1.0
481 489 1.0
481 491 1.0
481 494 -1.0
481 495 -1.0
481 497 1.0
481 498 1.0
481 499 1.0
481 500 1.0
481 501 1.0
481 502 1.0
481 504 1.0
481 509 1.0
481 510 1.0
481 511 1.0
482 513 1.0
482 515 1.0
482 516 1.0
482 518 -1.0
482 519 1.0
482 521 1.0
482 524 1.0
482 525 1.0
482 526 1.0
482 527 -1.0
482 528 1.0
482 530 1.0
482 532 1.0
482 533 1.0
482 534 1.0
482 537 1.0
482 539 1.0
482 544 1.0
482 545 1.0
482 548 1.0
482 549 1.0
482 550 1.0
482 551 1.0
482 553 1.0
482 554 1.0
482 555 1.0
482 556 1.0
482 558 1.0
482 561 1.0
482 562 1.0
482 563 1.0
482 567 1.0
482 568 1.0
482 573 1.0
482 581 1.0
482 594 1.0
482 597 1.0
482 606 1.0
482 617 1.0
482 626 1.0
482 628 1.0
482 631 1.0
482 634 1.0
482 637 1.0
482 640 1.0
482 641 1.0
482 644 1.0
482 604 1.0
482 642 1.0
482 483 1.0
482 485 -1.0
482 487 1.0
482 488 1.0
482 492 1.0
482 494 1.0
482 495 -1.0
482 496 1.0
482 497 1.0
482 502 -1.0
482 506 1.0
482 507 1.0
482 508 1.0
482 509 1.0
482 510 1.0
483 517 1.0
483 519 1.0
483 520 1.0
483 521 1.0
483 525 1.0
483 527 1.0
483 528 1.0
483 530 1.0
483 536 1.0
483 538 1.0
483 540 1.0
483 544 1.0
483 545 1.0
483 546 1.0
483 549 1.0
483 552 1.0
483 555 1.0
483 556 1.0
483 557 -1.0
483 560 -1.0
483 562 1.0
483 564 1.0
483 565 1.0
483 569 1.0
483 591 1.0
483 592 1.0
483 593 1.0
483 594 1.0
483 602 1.0
483 606 1.0
483 614 1.0
483 616 1.0
483 630 -1.0
483 638 1.0
483 642 1.0
483 620 1.0
483 647 1.0
483 648 1.0
483 649 1.0
483 484 1.0
483 485 1.0
483 486 1.0
483 487 1.0
483 488 -1.0
483 494 1.0
483 495 1.0
483 496 1.0
483 499 -1.0
483 501 -1.0
483 502 1.0
483 503 1.0
483 505 1.0
483 506 1.0
483 508 1.0
483 509 1.0
483 510 1.0
483 511 1.0
483 512 1.0
484 513 1.0
484 515 1.0
484 518 1.0
484 520 1.0
484 522 1.0
484 524 -1.0
484 527 1.0
484 532 1.0
484 533 1.0
484 536 1.0
484 537 1.0
484 538 1.0
484 539 1.0
484 541 1.0
484 545 1.0
484 546 -1.0
484 547 -1.0
484 548 1.0
484 549 1.0
484 553 1.0
484 554 1.0
484 555 1.0
484 559 -1.0
484 561 -1.0
484 563 1.0
484 567 1.0
484 569 1.0
484 571 1.0
484 578 1.0
484 585 -1.0
484 583 1.0
484 599 -1.0
484 608 1.0
484 612 1.0
484 613 1.0
484 615 1.0
484 627 1.0
484 628 -1.0
484 638 1.0
484 641 1.0
484 642 1.0
484 644 1.0
484 602 1.0
484 636 1.0
484 646 1.0
484 512 -1.0
484 586 1.0
484 485 1.0
484 486 1.0
484 490 1.0
484 491 1.0
484 492 -1.0
484 493 1.0
484 494 1.0
484 497 1.0
484 498 1.0
484 499 1.0
484 500 1.0
484 502 1.0
484 504 1.0
484 505 1.0
484 506 1.0
484 508 -1.0
484 511 1.0
485 513 1.0
485 514 1.0
485 517 1.0
485 518 1.0
485 519 1.0
485 520 1.0
485 524 1.0
485 526 1.0
485 527 1.0
485 528 1.0
485 529 1.0
485 530 1.0
485 534 1.0
485 535 1.0
485 540 -1.0
485 542 1.0
485 545 1.0
485 546 1.0
485 548 1.0
485 549 1.0
485 552 -1.0
485 555 1.0
485 556 1.0
485 557 1.0
485 558 1.0
485 559 1.0
485 563 1.0
485 564 1.0
485 565 1.0
485 566 1.0
485 568 1.0
485 598 1.0
485 590 1.0
485 597 1.0
485 610 1.0
485 614 1.0
485 622 1.0
485 630 1.0
485 634 1.0
485 640 1.0
485 645 1.0
485 573 1.0
485 486 1.0
485 487 1.0
485 488 1.0
485 494 1.0
485 495 1.0
485 496 1.0
485 497 1.0
485 499 1.0
485 502 1.0
485 504 1.0
485 512 1.0
486 513 1.0
486 515 1.0
486 518 1.0
486 519 1.0
486 521 1.0
486 522 1.0
486 523 1.0
486 524 1.0
486 526 1.0
486 531 1.0
486 536 -1.0
486 543 1.0
486 544 1.0
486 546 1.0
486 548 1.0
486 550 1.0
486 552 1.0
486 555 1.0
486 556 1.0
486 559 1.0
486 560 1.0
486 561 1.0
486 562 1.0
486 564 1.0
486 566 1.0
486 567 -1.0
486 568 1.0
486 569 1.0
486 570 1.0
486 576 1.0
486 584 -1.0
486 588 1.0
486 593 1.0
486 612 1.0
486 619 1.0
486 623 1.0
486 630 1.0
486 637 -1.0
486 640 1.0
486 645 1.0
486 604 1.0
486 575 1.0
486 487 1.0
486 491 -1.0
486 493 1.0
486 494 1.0
486 496 1.0
486 497 1.0
486 501 1.0
486 505 1.0
486 506 1.0
486 507 1.0
486 508 1.0
486 509 1.0
486 598 1.0
487 515 1.0
487 518 1.0
487 519 1.0
487 521 1.0
487 524 1.0
487 527 1.0
487 530 1.0
487 533 1.0
487 535 1.0
487 538 1.0
487 541 1.0
487 542 1.0
487 543 1.0
487 544 1.0
487 545 1.0
487 546 1.0
487 547 1.0
487 548 1.0
487 551 1.0
487 563 1.0
487 566 1.0
487 571 1.0
487 573 1.0
487 575 1.0
487 576 1.0
487 596 1.0
487 603 -1.0
487 605 -1.0
487 641 1.0
487 642 1.0
487 488 1.0
487 491 1.0
487 493 1.0
487 496 1.0
487 497 -1.0
487 502 1.0
487 506 1.0
487 507 1.0
487 508 1.0
487 509 1.0
487 510 1.0
488 514 -1.0
488 515 1.0
488 517 1.0
488 519 1.0
488 520 1.0
488 521 1.0
488 522 1.0
488 524 1.0
488 525 1.0
488 526 1.0
488 527 1.0
488 530 1.0
488 531 1.0
488 532 1.0
488 534 1.0
488 536 1.0
488 539 1.0
488 540 1.0
488 541 1.0
488 542 1.0
488 543 1.0
488 544 1.0
488 545 1.0
488 547 1.0
488 549 1.0
488 552 1.0
488 553 1.0
488 557 1.0
488 558 1.0
488 561 1.0
488 563 1.0
488 566 1.0
488 567 1.0
488 570 1.0
488 572 1.0
488 574 1.0
488 575 1.0
488 583 1.0
488 584 -1.0
488 587 1.0
488 588 1.0
488 598 1.0
488 599 1.0
488 614 1.0
488 617 1.0
488 627 1.0
488 628 1.0
488 631 1.0
488 632 1.0
488 641 1.0
488 643 1.0
488 604 1.0
488 593 1.0
488 489 1.0
488 490 1.0
488 499 1.0
488 501 1.0
488 503 1.0
488 504 -1.0
488 505 1.0
488 507 1.0
488 510 1.0
488 511 1.0
489 513 1.0
489 518 1.0
489 522 1.0
489 523 1.0
489 524 1.0
489 525 1.0
489 526 1.0
489 528 1.0
489 529 1.0
489 530 1.0
489 532 1.0
489 533 1.0
489 534 1.0
489 535 1.0
489 537 1.0
489 538 1.0
489 539 1.0
489 541 1.0
489 545 1.0
489 552 1.0
489 553 1.0
489 555 1.0
489 561 1.0
489 562 1.0
489 563 1.0
489 564 1.0
489 565 1.0
489 567 1.0
489 570 1.0
489 571 1.0
489 572 1.0
489 578 1.0
489 596 1.0
489 604 1.0
489 609 1.0
489 613 1.0
489 584 1.0
489 636 1.0
489 638 1.0
489 639 1.0
489 641 1.0
489 648 1.0
489 650 1.0
489 579 1.0
489 490 1.0
489 491 1.0
489 493 1.0
489 494 1.0
489 495 1.0
489 496 1.0
489 498 1.0
489 500 1.0
489 502 1.0
489 503 -1.0
489 504 -1.0
489 506 -1.0
489 507 1.0
489 508 -1.0
489 510 1.0
490 515 1.0
490 517 -1.0
490 518 1.0
490 519 1.0
490 521 1.0
490 524 1.0
490 526 1.0
490 528 1.0
490 529 1.0
490 530 1.0
490 531 1.0
490 533 1.0
490 534 1.0
490 536 1.0
490 538 1.0
490 540 1.0
490 542 1.0
490 543 1.0
490 545 1.0
490 547 1.0
490 548 1.0
490 552 1.0
490 553 -1.0
490 554 1.0
490 520 -1.0
490 557 1.0
490 559 1.0
490 562 1.0
490 567 1.0
490 569 1.0
490 570 1.0
490 571 -1.0
490 572 1.0
490 581 1.0
490 587 1.0
490 588 1.0
490 589 1.0
490 596 1.0
490 602 1.0
490 606 -1.0
490 607 1.0
490 614 1.0
490 617 1.0
490 619 1.0
490 620 1.0
490 627 -1.0
490 628 1.0
490 633 1.0
490 642 1.0
490 649 1.0
490 650 1.0
490 635 1.0
490 593 1.0
490 491 1.0
490 494 1.0
490 498 1.0
490 499 1.0
490 500 1.0
490 501 1.0
490 503 1.0
490 506 1.0
490 507 -1.0
490 508 1.0
490 511 -1.0
491 513 1.0
491 515 -1.0
491 517 1.0
491 521 1.0
491 523 1.0
491 524 1.0
491 530 1.0
491 531 1.0
491 532 1.0
491 533 1.0
491 534 1.0
491 536 1.0
491 539 1.0
491 540 1.0
491 545 1.0
491 547 1.0
491 548 1.0
491 550 1.0
491 551 1.0
491 553 1.0
491 554 1.0
491 555 1.0
491 557 1.0
491 559 1.0
491 562 -1.0
491 563 1.0
491 568 1.0
491 569 1.0
491 570 1.0
491 572 1.0
491 573 1.0
491 578 1.0
491 583 1.0
491 593 1.0
491 595 -1.0
491 596 1.0
491 598 -1.0
491 601 1.0
491 604 1.0
491 605 1.0
491 621 1.0
491 632 1.0
491 638 1.0
491 644 1.0
491 592 1.0
491 579 1.0
491 492 1.0
491 493 1.0
491 494 1.0
491 495 1.0
491 496 1.0
491 497 1.0
491 498 1.0
491 499 1.0
491 500 1.0
491 501 1.0
491 503 1.0
491 505 1.0
491 507 1.0
491 511 -1.0
491 512 1.0
492 515 1.0
492 519 1.0
492 522 1.0
492 523 1.0
492 524 1.0
492 527 1.0
492 528 1.0
492 529 1.0
492 533 1.0
492 535 1.0
492 536 1.0
492 540 1.0
492 543 1.0
492 545 1.0
492 546 1.0
492 547 1.0
492 548 1.0
492 550 1.0
492 551 1.0
492 554 1.0
492 556 1.0
492 557 1.0
492 559 1.0
492 563 1.0
492 566 1.0
492 567 1.0
492 569 1.0
492 570 1.0
492 571 1.0
492 572 1.0
492 573 1.0
492 578 1.0
492 579 1.0
492 587 1.0
492 588 -1.0
492 594 1.0
492 596 1.0
492 598 1.0
492 602 1.0
492 607 1.0
492 615 1.0
492 617 1.0
492 625 1.0
492 636 1.0
492 590 1.0
492 493 1.0
492 494 -1.0
492 495 1.0
492 496 1.0
492 497 1.0
492 498 1.0
492 500 1.0
492 503 1.0
492 506 1.0
492 507 1.0
492 508 1.0
492 509 1.0
492 511 1.0
493 513 1.0
493 516 1.0
493 517 1.0
493 518 1.0
493 521 1.0
493 522 1.0
493 525 1.0
493 526 1.0
493 527 1.0
493 528 1.0
493 529 -1.0
493 530 1.0
493 532 1.0
493 533 1.0
493 536 1.0
493 537 1.0
493 540 1.0
493 541 1.0
493 542 1.0
493 544 1.0
493 546 1.0
493 547 1.0
493 548 1.0
493 549 1.0
493 550 1.0
493 553 1.0
493 554 1.0
493 555 1.0
493 557 1.0
493 560 1.0
493 561 1.0
493 564 1.0
493 565 1.0
493 568 1.0
493 571 1.0
493 572 1.0
493 574 1.0
493 582 1.0
493 606 1.0
493 610 1.0
493 611 1.0
493 615 1.0
493 620 1.0
493 622 1.0
493 627 -1.0
493 631 1.0
493 635 1.0
493 494 -1.0
493 495 1.0
493 496 -1.0
493 498 1.0
493 499 1.0
493 500 1.0
493 502 1.0
493 504 1.0
493 505 1.0
493 506 -1.0
493 509 1.0
493 510 1.0
493 511 1.0
493 512 1.0
494 513 1.0
494 516 1.0
494 517 1.0
494 518 1.0
494 520 1.0
494 523 1.0
494 524 1.0
494 528 1.0
494 532 1.0
494 533 -1.0
494 534 1.0
494 535 1.0
494 536 1.0
494 538 1.0
494 540 1.0
494 541 1.0
494 543 1.0
494 544 1.0
494 546 -1.0
494 549 1.0
494 550 1.0
494 552 1.0
494 553 1.0
494 555 1.0
494 557 -1.0
494 558 1.0
494 559 1.0
494 561 1.0
494 562 1.0
494 564 1.0
494 566 1.0
494 572 1.0
494 573 1.0
494 574 1.0
494 577 1.0
494 579 1.0
494 580 1.0
494 581 1.0
494 583 1.0
494 584 1.0
494 590 1.0
494 593 1.0
494 599 1.0
494 604 1.0
494 611 1.0
494 618 1.0
494 630 1.0
494 637 -1.0
494 602 1.0
494 648 1.0
494 650 1.0
494 582 1.0
494 495 1.0
494 496 1.0
494 498 1.0
494 499 1.0
494 500 1.0
494 503 1.0
494 505 1.0
494 506 1.0
494 508 -1.0
494 509 1.0
494 511 -1.0
495 514 1.0
495 519 1.0
495 520 1.0
495 524 1.0
495 528 1.0
495 530 1.0
495 535 1.0
495 536 1.0
495 537 1.0
495 538 1.0
495 539 1.0
495 542 1.0
495 544 1.0
495 545 1.0
495 547 1.0
495 550 1.0
495 554 1.0
495 555 1.0
495 556 1.0
495 560 1.0
495 565 1.0
495 567 1.0
495 568 1.0
495 569 1.0
495 570 1.0
495 571 1.0
495 572 1.0
495 577 1.0
495 579 1.0
495 580 -1.0
495 584 -1.0
495 594 -1.0
495 596 1.0
495 620 1.0
495 632 1.0
495 633 1.0
495 634 1.0
495 640 1.0
495 646 1.0
495 647 -1.0
495 562 1.0
495 593 1.0
495 590 1.0
495 497 1.0
495 499 1.0
495 508 1.0
495 510 1.0
495 511 1.0
495 512 1.0
496 514 1.0
496 515 1.0
496 517 1.0
496 518 1.0
496 519 1.0
496 520 1.0
496 521 1.0
496 522 1.0
496 524 1.0
496 525 1.0
496 526 1.0
496 527 1.0
496 529 1.0
496 530 1.0
496 531 1.0
496 533 1.0
496 536 1.0
496 538 1.0
496 540 1.0
496 542 1.0
496 544 1.0
496 546 1.0
496 547 -1.0
496 549 1.0
496 551 1.0
496 553 1.0
496 555 1.0
496 556 1.0
496 558 1.0
496 559 1.0
496 561 1.0
496 563 1.0
496 566 1.0
496 571 1.0
496 573 1.0
496 576 1.0
496 580 1.0
496 582 1.0
496 583 1.0
496 603 1.0
496 615 1.0
496 618 -1.0
496 627 1.0
496 641 1.0
496 643 -1.0
496 644 -1.0
496 649 1.0
496 619 1.0
496 498 1.0
496 499 1.0
496 500 1.0
496 502 1.0
496 503 1.0
496 504 1.0
496 505 1.0
496 510 1.0
496 511 1.0
497 514 1.0
497 516 -1.0
497 518 1.0
497 520 1.0
497 521 1.0
497 522 1.0
497 524 -1.0
497 526 1.0
497 528 1.0
497 601 1.0
497 542 1.0
497 543 1.0
497 545 1.0
497 547 1.0
497 548 1.0
497 550 1.0
497 554 1.0
497 556 1.0
497 557 1.0
497 558 1.0
497 561 1.0
497 568 -1.0
497 569 1.0
497 574 1.0
497 575 -1.0
497 581 -1.0
497 584 1.0
497 594 -1.0
497 610 1.0
497 615 1.0
497 623 1.0
497 631 1.0
497 638 1.0
497 640 1.0
497 642 1.0
497 500 1.0
497 501 1.0
497 503 1.0
497 505 1.0
497 506 1.0
497 507 1.0
497 508 1.0
497 509 1.0
497 510 -1.0
498 513 1.0
498 515 1.0
498 517 1.0
498 521 1.0
498 522 1.0
498 523 1.0
498 524 1.0
498 525 -1.0
498 526 1.0
498 529 1.0
498 533 1.0
498 534 1.0
498 537 1.0
498 539 1.0
498 540 1.0
498 541 1.0
498 542 1.0
498 543 1.0
498 547 1.0
498 549 1.0
498 550 -1.0
498 556 1.0
498 557 1.0
498 559 1.0
498 560 1.0
498 561 1.0
498 565 1.0
498 571 1.0
498 574 1.0
498 577 1.0
498 582 1.0
498 583 1.0
498 584 1.0
498 585 1.0
498 587 -1.0
498 588 1.0
498 597 1.0
498 600 1.0
498 604 -1.0
498 605 1.0
498 611 1.0
498 617 1.0
498 630 1.0
498 640 1.0
498 648 1.0
498 649 1.0
498 544 1.0
498 500 1.0
498 501 1.0
498 503 -1.0
498 504 1.0
498 505 1.0
498 506 1.0
498 510 1.0
498 511 1.0
498 512 1.0
499 516 1.0
499 519 1.0
499 523 1.0
499 525 -1.0
499 528 -1.0
499 530 1.0
499 531 1.0
499 533 1.0
499 535 1.0
499 536 1.0
499 537 1.0
499 542 -1.0
499 543 1.0
499 544 1.0
499 545 1.0
499 547 1.0
499 548 1.0
499 549 1.0
499 551 1.0
499 552 1.0
499 554 1.0
499 555 1.0
499 557 1.0
499 558 1.0
499 560 1.0
499 565 1.0
499 566 1.0
499 567 1.0
499 568 1.0
499 572 1.0
499 574 1.0
499 575 1.0
499 579 1.0
499 581 1.0
499 583 -1.0
499 591 1.0
499 602 1.0
499 606 1.0
499 608 1.0
499 614 1.0
499 616 1.0
499 624 1.0
499 627 1.0
499 634 1.0
499 640 1.0
499 643 1.0
499 649 1.0
499 622 1.0
499 505 1.0
499 507 1.0
499 510 1.0
499 512 1.0
500 515 1.0
500 518 1.0
500 519 1.0
500 520 1.0
500 521 1.0
500 522 1.0
500 528 1.0
500 529 1.0
500 530 1.0
500 532 1.0
500 536 -1.0
500 538 1.0
500 539 1.0
500 540 1.0
500 543 1.0
500 544 1.0
500 545 1.0
500 547 1.0
500 549 1.0
500 550 1.0
500 551 1.0
500 552 1.0
500 553 1.0
500 554 1.0
500 555 1.0
500 556 1.0
500 558 1.0
500 559 1.0
500 561 1.0
500 563 -1.0
500 564 1.0
500 567 1.0
500 569 1.0
500 570 1.0
500 571 1.0
500 573 1.0
500 579 1.0
500 582 1.0
500 585 1.0
500 612 1.0
500 597 1.0
500 609 1.0
500 610 1.0
500 614 1.0
500 615 1.0
500 636 1.0
500 638 1.0
500 640 1.0
500 645 1.0
500 650 1.0
500 625 1.0
500 641 1.0
500 501 1.0
500 502 1.0
500 503 1.0
500 505 -1.0
500 506 1.0
500 507 1.0
500 511 1.0
501 515 1.0
501 522 1.0
501 528 1.0
501 529 1.0
501 531 1.0
501 534 1.0
501 536 1.0
501 537 -1.0
501 544 1.0
501 546 1.0
501 547 1.0
501 550 1.0
501 551 1.0
501 553 -1.0
501 555 -1.0
501 565 1.0
501 566 1.0
501 568 1.0
501 569 1.0
501 571 1.0
501 572 1.0
501 573 1.0
501 577 1.0
501 578 1.0
501 582 1.0
501 583 1.0
501 586 1.0
501 588 1.0
501 599 1.0
501 600 1.0
501 609 1.0
501 614 1.0
501 620 1.0
501 626 1.0
501 630 1.0
501 635 1.0
501 636 1.0
501 639 1.0
501 621 1.0
501 617 1.0
501 505 1.0
501 506 1.0
501 507 1.0
501 508 1.0
501 510 1.0
501 511 1.0
501 512 1.0
502 514 1.0
502 516 1.0
502 517 1.0
502 518 1.0
502 519 1.0
502 520 1.0
502 522 1.0
502 523 1.0
502 525 1.0
502 527 1.0
502 529 1.0
502 532 1.0
502 533 1.0
502 534 1.0
502 535 1.0
502 536 1.0
502 541 1.0
502 544 1.0
502 545 1.0
502 548 1.0
502 549 -1.0
502 553 1.0
502 555 1.0
502 556 1.0
502 557 1.0
502 558 1.0
502 559 1.0
502 561 -1.0
502 562 1.0
502 563 1.0
502 565 1.0
502 567 1.0
502 570 1.0
502 573 1.0
502 574 1.0
502 576 1.0
502 579 1.0
502 582 1.0
502 584 1.0
502 585 -1.0
502 594 1.0
502 601 1.0
502 608 1.0
502 611 1.0
502 615 1.0
502 619 1.0
502 624 1.0
502 627 1.0
502 640 1.0
502 646 1.0
502 618 1.0
502 504 1.0
502 506 1.0
502 507 1.0
502 508 1.0
502 510 1.0
502 512 1.0
503 516 -1.0
503 519 1.0
503 520 1.0
503 521 1.0
503 522 1.0
503 524 1.0
503 525 1.0
503 527 1.0
503 528 1.0
503 529 1.0
503 531 1.0
503 532 1.0
503 534 1.0
503 535 1.0
503 536 1.0
503 537 1.0
503 538 1.0
503 539 1.0
503 540 1.0
503 541 1.0
503 542 1.0
503 544 1.0
503 545 1.0
503 546 1.0
503 548 -1.0
503 549 -1.0
503 550 1.0
503 553 1.0
503 554 1.0
503 557 1.0
503 558 1.0
503 561 1.0
503 564 -1.0
503 568 -1.0
503 570 1.0
503 573 1.0
503 574 1.0
503 575 1.0
503 578 1.0
503 580 -1.0
503 584 1.0
503 585 1.0
503 587 1.0
503 607 1.0
503 614 1.0
503 623 1.0
503 627 1.0
503 629 1.0
503 638 1.0
503 645 1.0
503 606 -1.0
503 505 1.0
503 507 1.0
503 508 -1.0
503 509 1.0
503 511 1.0
503 512 1.0
504 517 1.0
504 518 -1.0
504 519 1.0
504 520 1.0
504 521 1.0
504 523 1.0
504 525 1.0
504 528 -1.0
504 531 1.0
504 532 1.0
504 533 -1.0
504 535 1.0
504 537 1.0
504 538 1.0
504 541 1.0
504 542 1.0
504 544 1.0
504 545 1.0
504 548 1.0
504 549 1.0
504 550 1.0
504 551 1.0
504 552 1.0
504 554 1.0
504 555 1.0
504 556 1.0
504 558 1.0
504 559 -1.0
504 560 1.0
504 563 1.0
504 565 1.0
504 566 -1.0
504 568 1.0
504 570 1.0
504 571 1.0
504 572 1.0
504 574 1.0
504 581 1.0
504 582 1.0
504 584 1.0
504 585 1.0
504 586 1.0
504 588 1.0
504 589 1.0
504 602 1.0
504 604 1.0
504 606 1.0
504 610 1.0
504 614 1.0
504 625 1.0
504 627 1.0
504 636 1.0
504 642 1.0
504 647 1.0
504 639 1.0
504 506 1.0
504 508 1.0
504 509 1.0
504 512 1.0
505 514 1.0
505 516 1.0
505 517 1.0
505 520 1.0
505 521 1.0
505 524 1.0
505 526 1.0
505 528 1.0
505 530 1.0
505 531 1.0
505 532 1.0
505 533 -1.0
505 535 1.0
505 536 1.0
505 537 1.0
505 542 1.0
505 545 1.0
505 546 1.0
505 549 1.0
505 550 1.0
505 552 1.0
505 553 1.0
505 554 1.0
505 556 1.0
505 557 -1.0
505 558 1.0
505 559 1.0
505 560 1.0
505 565 1.0
505 570 1.0
505 572 1.0
505 575 1.0
505 576 1.0
505 577 1.0
505 583 1.0
505 584 -1.0
505 586 1.0
505 587 1.0
505 588 -1.0
505 590 1.0
505 592 1.0
505 604 1.0
505 617 -1.0
505 620 1.0
505 621 1.0
505 628 -1.0
505 631 1.0
505 638 1.0
505 626 1.0
505 640 -1.0
505 598 1.0
505 507 1.0
505 508 -1.0
505 511 1.0
505 512 1.0
506 515 1.0
506 518 1.0
506 519 1.0
506 520 1.0
506 522 1.0
506 523 1.0
506 527 1.0
506 530 1.0
506 531 1.0
506 532 1.0
506 534 1.0
506 536 1.0
506 537 1.0
506 539 1.0
506 540 1.0
506 541 1.0
506 543 -1.0
506 545 1.0
506 548 1.0
506 549 1.0
506 533 1.0
506 553 1.0
506 562 1.0
506 565 1.0
506 567 1.0
506 568 1.0
506 569 1.0
506 571 1.0
506 573 1.0
506 574 1.0
506 575 -1.0
506 576 1.0
506 577 1.0
506 578 1.0
506 582 1.0
506 585 1.0
506 586 1.0
506 591 1.0
506 595 1.0
506 607 1.0
506 630 1.0
506 634 1.0
506 642 1.0
506 644 1.0
506 643 1.0
506 596 1.0
506 509 1.0
506 511 -1.0
507 513 1.0
507 516 1.0
507 518 1.0
507 521 1.0
507 523 1.0
507 525 1.0
507 528 -1.0
507 530 1.0
507 532 1.0
507 533 1.0
507 534 1.0
507 541 1.0
507 542 1.0
507 543 1.0
507 546 1.0
507 547 1.0
507 548 1.0
507 550 1.0
507 551 -1.0
507 556 1.0
507 558 1.0
507 560 1.0
507 562 1.0
507 564 1.0
507 565 1.0
507 570 1.0
507 571 1.0
507 577 1.0
507 579 1.0
507 584 1.0
507 585 1.0
507 588 1.0
507 590 1.0
507 592 1.0
507 593 1.0
507 594 1.0
507 598 -1.0
507 600 -1.0
507 602 1.0
507 611 1.0
507 625 1.0
507 626 1.0
507 638 -1.0
507 641 1.0
507 645 1.0
507 508 1.0
507 509 1.0
507 510 1.0
507 511 1.0
507 512 1.0
508 513 1.0
508 516 1.0
508 521 1.0
508 524 1.0
508 525 1.0
508 527 1.0
508 532 1.0
508 533 1.0
508 534 1.0
508 535 1.0
508 536 1.0
508 538 1.0
508 539 1.0
508 540 1.0
508 541 1.0
508 543 1.0
508 544 1.0
508 545 -1.0
508 546 1.0
508 548 1.0
508 552 1.0
508 553 1.0
508 555 1.0
508 557 1.0
508 561 1.0
508 562 -1.0
508 565 1.0
508 566 1.0
508 567 1.0
508 568 -1.0
508 570 1.0
508 573 1.0
508 574 1.0
508 575 1.0
508 578 1.0
508 581 1.0
508 582 1.0
508 586 1.0
508 587 -1.0
508 588 1.0
508 589 1.0
508 592 1.0
508 598 1.0
508 609 1.0
508 610 1.0
508 612 1.0
508 616 1.0
508 620 1.0
508 623 1.0
508 634 1.0
508 637 1.0
508 638 1.0
508 640 1.0
508 642 1.0
508 650 1.0
508 509 1.0
508 510 1.0
508 511 1.0
508 512 1.0
509 513 1.0
509 515 1.0
509 517 1.0
509 518 1.0
509 519 1.0
509 520 1.0
509 521 1.0
509 523 1.0
509 526 1.0
509 527 -1.0
509 528 -1.0
509 530 1.0
509 531 1.0
509 534 1.0
509 535 1.0
509 536 1.0
509 537 1.0
509 540 1.0
509 542 1.0
509 543 1.0
509 546 1.0
509 547 1.0
509 550 1.0
509 553 1.0
509 554 1.0
509 556 1.0
509 558 1.0
509 559 1.0
509 560 1.0
509 561 1.0
509 562 1.0
509 566 1.0
509 569 -1.0
509 570 1.0
509 571 1.0
509 572 1.0
509 575 1.0
509 576 1.0
509 581 1.0
509 583 1.0
509 584 1.0
509 585 1.0
509 587 1.0
509 589 -1.0
509 591 1.0
509 594 1.0
509 598 1.0
509 599 1.0
509 608 1.0
509 610 1.0
509 613 1.0
509 628 1.0
509 637 1.0
509 638 1.0
509 642 1.0
509 647 1.0
509 510 1.0
509 511 1.0
510 513 1.0
510 514 1.0
510 520 -1.0
510 523 1.0
510 524 1.0
510 525 1.0
510 528 1.0
510 530 1.0
510 531 1.0
510 533 1.0
510 534 1.0
510 535 1.0
510 536 1.0
510 537 1.0
510 539 1.0
510 541 1.0
510 542 1.0
510 545 -1.0
510 548 -1.0
510 549 1.0
510 550 1.0
510 551 1.0
510 552 1.0
510 553 1.0
510 554 1.0
510 556 1.0
510 557 1.0
510 558 1.0
510 560 1.0
510 562 1.0
510 563 1.0
510 566 -1.0
510 567 1.0
510 568 1.0
510 572 1.0
510 573 1.0
510 575 1.0
510 576 1.0
510 577 1.0
510 578 1.0
510 579 1.0
510 581 1.0
510 583 1.0
510 586 -1.0
510 587 1.0
510 589 1.0
510 592 1.0
510 594 1.0
510 596 1.0
510 605 1.0
510 607 1.0
510 608 1.0
510 618 1.0
510 627 1.0
510 631 1.0
510 650 1.0
510 511 1.0
511 513 1.0
511 514 1.0
511 516 1.0
511 517 1.0
511 521 1.0
511 523 1.0
511 524 1.0
511 525 1.0
511 529 1.0
511 530 1.0
511 534 1.0
511 536 -1.0
511 537 1.0
511 538 1.0
511 540 1.0
511 542 1.0
511 543 1.0
511 545 1.0
511 547 1.0
511 548 1.0
511 550 1.0
511 551 1.0
511 558 1.0
511 560 1.0
511 561 1.0
511 562 1.0
511 563 1.0
511 565 1.0
511 566 1.0
511 567 1.0
511 568 1.0
511 569 1.0
511 570 1.0
511 571 1.0
511 572 1.0
511 573 1.0
511 577 1.0
511 580 1.0
511 583 1.0
511 586 1.0
511 589 -1.0
511 590 1.0
511 592 -1.0
511 593 1.0
511 594 1.0
511 595 1.0
511 600 -1.0
511 610 1.0
511 614 1.0
511 621 1.0
511 624 1.0
511 636 1.0
511 619 -1.0
511 645 1.0
511 648 1.0
511 638 1.0
511 512 1.0
512 513 -1.0
512 514 1.0
512 515 1.0
512 516 1.0
512 517 1.0
512 521 1.0
512 522 1.0
512 526 1.0
512 527 1.0
512 531 1.0
512 532 1.0
512 534 1.0
512 535 -1.0
512 537 1.0
512 538 -1.0
512 539 1.0
512 540 1.0
512 541 1.0
512 542 1.0
512 543 1.0
512 545 1.0
512 546 1.0
512 547 1.0
512 549 1.0
512 551 1.0
512 556 1.0
512 557 -1.0
512 559 1.0
512 560 1.0
512 562 1.0
512 565 1.0
512 567 1.0
512 568 1.0
512 571 1.0
512 573 1.0
512 575 1.0
512 576 1.0
512 577 1.0
512 581 1.0
512 582 1.0
512 584 1.0
512 585 1.0
512 586 1.0
512 588 1.0
512 590 -1.0
512 592 1.0
512 593 1.0
512 595 1.0
512 596 1.0
512 598 1.0
512 599 1.0
512 606 1.0
512 615 1.0
512 622 1.0
512 623 1.0
512 630 1.0
512 633 1.0
512 646 1.0
513 515 1.0
513 521 1.0
513 522 1.0
513 525 -1.0
513 527 1.0
513 528 1.0
513 529 -1.0
513 530 1.0
513 531 1.0
513 538 1.0
513 541 1.0
513 544 1.0
513 546 1.0
513 551 1.0
513 552 1.0
513 553 -1.0
513 605 -1.0
513 556 1.0
513 557 -1.0
513 558 1.0
513 561 -1.0
513 562 1.0
513 563 1.0
513 564 1.0
513 565 1.0
513 566 1.0
513 568 1.0
513 573 1.0
513 574 1.0
513 575 1.0
513 576 1.0
513 577 1.0
513 578 1.0
513 579 1.0
513 580 1.0
513 581 1.0
513 582 1.0
513 583 -1.0
513 584 1.0
513 585 1.0
513 586 1.0
513 594 1.0
513 595 1.0
513 599 1.0
513 600 1.0
513 615 1.0
513 620 1.0
513 625 1.0
513 634 1.0
513 637 1.0
513 641 -1.0
513 642 1.0
513 650 1.0
514 515 1.0
514 516 -1.0
514 521 1.0
514 523 1.0
514 524 1.0
514 525 1.0
514 528 -1.0
514 530 1.0
514 534 1.0
514 536 1.0
514 539 1.0
514 540 -1.0
514 541 1.0
514 542 1.0
514 547 1.0
514 552 1.0
514 553 -1.0
514 557 1.0
514 558 1.0
514 559 1.0
514 560 1.0
514 562 1.0
514 563 1.0
514 567 1.0
514 576 1.0
514 577 1.0
514 578 1.0
514 579 1.0
514 580 1.0
514 585 -1.0
514 586 1.0
514 587 1.0
514 588 1.0
514 589 1.0
514 593 1.0
514 596 -1.0
514 597 1.0
514 598 1.0
514 600 1.0
514 607 1.0
514 614 -1.0
514 615 1.0
514 616 1.0
514 618 1.0
514 621 1.0
514 627 1.0
514 633 1.0
514 640 1.0
514 647 1.0
514 648 1.0
514 649 1.0
514 555 1.0
514 642 1.0
515 516 -1.0
515 517 1.0
515 518 1.0
515 520 1.0
515 523 -1.0
515 524 1.0
515 528 1.0
515 531 1.0
515 534 1.0
515 536 1.0
515 537 1.0
515 539 1.0
515 540 1.0
515 541 1.0
515 603 1.0
515 545 1.0
515 547 1.0
515 548 1.0
515 550 1.0
515 551 1.0
515 553 1.0
515 554 1.0
515 555 1.0
515 556 1.0
515 557 1.0
515 559 1.0
515 564 1.0
515 566 1.0
515 567 1.0
515 569 1.0
515 571 1.0
515 572 1.0
515 573 1.0
515 575 1.0
515 579 1.0
515 582 1.0
515 583 1.0
515 586 -1.0
515 587 1.0
515 589 1.0
515 592 1.0
515 593 1.0
515 594 1.0
515 598 1.0
515 600 -1.0
515 601 -1.0
515 602 -1.0
515 618 1.0
515 636 1.0
515 648 1.0
515 650 1.0
515 624 1.0
515 549 1.0
515 610 1.0
516 518 1.0
516 525 1.0
516 526 1.0
516 529 1.0
516 532 1.0
516 533 1.0
516 534 1.0
516 535 1.0
516 536 1.0
516 537 1.0
516 538 1.0
516 540 1.0
516 542 1.0
516 543 1.0
516 544 1.0
516 545 1.0
516 546 1.0
516 604 1.0
516 519 1.0
516 551 -1.0
516 553 1.0
516 554 1.0
516 555 1.0
516 556 1.0
516 558 1.0
516 559 1.0
516 560 1.0
516 561 1.0
516 562 1.0
516 565 1.0
516 568 1.0
516 569 -1.0
516 573 1.0
516 576 1.0
516 577 1.0
516 580 1.0
516 581 1.0
516 584 1.0
516 585 1.0
516 586 1.0
516 587 -1.0
516 588 1.0
516 589 1.0
516 592 1.0
516 595 1.0
516 596 1.0
516 597 1.0
516 599 1.0
516 607 1.0
516 609 1.0
516 613 1.0
516 627 1.0
516 630 1.0
516 631 1.0
516 637 1.0
516 642 1.0
516 644 1.0
516 622 -1.0
517 521 1.0
517 523 1.0
517 525 1.0
517 526 1.0
517 527 1.0
517 528 -1.0
517 529 1.0
517 530 1.0
517 531 1.0
517 532 1.0
517 534 1.0
517 535 1.0
517 536 1.0
517 537 1.0
517 539 -1.0
517 540 1.0
517 541 1.0
517 545 1.0
517 546 1.0
517 548 1.0
517 549 1.0
517 552 1.0
517 650 1.0
517 554 1.0
517 556 1.0
517 559 1.0
517 561 1.0
517 563 1.0
517 565 1.0
517 566 1.0
517 567 1.0
517 571 1.0
517 574 1.0
517 575 1.0
517 576 1.0
517 578 1.0
517 580 1.0
517 583 1.0
517 587 1.0
517 588 1.0
517 589 1.0
517 590 1.0
517 595 1.0
517 597 1.0
517 600 1.0
517 603 1.0
517 605 1.0
517 630 -1.0
517 635 1.0
517 636 1.0
517 638 1.0
517 644 1.0
517 645 -1.0
517 633 1.0
518 524 1.0
518 526 1.0
518 527 1.0
518 528 1.0
518 529 1.0
518 530 1.0
518 531 1.0
518 532 -1.0
518 533 -1.0
518 534 1.0
518 538 1.0
518 539 1.0
518 540 1.0
518 544 1.0
518 551 1.0
518 552 1.0
518 559 1.0
518 562 -1.0
518 566 1.0
518 567 1.0
518 568 1.0
518 574 1.0
518 575 1.0
518 578 1.0
518 581 1.0
518 586 -1.0
518 592 1.0
518 593 1.0
518 597 -1.0
518 598 1.0
518 599 -1.0
518 600 1.0
518 604 1.0
518 609 1.0
518 618 1.0
518 630 1.0
518 632 1.0
518 633 -1.0
518 641 1.0
518 645 1.0
518 629 1.0
518 548 1.0
518 521 1.0
518 613 1.0
519 521 1.0
519 522 1.0
519 523 1.0
519 525 1.0
519 528 1.0
519 529 1.0
519 533 -1.0
519 535 1.0
519 538 1.0
519 540 1.0
519 545 1.0
519 546 1.0
519 548 1.0
519 549 1.0
519 550 1.0
519 551 1.0
519 553 1.0
519 555 1.0
519 556 1.0
519 558 1.0
519 560 1.0
519 565 1.0
519 569 1.0
519 570 1.0
519 571 1.0
519 572 1.0
519 576 1.0
519 588 1.0
519 589 1.0
519 591 1.0
519 592 1.0
519 594 1.0
519 595 1.0
519 598 1.0
519 599 1.0
519 606 1.0
519 608 1.0
519 613 1.0
519 625 1.0
519 627 1.0
519 629 -1.0
519 638 1.0
519 641 1.0
519 526 1.0
520 523 1.0
520 524 1.0
520 525 -1.0
520 527 1.0
520 530 1.0
520 533 -1.0
520 534 1.0
520 535 1.0
520 536 1.0
520 537 1.0
520 543 1.0
520 544 1.0
520 546 1.0
520 549 1.0
520 550 1.0
520 553 1.0
520 555 1.0
520 557 -1.0
520 558 1.0
520 560 1.0
520 570 1.0
520 572 1.0
520 574 1.0
520 575 1.0
520 577 1.0
520 579 -1.0
520 580 1.0
520 583 1.0
520 584 1.0
520 587 -1.0
520 589 1.0
520 590 1.0
520 594 1.0
520 595 1.0
520 596 1.0
520 599 -1.0
520 600 1.0
520 601 1.0
520 605 1.0
520 620 1.0
520 622 1.0
520 623 1.0
520 624 -1.0
520 638 1.0
520 642 1.0
521 522 1.0
521 523 1.0
521 526 1.0
521 528 1.0
521 531 1.0
521 536 -1.0
521 537 1.0
521 538 1.0
521 539 1.0
521 542 1.0
521 544 -1.0
521 545 1.0
521 546 1.0
521 549 1.0
521 550 1.0
521 551 1.0
521 556 1.0
521 557 1.0
521 558 1.0
521 559 1.0
521 563 1.0
521 564 1.0
521 566 1.0
521 568 1.0
521 569 1.0
521 570 1.0
521 571 1.0
521 578 1.0
521 579 1.0
521 585 1.0
521 591 1.0
521 592 1.0
521 594 1.0
521 596 1.0
521 598 1.0
521 600 1.0
521 601 1.0
521 602 1.0
521 603 1.0
521 604 1.0
521 606 1.0
521 607 1.0
521 614 1.0
521 620 -1.0
521 625 1.0
521 627 1.0
521 630 1.0
521 633 -1.0
521 639 1.0
521 644 -1.0
521 637 1.0
521 638 1.0
522 524 1.0
522 525 1.0
522 526 1.0
522 527 1.0
522 528 1.0
522 529 1.0
522 530 -1.0
522 531 -1.0
522 534 1.0
522 535 1.0
522 537 -1.0
522 538 1.0
522 539 1.0
522 542 1.0
522 543 1.0
522 545 1.0
522 548 1.0
522 552 1.0
522 557 1.0
522 558 1.0
522 560 1.0
522 561 1.0
522 562 1.0
522 563 1.0
522 566 1.0
522 569 1.0
522 571 1.0
522 573 1.0
522 574 1.0
522 576 1.0
522 579 1.0
522 581 -1.0
522 584 -1.0
522 585 1.0
522 586 1.0
522 588 1.0
522 589 1.0
522 590 1.0
522 591 1.0
522 592 1.0
522 594 1.0
522 596 1.0
522 597 -1.0
522 605 1.0
522 607 1.0
522 613 1.0
522 624 1.0
522 630 1.0
522 645 1.0
523 526 1.0
523 527 -1.0
523 528 1.0
523 529 1.0
523 530 1.0
523 531 1.0
523 532 1.0
523 534 1.0
523 535 1.0
523 537 -1.0
523 538 1.0
523 539 1.0
523 540 -1.0
523 545 1.0
523 546 1.0
523 547 1.0
523 551 1.0
523 554 1.0
523 556 -1.0
523 557 1.0
523 558 1.0
523 564 1.0
523 566 1.0
523 567 1.0
523 568 1.0
523 569 1.0
523 570 1.0
523 573 1.0
523 574 1.0
523 575 1.0
523 576 1.0
523 577 1.0
523 578 1.0
523 579 1.0
523 581 1.0
523 582 1.0
523 592 1.0
523 593 1.0
523 596 1.0
523 598 1.0
523 601 -1.0
523 602 1.0
523 606 -1.0
523 607 -1.0
523 610 1.0
523 615 1.0
523 620 1.0
523 623 1.0
523 630 1.0
523 633 1.0
523 641 1.0
523 644 1.0
523 646 1.0
523 624 1.0
523 650 1.0
524 526 1.0
524 530 1.0
524 531 1.0
524 533 1.0
524 535 1.0
524 536 1.0
524 537 -1.0
524 542 1.0
524 546 1.0
524 547 1.0
524 550 1.0
524 551 1.0
524 552 1.0
524 553 1.0
524 555 -1.0
524 557 -1.0
524 559 1.0
524 562 1.0
524 564 1.0
524 565 1.0
524 566 1.0
524 568 1.0
524 570 1.0
524 572 1.0
524 573 1.0
524 575 1.0
524 576 1.0
524 578 1.0
524 579 1.0
524 581 1.0
524 582 1.0
524 585 1.0
524 586 1.0
524 588 1.0
524 589 -1.0
524 590 1.0
524 592 1.0
524 594 -1.0
524 596 1.0
524 597 1.0
524 598 1.0
524 604 1.0
524 606 -1.0
524 607 1.0
524 609 1.0
524 612 1.0
524 615 -1.0
524 616 1.0
524 622 -1.0
524 646 1.0
524 647 1.0
524 648 1.0
525 526 1.0
525 527 1.0
525 528 1.0
525 529 1.0
525 530 1.0
525 531 1.0
525 535 -1.0
525 538 1.0
525 540 1.0
525 544 -1.0
525 545 1.0
525 547 1.0
525 548 1.0
525 549 1.0
525 550 1.0
525 553 1.0
525 555 1.0
525 558 1.0
525 560 1.0
525 567 1.0
525 570 1.0
525 571 -1.0
525 573 1.0
525 574 1.0
525 576 1.0
525 577 1.0
525 581 1.0
525 582 1.0
525 583 1.0
525 585 1.0
525 586 1.0
525 587 1.0
525 588 1.0
525 595 1.0
525 597 1.0
525 599 1.0
525 600 1.0
525 602 1.0
525 604 1.0
525 606 1.0
525 609 1.0
525 610 1.0
525 617 1.0
525 618 1.0
525 619 1.0
525 626 1.0
525 629 1.0
525 633 1.0
525 642 1.0
525 647 1.0
526 528 1.0
526 529 -1.0
526 531 1.0
526 532 1.0
526 533 1.0
526 536 1.0
526 537 -1.0
526 539 1.0
526 541 1.0
526 544 1.0
526 545 1.0
526 546 1.0
526 547 1.0
526 549 1.0
526 550 1.0
526 552 1.0
526 554 1.0
526 555 -1.0
526 556 1.0
526 560 1.0
526 562 -1.0
526 563 1.0
526 564 1.0
526 565 1.0
526 566 1.0
526 567 1.0
526 568 1.0
526 570 1.0
526 573 -1.0
526 575 1.0
526 578 1.0
526 579 1.0
526 580 1.0
526 583 1.0
526 591 1.0
526 592 1.0
526 594 1.0
526 595 1.0
526 599 1.0
526 600 1.0
526 606 1.0
526 607 1.0
526 611 1.0
526 613 1.0
526 630 1.0
526 631 -1.0
526 640 1.0
527 528 1.0
527 529 1.0
527 533 1.0
527 535 1.0
527 536 1.0
527 537 1.0
527 539 -1.0
527 541 1.0
527 542 1.0
527 543 1.0
527 544 1.0
527 546 -1.0
527 548 -1.0
527 549 -1.0
527 551 1.0
527 552 1.0
527 554 1.0
527 556 1.0
527 559 1.0
527 560 1.0
527 561 1.0
527 563 1.0
527 566 -1.0
527 568 1.0
527 570 1.0
527 571 1.0
527 572 1.0
527 573 1.0
527 574 1.0
527 576 1.0
527 581 1.0
527 582 1.0
527 583 1.0
527 584 1.0
527 585 1.0
527 586 -1.0
527 587 1.0
527 590 1.0
527 595 1.0
527 597 1.0
527 600 1.0
527 601 -1.0
527 603 1.0
527 604 1.0
527 605 1.0
527 606 1.0
527 608 1.0
527 610 1.0
527 611 1.0
527 612 1.0
527 614 -1.0
527 618 1.0
527 624 1.0
527 645 1.0
527 646 1.0
528 533 1.0
528 534 1.0
528 536 1.0
528 537 1.0
528 540 -1.0
528 548 1.0
528 549 1.0
528 550 1.0
528 553 1.0
528 554 1.0
528 555 1.0
528 556 1.0
528 562 1.0
528 563 1.0
528 564 1.0
528 565 1.0
528 567 1.0
528 569 1.0
528 570 1.0
528 571 1.0
528 572 1.0
528 573 1.0
528 576 1.0
528 578 1.0
528 581 1.0
528 583 1.0
528 585 1.0
528 588 1.0
528 589 1.0
528 590 1.0
528 591 1.0
528 599 1.0
528 601 1.0
528 603 1.0
528 605 -1.0
528 606 1.0
528 607 1.0
528 610 1.0
528 611 1.0
528 612 1.0
528 613 1.0
528 615 -1.0
528 616 1.0
528 630 1.0
528 631 1.0
528 632 1.0
528 636 1.0
528 642 -1.0
528 561 1.0
529 530 1.0
529 531 1.0
529 532 1.0
529 535 1.0
529 537 1.0
529 539 1.0
529 544 1.0
529 547 1.0
529 548 1.0
529 549 1.0
529 552 1.0
529 554 1.0
529 556 1.0
529 557 1.0
529 558 1.0
529 561 1.0
529 564 1.0
529 568 1.0
529 570 1.0
529 572 1.0
529 575 1.0
529 576 1.0
529 577 1.0
529 578 1.0
529 580 1.0
529 581 1.0
529 583 1.0
529 584 1.0
529 585 1.0
529 587 1.0
529 589 1.0
529 590 1.0
529 592 1.0
529 593 1.0
529 594 1.0
529 598 1.0
529 599 1.0
529 601 1.0
529 602 1.0
529 605 1.0
529 606 1.0
529 607 1.0
529 610 1.0
529 611 -1.0
529 613 1.0
529 616 -1.0
529 620 1.0
529 631 1.0
529 635 1.0
529 639 1.0
529 640 1.0
529 644 1.0
529 536 -1.0
529 624 1.0
529 550 1.0
529 636 1.0
530 532 1.0
530 534 1.0
530 535 1.0
530 536 1.0
530 537 1.0
530 538 1.0
530 542 -1.0
530 543 1.0
530 544 1.0
530 547 1.0
530 548 1.0
530 549 1.0
530 552 1.0
530 553 1.0
530 554 1.0
530 555 1.0
530 556 1.0
530 557 1.0
530 558 1.0
530 561 1.0
530 563 1.0
530 565 -1.0
530 566 1.0
530 569 -1.0
530 570 1.0
530 571 1.0
530 572 1.0
530 573 1.0
530 576 1.0
530 577 1.0
530 578 1.0
530 581 1.0
530 584 1.0
530 585 1.0
530 588 1.0
530 591 1.0
530 594 1.0
530 596 1.0
530 597 1.0
530 598 1.0
530 599 1.0
530 606 1.0
530 612 1.0
530 616 1.0
530 617 1.0
531 532 1.0
531 535 1.0
531 536 1.0
531 544 -1.0
531 547 1.0
531 549 1.0
531 550 1.0
531 554 1.0
531 556 1.0
531 560 1.0
531 562 1.0
531 564 1.0
531 565 1.0
531 566 1.0
531 567 1.0
531 568 1.0
531 569 1.0
531 574 1.0
531 576 1.0
531 577 1.0
531 579 1.0
531 581 1.0
531 582 -1.0
531 583 1.0
531 584 -1.0
531 585 1.0
531 587 1.0
531 589 -1.0
531 590 1.0
531 592 1.0
531 593 1.0
531 598 1.0
531 607 1.0
531 608 1.0
531 610 1.0
531 612 1.0
531 621 1.0
531 623 1.0
531 626 1.0
531 631 1.0
531 637 1.0
531 638 1.0
531 639 1.0
531 641 1.0
531 646 1.0
531 647 1.0
531 542 -1.0
531 629 1.0
532 533 1.0
532 534 1.0
532 535 -1.0
532 536 1.0
532 542 1.0
532 544 1.0
532 545 1.0
532 548 1.0
532 550 1.0
532 552 1.0
532 553 1.0
532 554 1.0
532 555 1.0
532 556 1.0
532 558 1.0
532 559 1.0
532 560 1.0
532 562 1.0
532 649 1.0
532 565 1.0
532 566 1.0
532 569 1.0
532 571 1.0
532 572 1.0
532 573 1.0
532 577 1.0
532 578 1.0
532 579 1.0
532 581 1.0
532 582 1.0
532 583 1.0
532 584 1.0
532 585 1.0
532 587 1.0
532 589 1.0
532 590 1.0
532 593 1.0
532 594 1.0
532 596 1.0
532 598 1.0
532 599 1.0
532 600 1.0
532 602 1.0
532 604 1.0
532 605 1.0
532 606 1.0
532 607 1.0
532 609 1.0
532 617 1.0
532 630 1.0
532 636 1.0
532 647 1.0
532 648 -1.0
532 650 1.0
533 534 1.0
533 535 -1.0
533 539 1.0
533 543 1.0
533 544 1.0
533 545 1.0
533 547 1.0
533 548 1.0
533 549 1.0
533 550 1.0
533 551 -1.0
533 552 -1.0
533 553 1.0
533 555 1.0
533 557 1.0
533 558 1.0
533 561 1.0
533 563 1.0
533 564 1.0
533 565 1.0
533 568 1.0
533 569 1.0
533 571 1.0
533 578 1.0
533 580 1.0
533 581 -1.0
533 585 1.0
533 587 1.0
533 588 1.0
533 589 1.0
533 590 1.0
533 591 1.0
533 593 -1.0
533 594 1.0
533 597 -1.0
533 599 1.0
533 600 1.0
533 601 1.0
533 602 1.0
533 607 -1.0
533 608 1.0
533 611 1.0
533 612 1.0
533 613 1.0
533 615 1.0
533 616 1.0
533 618 1.0
533 620 1.0
533 622 1.0
533 624 1.0
533 634 1.0
533 641 1.0
533 644 1.0
533 647 1.0
533 631 1.0
533 633 1.0
534 539 1.0
534 543 1.0
534 547 1.0
534 548 1.0
534 549 1.0
534 550 1.0
534 552 1.0
534 555 1.0
534 556 1.0
534 557 -1.0
534 559 1.0
534 560 1.0
534 561 1.0
534 562 1.0
534 566 1.0
534 567 -1.0
534 568 1.0
534 569 1.0
534 573 1.0
534 575 1.0
534 578 1.0
534 580 1.0
534 581 1.0
534 584 1.0
534 585 1.0
534 586 1.0
534 587 1.0
534 589 1.0
534 590 -1.0
534 595 1.0
534 596 1.0
534 597 -1.0
534 600 1.0
534 601 -1.0
534 602 1.0
534 603 1.0
534 604 1.0
534 606 1.0
534 607 1.0
534 611 1.0
534 612 1.0
534 613 1.0
534 614 1.0
534 615 1.0
534 617 1.0
534 618 1.0
534 619 1.0
534 627 1.0
534 631 1.0
534 637 1.0
534 640 1.0
534 643 1.0
534 645 1.0
534 650 1.0
534 626 -1.0
534 649 1.0
535 536 1.0
535 537 -1.0
535 538 -1.0
535 539 1.0
535 540 1.0
535 541 1.0
535 542 1.0
535 543 1.0
535 545 1.0
535 548 1.0
535 549 1.0
535 555 1.0
535 557 1.0
535 558 1.0
535 560 1.0
535 562 -1.0
535 565 1.0
535 566 1.0
535 568 1.0
535 569 1.0
535 571 -1.0
535 573 1.0
535 574 -1.0
535 575 1.0
535 576 1.0
535 578 1.0
535 580 1.0
535 581 1.0
535 582 1.0
535 587 1.0
535 592 1.0
535 594 1.0
535 597 -1.0
535 598 1.0
535 599 1.0
535 601 1.0
535 608 1.0
535 609 -1.0
535 611 1.0
535 612 1.0
535 613 1.0
535 615 1.0
535 616 1.0
535 617 1.0
535 620 1.0
535 622 1.0
535 623 1.0
535 628 1.0
535 636 1.0
535 642 1.0
536 539 -1.0
536 540 1.0
536 542 1.0
536 543 1.0
536 544 1.0
536 545 1.0
536 550 1.0
536 549 1.0
536 551 1.0
536 552 1.0
536 553 1.0
536 554 1.0
536 555 1.0
536 558 1.0
536 561 1.0
536 565 1.0
536 569 -1.0
536 572 -1.0
536 575 -1.0
536 576 1.0
536 577 1.0
536 578 1.0
536 579 1.0
536 582 1.0
536 584 1.0
536 586 1.0
536 590 1.0
536 591 1.0
536 592 1.0
536 597 1.0
536 598 1.0
536 599 -1.0
536 601 1.0
536 603 -1.0
536 604 1.0
536 608 1.0
536 611 1.0
536 612 1.0
536 616 -1.0
536 617 1.0
536 618 1.0
536 620 -1.0
536 622 1.0
536 623 1.0
536 624 -1.0
536 634 1.0
536 640 1.0
536 644 1.0
536 645 1.0
536 633 1.0
536 548 1.0
537 538 1.0
537 539 1.0
537 540 1.0
537 541 1.0
537 543 1.0
537 545 1.0
537 547 1.0
537 548 1.0
537 549 1.0
537 552 -1.0
537 553 1.0
537 557 1.0
537 558 1.0
537 560 1.0
537 561 1.0
537 562 1.0
537 563 1.0
537 564 1.0
537 568 1.0
537 570 1.0
537 571 1.0
537 574 1.0
537 578 1.0
537 579 1.0
537 585 1.0
537 587 1.0
537 589 1.0
537 591 -1.0
537 592 1.0
537 597 1.0
537 599 1.0
537 602 1.0
537 605 1.0
537 606 1.0
537 607 1.0
537 608 1.0
537 609 1.0
537 611 1.0
537 612 1.0
537 616 1.0
537 620 1.0
537 623 1.0
537 638 1.0
537 645 -1.0
537 646 1.0
537 569 1.0
538 540 1.0
538 541 1.0
538 542 1.0
538 543 -1.0
538 544 1.0
538 546 1.0
538 548 -1.0
538 549 1.0
538 550 1.0
538 552 1.0
538 553 1.0
538 554 1.0
538 555 1.0
538 556 1.0
538 557 1.0
538 559 1.0
538 561 1.0
538 563 1.0
538 564 -1.0
538 565 1.0
538 566 1.0
538 567 1.0
538 568 1.0
538 570 1.0
538 571 1.0
538 574 1.0
538 575 1.0
538 577 1.0
538 578 1.0
538 580 1.0
538 584 1.0
538 587 1.0
538 588 1.0
538 593 1.0
538 595 1.0
538 596 1.0
538 600 1.0
538 601 1.0
538 602 1.0
538 605 -1.0
538 609 1.0
538 610 -1.0
538 617 1.0
538 618 1.0
538 619 1.0
538 622 -1.0
538 623 1.0
538 624 1.0
538 625 1.0
538 634 -1.0
538 641 1.0
538 646 1.0
538 647 1.0
539 542 1.0
539 544 1.0
539 548 -1.0
539 549 1.0
539 550 -1.0
539 555 1.0
539 556 1.0
539 558 1.0
539 560 1.0
539 561 1.0
539 562 -1.0
539 563 1.0
539 565 1.0
539 566 1.0
539 567 1.0
539 568 1.0
539 569 1.0
539 570 1.0
539 573 1.0
539 574 1.0
539 575 1.0
539 576 1.0
539 579 1.0
539 580 1.0
539 581 1.0
539 584 1.0
539 585 1.0
539 587 1.0
539 588 1.0
539 590 -1.0
539 591 -1.0
539 592 1.0
539 595 1.0
539 602 1.0
539 606 1.0
539 607 1.0
539 608 -1.0
539 610 1.0
539 611 1.0
539 616 1.0
539 617 1.0
539 618 1.0
539 621 1.0
539 622 1.0
539 625 1.0
539 626 1.0
539 627 1.0
539 634 1.0
539 635 1.0
539 636 1.0
539 640 1.0
539 643 1.0
539 629 1.0
540 541 1.0
540 544 1.0
540 545 1.0
540 547 1.0
540 549 1.0
540 551 1.0
540 553 1.0
540 557 -1.0
540 560 1.0
540 562 1.0
540 564 1.0
540 565 1.0
540 566 1.0
540 567 -1.0
540 569 -1.0
540 571 1.0
540 573 1.0
540 574 1.0
540 575 1.0
540 579 -1.0
540 583 1.0
540 584 1.0
540 585 1.0
540 590 1.0
540 591 1.0
540 593 1.0
540 594 1.0
540 595 1.0
540 600 1.0
540 605 1.0
540 606 1.0
540 607 1.0
540 608 1.0
540 610 1.0
540 611 1.0
540 612 1.0
540 613 1.0
540 614 1.0
540 615 1.0
540 616 1.0
540 617 1.0
540 620 1.0
540 623 1.0
540 624 1.0
540 632 1.0
540 638 1.0
540 643 1.0
540 639 1.0
540 572 1.0
541 542 1.0
541 547 1.0
541 548 1.0
541 549 1.0
541 551 1.0
541 553 1.0
541 556 -1.0
541 557 1.0
541 559 1.0
541 562 1.0
541 563 1.0
541 564 1.0
541 565 1.0
541 567 1.0
541 568 1.0
541 570 1.0
541 572 1.0
541 575 1.0
541 576 1.0
541 577 1.0
541 580 1.0
541 582 1.0
541 583 1.0
541 586 1.0
541 587 1.0
541 589 1.0
541 593 1.0
541 594 1.0
541 596 1.0
541 597 1.0
541 598 1.0
541 606 1.0
541 609 1.0
541 610 1.0
541 613 -1.0
541 614 1.0
541 615 1.0
541 616 1.0
541 618 1.0
541 621 -1.0
541 623 1.0
541 624 1.0
541 631 1.0
541 636 1.0
541 645 1.0
541 648 1.0
541 650 1.0
541 638 1.0
541 554 1.0
542 544 1.0
542 545 1.0
542 547 1.0
542 548 1.0
542 549 1.0
542 550 1.0
542 551 -1.0
542 553 1.0
542 554 1.0
542 557 1.0
542 558 1.0
542 559 1.0
542 561 1.0
542 562 1.0
542 563 1.0
542 564 1.0
542 566 1.0
542 568 1.0
542 570 -1.0
542 571 1.0
542 573 1.0
542 574 1.0
542 575 -1.0
542 576 1.0
542 577 1.0
542 579 -1.0
542 581 1.0
542 582 -1.0
542 583 1.0
542 584 1.0
542 589 1.0
542 590 1.0
542 592 -1.0
542 594 1.0
542 595 -1.0
542 596 1.0
542 597 1.0
542 600 1.0
542 601 1.0
542 603 1.0
542 604 1.0
542 607 1.0
542 611 1.0
542 615 1.0
542 616 1.0
542 617 1.0
542 619 1.0
542 622 1.0
542 624 1.0
542 626 1.0
542 628 1.0
542 641 -1.0
542 647 1.0
543 547 1.0
543 548 1.0
543 549 1.0
543 550 1.0
543 552 1.0
543 554 1.0
543 557 1.0
543 558 1.0
543 560 1.0
543 561 1.0
543 562 1.0
543 567 1.0
543 568 -1.0
543 569 1.0
543 573 -1.0
543 577 1.0
543 578 1.0
543 579 -1.0
543 581 1.0
543 582 1.0
543 584 1.0
543 586 1.0
543 587 1.0
543 589 1.0
543 591 1.0
543 596 1.0
543 598 1.0
543 600 -1.0
543 601 1.0
543 603 1.0
543 605 1.0
543 606 1.0
543 612 1.0
543 615 1.0
543 616 1.0
543 617 1.0
543 627 1.0
543 631 1.0
543 632 1.0
543 647 1.0
543 650 1.0
543 570 1.0
544 545 1.0
544 548 1.0
544 550 1.0
544 552 1.0
544 558 1.0
544 561 1.0
544 562 1.0
544 563 1.0
544 565 1.0
544 566 1.0
544 567 1.0
544 571 1.0
544 574 1.0
544 576 1.0
544 577 1.0
544 578 1.0
544 581 1.0
544 583 1.0
544 588 1.0
544 589 1.0
544 591 1.0
544 592 1.0
544 594 -1.0
544 595 1.0
544 598 1.0
544 599 1.0
544 601 1.0
544 602 1.0
544 603 1.0
544 604 1.0
544 605 1.0
544 608 1.0
544 609 1.0
544 610 1.0
544 613 1.0
544 614 1.0
544 615 -1.0
544 619 1.0
544 621 1.0
544 622 1.0
544 627 1.0
544 628 1.0
544 629 1.0
544 630 1.0
544 641 -1.0
544 632 1.0
544 584 1.0
545 546 1.0
545 548 -1.0
545 550 1.0
545 555 1.0
545 560 1.0
545 561 1.0
545 563 1.0
545 567 1.0
545 568 1.0
545 570 1.0
545 573 1.0
545 575 1.0
545 576 1.0
545 577 1.0
545 579 1.0
545 580 1.0
545 581 -1.0
545 585 1.0
545 586 1.0
545 589 1.0
545 592 1.0
545 593 1.0
545 596 1.0
545 602 1.0
545 604 1.0
545 606 1.0
545 608 1.0
545 609 1.0
545 610 1.0
545 611 1.0
545 615 1.0
545 616 1.0
545 617 1.0
545 620 1.0
545 623 1.0
545 629 1.0
545 631 1.0
545 637 1.0
545 643 1.0
546 549 1.0
546 550 1.0
546 554 1.0
546 555 1.0
546 556 1.0
546 557 1.0
546 559 1.0
546 560 1.0
546 563 1.0
546 565 1.0
546 573 1.0
546 576 -1.0
546 577 1.0
546 580 1.0
546 584 1.0
546 587 1.0
546 589 1.0
546 592 1.0
546 594 1.0
546 595 1.0
546 596 1.0
546 599 1.0
546 600 1.0
546 602 -1.0
546 605 -1.0
546 608 1.0
546 609 1.0
546 610 1.0
546 611 1.0
546 613 1.0
546 614 1.0
546 615 1.0
546 617 1.0
546 619 1.0
546 621 1.0
546 622 1.0
546 623 1.0
546 626 1.0
546 627 1.0
546 629 1.0
546 631 1.0
546 632 1.0
546 650 1.0
546 646 1.0
547 548 1.0
547 550 1.0
547 551 -1.0
547 555 1.0
547 556 1.0
547 560 1.0
547 561 1.0
547 566 1.0
547 567 1.0
547 569 1.0
547 570 1.0
547 572 1.0
547 574 1.0
547 575 -1.0
547 576 1.0
547 577 1.0
547 578 1.0
547 581 1.0
547 583 1.0
547 588 1.0
547 589 1.0
547 591 1.0
547 592 1.0
547 593 1.0
547 594 1.0
547 595 1.0
547 598 1.0
547 599 -1.0
547 602 1.0
547 605 1.0
547 607 1.0
547 609 1.0
547 611 1.0
547 613 1.0
547 616 1.0
547 618 1.0
547 621 1.0
547 624 1.0
547 625 1.0
547 627 1.0
547 631 1.0
547 633 -1.0
547 634 1.0
547 643 1.0
547 644 1.0
547 645 1.0
547 646 1.0
548 550 1.0
548 551 1.0
548 552 1.0
548 553 1.0
548 554 1.0
548 556 1.0
548 558 1.0
548 559 1.0
548 560 1.0
548 563 1.0
548 565 -1.0
548 569 1.0
548 570 1.0
548 574 1.0
548 577 1.0
548 579 1.0
548 582 1.0
548 583 1.0
548 584 1.0
548 586 1.0
548 588 1.0
548 589 1.0
548 590 -1.0
548 593 -1.0
548 594 -1.0
548 600 1.0
548 604 1.0
548 605 -1.0
548 606 1.0
548 610 -1.0
548 611 1.0
548 612 1.0
548 614 1.0
548 615 1.0
548 617 1.0
548 621 1.0
548 623 1.0
548 626 1.0
548 627 1.0
548 629 1.0
548 630 -1.0
548 631 1.0
548 632 1.0
548 634 1.0
548 635 1.0
548 644 1.0
548 645 1.0
548 650 1.0
549 550 1.0
549 554 1.0
549 555 1.0
549 556 1.0
549 557 1.0
549 558 1.0
549 560 1.0
549 561 1.0
549 566 1.0
549 570 1.0
549 575 1.0
549 577 1.0
549 578 1.0
549 580 1.0
549 583 1.0
549 588 1.0
549 589 1.0
549 590 1.0
549 592 1.0
549 593 -1.0
549 594 1.0
549 596 1.0
549 598 1.0
549 601 1.0
549 603 1.0
549 606 1.0
549 607 1.0
549 608 1.0
549 609 1.0
549 610 1.0
549 611 1.0
549 617 -1.0
549 618 -1.0
549 619 1.0
549 622 1.0
549 627 1.0
549 628 1.0
549 631 1.0
549 632 1.0
549 633 1.0
549 634 1.0
549 636 1.0
549 638 1.0
549 640 1.0
549 648 1.0
550 551 1.0
550 552 1.0
550 553 -1.0
550 554 1.0
550 556 1.0
550 557 1.0
550 558 -1.0
550 562 1.0
550 565 1.0
550 566 1.0
550 569 1.0
550 571 1.0
550 575 1.0
550 576 1.0
550 582 1.0
550 583 1.0
550 584 -1.0
550 586 1.0
550 588 1.0
550 589 1.0
550 593 1.0
550 595 1.0
550 596 -1.0
550 597 1.0
550 598 1.0
550 600 1.0
550 601 1.0
550 609 1.0
550 611 1.0
550 612 1.0
550 616 1.0
550 617 1.0
550 618 1.0
550 621 1.0
550 622 1.0
550 623 1.0
550 626 1.0
550 628 1.0
550 629 1.0
550 631 1.0
550 636 1.0
550 637 1.0
550 641 1.0
550 642 1.0
550 645 -1.0
551 552 1.0
551 553 1.0
551 554 1.0
551 556 1.0
551 558 1.0
551 560 1.0
551 561 1.0
551 564 1.0
551 571 1.0
551 574 1.0
551 575 1.0
551 576 1.0
551 577 1.0
551 582 1.0
551 583 1.0
551 586 1.0
551 591 1.0
551 593 1.0
551 596 1.0
551 597 1.0
551 599 1.0
551 600 1.0
551 601 1.0
551 605 1.0
551 610 1.0
551 612 1.0
551 620 1.0
551 622 1.0
551 623 1.0
551 627 1.0
551 634 1.0
551 635 1.0
551 636 1.0
551 638 1.0
551 639 -1.0
551 640 1.0
551 649 1.0
551 650 1.0
551 566 1.0
552 554 -1.0
552 555 1.0
552 556 1.0
552 557 1.0
552 558 1.0
552 559 1.0
552 560 1.0
552 562 1.0
552 563 1.0
552 564 1.0
552 565 1.0
552 570 1.0
552 571 1.0
552 574 1.0
552 575 1.0
552 576 1.0
552 577 1.0
552 579 1.0
552 580 1.0
552 583 1.0
552 585 1.0
552 586 1.0
552 589 1.0
552 591 1.0
552 592 -1.0
552 597 1.0
552 599 1.0
552 601 1.0
552 604 1.0
552 605 1.0
552 610 1.0
552 617 1.0
552 618 1.0
552 619 -1.0
552 620 1.0
552 621 -1.0
552 624 1.0
552 629 1.0
552 630 1.0
552 632 1.0
552 633 1.0
552 635 1.0
552 643 1.0
552 648 1.0
553 556 1.0
553 560 1.0
553 561 1.0
553 566 1.0
553 567 1.0
553 569 1.0
553 570 1.0
553 571 1.0
553 573 1.0
553 574 1.0
553 576 1.0
553 577 1.0
553 578 1.0
553 580 1.0
553 581 -1.0
553 582 1.0
553 583 1.0
553 584 1.0
553 586 1.0
553 590 1.0
553 596 -1.0
553 597 1.0
553 598 1.0
553 599 1.0
553 600 1.0
553 602 -1.0
553 603 1.0
553 607 1.0
553 609 1.0
553 610 1.0
553 611 1.0
553 613 1.0
553 615 1.0
553 617 1.0
553 621 1.0
553 624 1.0
553 626 1.0
553 630 1.0
553 634 1.0
553 635 1.0
553 638 1.0
553 639 1.0
553 641 1.0
553 642 1.0
553 644 1.0
554 555 1.0
554 557 1.0
554 558 1.0
554 561 1.0
554 563 1.0
554 565 1.0
554 566 1.0
554 568 1.0
554 570 1.0
554 571 1.0
554 575 1.0
554 576 1.0
554 579 1.0
554 580 1.0
554 583 1.0
554 585 1.0
554 588 1.0
554 590 1.0
554 594 1.0
554 596 1.0
554 600 1.0
554 606 1.0
554 611 1.0
554 612 1.0
554 615 1.0
554 616 1.0
554 617 1.0
554 619 1.0
554 620 1.0
554 621 1.0
554 622 1.0
554 623 1.0
554 627 1.0
554 630 1.0
554 631 1.0
554 632 1.0
554 636 1.0
554 638 1.0
554 639 1.0
554 641 1.0
554 645 1.0
554 648 1.0
554 649 1.0
554 572 1.0
555 557 1.0
555 558 -1.0
555 562 -1.0
555 564 1.0
555 565 -1.0
555 567 1.0
555 573 1.0
555 574 1.0
555 575 1.0
555 576 1.0
555 577 -1.0
555 578 1.0
555 579 1.0
555 580 1.0
555 583 1.0
555 584 1.0
555 589 1.0
555 591 1.0
555 592 1.0
555 594 1.0
555 595 1.0
555 600 1.0
555 603 1.0
555 604 -1.0
555 605 1.0
555 606 1.0
555 609 1.0
555 611 1.0
555 612 1.0
555 615 1.0
555 616 1.0
555 617 1.0
555 618 1.0
555 622 1.0
555 623 1.0
555 624 1.0
555 625 -1.0
555 627 1.0
555 628 1.0
555 631 1.0
555 636 1.0
555 637 1.0
555 639 1.0
556 559 1.0
556 560 1.0
556 562 1.0
556 564 1.0
556 567 1.0
556 570 -1.0
556 572 1.0
556 574 1.0
556 575 1.0
556 576 1.0
556 577 1.0
556 579 1.0
556 580 1.0
556 582 -1.0
556 583 1.0
556 584 1.0
556 585 1.0
556 586 1.0
556 588 1.0
556 589 1.0
556 591 1.0
556 592 1.0
556 598 1.0
556 600 1.0
556 602 1.0
556 603 1.0
556 606 1.0
556 607 1.0
556 608 1.0
556 609 1.0
556 611 1.0
556 612 1.0
556 616 1.0
556 620 1.0
556 622 1.0
556 629 1.0
556 637 1.0
556 638 1.0
556 639 1.0
556 640 1.0
556 641 1.0
556 643 1.0
556 619 1.0
556 647 1.0
556 648 1.0
556 645 -1.0
556 649 1.0
557 558 1.0
557 559 1.0
557 560 1.0
557 561 1.0
557 563 1.0
557 564 1.0
557 565 1.0
557 566 1.0
557 569 1.0
557 570 1.0
557 571 1.0
557 572 1.0
557 573 1.0
557 574 1.0
557 575 1.0
557 576 -1.0
557 581 1.0
557 582 1.0
557 584 1.0
557 585 -1.0
557 586 1.0
557 587 1.0
557 588 1.0
557 591 1.0
557 592 1.0
557 594 -1.0
557 595 -1.0
557 596 1.0
557 599 1.0
557 600 -1.0
557 602 1.0
557 603 1.0
557 606 1.0
557 609 1.0
557 610 1.0
557 611 -1.0
557 613 1.0
557 616 1.0
557 617 1.0
557 622 1.0
557 623 1.0
557 624 1.0
557 632 1.0
557 636 1.0
557 640 1.0
557 645 -1.0
558 559 1.0
558 561 1.0
558 569 1.0
558 572 1.0
558 573 1.0
558 574 1.0
558 581 1.0
558 584 1.0
558 585 1.0
558 586 1.0
558 588 1.0
558 589 1.0
558 590 -1.0
558 593 1.0
558 594 1.0
558 595 1.0
558 596 -1.0
558 600 1.0
558 603 1.0
558 604 1.0
558 606 1.0
558 607 1.0
558 609 1.0
558 611 1.0
558 622 1.0
558 624 1.0
558 625 1.0
558 626 1.0
558 629 1.0
558 630 1.0
558 634 1.0
558 640 1.0
558 641 1.0
558 646 1.0
558 568 1.0
559 560 1.0
559 561 1.0
559 562 1.0
559 563 1.0
559 564 1.0
559 566 1.0
559 571 1.0
559 575 1.0
559 577 1.0
559 578 1.0
559 579 1.0
559 583 1.0
559 584 1.0
559 585 1.0
559 587 1.0
559 588 1.0
559 589 1.0
559 590 -1.0
559 591 1.0
559 592 1.0
559 594 -1.0
559 595 1.0
559 597 1.0
559 598 1.0
559 603 1.0
559 604 1.0
559 606 1.0
559 609 1.0
559 610 1.0
559 612 1.0
559 620 1.0
559 624 1.0
559 627 1.0
559 629 1.0
559 630 1.0
559 635 1.0
559 639 1.0
559 640 1.0
559 641 1.0
559 643 1.0
559 645 1.0
559 646 1.0
559 647 1.0
559 649 -1.0
560 564 -1.0
560 566 1.0
560 568 1.0
560 569 1.0
560 570 1.0
560 572 1.0
560 573 1.0
560 580 1.0
560 581 1.0
560 585 1.0
560 589 1.0
560 591 1.0
560 592 1.0
560 593 1.0
560 594 1.0
560 599 1.0
560 600 1.0
560 604 1.0
560 605 1.0
560 608 1.0
560 609 1.0
560 611 1.0
560 614 1.0
560 617 1.0
560 621 1.0
560 624 1.0
560 626 1.0
560 628 1.0
560 630 -1.0
560 631 1.0
560 633 1.0
560 637 1.0
560 638 -1.0
560 642 1.0
560 644 -1.0
560 645 1.0
560 646 1.0
560 647 1.0
560 649 1.0
561 562 1.0
561 563 -1.0
561 567 1.0
561 568 1.0
561 570 1.0
561 572 1.0
561 573 1.0
561 575 1.0
561 577 1.0
561 578 1.0
561 581 1.0
561 582 1.0
561 583 1.0
561 586 -1.0
561 587 1.0
561 589 1.0
561 593 -1.0
561 594 -1.0
561 595 1.0
561 599 1.0
561 600 1.0
561 601 1.0
561 604 1.0
561 605 1.0
561 608 1.0
561 610 1.0
561 611 1.0
561 614 -1.0
561 615 1.0
561 617 1.0
561 618 1.0
561 620 1.0
561 623 1.0
561 624 1.0
561 626 1.0
561 631 1.0
561 638 1.0
561 639 1.0
561 640 1.0
561 642 1.0
561 646 1.0
561 648 1.0
561 566 1.0
562 563 1.0
562 564 1.0
562 565 -1.0
562 567 1.0
562 569 1.0
562 570 1.0
562 573 -1.0
562 575 1.0
562 576 1.0
562 577 1.0
562 580 1.0
562 583 1.0
562 585 1.0
562 586 1.0
562 588 1.0
562 593 1.0
562 595 1.0
562 598 1.0
562 599 1.0
562 600 1.0
562 601 1.0
562 602 1.0
562 603 1.0
562 605 1.0
562 607 1.0
562 612 1.0
562 613 1.0
562 615 1.0
562 616 1.0
562 618 -1.0
562 619 1.0
562 620 1.0
562 622 1.0
562 623 1.0
562 624 -1.0
562 627 1.0
562 629 1.0
562 632 1.0
562 633 -1.0
562 638 1.0
562 639 1.0
562 640 1.0
562 642 -1.0
562 644 1.0
562 646 1.0
562 649 1.0
562 650 1.0
563 567 1.0
563 568 1.0
563 569 1.0
563 571 1.0
563 574 1.0
563 576 1.0
563 577 1.0
563 579 1.0
563 580 -1.0
563 588 1.0
563 591 1.0
563 592 1.0
563 593 1.0
563 594 1.0
563 596 1.0
563 597 1.0
563 600 1.0
563 601 1.0
563 603 1.0
563 604 1.0
563 605 1.0
563 607 1.0
563 608 1.0
563 609 -1.0
563 611 1.0
563 613 1.0
563 614 1.0
563 618 -1.0
563 620 1.0
563 621 1.0
563 623 1.0
563 624 1.0
563 625 1.0
563 628 1.0
563 631 1.0
563 634 1.0
563 642 1.0
563 643 1.0
563 644 1.0
563 647 1.0
563 648 1.0
563 650 1.0
564 566 1.0
564 569 1.0
564 574 1.0
564 575 1.0
564 576 1.0
564 580 1.0
564 581 1.0
564 582 1.0
564 583 1.0
564 586 1.0
564 587 1.0
564 588 1.0
564 589 1.0
564 591 1.0
564 592 1.0
564 593 1.0
564 596 -1.0
564 599 1.0
564 602 1.0
564 603 1.0
564 608 1.0
564 609 1.0
564 611 1.0
564 612 1.0
564 614 1.0
564 615 1.0
564 618 1.0
564 620 1.0
564 623 1.0
564 626 1.0
564 629 1.0
564 633 1.0
564 638 1.0
564 641 1.0
564 642 1.0
564 645 1.0
564 646 1.0
564 647 -1.0
564 649 1.0
564 650 1.0
564 570 1.0
565 566 1.0
565 567 1.0
565 568 1.0
565 571 1.0
565 573 1.0
565 574 -1.0
565 576 1.0
565 579 1.0
565 580 1.0
565 583 1.0
565 585 1.0
565 588 1.0
565 589 1.0
565 591 1.0
565 593 1.0
565 594 1.0
565 595 1.0
565 596 1.0
565 598 1.0
565 601 1.0
565 602 1.0
565 603 1.0
565 607 1.0
565 608 -1.0
565 610 1.0
565 613 1.0
565 614 1.0
565 619 1.0
565 620 1.0
565 621 1.0
565 626 1.0
565 627 1.0
565 628 1.0
565 632 1.0
565 636 1.0
565 637 1.0
565 643 -1.0
565 646 1.0
565 650 1.0
566 567 1.0
566 568 1.0
566 571 1.0
566 573 -1.0
566 574 1.0
566 576 1.0
566 578 1.0
566 579 1.0
566 581 1.0
566 585 1.0
566 586 1.0
566 588 1.0
566 589 1.0
566 590 1.0
566 599 1.0
566 601 1.0
566 602 1.0
566 605 1.0
566 606 -1.0
566 607 1.0
566 608 1.0
566 609 1.0
566 610 -1.0
566 612 1.0
566 614 1.0
566 615 1.0
566 616 1.0
566 619 1.0
566 621 1.0
566 622 1.0
566 623 -1.0
566 625 1.0
566 626 1.0
566 627 1.0
566 628 1.0
566 629 -1.0
566 632 1.0
566 633 1.0
566 640 1.0
566 641 1.0
566 642 1.0
566 643 1.0
566 644 1.0
566 645 1.0
566 646 1.0
566 647 1.0
566 649 -1.0
566 650 1.0
566 587 1.0
566 584 1.0
567 569 1.0
567 570 1.0
567 571 1.0
567 572 1.0
567 574 -1.0
567 577 1.0
567 578 1.0
567 579 1.0
567 581 1.0
567 585 1.0
567 588 1.0
567 589 1.0
567 590 1.0
567 592 -1.0
567 597 1.0
567 599 1.0
567 602 1.0
567 604 1.0
567 606 1.0
567 609 1.0
567 610 1.0
567 611 1.0
567 613 1.0
567 617 1.0
567 618 -1.0
567 619 1.0
567 622 1.0
567 624 1.0
567 625 1.0
567 626 1.0
567 627 1.0
567 629 1.0
567 633 1.0
567 637 1.0
567 639 -1.0
567 641 1.0
567 643 1.0
567 644 1.0
567 645 1.0
567 646 1.0
567 648 1.0
567 649 1.0
567 650 1.0
568 569 1.0
568 570 1.0
568 572 1.0
568 573 1.0
568 577 1.0
568 578 1.0
568 579 1.0
568 582 1.0
568 586 1.0
568 589 1.0
568 590 1.0
568 593 1.0
568 594 1.0
568 595 1.0
568 597 1.0
568 598 1.0
568 599 1.0
568 600 1.0
568 601 1.0
568 603 1.0
568 606 1.0
568 608 1.0
568 611 1.0
568 614 1.0
568 615 1.0
568 616 1.0
568 617 1.0
568 618 -1.0
568 620 -1.0
568 622 1.0
568 625 1.0
568 628 1.0
568 629 1.0
568 630 1.0
568 631 1.0
568 633 1.0
568 634 1.0
568 636 1.0
568 639 -1.0
568 641 1.0
568 642 1.0
568 643 1.0
568 645 1.0
568 648 -1.0
568 650 1.0
569 570 1.0
569 573 1.0
569 574 1.0
569 575 1.0
569 576 1.0
569 577 1.0
569 578 1.0
569 579 1.0
569 580 1.0
569 581 1.0
569 584 1.0
569 585 1.0
569 586 1.0
569 587 1.0
569 602 1.0
569 603 -1.0
569 604 -1.0
569 605 1.0
569 607 1.0
569 608 1.0
569 612 1.0
569 614 1.0
569 617 1.0
569 618 1.0
569 625 1.0
569 626 1.0
569 628 1.0
569 631 1.0
569 633 1.0
569 634 1.0
569 639 1.0
569 640 1.0
569 645 1.0
569 646 1.0
569 647 1.0
569 648 1.0
569 649 1.0
569 650 1.0
569 590 1.0
570 571 1.0
570 572 1.0
570 573 1.0
570 575 1.0
570 576 1.0
570 577 1.0
570 580 -1.0
570 582 1.0
570 584 1.0
570 585 1.0
570 587 1.0
570 590 -1.0
570 592 -1.0
570 594 1.0
570 596 1.0
570 597 1.0
570 600 1.0
570 602 1.0
570 607 1.0
570 608 1.0
570 609 1.0
570 612 -1.0
570 618 1.0
570 619 1.0
570 621 1.0
570 624 1.0
570 625 1.0
570 626 1.0
570 627 1.0
570 628 1.0
570 629 1.0
570 630 1.0
570 631 1.0
570 634 1.0
570 635 1.0
570 637 1.0
570 639 1.0
570 640 1.0
570 641 1.0
570 644 1.0
570 645 1.0
570 646 1.0
570 649 1.0
571 574 1.0
571 575 1.0
571 576 -1.0
571 578 1.0
571 580 1.0
571 581 1.0
571 584 1.0
571 585 1.0
571 586 1.0
571 587 1.0
571 588 1.0
571 589 1.0
571 591 1.0
571 592 1.0
571 593 -1.0
571 594 1.0
571 596 -1.0
571 597 1.0
571 599 -1.0
571 600 1.0
571 601 1.0
571 606 1.0
571 608 1.0
571 613 -1.0
571 614 1.0
571 615 -1.0
571 616 -1.0
571 618 1.0
571 620 1.0
571 621 1.0
571 623 1.0
571 624 1.0
571 625 1.0
571 626 1.0
571 629 1.0
571 632 1.0
571 633 1.0
571 636 1.0
571 638 -1.0
571 642 1.0
571 643 1.0
571 644 1.0
571 647 1.0
571 648 1.0
571 649 1.0
572 573 1.0
572 574 1.0
572 576 1.0
572 578 1.0
572 583 1.0
572 585 1.0
572 586 1.0
572 588 -1.0
572 593 1.0
572 594 1.0
572 598 1.0
572 599 1.0
572 600 1.0
572 603 1.0
572 604 1.0
572 605 1.0
572 606 1.0
572 609 1.0
572 610 1.0
572 614 1.0
572 615 1.0
572 621 -1.0
572 622 1.0
572 624 1.0
572 625 1.0
572 626 1.0
572 628 1.0
572 629 1.0
572 630 1.0
572 631 1.0
572 632 1.0
572 634 1.0
572 639 1.0
572 643 1.0
572 649 1.0
572 577 1.0
573 575 -1.0
573 576 1.0
573 578 1.0
573 580 1.0
573 582 1.0
573 583 1.0
573 586 1.0
573 589 1.0
573 590 1.0
573 591 1.0
573 592 1.0
573 594 1.0
573 595 1.0
573 596 1.0
573 597 1.0
573 599 1.0
573 600 1.0
573 601 -1.0
573 602 1.0
573 604 1.0
573 606 1.0
573 608 1.0
573 609 1.0
573 613 1.0
573 616 -1.0
573 617 1.0
573 621 1.0
573 622 1.0
573 625 1.0
573 627 1.0
573 629 1.0
573 631 1.0
573 636 1.0
573 637 1.0
573 638 1.0
573 639 1.0
573 640 1.0
573 642 1.0
573 643 1.0
573 646 1.0
573 647 1.0
574 575 1.0
574 578 -1.0
574 579 1.0
574 580 1.0
574 583 1.0
574 585 1.0
574 587 1.0
574 588 1.0
574 589 -1.0
574 592 1.0
574 593 1.0
574 594 1.0
574 595 1.0
574 596 1.0
574 597 1.0
574 599 1.0
574 600 1.0
574 603 1.0
574 604 -1.0
574 606 -1.0
574 609 -1.0
574 611 1.0
574 612 1.0
574 615 1.0
574 618 1.0
574 619 1.0
574 621 1.0
574 623 1.0
574 626 1.0
574 628 1.0
574 631 1.0
574 633 1.0
574 635 -1.0
574 637 1.0
574 638 1.0
574 640 1.0
574 641 1.0
574 642 -1.0
574 645 1.0
574 646 1.0
574 649 1.0
574 650 1.0
575 576 1.0
575 578 1.0
575 583 1.0
575 587 1.0
575 588 1.0
575 589 1.0
575 591 1.0
575 596 1.0
575 598 1.0
575 601 1.0
575 604 1.0
575 605 1.0
575 606 1.0
575 607 1.0
575 608 1.0
575 609 1.0
575 615 1.0
575 617 1.0
575 618 1.0
575 621 1.0
575 622 1.0
575 625 1.0
575 628 1.0
575 629 1.0
575 631 1.0
575 632 1.0
575 633 1.0
575 635 1.0
575 637 1.0
575 638 -1.0
575 639 1.0
575 640 1.0
575 641 -1.0
575 642 1.0
575 644 1.0
575 647 -1.0
576 577 1.0
576 579 1.0
576 581 1.0
576 588 1.0
576 590 1.0
576 592 1.0
576 593 1.0
576 596 1.0
576 598 1.0
576 602 1.0
576 604 1.0
576 608 1.0
576 610 1.0
576 611 1.0
576 612 1.0
576 613 1.0
576 614 1.0
576 616 1.0
576 620 1.0
576 622 -1.0
576 623 1.0
576 624 1.0
576 627 1.0
576 628 1.0
576 632 1.0
576 633 1.0
576 635 1.0
576 637 1.0
576 638 1.0
576 640 1.0
576 643 1.0
576 644 1.0
576 646 1.0
576 649 1.0
576 650 1.0
577 578 1.0
577 580 -1.0
577 581 1.0
577 583 -1.0
577 585 1.0
577 586 1.0
577 587 1.0
577 589 1.0
577 597 1.0
577 599 -1.0
577 600 1.0
577 601 1.0
577 604 1.0
577 605 1.0
577 609 1.0
577 612 1.0
577 616 1.0
577 617 1.0
577 618 1.0
577 619 -1.0
577 620 1.0
577 626 1.0
577 627 -1.0
577 631 1.0
577 632 1.0
577 636 1.0
577 638 1.0
577 641 1.0
577 643 1.0
577 644 1.0
577 646 1.0
577 647 -1.0
577 648 1.0
577 649 1.0
577 650 1.0
578 581 1.0
578 582 1.0
578 583 1.0
578 585 1.0
578 586 1.0
578 587 1.0
578 588 -1.0
578 591 1.0
578 594 1.0
578 595 1.0
578 596 1.0
578 597 1.0
578 598 1.0
578 603 1.0
578 604 1.0
578 606 1.0
578 607 1.0
578 609 1.0
578 610 1.0
578 611 -1.0
578 613 1.0
578 616 1.0
578 619 -1.0
578 620 1.0
578 623 1.0
578 626 1.0
578 627 1.0
578 628 1.0
578 630 1.0
578 631 1.0
578 633 1.0
578 636 1.0
578 639 1.0
578 641 1.0
578 642 1.0
578 645 1.0
578 647 1.0
578 649 1.0
579 580 -1.0
579 583 1.0
579 585 1.0
579 589 1.0
579 591 1.0
579 595 1.0
579 598 1.0
579 599 1.0
579 600 1.0
579 602 1.0
579 603 -1.0
579 604 1.0
579 607 1.0
579 609 1.0
579 613 1.0
579 619 1.0
579 625 1.0
579 626 1.0
579 628 1.0
579 629 1.0
579 634 1.0
579 638 1.0
579 640 1.0
579 647 1.0
579 649 -1.0
579 646 1.0
580 581 1.0
580 583 1.0
580 584 1.0
580 586 -1.0
580 589 1.0
580 592 1.0
580 593 1.0
580 594 1.0
580 595 1.0
580 596 1.0
580 597 1.0
580 600 1.0
580 601 1.0
580 604 1.0
580 605 1.0
580 606 1.0
580 607 -1.0
580 608 1.0
580 610 1.0
580 614 1.0
580 615 1.0
580 618 1.0
580 619 1.0
580 622 1.0
580 623 1.0
580 624 1.0
580 626 1.0
580 628 1.0
580 633 1.0
580 635 -1.0
580 636 1.0
580 638 1.0
580 639 1.0
580 640 -1.0
580 642 1.0
580 643 1.0
580 650 1.0
580 582 1.0
581 582 -1.0
581 583 1.0
581 584 1.0
581 586 1.0
581 587 -1.0
581 591 -1.0
581 592 1.0
581 594 1.0
581 595 1.0
581 596 1.0
581 597 -1.0
581 599 -1.0
581 600 1.0
581 601 1.0
581 602 1.0
581 604 1.0
581 606 1.0
581 607 1.0
581 609 1.0
581 611 -1.0
581 612 1.0
581 615 -1.0
581 616 1.0
581 625 1.0
581 627 1.0
581 629 1.0
581 630 1.0
581 633 1.0
581 636 1.0
581 637 1.0
581 642 1.0
581 643 1.0
581 646 1.0
581 647 1.0
581 648 1.0
581 650 1.0
582 585 1.0
582 586 1.0
582 588 1.0
582 589 1.0
582 591 -1.0
582 593 1.0
582 594 1.0
582 596 1.0
582 598 1.0
582 599 1.0
582 600 1.0
582 601 -1.0
582 602 1.0
582 603 1.0
582 606 1.0
582 607 -1.0
582 609 1.0
582 612 1.0
582 613 -1.0
582 615 1.0
582 616 1.0
582 617 1.0
582 618 1.0
582 620 1.0
582 622 1.0
582 623 1.0
582 627 1.0
582 629 1.0
582 630 1.0
582 631 1.0
582 633 1.0
582 635 1.0
582 638 1.0
582 639 1.0
582 642 1.0
582 644 1.0
582 645 -1.0
583 585 1.0
583 589 1.0
583 590 1.0
583 593 1.0
583 600 1.0
583 604 1.0
583 605 1.0
583 606 1.0
583 607 -1.0
583 610 1.0
583 611 1.0
583 613 1.0
583 614 1.0
583 615 -1.0
583 617 1.0
583 619 -1.0
583 620 1.0
583 622 1.0
583 623 1.0
583 625 1.0
583 627 1.0
583 628 1.0
583 631 1.0
583 632 1.0
583 633 1.0
583 634 1.0
583 636 1.0
583 640 1.0
583 643 1.0
583 644 1.0
583 646 1.0
583 647 -1.0
583 648 1.0
583 649 1.0
584 585 1.0
584 586 1.0
584 588 -1.0
584 589 1.0
584 590 1.0
584 596 -1.0
584 597 1.0
584 598 1.0
584 600 1.0
584 601 1.0
584 604 1.0
584 605 1.0
584 606 1.0
584 609 1.0
584 610 1.0
584 611 1.0
584 617 1.0
584 618 -1.0
584 620 -1.0
584 621 -1.0
584 623 1.0
584 624 1.0
584 625 1.0
584 627 1.0
584 630 1.0
584 631 -1.0
584 632 1.0
584 634 1.0
584 639 1.0
584 640 1.0
584 641 1.0
584 643 1.0
584 644 1.0
584 649 1.0
584 650 -1.0
585 588 1.0
585 590 1.0
585 591 1.0
585 594 -1.0
585 597 1.0
585 600 1.0
585 601 1.0
585 603 1.0
585 606 1.0
585 609 1.0
585 611 1.0
585 612 1.0
585 614 -1.0
585 615 -1.0
585 617 1.0
585 619 1.0
585 620 1.0
585 621 1.0
585 622 1.0
585 625 1.0
585 626 1.0
585 628 1.0
585 630 1.0
585 631 1.0
585 632 1.0
585 633 1.0
585 634 1.0
585 638 1.0
585 639 1.0
585 641 1.0
585 642 1.0
585 645 1.0
585 647 1.0
585 648 1.0
585 649 1.0
586 588 1.0
586 589 -1.0
586 593 -1.0
586 594 1.0
586 597 1.0
586 600 1.0
586 603 1.0
586 605 1.0
586 606 1.0
586 607 1.0
586 608 -1.0
586 609 1.0
586 610 1.0
586 612 1.0
586 614 1.0
586 615 1.0
586 616 1.0
586 617 1.0
586 618 1.0
586 620 1.0
586 621 1.0
586 622 1.0
586 625 1.0
586 627 1.0
586 628 1.0
586 635 1.0
586 639 1.0
586 641 1.0
586 644 1.0
586 645 1.0
586 646 1.0
586 647 1.0
586 648 1.0
586 624 1.0
587 588 1.0
587 589 1.0
587 592 1.0
587 595 1.0
587 597 1.0
587 598 1.0
587 599 1.0
587 600 1.0
587 605 1.0
587 606 1.0
587 607 1.0
587 608 1.0
587 610 1.0
587 611 1.0
587 612 1.0
587 613 1.0
587 616 1.0
587 617 1.0
587 618 1.0
587 620 1.0
587 622 1.0
587 623 1.0
587 624 1.0
587 625 1.0
587 628 1.0
587 630 1.0
587 633 1.0
587 636 1.0
587 645 1.0
587 646 1.0
587 650 1.0
587 635 1.0
588 590 1.0
588 591 1.0
588 593 1.0
588 594 1.0
588 598 1.0
588 602 1.0
588 603 1.0
588 606 1.0
588 608 1.0
588 609 1.0
588 610 1.0
588 612 -1.0
588 614 1.0
588 617 -1.0
588 618 1.0
588 620 1.0
588 626 1.0
588 627 1.0
588 628 1.0
588 630 1.0
588 634 1.0
588 637 1.0
588 638 1.0
588 639 1.0
588 640 1.0
588 643 1.0
588 644 1.0
588 645 1.0
588 647 1.0
588 649 1.0
588 650 1.0
589 590 1.0
589 592 -1.0
589 594 1.0
589 595 1.0
589 597 1.0
589 599 1.0
589 600 1.0
589 601 1.0
589 605 1.0
589 610 1.0
589 611 1.0
589 612 -1.0
589 614 -1.0
589 615 1.0
589 616 1.0
589 617 1.0
589 619 1.0
589 623 -1.0
589 626 1.0
589 627 1.0
589 630 1.0
589 631 1.0
589 632 1.0
589 635 1.0
589 636 1.0
589 637 1.0
589 638 1.0
589 639 1.0
589 640 1.0
589 642 1.0
589 648 1.0
589 649 1.0
589 650 1.0
589 598 -1.0
590 592 1.0
590 593 -1.0
590 596 1.0
590 598 1.0
590 599 1.0
590 600 -1.0
590 602 1.0
590 604 1.0
590 606 1.0
590 607 1.0
590 608 1.0
590 611 1.0
590 613 1.0
590 616 1.0
590 618 1.0
590 624 1.0
590 626 1.0
590 627 1.0
590 634 1.0
590 635 1.0
590 640 1.0
590 641 1.0
590 644 1.0
590 649 1.0
590 650 1.0
591 593 1.0
591 594 1.0
591 595 1.0
591 596 1.0
591 597 1.0
591 598 1.0
591 599 1.0
591 601 1.0
591 602 1.0
591 603 1.0
591 605 1.0
591 607 1.0
591 608 -1.0
591 609 1.0
591 611 1.0
591 613 1.0
591 616 -1.0
591 617 1.0
591 618 1.0
591 619 1.0
591 620 1.0
591 621 1.0
591 622 1.0
591 623 1.0
591 625 1.0
591 626 -1.0
591 628 1.0
591 631 1.0
591 632 1.0
591 633 1.0
591 634 1.0
591 636 1.0
591 637 1.0
591 639 1.0
591 642 1.0
591 646 1.0
591 647 -1.0
591 648 1.0
591 649 1.0
591 650 -1.0
592 594 1.0
592 596 1.0
592 597 -1.0
592 599 1.0
592 603 1.0
592 604 1.0
592 605 1.0
592 606 1.0
592 607 1.0
592 608 1.0
592 609 1.0
592 610 1.0
592 611 1.0
592 615 1.0
592 616 1.0
592 620 1.0
592 621 -1.0
592 624 -1.0
592 625 1.0
592 626 1.0
592 627 1.0
592 630 1.0
592 632 1.0
592 633 1.0
592 634 1.0
592 635 1.0
592 637 1.0
592 640 1.0
592 641 1.0
592 645 1.0
592 646 1.0
593 602 1.0
593 594 1.0
593 597 1.0
593 600 1.0
593 604 1.0
593 605 1.0
593 606 1.0
593 608 1.0
593 609 1.0
593 610 1.0
593 611 1.0
593 612 1.0
593 613 1.0
593 614 1.0
593 618 1.0
593 620 1.0
593 621 1.0
593 622 1.0
593 623 1.0
593 624 1.0
593 626 1.0
593 632 1.0
593 633 1.0
593 637 1.0
593 640 1.0
593 641 1.0
593 643 1.0
593 645 1.0
593 646 1.0
593 649 1.0
593 650 1.0
594 598 1.0
594 595 1.0
594 597 1.0
594 599 1.0
594 602 1.0
594 603 1.0
594 606 1.0
594 611 1.0
594 613 1.0
594 614 1.0
594 616 1.0
594 621 1.0
594 623 1.0
594 624 1.0
594 628 1.0
594 631 1.0
594 632 1.0
594 634 1.0
594 636 1.0
594 637 1.0
594 639 1.0
594 640 1.0
594 641 1.0
594 642 1.0
594 643 -1.0
594 646 1.0
595 599 1.0
595 603 1.0
595 605 1.0
595 607 1.0
595 608 1.0
595 609 1.0
595 610 1.0
595 611 1.0
595 612 1.0
595 613 1.0
595 614 1.0
595 615 1.0
595 617 1.0
595 619 1.0
595 620 -1.0
595 622 1.0
595 624 1.0
595 625 1.0
595 626 1.0
595 628 1.0
595 629 1.0
595 631 1.0
595 635 1.0
595 636 1.0
595 637 1.0
595 639 1.0
595 640 1.0
595 642 1.0
595 643 1.0
595 644 1.0
595 645 1.0
595 647 1.0
595 649 -1.0
595 650 1.0
595 596 1.0
596 612 1.0
596 598 1.0
596 602 -1.0
596 604 1.0
596 605 1.0
596 608 1.0
596 609 1.0
596 611 1.0
596 614 1.0
596 615 1.0
596 617 1.0
596 618 1.0
596 623 1.0
596 625 1.0
596 626 1.0
596 629 1.0
596 637 -1.0
596 638 1.0
596 640 -1.0
596 644 1.0
596 645 -1.0
596 647 1.0
596 648 1.0
596 622 1.0
597 599 1.0
597 600 1.0
597 603 1.0
597 604 -1.0
597 605 1.0
597 606 1.0
597 607 1.0
597 608 1.0
597 609 1.0
597 611 1.0
597 615 1.0
597 618 1.0
597 619 1.0
597 620 1.0
597 621 1.0
597 623 1.0
597 624 1.0
597 625 1.0
597 627 1.0
597 628 1.0
597 630 1.0
597 633 1.0
597 636 1.0
597 642 1.0
597 643 1.0
597 644 1.0
597 645 1.0
597 646 1.0
597 648 -1.0
597 649 1.0
598 599 1.0
598 600 1.0
598 605 1.0
598 606 1.0
598 608 1.0
598 610 1.0
598 612 1.0
598 613 1.0
598 617 1.0
598 621 -1.0
598 623 1.0
598 627 1.0
598 628 1.0
598 632 1.0
598 637 1.0
598 640 1.0
598 641 1.0
598 642 1.0
598 645 1.0
599 603 1.0
599 604 1.0
599 609 1.0
599 610 1.0
599 612 1.0
599 613 1.0
599 614 1.0
599 619 -1.0
599 623 1.0
599 625 1.0
599 626 -1.0
599 627 1.0
599 628 1.0
599 630 1.0
599 631 1.0
599 633 1.0
599 634 1.0
599 635 -1.0
599 637 1.0
599 638 1.0
599 639 -1.0
599 641 1.0
599 642 1.0
599 620 1.0
599 645 1.0
599 646 1.0
599 649 1.0
600 601 1.0
600 605 1.0
600 606 -1.0
600 607 1.0
600 608 1.0
600 609 1.0
600 610 -1.0
600 615 1.0
600 616 1.0
600 617 1.0
600 620 1.0
600 621 1.0
600 622 -1.0
600 623 1.0
600 625 1.0
600 627 1.0
600 629 1.0
600 630 1.0
600 631 1.0
600 632 1.0
600 633 1.0
600 635 1.0
600 637 1.0
600 639 1.0
600 641 1.0
600 642 1.0
600 643 1.0
600 645 1.0
600 648 1.0
600 649 1.0
600 650 1.0
601 602 1.0
601 604 -1.0
601 605 1.0
601 606 -1.0
601 607 -1.0
601 608 1.0
601 609 1.0
601 610 -1.0
601 611 1.0
601 612 1.0
601 613 1.0
601 615 1.0
601 621 1.0
601 622 1.0
601 623 1.0
601 624 1.0
601 625 1.0
601 627 1.0
601 630 1.0
601 632 1.0
601 633 1.0
601 636 1.0
601 638 1.0
601 639 1.0
601 641 1.0
601 642 1.0
601 643 1.0
601 644 1.0
601 648 1.0
601 650 1.0
602 603 1.0
602 604 1.0
602 605 1.0
602 607 -1.0
602 608 1.0
602 610 1.0
602 612 1.0
602 615 -1.0
602 616 1.0
602 618 1.0
602 621 1.0
602 623 1.0
602 626 1.0
602 630 1.0
602 631 1.0
602 632 -1.0
602 635 1.0
602 638 1.0
602 639 1.0
602 641 1.0
602 642 1.0
602 644 1.0
602 646 1.0
602 649 1.0
603 607 -1.0
603 611 1.0
603 612 1.0
603 613 1.0
603 614 1.0
603 616 1.0
603 618 1.0
603 619 1.0
603 620 1.0
603 622 1.0
603 623 1.0
603 626 -1.0
603 627 -1.0
603 628 1.0
603 629 1.0
603 633 1.0
603 634 1.0
603 638 1.0
603 639 1.0
603 641 1.0
603 643 1.0
603 645 1.0
603 646 1.0
603 647 1.0
603 650 1.0
603 644 1.0
604 609 1.0
604 612 -1.0
604 613 1.0
604 616 1.0
604 620 1.0
604 621 1.0
604 622 1.0
604 623 1.0
604 624 1.0
604 628 1.0
604 630 1.0
604 632 1.0
604 634 1.0
604 635 1.0
604 636 1.0
604 640 1.0
604 647 1.0
604 650 -1.0
604 644 1.0
605 609 1.0
605 613 1.0
605 615 1.0
605 616 1.0
605 617 1.0
605 618 1.0
605 620 1.0
605 621 1.0
605 622 1.0
605 623 1.0
605 624 1.0
605 625 1.0
605 626 1.0
605 627 1.0
605 628 1.0
605 633 1.0
605 635 1.0
605 638 1.0
605 640 1.0
605 641 1.0
605 642 1.0
605 643 -1.0
605 645 1.0
605 649 1.0
606 607 1.0
606 608 1.0
606 610 1.0
606 613 1.0
606 614 1.0
606 615 1.0
606 618 1.0
606 620 1.0
606 621 1.0
606 622 1.0
606 623 1.0
606 628 1.0
606 639 1.0
606 642 1.0
606 643 1.0
606 645 1.0
606 647 -1.0
606 650 1.0
607 609 1.0
607 610 1.0
607 615 1.0
607 616 1.0
607 619 1.0
607 621 1.0
607 622 1.0
607 623 1.0
607 624 1.0
607 628 -1.0
607 629 1.0
607 631 1.0
607 632 1.0
607 633 1.0
607 634 1.0
607 635 1.0
607 636 1.0
607 639 1.0
607 641 1.0
607 645 1.0
607 646 -1.0
607 647 -1.0
607 650 1.0
608 614 1.0
608 616 1.0
608 617 1.0
608 618 1.0
608 620 1.0
608 622 -1.0
608 625 1.0
608 626 -1.0
608 627 1.0
608 628 1.0
608 630 1.0
608 632 1.0
608 633 1.0
608 641 1.0
608 642 1.0
608 643 -1.0
608 644 1.0
608 646 1.0
608 647 1.0
608 649 1.0
608 650 1.0
609 611 1.0
609 612 1.0
609 614 1.0
609 615 1.0
609 617 1.0
609 618 1.0
609 622 1.0
609 625 -1.0
609 626 1.0
609 627 -1.0
609 628 1.0
609 631 -1.0
609 632 1.0
609 636 1.0
609 637 1.0
609 638 1.0
609 639 -1.0
609 643 1.0
609 647 1.0
609 650 1.0
610 611 1.0
610 612 1.0
610 613 1.0
610 616 1.0
610 620 -1.0
610 621 1.0
610 622 1.0
610 623 1.0
610 624 1.0
610 625 -1.0
610 626 1.0
610 627 -1.0
610 629 1.0
610 630 1.0
610 634 1.0
610 635 1.0
610 636 1.0
610 639 1.0
610 640 -1.0
610 642 1.0
610 645 1.0
610 647 1.0
610 648 1.0
610 649 1.0
611 612 1.0
611 613 1.0
611 614 1.0
611 615 1.0
611 616 1.0
611 618 1.0
611 620 1.0
611 621 1.0
611 622 1.0
611 624 1.0
611 626 1.0
611 627 1.0
611 628 1.0
611 629 1.0
611 632 1.0
611 633 -1.0
611 634 -1.0
611 636 1.0
611 638 1.0
611 639 1.0
611 640 1.0
611 644 1.0
611 648 1.0
611 650 1.0
611 637 1.0
612 614 1.0
612 616 1.0
612 618 1.0
612 619 1.0
612 620 1.0
612 621 1.0
612 623 1.0
612 624 1.0
612 626 1.0
612 629 1.0
612 630 1.0
612 632 1.0
612 634 1.0
612 636 1.0
612 637 1.0
612 638 1.0
612 639 1.0
612 641 1.0
612 643 1.0
612 644 1.0
612 645 1.0
612 649 1.0
613 617 1.0
613 618 1.0
613 621 1.0
613 622 1.0
613 623 1.0
613 624 1.0
613 625 1.0
613 626 1.0
613 627 1.0
613 628 1.0
613 630 1.0
613 634 -1.0
613 637 -1.0
613 638 1.0
613 639 1.0
613 641 1.0
613 643 1.0
613 644 1.0
613 647 1.0
613 649 1.0
613 650 1.0
614 616 1.0
614 618 1.0
614 619 1.0
614 621 1.0
614 622 1.0
614 623 1.0
614 625 1.0
614 626 1.0
614 628 1.0
614 634 1.0
614 635 -1.0
614 637 1.0
614 638 1.0
614 639 1.0
614 640 1.0
614 645 1.0
614 649 1.0
614 648 1.0
615 618 1.0
615 622 1.0
615 624 1.0
615 627 1.0
615 630 1.0
615 631 1.0
615 632 1.0
615 636 1.0
615 637 1.0
615 641 1.0
615 642 1.0
615 645 1.0
615 646 1.0
615 648 1.0
615 649 1.0
615 650 1.0
616 617 1.0
616 621 1.0
616 623 1.0
616 624 1.0
616 625 1.0
616 626 -1.0
616 630 1.0
616 634 1.0
616 639 1.0
616 641 1.0
616 642 1.0
616 643 1.0
616 645 1.0
616 647 1.0
616 648 1.0
617 618 1.0
617 619 1.0
617 622 1.0
617 623 1.0
617 624 1.0
617 628 1.0
617 631 1.0
617 633 1.0
617 635 1.0
617 636 1.0
617 639 1.0
617 640 1.0
617 642 1.0
617 643 1.0
617 644 1.0
617 646 1.0
617 647 1.0
617 648 1.0
617 650 1.0
618 619 1.0
618 621 1.0
618 622 1.0
618 623 1.0
618 624 1.0
618 628 1.0
618 629 1.0
618 632 1.0
618 636 1.0
618 646 1.0
618 650 1.0
619 622 1.0
619 623 1.0
619 624 1.0
619 625 1.0
619 626 1.0
619 627 1.0
619 630 1.0
619 631 1.0
619 632 1.0
619 633 1.0
619 635 1.0
619 636 1.0
619 637 1.0
619 639 1.0
619 641 1.0
619 642 1.0
619 643 1.0
619 645 1.0
619 648 -1.0
619 649 -1.0
619 650 1.0
619 629 1.0
620 622 1.0
620 623 -1.0
620 624 1.0
620 625 1.0
620 626 1.0
620 627 1.0
620 628 1.0
620 631 1.0
620 633 1.0
620 634 1.0
620 635 -1.0
620 636 -1.0
620 637 1.0
620 638 1.0
620 639 -1.0
620 641 1.0
620 642 1.0
620 643 1.0
620 646 1.0
620 647 -1.0
620 648 1.0
620 650 1.0
621 623 1.0
621 626 1.0
621 630 1.0
621 631 1.0
621 632 1.0
621 633 1.0
621 636 1.0
621 637 1.0
621 638 1.0
621 639 1.0
621 640 1.0
621 641 1.0
621 642 1.0
621 644 1.0
621 645 1.0
621 649 1.0
621 650 1.0
622 623 1.0
622 625 1.0
622 627 1.0
622 628 1.0
622 629 1.0
622 630 1.0
622 631 1.0
622 632 1.0
622 634 1.0
622 635 1.0
622 636 1.0
622 637 1.0
622 639 1.0
622 642 -1.0
622 644 1.0
622 648 1.0
622 650 1.0
622 640 1.0
623 625 1.0
623 627 1.0
623 630 -1.0
623 633 1.0
623 634 1.0
623 636 1.0
623 637 1.0
623 638 -1.0
623 642 1.0
623 645 1.0
623 646 1.0
623 649 1.0
623 650 1.0
623 626 1.0
624 631 1.0
624 634 1.0
624 635 1.0
624 637 1.0
624 638 1.0
624 640 1.0
624 642 1.0
624 644 1.0
624 645 1.0
624 647 1.0
624 648 1.0
624 650 1.0
625 626 1.0
625 627 1.0
625 628 1.0
625 629 1.0
625 631 1.0
625 632 1.0
625 633 1.0
625 634 1.0
625 637 1.0
625 638 1.0
625 639 1.0
625 642 1.0
625 644 1.0
625 648 -1.0
625 649 1.0
626 628 1.0
626 629 1.0
626 632 1.0
626 633 1.0
626 639 1.0
626 640 1.0
626 643 1.0
626 644 1.0
626 645 1.0
627 628 1.0
627 632 1.0
627 633 1.0
627 635 1.0
627 638 1.0
627 641 -1.0
627 644 1.0
627 645 1.0
627 646 1.0
627 650 1.0
628 631 1.0
628 632 1.0
628 633 1.0
628 634 -1.0
628 635 1.0
628 636 1.0
628 638 1.0
628 642 1.0
628 648 1.0
629 630 1.0
629 631 1.0
629 633 1.0
629 634 1.0
629 635 1.0
629 636 1.0
629 637 1.0
629 638 -1.0
629 640 1.0
629 641 1.0
629 644 1.0
629 646 -1.0
629 650 1.0
630 635 1.0
630 636 1.0
630 640 -1.0
630 643 1.0
630 645 -1.0
630 646 1.0
631 632 1.0
631 633 1.0
631 635 1.0
631 636 1.0
631 638 1.0
631 639 1.0
631 641 1.0
631 643 -1.0
631 645 1.0
631 649 1.0
632 633 1.0
632 634 1.0
632 635 -1.0
632 639 1.0
632 640 1.0
632 641 1.0
632 642 -1.0
632 644 1.0
632 646 1.0
632 647 1.0
632 648 1.0
632 649 1.0
632 637 1.0
632 650 1.0
633 635 1.0
633 636 1.0
633 638 1.0
633 642 1.0
633 644 1.0
633 646 1.0
633 648 -1.0
633 649 1.0
634 635 1.0
634 639 1.0
634 641 1.0
634 643 1.0
634 644 1.0
634 645 1.0
634 646 -1.0
634 647 1.0
635 636 1.0
635 638 1.0
635 639 1.0
635 640 1.0
635 645 1.0
635 648 -1.0
635 650 1.0
636 639 -1.0
636 642 1.0
636 643 1.0
636 647 1.0
637 638 1.0
637 639 1.0
637 640 1.0
637 643 1.0
637 644 1.0
637 649 1.0
638 639 -1.0
638 645 1.0
638 649 1.0
639 640 1.0
639 641 1.0
639 644 1.0
639 645 1.0
639 648 1.0
640 642 1.0
640 648 1.0
640 650 1.0
641 643 1.0
641 648 1.0
641 649 1.0
642 644 1.0
642 646 1.0
642 648 -1.0
643 647 1.0
643 648 1.0
643 649 1.0
645 647 1.0
645 650 -1.0
646 647 1.0
647 648 1.0
647 649 -1.0
647 650 1.0
649 650 1.0
