MULTICUT
1 3 -290.0
1 12 -294.0
1 15 -297.0
1 29 -293.0
1 39 -299.0
1 43 -304.0
1 45 -299.0
1 47 -294.0
1 50 -297.0
1 62 -301.0
1 65 -297.0
1 68 -295.0
1 73 -306.0
1 74 -296.0
1 76 -289.0
1 85 -299.0
1 90 -298.0
1 91 -303.0
1 92 -304.0
1 97 -297.0
1 99 -297.0
1 103 -297.0
1 106 -304.0
1 111 -300.0
1 121 -305.0
1 126 -307.0
1 129 -289.0
1 130 -300.0
1 132 -290.0
1 133 -299.0
1 135 -292.0
1 150 -297.0
1 162 -201.0
1 163 -197.0
1 172 -196.0
1 173 -192.0
1 176 -196.0
1 181 -188.0
1 184 -201.0
1 189 -197.0
1 192 -195.0
1 195 -196.0
1 198 -206.0
1 203 -198.0
1 205 -199.0
1 210 -207.0
1 212 -204.0
1 215 -201.0
1 217 -200.0
1 218 -202.0
1 219 -199.0
1 224 -204.0
1 230 -198.0
1 231 -194.0
1 234 -195.0
1 235 -193.0
1 236 -204.0
1 239 -195.0
1 246 -204.0
1 250 -205.0
1 263 -196.0
1 267 -205.0
1 269 -197.0
1 270 -202.0
1 278 -202.0
1 280 -204.0
1 281 -199.0
1 283 -199.0
1 299 -191.0
1 308 -202.0
1 311 -200.0
1 320 -201.0
1 324 -204.0
1 326 -201.0
1 331 -202.0
1 335 -193.0
1 336 -193.0
1 339 -200.0
1 341 -201.0
1 343 -199.0
1 344 -198.0
1 356 -201.0
1 357 -197.0
1 358 -200.0
1 359 -201.0
1 362 -196.0
1 365 -203.0
1 371 -208.0
1 373 -183.0
1 380 -190.0
1 381 -198.0
1 389 -184.0
1 391 -208.0
1 392 -207.0
1 395 -196.0
1 399 -202.0
1 405 -198.0
1 412 -199.0
1 418 -190.0
1 428 -200.0
1 434 -195.0
1 439 -202.0
1 444 -196.0
1 446 -209.0
1 449 -198.0
1 454 -204.0
1 456 -200.0
1 461 -202.0
1 462 -201.0
1 468 -198.0
1 476 -199.0
1 484 -195.0
1 497 -203.0
1 498 -206.0
1 502 -210.0
1 505 -201.0
1 506 -203.0
1 522 -196.0
1 531 -207.0
1 532 -195.0
1 539 -196.0
1 541 -200.0
1 543 -200.0
1 563 -203.0
1 572 -205.0
1 574 -205.0
1 575 -205.0
1 579 -187.0
1 587 -204.0
1 595 -198.0
1 598 -194.0
1 600 -195.0
1 608 -202.0
1 610 -196.0
1 611 -204.0
1 614 -195.0
1 619 -198.0
1 621 -198.0
1 625 -199.0
1 628 -199.0
1 629 -195.0
1 632 -194.0
2 3 -296.0
2 5 -303.0
2 12 -299.0
2 13 -298.0
2 17 -296.0
2 18 -298.0
2 28 -306.0
2 40 -294.0
2 44 -304.0
2 50 -295.0
2 51 -302.0
2 52 -301.0
2 56 -296.0
2 57 -293.0
2 62 -298.0
2 66 -295.0
2 67 -294.0
2 77 -297.0
2 86 -298.0
2 87 -296.0
2 88 -304.0
2 89 -298.0
2 90 -294.0
2 92 -300.0
2 103 -299.0
2 120 -296.0
2 121 -298.0
2 126 -300.0
2 127 -295.0
2 134 -291.0
2 147 -299.0
2 162 -196.0
2 173 -204.0
2 176 -197.0
2 179 -197.0
2 187 -190.0
2 198 -190.0
2 208 -203.0
2 220 -202.0
2 230 -206.0
2 241 -197.0
2 244 -204.0
2 250 -194.0
2 261 -202.0
2 268 -194.0
2 277 -201.0
2 282 -195.0
2 293 -207.0
2 294 -202.0
2 296 -204.0
2 297 -195.0
2 300 -195.0
2 305 -195.0
2 320 -195.0
2 332 -202.0
2 335 -207.0
2 342 -196.0
2 347 -202.0
2 351 -195.0
2 354 -200.0
2 360 -195.0
2 362 -203.0
2 363 -196.0
2 365 -207.0
2 372 -192.0
2 373 -198.0
2 375 -206.0
2 385 -192.0
2 386 -204.0
2 390 -214.0
2 391 -198.0
2 393 -188.0
2 401 -195.0
2 402 -209.0
2 406 -199.0
2 411 -203.0
2 413 -190.0
2 421 -200.0
2 422 -200.0
2 424 -201.0
2 435 -206.0
2 440 -196.0
2 452 -200.0
2 459 -193.0
2 470 -209.0
2 478 -194.0
2 488 -203.0
2 490 -205.0
2 491 -201.0
2 505 -190.0
2 506 -193.0
2 517 -195.0
2 523 -199.0
2 530 -203.0
2 533 -203.0
2 536 -202.0
2 543 -209.0
2 546 -198.0
2 561 -197.0
2 565 -200.0
2 570 -203.0
2 571 -206.0
2 591 -194.0
2 593 -191.0
2 596 -195.0
2 597 -204.0
2 602 -205.0
2 608 -204.0
2 610 -201.0
2 615 -202.0
2 628 -201.0
2 629 -194.0
2 635 -198.0
2 637 -205.0
2 639 -203.0
3 4 -296.0
3 11 -298.0
3 18 -294.0
3 21 -308.0
3 22 -294.0
3 24 -291.0
3 26 -303.0
3 51 -301.0
3 52 -306.0
3 64 -292.0
3 66 -299.0
3 67 -297.0
3 68 -301.0
3 75 -304.0
3 81 -300.0
3 90 -295.0
3 96 -290.0
3 97 -302.0
3 100 -301.0
3 106 -299.0
3 107 -296.0
3 115 -299.0
3 124 -313.0
3 127 -298.0
3 137 -292.0
3 142 -307.0
3 152 -292.0
3 156 -296.0
3 158 -308.0
3 162 -205.0
3 164 -197.0
3 171 -206.0
3 175 -197.0
3 176 -198.0
3 189 -199.0
3 193 -198.0
3 194 -202.0
3 197 -197.0
3 201 -213.0
3 207 -197.0
3 208 -210.0
3 224 -205.0
3 230 -198.0
3 233 -192.0
3 237 -199.0
3 238 -199.0
3 257 -197.0
3 261 -190.0
3 262 -203.0
3 263 -198.0
3 265 -195.0
3 267 -202.0
3 273 -196.0
3 274 -205.0
3 277 -198.0
3 279 -204.0
3 281 -201.0
3 284 -207.0
3 287 -203.0
3 289 -196.0
3 299 -203.0
3 306 -203.0
3 310 -200.0
3 316 -207.0
3 324 -199.0
3 325 -207.0
3 330 -196.0
3 333 -197.0
3 334 -199.0
3 338 -204.0
3 342 -201.0
3 343 -205.0
3 345 -195.0
3 352 -194.0
3 353 -200.0
3 354 -193.0
3 368 -194.0
3 374 -205.0
3 375 -203.0
3 380 -195.0
3 385 -197.0
3 387 -199.0
3 397 -200.0
3 398 -203.0
3 408 -202.0
3 414 -207.0
3 421 -210.0
3 429 -206.0
3 431 -199.0
3 435 -200.0
3 441 -204.0
3 442 -194.0
3 446 -209.0
3 455 -201.0
3 457 -192.0
3 461 -197.0
3 462 -199.0
3 465 -206.0
3 484 -201.0
3 491 -198.0
3 495 -197.0
3 512 -201.0
3 516 -203.0
3 519 -198.0
3 522 -207.0
3 523 -205.0
3 525 -202.0
3 537 -198.0
3 539 -192.0
3 545 -197.0
3 550 -203.0
3 554 -201.0
3 559 -207.0
3 563 -196.0
3 574 -204.0
3 578 -198.0
3 584 -200.0
3 609 -208.0
3 610 -197.0
3 611 -198.0
3 617 -201.0
3 618 -202.0
3 623 -197.0
3 624 -198.0
3 627 -197.0
3 629 -192.0
3 634 -214.0
3 637 -208.0
3 640 -205.0
4 11 -304.0
4 15 -297.0
4 20 -298.0
4 22 -307.0
4 26 -309.0
4 35 -297.0
4 40 -297.0
4 41 -301.0
4 45 -301.0
4 56 -305.0
4 67 -298.0
4 70 -300.0
4 73 -300.0
4 77 -298.0
4 80 -302.0
4 84 -292.0
4 89 -297.0
4 92 -304.0
4 98 -296.0
4 99 -294.0
4 109 -302.0
4 111 -297.0
4 114 -300.0
4 132 -296.0
4 134 -308.0
4 135 -301.0
4 142 -299.0
4 146 -304.0
4 150 -306.0
4 153 -302.0
4 161 -203.0
4 164 -210.0
4 168 -197.0
4 184 -201.0
4 186 -196.0
4 192 -206.0
4 198 -195.0
4 205 -204.0
4 206 -198.0
4 212 -209.0
4 218 -198.0
4 219 -201.0
4 222 -188.0
4 224 -202.0
4 227 -212.0
4 228 -199.0
4 236 -199.0
4 238 -201.0
4 242 -204.0
4 252 -195.0
4 264 -205.0
4 266 -197.0
4 267 -204.0
4 277 -201.0
4 282 -198.0
4 291 -200.0
4 295 -199.0
4 329 -193.0
4 331 -201.0
4 340 -209.0
4 342 -203.0
4 344 -195.0
4 346 -202.0
4 350 -202.0
4 352 -195.0
4 354 -199.0
4 356 -205.0
4 362 -203.0
4 372 -205.0
4 374 -196.0
4 383 -206.0
4 384 -204.0
4 385 -203.0
4 386 -194.0
4 387 -204.0
4 392 -197.0
4 408 -206.0
4 418 -195.0
4 430 -192.0
4 436 -205.0
4 442 -193.0
4 445 -205.0
4 455 -198.0
4 467 -195.0
4 470 -205.0
4 475 -197.0
4 482 -189.0
4 488 -192.0
4 492 -206.0
4 494 -190.0
4 503 -207.0
4 505 -206.0
4 511 -204.0
4 514 -207.0
4 516 -197.0
4 527 -200.0
4 541 -204.0
4 542 -206.0
4 550 -196.0
4 559 -199.0
4 561 -198.0
4 565 -198.0
4 566 -195.0
4 570 -195.0
4 577 -198.0
4 579 -201.0
4 581 -203.0
4 586 -195.0
4 591 -200.0
4 593 -196.0
4 596 -200.0
4 599 -194.0
4 606 -203.0
4 611 -197.0
4 614 -205.0
4 616 -204.0
4 618 -202.0
4 620 -194.0
4 622 -197.0
4 624 -201.0
4 625 -197.0
4 631 -198.0
4 632 -201.0
4 637 -199.0
4 638 -198.0
5 13 -292.0
5 17 -310.0
5 28 -304.0
5 30 -303.0
5 35 -304.0
5 59 -296.0
5 62 -293.0
5 65 -304.0
5 72 -301.0
5 73 -303.0
5 75 -294.0
5 76 -290.0
5 95 -291.0
5 99 -303.0
5 104 -295.0
5 105 -296.0
5 108 -305.0
5 119 -305.0
5 129 -300.0
5 131 -293.0
5 135 -304.0
5 142 -293.0
5 143 -311.0
5 152 -299.0
5 155 -297.0
5 157 -294.0
5 158 -297.0
5 159 -294.0
5 160 -296.0
5 165 -207.0
5 169 -198.0
5 191 -208.0
5 195 -190.0
5 199 -201.0
5 200 -192.0
5 202 -198.0
5 219 -199.0
5 222 -205.0
5 227 -203.0
5 230 -200.0
5 234 -200.0
5 235 -209.0
5 236 -201.0
5 240 -200.0
5 242 -204.0
5 248 -199.0
5 254 -201.0
5 259 -196.0
5 262 -197.0
5 264 -200.0
5 267 -202.0
5 268 -195.0
5 275 -205.0
5 276 -211.0
5 283 -195.0
5 284 -206.0
5 289 -204.0
5 291 -197.0
5 293 -195.0
5 301 -196.0
5 307 -199.0
5 315 -196.0
5 318 -198.0
5 321 -194.0
5 328 -201.0
5 335 -196.0
5 336 -196.0
5 342 -211.0
5 350 -201.0
5 365 -203.0
5 366 -197.0
5 369 -196.0
5 375 -191.0
5 385 -198.0
5 386 -200.0
5 392 -205.0
5 399 -196.0
5 401 -198.0
5 402 -209.0
5 411 -200.0
5 421 -201.0
5 427 -195.0
5 438 -202.0
5 446 -206.0
5 451 -195.0
5 453 -208.0
5 455 -204.0
5 462 -203.0
5 464 -200.0
5 468 -204.0
5 470 -197.0
5 480 -192.0
5 486 -201.0
5 489 -201.0
5 507 -194.0
5 509 -198.0
5 511 -197.0
5 515 -202.0
5 526 -206.0
5 528 -208.0
5 529 -205.0
5 532 -195.0
5 533 -194.0
5 537 -196.0
5 539 -205.0
5 540 -191.0
5 552 -203.0
5 565 -199.0
5 569 -200.0
5 588 -196.0
5 591 -206.0
5 593 -191.0
5 602 -197.0
5 616 -204.0
5 638 -194.0
5 639 -212.0
6 8 -288.0
6 21 -297.0
6 25 -304.0
6 26 -296.0
6 31 -311.0
6 39 -298.0
6 45 -297.0
6 47 -297.0
6 55 -294.0
6 58 -306.0
6 69 -302.0
6 71 -303.0
6 72 -303.0
6 73 -294.0
6 82 -287.0
6 83 -294.0
6 86 -301.0
6 94 -295.0
6 98 -299.0
6 102 -307.0
6 103 -291.0
6 112 -293.0
6 114 -302.0
6 124 -304.0
6 136 -296.0
6 140 -297.0
6 144 -301.0
6 156 -308.0
6 159 -310.0
6 160 -297.0
6 169 -203.0
6 183 -202.0
6 185 -197.0
6 193 -199.0
6 196 -189.0
6 197 -199.0
6 201 -190.0
6 206 -199.0
6 214 -199.0
6 217 -199.0
6 220 -191.0
6 225 -209.0
6 232 -197.0
6 238 -201.0
6 240 -195.0
6 251 -196.0
6 255 -200.0
6 263 -198.0
6 278 -196.0
6 288 -199.0
6 290 -198.0
6 297 -201.0
6 305 -202.0
6 309 -194.0
6 321 -196.0
6 323 -198.0
6 331 -190.0
6 334 -198.0
6 335 -200.0
6 336 -198.0
6 337 -201.0
6 338 -194.0
6 350 -195.0
6 355 -198.0
6 358 -211.0
6 367 -203.0
6 373 -200.0
6 376 -201.0
6 378 -198.0
6 386 -204.0
6 389 -200.0
6 390 -197.0
6 407 -193.0
6 409 -207.0
6 413 -203.0
6 414 -198.0
6 417 -194.0
6 419 -198.0
6 421 -199.0
6 423 -200.0
6 429 -198.0
6 434 -211.0
6 435 -204.0
6 436 -190.0
6 440 -202.0
6 447 -186.0
6 448 -202.0
6 451 -193.0
6 455 -199.0
6 459 -197.0
6 468 -198.0
6 471 -199.0
6 474 -195.0
6 475 -200.0
6 476 -200.0
6 479 -207.0
6 482 -205.0
6 486 -201.0
6 490 -206.0
6 501 -196.0
6 502 -201.0
6 505 -202.0
6 511 -192.0
6 513 -195.0
6 519 -196.0
6 524 -196.0
6 529 -195.0
6 536 -204.0
6 546 -198.0
6 549 -203.0
6 571 -202.0
6 596 -204.0
6 597 -198.0
6 604 -199.0
6 610 -207.0
6 620 -202.0
6 621 -195.0
6 624 -199.0
6 630 -199.0
6 640 -201.0
7 16 -301.0
7 19 -304.0
7 31 -296.0
7 34 -312.0
7 38 -298.0
7 40 -297.0
7 42 -299.0
7 45 -303.0
7 48 -290.0
7 56 -302.0
7 60 -297.0
7 61 -296.0
7 82 -299.0
7 84 -294.0
7 85 -290.0
7 88 -302.0
7 90 -302.0
7 94 -308.0
7 111 -300.0
7 113 -305.0
7 121 -305.0
7 127 -301.0
7 134 -298.0
7 136 -299.0
7 147 -299.0
7 148 -298.0
7 162 -194.0
7 169 -194.0
7 183 -205.0
7 185 -200.0
7 188 -194.0
7 190 -205.0
7 198 -202.0
7 209 -198.0
7 210 -211.0
7 213 -205.0
7 216 -199.0
7 238 -202.0
7 257 -201.0
7 270 -205.0
7 275 -195.0
7 277 -211.0
7 283 -202.0
7 306 -210.0
7 307 -194.0
7 308 -208.0
7 323 -201.0
7 325 -199.0
7 334 -202.0
7 340 -195.0
7 341 -202.0
7 343 -197.0
7 353 -204.0
7 355 -211.0
7 360 -206.0
7 369 -200.0
7 386 -194.0
7 391 -196.0
7 393 -198.0
7 394 -200.0
7 396 -194.0
7 399 -200.0
7 402 -201.0
7 408 -193.0
7 413 -197.0
7 418 -203.0
7 423 -205.0
7 425 -198.0
7 431 -203.0
7 442 -203.0
7 445 -205.0
7 449 -195.0
7 454 -200.0
7 465 -198.0
7 469 -207.0
7 475 -203.0
7 476 -196.0
7 477 -204.0
7 480 -201.0
7 481 -207.0
7 495 -199.0
7 502 -195.0
7 505 -199.0
7 516 -200.0
7 517 -197.0
7 523 -198.0
7 524 -194.0
7 528 -199.0
7 530 -214.0
7 535 -203.0
7 545 -199.0
7 550 -194.0
7 554 -203.0
7 560 -204.0
7 561 -202.0
7 566 -193.0
7 578 -199.0
7 583 -200.0
7 584 -196.0
7 590 -194.0
7 591 -202.0
7 605 -196.0
7 612 -197.0
7 626 -202.0
7 628 -209.0
7 636 -194.0
7 637 -205.0
7 639 -192.0
8 9 -303.0
8 10 -304.0
8 20 -311.0
8 32 -309.0
8 40 -299.0
8 42 -296.0
8 55 -300.0
8 60 -294.0
8 64 -303.0
8 78 -291.0
8 92 -296.0
8 93 -294.0
8 99 -295.0
8 104 -302.0
8 107 -302.0
8 112 -306.0
8 125 -308.0
8 129 -299.0
8 132 -292.0
8 133 -298.0
8 135 -298.0
8 136 -302.0
8 137 -294.0
8 141 -305.0
8 146 -300.0
8 148 -303.0
8 157 -308.0
8 161 -206.0
8 166 -206.0
8 174 -184.0
8 178 -197.0
8 185 -196.0
8 190 -201.0
8 191 -195.0
8 196 -198.0
8 200 -205.0
8 206 -200.0
8 207 -202.0
8 211 -202.0
8 212 -205.0
8 213 -202.0
8 226 -209.0
8 228 -189.0
8 241 -198.0
8 245 -203.0
8 250 -200.0
8 252 -196.0
8 262 -189.0
8 266 -200.0
8 269 -202.0
8 278 -201.0
8 286 -197.0
8 294 -201.0
8 301 -196.0
8 306 -204.0
8 309 -200.0
8 311 -201.0
8 312 -203.0
8 320 -193.0
8 321 -191.0
8 324 -201.0
8 328 -192.0
8 331 -198.0
8 334 -200.0
8 339 -201.0
8 340 -202.0
8 343 -197.0
8 348 -204.0
8 355 -203.0
8 367 -202.0
8 372 -209.0
8 374 -199.0
8 375 -209.0
8 379 -186.0
8 380 -196.0
8 395 -201.0
8 397 -202.0
8 401 -193.0
8 408 -193.0
8 411 -193.0
8 414 -197.0
8 415 -198.0
8 423 -191.0
8 431 -192.0
8 449 -199.0
8 460 -201.0
8 463 -195.0
8 471 -206.0
8 475 -193.0
8 476 -196.0
8 494 -186.0
8 502 -196.0
8 504 -200.0
8 506 -197.0
8 508 -198.0
8 533 -202.0
8 535 -196.0
8 539 -197.0
8 541 -200.0
8 547 -203.0
8 554 -187.0
8 559 -196.0
8 562 -200.0
8 567 -201.0
8 569 -202.0
8 571 -202.0
8 586 -197.0
8 587 -197.0
8 588 -198.0
8 593 -197.0
8 596 -199.0
8 599 -196.0
8 601 -195.0
8 608 -192.0
8 609 -199.0
8 615 -200.0
8 616 -199.0
8 623 -198.0
8 624 -197.0
8 634 -196.0
8 639 -198.0
9 12 -303.0
9 14 -296.0
9 15 -304.0
9 16 -297.0
9 20 -297.0
9 24 -300.0
9 37 -302.0
9 40 -298.0
9 46 -309.0
9 53 -301.0
9 60 -299.0
9 64 -299.0
9 76 -304.0
9 78 -307.0
9 84 -301.0
9 95 -302.0
9 99 -303.0
9 106 -304.0
9 109 -303.0
9 115 -301.0
9 119 -293.0
9 121 -298.0
9 124 -311.0
9 126 -307.0
9 129 -303.0
9 130 -303.0
9 141 -301.0
9 148 -306.0
9 152 -302.0
9 160 -299.0
9 163 -208.0
9 168 -200.0
9 171 -206.0
9 172 -198.0
9 176 -193.0
9 177 -195.0
9 187 -198.0
9 190 -204.0
9 195 -198.0
9 200 -195.0
9 215 -194.0
9 218 -194.0
9 220 -193.0
9 225 -193.0
9 231 -208.0
9 247 -200.0
9 248 -200.0
9 251 -199.0
9 252 -193.0
9 259 -203.0
9 271 -194.0
9 275 -198.0
9 276 -204.0
9 278 -201.0
9 284 -193.0
9 289 -196.0
9 290 -201.0
9 297 -207.0
9 298 -204.0
9 299 -197.0
9 305 -213.0
9 306 -204.0
9 308 -200.0
9 309 -204.0
9 312 -199.0
9 316 -197.0
9 325 -196.0
9 334 -203.0
9 342 -200.0
9 344 -204.0
9 349 -208.0
9 350 -200.0
9 362 -191.0
9 369 -206.0
9 376 -198.0
9 378 -203.0
9 384 -208.0
9 385 -202.0
9 388 -202.0
9 393 -202.0
9 404 -204.0
9 407 -203.0
9 408 -191.0
9 414 -206.0
9 420 -195.0
9 427 -200.0
9 428 -196.0
9 436 -197.0
9 440 -210.0
9 443 -195.0
9 448 -194.0
9 454 -194.0
9 459 -191.0
9 467 -202.0
9 469 -204.0
9 471 -203.0
9 472 -189.0
9 473 -214.0
9 474 -206.0
9 480 -200.0
9 483 -198.0
9 488 -199.0
9 489 -197.0
9 499 -201.0
9 504 -198.0
9 517 -195.0
9 525 -200.0
9 528 -194.0
9 530 -203.0
9 539 -194.0
9 543 -196.0
9 545 -195.0
9 578 -204.0
9 582 -193.0
9 583 -202.0
9 584 -197.0
9 590 -207.0
9 598 -198.0
9 600 -201.0
9 601 -200.0
9 603 -197.0
9 605 -196.0
9 607 -194.0
9 611 -203.0
9 613 -199.0
9 622 -197.0
9 623 -203.0
9 624 -196.0
9 627 -200.0
9 633 -212.0
9 636 -197.0
10 12 -303.0
10 13 -296.0
10 15 -298.0
10 20 -290.0
10 22 -296.0
10 24 -304.0
10 30 -294.0
10 31 -299.0
10 46 -294.0
10 53 -305.0
10 59 -297.0
10 82 -295.0
10 85 -302.0
10 89 -316.0
10 94 -296.0
10 99 -298.0
10 107 -305.0
10 109 -311.0
10 111 -298.0
10 117 -297.0
10 127 -296.0
10 128 -304.0
10 129 -302.0
10 132 -294.0
10 135 -299.0
10 136 -295.0
10 137 -307.0
10 142 -294.0
10 148 -299.0
10 149 -299.0
10 150 -284.0
10 154 -301.0
10 156 -292.0
10 165 -204.0
10 166 -193.0
10 174 -188.0
10 176 -196.0
10 177 -200.0
10 182 -202.0
10 196 -195.0
10 198 -192.0
10 213 -192.0
10 215 -200.0
10 231 -209.0
10 234 -200.0
10 246 -198.0
10 247 -197.0
10 254 -201.0
10 255 -192.0
10 256 -202.0
10 275 -200.0
10 276 -197.0
10 278 -200.0
10 280 -206.0
10 281 -207.0
10 288 -207.0
10 289 -198.0
10 290 -196.0
10 301 -192.0
10 303 -210.0
10 313 -203.0
10 314 -200.0
10 322 -198.0
10 323 -194.0
10 326 -198.0
10 328 -204.0
10 330 -204.0
10 331 -204.0
10 335 -201.0
10 339 -200.0
10 340 -215.0
10 342 -204.0
10 343 -207.0
10 349 -177.0
10 353 -201.0
10 354 -200.0
10 355 -198.0
10 356 -198.0
10 358 -201.0
10 359 -205.0
10 371 -196.0
10 386 -200.0
10 391 -209.0
10 395 -197.0
10 397 -196.0
10 401 -201.0
10 403 -206.0
10 409 -204.0
10 414 -205.0
10 423 -192.0
10 437 -199.0
10 439 -203.0
10 448 -195.0
10 452 -195.0
10 458 -204.0
10 459 -188.0
10 468 -196.0
10 472 -197.0
10 474 -197.0
10 482 -197.0
10 485 -199.0
10 490 -209.0
10 505 -201.0
10 508 -195.0
10 509 -199.0
10 518 -195.0
10 522 -195.0
10 523 -199.0
10 524 -199.0
10 531 -200.0
10 537 -212.0
10 544 -209.0
10 550 -202.0
10 551 -200.0
10 553 -192.0
10 556 -192.0
10 557 -197.0
10 561 -206.0
10 567 -191.0
10 573 -197.0
10 575 -201.0
10 584 -199.0
10 587 -201.0
10 600 -195.0
10 606 -194.0
10 612 -208.0
10 617 -199.0
10 618 -196.0
10 624 -201.0
10 627 -202.0
10 637 -190.0
10 638 -198.0
10 640 -195.0
11 16 -302.0
11 33 -296.0
11 58 -302.0
11 60 -305.0
11 63 -299.0
11 66 -300.0
11 70 -302.0
11 74 -303.0
11 76 -294.0
11 80 -295.0
11 84 -293.0
11 93 -295.0
11 100 -303.0
11 101 -296.0
11 103 -298.0
11 116 -302.0
11 124 -304.0
11 134 -297.0
11 135 -297.0
11 138 -310.0
11 151 -297.0
11 163 -199.0
11 169 -199.0
11 171 -200.0
11 174 -201.0
11 178 -207.0
11 182 -197.0
11 183 -207.0
11 188 -200.0
11 200 -199.0
11 201 -213.0
11 213 -202.0
11 221 -200.0
11 226 -194.0
11 227 -199.0
11 228 -201.0
11 230 -191.0
11 231 -194.0
11 234 -199.0
11 236 -207.0
11 238 -197.0
11 245 -202.0
11 251 -192.0
11 256 -203.0
11 259 -203.0
11 261 -196.0
11 264 -205.0
11 266 -205.0
11 267 -191.0
11 270 -206.0
11 271 -192.0
11 275 -201.0
11 279 -200.0
11 283 -209.0
11 285 -196.0
11 287 -200.0
11 297 -207.0
11 303 -199.0
11 316 -197.0
11 323 -204.0
11 328 -210.0
11 329 -204.0
11 330 -200.0
11 334 -201.0
11 350 -198.0
11 354 -204.0
11 357 -196.0
11 359 -199.0
11 361 -206.0
11 366 -193.0
11 371 -205.0
11 384 -197.0
11 391 -198.0
11 393 -196.0
11 397 -197.0
11 403 -190.0
11 404 -200.0
11 407 -209.0
11 412 -197.0
11 413 -190.0
11 417 -197.0
11 419 -195.0
11 424 -204.0
11 441 -197.0
11 442 -194.0
11 451 -191.0
11 465 -192.0
11 471 -198.0
11 476 -198.0
11 479 -202.0
11 481 -196.0
11 483 -202.0
11 485 -189.0
11 501 -211.0
11 506 -203.0
11 510 -198.0
11 514 -200.0
11 531 -200.0
11 535 -199.0
11 540 -196.0
11 543 -194.0
11 545 -195.0
11 553 -206.0
11 556 -196.0
11 559 -202.0
11 563 -186.0
11 568 -191.0
11 571 -197.0
11 576 -203.0
11 588 -201.0
11 594 -195.0
11 597 -208.0
11 609 -196.0
11 617 -190.0
11 624 -203.0
12 15 -302.0
12 17 -298.0
12 29 -301.0
12 30 -297.0
12 31 -294.0
12 33 -309.0
12 43 -298.0
12 46 -295.0
12 52 -290.0
12 53 -304.0
12 55 -301.0
12 66 -305.0
12 67 -298.0
12 68 -297.0
12 72 -300.0
12 74 -304.0
12 79 -304.0
12 80 -297.0
12 84 -298.0
12 100 -286.0
12 102 -300.0
12 110 -301.0
12 113 -304.0
12 115 -293.0
12 119 -300.0
12 122 -309.0
12 130 -306.0
12 131 -304.0
12 137 -301.0
12 150 -303.0
12 153 -304.0
12 154 -297.0
12 167 -202.0
12 168 -201.0
12 169 -207.0
12 170 -211.0
12 175 -207.0
12 182 -194.0
12 190 -207.0
12 191 -204.0
12 197 -200.0
12 201 -201.0
12 209 -203.0
12 212 -207.0
12 216 -205.0
12 225 -186.0
12 226 -212.0
12 227 -204.0
12 234 -210.0
12 240 -198.0
12 242 -202.0
12 246 -199.0
12 249 -207.0
12 252 -199.0
12 253 -195.0
12 255 -189.0
12 256 -206.0
12 273 -207.0
12 279 -192.0
12 282 -204.0
12 284 -209.0
12 289 -193.0
12 291 -197.0
12 292 -203.0
12 302 -191.0
12 307 -196.0
12 308 -203.0
12 309 -194.0
12 311 -196.0
12 315 -204.0
12 317 -195.0
12 323 -203.0
12 326 -199.0
12 336 -199.0
12 337 -206.0
12 350 -200.0
12 356 -191.0
12 357 -190.0
12 359 -209.0
12 360 -200.0
12 362 -208.0
12 366 -194.0
12 367 -197.0
12 370 -198.0
12 373 -205.0
12 383 -199.0
12 386 -197.0
12 387 -200.0
12 388 -193.0
12 390 -204.0
12 402 -196.0
12 407 -202.0
12 413 -201.0
12 415 -202.0
12 416 -212.0
12 417 -204.0
12 422 -205.0
12 425 -201.0
12 427 -197.0
12 438 -202.0
12 442 -197.0
12 447 -200.0
12 452 -200.0
12 457 -201.0
12 474 -209.0
12 477 -201.0
12 487 -203.0
12 491 -193.0
12 501 -199.0
12 502 -207.0
12 508 -205.0
12 510 -194.0
12 512 -201.0
12 540 -199.0
12 542 -195.0
12 543 -198.0
12 545 -200.0
12 549 -200.0
12 551 -190.0
12 563 -193.0
12 571 -208.0
12 578 -201.0
12 580 -205.0
12 600 -185.0
12 613 -202.0
12 615 -190.0
12 616 -198.0
12 618 -200.0
12 631 -205.0
12 638 -198.0
13 17 -305.0
13 24 -296.0
13 28 -306.0
13 36 -302.0
13 42 -307.0
13 59 -301.0
13 61 -302.0
13 62 -296.0
13 65 -295.0
13 81 -289.0
13 82 -302.0
13 87 -299.0
13 90 -305.0
13 93 -291.0
13 94 -306.0
13 97 -294.0
13 108 -293.0
13 111 -302.0
13 113 -305.0
13 114 -300.0
13 115 -300.0
13 118 -302.0
13 124 -307.0
13 126 -303.0
13 133 -296.0
13 134 -307.0
13 144 -296.0
13 151 -301.0
13 155 -303.0
13 157 -297.0
13 165 -195.0
13 170 -201.0
13 174 -198.0
13 177 -193.0
13 178 -191.0
13 181 -205.0
13 188 -201.0
13 193 -196.0
13 195 -191.0
13 198 -192.0
13 216 -206.0
13 220 -195.0
13 232 -198.0
13 235 -202.0
13 242 -206.0
13 253 -214.0
13 254 -199.0
13 255 -198.0
13 256 -195.0
13 259 -206.0
13 266 -199.0
13 267 -205.0
13 271 -199.0
13 272 -204.0
13 275 -198.0
13 286 -212.0
13 291 -207.0
13 294 -196.0
13 299 -195.0
13 304 -209.0
13 320 -191.0
13 322 -198.0
13 340 -190.0
13 344 -204.0
13 349 -200.0
13 356 -204.0
13 363 -197.0
13 365 -199.0
13 369 -194.0
13 372 -192.0
13 373 -206.0
13 377 -201.0
13 378 -205.0
13 394 -196.0
13 400 -201.0
13 408 -205.0
13 419 -191.0
13 429 -199.0
13 432 -196.0
13 433 -193.0
13 437 -203.0
13 438 -200.0
13 439 -193.0
13 450 -195.0
13 462 -198.0
13 471 -206.0
13 473 -194.0
13 483 -201.0
13 485 -204.0
13 491 -197.0
13 498 -198.0
13 501 -201.0
13 516 -201.0
13 520 -199.0
13 521 -207.0
13 524 -204.0
13 526 -200.0
13 534 -197.0
13 543 -202.0
13 545 -199.0
13 562 -199.0
13 564 -204.0
13 568 -200.0
13 573 -200.0
13 577 -202.0
13 589 -205.0
13 590 -191.0
13 593 -193.0
13 595 -199.0
13 601 -200.0
13 604 -202.0
13 605 -194.0
13 607 -199.0
13 608 -202.0
13 615 -200.0
13 626 -204.0
13 627 -189.0
13 633 -207.0
13 634 -197.0
13 637 -191.0
14 18 -295.0
14 22 -299.0
14 27 -301.0
14 34 -304.0
14 41 -298.0
14 42 -293.0
14 46 -298.0
14 54 -295.0
14 59 -303.0
14 65 -303.0
14 70 -295.0
14 71 -303.0
14 73 -296.0
14 74 -305.0
14 87 -305.0
14 91 -301.0
14 92 -307.0
14 94 -301.0
14 98 -304.0
14 100 -297.0
14 101 -293.0
14 102 -298.0
14 105 -300.0
14 113 -294.0
14 114 -296.0
14 118 -303.0
14 120 -301.0
14 126 -298.0
14 135 -295.0
14 146 -299.0
14 152 -296.0
14 154 -300.0
14 161 -191.0
14 165 -201.0
14 174 -204.0
14 175 -199.0
14 177 -203.0
14 178 -202.0
14 186 -193.0
14 188 -190.0
14 190 -202.0
14 199 -192.0
14 205 -195.0
14 214 -197.0
14 227 -201.0
14 231 -199.0
14 239 -199.0
14 240 -201.0
14 243 -198.0
14 249 -192.0
14 255 -208.0
14 256 -204.0
14 258 -202.0
14 262 -199.0
14 264 -197.0
14 271 -200.0
14 273 -201.0
14 279 -200.0
14 307 -207.0
14 324 -211.0
14 332 -204.0
14 333 -195.0
14 334 -202.0
14 342 -189.0
14 347 -198.0
14 369 -194.0
14 382 -206.0
14 392 -203.0
14 393 -206.0
14 396 -196.0
14 399 -201.0
14 404 -198.0
14 410 -201.0
14 420 -195.0
14 435 -196.0
14 445 -201.0
14 447 -211.0
14 454 -196.0
14 460 -205.0
14 461 -201.0
14 476 -206.0
14 480 -200.0
14 482 -205.0
14 483 -206.0
14 489 -190.0
14 491 -192.0
14 494 -202.0
14 495 -209.0
14 496 -192.0
14 501 -194.0
14 502 -200.0
14 503 -201.0
14 507 -209.0
14 518 -193.0
14 523 -198.0
14 530 -198.0
14 533 -206.0
14 539 -194.0
14 546 -197.0
14 551 -200.0
14 568 -205.0
14 570 -207.0
14 572 -200.0
14 573 -202.0
14 575 -196.0
14 578 -196.0
14 586 -202.0
14 594 -208.0
14 598 -203.0
14 600 -195.0
14 613 -207.0
14 614 -206.0
14 618 -198.0
14 629 -195.0
14 630 -203.0
14 632 -201.0
14 634 -204.0
14 639 -204.0
15 17 -298.0
15 25 -292.0
15 40 -305.0
15 41 -305.0
15 51 -295.0
15 54 -295.0
15 58 -293.0
15 62 -301.0
15 74 -297.0
15 77 -306.0
15 88 -298.0
15 89 -298.0
15 92 -299.0
15 97 -291.0
15 98 -300.0
15 104 -296.0
15 113 -299.0
15 122 -297.0
15 128 -296.0
15 151 -296.0
15 152 -303.0
15 155 -297.0
15 166 -197.0
15 170 -197.0
15 177 -196.0
15 179 -198.0
15 187 -199.0
15 199 -201.0
15 205 -195.0
15 210 -198.0
15 217 -205.0
15 218 -196.0
15 220 -195.0
15 229 -202.0
15 230 -214.0
15 242 -211.0
15 245 -204.0
15 246 -207.0
15 256 -201.0
15 258 -198.0
15 265 -197.0
15 280 -201.0
15 286 -205.0
15 290 -199.0
15 292 -202.0
15 298 -201.0
15 302 -187.0
15 309 -207.0
15 310 -193.0
15 314 -200.0
15 315 -199.0
15 316 -192.0
15 321 -195.0
15 325 -198.0
15 330 -189.0
15 340 -201.0
15 347 -200.0
15 349 -207.0
15 350 -196.0
15 352 -188.0
15 356 -198.0
15 357 -200.0
15 368 -196.0
15 376 -195.0
15 384 -199.0
15 387 -197.0
15 390 -194.0
15 409 -195.0
15 412 -204.0
15 418 -206.0
15 422 -201.0
15 429 -206.0
15 434 -196.0
15 445 -202.0
15 452 -196.0
15 461 -192.0
15 464 -199.0
15 491 -205.0
15 494 -202.0
15 498 -204.0
15 504 -196.0
15 511 -190.0
15 516 -205.0
15 520 -200.0
15 523 -198.0
15 528 -198.0
15 541 -199.0
15 560 -195.0
15 563 -194.0
15 576 -204.0
15 578 -202.0
15 582 -204.0
15 592 -203.0
15 597 -200.0
15 600 -194.0
15 605 -201.0
15 607 -194.0
15 609 -200.0
15 611 -209.0
15 613 -197.0
15 620 -196.0
15 627 -194.0
15 635 -200.0
16 20 -299.0
16 25 -290.0
16 27 -295.0
16 29 -304.0
16 39 -304.0
16 46 -305.0
16 50 -305.0
16 52 -305.0
16 62 -302.0
16 63 -296.0
16 76 -296.0
16 79 -304.0
16 81 -297.0
16 104 -301.0
16 108 -306.0
16 120 -293.0
16 122 -300.0
16 126 -299.0
16 137 -291.0
16 140 -307.0
16 142 -302.0
16 145 -307.0
16 148 -295.0
16 150 -296.0
16 154 -300.0
16 156 -304.0
16 159 -307.0
16 161 -200.0
16 162 -199.0
16 167 -206.0
16 172 -203.0
16 173 -189.0
16 195 -208.0
16 212 -202.0
16 215 -197.0
16 219 -191.0
16 224 -199.0
16 232 -205.0
16 234 -200.0
16 238 -203.0
16 241 -204.0
16 245 -206.0
16 247 -200.0
16 251 -204.0
16 256 -203.0
16 262 -201.0
16 264 -194.0
16 272 -202.0
16 282 -191.0
16 285 -195.0
16 303 -203.0
16 304 -195.0
16 307 -203.0
16 320 -201.0
16 334 -195.0
16 336 -206.0
16 348 -203.0
16 352 -204.0
16 361 -194.0
16 373 -195.0
16 375 -206.0
16 380 -198.0
16 381 -194.0
16 393 -199.0
16 397 -193.0
16 399 -195.0
16 406 -198.0
16 412 -203.0
16 414 -206.0
16 415 -198.0
16 416 -199.0
16 432 -205.0
16 437 -209.0
16 448 -202.0
16 452 -189.0
16 458 -207.0
16 462 -191.0
16 464 -200.0
16 472 -200.0
16 480 -201.0
16 483 -204.0
16 486 -193.0
16 489 -195.0
16 490 -202.0
16 493 -194.0
16 494 -196.0
16 499 -203.0
16 502 -198.0
16 505 -206.0
16 506 -204.0
16 507 -192.0
16 513 -205.0
16 516 -198.0
16 522 -202.0
16 526 -191.0
16 529 -195.0
16 530 -200.0
16 532 -196.0
16 540 -206.0
16 545 -189.0
16 546 -202.0
16 558 -202.0
16 565 -197.0
16 568 -190.0
16 581 -204.0
16 586 -206.0
16 587 -204.0
16 590 -199.0
16 594 -199.0
16 604 -199.0
16 609 -203.0
16 610 -200.0
16 623 -193.0
16 624 -190.0
16 625 -201.0
16 639 -198.0
17 19 -300.0
17 22 -301.0
17 24 -295.0
17 29 -302.0
17 32 -300.0
17 41 -295.0
17 44 -301.0
17 50 -302.0
17 54 -293.0
17 56 -298.0
17 63 -302.0
17 64 -297.0
17 73 -286.0
17 80 -296.0
17 84 -303.0
17 90 -308.0
17 98 -297.0
17 99 -288.0
17 102 -294.0
17 107 -302.0
17 116 -289.0
17 117 -302.0
17 123 -297.0
17 125 -290.0
17 129 -299.0
17 131 -294.0
17 134 -313.0
17 140 -298.0
17 144 -299.0
17 148 -304.0
17 151 -296.0
17 153 -300.0
17 154 -303.0
17 156 -305.0
17 157 -298.0
17 162 -195.0
17 180 -209.0
17 185 -198.0
17 199 -203.0
17 206 -197.0
17 207 -205.0
17 211 -202.0
17 214 -192.0
17 218 -205.0
17 223 -200.0
17 225 -200.0
17 227 -198.0
17 239 -202.0
17 250 -199.0
17 251 -207.0
17 270 -198.0
17 274 -193.0
17 279 -202.0
17 281 -203.0
17 286 -204.0
17 288 -206.0
17 300 -192.0
17 303 -196.0
17 304 -188.0
17 308 -204.0
17 315 -199.0
17 317 -204.0
17 318 -199.0
17 321 -199.0
17 323 -200.0
17 326 -190.0
17 329 -206.0
17 336 -205.0
17 339 -201.0
17 347 -195.0
17 366 -193.0
17 367 -201.0
17 372 -201.0
17 374 -187.0
17 380 -186.0
17 382 -191.0
17 388 -196.0
17 402 -197.0
17 404 -203.0
17 419 -187.0
17 423 -201.0
17 428 -193.0
17 431 -211.0
17 432 -203.0
17 434 -202.0
17 437 -201.0
17 439 -195.0
17 446 -203.0
17 448 -203.0
17 450 -197.0
17 457 -201.0
17 460 -205.0
17 464 -199.0
17 465 -199.0
17 472 -196.0
17 474 -192.0
17 475 -204.0
17 478 -201.0
17 479 -197.0
17 484 -205.0
17 486 -204.0
17 488 -202.0
17 491 -201.0
17 495 -196.0
17 496 -203.0
17 501 -197.0
17 509 -197.0
17 510 -196.0
17 513 -199.0
17 521 -203.0
17 532 -195.0
17 533 -201.0
17 534 -201.0
17 536 -200.0
17 541 -195.0
17 542 -203.0
17 553 -195.0
17 556 -203.0
17 561 -202.0
17 568 -199.0
17 569 -203.0
17 583 -197.0
17 586 -203.0
17 589 -198.0
17 591 -195.0
17 600 -203.0
17 603 -206.0
17 607 -199.0
17 613 -193.0
17 620 -199.0
17 628 -197.0
17 630 -187.0
17 635 -203.0
17 640 -205.0
18 23 -293.0
18 36 -302.0
18 39 -293.0
18 41 -301.0
18 42 -296.0
18 44 -292.0
18 51 -300.0
18 54 -305.0
18 56 -300.0
18 57 -298.0
18 62 -295.0
18 63 -304.0
18 65 -295.0
18 72 -303.0
18 76 -298.0
18 78 -305.0
18 96 -306.0
18 102 -300.0
18 103 -294.0
18 108 -297.0
18 109 -293.0
18 112 -303.0
18 113 -303.0
18 116 -300.0
18 119 -291.0
18 120 -302.0
18 121 -289.0
18 131 -291.0
18 134 -300.0
18 139 -298.0
18 151 -300.0
18 155 -297.0
18 156 -298.0
18 157 -297.0
18 163 -202.0
18 167 -196.0
18 169 -194.0
18 174 -199.0
18 180 -206.0
18 182 -196.0
18 185 -203.0
18 187 -199.0
18 194 -202.0
18 197 -199.0
18 221 -190.0
18 222 -192.0
18 224 -203.0
18 229 -201.0
18 232 -200.0
18 236 -201.0
18 247 -188.0
18 253 -198.0
18 254 -193.0
18 256 -198.0
18 267 -201.0
18 276 -209.0
18 278 -209.0
18 279 -198.0
18 280 -199.0
18 283 -195.0
18 293 -201.0
18 299 -201.0
18 308 -197.0
18 311 -198.0
18 315 -192.0
18 322 -204.0
18 323 -201.0
18 325 -196.0
18 330 -198.0
18 331 -201.0
18 332 -203.0
18 334 -202.0
18 336 -201.0
18 337 -199.0
18 345 -203.0
18 350 -199.0
18 351 -198.0
18 362 -200.0
18 372 -201.0
18 390 -192.0
18 391 -202.0
18 394 -210.0
18 395 -190.0
18 397 -198.0
18 400 -194.0
18 417 -200.0
18 420 -206.0
18 423 -209.0
18 429 -185.0
18 430 -199.0
18 436 -197.0
18 441 -202.0
18 443 -200.0
18 444 -196.0
18 446 -197.0
18 455 -206.0
18 458 -201.0
18 463 -205.0
18 464 -198.0
18 482 -200.0
18 490 -201.0
18 493 -199.0
18 494 -206.0
18 503 -201.0
18 515 -200.0
18 522 -195.0
18 523 -204.0
18 525 -195.0
18 529 -202.0
18 543 -199.0
18 547 -203.0
18 551 -198.0
18 556 -195.0
18 560 -204.0
18 561 -207.0
18 571 -197.0
18 577 -202.0
18 581 -199.0
18 589 -202.0
18 603 -195.0
18 608 -193.0
18 623 -202.0
18 628 -199.0
18 632 -195.0
18 637 -193.0
18 638 -202.0
18 640 -194.0
19 23 -299.0
19 24 -304.0
19 25 -299.0
19 30 -294.0
19 34 -304.0
19 47 -303.0
19 52 -303.0
19 54 -297.0
19 56 -300.0
19 57 -303.0
19 64 -299.0
19 66 -301.0
19 70 -302.0
19 80 -294.0
19 87 -301.0
19 91 -300.0
19 104 -301.0
19 109 -301.0
19 111 -304.0
19 112 -300.0
19 120 -309.0
19 122 -311.0
19 124 -296.0
19 128 -293.0
19 129 -305.0
19 132 -301.0
19 137 -296.0
19 140 -304.0
19 141 -303.0
19 145 -309.0
19 154 -293.0
19 159 -301.0
19 166 -197.0
19 168 -202.0
19 172 -198.0
19 173 -194.0
19 178 -211.0
19 185 -202.0
19 193 -202.0
19 199 -201.0
19 200 -195.0
19 203 -203.0
19 205 -198.0
19 206 -197.0
19 207 -196.0
19 209 -192.0
19 216 -198.0
19 221 -193.0
19 231 -205.0
19 233 -202.0
19 237 -199.0
19 243 -193.0
19 249 -203.0
19 256 -191.0
19 257 -205.0
19 265 -205.0
19 267 -208.0
19 287 -197.0
19 288 -201.0
19 289 -193.0
19 305 -197.0
19 312 -195.0
19 322 -193.0
19 336 -194.0
19 340 -199.0
19 341 -201.0
19 342 -202.0
19 345 -193.0
19 346 -189.0
19 349 -205.0
19 357 -197.0
19 367 -204.0
19 371 -190.0
19 374 -199.0
19 376 -197.0
19 379 -194.0
19 381 -206.0
19 383 -201.0
19 387 -202.0
19 393 -193.0
19 408 -200.0
19 410 -198.0
19 411 -205.0
19 416 -204.0
19 426 -202.0
19 443 -199.0
19 444 -204.0
19 451 -189.0
19 454 -195.0
19 461 -191.0
19 467 -195.0
19 476 -196.0
19 478 -199.0
19 481 -195.0
19 487 -212.0
19 490 -202.0
19 507 -205.0
19 510 -202.0
19 519 -191.0
19 523 -204.0
19 537 -206.0
19 555 -196.0
19 557 -196.0
19 575 -203.0
19 579 -201.0
19 590 -202.0
19 594 -200.0
19 603 -203.0
19 609 -203.0
19 618 -193.0
19 619 -199.0
19 620 -201.0
19 635 -207.0
19 640 -196.0
20 21 -299.0
20 24 -310.0
20 29 -306.0
20 35 -303.0
20 36 -304.0
20 43 -310.0
20 50 -304.0
20 51 -298.0
20 56 -301.0
20 60 -298.0
20 62 -299.0
20 70 -304.0
20 74 -304.0
20 75 -301.0
20 83 -302.0
20 88 -303.0
20 91 -296.0
20 93 -307.0
20 94 -293.0
20 104 -297.0
20 107 -293.0
20 108 -302.0
20 110 -309.0
20 117 -289.0
20 133 -307.0
20 138 -299.0
20 141 -307.0
20 142 -301.0
20 143 -292.0
20 147 -302.0
20 157 -301.0
20 166 -203.0
20 180 -195.0
20 183 -197.0
20 193 -196.0
20 196 -205.0
20 206 -188.0
20 210 -200.0
20 216 -192.0
20 218 -204.0
20 222 -203.0
20 224 -194.0
20 230 -201.0
20 236 -197.0
20 238 -203.0
20 240 -187.0
20 241 -205.0
20 244 -193.0
20 253 -201.0
20 254 -199.0
20 260 -205.0
20 264 -200.0
20 265 -200.0
20 272 -204.0
20 277 -202.0
20 284 -197.0
20 301 -199.0
20 303 -201.0
20 307 -200.0
20 319 -204.0
20 322 -201.0
20 330 -195.0
20 332 -205.0
20 337 -200.0
20 350 -197.0
20 361 -208.0
20 363 -198.0
20 373 -202.0
20 375 -195.0
20 377 -208.0
20 380 -196.0
20 381 -195.0
20 393 -204.0
20 398 -205.0
20 399 -203.0
20 403 -195.0
20 411 -196.0
20 412 -192.0
20 418 -194.0
20 422 -201.0
20 430 -201.0
20 435 -202.0
20 438 -195.0
20 443 -203.0
20 444 -207.0
20 446 -202.0
20 452 -185.0
20 454 -207.0
20 458 -194.0
20 465 -196.0
20 471 -205.0
20 472 -206.0
20 477 -205.0
20 481 -192.0
20 482 -202.0
20 485 -189.0
20 488 -207.0
20 500 -203.0
20 503 -194.0
20 508 -200.0
20 513 -206.0
20 518 -195.0
20 527 -198.0
20 529 -201.0
20 533 -199.0
20 535 -203.0
20 541 -185.0
20 545 -197.0
20 548 -204.0
20 549 -196.0
20 560 -194.0
20 563 -208.0
20 568 -207.0
20 569 -208.0
20 571 -196.0
20 572 -197.0
20 573 -210.0
20 576 -202.0
20 580 -202.0
20 582 -190.0
20 583 -201.0
20 587 -204.0
20 593 -194.0
20 601 -192.0
20 602 -204.0
20 603 -207.0
20 615 -202.0
20 617 -198.0
20 619 -197.0
20 620 -203.0
20 623 -185.0
20 633 -192.0
21 24 -299.0
21 28 -305.0
21 31 -297.0
21 42 -295.0
21 43 -310.0
21 47 -304.0
21 52 -297.0
21 56 -295.0
21 60 -303.0
21 73 -302.0
21 84 -293.0
21 86 -301.0
21 91 -300.0
21 92 -300.0
21 94 -298.0
21 95 -296.0
21 100 -299.0
21 119 -298.0
21 122 -293.0
21 130 -298.0
21 131 -301.0
21 144 -291.0
21 148 -291.0
21 149 -294.0
21 153 -300.0
21 158 -306.0
21 160 -295.0
21 162 -205.0
21 169 -192.0
21 171 -194.0
21 172 -197.0
21 185 -195.0
21 197 -196.0
21 200 -193.0
21 202 -198.0
21 215 -202.0
21 220 -199.0
21 221 -194.0
21 223 -200.0
21 228 -194.0
21 230 -204.0
21 234 -206.0
21 239 -202.0
21 244 -205.0
21 245 -196.0
21 251 -192.0
21 254 -200.0
21 257 -190.0
21 265 -203.0
21 279 -208.0
21 283 -194.0
21 291 -210.0
21 296 -205.0
21 300 -201.0
21 305 -189.0
21 312 -199.0
21 313 -202.0
21 317 -202.0
21 320 -199.0
21 323 -197.0
21 324 -204.0
21 329 -201.0
21 330 -200.0
21 338 -194.0
21 340 -206.0
21 341 -195.0
21 343 -194.0
21 345 -200.0
21 352 -202.0
21 365 -202.0
21 367 -211.0
21 370 -195.0
21 382 -194.0
21 391 -201.0
21 396 -204.0
21 397 -202.0
21 400 -196.0
21 403 -198.0
21 406 -204.0
21 408 -193.0
21 409 -202.0
21 411 -195.0
21 417 -193.0
21 423 -206.0
21 424 -199.0
21 429 -190.0
21 432 -195.0
21 433 -201.0
21 435 -198.0
21 438 -192.0
21 439 -198.0
21 441 -207.0
21 445 -207.0
21 448 -197.0
21 452 -193.0
21 454 -198.0
21 459 -196.0
21 464 -199.0
21 469 -197.0
21 482 -191.0
21 483 -195.0
21 491 -200.0
21 512 -197.0
21 520 -205.0
21 523 -199.0
21 524 -200.0
21 531 -202.0
21 532 -207.0
21 540 -203.0
21 541 -198.0
21 550 -196.0
21 552 -201.0
21 555 -202.0
21 561 -206.0
21 563 -200.0
21 575 -204.0
21 577 -199.0
21 589 -196.0
21 590 -198.0
21 592 -203.0
21 600 -191.0
21 601 -203.0
21 602 -199.0
21 611 -196.0
21 622 -194.0
21 624 -194.0
21 626 -205.0
21 636 -213.0
22 25 -304.0
22 27 -298.0
22 30 -305.0
22 34 -281.0
22 44 -298.0
22 51 -298.0
22 52 -305.0
22 53 -304.0
22 54 -297.0
22 56 -297.0
22 59 -306.0
22 65 -296.0
22 67 -303.0
22 77 -304.0
22 80 -301.0
22 81 -288.0
22 87 -295.0
22 93 -303.0
22 97 -297.0
22 98 -301.0
22 99 -299.0
22 103 -290.0
22 104 -300.0
22 108 -295.0
22 115 -299.0
22 123 -297.0
22 130 -304.0
22 135 -309.0
22 136 -299.0
22 140 -295.0
22 142 -309.0
22 144 -305.0
22 146 -308.0
22 165 -196.0
22 167 -202.0
22 171 -197.0
22 172 -197.0
22 179 -204.0
22 189 -205.0
22 191 -198.0
22 192 -200.0
22 196 -188.0
22 204 -213.0
22 209 -204.0
22 212 -196.0
22 215 -198.0
22 222 -197.0
22 225 -194.0
22 230 -202.0
22 233 -206.0
22 240 -203.0
22 241 -198.0
22 247 -198.0
22 249 -201.0
22 257 -184.0
22 258 -199.0
22 261 -197.0
22 264 -201.0
22 265 -194.0
22 273 -202.0
22 274 -201.0
22 285 -200.0
22 286 -194.0
22 288 -200.0
22 293 -202.0
22 295 -200.0
22 296 -202.0
22 298 -197.0
22 299 -206.0
22 307 -199.0
22 311 -196.0
22 313 -197.0
22 317 -201.0
22 326 -202.0
22 334 -195.0
22 337 -197.0
22 343 -188.0
22 355 -196.0
22 358 -200.0
22 362 -191.0
22 372 -202.0
22 373 -194.0
22 380 -202.0
22 381 -196.0
22 386 -204.0
22 387 -202.0
22 391 -206.0
22 393 -202.0
22 401 -202.0
22 406 -199.0
22 407 -201.0
22 415 -199.0
22 418 -199.0
22 420 -195.0
22 421 -200.0
22 429 -202.0
22 438 -203.0
22 441 -198.0
22 448 -202.0
22 449 -212.0
22 466 -195.0
22 468 -196.0
22 472 -201.0
22 478 -201.0
22 501 -201.0
22 504 -205.0
22 516 -194.0
22 519 -194.0
22 520 -201.0
22 521 -199.0
22 530 -204.0
22 534 -206.0
22 537 -196.0
22 542 -206.0
22 547 -190.0
22 558 -197.0
22 572 -202.0
22 573 -191.0
22 577 -193.0
22 578 -200.0
22 586 -192.0
22 587 -194.0
22 597 -212.0
22 618 -196.0
22 620 -207.0
22 623 -199.0
22 625 -199.0
22 630 -201.0
22 631 -190.0
22 634 -205.0
22 635 -200.0
22 639 -201.0
23 28 -288.0
23 30 -298.0
23 31 -305.0
23 35 -297.0
23 41 -295.0
23 42 -302.0
23 47 -303.0
23 48 -291.0
23 54 -295.0
23 56 -292.0
23 60 -300.0
23 62 -297.0
23 69 -299.0
23 90 -304.0
23 96 -303.0
23 98 -308.0
23 103 -295.0
23 116 -304.0
23 122 -306.0
23 124 -301.0
23 141 -302.0
23 143 -306.0
23 146 -307.0
23 157 -302.0
23 161 -199.0
23 167 -197.0
23 170 -199.0
23 175 -193.0
23 178 -197.0
23 182 -202.0
23 193 -205.0
23 199 -206.0
23 202 -203.0
23 211 -205.0
23 213 -196.0
23 216 -194.0
23 217 -195.0
23 218 -197.0
23 221 -199.0
23 223 -198.0
23 227 -192.0
23 231 -201.0
23 236 -201.0
23 241 -198.0
23 243 -205.0
23 247 -206.0
23 249 -203.0
23 253 -195.0
23 266 -208.0
23 274 -202.0
23 275 -201.0
23 278 -198.0
23 287 -199.0
23 292 -190.0
23 296 -195.0
23 299 -206.0
23 300 -198.0
23 302 -203.0
23 303 -192.0
23 307 -198.0
23 317 -201.0
23 327 -199.0
23 331 -198.0
23 334 -196.0
23 337 -206.0
23 350 -203.0
23 351 -203.0
23 352 -203.0
23 355 -198.0
23 377 -201.0
23 387 -194.0
23 400 -201.0
23 408 -196.0
23 420 -201.0
23 425 -205.0
23 426 -200.0
23 429 -193.0
23 438 -202.0
23 444 -188.0
23 468 -198.0
23 474 -197.0
23 475 -192.0
23 484 -200.0
23 491 -198.0
23 493 -206.0
23 494 -204.0
23 497 -198.0
23 499 -205.0
23 508 -205.0
23 511 -191.0
23 515 -201.0
23 518 -203.0
23 525 -203.0
23 530 -201.0
23 536 -193.0
23 537 -202.0
23 538 -198.0
23 542 -202.0
23 546 -192.0
23 549 -194.0
23 552 -200.0
23 560 -193.0
23 562 -197.0
23 563 -198.0
23 584 -194.0
23 588 -201.0
23 595 -192.0
23 596 -207.0
23 597 -192.0
23 598 -191.0
23 600 -205.0
23 606 -200.0
23 609 -200.0
23 612 -191.0
23 617 -191.0
23 618 -202.0
23 619 -198.0
23 620 -204.0
23 621 -199.0
23 622 -207.0
23 625 -199.0
23 629 -207.0
23 631 -203.0
23 634 -203.0
23 635 -191.0
24 25 -300.0
24 27 -289.0
24 29 -301.0
24 32 -298.0
24 36 -300.0
24 42 -288.0
24 49 -300.0
24 54 -286.0
24 59 -303.0
24 62 -304.0
24 66 -294.0
24 72 -295.0
24 93 -292.0
24 98 -296.0
24 125 -301.0
24 129 -296.0
24 133 -301.0
24 142 -313.0
24 148 -308.0
24 167 -189.0
24 177 -193.0
24 180 -200.0
24 187 -207.0
24 189 -188.0
24 191 -201.0
24 193 -198.0
24 194 -204.0
24 200 -198.0
24 209 -195.0
24 210 -208.0
24 211 -195.0
24 213 -205.0
24 216 -199.0
24 222 -205.0
24 228 -204.0
24 234 -203.0
24 237 -208.0
24 248 -201.0
24 249 -198.0
24 254 -198.0
24 258 -201.0
24 264 -196.0
24 265 -194.0
24 268 -200.0
24 271 -197.0
24 273 -208.0
24 277 -193.0
24 278 -187.0
24 279 -189.0
24 288 -197.0
24 293 -200.0
24 297 -198.0
24 298 -200.0
24 302 -203.0
24 306 -202.0
24 309 -195.0
24 314 -194.0
24 315 -199.0
24 328 -196.0
24 339 -185.0
24 344 -201.0
24 348 -205.0
24 352 -198.0
24 355 -202.0
24 356 -195.0
24 357 -200.0
24 359 -201.0
24 368 -197.0
24 373 -196.0
24 377 -180.0
24 379 -199.0
24 390 -200.0
24 401 -210.0
24 411 -196.0
24 419 -201.0
24 422 -200.0
24 429 -196.0
24 436 -196.0
24 437 -211.0
24 439 -209.0
24 440 -192.0
24 450 -204.0
24 451 -200.0
24 452 -205.0
24 454 -203.0
24 455 -198.0
24 457 -192.0
24 458 -202.0
24 462 -204.0
24 472 -194.0
24 477 -201.0
24 483 -198.0
24 504 -201.0
24 508 -192.0
24 514 -197.0
24 516 -202.0
24 523 -195.0
24 525 -195.0
24 532 -201.0
24 536 -198.0
24 537 -196.0
24 541 -202.0
24 542 -203.0
24 546 -199.0
24 559 -193.0
24 563 -198.0
24 574 -197.0
24 575 -206.0
24 580 -199.0
24 586 -202.0
24 597 -197.0
24 599 -198.0
24 608 -206.0
24 619 -196.0
24 631 -206.0
24 639 -202.0
25 28 -302.0
25 35 -296.0
25 43 -298.0
25 53 -293.0
25 60 -298.0
25 63 -303.0
25 64 -300.0
25 73 -297.0
25 76 -291.0
25 78 -304.0
25 81 -294.0
25 84 -294.0
25 90 -302.0
25 101 -301.0
25 104 -304.0
25 118 -304.0
25 119 -300.0
25 122 -295.0
25 128 -300.0
25 129 -286.0
25 141 -304.0
25 142 -300.0
25 152 -307.0
25 155 -299.0
25 157 -304.0
25 160 -306.0
25 167 -204.0
25 168 -198.0
25 171 -197.0
25 183 -202.0
25 184 -193.0
25 193 -200.0
25 198 -209.0
25 203 -209.0
25 214 -193.0
25 219 -195.0
25 225 -195.0
25 235 -192.0
25 237 -208.0
25 249 -201.0
25 250 -202.0
25 254 -198.0
25 262 -194.0
25 265 -193.0
25 272 -195.0
25 284 -191.0
25 285 -205.0
25 290 -208.0
25 291 -199.0
25 295 -197.0
25 297 -191.0
25 306 -201.0
25 307 -200.0
25 314 -204.0
25 319 -201.0
25 320 -207.0
25 321 -201.0
25 324 -196.0
25 331 -196.0
25 332 -185.0
25 333 -195.0
25 334 -199.0
25 335 -201.0
25 338 -194.0
25 339 -206.0
25 340 -198.0
25 345 -197.0
25 348 -204.0
25 351 -198.0
25 352 -203.0
25 353 -203.0
25 355 -199.0
25 357 -203.0
25 360 -200.0
25 361 -200.0
25 372 -206.0
25 378 -200.0
25 384 -201.0
25 385 -201.0
25 395 -206.0
25 401 -193.0
25 408 -201.0
25 413 -194.0
25 415 -203.0
25 424 -201.0
25 434 -195.0
25 438 -199.0
25 447 -197.0
25 449 -201.0
25 453 -197.0
25 462 -202.0
25 465 -192.0
25 467 -202.0
25 473 -199.0
25 475 -194.0
25 480 -200.0
25 482 -193.0
25 483 -209.0
25 488 -198.0
25 500 -198.0
25 502 -195.0
25 505 -195.0
25 510 -203.0
25 512 -205.0
25 513 -198.0
25 519 -204.0
25 529 -201.0
25 532 -210.0
25 536 -202.0
25 541 -207.0
25 554 -196.0
25 560 -196.0
25 564 -202.0
25 566 -199.0
25 568 -203.0
25 571 -205.0
25 572 -198.0
25 573 -201.0
25 575 -205.0
25 580 -204.0
25 596 -194.0
25 605 -198.0
25 611 -196.0
25 612 -200.0
25 620 -199.0
25 624 -197.0
25 629 -186.0
25 635 -197.0
25 637 -199.0
26 30 -302.0
26 34 -297.0
26 42 -293.0
26 46 -297.0
26 48 -299.0
26 51 -301.0
26 61 -295.0
26 63 -305.0
26 64 -291.0
26 66 -299.0
26 74 -293.0
26 78 -301.0
26 89 -303.0
26 90 -307.0
26 103 -296.0
26 118 -299.0
26 126 -300.0
26 132 -298.0
26 139 -292.0
26 143 -297.0
26 147 -305.0
26 158 -299.0
26 161 -196.0
26 163 -195.0
26 165 -203.0
26 172 -206.0
26 173 -196.0
26 175 -193.0
26 182 -201.0
26 184 -197.0
26 188 -199.0
26 191 -193.0
26 196 -203.0
26 197 -203.0
26 200 -197.0
26 201 -194.0
26 204 -187.0
26 207 -192.0
26 210 -203.0
26 212 -206.0
26 214 -200.0
26 217 -199.0
26 240 -194.0
26 241 -203.0
26 242 -201.0
26 249 -211.0
26 252 -204.0
26 256 -203.0
26 259 -194.0
26 260 -203.0
26 265 -204.0
26 278 -198.0
26 279 -197.0
26 282 -197.0
26 291 -204.0
26 294 -198.0
26 297 -194.0
26 301 -209.0
26 303 -205.0
26 311 -199.0
26 317 -209.0
26 322 -192.0
26 323 -201.0
26 324 -198.0
26 328 -188.0
26 340 -201.0
26 347 -204.0
26 349 -207.0
26 351 -208.0
26 354 -207.0
26 360 -197.0
26 367 -203.0
26 369 -206.0
26 372 -203.0
26 374 -190.0
26 376 -196.0
26 384 -199.0
26 386 -200.0
26 389 -200.0
26 390 -198.0
26 396 -197.0
26 399 -196.0
26 401 -192.0
26 403 -192.0
26 406 -197.0
26 416 -201.0
26 420 -196.0
26 428 -198.0
26 429 -206.0
26 439 -197.0
26 442 -202.0
26 449 -190.0
26 451 -202.0
26 453 -200.0
26 467 -196.0
26 474 -202.0
26 475 -193.0
26 486 -195.0
26 488 -195.0
26 490 -203.0
26 491 -197.0
26 498 -202.0
26 499 -203.0
26 507 -199.0
26 508 -198.0
26 520 -196.0
26 548 -197.0
26 551 -198.0
26 562 -207.0
26 571 -204.0
26 580 -199.0
26 592 -200.0
26 600 -201.0
26 628 -203.0
26 631 -190.0
26 632 -205.0
26 633 -196.0
26 634 -198.0
26 636 -197.0
26 639 -201.0
27 28 -301.0
27 31 -304.0
27 42 -300.0
27 44 -309.0
27 48 -296.0
27 50 -302.0
27 54 -301.0
27 57 -305.0
27 60 -300.0
27 62 -291.0
27 71 -300.0
27 75 -300.0
27 78 -294.0
27 87 -299.0
27 95 -302.0
27 96 -299.0
27 99 -297.0
27 110 -298.0
27 119 -295.0
27 120 -294.0
27 125 -300.0
27 129 -299.0
27 134 -292.0
27 139 -306.0
27 140 -304.0
27 142 -304.0
27 153 -293.0
27 155 -300.0
27 162 -206.0
27 163 -201.0
27 167 -186.0
27 168 -196.0
27 176 -194.0
27 183 -207.0
27 184 -208.0
27 192 -196.0
27 193 -187.0
27 198 -197.0
27 203 -205.0
27 204 -205.0
27 207 -202.0
27 213 -201.0
27 228 -195.0
27 229 -203.0
27 240 -197.0
27 253 -208.0
27 254 -195.0
27 264 -200.0
27 267 -192.0
27 288 -199.0
27 292 -208.0
27 301 -203.0
27 303 -200.0
27 306 -206.0
27 310 -202.0
27 311 -198.0
27 321 -207.0
27 322 -195.0
27 324 -198.0
27 325 -200.0
27 326 -208.0
27 343 -205.0
27 348 -198.0
27 349 -200.0
27 350 -195.0
27 352 -197.0
27 362 -198.0
27 367 -194.0
27 368 -200.0
27 369 -202.0
27 383 -204.0
27 384 -200.0
27 386 -198.0
27 391 -205.0
27 399 -196.0
27 411 -210.0
27 414 -199.0
27 415 -199.0
27 421 -193.0
27 423 -200.0
27 440 -195.0
27 445 -197.0
27 446 -202.0
27 452 -198.0
27 468 -200.0
27 472 -203.0
27 476 -199.0
27 483 -208.0
27 489 -202.0
27 497 -200.0
27 498 -191.0
27 500 -208.0
27 502 -200.0
27 509 -200.0
27 511 -208.0
27 525 -195.0
27 527 -200.0
27 529 -202.0
27 537 -197.0
27 540 -207.0
27 550 -209.0
27 553 -196.0
27 558 -199.0
27 575 -192.0
27 590 -196.0
27 593 -192.0
27 598 -205.0
27 609 -201.0
27 613 -198.0
27 616 -207.0
27 617 -195.0
27 636 -197.0
28 29 -291.0
28 33 -299.0
28 35 -302.0
28 38 -307.0
28 42 -306.0
28 50 -296.0
28 55 -299.0
28 59 -303.0
28 69 -306.0
28 78 -304.0
28 79 -300.0
28 81 -298.0
28 89 -299.0
28 102 -291.0
28 118 -289.0
28 132 -295.0
28 136 -295.0
28 137 -304.0
28 150 -305.0
28 153 -296.0
28 159 -300.0
28 164 -200.0
28 174 -198.0
28 176 -198.0
28 183 -208.0
28 187 -200.0
28 193 -197.0
28 195 -202.0
28 197 -192.0
28 205 -201.0
28 209 -203.0
28 210 -193.0
28 211 -201.0
28 221 -205.0
28 222 -198.0
28 236 -207.0
28 240 -209.0
28 241 -200.0
28 242 -201.0
28 254 -197.0
28 257 -205.0
28 266 -200.0
28 267 -197.0
28 280 -194.0
28 281 -203.0
28 282 -201.0
28 285 -197.0
28 286 -206.0
28 292 -202.0
28 300 -207.0
28 311 -204.0
28 314 -197.0
28 316 -199.0
28 322 -198.0
28 323 -203.0
28 328 -196.0
28 332 -204.0
28 333 -209.0
28 336 -206.0
28 337 -206.0
28 340 -193.0
28 343 -203.0
28 346 -198.0
28 354 -204.0
28 357 -193.0
28 358 -202.0
28 360 -201.0
28 368 -196.0
28 373 -207.0
28 377 -200.0
28 383 -196.0
28 393 -198.0
28 407 -195.0
28 411 -202.0
28 421 -198.0
28 427 -202.0
28 429 -198.0
28 432 -195.0
28 435 -202.0
28 440 -196.0
28 447 -203.0
28 455 -202.0
28 457 -197.0
28 460 -194.0
28 462 -203.0
28 465 -200.0
28 474 -205.0
28 475 -200.0
28 477 -203.0
28 481 -199.0
28 486 -198.0
28 490 -194.0
28 502 -189.0
28 504 -199.0
28 507 -208.0
28 516 -197.0
28 517 -198.0
28 522 -188.0
28 525 -198.0
28 527 -210.0
28 531 -204.0
28 534 -194.0
28 551 -204.0
28 554 -197.0
28 558 -192.0
28 559 -203.0
28 569 -205.0
28 574 -202.0
28 575 -204.0
28 584 -199.0
28 586 -201.0
28 590 -201.0
28 595 -203.0
28 597 -203.0
28 599 -198.0
28 600 -196.0
28 607 -199.0
28 611 -204.0
28 620 -203.0
28 630 -201.0
28 639 -194.0
29 36 -296.0
29 41 -305.0
29 54 -294.0
29 66 -294.0
29 72 -306.0
29 76 -302.0
29 80 -307.0
29 85 -307.0
29 91 -297.0
29 93 -296.0
29 94 -300.0
29 98 -300.0
29 104 -300.0
29 110 -301.0
29 112 -299.0
29 125 -299.0
29 126 -293.0
29 129 -309.0
29 134 -298.0
29 136 -290.0
29 145 -300.0
29 156 -304.0
29 179 -199.0
29 185 -207.0
29 192 -200.0
29 201 -196.0
29 204 -198.0
29 213 -199.0
29 214 -204.0
29 215 -200.0
29 219 -203.0
29 220 -196.0
29 224 -199.0
29 243 -204.0
29 246 -196.0
29 247 -202.0
29 251 -198.0
29 264 -206.0
29 267 -193.0
29 269 -196.0
29 283 -203.0
29 287 -199.0
29 294 -200.0
29 297 -191.0
29 300 -194.0
29 302 -199.0
29 303 -204.0
29 304 -202.0
29 308 -208.0
29 320 -198.0
29 322 -193.0
29 324 -195.0
29 325 -193.0
29 329 -198.0
29 334 -205.0
29 336 -198.0
29 340 -197.0
29 344 -209.0
29 348 -193.0
29 358 -193.0
29 369 -199.0
29 371 -206.0
29 381 -204.0
29 383 -207.0
29 387 -198.0
29 391 -197.0
29 393 -195.0
29 400 -200.0
29 401 -202.0
29 404 -203.0
29 411 -202.0
29 413 -201.0
29 414 -206.0
29 415 -199.0
29 420 -199.0
29 432 -193.0
29 439 -202.0
29 441 -193.0
29 446 -197.0
29 447 -194.0
29 450 -198.0
29 456 -206.0
29 473 -194.0
29 474 -199.0
29 477 -202.0
29 478 -199.0
29 482 -203.0
29 486 -202.0
29 492 -194.0
29 494 -197.0
29 495 -201.0
29 512 -203.0
29 524 -195.0
29 528 -196.0
29 535 -201.0
29 537 -199.0
29 547 -203.0
29 551 -197.0
29 552 -201.0
29 555 -202.0
29 562 -201.0
29 563 -193.0
29 565 -200.0
29 567 -203.0
29 575 -192.0
29 576 -189.0
29 579 -207.0
29 581 -210.0
29 588 -203.0
29 594 -198.0
29 596 -195.0
29 597 -200.0
29 617 -202.0
29 625 -196.0
29 631 -202.0
29 634 -204.0
30 32 -301.0
30 33 -295.0
30 36 -299.0
30 48 -300.0
30 50 -303.0
30 54 -293.0
30 62 -302.0
30 70 -304.0
30 84 -305.0
30 87 -288.0
30 97 -297.0
30 100 -303.0
30 114 -297.0
30 115 -297.0
30 120 -305.0
30 128 -296.0
30 129 -299.0
30 131 -303.0
30 134 -299.0
30 137 -293.0
30 146 -298.0
30 153 -305.0
30 157 -298.0
30 161 -199.0
30 162 -213.0
30 166 -198.0
30 167 -192.0
30 175 -196.0
30 177 -194.0
30 180 -200.0
30 182 -204.0
30 184 -199.0
30 189 -196.0
30 196 -199.0
30 204 -200.0
30 205 -204.0
30 218 -206.0
30 221 -201.0
30 225 -204.0
30 230 -187.0
30 243 -198.0
30 244 -197.0
30 252 -196.0
30 260 -199.0
30 262 -196.0
30 271 -199.0
30 272 -201.0
30 274 -196.0
30 275 -206.0
30 276 -202.0
30 277 -202.0
30 284 -199.0
30 286 -195.0
30 297 -202.0
30 307 -191.0
30 317 -199.0
30 319 -201.0
30 320 -201.0
30 321 -207.0
30 330 -206.0
30 331 -189.0
30 332 -208.0
30 336 -190.0
30 337 -192.0
30 338 -200.0
30 339 -206.0
30 342 -202.0
30 346 -202.0
30 349 -201.0
30 357 -199.0
30 366 -190.0
30 369 -196.0
30 373 -208.0
30 378 -199.0
30 383 -207.0
30 385 -198.0
30 386 -193.0
30 387 -200.0
30 388 -196.0
30 393 -196.0
30 394 -195.0
30 396 -190.0
30 399 -203.0
30 401 -204.0
30 404 -206.0
30 406 -195.0
30 408 -202.0
30 409 -185.0
30 412 -198.0
30 417 -202.0
30 418 -204.0
30 421 -189.0
30 432 -206.0
30 434 -200.0
30 441 -203.0
30 449 -194.0
30 452 -202.0
30 454 -203.0
30 458 -198.0
30 480 -195.0
30 487 -194.0
30 491 -201.0
30 508 -195.0
30 511 -201.0
30 514 -200.0
30 518 -196.0
30 519 -203.0
30 526 -201.0
30 544 -204.0
30 545 -201.0
30 546 -204.0
30 557 -203.0
30 572 -195.0
30 575 -204.0
30 584 -199.0
30 588 -198.0
30 592 -200.0
30 595 -195.0
30 597 -197.0
30 601 -196.0
30 606 -194.0
30 608 -201.0
30 635 -200.0
30 637 -196.0
31 39 -306.0
31 44 -302.0
31 46 -308.0
31 55 -302.0
31 59 -297.0
31 72 -297.0
31 74 -298.0
31 80 -303.0
31 83 -305.0
31 88 -298.0
31 92 -300.0
31 100 -314.0
31 101 -299.0
31 104 -293.0
31 108 -296.0
31 116 -300.0
31 121 -295.0
31 129 -305.0
31 132 -292.0
31 137 -303.0
31 148 -299.0
31 151 -300.0
31 152 -301.0
31 153 -297.0
31 159 -304.0
31 170 -204.0
31 184 -207.0
31 192 -206.0
31 195 -195.0
31 199 -200.0
31 203 -187.0
31 205 -198.0
31 208 -201.0
31 211 -195.0
31 216 -200.0
31 223 -198.0
31 224 -195.0
31 228 -200.0
31 231 -206.0
31 232 -201.0
31 234 -192.0
31 235 -191.0
31 240 -199.0
31 244 -201.0
31 250 -199.0
31 254 -196.0
31 256 -202.0
31 272 -201.0
31 278 -205.0
31 280 -200.0
31 281 -201.0
31 290 -204.0
31 293 -202.0
31 296 -206.0
31 302 -202.0
31 304 -197.0
31 310 -196.0
31 311 -208.0
31 318 -197.0
31 324 -207.0
31 326 -208.0
31 328 -206.0
31 331 -202.0
31 332 -198.0
31 334 -194.0
31 341 -197.0
31 343 -196.0
31 346 -200.0
31 347 -205.0
31 361 -198.0
31 364 -210.0
31 373 -195.0
31 375 -200.0
31 382 -191.0
31 384 -208.0
31 388 -196.0
31 389 -197.0
31 390 -200.0
31 393 -200.0
31 397 -202.0
31 399 -204.0
31 402 -196.0
31 409 -200.0
31 412 -204.0
31 422 -201.0
31 426 -198.0
31 433 -202.0
31 441 -208.0
31 453 -204.0
31 463 -190.0
31 466 -202.0
31 470 -196.0
31 474 -194.0
31 479 -199.0
31 481 -209.0
31 488 -205.0
31 489 -202.0
31 491 -201.0
31 498 -199.0
31 510 -202.0
31 522 -196.0
31 530 -204.0
31 531 -194.0
31 542 -189.0
31 543 -197.0
31 546 -194.0
31 552 -202.0
31 556 -197.0
31 558 -200.0
31 562 -194.0
31 564 -194.0
31 571 -202.0
31 574 -194.0
31 575 -205.0
31 580 -208.0
31 591 -206.0
31 594 -201.0
31 596 -203.0
31 597 -211.0
31 600 -202.0
31 607 -198.0
31 616 -195.0
31 617 -198.0
31 620 -197.0
31 624 -193.0
31 626 -204.0
31 633 -207.0
31 634 -212.0
31 639 -198.0
32 36 -302.0
32 41 -302.0
32 43 -299.0
32 49 -305.0
32 57 -304.0
32 58 -302.0
32 78 -297.0
32 85 -300.0
32 96 -296.0
32 97 -298.0
32 100 -299.0
32 102 -307.0
32 123 -291.0
32 124 -295.0
32 127 -302.0
32 131 -296.0
32 137 -303.0
32 138 -303.0
32 144 -302.0
32 147 -296.0
32 153 -304.0
32 158 -300.0
32 165 -194.0
32 173 -194.0
32 177 -198.0
32 188 -215.0
32 191 -208.0
32 196 -201.0
32 204 -211.0
32 212 -192.0
32 218 -192.0
32 220 -207.0
32 227 -199.0
32 232 -196.0
32 249 -202.0
32 256 -208.0
32 260 -200.0
32 262 -197.0
32 269 -191.0
32 276 -197.0
32 277 -197.0
32 284 -191.0
32 285 -203.0
32 292 -202.0
32 295 -196.0
32 298 -208.0
32 308 -196.0
32 309 -190.0
32 310 -204.0
32 313 -199.0
32 323 -196.0
32 328 -188.0
32 331 -200.0
32 342 -194.0
32 351 -197.0
32 352 -197.0
32 353 -200.0
32 354 -196.0
32 369 -201.0
32 375 -206.0
32 377 -193.0
32 394 -197.0
32 395 -201.0
32 404 -196.0
32 405 -203.0
32 407 -191.0
32 408 -202.0
32 409 -192.0
32 410 -203.0
32 411 -190.0
32 416 -194.0
32 422 -194.0
32 427 -197.0
32 429 -209.0
32 433 -208.0
32 435 -198.0
32 448 -198.0
32 449 -209.0
32 455 -201.0
32 457 -198.0
32 459 -198.0
32 461 -201.0
32 472 -196.0
32 475 -197.0
32 477 -207.0
32 479 -200.0
32 484 -198.0
32 486 -197.0
32 491 -207.0
32 493 -209.0
32 498 -197.0
32 499 -203.0
32 502 -196.0
32 503 -204.0
32 504 -194.0
32 506 -210.0
32 508 -200.0
32 529 -203.0
32 535 -204.0
32 537 -208.0
32 548 -198.0
32 557 -202.0
32 560 -202.0
32 561 -204.0
32 563 -191.0
32 565 -205.0
32 570 -190.0
32 580 -201.0
32 584 -203.0
32 586 -200.0
32 591 -193.0
32 603 -201.0
32 606 -204.0
32 608 -194.0
32 609 -202.0
32 612 -206.0
32 617 -201.0
32 618 -202.0
32 619 -201.0
32 622 -205.0
32 626 -201.0
32 629 -197.0
32 632 -197.0
32 634 -200.0
32 639 -203.0
33 35 -298.0
33 36 -294.0
33 39 -305.0
33 41 -308.0
33 44 -304.0
33 45 -291.0
33 47 -302.0
33 49 -306.0
33 63 -295.0
33 65 -308.0
33 73 -312.0
33 74 -306.0
33 81 -298.0
33 93 -293.0
33 105 -300.0
33 111 -304.0
33 123 -295.0
33 125 -293.0
33 136 -299.0
33 138 -298.0
33 139 -307.0
33 140 -299.0
33 141 -300.0
33 148 -298.0
33 154 -300.0
33 160 -307.0
33 161 -204.0
33 164 -195.0
33 165 -196.0
33 176 -194.0
33 185 -207.0
33 204 -192.0
33 206 -196.0
33 209 -192.0
33 223 -202.0
33 226 -205.0
33 239 -201.0
33 244 -195.0
33 246 -195.0
33 249 -205.0
33 258 -201.0
33 260 -202.0
33 272 -205.0
33 275 -198.0
33 286 -198.0
33 290 -201.0
33 298 -196.0
33 307 -190.0
33 310 -193.0
33 313 -206.0
33 315 -208.0
33 340 -189.0
33 341 -194.0
33 342 -197.0
33 344 -197.0
33 346 -197.0
33 349 -190.0
33 354 -192.0
33 356 -193.0
33 360 -197.0
33 376 -195.0
33 389 -204.0
33 392 -192.0
33 402 -199.0
33 405 -202.0
33 413 -198.0
33 418 -198.0
33 419 -200.0
33 422 -199.0
33 434 -195.0
33 437 -191.0
33 443 -194.0
33 457 -201.0
33 465 -198.0
33 467 -202.0
33 468 -201.0
33 472 -188.0
33 484 -205.0
33 486 -194.0
33 487 -200.0
33 489 -198.0
33 501 -204.0
33 505 -195.0
33 506 -206.0
33 507 -193.0
33 517 -198.0
33 521 -200.0
33 525 -199.0
33 526 -193.0
33 535 -205.0
33 543 -192.0
33 549 -198.0
33 553 -207.0
33 558 -203.0
33 563 -200.0
33 567 -197.0
33 574 -195.0
33 577 -191.0
33 578 -198.0
33 579 -189.0
33 580 -205.0
33 584 -200.0
33 597 -198.0
33 600 -200.0
33 606 -201.0
33 610 -194.0
33 615 -204.0
33 616 -198.0
33 625 -195.0
33 638 -192.0
34 37 -300.0
34 38 -293.0
34 39 -292.0
34 56 -299.0
34 60 -297.0
34 67 -307.0
34 69 -302.0
34 71 -295.0
34 76 -305.0
34 81 -299.0
34 85 -302.0
34 90 -297.0
34 92 -300.0
34 97 -300.0
34 98 -306.0
34 101 -291.0
34 102 -298.0
34 111 -300.0
34 119 -299.0
34 120 -300.0
34 121 -298.0
34 130 -302.0
34 159 -295.0
34 161 -199.0
34 164 -195.0
34 166 -201.0
34 168 -204.0
34 180 -197.0
34 181 -196.0
34 182 -204.0
34 187 -195.0
34 188 -201.0
34 190 -208.0
34 204 -207.0
34 205 -206.0
34 206 -194.0
34 208 -195.0
34 215 -189.0
34 216 -199.0
34 219 -199.0
34 221 -199.0
34 224 -200.0
34 228 -208.0
34 229 -205.0
34 239 -189.0
34 240 -206.0
34 245 -195.0
34 253 -191.0
34 257 -201.0
34 262 -200.0
34 265 -206.0
34 268 -190.0
34 269 -199.0
34 272 -202.0
34 274 -202.0
34 277 -203.0
34 289 -203.0
34 298 -195.0
34 300 -203.0
34 301 -201.0
34 303 -194.0
34 316 -199.0
34 318 -197.0
34 320 -200.0
34 337 -205.0
34 339 -201.0
34 341 -204.0
34 342 -199.0
34 352 -205.0
34 356 -196.0
34 361 -201.0
34 375 -185.0
34 384 -199.0
34 385 -199.0
34 388 -200.0
34 389 -205.0
34 390 -191.0
34 396 -205.0
34 401 -196.0
34 410 -205.0
34 418 -201.0
34 429 -206.0
34 430 -201.0
34 432 -195.0
34 433 -191.0
34 440 -193.0
34 442 -202.0
34 443 -195.0
34 448 -200.0
34 450 -194.0
34 460 -195.0
34 464 -197.0
34 465 -208.0
34 466 -189.0
34 469 -203.0
34 473 -206.0
34 478 -198.0
34 485 -206.0
34 490 -201.0
34 496 -189.0
34 497 -202.0
34 501 -201.0
34 505 -193.0
34 531 -190.0
34 536 -193.0
34 537 -195.0
34 546 -199.0
34 547 -208.0
34 551 -189.0
34 555 -196.0
34 556 -204.0
34 558 -198.0
34 564 -202.0
34 565 -203.0
34 570 -198.0
34 571 -196.0
34 572 -197.0
34 573 -202.0
34 577 -197.0
34 579 -204.0
34 583 -199.0
34 585 -208.0
34 586 -208.0
34 591 -197.0
34 595 -197.0
34 598 -196.0
34 601 -197.0
34 605 -193.0
34 609 -206.0
34 611 -203.0
34 620 -195.0
34 624 -195.0
34 633 -193.0
34 636 -207.0
34 637 -198.0
35 36 -308.0
35 37 -294.0
35 44 -305.0
35 46 -299.0
35 49 -295.0
35 50 -295.0
35 51 -298.0
35 54 -304.0
35 57 -303.0
35 58 -296.0
35 59 -311.0
35 75 -301.0
35 83 -290.0
35 90 -294.0
35 91 -294.0
35 98 -304.0
35 102 -304.0
35 106 -293.0
35 111 -304.0
35 119 -301.0
35 120 -291.0
35 125 -300.0
35 128 -300.0
35 131 -304.0
35 133 -297.0
35 134 -303.0
35 142 -306.0
35 150 -299.0
35 158 -301.0
35 161 -201.0
35 162 -206.0
35 166 -201.0
35 172 -199.0
35 180 -190.0
35 182 -200.0
35 184 -196.0
35 185 -206.0
35 187 -202.0
35 191 -191.0
35 198 -206.0
35 199 -201.0
35 200 -191.0
35 207 -201.0
35 209 -196.0
35 222 -200.0
35 232 -198.0
35 243 -197.0
35 258 -198.0
35 301 -197.0
35 304 -195.0
35 306 -204.0
35 317 -204.0
35 319 -201.0
35 333 -201.0
35 340 -197.0
35 343 -196.0
35 348 -206.0
35 355 -192.0
35 359 -201.0
35 361 -197.0
35 362 -200.0
35 371 -205.0
35 382 -184.0
35 384 -198.0
35 390 -196.0
35 394 -199.0
35 401 -194.0
35 408 -203.0
35 409 -202.0
35 410 -196.0
35 411 -191.0
35 412 -199.0
35 414 -209.0
35 415 -196.0
35 417 -197.0
35 422 -199.0
35 424 -201.0
35 426 -200.0
35 427 -208.0
35 433 -204.0
35 434 -201.0
35 436 -206.0
35 440 -199.0
35 441 -200.0
35 452 -198.0
35 453 -199.0
35 454 -202.0
35 463 -206.0
35 465 -204.0
35 474 -198.0
35 475 -200.0
35 483 -200.0
35 487 -202.0
35 494 -208.0
35 498 -207.0
35 499 -195.0
35 500 -191.0
35 517 -204.0
35 519 -203.0
35 521 -200.0
35 525 -209.0
35 530 -197.0
35 532 -198.0
35 535 -205.0
35 538 -205.0
35 550 -200.0
35 551 -197.0
35 552 -201.0
35 553 -194.0
35 556 -192.0
35 560 -201.0
35 562 -188.0
35 563 -200.0
35 564 -209.0
35 576 -203.0
35 577 -195.0
35 581 -201.0
35 595 -205.0
35 614 -196.0
35 618 -207.0
35 620 -197.0
35 622 -197.0
35 625 -197.0
35 628 -196.0
35 630 -201.0
35 634 -201.0
35 636 -199.0
35 637 -205.0
36 41 -308.0
36 45 -301.0
36 50 -302.0
36 54 -301.0
36 57 -306.0
36 60 -299.0
36 61 -299.0
36 70 -297.0
36 85 -301.0
36 97 -299.0
36 101 -298.0
36 103 -305.0
36 106 -299.0
36 110 -307.0
36 115 -306.0
36 141 -304.0
36 149 -303.0
36 152 -301.0
36 157 -299.0
36 159 -308.0
36 161 -201.0
36 173 -197.0
36 191 -206.0
36 195 -202.0
36 198 -200.0
36 206 -199.0
36 220 -201.0
36 221 -202.0
36 225 -190.0
36 228 -201.0
36 235 -202.0
36 236 -194.0
36 239 -196.0
36 242 -202.0
36 245 -193.0
36 247 -202.0
36 248 -199.0
36 261 -192.0
36 267 -194.0
36 269 -206.0
36 273 -201.0
36 274 -194.0
36 284 -204.0
36 291 -199.0
36 292 -204.0
36 295 -197.0
36 300 -198.0
36 305 -197.0
36 308 -195.0
36 309 -205.0
36 316 -203.0
36 322 -198.0
36 328 -204.0
36 334 -199.0
36 335 -195.0
36 339 -194.0
36 343 -198.0
36 352 -191.0
36 370 -204.0
36 377 -196.0
36 378 -196.0
36 382 -201.0
36 383 -200.0
36 384 -199.0
36 387 -194.0
36 391 -196.0
36 392 -197.0
36 397 -199.0
36 398 -192.0
36 402 -211.0
36 406 -195.0
36 411 -207.0
36 419 -198.0
36 435 -205.0
36 436 -208.0
36 442 -202.0
36 443 -202.0
36 445 -206.0
36 454 -201.0
36 455 -197.0
36 459 -195.0
36 460 -191.0
36 462 -203.0
36 482 -203.0
36 491 -202.0
36 493 -196.0
36 497 -196.0
36 510 -195.0
36 516 -201.0
36 519 -204.0
36 522 -212.0
36 524 -193.0
36 525 -207.0
36 527 -193.0
36 530 -204.0
36 532 -199.0
36 534 -198.0
36 565 -204.0
36 575 -192.0
36 588 -201.0
36 590 -202.0
36 591 -204.0
36 592 -207.0
36 593 -206.0
36 597 -211.0
36 600 -199.0
36 606 -201.0
36 607 -211.0
36 609 -206.0
36 611 -200.0
36 612 -191.0
36 614 -203.0
36 630 -194.0
36 634 -207.0
37 43 -297.0
37 55 -298.0
37 56 -294.0
37 57 -294.0
37 61 -307.0
37 74 -296.0
37 76 -301.0
37 80 -300.0
37 82 -299.0
37 83 -299.0
37 95 -300.0
37 101 -295.0
37 105 -295.0
37 111 -297.0
37 121 -297.0
37 126 -299.0
37 131 -300.0
37 133 -293.0
37 136 -302.0
37 146 -302.0
37 157 -294.0
37 163 -186.0
37 170 -199.0
37 174 -200.0
37 185 -197.0
37 189 -194.0
37 193 -199.0
37 195 -207.0
37 197 -201.0
37 199 -201.0
37 212 -197.0
37 213 -202.0
37 214 -197.0
37 218 -204.0
37 221 -201.0
37 229 -198.0
37 233 -200.0
37 235 -198.0
37 236 -194.0
37 237 -204.0
37 251 -204.0
37 254 -201.0
37 257 -202.0
37 264 -201.0
37 266 -186.0
37 278 -207.0
37 280 -196.0
37 283 -208.0
37 285 -194.0
37 288 -205.0
37 292 -203.0
37 305 -208.0
37 306 -201.0
37 326 -196.0
37 331 -198.0
37 342 -198.0
37 343 -207.0
37 344 -197.0
37 353 -198.0
37 358 -198.0
37 362 -191.0
37 363 -200.0
37 364 -199.0
37 367 -196.0
37 375 -202.0
37 380 -201.0
37 381 -195.0
37 385 -201.0
37 392 -196.0
37 405 -194.0
37 409 -202.0
37 413 -201.0
37 414 -203.0
37 416 -199.0
37 424 -203.0
37 425 -199.0
37 427 -199.0
37 429 -197.0
37 430 -198.0
37 431 -200.0
37 436 -204.0
37 449 -200.0
37 453 -202.0
37 455 -201.0
37 476 -200.0
37 481 -197.0
37 489 -202.0
37 493 -204.0
37 494 -197.0
37 498 -199.0
37 520 -211.0
37 522 -199.0
37 528 -204.0
37 530 -197.0
37 537 -204.0
37 538 -199.0
37 539 -208.0
37 550 -190.0
37 551 -195.0
37 556 -201.0
37 560 -197.0
37 562 -197.0
37 573 -203.0
37 577 -200.0
37 579 -200.0
37 581 -205.0
37 582 -200.0
37 584 -201.0
37 587 -205.0
37 589 -201.0
37 591 -209.0
37 598 -205.0
37 609 -200.0
37 615 -209.0
37 626 -204.0
37 627 -214.0
37 628 -201.0
37 629 -200.0
37 638 -199.0
38 43 -302.0
38 47 -297.0
38 51 -310.0
38 52 -294.0
38 57 -303.0
38 61 -303.0
38 64 -301.0
38 67 -297.0
38 70 -299.0
38 85 -301.0
38 90 -296.0
38 93 -302.0
38 94 -300.0
38 95 -300.0
38 97 -299.0
38 105 -305.0
38 109 -300.0
38 110 -289.0
38 112 -301.0
38 117 -305.0
38 118 -302.0
38 119 -304.0
38 133 -299.0
38 134 -300.0
38 146 -294.0
38 150 -302.0
38 161 -193.0
38 171 -196.0
38 173 -209.0
38 177 -205.0
38 180 -196.0
38 182 -195.0
38 185 -197.0
38 188 -204.0
38 195 -196.0
38 201 -203.0
38 216 -195.0
38 225 -204.0
38 229 -197.0
38 230 -195.0
38 233 -196.0
38 242 -204.0
38 246 -206.0
38 263 -191.0
38 264 -196.0
38 265 -201.0
38 267 -201.0
38 303 -195.0
38 320 -205.0
38 324 -194.0
38 326 -197.0
38 328 -206.0
38 337 -197.0
38 339 -202.0
38 351 -205.0
38 352 -199.0
38 354 -202.0
38 357 -200.0
38 360 -194.0
38 364 -196.0
38 371 -194.0
38 373 -197.0
38 386 -193.0
38 392 -201.0
38 398 -199.0
38 404 -196.0
38 405 -196.0
38 408 -203.0
38 410 -200.0
38 412 -201.0
38 416 -198.0
38 423 -199.0
38 434 -191.0
38 437 -195.0
38 438 -200.0
38 441 -196.0
38 450 -197.0
38 451 -197.0
38 452 -197.0
38 462 -196.0
38 476 -202.0
38 485 -196.0
38 491 -205.0
38 492 -205.0
38 494 -207.0
38 497 -204.0
38 505 -204.0
38 507 -202.0
38 509 -192.0
38 511 -197.0
38 512 -206.0
38 522 -197.0
38 525 -196.0
38 537 -195.0
38 538 -200.0
38 540 -214.0
38 543 -201.0
38 547 -201.0
38 552 -202.0
38 566 -191.0
38 569 -206.0
38 571 -190.0
38 576 -203.0
38 583 -197.0
38 587 -210.0
38 591 -203.0
38 592 -196.0
38 597 -192.0
38 600 -190.0
38 603 -203.0
38 605 -201.0
38 608 -203.0
38 612 -198.0
38 617 -191.0
38 619 -202.0
38 627 -201.0
38 629 -197.0
39 40 -297.0
39 45 -292.0
39 48 -298.0
39 52 -305.0
39 53 -295.0
39 54 -294.0
39 56 -306.0
39 75 -300.0
39 81 -299.0
39 85 -297.0
39 86 -297.0
39 97 -302.0
39 99 -299.0
39 110 -295.0
39 114 -298.0
39 119 -298.0
39 121 -308.0
39 133 -304.0
39 154 -295.0
39 156 -301.0
39 163 -196.0
39 165 -198.0
39 171 -205.0
39 175 -206.0
39 193 -198.0
39 195 -205.0
39 198 -204.0
39 211 -199.0
39 213 -203.0
39 217 -201.0
39 221 -203.0
39 227 -200.0
39 228 -202.0
39 234 -204.0
39 235 -205.0
39 242 -205.0
39 258 -198.0
39 267 -206.0
39 271 -204.0
39 272 -201.0
39 275 -203.0
39 282 -189.0
39 284 -204.0
39 285 -201.0
39 303 -180.0
39 307 -203.0
39 315 -204.0
39 322 -200.0
39 323 -208.0
39 326 -197.0
39 328 -205.0
39 332 -203.0
39 337 -201.0
39 339 -196.0
39 348 -199.0
39 351 -201.0
39 353 -205.0
39 354 -197.0
39 355 -198.0
39 356 -196.0
39 361 -193.0
39 362 -196.0
39 365 -197.0
39 366 -191.0
39 372 -198.0
39 378 -192.0
39 385 -200.0
39 388 -191.0
39 394 -196.0
39 397 -202.0
39 402 -194.0
39 409 -200.0
39 416 -205.0
39 424 -200.0
39 459 -207.0
39 460 -199.0
39 480 -193.0
39 482 -204.0
39 484 -201.0
39 506 -200.0
39 507 -194.0
39 509 -196.0
39 510 -202.0
39 516 -190.0
39 521 -200.0
39 525 -199.0
39 527 -199.0
39 529 -197.0
39 530 -207.0
39 531 -198.0
39 532 -196.0
39 536 -196.0
39 538 -193.0
39 550 -201.0
39 554 -196.0
39 558 -194.0
39 560 -209.0
39 561 -196.0
39 563 -198.0
39 578 -201.0
39 579 -202.0
39 586 -197.0
39 587 -201.0
39 590 -206.0
39 594 -200.0
39 595 -195.0
39 603 -208.0
39 607 -198.0
39 608 -196.0
39 613 -197.0
39 616 -191.0
39 620 -195.0
39 625 -204.0
39 629 -204.0
40 44 -302.0
40 50 -290.0
40 57 -303.0
40 59 -291.0
40 61 -295.0
40 63 -300.0
40 65 -298.0
40 66 -305.0
40 68 -302.0
40 70 -300.0
40 74 -300.0
40 77 -302.0
40 81 -306.0
40 83 -303.0
40 84 -295.0
40 101 -299.0
40 106 -308.0
40 108 -292.0
40 112 -304.0
40 114 -291.0
40 123 -291.0
40 124 -305.0
40 128 -302.0
40 133 -300.0
40 134 -301.0
40 138 -301.0
40 139 -305.0
40 143 -301.0
40 152 -305.0
40 153 -295.0
40 155 -309.0
40 161 -199.0
40 168 -199.0
40 172 -202.0
40 175 -196.0
40 178 -187.0
40 179 -192.0
40 194 -202.0
40 199 -201.0
40 204 -194.0
40 209 -201.0
40 210 -201.0
40 213 -188.0
40 221 -196.0
40 226 -205.0
40 229 -204.0
40 234 -199.0
40 236 -203.0
40 239 -203.0
40 240 -203.0
40 242 -193.0
40 250 -189.0
40 253 -195.0
40 254 -202.0
40 256 -202.0
40 261 -195.0
40 262 -203.0
40 264 -201.0
40 266 -208.0
40 267 -208.0
40 271 -203.0
40 273 -206.0
40 279 -202.0
40 284 -195.0
40 309 -203.0
40 310 -197.0
40 318 -197.0
40 327 -199.0
40 340 -198.0
40 346 -202.0
40 358 -199.0
40 369 -203.0
40 371 -198.0
40 374 -204.0
40 375 -203.0
40 394 -198.0
40 399 -201.0
40 400 -195.0
40 402 -192.0
40 405 -212.0
40 421 -206.0
40 422 -199.0
40 429 -207.0
40 436 -199.0
40 437 -202.0
40 444 -202.0
40 450 -197.0
40 453 -194.0
40 463 -192.0
40 480 -196.0
40 509 -195.0
40 515 -199.0
40 517 -203.0
40 521 -199.0
40 523 -202.0
40 529 -207.0
40 535 -193.0
40 540 -204.0
40 541 -197.0
40 542 -196.0
40 558 -205.0
40 561 -205.0
40 563 -203.0
40 569 -204.0
40 581 -204.0
40 583 -206.0
40 585 -198.0
40 591 -200.0
40 598 -200.0
40 601 -201.0
40 608 -196.0
40 614 -192.0
40 623 -197.0
40 634 -200.0
41 42 -297.0
41 44 -297.0
41 49 -308.0
41 54 -305.0
41 59 -299.0
41 65 -303.0
41 76 -299.0
41 78 -299.0
41 82 -298.0
41 84 -304.0
41 85 -303.0
41 89 -301.0
41 93 -303.0
41 100 -299.0
41 102 -295.0
41 105 -304.0
41 107 -297.0
41 110 -286.0
41 111 -298.0
41 115 -290.0
41 118 -297.0
41 121 -295.0
41 132 -307.0
41 149 -305.0
41 153 -289.0
41 158 -298.0
41 161 -196.0
41 162 -205.0
41 164 -192.0
41 182 -197.0
41 187 -206.0
41 188 -190.0
41 191 -194.0
41 192 -201.0
41 196 -202.0
41 201 -197.0
41 205 -194.0
41 220 -193.0
41 224 -210.0
41 226 -187.0
41 229 -206.0
41 239 -199.0
41 241 -214.0
41 242 -201.0
41 243 -204.0
41 252 -201.0
41 259 -194.0
41 282 -204.0
41 283 -196.0
41 284 -207.0
41 286 -197.0
41 296 -196.0
41 299 -197.0
41 302 -194.0
41 304 -200.0
41 305 -191.0
41 306 -196.0
41 310 -201.0
41 311 -206.0
41 314 -205.0
41 315 -200.0
41 322 -204.0
41 323 -208.0
41 327 -197.0
41 329 -197.0
41 342 -198.0
41 344 -193.0
41 346 -201.0
41 350 -200.0
41 351 -200.0
41 355 -197.0
41 364 -200.0
41 365 -205.0
41 378 -195.0
41 384 -205.0
41 399 -198.0
41 401 -198.0
41 403 -198.0
41 404 -195.0
41 405 -196.0
41 408 -195.0
41 409 -197.0
41 411 -200.0
41 419 -197.0
41 433 -198.0
41 451 -207.0
41 452 -207.0
41 473 -193.0
41 475 -199.0
41 478 -198.0
41 487 -199.0
41 488 -199.0
41 493 -201.0
41 499 -202.0
41 503 -195.0
41 505 -204.0
41 507 -192.0
41 512 -195.0
41 515 -196.0
41 518 -201.0
41 520 -202.0
41 525 -207.0
41 526 -195.0
41 528 -196.0
41 535 -201.0
41 548 -205.0
41 556 -205.0
41 558 -197.0
41 564 -196.0
41 565 -200.0
41 566 -195.0
41 567 -203.0
41 576 -193.0
41 580 -199.0
41 585 -197.0
41 589 -197.0
41 590 -206.0
41 599 -212.0
41 604 -194.0
41 612 -188.0
41 614 -198.0
41 616 -191.0
41 619 -200.0
41 622 -199.0
41 625 -204.0
41 630 -192.0
41 635 -198.0
41 636 -200.0
42 50 -295.0
42 51 -299.0
42 56 -307.0
42 64 -293.0
42 66 -298.0
42 81 -304.0
42 84 -296.0
42 87 -296.0
42 88 -298.0
42 91 -303.0
42 93 -302.0
42 100 -296.0
42 103 -304.0
42 104 -303.0
42 109 -299.0
42 114 -296.0
42 116 -296.0
42 123 -294.0
42 125 -295.0
42 127 -304.0
42 128 -287.0
42 133 -298.0
42 141 -308.0
42 144 -300.0
42 148 -300.0
42 150 -291.0
42 153 -292.0
42 156 -303.0
42 158 -296.0
42 163 -200.0
42 165 -201.0
42 169 -198.0
42 171 -197.0
42 177 -209.0
42 182 -202.0
42 199 -203.0
42 210 -188.0
42 212 -193.0
42 214 -196.0
42 221 -202.0
42 222 -202.0
42 223 -201.0
42 234 -200.0
42 237 -203.0
42 238 -202.0
42 244 -198.0
42 247 -198.0
42 253 -203.0
42 256 -201.0
42 262 -206.0
42 265 -198.0
42 268 -197.0
42 271 -197.0
42 273 -194.0
42 281 -201.0
42 285 -194.0
42 291 -193.0
42 296 -202.0
42 297 -203.0
42 315 -201.0
42 328 -203.0
42 331 -193.0
42 332 -205.0
42 348 -196.0
42 349 -202.0
42 355 -200.0
42 360 -197.0
42 363 -209.0
42 364 -198.0
42 372 -200.0
42 375 -201.0
42 380 -202.0
42 387 -204.0
42 388 -202.0
42 395 -203.0
42 399 -199.0
42 405 -200.0
42 408 -203.0
42 416 -196.0
42 418 -190.0
42 425 -203.0
42 432 -192.0
42 436 -185.0
42 437 -193.0
42 449 -194.0
42 457 -205.0
42 458 -204.0
42 462 -190.0
42 474 -197.0
42 480 -186.0
42 496 -195.0
42 499 -192.0
42 501 -191.0
42 510 -200.0
42 511 -213.0
42 512 -198.0
42 517 -201.0
42 519 -198.0
42 523 -196.0
42 526 -195.0
42 528 -190.0
42 529 -200.0
42 532 -205.0
42 540 -201.0
42 541 -197.0
42 543 -200.0
42 545 -204.0
42 552 -204.0
42 553 -191.0
42 554 -199.0
42 557 -202.0
42 559 -189.0
42 561 -199.0
42 562 -215.0
42 564 -206.0
42 569 -204.0
42 575 -199.0
42 584 -201.0
42 586 -192.0
42 593 -200.0
42 600 -197.0
42 601 -198.0
42 610 -198.0
42 612 -200.0
42 614 -204.0
42 616 -199.0
42 634 -206.0
42 635 -204.0
42 636 -206.0
42 639 -202.0
43 45 -286.0
43 53 -305.0
43 64 -295.0
43 69 -305.0
43 78 -293.0
43 82 -305.0
43 105 -298.0
43 112 -296.0
43 124 -296.0
43 125 -301.0
43 126 -300.0
43 127 -307.0
43 134 -309.0
43 140 -294.0
43 147 -303.0
43 149 -295.0
43 163 -200.0
43 164 -209.0
43 169 -201.0
43 170 -190.0
43 171 -192.0
43 173 -195.0
43 177 -203.0
43 187 -193.0
43 189 -199.0
43 198 -197.0
43 202 -198.0
43 204 -204.0
43 205 -197.0
43 208 -191.0
43 216 -196.0
43 221 -198.0
43 231 -185.0
43 242 -195.0
43 247 -209.0
43 250 -200.0
43 253 -195.0
43 256 -200.0
43 257 -201.0
43 258 -204.0
43 272 -196.0
43 273 -208.0
43 277 -202.0
43 291 -198.0
43 293 -199.0
43 296 -201.0
43 315 -189.0
43 320 -205.0
43 326 -198.0
43 328 -199.0
43 331 -201.0
43 336 -195.0
43 342 -198.0
43 351 -199.0
43 354 -204.0
43 355 -199.0
43 362 -197.0
43 366 -205.0
43 367 -208.0
43 386 -202.0
43 387 -195.0
43 391 -195.0
43 400 -200.0
43 415 -205.0
43 425 -202.0
43 432 -201.0
43 433 -195.0
43 435 -202.0
43 453 -197.0
43 461 -202.0
43 467 -201.0
43 479 -199.0
43 481 -200.0
43 485 -203.0
43 489 -208.0
43 491 -202.0
43 496 -193.0
43 499 -207.0
43 518 -201.0
43 519 -201.0
43 523 -207.0
43 536 -202.0
43 549 -200.0
43 592 -209.0
43 595 -199.0
43 596 -196.0
43 598 -199.0
43 609 -204.0
43 614 -197.0
43 621 -207.0
43 624 -203.0
43 631 -196.0
43 638 -203.0
44 53 -303.0
44 54 -297.0
44 55 -305.0
44 58 -300.0
44 61 -300.0
44 64 -297.0
44 74 -295.0
44 80 -301.0
44 82 -299.0
44 85 -295.0
44 91 -294.0
44 94 -305.0
44 95 -300.0
44 99 -304.0
44 100 -306.0
44 101 -294.0
44 105 -298.0
44 115 -306.0
44 125 -306.0
44 134 -300.0
44 136 -298.0
44 139 -303.0
44 140 -297.0
44 142 -301.0
44 143 -302.0
44 153 -302.0
44 154 -308.0
44 162 -199.0
44 163 -198.0
44 170 -199.0
44 177 -203.0
44 189 -194.0
44 190 -198.0
44 198 -196.0
44 203 -202.0
44 219 -198.0
44 222 -196.0
44 228 -207.0
44 232 -202.0
44 245 -189.0
44 248 -207.0
44 262 -191.0
44 263 -207.0
44 269 -194.0
44 270 -205.0
44 277 -203.0
44 294 -194.0
44 306 -207.0
44 308 -196.0
44 314 -187.0
44 323 -194.0
44 324 -200.0
44 325 -192.0
44 326 -203.0
44 327 -192.0
44 328 -204.0
44 329 -198.0
44 330 -201.0
44 333 -201.0
44 347 -204.0
44 351 -204.0
44 354 -185.0
44 360 -193.0
44 361 -206.0
44 363 -202.0
44 369 -196.0
44 372 -192.0
44 388 -202.0
44 391 -202.0
44 392 -200.0
44 395 -209.0
44 417 -201.0
44 422 -199.0
44 428 -200.0
44 434 -206.0
44 436 -197.0
44 441 -201.0
44 445 -207.0
44 448 -198.0
44 449 -206.0
44 451 -207.0
44 452 -207.0
44 463 -193.0
44 472 -203.0
44 473 -202.0
44 480 -202.0
44 481 -206.0
44 484 -189.0
44 491 -207.0
44 493 -198.0
44 495 -199.0
44 497 -196.0
44 501 -196.0
44 502 -203.0
44 506 -198.0
44 507 -200.0
44 509 -201.0
44 510 -195.0
44 511 -193.0
44 517 -199.0
44 520 -195.0
44 523 -202.0
44 529 -197.0
44 539 -206.0
44 552 -198.0
44 553 -209.0
44 556 -196.0
44 562 -201.0
44 571 -201.0
44 579 -193.0
44 580 -208.0
44 595 -195.0
44 597 -193.0
44 599 -198.0
44 600 -201.0
44 604 -199.0
44 606 -202.0
44 618 -184.0
44 621 -198.0
44 628 -198.0
44 629 -199.0
44 630 -206.0
44 638 -208.0
45 56 -305.0
45 58 -303.0
45 61 -309.0
45 63 -294.0
45 64 -295.0
45 68 -299.0
45 81 -293.0
45 86 -295.0
45 92 -301.0
45 96 -303.0
45 99 -308.0
45 101 -296.0
45 106 -307.0
45 117 -301.0
45 122 -297.0
45 123 -306.0
45 130 -290.0
45 135 -293.0
45 148 -296.0
45 154 -302.0
45 169 -206.0
45 186 -206.0
45 188 -203.0
45 192 -196.0
45 203 -195.0
45 207 -198.0
45 209 -202.0
45 217 -193.0
45 218 -196.0
45 219 -197.0
45 220 -206.0
45 229 -204.0
45 233 -199.0
45 237 -205.0
45 240 -202.0
45 248 -201.0
45 265 -191.0
45 267 -193.0
45 268 -194.0
45 269 -200.0
45 271 -201.0
45 275 -193.0
45 277 -195.0
45 307 -195.0
45 308 -202.0
45 314 -200.0
45 316 -186.0
45 323 -198.0
45 325 -200.0
45 326 -198.0
45 327 -201.0
45 331 -200.0
45 334 -197.0
45 335 -204.0
45 339 -206.0
45 341 -200.0
45 342 -206.0
45 348 -195.0
45 351 -193.0
45 377 -198.0
45 382 -196.0
45 385 -198.0
45 401 -207.0
45 405 -207.0
45 413 -199.0
45 428 -196.0
45 431 -199.0
45 438 -199.0
45 444 -200.0
45 446 -195.0
45 448 -207.0
45 449 -199.0
45 451 -199.0
45 463 -194.0
45 464 -193.0
45 466 -191.0
45 470 -203.0
45 476 -189.0
45 477 -200.0
45 482 -193.0
45 487 -208.0
45 489 -205.0
45 491 -205.0
45 494 -213.0
45 501 -198.0
45 506 -191.0
45 507 -202.0
45 508 -203.0
45 509 -192.0
45 522 -203.0
45 525 -199.0
45 536 -196.0
45 547 -199.0
45 548 -196.0
45 563 -201.0
45 566 -195.0
45 572 -201.0
45 576 -208.0
45 580 -215.0
45 581 -202.0
45 587 -203.0
45 589 -204.0
45 592 -201.0
45 600 -201.0
45 602 -205.0
45 604 -206.0
45 605 -192.0
45 612 -193.0
45 616 -209.0
45 617 -197.0
45 620 -192.0
45 628 -194.0
45 633 -202.0
45 635 -196.0
46 49 -299.0
46 50 -291.0
46 53 -305.0
46 56 -304.0
46 58 -295.0
46 69 -297.0
46 73 -296.0
46 77 -303.0
46 97 -292.0
46 101 -299.0
46 102 -295.0
46 103 -304.0
46 104 -302.0
46 107 -304.0
46 109 -298.0
46 112 -295.0
46 115 -291.0
46 119 -296.0
46 121 -301.0
46 136 -305.0
46 141 -297.0
46 152 -298.0
46 158 -299.0
46 161 -200.0
46 169 -194.0
46 171 -208.0
46 176 -198.0
46 182 -200.0
46 184 -201.0
46 191 -204.0
46 199 -206.0
46 201 -197.0
46 205 -197.0
46 206 -201.0
46 214 -200.0
46 220 -200.0
46 221 -203.0
46 224 -201.0
46 231 -200.0
46 232 -199.0
46 241 -200.0
46 248 -206.0
46 249 -205.0
46 259 -205.0
46 260 -196.0
46 263 -209.0
46 274 -205.0
46 278 -209.0
46 281 -204.0
46 287 -202.0
46 291 -203.0
46 299 -203.0
46 322 -201.0
46 329 -201.0
46 333 -193.0
46 337 -205.0
46 338 -205.0
46 339 -202.0
46 341 -209.0
46 343 -195.0
46 351 -196.0
46 356 -199.0
46 359 -208.0
46 362 -200.0
46 365 -203.0
46 368 -192.0
46 376 -202.0
46 377 -203.0
46 386 -196.0
46 390 -188.0
46 395 -201.0
46 396 -195.0
46 397 -199.0
46 401 -198.0
46 405 -194.0
46 407 -202.0
46 413 -193.0
46 424 -209.0
46 425 -200.0
46 437 -207.0
46 440 -197.0
46 446 -198.0
46 450 -201.0
46 453 -194.0
46 459 -202.0
46 465 -207.0
46 469 -208.0
46 472 -201.0
46 473 -196.0
46 475 -209.0
46 480 -194.0
46 487 -198.0
46 489 -206.0
46 499 -201.0
46 502 -204.0
46 505 -198.0
46 507 -199.0
46 510 -204.0
46 512 -197.0
46 515 -192.0
46 522 -205.0
46 523 -206.0
46 534 -207.0
46 552 -202.0
46 553 -207.0
46 558 -198.0
46 559 -200.0
46 560 -204.0
46 567 -198.0
46 578 -200.0
46 579 -193.0
46 586 -200.0
46 596 -204.0
46 598 -206.0
46 604 -200.0
46 608 -202.0
46 616 -185.0
46 619 -203.0
46 628 -195.0
46 629 -200.0
46 635 -198.0
47 48 -302.0
47 50 -294.0
47 55 -295.0
47 63 -294.0
47 71 -294.0
47 72 -303.0
47 81 -298.0
47 82 -305.0
47 84 -292.0
47 88 -292.0
47 101 -300.0
47 110 -302.0
47 118 -292.0
47 121 -296.0
47 126 -291.0
47 149 -293.0
47 150 -300.0
47 151 -286.0
47 154 -298.0
47 155 -300.0
47 162 -205.0
47 171 -199.0
47 175 -202.0
47 177 -195.0
47 180 -200.0
47 186 -205.0
47 203 -194.0
47 210 -198.0
47 215 -196.0
47 216 -201.0
47 217 -201.0
47 221 -200.0
47 225 -201.0
47 229 -203.0
47 230 -203.0
47 234 -198.0
47 237 -197.0
47 242 -203.0
47 244 -203.0
47 246 -205.0
47 252 -196.0
47 253 -198.0
47 254 -205.0
47 265 -205.0
47 270 -209.0
47 272 -194.0
47 273 -201.0
47 281 -202.0
47 283 -201.0
47 285 -201.0
47 289 -204.0
47 295 -210.0
47 300 -207.0
47 303 -207.0
47 313 -203.0
47 319 -206.0
47 328 -207.0
47 332 -203.0
47 338 -200.0
47 342 -203.0
47 349 -206.0
47 352 -201.0
47 354 -202.0
47 357 -201.0
47 359 -195.0
47 368 -208.0
47 373 -201.0
47 380 -206.0
47 392 -184.0
47 393 -199.0
47 394 -194.0
47 405 -206.0
47 406 -191.0
47 413 -197.0
47 415 -201.0
47 425 -194.0
47 427 -196.0
47 438 -195.0
47 440 -204.0
47 442 -192.0
47 445 -200.0
47 450 -207.0
47 452 -206.0
47 455 -202.0
47 463 -199.0
47 467 -190.0
47 471 -198.0
47 473 -206.0
47 477 -198.0
47 483 -200.0
47 484 -201.0
47 492 -192.0
47 495 -207.0
47 499 -202.0
47 504 -205.0
47 506 -203.0
47 507 -197.0
47 515 -202.0
47 520 -204.0
47 530 -198.0
47 531 -197.0
47 546 -196.0
47 549 -198.0
47 550 -200.0
47 557 -204.0
47 560 -205.0
47 567 -206.0
47 568 -195.0
47 570 -200.0
47 576 -203.0
47 577 -195.0
47 581 -201.0
47 584 -201.0
47 586 -202.0
47 603 -198.0
47 604 -193.0
47 610 -199.0
47 614 -204.0
47 625 -208.0
47 638 -195.0
48 53 -298.0
48 62 -297.0
48 65 -300.0
48 69 -304.0
48 71 -295.0
48 74 -300.0
48 77 -293.0
48 78 -293.0
48 86 -289.0
48 87 -299.0
48 90 -302.0
48 91 -303.0
48 93 -301.0
48 96 -293.0
48 101 -301.0
48 106 -304.0
48 116 -310.0
48 131 -293.0
48 140 -299.0
48 142 -301.0
48 144 -300.0
48 151 -297.0
48 169 -199.0
48 173 -215.0
48 175 -202.0
48 177 -201.0
48 180 -197.0
48 189 -211.0
48 192 -200.0
48 198 -204.0
48 208 -207.0
48 214 -198.0
48 216 -203.0
48 217 -201.0
48 219 -205.0
48 224 -191.0
48 235 -199.0
48 238 -196.0
48 241 -201.0
48 242 -199.0
48 246 -196.0
48 249 -193.0
48 252 -202.0
48 258 -203.0
48 261 -201.0
48 268 -202.0
48 272 -199.0
48 275 -199.0
48 276 -199.0
48 278 -196.0
48 282 -203.0
48 283 -205.0
48 299 -203.0
48 304 -196.0
48 306 -199.0
48 307 -198.0
48 321 -202.0
48 334 -201.0
48 346 -207.0
48 353 -196.0
48 355 -206.0
48 362 -207.0
48 371 -200.0
48 376 -201.0
48 377 -200.0
48 382 -202.0
48 384 -201.0
48 388 -200.0
48 393 -195.0
48 395 -200.0
48 398 -196.0
48 413 -204.0
48 414 -205.0
48 417 -208.0
48 423 -200.0
48 431 -203.0
48 438 -198.0
48 440 -196.0
48 446 -188.0
48 448 -203.0
48 466 -203.0
48 477 -206.0
48 504 -208.0
48 518 -201.0
48 527 -199.0
48 529 -197.0
48 532 -204.0
48 533 -197.0
48 537 -207.0
48 542 -206.0
48 544 -199.0
48 546 -198.0
48 554 -202.0
48 559 -199.0
48 563 -200.0
48 568 -196.0
48 569 -194.0
48 570 -196.0
48 576 -195.0
48 578 -208.0
48 583 -190.0
48 590 -198.0
48 597 -199.0
48 603 -200.0
48 619 -208.0
48 624 -195.0
48 626 -195.0
48 628 -201.0
48 630 -197.0
48 632 -203.0
48 636 -197.0
48 639 -203.0
48 640 -198.0
49 52 -298.0
49 72 -306.0
49 78 -306.0
49 79 -306.0
49 80 -301.0
49 82 -299.0
49 90 -299.0
49 100 -299.0
49 103 -300.0
49 109 -296.0
49 111 -300.0
49 121 -303.0
49 127 -301.0
49 131 -302.0
49 132 -295.0
49 160 -308.0
49 161 -192.0
49 162 -200.0
49 166 -203.0
49 170 -200.0
49 172 -192.0
49 174 -200.0
49 185 -204.0
49 195 -206.0
49 198 -202.0
49 207 -194.0
49 220 -194.0
49 225 -202.0
49 238 -200.0
49 239 -210.0
49 243 -201.0
49 247 -212.0
49 266 -193.0
49 282 -204.0
49 286 -202.0
49 287 -198.0
49 292 -207.0
49 298 -194.0
49 312 -209.0
49 326 -201.0
49 329 -207.0
49 333 -199.0
49 351 -189.0
49 353 -198.0
49 355 -201.0
49 357 -199.0
49 366 -202.0
49 367 -206.0
49 373 -202.0
49 375 -195.0
49 381 -201.0
49 384 -201.0
49 399 -188.0
49 409 -200.0
49 415 -201.0
49 420 -196.0
49 421 -192.0
49 432 -195.0
49 433 -206.0
49 434 -194.0
49 437 -207.0
49 439 -202.0
49 440 -193.0
49 447 -194.0
49 451 -206.0
49 453 -197.0
49 454 -206.0
49 468 -197.0
49 469 -198.0
49 476 -198.0
49 479 -198.0
49 486 -197.0
49 491 -199.0
49 510 -204.0
49 522 -200.0
49 538 -199.0
49 545 -195.0
49 547 -200.0
49 550 -201.0
49 557 -207.0
49 566 -208.0
49 571 -205.0
49 576 -198.0
49 577 -193.0
49 582 -198.0
49 586 -192.0
49 587 -198.0
49 599 -194.0
49 604 -205.0
49 605 -197.0
49 608 -191.0
49 609 -200.0
49 610 -204.0
49 612 -191.0
49 614 -201.0
49 615 -194.0
49 617 -203.0
49 621 -190.0
49 631 -202.0
49 637 -195.0
50 52 -304.0
50 58 -293.0
50 62 -304.0
50 64 -301.0
50 68 -307.0
50 93 -306.0
50 100 -294.0
50 105 -301.0
50 116 -299.0
50 117 -295.0
50 119 -297.0
50 120 -302.0
50 121 -307.0
50 122 -303.0
50 123 -307.0
50 125 -301.0
50 130 -304.0
50 134 -293.0
50 136 -300.0
50 144 -309.0
50 152 -304.0
50 153 -303.0
50 155 -294.0
50 156 -297.0
50 160 -296.0
50 169 -199.0
50 177 -206.0
50 183 -202.0
50 192 -208.0
50 197 -204.0
50 199 -197.0
50 201 -201.0
50 206 -197.0
50 207 -194.0
50 209 -197.0
50 214 -198.0
50 220 -204.0
50 226 -209.0
50 230 -191.0
50 239 -200.0
50 244 -197.0
50 247 -197.0
50 249 -197.0
50 253 -202.0
50 256 -197.0
50 259 -201.0
50 261 -197.0
50 262 -199.0
50 272 -202.0
50 277 -195.0
50 285 -197.0
50 288 -192.0
50 296 -200.0
50 314 -204.0
50 316 -197.0
50 320 -199.0
50 322 -200.0
50 324 -198.0
50 328 -196.0
50 342 -199.0
50 349 -195.0
50 350 -206.0
50 371 -191.0
50 372 -200.0
50 376 -202.0
50 390 -203.0
50 415 -194.0
50 419 -202.0
50 422 -198.0
50 429 -200.0
50 436 -188.0
50 438 -199.0
50 442 -211.0
50 443 -197.0
50 450 -204.0
50 459 -209.0
50 466 -182.0
50 475 -208.0
50 485 -210.0
50 487 -201.0
50 498 -201.0
50 502 -207.0
50 505 -196.0
50 506 -197.0
50 508 -200.0
50 509 -208.0
50 519 -198.0
50 525 -195.0
50 528 -202.0
50 538 -203.0
50 539 -199.0
50 548 -192.0
50 552 -199.0
50 554 -196.0
50 563 -202.0
50 570 -191.0
50 572 -200.0
50 578 -203.0
50 580 -198.0
50 581 -198.0
50 590 -206.0
50 591 -198.0
50 600 -209.0
50 601 -203.0
50 602 -199.0
50 610 -197.0
50 611 -193.0
50 614 -200.0
50 618 -202.0
50 619 -197.0
50 621 -202.0
50 624 -203.0
50 639 -200.0
51 52 -300.0
51 55 -302.0
51 56 -302.0
51 65 -301.0
51 68 -300.0
51 69 -294.0
51 76 -296.0
51 81 -297.0
51 82 -307.0
51 88 -310.0
51 90 -294.0
51 93 -308.0
51 99 -297.0
51 102 -294.0
51 116 -299.0
51 118 -296.0
51 122 -301.0
51 123 -299.0
51 125 -301.0
51 135 -299.0
51 154 -304.0
51 164 -194.0
51 174 -201.0
51 184 -202.0
51 193 -191.0
51 195 -195.0
51 203 -199.0
51 212 -202.0
51 215 -201.0
51 222 -197.0
51 232 -201.0
51 238 -188.0
51 241 -200.0
51 254 -193.0
51 258 -200.0
51 269 -202.0
51 282 -195.0
51 303 -199.0
51 308 -191.0
51 310 -196.0
51 314 -198.0
51 316 -203.0
51 320 -202.0
51 322 -195.0
51 326 -193.0
51 346 -203.0
51 347 -196.0
51 355 -198.0
51 357 -193.0
51 359 -207.0
51 362 -205.0
51 372 -203.0
51 373 -198.0
51 374 -197.0
51 379 -200.0
51 381 -197.0
51 392 -208.0
51 393 -192.0
51 408 -201.0
51 423 -191.0
51 427 -199.0
51 428 -206.0
51 431 -201.0
51 434 -202.0
51 438 -192.0
51 442 -199.0
51 444 -200.0
51 450 -194.0
51 456 -199.0
51 465 -193.0
51 471 -198.0
51 479 -194.0
51 491 -194.0
51 498 -205.0
51 501 -192.0
51 502 -186.0
51 508 -199.0
51 518 -186.0
51 521 -202.0
51 524 -197.0
51 526 -201.0
51 529 -200.0
51 533 -200.0
51 538 -198.0
51 539 -201.0
51 548 -203.0
51 563 -200.0
51 569 -205.0
51 571 -198.0
51 578 -205.0
51 583 -202.0
51 590 -195.0
51 596 -212.0
51 601 -208.0
51 604 -207.0
51 611 -200.0
51 619 -196.0
51 620 -200.0
51 623 -203.0
51 625 -202.0
51 629 -204.0
52 57 -301.0
52 58 -299.0
52 62 -303.0
52 68 -303.0
52 69 -299.0
52 75 -305.0
52 79 -303.0
52 84 -289.0
52 87 -303.0
52 94 -299.0
52 95 -298.0
52 101 -298.0
52 102 -300.0
52 105 -304.0
52 109 -307.0
52 110 -307.0
52 121 -307.0
52 127 -296.0
52 130 -301.0
52 132 -300.0
52 133 -299.0
52 137 -290.0
52 149 -302.0
52 150 -296.0
52 153 -300.0
52 156 -311.0
52 158 -303.0
52 159 -301.0
52 160 -303.0
52 163 -205.0
52 164 -206.0
52 170 -201.0
52 171 -195.0
52 172 -200.0
52 179 -204.0
52 180 -202.0
52 186 -200.0
52 187 -199.0
52 189 -192.0
52 202 -200.0
52 216 -204.0
52 237 -203.0
52 240 -202.0
52 241 -200.0
52 243 -195.0
52 253 -194.0
52 257 -201.0
52 259 -203.0
52 262 -193.0
52 280 -195.0
52 294 -199.0
52 295 -199.0
52 296 -194.0
52 305 -200.0
52 306 -204.0
52 308 -201.0
52 316 -201.0
52 325 -198.0
52 329 -197.0
52 331 -199.0
52 344 -206.0
52 346 -199.0
52 362 -212.0
52 364 -207.0
52 368 -206.0
52 383 -201.0
52 404 -197.0
52 411 -201.0
52 426 -190.0
52 429 -200.0
52 433 -210.0
52 436 -207.0
52 447 -196.0
52 474 -196.0
52 476 -200.0
52 481 -205.0
52 483 -201.0
52 489 -207.0
52 491 -201.0
52 500 -192.0
52 502 -194.0
52 506 -197.0
52 529 -195.0
52 531 -203.0
52 534 -192.0
52 535 -190.0
52 536 -205.0
52 547 -199.0
52 556 -211.0
52 557 -193.0
52 558 -196.0
52 559 -202.0
52 565 -191.0
52 568 -198.0
52 589 -204.0
52 590 -192.0
52 592 -193.0
52 596 -198.0
52 601 -201.0
52 603 -201.0
52 612 -198.0
52 615 -201.0
52 617 -203.0
52 618 -200.0
52 619 -200.0
52 620 -195.0
52 621 -196.0
52 625 -200.0
52 635 -198.0
52 638 -205.0
53 54 -298.0
53 58 -298.0
53 59 -291.0
53 60 -295.0
53 72 -309.0
53 73 -307.0
53 78 -299.0
53 80 -292.0
53 83 -300.0
53 86 -300.0
53 88 -296.0
53 89 -310.0
53 92 -297.0
53 94 -298.0
53 96 -300.0
53 101 -295.0
53 102 -302.0
53 104 -296.0
53 110 -302.0
53 114 -300.0
53 124 -292.0
53 125 -300.0
53 138 -302.0
53 140 -293.0
53 159 -292.0
53 163 -200.0
53 185 -200.0
53 188 -197.0
53 189 -194.0
53 190 -204.0
53 191 -200.0
53 196 -204.0
53 203 -195.0
53 208 -193.0
53 210 -204.0
53 218 -206.0
53 220 -210.0
53 236 -199.0
53 252 -195.0
53 253 -195.0
53 259 -193.0
53 261 -200.0
53 274 -202.0
53 277 -201.0
53 282 -200.0
53 290 -205.0
53 292 -193.0
53 294 -202.0
53 299 -199.0
53 305 -197.0
53 311 -207.0
53 317 -199.0
53 319 -194.0
53 323 -202.0
53 324 -206.0
53 326 -199.0
53 332 -197.0
53 351 -197.0
53 352 -191.0
53 354 -207.0
53 359 -210.0
53 361 -199.0
53 365 -202.0
53 368 -202.0
53 369 -208.0
53 370 -200.0
53 380 -204.0
53 381 -195.0
53 383 -193.0
53 391 -203.0
53 392 -193.0
53 398 -193.0
53 400 -198.0
53 407 -203.0
53 412 -193.0
53 420 -210.0
53 421 -192.0
53 423 -190.0
53 434 -205.0
53 439 -207.0
53 440 -196.0
53 458 -203.0
53 461 -205.0
53 462 -206.0
53 474 -204.0
53 477 -193.0
53 478 -212.0
53 486 -201.0
53 497 -204.0
53 499 -202.0
53 503 -202.0
53 505 -198.0
53 516 -203.0
53 519 -199.0
53 522 -189.0
53 525 -200.0
53 529 -199.0
53 530 -203.0
53 535 -193.0
53 540 -201.0
53 544 -208.0
53 546 -197.0
53 548 -194.0
53 553 -199.0
53 554 -193.0
53 559 -194.0
53 569 -201.0
53 570 -209.0
53 571 -205.0
53 577 -200.0
53 582 -196.0
53 592 -199.0
53 599 -199.0
53 604 -195.0
53 605 -201.0
53 608 -200.0
53 610 -200.0
53 614 -196.0
53 623 -200.0
53 625 -196.0
53 627 -195.0
53 639 -193.0
54 58 -297.0
54 63 -300.0
54 64 -304.0
54 67 -292.0
54 70 -292.0
54 79 -297.0
54 85 -301.0
54 87 -304.0
54 90 -299.0
54 91 -301.0
54 97 -307.0
54 98 -308.0
54 100 -304.0
54 101 -296.0
54 106 -302.0
54 117 -306.0
54 118 -296.0
54 120 -300.0
54 121 -301.0
54 122 -312.0
54 135 -313.0
54 138 -304.0
54 157 -295.0
54 162 -201.0
54 163 -202.0
54 166 -205.0
54 174 -206.0
54 177 -198.0
54 183 -193.0
54 188 -196.0
54 190 -211.0
54 191 -210.0
54 193 -193.0
54 198 -201.0
54 203 -199.0
54 204 -202.0
54 209 -204.0
54 213 -191.0
54 216 -206.0
54 220 -203.0
54 221 -199.0
54 223 -198.0
54 227 -200.0
54 230 -193.0
54 241 -193.0
54 242 -207.0
54 248 -195.0
54 249 -204.0
54 259 -198.0
54 260 -196.0
54 264 -206.0
54 269 -197.0
54 270 -193.0
54 275 -203.0
54 280 -196.0
54 285 -198.0
54 286 -201.0
54 291 -194.0
54 292 -197.0
54 293 -204.0
54 298 -199.0
54 303 -192.0
54 307 -202.0
54 312 -198.0
54 319 -202.0
54 322 -207.0
54 324 -193.0
54 325 -198.0
54 331 -198.0
54 334 -197.0
54 340 -180.0
54 351 -196.0
54 357 -202.0
54 363 -196.0
54 372 -196.0
54 374 -211.0
54 384 -198.0
54 385 -195.0
54 399 -189.0
54 404 -202.0
54 406 -190.0
54 408 -195.0
54 409 -202.0
54 413 -201.0
54 423 -200.0
54 425 -195.0
54 432 -192.0
54 434 -205.0
54 437 -197.0
54 441 -208.0
54 447 -202.0
54 449 -199.0
54 452 -194.0
54 454 -195.0
54 459 -191.0
54 461 -197.0
54 462 -198.0
54 463 -200.0
54 468 -200.0
54 474 -198.0
54 478 -190.0
54 481 -196.0
54 486 -194.0
54 487 -201.0
54 490 -196.0
54 497 -206.0
54 511 -199.0
54 513 -195.0
54 518 -191.0
54 520 -193.0
54 524 -202.0
54 528 -205.0
54 530 -204.0
54 531 -201.0
54 536 -193.0
54 543 -190.0
54 550 -204.0
54 551 -199.0
54 552 -201.0
54 553 -198.0
54 563 -202.0
54 575 -198.0
54 582 -201.0
54 588 -196.0
54 589 -194.0
54 590 -196.0
54 597 -204.0
54 606 -203.0
54 608 -194.0
54 612 -210.0
54 620 -209.0
54 621 -200.0
54 627 -194.0
54 634 -203.0
54 638 -191.0
55 57 -297.0
55 59 -292.0
55 69 -294.0
55 75 -296.0
55 80 -298.0
55 81 -303.0
55 85 -305.0
55 89 -295.0
55 92 -295.0
55 101 -298.0
55 102 -297.0
55 106 -298.0
55 113 -305.0
55 114 -292.0
55 119 -305.0
55 122 -299.0
55 126 -301.0
55 130 -299.0
55 133 -301.0
55 134 -299.0
55 135 -299.0
55 141 -291.0
55 144 -305.0
55 148 -303.0
55 153 -305.0
55 160 -294.0
55 170 -210.0
55 179 -193.0
55 183 -209.0
55 186 -204.0
55 196 -209.0
55 197 -199.0
55 200 -190.0
55 213 -201.0
55 216 -207.0
55 217 -191.0
55 219 -195.0
55 222 -208.0
55 223 -199.0
55 228 -199.0
55 230 -196.0
55 236 -196.0
55 241 -211.0
55 244 -197.0
55 254 -201.0
55 263 -200.0
55 266 -195.0
55 268 -199.0
55 269 -201.0
55 292 -202.0
55 301 -195.0
55 307 -205.0
55 310 -197.0
55 315 -205.0
55 319 -204.0
55 324 -198.0
55 343 -198.0
55 345 -199.0
55 347 -201.0
55 353 -198.0
55 368 -199.0
55 370 -199.0
55 376 -202.0
55 382 -204.0
55 386 -196.0
55 388 -210.0
55 390 -202.0
55 394 -203.0
55 397 -190.0
55 399 -196.0
55 403 -202.0
55 406 -201.0
55 409 -201.0
55 412 -195.0
55 414 -203.0
55 416 -194.0
55 419 -189.0
55 432 -200.0
55 435 -204.0
55 436 -204.0
55 442 -205.0
55 449 -209.0
55 457 -194.0
55 458 -193.0
55 461 -202.0
55 465 -209.0
55 470 -198.0
55 472 -208.0
55 475 -202.0
55 487 -206.0
55 491 -195.0
55 493 -201.0
55 494 -197.0
55 497 -197.0
55 499 -203.0
55 502 -203.0
55 515 -197.0
55 518 -194.0
55 523 -204.0
55 528 -207.0
55 530 -197.0
55 532 -205.0
55 535 -196.0
55 540 -202.0
55 542 -197.0
55 543 -202.0
55 545 -191.0
55 552 -193.0
55 557 -199.0
55 558 -198.0
55 559 -205.0
55 562 -198.0
55 569 -195.0
55 575 -200.0
55 586 -204.0
55 588 -200.0
55 593 -195.0
55 594 -206.0
55 598 -201.0
55 603 -200.0
55 607 -206.0
55 620 -197.0
55 627 -199.0
55 628 -197.0
55 633 -198.0
55 639 -195.0
56 57 -301.0
56 59 -305.0
56 60 -293.0
56 66 -301.0
56 74 -296.0
56 79 -296.0
56 82 -298.0
56 87 -307.0
56 92 -309.0
56 102 -301.0
56 103 -295.0
56 105 -304.0
56 110 -304.0
56 118 -298.0
56 121 -301.0
56 123 -295.0
56 131 -303.0
56 137 -303.0
56 139 -297.0
56 151 -304.0
56 154 -301.0
56 157 -300.0
56 164 -207.0
56 169 -204.0
56 173 -205.0
56 183 -206.0
56 196 -197.0
56 197 -203.0
56 202 -194.0
56 207 -206.0
56 222 -203.0
56 229 -199.0
56 232 -206.0
56 233 -207.0
56 236 -204.0
56 242 -197.0
56 246 -203.0
56 253 -203.0
56 261 -195.0
56 262 -196.0
56 264 -198.0
56 266 -193.0
56 269 -203.0
56 278 -202.0
56 292 -194.0
56 297 -193.0
56 302 -195.0
56 318 -195.0
56 321 -197.0
56 325 -200.0
56 328 -202.0
56 330 -206.0
56 334 -201.0
56 335 -200.0
56 340 -196.0
56 342 -202.0
56 354 -196.0
56 359 -199.0
56 363 -199.0
56 366 -207.0
56 378 -206.0
56 388 -194.0
56 389 -210.0
56 392 -199.0
56 400 -202.0
56 402 -196.0
56 414 -202.0
56 420 -197.0
56 422 -204.0
56 430 -201.0
56 432 -202.0
56 434 -201.0
56 436 -203.0
56 437 -204.0
56 445 -193.0
56 446 -202.0
56 452 -196.0
56 459 -201.0
56 461 -197.0
56 473 -196.0
56 478 -199.0
56 492 -204.0
56 495 -192.0
56 496 -200.0
56 499 -194.0
56 509 -201.0
56 515 -193.0
56 516 -201.0
56 527 -200.0
56 528 -198.0
56 548 -209.0
56 564 -201.0
56 568 -199.0
56 569 -188.0
56 570 -204.0
56 576 -192.0
56 583 -205.0
56 597 -205.0
56 603 -210.0
56 604 -200.0
56 609 -198.0
56 616 -200.0
57 60 -299.0
57 65 -299.0
57 66 -294.0
57 67 -299.0
57 73 -302.0
57 76 -293.0
57 77 -300.0
57 83 -303.0
57 94 -300.0
57 111 -302.0
57 119 -294.0
57 126 -304.0
57 127 -300.0
57 132 -296.0
57 134 -304.0
57 140 -300.0
57 145 -298.0
57 150 -299.0
57 155 -304.0
57 158 -299.0
57 170 -196.0
57 173 -202.0
57 176 -199.0
57 184 -198.0
57 192 -204.0
57 199 -206.0
57 204 -200.0
57 206 -195.0
57 214 -199.0
57 217 -198.0
57 218 -192.0
57 227 -198.0
57 228 -200.0
57 231 -205.0
57 233 -197.0
57 234 -197.0
57 247 -202.0
57 248 -202.0
57 250 -200.0
57 251 -202.0
57 259 -196.0
57 267 -198.0
57 269 -192.0
57 274 -202.0
57 284 -197.0
57 290 -200.0
57 291 -202.0
57 297 -189.0
57 305 -200.0
57 311 -194.0
57 316 -198.0
57 318 -200.0
57 322 -206.0
57 323 -205.0
57 324 -199.0
57 328 -200.0
57 329 -204.0
57 332 -209.0
57 335 -198.0
57 343 -207.0
57 344 -201.0
57 345 -188.0
57 348 -205.0
57 353 -203.0
57 356 -203.0
57 368 -193.0
57 378 -196.0
57 379 -200.0
57 383 -201.0
57 388 -203.0
57 394 -197.0
57 395 -195.0
57 404 -199.0
57 412 -202.0
57 415 -199.0
57 429 -200.0
57 433 -198.0
57 434 -199.0
57 436 -197.0
57 437 -202.0
57 443 -191.0
57 451 -202.0
57 461 -199.0
57 466 -204.0
57 469 -194.0
57 471 -200.0
57 478 -195.0
57 492 -195.0
57 493 -197.0
57 500 -200.0
57 511 -205.0
57 516 -196.0
57 517 -202.0
57 521 -197.0
57 527 -200.0
57 528 -193.0
57 529 -204.0
57 534 -186.0
57 548 -197.0
57 552 -203.0
57 553 -195.0
57 556 -202.0
57 567 -197.0
57 574 -199.0
57 589 -200.0
57 595 -198.0
57 602 -194.0
57 614 -193.0
57 619 -203.0
57 621 -196.0
57 624 -197.0
57 628 -193.0
57 631 -191.0
57 633 -206.0
57 635 -206.0
58 62 -298.0
58 65 -290.0
58 70 -295.0
58 77 -308.0
58 83 -293.0
58 87 -299.0
58 90 -301.0
58 94 -293.0
58 99 -291.0
58 100 -298.0
58 115 -304.0
58 117 -298.0
58 124 -295.0
58 126 -306.0
58 130 -295.0
58 135 -304.0
58 136 -296.0
58 141 -298.0
58 142 -298.0
58 148 -295.0
58 149 -298.0
58 162 -190.0
58 163 -202.0
58 178 -200.0
58 181 -195.0
58 189 -194.0
58 199 -197.0
58 206 -198.0
58 208 -209.0
58 216 -196.0
58 218 -203.0
58 222 -199.0
58 228 -204.0
58 229 -198.0
58 232 -197.0
58 235 -205.0
58 240 -205.0
58 244 -204.0
58 249 -201.0
58 257 -193.0
58 263 -212.0
58 272 -202.0
58 282 -206.0
58 288 -194.0
58 289 -204.0
58 294 -196.0
58 301 -198.0
58 304 -191.0
58 310 -197.0
58 338 -198.0
58 340 -192.0
58 341 -193.0
58 351 -198.0
58 355 -198.0
58 363 -202.0
58 387 -197.0
58 390 -200.0
58 392 -198.0
58 400 -199.0
58 402 -204.0
58 404 -200.0
58 407 -210.0
58 415 -194.0
58 416 -200.0
58 420 -195.0
58 423 -196.0
58 429 -199.0
58 431 -200.0
58 434 -198.0
58 435 -201.0
58 436 -199.0
58 444 -198.0
58 456 -196.0
58 458 -199.0
58 461 -204.0
58 472 -203.0
58 481 -207.0
58 485 -195.0
58 493 -186.0
58 499 -196.0
58 502 -193.0
58 511 -192.0
58 532 -200.0
58 533 -200.0
58 534 -203.0
58 535 -196.0
58 536 -195.0
58 548 -203.0
58 563 -197.0
58 566 -194.0
58 569 -201.0
58 574 -203.0
58 578 -195.0
58 593 -201.0
58 594 -196.0
58 595 -202.0
58 596 -193.0
58 597 -198.0
58 603 -205.0
58 604 -199.0
58 605 -205.0
58 608 -195.0
58 609 -197.0
58 611 -197.0
58 613 -202.0
58 617 -199.0
58 618 -201.0
58 621 -206.0
58 624 -199.0
58 628 -193.0
58 630 -200.0
58 635 -198.0
58 637 -192.0
59 62 -295.0
59 74 -297.0
59 78 -305.0
59 80 -300.0
59 87 -306.0
59 94 -301.0
59 98 -302.0
59 99 -305.0
59 101 -305.0
59 105 -301.0
59 109 -295.0
59 116 -297.0
59 120 -299.0
59 124 -298.0
59 131 -288.0
59 132 -305.0
59 141 -296.0
59 142 -309.0
59 143 -304.0
59 148 -298.0
59 152 -298.0
59 156 -300.0
59 160 -297.0
59 165 -196.0
59 179 -200.0
59 186 -202.0
59 187 -206.0
59 188 -193.0
59 194 -202.0
59 199 -189.0
59 201 -203.0
59 203 -196.0
59 208 -198.0
59 209 -200.0
59 211 -195.0
59 222 -202.0
59 228 -194.0
59 231 -198.0
59 236 -199.0
59 244 -195.0
59 246 -197.0
59 258 -205.0
59 261 -203.0
59 275 -198.0
59 277 -188.0
59 284 -202.0
59 289 -192.0
59 294 -200.0
59 309 -203.0
59 315 -204.0
59 318 -208.0
59 320 -196.0
59 322 -196.0
59 327 -202.0
59 330 -199.0
59 333 -211.0
59 334 -200.0
59 335 -197.0
59 336 -198.0
59 337 -202.0
59 348 -201.0
59 361 -199.0
59 367 -194.0
59 368 -209.0
59 371 -202.0
59 372 -191.0
59 377 -195.0
59 381 -196.0
59 384 -201.0
59 393 -197.0
59 397 -204.0
59 400 -204.0
59 405 -197.0
59 408 -202.0
59 411 -197.0
59 412 -207.0
59 415 -198.0
59 417 -205.0
59 418 -195.0
59 420 -192.0
59 423 -205.0
59 426 -206.0
59 439 -202.0
59 449 -206.0
59 451 -193.0
59 453 -199.0
59 456 -199.0
59 463 -190.0
59 467 -191.0
59 470 -199.0
59 475 -192.0
59 479 -198.0
59 480 -196.0
59 485 -201.0
59 488 -197.0
59 490 -208.0
59 491 -204.0
59 495 -190.0
59 497 -203.0
59 499 -198.0
59 501 -194.0
59 504 -203.0
59 507 -199.0
59 510 -202.0
59 525 -200.0
59 540 -202.0
59 542 -199.0
59 563 -196.0
59 566 -191.0
59 572 -201.0
59 578 -212.0
59 579 -198.0
59 589 -191.0
59 606 -196.0
59 607 -195.0
59 608 -197.0
59 609 -197.0
59 610 -197.0
59 619 -205.0
59 622 -202.0
59 624 -198.0
59 627 -190.0
59 632 -195.0
59 633 -196.0
59 634 -203.0
59 635 -190.0
60 64 -287.0
60 65 -303.0
60 72 -295.0
60 77 -309.0
60 86 -307.0
60 98 -301.0
60 104 -296.0
60 106 -298.0
60 108 -308.0
60 113 -300.0
60 117 -301.0
60 118 -307.0
60 120 -289.0
60 139 -301.0
60 142 -297.0
60 145 -301.0
60 146 -299.0
60 147 -296.0
60 150 -304.0
60 152 -294.0
60 154 -306.0
60 158 -302.0
60 159 -301.0
60 164 -200.0
60 165 -201.0
60 174 -206.0
60 181 -204.0
60 184 -195.0
60 197 -201.0
60 205 -198.0
60 210 -201.0
60 215 -197.0
60 217 -195.0
60 225 -202.0
60 231 -201.0
60 232 -194.0
60 234 -208.0
60 235 -205.0
60 236 -197.0
60 241 -201.0
60 247 -198.0
60 248 -196.0
60 249 -206.0
60 250 -205.0
60 251 -196.0
60 262 -200.0
60 263 -198.0
60 264 -199.0
60 267 -196.0
60 271 -210.0
60 273 -192.0
60 280 -204.0
60 281 -200.0
60 284 -191.0
60 286 -198.0
60 288 -195.0
60 293 -195.0
60 294 -204.0
60 297 -207.0
60 299 -197.0
60 300 -202.0
60 304 -200.0
60 305 -211.0
60 306 -193.0
60 307 -197.0
60 309 -206.0
60 310 -199.0
60 312 -197.0
60 317 -198.0
60 325 -204.0
60 333 -206.0
60 336 -200.0
60 341 -185.0
60 342 -200.0
60 349 -203.0
60 350 -203.0
60 361 -197.0
60 362 -207.0
60 374 -194.0
60 385 -191.0
60 390 -199.0
60 395 -197.0
60 401 -209.0
60 406 -200.0
60 409 -197.0
60 411 -198.0
60 423 -191.0
60 434 -199.0
60 441 -196.0
60 445 -202.0
60 446 -194.0
60 450 -191.0
60 454 -203.0
60 458 -198.0
60 460 -198.0
60 467 -203.0
60 471 -206.0
60 474 -204.0
60 478 -202.0
60 492 -195.0
60 494 -206.0
60 495 -208.0
60 499 -195.0
60 510 -201.0
60 514 -194.0
60 516 -200.0
60 528 -197.0
60 530 -198.0
60 534 -194.0
60 537 -193.0
60 547 -194.0
60 573 -196.0
60 580 -201.0
60 586 -200.0
60 588 -198.0
60 597 -201.0
60 604 -198.0
60 605 -199.0
60 607 -196.0
60 611 -203.0
60 612 -207.0
60 615 -192.0
60 617 -199.0
60 619 -195.0
60 627 -201.0
60 629 -208.0
60 634 -206.0
60 635 -195.0
60 639 -202.0
61 62 -305.0
61 64 -300.0
61 66 -307.0
61 70 -300.0
61 71 -305.0
61 83 -310.0
61 86 -308.0
61 88 -302.0
61 92 -295.0
61 95 -291.0
61 98 -297.0
61 99 -290.0
61 105 -303.0
61 106 -289.0
61 107 -302.0
61 108 -291.0
61 111 -299.0
61 141 -300.0
61 150 -293.0
61 166 -194.0
61 171 -203.0
61 180 -200.0
61 184 -200.0
61 196 -193.0
61 199 -197.0
61 201 -193.0
61 204 -200.0
61 205 -193.0
61 207 -188.0
61 212 -196.0
61 213 -197.0
61 214 -195.0
61 219 -197.0
61 226 -198.0
61 235 -198.0
61 244 -200.0
61 256 -202.0
61 257 -196.0
61 258 -197.0
61 265 -190.0
61 271 -207.0
61 279 -207.0
61 281 -194.0
61 282 -196.0
61 284 -195.0
61 291 -206.0
61 292 -189.0
61 308 -195.0
61 310 -207.0
61 311 -199.0
61 314 -207.0
61 317 -198.0
61 318 -197.0
61 320 -203.0
61 321 -194.0
61 327 -208.0
61 328 -193.0
61 331 -202.0
61 339 -197.0
61 340 -199.0
61 342 -204.0
61 343 -195.0
61 346 -206.0
61 348 -201.0
61 349 -205.0
61 351 -199.0
61 353 -187.0
61 354 -208.0
61 360 -203.0
61 365 -201.0
61 368 -196.0
61 372 -197.0
61 382 -201.0
61 384 -199.0
61 389 -198.0
61 392 -198.0
61 396 -195.0
61 398 -200.0
61 399 -199.0
61 406 -190.0
61 407 -207.0
61 413 -204.0
61 414 -210.0
61 415 -194.0
61 424 -195.0
61 429 -195.0
61 435 -203.0
61 436 -199.0
61 449 -202.0
61 452 -198.0
61 458 -205.0
61 476 -194.0
61 478 -206.0
61 480 -196.0
61 484 -201.0
61 493 -200.0
61 506 -194.0
61 520 -196.0
61 524 -208.0
61 529 -195.0
61 541 -188.0
61 546 -193.0
61 547 -207.0
61 549 -198.0
61 550 -196.0
61 557 -204.0
61 566 -193.0
61 575 -200.0
61 579 -192.0
61 585 -203.0
61 586 -194.0
61 595 -203.0
61 601 -190.0
61 603 -197.0
61 619 -203.0
61 625 -203.0
61 627 -194.0
61 630 -200.0
61 631 -205.0
61 633 -203.0
61 635 -195.0
61 636 -198.0
61 637 -198.0
62 64 -301.0
62 65 -307.0
62 67 -294.0
62 71 -309.0
62 73 -299.0
62 74 -300.0
62 76 -295.0
62 85 -301.0
62 86 -300.0
62 87 -304.0
62 89 -300.0
62 90 -297.0
62 95 -304.0
62 106 -305.0
62 107 -295.0
62 112 -299.0
62 113 -302.0
62 121 -302.0
62 123 -301.0
62 124 -303.0
62 127 -290.0
62 128 -304.0
62 134 -298.0
62 137 -302.0
62 142 -293.0
62 143 -302.0
62 151 -306.0
62 161 -200.0
62 175 -197.0
62 177 -201.0
62 178 -194.0
62 185 -198.0
62 187 -208.0
62 191 -201.0
62 193 -200.0
62 202 -202.0
62 203 -196.0
62 205 -214.0
62 217 -204.0
62 229 -202.0
62 231 -198.0
62 242 -207.0
62 244 -201.0
62 253 -199.0
62 257 -198.0
62 260 -204.0
62 263 -203.0
62 270 -210.0
62 284 -200.0
62 290 -195.0
62 302 -200.0
62 308 -200.0
62 309 -200.0
62 310 -202.0
62 317 -199.0
62 323 -201.0
62 335 -191.0
62 338 -200.0
62 354 -200.0
62 360 -196.0
62 363 -195.0
62 371 -197.0
62 380 -187.0
62 387 -198.0
62 395 -201.0
62 402 -201.0
62 403 -201.0
62 411 -207.0
62 415 -196.0
62 418 -197.0
62 431 -200.0
62 449 -203.0
62 455 -193.0
62 459 -195.0
62 463 -206.0
62 490 -204.0
62 496 -206.0
62 501 -200.0
62 505 -193.0
62 510 -198.0
62 518 -207.0
62 526 -203.0
62 540 -198.0
62 543 -204.0
62 545 -201.0
62 570 -193.0
62 578 -201.0
62 584 -192.0
62 586 -195.0
62 587 -210.0
62 595 -202.0
62 596 -199.0
62 598 -203.0
62 603 -197.0
62 604 -200.0
62 605 -207.0
62 606 -199.0
62 609 -200.0
62 614 -195.0
62 617 -195.0
62 618 -199.0
62 623 -195.0
62 626 -194.0
62 632 -201.0
62 635 -199.0
62 639 -201.0
63 69 -302.0
63 101 -296.0
63 104 -301.0
63 107 -298.0
63 115 -296.0
63 120 -302.0
63 122 -303.0
63 123 -309.0
63 124 -302.0
63 128 -302.0
63 130 -296.0
63 132 -291.0
63 135 -307.0
63 136 -300.0
63 146 -304.0
63 155 -306.0
63 159 -308.0
63 161 -198.0
63 163 -208.0
63 164 -192.0
63 173 -197.0
63 175 -209.0
63 182 -201.0
63 186 -200.0
63 187 -210.0
63 192 -201.0
63 209 -205.0
63 213 -195.0
63 223 -192.0
63 231 -196.0
63 234 -206.0
63 240 -200.0
63 249 -206.0
63 256 -196.0
63 268 -203.0
63 275 -202.0
63 278 -195.0
63 281 -196.0
63 282 -206.0
63 290 -198.0
63 294 -202.0
63 296 -210.0
63 300 -201.0
63 301 -196.0
63 302 -196.0
63 305 -199.0
63 307 -194.0
63 323 -195.0
63 332 -200.0
63 338 -209.0
63 339 -203.0
63 347 -195.0
63 348 -204.0
63 352 -195.0
63 361 -200.0
63 362 -206.0
63 371 -201.0
63 372 -200.0
63 377 -199.0
63 378 -200.0
63 379 -197.0
63 381 -209.0
63 389 -192.0
63 395 -204.0
63 396 -206.0
63 400 -192.0
63 405 -202.0
63 409 -199.0
63 413 -194.0
63 416 -200.0
63 417 -198.0
63 418 -196.0
63 420 -199.0
63 424 -207.0
63 429 -210.0
63 432 -198.0
63 437 -203.0
63 441 -200.0
63 442 -207.0
63 444 -203.0
63 454 -192.0
63 468 -209.0
63 469 -197.0
63 472 -201.0
63 488 -196.0
63 492 -201.0
63 495 -199.0
63 500 -202.0
63 501 -197.0
63 502 -205.0
63 503 -200.0
63 505 -193.0
63 525 -199.0
63 529 -187.0
63 533 -198.0
63 538 -194.0
63 547 -203.0
63 551 -201.0
63 557 -200.0
63 559 -199.0
63 561 -193.0
63 562 -202.0
63 563 -199.0
63 571 -206.0
63 573 -207.0
63 580 -208.0
63 581 -192.0
63 582 -193.0
63 590 -200.0
63 591 -204.0
63 594 -190.0
63 596 -201.0
63 600 -197.0
63 609 -199.0
63 613 -198.0
63 614 -201.0
63 619 -203.0
63 624 -195.0
63 625 -198.0
63 629 -199.0
63 632 -201.0
64 72 -292.0
64 73 -298.0
64 76 -299.0
64 78 -303.0
64 83 -305.0
64 97 -300.0
64 98 -306.0
64 102 -295.0
64 107 -300.0
64 108 -301.0
64 110 -301.0
64 111 -296.0
64 123 -299.0
64 124 -297.0
64 127 -293.0
64 129 -301.0
64 138 -300.0
64 146 -300.0
64 147 -315.0
64 155 -296.0
64 156 -301.0
64 157 -308.0
64 164 -195.0
64 174 -203.0
64 177 -200.0
64 186 -197.0
64 188 -201.0
64 191 -206.0
64 194 -196.0
64 196 -200.0
64 197 -199.0
64 201 -196.0
64 207 -196.0
64 209 -203.0
64 213 -196.0
64 229 -209.0
64 236 -197.0
64 238 -196.0
64 239 -202.0
64 246 -201.0
64 251 -196.0
64 267 -191.0
64 268 -195.0
64 269 -200.0
64 272 -200.0
64 276 -196.0
64 283 -207.0
64 292 -199.0
64 293 -200.0
64 295 -205.0
64 298 -203.0
64 300 -196.0
64 314 -194.0
64 325 -202.0
64 328 -205.0
64 330 -193.0
64 337 -200.0
64 339 -200.0
64 342 -196.0
64 355 -199.0
64 359 -205.0
64 360 -200.0
64 366 -212.0
64 367 -195.0
64 369 -200.0
64 370 -200.0
64 373 -197.0
64 380 -197.0
64 381 -199.0
64 394 -198.0
64 397 -203.0
64 425 -196.0
64 429 -193.0
64 431 -202.0
64 435 -199.0
64 437 -202.0
64 487 -199.0
64 488 -196.0
64 489 -186.0
64 492 -196.0
64 497 -191.0
64 503 -198.0
64 511 -191.0
64 513 -207.0
64 516 -201.0
64 517 -196.0
64 524 -205.0
64 531 -202.0
64 534 -197.0
64 540 -199.0
64 557 -211.0
64 558 -202.0
64 569 -198.0
64 570 -204.0
64 573 -199.0
64 575 -200.0
64 577 -204.0
64 578 -201.0
64 579 -206.0
64 587 -201.0
64 599 -197.0
64 603 -191.0
64 614 -208.0
64 616 -200.0
64 633 -196.0
65 66 -307.0
65 71 -294.0
65 77 -298.0
65 84 -307.0
65 92 -305.0
65 93 -294.0
65 100 -311.0
65 107 -304.0
65 109 -310.0
65 110 -291.0
65 114 -306.0
65 115 -306.0
65 116 -306.0
65 117 -308.0
65 127 -302.0
65 139 -297.0
65 141 -305.0
65 142 -295.0
65 147 -291.0
65 150 -292.0
65 154 -298.0
65 159 -296.0
65 161 -194.0
65 168 -194.0
65 173 -203.0
65 177 -197.0
65 180 -207.0
65 182 -200.0
65 184 -201.0
65 185 -195.0
65 189 -198.0
65 197 -205.0
65 211 -211.0
65 212 -196.0
65 226 -203.0
65 231 -196.0
65 237 -203.0
65 240 -200.0
65 243 -199.0
65 260 -209.0
65 263 -200.0
65 265 -195.0
65 267 -201.0
65 268 -203.0
65 277 -194.0
65 283 -201.0
65 287 -208.0
65 290 -199.0
65 291 -201.0
65 296 -201.0
65 301 -199.0
65 305 -196.0
65 306 -210.0
65 315 -203.0
65 318 -194.0
65 319 -199.0
65 328 -197.0
65 331 -204.0
65 333 -201.0
65 335 -205.0
65 336 -197.0
65 338 -195.0
65 347 -198.0
65 349 -205.0
65 350 -196.0
65 351 -194.0
65 358 -196.0
65 365 -199.0
65 387 -198.0
65 395 -197.0
65 404 -201.0
65 411 -199.0
65 414 -190.0
65 419 -197.0
65 423 -198.0
65 424 -201.0
65 425 -202.0
65 426 -196.0
65 429 -190.0
65 432 -206.0
65 434 -196.0
65 442 -204.0
65 444 -204.0
65 445 -204.0
65 449 -194.0
65 452 -204.0
65 454 -198.0
65 462 -198.0
65 464 -204.0
65 473 -200.0
65 474 -207.0
65 479 -200.0
65 487 -206.0
65 493 -211.0
65 497 -199.0
65 501 -207.0
65 503 -202.0
65 507 -199.0
65 516 -206.0
65 520 -204.0
65 528 -207.0
65 530 -202.0
65 547 -208.0
65 549 -185.0
65 557 -204.0
65 558 -201.0
65 561 -198.0
65 566 -204.0
65 583 -198.0
65 585 -198.0
65 590 -193.0
65 592 -202.0
65 594 -201.0
65 597 -199.0
65 598 -195.0
65 601 -188.0
65 621 -201.0
65 623 -203.0
65 626 -199.0
65 635 -197.0
65 639 -194.0
65 640 -203.0
66 68 -300.0
66 76 -302.0
66 80 -300.0
66 83 -304.0
66 89 -304.0
66 117 -294.0
66 118 -297.0
66 123 -298.0
66 128 -294.0
66 132 -301.0
66 135 -298.0
66 166 -195.0
66 169 -199.0
66 172 -203.0
66 173 -200.0
66 175 -206.0
66 179 -205.0
66 181 -198.0
66 182 -199.0
66 183 -197.0
66 188 -195.0
66 196 -191.0
66 198 -198.0
66 206 -206.0
66 209 -197.0
66 210 -204.0
66 211 -198.0
66 228 -200.0
66 238 -202.0
66 240 -193.0
66 242 -194.0
66 245 -208.0
66 248 -199.0
66 250 -198.0
66 253 -193.0
66 260 -194.0
66 269 -197.0
66 273 -195.0
66 275 -195.0
66 286 -201.0
66 291 -196.0
66 300 -202.0
66 305 -202.0
66 310 -196.0
66 342 -195.0
66 345 -192.0
66 354 -197.0
66 357 -196.0
66 360 -206.0
66 363 -201.0
66 364 -198.0
66 367 -207.0
66 368 -192.0
66 369 -196.0
66 390 -203.0
66 392 -195.0
66 395 -193.0
66 396 -195.0
66 397 -197.0
66 401 -200.0
66 405 -208.0
66 407 -200.0
66 417 -198.0
66 419 -192.0
66 428 -198.0
66 429 -201.0
66 442 -200.0
66 444 -196.0
66 445 -197.0
66 448 -201.0
66 451 -193.0
66 454 -199.0
66 455 -204.0
66 458 -188.0
66 472 -201.0
66 479 -203.0
66 482 -193.0
66 484 -197.0
66 486 -202.0
66 491 -199.0
66 496 -203.0
66 498 -197.0
66 499 -192.0
66 503 -200.0
66 505 -199.0
66 506 -198.0
66 508 -199.0
66 514 -195.0
66 533 -205.0
66 535 -205.0
66 540 -205.0
66 549 -196.0
66 550 -195.0
66 555 -191.0
66 558 -194.0
66 559 -209.0
66 560 -195.0
66 566 -196.0
66 572 -200.0
66 573 -202.0
66 580 -195.0
66 584 -194.0
66 595 -205.0
66 596 -207.0
66 599 -190.0
66 605 -209.0
66 611 -207.0
66 615 -199.0
66 617 -201.0
66 627 -195.0
66 633 -194.0
66 636 -195.0
66 637 -206.0
66 639 -207.0
66 640 -205.0
67 73 -298.0
67 75 -305.0
67 77 -304.0
67 86 -299.0
67 91 -296.0
67 96 -305.0
67 97 -300.0
67 98 -299.0
67 103 -303.0
67 111 -302.0
67 113 -299.0
67 126 -307.0
67 135 -307.0
67 136 -302.0
67 140 -297.0
67 141 -305.0
67 143 -304.0
67 144 -291.0
67 145 -302.0
67 148 -306.0
67 150 -302.0
67 160 -303.0
67 169 -203.0
67 170 -194.0
67 172 -206.0
67 177 -206.0
67 191 -205.0
67 193 -198.0
67 202 -207.0
67 203 -202.0
67 205 -202.0
67 210 -198.0
67 217 -190.0
67 222 -202.0
67 232 -194.0
67 237 -206.0
67 241 -200.0
67 276 -198.0
67 282 -191.0
67 288 -202.0
67 292 -205.0
67 293 -202.0
67 299 -195.0
67 309 -202.0
67 313 -202.0
67 321 -204.0
67 330 -202.0
67 335 -200.0
67 341 -202.0
67 346 -209.0
67 352 -201.0
67 359 -194.0
67 361 -197.0
67 363 -197.0
67 366 -185.0
67 369 -201.0
67 370 -202.0
67 371 -190.0
67 373 -190.0
67 379 -198.0
67 382 -201.0
67 397 -198.0
67 399 -204.0
67 400 -203.0
67 414 -200.0
67 417 -200.0
67 420 -202.0
67 422 -202.0
67 430 -192.0
67 437 -199.0
67 444 -199.0
67 455 -198.0
67 462 -201.0
67 471 -194.0
67 474 -202.0
67 479 -201.0
67 483 -203.0
67 484 -195.0
67 487 -201.0
67 490 -204.0
67 493 -201.0
67 494 -192.0
67 509 -199.0
67 511 -196.0
67 514 -187.0
67 517 -197.0
67 522 -210.0
67 526 -197.0
67 528 -201.0
67 529 -203.0
67 530 -208.0
67 544 -192.0
67 550 -198.0
67 551 -208.0
67 555 -196.0
67 571 -193.0
67 574 -202.0
67 577 -196.0
67 580 -204.0
67 582 -199.0
67 590 -204.0
67 599 -206.0
67 601 -200.0
67 609 -193.0
67 610 -202.0
67 621 -206.0
67 622 -193.0
67 624 -204.0
67 625 -200.0
67 631 -197.0
67 638 -205.0
67 640 -194.0
68 71 -302.0
68 73 -309.0
68 74 -302.0
68 84 -310.0
68 89 -301.0
68 96 -306.0
68 99 -305.0
68 104 -293.0
68 118 -300.0
68 122 -302.0
68 126 -305.0
68 127 -297.0
68 146 -302.0
68 158 -299.0
68 162 -199.0
68 166 -200.0
68 169 -198.0
68 172 -193.0
68 183 -196.0
68 185 -199.0
68 217 -194.0
68 220 -198.0
68 222 -201.0
68 225 -199.0
68 232 -200.0
68 243 -211.0
68 248 -203.0
68 249 -192.0
68 255 -200.0
68 260 -205.0
68 262 -205.0
68 267 -202.0
68 273 -198.0
68 279 -201.0
68 285 -197.0
68 293 -198.0
68 296 -199.0
68 299 -196.0
68 306 -195.0
68 310 -201.0
68 311 -200.0
68 312 -198.0
68 316 -193.0
68 317 -200.0
68 318 -201.0
68 322 -205.0
68 324 -192.0
68 326 -200.0
68 333 -197.0
68 335 -198.0
68 339 -194.0
68 340 -192.0
68 351 -202.0
68 354 -209.0
68 359 -196.0
68 366 -201.0
68 379 -202.0
68 382 -200.0
68 385 -190.0
68 387 -210.0
68 394 -203.0
68 397 -207.0
68 400 -205.0
68 413 -197.0
68 415 -209.0
68 416 -185.0
68 417 -191.0
68 418 -206.0
68 419 -194.0
68 420 -191.0
68 422 -203.0
68 423 -202.0
68 431 -200.0
68 444 -186.0
68 448 -199.0
68 457 -192.0
68 462 -192.0
68 464 -200.0
68 467 -192.0
68 471 -193.0
68 481 -207.0
68 486 -197.0
68 492 -196.0
68 494 -200.0
68 497 -202.0
68 502 -202.0
68 504 -198.0
68 506 -203.0
68 513 -201.0
68 521 -200.0
68 528 -202.0
68 529 -194.0
68 532 -203.0
68 536 -196.0
68 538 -202.0
68 539 -207.0
68 543 -201.0
68 550 -203.0
68 552 -198.0
68 553 -200.0
68 565 -197.0
68 569 -197.0
68 570 -201.0
68 571 -200.0
68 577 -204.0
68 578 -206.0
68 580 -209.0
68 582 -194.0
68 584 -193.0
68 587 -201.0
68 591 -195.0
68 594 -196.0
68 596 -202.0
68 598 -199.0
68 603 -201.0
68 609 -197.0
68 614 -196.0
68 615 -192.0
68 618 -200.0
68 623 -210.0
68 627 -197.0
68 636 -200.0
68 638 -206.0
69 73 -304.0
69 81 -303.0
69 106 -299.0
69 119 -302.0
69 121 -305.0
69 127 -299.0
69 140 -310.0
69 143 -303.0
69 152 -294.0
69 157 -302.0
69 158 -301.0
69 183 -199.0
69 185 -192.0
69 190 -200.0
69 204 -200.0
69 205 -199.0
69 211 -190.0
69 212 -202.0
69 213 -189.0
69 216 -192.0
69 220 -198.0
69 224 -196.0
69 230 -199.0
69 233 -202.0
69 238 -206.0
69 241 -205.0
69 243 -195.0
69 250 -193.0
69 251 -210.0
69 262 -195.0
69 270 -203.0
69 293 -195.0
69 299 -205.0
69 300 -195.0
69 302 -199.0
69 303 -199.0
69 308 -194.0
69 309 -199.0
69 312 -198.0
69 316 -201.0
69 318 -196.0
69 325 -198.0
69 337 -193.0
69 348 -194.0
69 353 -206.0
69 363 -202.0
69 367 -199.0
69 370 -198.0
69 373 -192.0
69 378 -196.0
69 386 -194.0
69 387 -196.0
69 392 -190.0
69 403 -203.0
69 411 -205.0
69 413 -202.0
69 420 -206.0
69 428 -201.0
69 432 -196.0
69 441 -205.0
69 442 -201.0
69 443 -200.0
69 451 -202.0
69 455 -203.0
69 459 -206.0
69 461 -205.0
69 465 -200.0
69 466 -203.0
69 468 -199.0
69 469 -201.0
69 471 -197.0
69 475 -196.0
69 478 -207.0
69 480 -203.0
69 486 -197.0
69 500 -188.0
69 509 -202.0
69 519 -196.0
69 521 -193.0
69 527 -200.0
69 528 -189.0
69 532 -194.0
69 540 -200.0
69 549 -203.0
69 552 -198.0
69 556 -200.0
69 574 -193.0
69 578 -201.0
69 585 -197.0
69 587 -196.0
69 594 -199.0
69 595 -198.0
69 596 -201.0
69 597 -198.0
69 610 -196.0
69 619 -203.0
69 624 -192.0
69 633 -196.0
70 80 -292.0
70 88 -294.0
70 90 -300.0
70 94 -302.0
70 98 -301.0
70 101 -290.0
70 103 -292.0
70 104 -300.0
70 105 -297.0
70 107 -298.0
70 109 -306.0
70 125 -296.0
70 130 -304.0
70 132 -301.0
70 134 -301.0
70 142 -296.0
70 150 -306.0
70 152 -303.0
70 169 -194.0
70 176 -197.0
70 177 -203.0
70 179 -205.0
70 180 -202.0
70 188 -194.0
70 190 -204.0
70 204 -196.0
70 205 -197.0
70 209 -209.0
70 212 -197.0
70 213 -198.0
70 220 -206.0
70 221 -201.0
70 225 -203.0
70 226 -188.0
70 227 -203.0
70 228 -199.0
70 233 -187.0
70 234 -204.0
70 238 -196.0
70 239 -200.0
70 240 -205.0
70 242 -198.0
70 243 -190.0
70 256 -203.0
70 258 -202.0
70 260 -200.0
70 265 -200.0
70 273 -206.0
70 274 -195.0
70 275 -207.0
70 276 -202.0
70 288 -201.0
70 290 -204.0
70 294 -197.0
70 298 -204.0
70 304 -197.0
70 306 -206.0
70 313 -192.0
70 318 -198.0
70 324 -200.0
70 342 -196.0
70 343 -196.0
70 344 -199.0
70 347 -198.0
70 351 -205.0
70 353 -204.0
70 359 -203.0
70 368 -193.0
70 369 -201.0
70 378 -201.0
70 398 -201.0
70 399 -205.0
70 405 -191.0
70 408 -197.0
70 409 -195.0
70 415 -195.0
70 422 -195.0
70 434 -190.0
70 435 -190.0
70 439 -195.0
70 446 -194.0
70 448 -192.0
70 453 -207.0
70 464 -200.0
70 465 -206.0
70 466 -197.0
70 467 -201.0
70 470 -198.0
70 474 -199.0
70 475 -195.0
70 479 -191.0
70 480 -201.0
70 485 -200.0
70 502 -210.0
70 507 -203.0
70 519 -205.0
70 522 -200.0
70 524 -201.0
70 537 -203.0
70 538 -206.0
70 539 -206.0
70 543 -200.0
70 547 -198.0
70 548 -194.0
70 555 -196.0
70 572 -201.0
70 573 -201.0
70 575 -197.0
70 591 -200.0
70 597 -197.0
70 600 -200.0
70 603 -194.0
70 609 -205.0
70 619 -193.0
70 621 -198.0
70 630 -202.0
70 640 -201.0
71 81 -300.0
71 87 -308.0
71 92 -299.0
71 105 -300.0
71 106 -296.0
71 107 -305.0
71 114 -303.0
71 116 -299.0
71 117 -306.0
71 121 -301.0
71 123 -290.0
71 130 -304.0
71 135 -307.0
71 141 -290.0
71 142 -304.0
71 143 -302.0
71 150 -297.0
71 160 -306.0
71 162 -197.0
71 175 -201.0
71 179 -196.0
71 181 -199.0
71 182 -197.0
71 184 -191.0
71 185 -200.0
71 189 -196.0
71 192 -199.0
71 197 -199.0
71 203 -200.0
71 210 -206.0
71 216 -197.0
71 231 -200.0
71 232 -202.0
71 244 -193.0
71 260 -195.0
71 271 -196.0
71 277 -208.0
71 279 -195.0
71 290 -204.0
71 297 -194.0
71 299 -198.0
71 304 -197.0
71 308 -199.0
71 312 -195.0
71 319 -202.0
71 321 -204.0
71 322 -201.0
71 323 -191.0
71 325 -199.0
71 326 -197.0
71 330 -204.0
71 340 -202.0
71 343 -204.0
71 349 -214.0
71 360 -193.0
71 363 -203.0
71 365 -208.0
71 366 -196.0
71 367 -204.0
71 368 -193.0
71 369 -197.0
71 372 -204.0
71 387 -196.0
71 392 -211.0
71 399 -199.0
71 411 -205.0
71 414 -197.0
71 433 -195.0
71 440 -191.0
71 442 -206.0
71 445 -203.0
71 449 -203.0
71 451 -195.0
71 468 -196.0
71 479 -206.0
71 483 -194.0
71 484 -196.0
71 486 -191.0
71 489 -200.0
71 497 -197.0
71 500 -211.0
71 504 -198.0
71 506 -197.0
71 511 -202.0
71 518 -195.0
71 523 -202.0
71 530 -198.0
71 536 -209.0
71 537 -200.0
71 540 -204.0
71 543 -201.0
71 551 -196.0
71 556 -203.0
71 561 -196.0
71 565 -198.0
71 566 -195.0
71 567 -204.0
71 569 -197.0
71 572 -206.0
71 580 -200.0
71 583 -203.0
71 589 -201.0
71 591 -208.0
71 597 -206.0
71 601 -205.0
71 609 -206.0
71 620 -196.0
71 621 -199.0
71 630 -199.0
71 632 -196.0
71 636 -193.0
72 74 -303.0
72 76 -293.0
72 78 -312.0
72 79 -290.0
72 82 -306.0
72 86 -295.0
72 95 -299.0
72 98 -296.0
72 100 -300.0
72 109 -303.0
72 110 -306.0
72 113 -299.0
72 115 -303.0
72 121 -301.0
72 126 -304.0
72 133 -298.0
72 134 -304.0
72 137 -308.0
72 142 -300.0
72 143 -298.0
72 156 -301.0
72 166 -198.0
72 167 -197.0
72 178 -194.0
72 179 -193.0
72 183 -209.0
72 186 -197.0
72 188 -192.0
72 211 -198.0
72 213 -207.0
72 216 -200.0
72 227 -196.0
72 233 -199.0
72 238 -205.0
72 240 -189.0
72 241 -207.0
72 246 -193.0
72 252 -188.0
72 254 -197.0
72 258 -202.0
72 262 -197.0
72 263 -194.0
72 266 -200.0
72 267 -202.0
72 269 -192.0
72 271 -194.0
72 281 -200.0
72 284 -193.0
72 285 -204.0
72 290 -201.0
72 293 -197.0
72 309 -201.0
72 310 -198.0
72 313 -206.0
72 317 -204.0
72 318 -194.0
72 322 -204.0
72 331 -200.0
72 332 -188.0
72 336 -198.0
72 344 -201.0
72 352 -204.0
72 358 -200.0
72 381 -204.0
72 388 -199.0
72 389 -201.0
72 406 -199.0
72 414 -196.0
72 416 -198.0
72 425 -190.0
72 431 -200.0
72 432 -205.0
72 434 -206.0
72 435 -191.0
72 440 -200.0
72 441 -201.0
72 445 -195.0
72 453 -207.0
72 454 -203.0
72 460 -201.0
72 467 -199.0
72 468 -195.0
72 480 -201.0
72 482 -197.0
72 485 -207.0
72 486 -198.0
72 487 -201.0
72 493 -201.0
72 502 -202.0
72 505 -204.0
72 508 -202.0
72 511 -203.0
72 518 -200.0
72 522 -203.0
72 523 -195.0
72 524 -189.0
72 528 -195.0
72 531 -196.0
72 545 -203.0
72 564 -204.0
72 572 -199.0
72 580 -202.0
72 583 -204.0
72 585 -203.0
72 590 -197.0
72 595 -199.0
72 597 -207.0
72 600 -191.0
72 603 -194.0
72 611 -199.0
72 621 -204.0
72 625 -196.0
72 626 -196.0
72 630 -206.0
73 77 -287.0
73 84 -292.0
73 91 -296.0
73 98 -310.0
73 102 -304.0
73 105 -303.0
73 107 -300.0
73 112 -291.0
73 113 -310.0
73 115 -303.0
73 116 -297.0
73 123 -292.0
73 124 -297.0
73 127 -306.0
73 129 -294.0
73 133 -302.0
73 135 -304.0
73 136 -303.0
73 139 -296.0
73 142 -303.0
73 147 -299.0
73 154 -297.0
73 159 -299.0
73 166 -208.0
73 168 -203.0
73 171 -200.0
73 175 -198.0
73 181 -198.0
73 184 -197.0
73 188 -206.0
73 193 -205.0
73 198 -204.0
73 202 -200.0
73 223 -195.0
73 226 -197.0
73 245 -194.0
73 248 -205.0
73 250 -199.0
73 251 -200.0
73 261 -208.0
73 262 -198.0
73 272 -204.0
73 276 -202.0
73 278 -195.0
73 285 -198.0
73 287 -207.0
73 291 -198.0
73 293 -195.0
73 306 -203.0
73 307 -202.0
73 323 -206.0
73 324 -193.0
73 326 -195.0
73 327 -197.0
73 328 -197.0
73 330 -202.0
73 331 -200.0
73 337 -199.0
73 340 -197.0
73 341 -194.0
73 344 -197.0
73 346 -201.0
73 351 -203.0
73 352 -193.0
73 357 -191.0
73 362 -205.0
73 364 -197.0
73 367 -197.0
73 371 -195.0
73 379 -195.0
73 390 -195.0
73 397 -209.0
73 410 -201.0
73 412 -196.0
73 413 -202.0
73 417 -213.0
73 419 -208.0
73 433 -194.0
73 436 -205.0
73 438 -199.0
73 442 -193.0
73 459 -206.0
73 465 -206.0
73 470 -197.0
73 471 -199.0
73 473 -204.0
73 475 -205.0
73 477 -201.0
73 481 -203.0
73 484 -195.0
73 487 -191.0
73 488 -204.0
73 495 -199.0
73 506 -206.0
73 510 -199.0
73 519 -189.0
73 525 -198.0
73 526 -201.0
73 530 -208.0
73 531 -204.0
73 540 -205.0
73 547 -200.0
73 551 -203.0
73 569 -197.0
73 573 -199.0
73 589 -199.0
73 590 -198.0
73 591 -197.0
73 594 -190.0
73 598 -200.0
73 601 -202.0
73 614 -197.0
73 616 -197.0
73 618 -200.0
73 622 -195.0
73 624 -198.0
73 625 -204.0
73 626 -202.0
73 630 -201.0
73 639 -190.0
73 640 -202.0
74 87 -302.0
74 89 -301.0
74 91 -296.0
74 98 -304.0
74 99 -297.0
74 100 -296.0
74 107 -297.0
74 113 -307.0
74 119 -304.0
74 120 -297.0
74 124 -295.0
74 125 -295.0
74 129 -299.0
74 130 -303.0
74 134 -300.0
74 141 -295.0
74 145 -305.0
74 150 -297.0
74 163 -199.0
74 167 -204.0
74 172 -199.0
74 173 -207.0
74 175 -200.0
74 176 -200.0
74 181 -195.0
74 187 -195.0
74 195 -196.0
74 197 -194.0
74 200 -201.0
74 212 -201.0
74 217 -200.0
74 222 -189.0
74 224 -201.0
74 227 -203.0
74 230 -200.0
74 242 -196.0
74 246 -203.0
74 249 -197.0
74 256 -201.0
74 271 -203.0
74 273 -200.0
74 277 -201.0
74 287 -195.0
74 301 -205.0
74 302 -205.0
74 307 -192.0
74 311 -193.0
74 319 -205.0
74 320 -203.0
74 324 -204.0
74 340 -183.0
74 341 -210.0
74 345 -197.0
74 347 -195.0
74 348 -197.0
74 351 -191.0
74 357 -195.0
74 361 -201.0
74 364 -202.0
74 369 -205.0
74 370 -198.0
74 373 -204.0
74 375 -184.0
74 379 -201.0
74 391 -205.0
74 393 -199.0
74 395 -205.0
74 399 -202.0
74 414 -195.0
74 415 -201.0
74 421 -201.0
74 422 -192.0
74 432 -201.0
74 433 -203.0
74 438 -197.0
74 440 -197.0
74 442 -199.0
74 466 -197.0
74 467 -203.0
74 469 -204.0
74 473 -193.0
74 488 -200.0
74 492 -200.0
74 494 -208.0
74 495 -197.0
74 499 -204.0
74 500 -201.0
74 505 -190.0
74 514 -197.0
74 519 -201.0
74 522 -199.0
74 525 -197.0
74 531 -192.0
74 533 -195.0
74 536 -195.0
74 541 -197.0
74 548 -199.0
74 553 -192.0
74 554 -202.0
74 555 -203.0
74 557 -198.0
74 558 -200.0
74 561 -196.0
74 565 -190.0
74 577 -203.0
74 582 -201.0
74 590 -210.0
74 597 -197.0
74 600 -198.0
74 606 -205.0
74 607 -199.0
74 618 -203.0
74 620 -195.0
74 624 -188.0
74 625 -203.0
74 631 -197.0
74 635 -204.0
75 79 -300.0
75 86 -298.0
75 96 -301.0
75 101 -311.0
75 104 -293.0
75 105 -293.0
75 106 -304.0
75 110 -299.0
75 111 -291.0
75 114 -299.0
75 115 -304.0
75 116 -303.0
75 117 -295.0
75 120 -300.0
75 128 -297.0
75 131 -292.0
75 132 -295.0
75 152 -306.0
75 155 -302.0
75 172 -188.0
75 184 -201.0
75 185 -190.0
75 189 -203.0
75 194 -201.0
75 214 -204.0
75 215 -200.0
75 219 -206.0
75 221 -196.0
75 222 -200.0
75 234 -200.0
75 240 -188.0
75 246 -199.0
75 259 -203.0
75 264 -200.0
75 265 -204.0
75 266 -203.0
75 272 -198.0
75 274 -192.0
75 277 -201.0
75 279 -199.0
75 284 -204.0
75 285 -202.0
75 286 -196.0
75 292 -197.0
75 294 -193.0
75 295 -191.0
75 301 -195.0
75 303 -195.0
75 305 -204.0
75 306 -196.0
75 312 -200.0
75 315 -206.0
75 319 -191.0
75 322 -203.0
75 328 -193.0
75 331 -192.0
75 339 -196.0
75 340 -194.0
75 352 -201.0
75 355 -204.0
75 359 -203.0
75 361 -207.0
75 367 -201.0
75 373 -192.0
75 384 -197.0
75 386 -198.0
75 390 -202.0
75 393 -211.0
75 397 -206.0
75 419 -199.0
75 428 -198.0
75 431 -194.0
75 441 -207.0
75 443 -207.0
75 450 -193.0
75 462 -198.0
75 466 -202.0
75 478 -200.0
75 486 -198.0
75 489 -204.0
75 490 -205.0
75 499 -205.0
75 513 -195.0
75 522 -196.0
75 540 -195.0
75 553 -211.0
75 555 -205.0
75 560 -195.0
75 573 -199.0
75 581 -195.0
75 588 -198.0
75 591 -205.0
75 595 -199.0
75 597 -207.0
75 622 -199.0
75 623 -205.0
75 627 -199.0
75 633 -196.0
75 636 -201.0
76 77 -300.0
76 80 -299.0
76 83 -296.0
76 91 -301.0
76 93 -300.0
76 94 -293.0
76 95 -301.0
76 96 -297.0
76 100 -306.0
76 101 -296.0
76 105 -293.0
76 107 -298.0
76 113 -293.0
76 116 -303.0
76 121 -311.0
76 123 -301.0
76 124 -303.0
76 135 -292.0
76 139 -296.0
76 155 -299.0
76 161 -192.0
76 163 -199.0
76 166 -199.0
76 167 -208.0
76 169 -200.0
76 175 -198.0
76 183 -202.0
76 184 -193.0
76 186 -196.0
76 191 -201.0
76 196 -200.0
76 199 -208.0
76 200 -199.0
76 201 -197.0
76 204 -200.0
76 205 -196.0
76 210 -194.0
76 211 -200.0
76 215 -196.0
76 227 -192.0
76 229 -190.0
76 243 -203.0
76 249 -204.0
76 250 -200.0
76 252 -207.0
76 262 -198.0
76 266 -192.0
76 275 -192.0
76 276 -207.0
76 279 -199.0
76 285 -199.0
76 286 -204.0
76 292 -196.0
76 309 -193.0
76 311 -204.0
76 312 -197.0
76 318 -197.0
76 321 -201.0
76 323 -188.0
76 325 -204.0
76 327 -202.0
76 334 -191.0
76 335 -198.0
76 338 -200.0
76 340 -199.0
76 341 -195.0
76 343 -205.0
76 346 -196.0
76 351 -209.0
76 352 -206.0
76 355 -194.0
76 357 -194.0
76 372 -204.0
76 374 -195.0
76 377 -204.0
76 386 -201.0
76 390 -196.0
76 394 -201.0
76 399 -207.0
76 411 -201.0
76 412 -195.0
76 417 -207.0
76 423 -197.0
76 425 -195.0
76 428 -198.0
76 429 -193.0
76 430 -205.0
76 436 -196.0
76 447 -202.0
76 480 -203.0
76 486 -200.0
76 488 -195.0
76 493 -209.0
76 494 -201.0
76 498 -201.0
76 499 -194.0
76 512 -205.0
76 519 -200.0
76 531 -192.0
76 540 -192.0
76 543 -200.0
76 552 -200.0
76 558 -194.0
76 563 -198.0
76 567 -194.0
76 568 -198.0
76 582 -198.0
76 599 -206.0
76 601 -191.0
76 610 -203.0
76 613 -207.0
76 620 -205.0
76 625 -197.0
76 627 -205.0
76 638 -195.0
77 88 -298.0
77 95 -301.0
77 98 -302.0
77 99 -301.0
77 102 -285.0
77 104 -305.0
77 110 -305.0
77 113 -307.0
77 114 -297.0
77 117 -300.0
77 124 -307.0
77 130 -293.0
77 131 -290.0
77 156 -300.0
77 159 -302.0
77 173 -192.0
77 180 -203.0
77 184 -206.0
77 195 -207.0
77 196 -205.0
77 197 -202.0
77 204 -205.0
77 207 -205.0
77 208 -206.0
77 211 -196.0
77 217 -200.0
77 219 -194.0
77 222 -197.0
77 226 -202.0
77 227 -196.0
77 239 -193.0
77 245 -205.0
77 263 -202.0
77 267 -199.0
77 268 -199.0
77 269 -203.0
77 270 -189.0
77 273 -205.0
77 289 -204.0
77 293 -204.0
77 295 -202.0
77 296 -194.0
77 298 -204.0
77 300 -194.0
77 301 -200.0
77 304 -199.0
77 307 -193.0
77 315 -207.0
77 316 -205.0
77 319 -199.0
77 320 -198.0
77 323 -202.0
77 325 -200.0
77 327 -205.0
77 329 -200.0
77 332 -200.0
77 333 -208.0
77 340 -206.0
77 348 -193.0
77 362 -199.0
77 366 -200.0
77 368 -195.0
77 369 -195.0
77 370 -195.0
77 372 -198.0
77 378 -198.0
77 384 -189.0
77 393 -187.0
77 397 -205.0
77 402 -194.0
77 416 -208.0
77 418 -195.0
77 420 -202.0
77 421 -193.0
77 434 -203.0
77 435 -200.0
77 437 -202.0
77 440 -198.0
77 445 -202.0
77 453 -203.0
77 455 -208.0
77 459 -195.0
77 461 -202.0
77 467 -198.0
77 471 -201.0
77 476 -196.0
77 479 -196.0
77 490 -205.0
77 495 -205.0
77 500 -202.0
77 502 -205.0
77 504 -194.0
77 508 -198.0
77 513 -195.0
77 514 -191.0
77 516 -195.0
77 521 -213.0
77 524 -190.0
77 537 -206.0
77 542 -186.0
77 556 -196.0
77 559 -206.0
77 561 -206.0
77 565 -210.0
77 567 -197.0
77 571 -206.0
77 577 -197.0
77 579 -209.0
77 580 -202.0
77 583 -195.0
77 598 -198.0
77 603 -203.0
77 621 -189.0
77 623 -201.0
77 626 -207.0
77 628 -200.0
77 629 -200.0
77 635 -201.0
77 638 -191.0
77 639 -199.0
78 84 -299.0
78 86 -294.0
78 96 -299.0
78 98 -306.0
78 99 -295.0
78 101 -296.0
78 103 -301.0
78 105 -298.0
78 110 -293.0
78 111 -294.0
78 112 -303.0
78 123 -304.0
78 129 -298.0
78 135 -304.0
78 142 -308.0
78 143 -305.0
78 150 -302.0
78 156 -301.0
78 162 -200.0
78 164 -198.0
78 165 -206.0
78 166 -199.0
78 168 -197.0
78 172 -201.0
78 181 -202.0
78 190 -203.0
78 194 -192.0
78 200 -201.0
78 211 -198.0
78 213 -199.0
78 223 -201.0
78 229 -199.0
78 230 -193.0
78 235 -206.0
78 248 -196.0
78 250 -203.0
78 258 -202.0
78 267 -205.0
78 270 -199.0
78 282 -200.0
78 286 -195.0
78 287 -199.0
78 300 -196.0
78 301 -194.0
78 305 -193.0
78 319 -194.0
78 326 -203.0
78 327 -196.0
78 332 -202.0
78 335 -197.0
78 338 -199.0
78 345 -210.0
78 348 -197.0
78 350 -200.0
78 354 -194.0
78 355 -202.0
78 364 -202.0
78 367 -197.0
78 374 -196.0
78 391 -203.0
78 392 -207.0
78 398 -208.0
78 399 -198.0
78 400 -195.0
78 402 -198.0
78 412 -189.0
78 413 -197.0
78 417 -193.0
78 419 -203.0
78 421 -202.0
78 423 -209.0
78 428 -206.0
78 434 -206.0
78 445 -200.0
78 449 -205.0
78 450 -197.0
78 452 -199.0
78 459 -195.0
78 461 -196.0
78 465 -210.0
78 470 -192.0
78 477 -204.0
78 481 -204.0
78 489 -200.0
78 500 -199.0
78 502 -200.0
78 507 -203.0
78 509 -195.0
78 510 -202.0
78 517 -194.0
78 521 -199.0
78 522 -199.0
78 530 -205.0
78 534 -192.0
78 539 -205.0
78 547 -205.0
78 548 -201.0
78 574 -192.0
78 575 -195.0
78 583 -203.0
78 586 -197.0
78 587 -198.0
78 597 -199.0
78 599 -195.0
78 602 -203.0
78 613 -202.0
78 614 -206.0
78 616 -206.0
78 635 -204.0
79 80 -303.0
79 85 -299.0
79 86 -304.0
79 89 -302.0
79 107 -299.0
79 109 -302.0
79 110 -290.0
79 119 -310.0
79 122 -292.0
79 128 -301.0
79 135 -300.0
79 139 -293.0
79 143 -301.0
79 151 -302.0
79 155 -295.0
79 157 -303.0
79 162 -193.0
79 165 -206.0
79 167 -194.0
79 173 -191.0
79 180 -197.0
79 183 -200.0
79 195 -217.0
79 196 -200.0
79 203 -202.0
79 206 -202.0
79 226 -196.0
79 227 -201.0
79 228 -202.0
79 229 -205.0
79 230 -193.0
79 237 -200.0
79 245 -198.0
79 249 -202.0
79 251 -200.0
79 266 -197.0
79 272 -206.0
79 277 -192.0
79 284 -193.0
79 285 -193.0
79 287 -208.0
79 294 -209.0
79 304 -204.0
79 325 -201.0
79 327 -190.0
79 333 -188.0
79 335 -199.0
79 348 -204.0
79 349 -198.0
79 352 -198.0
79 353 -202.0
79 358 -210.0
79 359 -202.0
79 371 -205.0
79 374 -199.0
79 392 -201.0
79 403 -201.0
79 408 -201.0
79 409 -203.0
79 415 -201.0
79 416 -200.0
79 421 -203.0
79 425 -199.0
79 426 -198.0
79 431 -202.0
79 435 -199.0
79 444 -197.0
79 446 -197.0
79 450 -203.0
79 455 -197.0
79 476 -192.0
79 483 -201.0
79 488 -194.0
79 489 -192.0
79 499 -203.0
79 509 -210.0
79 510 -194.0
79 517 -195.0
79 523 -194.0
79 524 -206.0
79 547 -198.0
79 549 -202.0
79 551 -207.0
79 553 -198.0
79 559 -195.0
79 560 -203.0
79 565 -207.0
79 566 -211.0
79 604 -197.0
79 608 -199.0
79 614 -197.0
79 615 -209.0
80 112 -295.0
80 114 -307.0
80 116 -295.0
80 118 -307.0
80 128 -295.0
80 135 -306.0
80 136 -307.0
80 143 -305.0
80 146 -306.0
80 153 -302.0
80 156 -303.0
80 166 -213.0
80 168 -195.0
80 172 -202.0
80 173 -192.0
80 179 -199.0
80 185 -202.0
80 188 -206.0
80 192 -205.0
80 204 -189.0
80 212 -204.0
80 222 -199.0
80 223 -196.0
80 226 -201.0
80 232 -204.0
80 240 -200.0
80 251 -200.0
80 253 -193.0
80 258 -198.0
80 274 -202.0
80 276 -202.0
80 294 -201.0
80 296 -205.0
80 297 -202.0
80 300 -198.0
80 306 -201.0
80 309 -205.0
80 313 -205.0
80 316 -206.0
80 318 -205.0
80 322 -200.0
80 324 -206.0
80 336 -203.0
80 340 -196.0
80 343 -194.0
80 344 -207.0
80 351 -199.0
80 356 -198.0
80 367 -193.0
80 371 -198.0
80 376 -202.0
80 378 -195.0
80 395 -198.0
80 402 -200.0
80 404 -206.0
80 407 -204.0
80 413 -190.0
80 415 -186.0
80 422 -200.0
80 426 -204.0
80 430 -201.0
80 432 -196.0
80 433 -193.0
80 439 -199.0
80 440 -200.0
80 443 -194.0
80 444 -204.0
80 445 -200.0
80 446 -201.0
80 450 -188.0
80 454 -203.0
80 455 -194.0
80 459 -195.0
80 477 -205.0
80 481 -191.0
80 487 -199.0
80 489 -193.0
80 492 -203.0
80 494 -208.0
80 495 -208.0
80 506 -190.0
80 512 -201.0
80 515 -189.0
80 517 -196.0
80 525 -206.0
80 532 -200.0
80 538 -202.0
80 540 -201.0
80 544 -195.0
80 549 -205.0
80 552 -198.0
80 565 -190.0
80 574 -200.0
80 575 -195.0
80 579 -194.0
80 580 -204.0
80 582 -195.0
80 588 -199.0
80 592 -203.0
80 598 -201.0
80 599 -210.0
80 601 -194.0
80 606 -201.0
80 609 -199.0
80 611 -201.0
80 612 -198.0
80 618 -197.0
80 639 -192.0
80 640 -191.0
81 82 -303.0
81 84 -295.0
81 89 -296.0
81 101 -300.0
81 102 -295.0
81 105 -302.0
81 110 -304.0
81 116 -306.0
81 124 -293.0
81 131 -304.0
81 146 -301.0
81 147 -297.0
81 148 -294.0
81 157 -294.0
81 163 -197.0
81 165 -194.0
81 167 -192.0
81 170 -196.0
81 175 -203.0
81 176 -201.0
81 177 -195.0
81 186 -186.0
81 187 -198.0
81 190 -197.0
81 196 -208.0
81 197 -197.0
81 198 -185.0
81 204 -200.0
81 209 -202.0
81 215 -200.0
81 216 -198.0
81 226 -189.0
81 237 -196.0
81 245 -209.0
81 246 -195.0
81 261 -199.0
81 266 -201.0
81 268 -207.0
81 272 -207.0
81 278 -204.0
81 282 -204.0
81 286 -193.0
81 289 -196.0
81 290 -202.0
81 299 -202.0
81 301 -186.0
81 302 -190.0
81 312 -201.0
81 320 -208.0
81 322 -198.0
81 325 -200.0
81 333 -193.0
81 349 -197.0
81 359 -201.0
81 368 -205.0
81 369 -199.0
81 372 -198.0
81 383 -193.0
81 386 -199.0
81 396 -198.0
81 400 -189.0
81 401 -208.0
81 403 -194.0
81 407 -200.0
81 421 -195.0
81 426 -201.0
81 431 -193.0
81 432 -195.0
81 438 -202.0
81 443 -190.0
81 451 -200.0
81 458 -200.0
81 461 -191.0
81 468 -207.0
81 491 -201.0
81 493 -197.0
81 496 -195.0
81 499 -199.0
81 500 -199.0
81 519 -205.0
81 520 -198.0
81 547 -202.0
81 548 -201.0
81 549 -202.0
81 551 -195.0
81 554 -195.0
81 555 -208.0
81 556 -192.0
81 559 -200.0
81 560 -203.0
81 566 -201.0
81 575 -206.0
81 578 -191.0
81 581 -204.0
81 585 -203.0
81 603 -192.0
81 613 -195.0
81 615 -199.0
81 623 -196.0
81 631 -207.0
81 632 -197.0
81 634 -195.0
81 636 -201.0
81 638 -190.0
81 640 -194.0
82 86 -303.0
82 96 -309.0
82 97 -301.0
82 99 -305.0
82 126 -300.0
82 128 -293.0
82 129 -302.0
82 135 -304.0
82 138 -300.0
82 146 -300.0
82 147 -297.0
82 154 -306.0
82 160 -300.0
82 161 -202.0
82 164 -193.0
82 165 -192.0
82 173 -200.0
82 176 -207.0
82 178 -191.0
82 187 -195.0
82 188 -193.0
82 190 -198.0
82 194 -205.0
82 202 -209.0
82 203 -206.0
82 207 -196.0
82 210 -202.0
82 212 -204.0
82 213 -198.0
82 218 -202.0
82 222 -193.0
82 224 -205.0
82 229 -198.0
82 233 -200.0
82 245 -202.0
82 254 -203.0
82 256 -203.0
82 262 -210.0
82 263 -200.0
82 273 -205.0
82 291 -205.0
82 292 -205.0
82 293 -205.0
82 294 -202.0
82 295 -199.0
82 306 -199.0
82 313 -205.0
82 319 -204.0
82 321 -198.0
82 322 -196.0
82 331 -201.0
82 335 -192.0
82 336 -199.0
82 357 -195.0
82 360 -203.0
82 361 -199.0
82 367 -198.0
82 372 -196.0
82 376 -208.0
82 378 -198.0
82 380 -195.0
82 383 -210.0
82 392 -197.0
82 394 -196.0
82 399 -206.0
82 400 -190.0
82 401 -200.0
82 402 -202.0
82 404 -195.0
82 405 -193.0
82 419 -201.0
82 421 -198.0
82 428 -201.0
82 434 -200.0
82 443 -199.0
82 452 -194.0
82 461 -195.0
82 466 -197.0
82 469 -193.0
82 471 -205.0
82 474 -198.0
82 475 -197.0
82 480 -203.0
82 503 -199.0
82 515 -195.0
82 516 -201.0
82 518 -200.0
82 523 -201.0
82 524 -192.0
82 526 -203.0
82 527 -205.0
82 532 -198.0
82 533 -198.0
82 540 -198.0
82 542 -201.0
82 543 -195.0
82 546 -204.0
82 547 -208.0
82 565 -197.0
82 566 -193.0
82 571 -197.0
82 573 -202.0
82 574 -207.0
82 578 -203.0
82 586 -204.0
82 588 -196.0
82 594 -192.0
82 615 -194.0
82 618 -208.0
82 620 -192.0
82 621 -205.0
82 628 -195.0
82 631 -194.0
82 634 -207.0
82 637 -197.0
83 85 -293.0
83 105 -303.0
83 115 -304.0
83 124 -300.0
83 125 -292.0
83 128 -299.0
83 138 -298.0
83 150 -303.0
83 154 -299.0
83 161 -201.0
83 168 -199.0
83 178 -206.0
83 183 -201.0
83 186 -207.0
83 200 -201.0
83 212 -204.0
83 217 -201.0
83 219 -190.0
83 220 -196.0
83 226 -198.0
83 227 -200.0
83 233 -205.0
83 234 -201.0
83 236 -196.0
83 240 -194.0
83 242 -197.0
83 248 -204.0
83 250 -204.0
83 275 -202.0
83 284 -206.0
83 288 -204.0
83 293 -199.0
83 297 -195.0
83 303 -196.0
83 306 -194.0
83 314 -205.0
83 340 -197.0
83 345 -203.0
83 347 -203.0
83 359 -200.0
83 363 -199.0
83 366 -214.0
83 368 -203.0
83 370 -199.0
83 379 -196.0
83 402 -204.0
83 404 -195.0
83 408 -202.0
83 418 -196.0
83 431 -192.0
83 435 -199.0
83 439 -201.0
83 441 -193.0
83 442 -203.0
83 449 -204.0
83 450 -193.0
83 451 -193.0
83 456 -193.0
83 460 -198.0
83 469 -200.0
83 476 -201.0
83 488 -199.0
83 489 -207.0
83 500 -197.0
83 507 -207.0
83 513 -205.0
83 518 -193.0
83 519 -205.0
83 520 -204.0
83 529 -201.0
83 533 -198.0
83 534 -201.0
83 536 -204.0
83 537 -209.0
83 539 -199.0
83 540 -202.0
83 549 -206.0
83 551 -194.0
83 558 -203.0
83 559 -202.0
83 560 -199.0
83 564 -203.0
83 570 -189.0
83 572 -197.0
83 575 -207.0
83 579 -200.0
83 580 -200.0
83 591 -207.0
83 596 -196.0
83 601 -198.0
83 602 -193.0
83 605 -198.0
83 607 -197.0
83 609 -203.0
83 612 -198.0
83 616 -215.0
83 617 -198.0
83 619 -202.0
83 623 -196.0
83 624 -199.0
83 629 -189.0
83 636 -199.0
84 86 -300.0
84 95 -302.0
84 103 -299.0
84 106 -295.0
84 109 -302.0
84 110 -304.0
84 114 -294.0
84 138 -301.0
84 144 -296.0
84 145 -309.0
84 148 -305.0
84 151 -297.0
84 153 -296.0
84 157 -299.0
84 162 -197.0
84 165 -203.0
84 166 -198.0
84 167 -198.0
84 172 -198.0
84 173 -193.0
84 202 -199.0
84 206 -201.0
84 209 -198.0
84 211 -193.0
84 213 -203.0
84 216 -198.0
84 223 -195.0
84 227 -200.0
84 235 -200.0
84 236 -201.0
84 237 -207.0
84 253 -194.0
84 257 -199.0
84 263 -208.0
84 269 -202.0
84 275 -207.0
84 289 -196.0
84 294 -206.0
84 300 -194.0
84 302 -210.0
84 303 -201.0
84 304 -207.0
84 307 -197.0
84 311 -199.0
84 321 -190.0
84 326 -203.0
84 335 -195.0
84 349 -195.0
84 352 -207.0
84 365 -200.0
84 366 -219.0
84 368 -202.0
84 370 -193.0
84 376 -201.0
84 377 -186.0
84 379 -203.0
84 381 -195.0
84 385 -196.0
84 394 -207.0
84 397 -203.0
84 417 -188.0
84 419 -205.0
84 427 -204.0
84 434 -205.0
84 447 -203.0
84 453 -197.0
84 458 -198.0
84 463 -203.0
84 466 -195.0
84 467 -195.0
84 482 -197.0
84 483 -195.0
84 489 -192.0
84 496 -205.0
84 502 -207.0
84 505 -198.0
84 507 -210.0
84 508 -207.0
84 511 -199.0
84 516 -202.0
84 523 -191.0
84 528 -202.0
84 529 -196.0
84 532 -202.0
84 533 -194.0
84 536 -197.0
84 539 -201.0
84 542 -196.0
84 544 -198.0
84 545 -200.0
84 548 -199.0
84 557 -201.0
84 559 -197.0
84 562 -197.0
84 565 -197.0
84 569 -194.0
84 570 -201.0
84 575 -191.0
84 577 -203.0
84 585 -203.0
84 589 -203.0
84 593 -203.0
84 601 -202.0
84 608 -202.0
84 610 -204.0
84 611 -197.0
84 617 -200.0
84 618 -200.0
84 625 -199.0
84 628 -203.0
84 630 -196.0
85 88 -298.0
85 101 -308.0
85 102 -291.0
85 111 -301.0
85 115 -306.0
85 118 -297.0
85 119 -289.0
85 120 -297.0
85 124 -298.0
85 126 -304.0
85 128 -302.0
85 146 -293.0
85 164 -191.0
85 165 -203.0
85 168 -197.0
85 169 -203.0
85 172 -201.0
85 175 -212.0
85 178 -189.0
85 194 -194.0
85 197 -206.0
85 198 -199.0
85 203 -208.0
85 210 -199.0
85 215 -202.0
85 223 -195.0
85 233 -201.0
85 235 -196.0
85 238 -210.0
85 242 -197.0
85 247 -202.0
85 253 -199.0
85 256 -203.0
85 262 -194.0
85 279 -206.0
85 281 -196.0
85 282 -196.0
85 283 -198.0
85 286 -194.0
85 288 -205.0
85 295 -200.0
85 304 -202.0
85 306 -202.0
85 307 -194.0
85 314 -193.0
85 316 -202.0
85 318 -203.0
85 321 -207.0
85 324 -188.0
85 334 -203.0
85 336 -204.0
85 344 -196.0
85 345 -193.0
85 346 -206.0
85 351 -199.0
85 355 -195.0
85 358 -199.0
85 359 -211.0
85 366 -188.0
85 371 -198.0
85 379 -195.0
85 387 -204.0
85 395 -199.0
85 396 -193.0
85 399 -200.0
85 400 -197.0
85 401 -208.0
85 410 -197.0
85 411 -199.0
85 415 -195.0
85 421 -194.0
85 424 -194.0
85 426 -193.0
85 430 -198.0
85 437 -201.0
85 438 -206.0
85 439 -195.0
85 440 -197.0
85 442 -200.0
85 444 -195.0
85 447 -198.0
85 456 -199.0
85 458 -199.0
85 459 -198.0
85 461 -197.0
85 464 -209.0
85 465 -199.0
85 471 -203.0
85 475 -202.0
85 477 -208.0
85 478 -202.0
85 488 -208.0
85 489 -191.0
85 490 -196.0
85 495 -204.0
85 497 -207.0
85 498 -197.0
85 513 -202.0
85 514 -196.0
85 519 -207.0
85 525 -199.0
85 526 -199.0
85 542 -203.0
85 551 -197.0
85 555 -205.0
85 561 -205.0
85 566 -205.0
85 567 -193.0
85 568 -196.0
85 573 -200.0
85 580 -199.0
85 585 -192.0
85 588 -195.0
85 589 -194.0
85 597 -197.0
85 598 -194.0
85 623 -199.0
85 627 -204.0
85 634 -205.0
85 635 -203.0
85 637 -195.0
86 88 -303.0
86 93 -296.0
86 97 -291.0
86 98 -298.0
86 99 -302.0
86 100 -306.0
86 102 -301.0
86 106 -295.0
86 114 -300.0
86 115 -304.0
86 118 -297.0
86 121 -291.0
86 124 -288.0
86 126 -295.0
86 127 -304.0
86 129 -308.0
86 131 -297.0
86 132 -304.0
86 136 -305.0
86 142 -301.0
86 146 -297.0
86 148 -308.0
86 149 -307.0
86 150 -305.0
86 151 -296.0
86 169 -202.0
86 170 -197.0
86 171 -202.0
86 173 -204.0
86 178 -202.0
86 182 -198.0
86 183 -195.0
86 190 -198.0
86 192 -198.0
86 193 -197.0
86 203 -194.0
86 204 -197.0
86 214 -197.0
86 222 -202.0
86 223 -192.0
86 231 -190.0
86 234 -204.0
86 235 -207.0
86 237 -205.0
86 238 -205.0
86 242 -202.0
86 244 -199.0
86 248 -193.0
86 251 -206.0
86 254 -191.0
86 255 -202.0
86 258 -204.0
86 260 -207.0
86 266 -195.0
86 268 -193.0
86 284 -195.0
86 285 -199.0
86 288 -200.0
86 303 -187.0
86 308 -193.0
86 309 -194.0
86 310 -196.0
86 314 -205.0
86 317 -199.0
86 328 -204.0
86 335 -203.0
86 336 -215.0
86 338 -197.0
86 342 -198.0
86 347 -200.0
86 352 -195.0
86 357 -199.0
86 358 -193.0
86 365 -195.0
86 367 -213.0
86 368 -199.0
86 389 -211.0
86 392 -204.0
86 393 -195.0
86 394 -202.0
86 407 -193.0
86 415 -202.0
86 416 -200.0
86 419 -193.0
86 432 -207.0
86 435 -199.0
86 444 -201.0
86 446 -206.0
86 447 -199.0
86 450 -199.0
86 456 -198.0
86 463 -193.0
86 473 -202.0
86 476 -197.0
86 487 -205.0
86 489 -203.0
86 491 -195.0
86 495 -204.0
86 499 -207.0
86 502 -199.0
86 509 -196.0
86 511 -209.0
86 520 -199.0
86 521 -203.0
86 528 -200.0
86 529 -205.0
86 531 -204.0
86 535 -208.0
86 548 -204.0
86 550 -201.0
86 551 -204.0
86 552 -199.0
86 555 -205.0
86 556 -204.0
86 558 -200.0
86 567 -199.0
86 568 -198.0
86 569 -196.0
86 574 -203.0
86 576 -192.0
86 585 -203.0
86 589 -200.0
86 598 -196.0
86 599 -195.0
86 602 -190.0
86 603 -201.0
86 606 -197.0
86 607 -199.0
86 608 -195.0
86 612 -197.0
86 613 -202.0
86 616 -196.0
86 623 -205.0
86 625 -197.0
86 627 -198.0
86 634 -200.0
86 635 -204.0
86 637 -202.0
87 95 -307.0
87 106 -292.0
87 108 -301.0
87 111 -306.0
87 113 -296.0
87 116 -295.0
87 127 -301.0
87 134 -292.0
87 139 -303.0
87 144 -302.0
87 145 -301.0
87 147 -299.0
87 149 -295.0
87 152 -297.0
87 154 -302.0
87 158 -302.0
87 159 -301.0
87 164 -197.0
87 178 -198.0
87 196 -200.0
87 201 -201.0
87 202 -198.0
87 207 -189.0
87 211 -203.0
87 214 -201.0
87 215 -189.0
87 219 -201.0
87 227 -198.0
87 234 -203.0
87 240 -196.0
87 248 -200.0
87 250 -197.0
87 259 -202.0
87 263 -197.0
87 265 -198.0
87 276 -198.0
87 277 -196.0
87 283 -198.0
87 288 -192.0
87 291 -198.0
87 292 -201.0
87 293 -196.0
87 301 -197.0
87 311 -210.0
87 312 -199.0
87 315 -200.0
87 317 -201.0
87 336 -196.0
87 339 -202.0
87 343 -201.0
87 347 -202.0
87 350 -191.0
87 355 -197.0
87 358 -197.0
87 363 -198.0
87 368 -199.0
87 378 -198.0
87 382 -204.0
87 389 -187.0
87 395 -202.0
87 398 -199.0
87 409 -202.0
87 415 -199.0
87 418 -187.0
87 425 -202.0
87 445 -197.0
87 447 -200.0
87 450 -194.0
87 458 -207.0
87 460 -204.0
87 465 -205.0
87 469 -200.0
87 477 -197.0
87 478 -189.0
87 485 -202.0
87 486 -193.0
87 499 -199.0
87 500 -194.0
87 510 -202.0
87 514 -204.0
87 516 -212.0
87 521 -195.0
87 526 -201.0
87 528 -203.0
87 530 -200.0
87 538 -198.0
87 545 -197.0
87 547 -190.0
87 551 -196.0
87 553 -194.0
87 554 -197.0
87 555 -204.0
87 558 -194.0
87 562 -200.0
87 564 -196.0
87 565 -199.0
87 568 -200.0
87 570 -198.0
87 572 -196.0
87 573 -205.0
87 578 -199.0
87 589 -196.0
87 592 -194.0
87 594 -203.0
87 595 -197.0
87 596 -198.0
87 599 -205.0
87 604 -198.0
87 607 -199.0
87 608 -200.0
87 609 -204.0
87 612 -201.0
87 616 -195.0
87 630 -210.0
87 632 -210.0
88 89 -309.0
88 90 -305.0
88 97 -290.0
88 104 -298.0
88 105 -307.0
88 117 -304.0
88 127 -309.0
88 128 -294.0
88 130 -300.0
88 135 -298.0
88 140 -298.0
88 143 -310.0
88 144 -303.0
88 146 -303.0
88 152 -300.0
88 156 -299.0
88 157 -294.0
88 160 -312.0
88 163 -203.0
88 166 -197.0
88 170 -197.0
88 176 -198.0
88 182 -200.0
88 185 -206.0
88 187 -192.0
88 189 -192.0
88 197 -201.0
88 202 -209.0
88 206 -197.0
88 212 -195.0
88 213 -196.0
88 215 -205.0
88 221 -192.0
88 222 -198.0
88 236 -206.0
88 237 -206.0
88 250 -204.0
88 251 -198.0
88 253 -199.0
88 256 -191.0
88 258 -209.0
88 264 -202.0
88 268 -195.0
88 271 -202.0
88 280 -203.0
88 290 -191.0
88 295 -202.0
88 297 -204.0
88 301 -191.0
88 313 -204.0
88 316 -190.0
88 335 -207.0
88 336 -194.0
88 340 -192.0
88 342 -199.0
88 351 -201.0
88 362 -198.0
88 367 -196.0
88 374 -195.0
88 381 -198.0
88 387 -199.0
88 391 -209.0
88 400 -202.0
88 401 -201.0
88 403 -199.0
88 408 -201.0
88 411 -208.0
88 415 -208.0
88 423 -204.0
88 427 -193.0
88 431 -199.0
88 433 -200.0
88 435 -212.0
88 440 -199.0
88 446 -205.0
88 447 -204.0
88 450 -185.0
88 451 -208.0
88 453 -206.0
88 454 -203.0
88 464 -201.0
88 468 -201.0
88 471 -197.0
88 479 -192.0
88 481 -202.0
88 482 -199.0
88 492 -201.0
88 495 -202.0
88 498 -207.0
88 511 -194.0
88 525 -199.0
88 529 -203.0
88 533 -198.0
88 539 -199.0
88 540 -198.0
88 551 -198.0
88 564 -189.0
88 570 -204.0
88 577 -200.0
88 578 -199.0
88 580 -193.0
88 583 -191.0
88 588 -209.0
88 589 -201.0
88 590 -199.0
88 599 -204.0
88 600 -206.0
88 609 -202.0
88 610 -196.0
88 627 -195.0
89 99 -311.0
89 104 -296.0
89 107 -289.0
89 108 -299.0
89 109 -295.0
89 114 -301.0
89 120 -300.0
89 131 -301.0
89 135 -302.0
89 141 -308.0
89 148 -297.0
89 151 -306.0
89 153 -301.0
89 154 -308.0
89 156 -304.0
89 161 -202.0
89 168 -196.0
89 172 -204.0
89 175 -200.0
89 186 -199.0
89 187 -201.0
89 191 -205.0
89 195 -198.0
89 199 -201.0
89 217 -197.0
89 222 -197.0
89 227 -206.0
89 231 -205.0
89 235 -201.0
89 249 -198.0
89 253 -201.0
89 265 -204.0
89 266 -212.0
89 284 -196.0
89 292 -210.0
89 297 -194.0
89 298 -199.0
89 300 -194.0
89 304 -196.0
89 305 -198.0
89 307 -199.0
89 320 -194.0
89 322 -203.0
89 324 -203.0
89 331 -199.0
89 335 -205.0
89 340 -196.0
89 341 -190.0
89 351 -188.0
89 352 -201.0
89 357 -206.0
89 360 -199.0
89 365 -200.0
89 368 -211.0
89 369 -198.0
89 371 -193.0
89 372 -201.0
89 380 -200.0
89 387 -204.0
89 389 -198.0
89 393 -206.0
89 394 -204.0
89 396 -206.0
89 403 -195.0
89 415 -185.0
89 418 -195.0
89 424 -199.0
89 433 -190.0
89 447 -193.0
89 452 -204.0
89 459 -200.0
89 464 -201.0
89 483 -212.0
89 493 -200.0
89 496 -201.0
89 497 -195.0
89 499 -213.0
89 503 -198.0
89 506 -196.0
89 508 -194.0
89 510 -190.0
89 514 -200.0
89 516 -200.0
89 518 -201.0
89 520 -198.0
89 525 -197.0
89 539 -205.0
89 540 -202.0
89 541 -200.0
89 545 -197.0
89 562 -206.0
89 566 -200.0
89 574 -196.0
89 576 -194.0
89 580 -196.0
89 584 -198.0
89 587 -198.0
89 596 -203.0
89 597 -200.0
89 599 -200.0
89 602 -193.0
89 604 -196.0
89 607 -202.0
89 609 -198.0
89 615 -192.0
89 622 -206.0
89 630 -202.0
89 636 -199.0
89 639 -200.0
89 640 -187.0
90 92 -291.0
90 94 -295.0
90 96 -300.0
90 98 -293.0
90 99 -302.0
90 105 -291.0
90 106 -290.0
90 114 -298.0
90 119 -294.0
90 120 -300.0
90 124 -299.0
90 125 -296.0
90 127 -303.0
90 133 -291.0
90 134 -305.0
90 143 -309.0
90 145 -294.0
90 159 -303.0
90 168 -209.0
90 169 -194.0
90 175 -209.0
90 176 -202.0
90 181 -204.0
90 190 -200.0
90 195 -202.0
90 208 -196.0
90 219 -201.0
90 225 -199.0
90 234 -202.0
90 239 -190.0
90 262 -201.0
90 271 -190.0
90 276 -195.0
90 278 -202.0
90 280 -209.0
90 293 -193.0
90 313 -199.0
90 320 -193.0
90 321 -193.0
90 323 -194.0
90 325 -203.0
90 339 -203.0
90 340 -195.0
90 349 -196.0
90 360 -198.0
90 366 -199.0
90 372 -201.0
90 373 -202.0
90 382 -189.0
90 385 -202.0
90 387 -208.0
90 390 -197.0
90 396 -198.0
90 418 -197.0
90 420 -201.0
90 431 -204.0
90 433 -200.0
90 440 -203.0
90 444 -192.0
90 454 -191.0
90 456 -192.0
90 462 -197.0
90 465 -195.0
90 466 -200.0
90 469 -205.0
90 475 -199.0
90 478 -202.0
90 485 -208.0
90 487 -203.0
90 491 -201.0
90 499 -199.0
90 501 -193.0
90 502 -199.0
90 505 -196.0
90 507 -189.0
90 509 -211.0
90 510 -199.0
90 512 -204.0
90 513 -207.0
90 514 -203.0
90 516 -213.0
90 527 -199.0
90 530 -195.0
90 547 -213.0
90 549 -195.0
90 550 -202.0
90 553 -209.0
90 558 -196.0
90 561 -202.0
90 586 -195.0
90 587 -194.0
90 592 -201.0
90 596 -194.0
90 600 -198.0
90 615 -204.0
90 617 -200.0
90 618 -201.0
90 629 -200.0
90 632 -203.0
91 92 -299.0
91 93 -296.0
91 96 -293.0
91 106 -296.0
91 109 -298.0
91 110 -294.0
91 116 -296.0
91 117 -307.0
91 118 -304.0
91 123 -300.0
91 134 -291.0
91 145 -294.0
91 146 -298.0
91 147 -295.0
91 152 -301.0
91 154 -299.0
91 167 -196.0
91 172 -203.0
91 178 -194.0
91 179 -198.0
91 180 -207.0
91 183 -203.0
91 188 -199.0
91 190 -191.0
91 196 -195.0
91 201 -199.0
91 209 -194.0
91 210 -192.0
91 211 -204.0
91 213 -195.0
91 214 -198.0
91 220 -200.0
91 232 -197.0
91 243 -195.0
91 244 -201.0
91 247 -197.0
91 248 -193.0
91 250 -200.0
91 253 -194.0
91 275 -198.0
91 278 -196.0
91 281 -198.0
91 286 -199.0
91 287 -201.0
91 298 -198.0
91 300 -196.0
91 303 -198.0
91 311 -198.0
91 324 -207.0
91 331 -202.0
91 334 -195.0
91 336 -200.0
91 338 -189.0
91 339 -192.0
91 344 -202.0
91 348 -202.0
91 350 -193.0
91 364 -203.0
91 366 -204.0
91 372 -194.0
91 377 -201.0
91 381 -200.0
91 389 -197.0
91 390 -200.0
91 394 -202.0
91 407 -208.0
91 414 -198.0
91 427 -196.0
91 437 -199.0
91 445 -200.0
91 448 -191.0
91 449 -207.0
91 451 -193.0
91 458 -206.0
91 459 -201.0
91 467 -200.0
91 473 -191.0
91 476 -200.0
91 483 -198.0
91 488 -197.0
91 489 -213.0
91 490 -203.0
91 493 -197.0
91 494 -191.0
91 499 -201.0
91 500 -195.0
91 502 -201.0
91 510 -195.0
91 526 -194.0
91 534 -212.0
91 545 -202.0
91 548 -201.0
91 554 -195.0
91 558 -196.0
91 564 -204.0
91 569 -210.0
91 570 -201.0
91 587 -208.0
91 600 -204.0
91 607 -195.0
91 616 -196.0
91 634 -196.0
91 636 -210.0
91 640 -203.0
92 96 -298.0
92 97 -294.0
92 101 -296.0
92 104 -298.0
92 107 -297.0
92 113 -310.0
92 115 -295.0
92 117 -307.0
92 118 -309.0
92 128 -297.0
92 141 -306.0
92 143 -296.0
92 144 -297.0
92 145 -297.0
92 150 -295.0
92 155 -306.0
92 158 -295.0
92 159 -301.0
92 160 -298.0
92 161 -195.0
92 163 -204.0
92 169 -198.0
92 180 -202.0
92 184 -191.0
92 185 -196.0
92 187 -189.0
92 190 -202.0
92 208 -201.0
92 223 -199.0
92 224 -196.0
92 228 -196.0
92 243 -205.0
92 248 -204.0
92 262 -200.0
92 272 -197.0
92 273 -198.0
92 275 -203.0
92 286 -200.0
92 288 -204.0
92 291 -194.0
92 300 -200.0
92 301 -202.0
92 302 -202.0
92 317 -196.0
92 331 -195.0
92 336 -198.0
92 340 -197.0
92 346 -198.0
92 363 -196.0
92 364 -197.0
92 367 -202.0
92 369 -195.0
92 371 -197.0
92 374 -198.0
92 379 -200.0
92 388 -194.0
92 393 -195.0
92 408 -196.0
92 416 -206.0
92 418 -198.0
92 422 -197.0
92 439 -200.0
92 443 -199.0
92 444 -209.0
92 445 -196.0
92 453 -190.0
92 458 -199.0
92 469 -196.0
92 475 -213.0
92 482 -210.0
92 485 -196.0
92 487 -193.0
92 497 -192.0
92 498 -201.0
92 510 -199.0
92 513 -197.0
92 514 -205.0
92 519 -202.0
92 527 -203.0
92 537 -200.0
92 539 -202.0
92 549 -209.0
92 553 -204.0
92 560 -197.0
92 566 -200.0
92 580 -202.0
92 581 -191.0
92 594 -193.0
92 599 -202.0
92 602 -201.0
92 606 -196.0
92 607 -198.0
92 609 -207.0
92 611 -205.0
92 615 -201.0
92 618 -206.0
92 620 -208.0
92 626 -208.0
92 627 -195.0
92 630 -198.0
92 632 -200.0
92 635 -198.0
92 636 -198.0
92 640 -205.0
93 94 -300.0
93 98 -298.0
93 106 -298.0
93 120 -307.0
93 122 -297.0
93 134 -297.0
93 135 -311.0
93 138 -305.0
93 139 -299.0
93 154 -295.0
93 159 -300.0
93 160 -304.0
93 170 -196.0
93 177 -196.0
93 180 -193.0
93 182 -203.0
93 186 -198.0
93 189 -201.0
93 190 -197.0
93 194 -199.0
93 199 -196.0
93 207 -201.0
93 210 -198.0
93 214 -205.0
93 215 -194.0
93 216 -189.0
93 221 -196.0
93 223 -200.0
93 225 -197.0
93 229 -199.0
93 231 -195.0
93 235 -208.0
93 241 -201.0
93 243 -196.0
93 248 -205.0
93 252 -196.0
93 261 -197.0
93 262 -199.0
93 268 -197.0
93 269 -194.0
93 273 -194.0
93 280 -201.0
93 281 -202.0
93 283 -199.0
93 287 -202.0
93 288 -199.0
93 289 -205.0
93 290 -205.0
93 299 -203.0
93 302 -203.0
93 304 -191.0
93 311 -198.0
93 315 -204.0
93 324 -201.0
93 325 -203.0
93 326 -206.0
93 338 -197.0
93 349 -197.0
93 350 -205.0
93 364 -192.0
93 376 -199.0
93 378 -196.0
93 380 -199.0
93 385 -198.0
93 396 -198.0
93 400 -193.0
93 409 -198.0
93 410 -208.0
93 411 -202.0
93 427 -190.0
93 428 -198.0
93 430 -203.0
93 439 -200.0
93 440 -198.0
93 447 -201.0
93 452 -197.0
93 457 -198.0
93 459 -204.0
93 460 -191.0
93 462 -199.0
93 463 -190.0
93 467 -199.0
93 475 -201.0
93 476 -209.0
93 477 -200.0
93 479 -207.0
93 483 -200.0
93 485 -199.0
93 491 -204.0
93 498 -200.0
93 499 -208.0
93 503 -197.0
93 507 -193.0
93 509 -196.0
93 513 -202.0
93 514 -209.0
93 515 -206.0
93 530 -198.0
93 531 -195.0
93 540 -192.0
93 542 -208.0
93 547 -199.0
93 557 -200.0
93 559 -200.0
93 565 -197.0
93 574 -207.0
93 579 -193.0
93 591 -202.0
93 604 -201.0
93 607 -197.0
93 611 -205.0
93 616 -197.0
93 618 -199.0
93 621 -192.0
93 624 -191.0
94 97 -309.0
94 109 -297.0
94 111 -298.0
94 116 -297.0
94 120 -302.0
94 122 -303.0
94 129 -304.0
94 138 -313.0
94 140 -291.0
94 142 -302.0
94 144 -292.0
94 145 -294.0
94 150 -305.0
94 158 -306.0
94 160 -299.0
94 163 -205.0
94 175 -208.0
94 186 -199.0
94 188 -201.0
94 190 -202.0
94 194 -204.0
94 202 -199.0
94 206 -208.0
94 208 -203.0
94 217 -205.0
94 227 -203.0
94 228 -198.0
94 229 -198.0
94 230 -207.0
94 232 -214.0
94 235 -199.0
94 237 -201.0
94 250 -204.0
94 253 -202.0
94 262 -199.0
94 263 -193.0
94 277 -203.0
94 279 -204.0
94 291 -197.0
94 293 -197.0
94 297 -197.0
94 303 -201.0
94 312 -199.0
94 316 -198.0
94 329 -195.0
94 334 -197.0
94 347 -190.0
94 349 -195.0
94 350 -193.0
94 354 -203.0
94 358 -197.0
94 365 -201.0
94 379 -196.0
94 385 -203.0
94 394 -199.0
94 397 -204.0
94 398 -202.0
94 399 -195.0
94 401 -194.0
94 402 -193.0
94 405 -198.0
94 410 -201.0
94 412 -190.0
94 413 -206.0
94 420 -196.0
94 423 -203.0
94 428 -202.0
94 430 -201.0
94 432 -194.0
94 434 -205.0
94 436 -204.0
94 442 -205.0
94 443 -210.0
94 445 -200.0
94 448 -196.0
94 451 -198.0
94 459 -199.0
94 460 -201.0
94 462 -205.0
94 464 -201.0
94 466 -204.0
94 469 -201.0
94 473 -198.0
94 475 -205.0
94 480 -202.0
94 485 -205.0
94 493 -198.0
94 497 -201.0
94 501 -206.0
94 508 -190.0
94 517 -192.0
94 524 -199.0
94 526 -212.0
94 529 -196.0
94 535 -188.0
94 542 -207.0
94 544 -188.0
94 549 -199.0
94 554 -205.0
94 556 -197.0
94 560 -199.0
94 563 -200.0
94 565 -198.0
94 569 -191.0
94 572 -200.0
94 573 -196.0
94 580 -194.0
94 588 -198.0
94 590 -205.0
94 591 -202.0
94 599 -199.0
94 604 -213.0
94 608 -202.0
94 611 -208.0
94 617 -197.0
94 634 -200.0
95 100 -304.0
95 103 -296.0
95 104 -302.0
95 116 -300.0
95 122 -292.0
95 130 -289.0
95 135 -296.0
95 145 -294.0
95 146 -304.0
95 148 -296.0
95 154 -302.0
95 160 -305.0
95 162 -209.0
95 163 -197.0
95 164 -200.0
95 170 -206.0
95 172 -194.0
95 177 -199.0
95 180 -202.0
95 185 -209.0
95 187 -198.0
95 194 -189.0
95 195 -196.0
95 197 -203.0
95 201 -205.0
95 210 -204.0
95 213 -204.0
95 219 -197.0
95 222 -195.0
95 225 -196.0
95 230 -198.0
95 241 -205.0
95 242 -190.0
95 249 -193.0
95 251 -204.0
95 252 -190.0
95 254 -201.0
95 260 -197.0
95 262 -196.0
95 263 -196.0
95 271 -206.0
95 280 -194.0
95 284 -192.0
95 285 -208.0
95 286 -203.0
95 289 -195.0
95 293 -197.0
95 298 -209.0
95 300 -199.0
95 302 -196.0
95 304 -198.0
95 306 -209.0
95 313 -197.0
95 314 -200.0
95 315 -192.0
95 321 -201.0
95 337 -214.0
95 338 -207.0
95 348 -191.0
95 349 -197.0
95 350 -205.0
95 351 -193.0
95 353 -203.0
95 354 -199.0
95 358 -195.0
95 366 -204.0
95 388 -194.0
95 390 -200.0
95 402 -204.0
95 405 -197.0
95 408 -196.0
95 413 -197.0
95 419 -208.0
95 421 -202.0
95 424 -190.0
95 425 -197.0
95 428 -190.0
95 437 -196.0
95 443 -210.0
95 445 -202.0
95 449 -195.0
95 454 -198.0
95 459 -201.0
95 462 -194.0
95 465 -202.0
95 466 -201.0
95 471 -206.0
95 475 -203.0
95 478 -198.0
95 479 -206.0
95 484 -203.0
95 488 -193.0
95 492 -195.0
95 493 -204.0
95 496 -201.0
95 501 -200.0
95 506 -198.0
95 508 -202.0
95 509 -197.0
95 513 -201.0
95 519 -201.0
95 525 -207.0
95 529 -204.0
95 531 -200.0
95 533 -196.0
95 539 -199.0
95 547 -201.0
95 549 -198.0
95 555 -197.0
95 558 -190.0
95 564 -204.0
95 572 -193.0
95 574 -203.0
95 584 -198.0
95 588 -198.0
95 589 -202.0
95 591 -203.0
95 599 -204.0
95 603 -195.0
95 606 -199.0
95 609 -202.0
95 612 -202.0
95 619 -210.0
95 622 -201.0
95 632 -202.0
95 637 -197.0
96 104 -294.0
96 109 -300.0
96 113 -298.0
96 115 -300.0
96 119 -293.0
96 123 -301.0
96 130 -298.0
96 142 -297.0
96 146 -300.0
96 156 -301.0
96 157 -307.0
96 162 -204.0
96 165 -202.0
96 167 -202.0
96 172 -195.0
96 185 -201.0
96 186 -203.0
96 192 -202.0
96 196 -200.0
96 200 -206.0
96 202 -203.0
96 216 -210.0
96 217 -192.0
96 226 -198.0
96 231 -194.0
96 232 -197.0
96 236 -193.0
96 240 -199.0
96 241 -202.0
96 246 -197.0
96 247 -195.0
96 250 -202.0
96 252 -201.0
96 254 -195.0
96 260 -201.0
96 273 -207.0
96 277 -197.0
96 281 -200.0
96 287 -201.0
96 291 -197.0
96 293 -198.0
96 299 -190.0
96 307 -202.0
96 309 -208.0
96 310 -188.0
96 312 -203.0
96 314 -191.0
96 322 -201.0
96 340 -195.0
96 343 -201.0
96 345 -199.0
96 346 -191.0
96 359 -205.0
96 361 -198.0
96 364 -199.0
96 370 -196.0
96 377 -200.0
96 378 -199.0
96 385 -196.0
96 390 -190.0
96 392 -198.0
96 398 -200.0
96 406 -197.0
96 412 -202.0
96 418 -198.0
96 419 -205.0
96 422 -192.0
96 431 -197.0
96 444 -204.0
96 446 -201.0
96 449 -202.0
96 457 -195.0
96 468 -192.0
96 472 -192.0
96 476 -199.0
96 482 -201.0
96 483 -202.0
96 488 -197.0
96 499 -208.0
96 501 -196.0
96 512 -204.0
96 519 -200.0
96 522 -208.0
96 526 -194.0
96 533 -205.0
96 539 -198.0
96 549 -202.0
96 552 -207.0
96 553 -203.0
96 557 -201.0
96 560 -204.0
96 561 -195.0
96 562 -193.0
96 569 -205.0
96 577 -200.0
96 581 -198.0
96 585 -193.0
96 591 -199.0
96 595 -196.0
96 601 -212.0
96 604 -203.0
96 621 -199.0
96 622 -196.0
96 624 -201.0
96 632 -196.0
96 633 -197.0
96 638 -204.0
96 640 -204.0
97 98 -299.0
97 102 -303.0
97 103 -294.0
97 106 -302.0
97 111 -302.0
97 113 -302.0
97 115 -299.0
97 117 -304.0
97 125 -305.0
97 145 -301.0
97 149 -301.0
97 152 -307.0
97 158 -297.0
97 170 -199.0
97 177 -208.0
97 180 -204.0
97 181 -196.0
97 191 -191.0
97 194 -205.0
97 197 -206.0
97 199 -199.0
97 200 -199.0
97 206 -197.0
97 207 -201.0
97 208 -193.0
97 213 -200.0
97 224 -190.0
97 226 -198.0
97 230 -200.0
97 232 -192.0
97 240 -199.0
97 250 -205.0
97 255 -201.0
97 259 -194.0
97 260 -199.0
97 265 -213.0
97 266 -204.0
97 270 -201.0
97 272 -195.0
97 273 -199.0
97 281 -205.0
97 292 -210.0
97 296 -210.0
97 297 -199.0
97 298 -199.0
97 300 -198.0
97 301 -191.0
97 304 -196.0
97 308 -209.0
97 320 -206.0
97 326 -200.0
97 331 -195.0
97 334 -197.0
97 344 -200.0
97 348 -199.0
97 349 -202.0
97 356 -204.0
97 358 -190.0
97 365 -194.0
97 368 -192.0
97 372 -197.0
97 374 -201.0
97 380 -193.0
97 385 -197.0
97 395 -198.0
97 403 -211.0
97 407 -199.0
97 413 -198.0
97 417 -198.0
97 421 -207.0
97 423 -192.0
97 430 -202.0
97 439 -203.0
97 443 -200.0
97 448 -204.0
97 462 -195.0
97 468 -192.0
97 469 -199.0
97 471 -193.0
97 475 -190.0
97 476 -200.0
97 477 -206.0
97 512 -201.0
97 519 -193.0
97 523 -206.0
97 538 -208.0
97 541 -198.0
97 543 -205.0
97 545 -202.0
97 548 -200.0
97 551 -209.0
97 555 -203.0
97 556 -203.0
97 564 -196.0
97 573 -200.0
97 574 -204.0
97 578 -204.0
97 586 -203.0
97 591 -198.0
97 592 -204.0
97 595 -207.0
97 619 -195.0
97 624 -189.0
97 628 -201.0
97 636 -197.0
97 639 -194.0
98 106 -300.0
98 112 -298.0
98 120 -306.0
98 125 -293.0
98 127 -301.0
98 130 -301.0
98 132 -297.0
98 135 -296.0
98 136 -296.0
98 151 -296.0
98 157 -305.0
98 158 -300.0
98 162 -197.0
98 166 -209.0
98 171 -198.0
98 182 -198.0
98 190 -202.0
98 208 -201.0
98 218 -196.0
98 219 -197.0
98 229 -200.0
98 234 -199.0
98 237 -195.0
98 251 -203.0
98 252 -201.0
98 256 -203.0
98 277 -195.0
98 284 -199.0
98 285 -198.0
98 288 -198.0
98 289 -195.0
98 290 -203.0
98 294 -202.0
98 298 -201.0
98 303 -186.0
98 305 -206.0
98 310 -191.0
98 311 -194.0
98 312 -200.0
98 319 -200.0
98 322 -198.0
98 325 -196.0
98 333 -188.0
98 342 -196.0
98 357 -192.0
98 368 -202.0
98 370 -208.0
98 379 -203.0
98 383 -199.0
98 402 -199.0
98 403 -193.0
98 412 -206.0
98 413 -193.0
98 414 -202.0
98 416 -198.0
98 435 -198.0
98 449 -192.0
98 451 -199.0
98 460 -194.0
98 467 -208.0
98 472 -210.0
98 475 -202.0
98 478 -187.0
98 487 -202.0
98 493 -199.0
98 494 -190.0
98 503 -205.0
98 504 -195.0
98 515 -194.0
98 518 -191.0
98 520 -202.0
98 549 -200.0
98 569 -199.0
98 572 -209.0
98 574 -202.0
98 579 -201.0
98 589 -200.0
98 594 -211.0
98 598 -203.0
98 601 -199.0
98 611 -192.0
98 619 -208.0
98 625 -192.0
98 631 -199.0
98 634 -193.0
98 635 -208.0
98 638 -193.0
99 112 -295.0
99 123 -300.0
99 132 -303.0
99 133 -300.0
99 137 -301.0
99 140 -292.0
99 147 -297.0
99 156 -300.0
99 159 -303.0
99 161 -200.0
99 166 -194.0
99 171 -200.0
99 175 -192.0
99 178 -197.0
99 190 -191.0
99 191 -198.0
99 195 -192.0
99 197 -201.0
99 200 -206.0
99 203 -197.0
99 204 -195.0
99 210 -206.0
99 212 -198.0
99 213 -201.0
99 217 -192.0
99 238 -208.0
99 239 -196.0
99 240 -200.0
99 244 -196.0
99 252 -203.0
99 256 -201.0
99 260 -204.0
99 264 -203.0
99 265 -199.0
99 266 -199.0
99 268 -192.0
99 270 -196.0
99 278 -198.0
99 280 -194.0
99 282 -193.0
99 305 -204.0
99 309 -204.0
99 314 -197.0
99 321 -193.0
99 323 -191.0
99 325 -196.0
99 328 -207.0
99 332 -200.0
99 334 -209.0
99 342 -200.0
99 345 -207.0
99 348 -201.0
99 360 -198.0
99 363 -205.0
99 368 -204.0
99 370 -196.0
99 376 -196.0
99 381 -202.0
99 382 -199.0
99 383 -208.0
99 405 -197.0
99 408 -194.0
99 413 -205.0
99 417 -191.0
99 426 -209.0
99 431 -199.0
99 441 -198.0
99 454 -191.0
99 455 -210.0
99 472 -206.0
99 473 -196.0
99 478 -196.0
99 482 -207.0
99 483 -194.0
99 488 -197.0
99 492 -195.0
99 510 -196.0
99 511 -206.0
99 516 -203.0
99 517 -206.0
99 520 -194.0
99 522 -203.0
99 525 -211.0
99 526 -199.0
99 527 -194.0
99 533 -199.0
99 537 -195.0
99 538 -200.0
99 541 -194.0
99 542 -199.0
99 543 -201.0
99 551 -201.0
99 558 -198.0
99 564 -208.0
99 569 -195.0
99 580 -202.0
99 586 -206.0
99 588 -201.0
99 597 -196.0
99 599 -201.0
99 603 -187.0
99 607 -192.0
99 608 -205.0
99 613 -198.0
99 624 -203.0
99 627 -197.0
99 637 -195.0
100 102 -296.0
100 109 -294.0
100 130 -298.0
100 140 -304.0
100 143 -309.0
100 149 -302.0
100 153 -298.0
100 163 -193.0
100 170 -205.0
100 172 -199.0
100 175 -194.0
100 177 -186.0
100 181 -196.0
100 185 -201.0
100 190 -202.0
100 201 -196.0
100 202 -197.0
100 205 -206.0
100 208 -200.0
100 220 -202.0
100 229 -199.0
100 232 -195.0
100 233 -195.0
100 235 -200.0
100 238 -190.0
100 261 -198.0
100 262 -193.0
100 265 -200.0
100 272 -205.0
100 275 -195.0
100 282 -194.0
100 288 -199.0
100 289 -198.0
100 291 -197.0
100 297 -198.0
100 300 -196.0
100 308 -197.0
100 310 -190.0
100 317 -200.0
100 320 -203.0
100 323 -200.0
100 328 -192.0
100 332 -199.0
100 333 -206.0
100 336 -209.0
100 340 -195.0
100 345 -202.0
100 358 -192.0
100 365 -208.0
100 369 -194.0
100 374 -204.0
100 381 -206.0
100 391 -208.0
100 400 -197.0
100 405 -197.0
100 408 -200.0
100 411 -206.0
100 412 -204.0
100 414 -192.0
100 415 -196.0
100 416 -193.0
100 417 -197.0
100 425 -207.0
100 431 -205.0
100 433 -205.0
100 434 -205.0
100 437 -201.0
100 445 -202.0
100 447 -204.0
100 448 -201.0
100 451 -203.0
100 454 -197.0
100 460 -193.0
100 463 -198.0
100 469 -193.0
100 472 -200.0
100 478 -195.0
100 482 -190.0
100 483 -198.0
100 489 -202.0
100 496 -201.0
100 501 -207.0
100 504 -189.0
100 507 -194.0
100 510 -204.0
100 511 -197.0
100 524 -196.0
100 538 -198.0
100 544 -201.0
100 546 -196.0
100 549 -201.0
100 550 -198.0
100 551 -195.0
100 552 -189.0
100 561 -203.0
100 563 -206.0
100 566 -201.0
100 567 -198.0
100 568 -212.0
100 574 -195.0
100 579 -192.0
100 582 -201.0
100 586 -197.0
100 591 -190.0
100 594 -197.0
100 621 -189.0
100 626 -194.0
100 628 -191.0
100 630 -203.0
100 631 -192.0
100 637 -204.0
100 638 -200.0
101 107 -305.0
101 116 -298.0
101 118 -297.0
101 123 -299.0
101 128 -296.0
101 136 -301.0
101 141 -298.0
101 145 -305.0
101 146 -293.0
101 149 -299.0
101 156 -306.0
101 164 -202.0
101 181 -194.0
101 196 -206.0
101 204 -199.0
101 206 -206.0
101 208 -194.0
101 209 -197.0
101 212 -204.0
101 219 -203.0
101 222 -195.0
101 223 -199.0
101 229 -190.0
101 233 -204.0
101 237 -210.0
101 248 -204.0
101 249 -197.0
101 256 -197.0
101 268 -202.0
101 271 -194.0
101 282 -195.0
101 283 -195.0
101 284 -197.0
101 293 -190.0
101 294 -191.0
101 299 -200.0
101 305 -196.0
101 307 -190.0
101 317 -194.0
101 322 -198.0
101 323 -190.0
101 325 -200.0
101 326 -203.0
101 327 -195.0
101 332 -202.0
101 334 -193.0
101 337 -205.0
101 339 -202.0
101 343 -197.0
101 346 -205.0
101 347 -203.0
101 350 -191.0
101 353 -194.0
101 357 -199.0
101 368 -204.0
101 371 -196.0
101 378 -205.0
101 387 -199.0
101 393 -198.0
101 398 -206.0
101 414 -204.0
101 415 -205.0
101 418 -195.0
101 423 -199.0
101 425 -196.0
101 426 -208.0
101 430 -199.0
101 431 -195.0
101 434 -191.0
101 440 -200.0
101 442 -198.0
101 448 -196.0
101 451 -206.0
101 456 -192.0
101 459 -209.0
101 462 -194.0
101 465 -202.0
101 473 -197.0
101 481 -194.0
101 483 -207.0
101 484 -193.0
101 487 -203.0
101 489 -195.0
101 494 -193.0
101 498 -202.0
101 501 -201.0
101 502 -207.0
101 504 -202.0
101 506 -197.0
101 509 -195.0
101 511 -206.0
101 512 -197.0
101 518 -202.0
101 521 -190.0
101 537 -201.0
101 540 -199.0
101 541 -203.0
101 543 -202.0
101 549 -199.0
101 556 -198.0
101 558 -202.0
101 559 -211.0
101 566 -197.0
101 569 -197.0
101 573 -198.0
101 579 -198.0
101 581 -202.0
101 602 -198.0
101 609 -203.0
101 617 -197.0
101 619 -200.0
101 621 -205.0
101 623 -194.0
101 624 -200.0
101 627 -210.0
101 630 -196.0
101 640 -206.0
102 103 -302.0
102 109 -291.0
102 128 -298.0
102 138 -294.0
102 139 -299.0
102 152 -297.0
102 160 -303.0
102 169 -202.0
102 174 -194.0
102 175 -199.0
102 178 -197.0
102 180 -194.0
102 184 -207.0
102 189 -202.0
102 197 -200.0
102 203 -195.0
102 204 -204.0
102 206 -207.0
102 210 -194.0
102 211 -205.0
102 212 -199.0
102 222 -198.0
102 231 -202.0
102 237 -204.0
102 239 -198.0
102 245 -204.0
102 249 -197.0
102 253 -198.0
102 263 -197.0
102 266 -200.0
102 269 -198.0
102 270 -202.0
102 274 -201.0
102 282 -204.0
102 286 -194.0
102 289 -198.0
102 296 -205.0
102 303 -194.0
102 314 -201.0
102 315 -200.0
102 320 -206.0
102 325 -195.0
102 331 -198.0
102 340 -205.0
102 341 -201.0
102 342 -197.0
102 346 -198.0
102 348 -195.0
102 356 -207.0
102 362 -197.0
102 364 -200.0
102 368 -194.0
102 370 -205.0
102 385 -198.0
102 390 -204.0
102 396 -207.0
102 397 -196.0
102 399 -195.0
102 406 -205.0
102 408 -195.0
102 413 -209.0
102 414 -202.0
102 430 -204.0
102 431 -197.0
102 436 -196.0
102 445 -204.0
102 449 -200.0
102 460 -201.0
102 462 -201.0
102 464 -208.0
102 465 -200.0
102 473 -198.0
102 475 -201.0
102 485 -196.0
102 491 -207.0
102 493 -186.0
102 494 -193.0
102 495 -198.0
102 496 -192.0
102 497 -201.0
102 503 -195.0
102 506 -193.0
102 507 -196.0
102 514 -195.0
102 517 -203.0
102 518 -199.0
102 520 -197.0
102 521 -205.0
102 525 -199.0
102 527 -201.0
102 528 -204.0
102 532 -202.0
102 537 -189.0
102 538 -205.0
102 545 -206.0
102 554 -204.0
102 556 -194.0
102 576 -201.0
102 577 -204.0
102 579 -197.0
102 595 -195.0
102 606 -207.0
102 629 -205.0
103 121 -297.0
103 126 -296.0
103 133 -292.0
103 140 -308.0
103 142 -303.0
103 144 -293.0
103 146 -293.0
103 149 -300.0
103 174 -209.0
103 175 -197.0
103 176 -199.0
103 181 -192.0
103 184 -192.0
103 192 -190.0
103 209 -194.0
103 214 -200.0
103 222 -196.0
103 223 -199.0
103 225 -191.0
103 230 -203.0
103 245 -201.0
103 247 -202.0
103 256 -200.0
103 269 -195.0
103 273 -207.0
103 276 -210.0
103 284 -197.0
103 286 -198.0
103 292 -199.0
103 297 -200.0
103 299 -198.0
103 300 -202.0
103 302 -209.0
103 303 -207.0
103 304 -197.0
103 310 -193.0
103 317 -196.0
103 329 -185.0
103 332 -204.0
103 338 -193.0
103 340 -192.0
103 348 -199.0
103 351 -206.0
103 354 -195.0
103 363 -193.0
103 364 -201.0
103 365 -198.0
103 372 -201.0
103 382 -205.0
103 387 -194.0
103 399 -201.0
103 400 -202.0
103 401 -197.0
103 415 -207.0
103 422 -202.0
103 425 -197.0
103 431 -214.0
103 436 -198.0
103 438 -204.0
103 449 -203.0
103 450 -210.0
103 454 -197.0
103 456 -192.0
103 463 -201.0
103 468 -207.0
103 486 -198.0
103 487 -199.0
103 495 -192.0
103 504 -198.0
103 514 -201.0
103 519 -188.0
103 527 -201.0
103 530 -203.0
103 535 -198.0
103 538 -190.0
103 539 -188.0
103 542 -202.0
103 554 -210.0
103 555 -201.0
103 559 -195.0
103 563 -206.0
103 566 -191.0
103 580 -201.0
103 581 -190.0
103 582 -195.0
103 612 -191.0
103 619 -187.0
103 636 -206.0
104 110 -298.0
104 115 -297.0
104 116 -292.0
104 117 -299.0
104 118 -298.0
104 120 -302.0
104 124 -305.0
104 128 -299.0
104 132 -300.0
104 135 -291.0
104 136 -313.0
104 140 -299.0
104 146 -301.0
104 171 -197.0
104 173 -193.0
104 174 -194.0
104 188 -200.0
104 199 -201.0
104 200 -196.0
104 203 -198.0
104 205 -203.0
104 208 -200.0
104 214 -207.0
104 229 -195.0
104 230 -193.0
104 235 -200.0
104 236 -198.0
104 247 -198.0
104 248 -198.0
104 255 -204.0
104 266 -201.0
104 274 -202.0
104 275 -199.0
104 276 -198.0
104 292 -199.0
104 301 -200.0
104 327 -193.0
104 333 -201.0
104 337 -206.0
104 344 -205.0
104 352 -191.0
104 354 -198.0
104 357 -203.0
104 363 -202.0
104 371 -196.0
104 372 -191.0
104 375 -198.0
104 376 -196.0
104 380 -200.0
104 381 -200.0
104 382 -194.0
104 390 -200.0
104 394 -201.0
104 397 -206.0
104 398 -193.0
104 401 -207.0
104 402 -197.0
104 404 -210.0
104 411 -196.0
104 423 -191.0
104 425 -197.0
104 427 -204.0
104 441 -198.0
104 445 -194.0
104 447 -198.0
104 456 -204.0
104 457 -207.0
104 465 -198.0
104 473 -202.0
104 474 -201.0
104 477 -197.0
104 485 -211.0
104 486 -190.0
104 495 -200.0
104 497 -209.0
104 515 -192.0
104 518 -206.0
104 522 -191.0
104 526 -205.0
104 528 -197.0
104 539 -203.0
104 540 -205.0
104 545 -197.0
104 546 -213.0
104 549 -197.0
104 555 -190.0
104 558 -202.0
104 564 -200.0
104 566 -201.0
104 574 -203.0
104 575 -197.0
104 580 -204.0
104 588 -197.0
104 597 -195.0
104 605 -202.0
104 613 -205.0
104 615 -199.0
104 616 -197.0
104 640 -198.0
105 107 -301.0
105 116 -305.0
105 121 -309.0
105 122 -303.0
105 131 -299.0
105 137 -303.0
105 144 -297.0
105 149 -290.0
105 154 -303.0
105 158 -296.0
105 159 -290.0
105 171 -195.0
105 193 -208.0
105 196 -195.0
105 208 -214.0
105 209 -199.0
105 211 -186.0
105 214 -197.0
105 221 -197.0
105 227 -195.0
105 230 -207.0
105 231 -204.0
105 235 -204.0
105 239 -203.0
105 240 -194.0
105 242 -202.0
105 246 -194.0
105 251 -199.0
105 256 -196.0
105 257 -202.0
105 262 -204.0
105 264 -206.0
105 266 -199.0
105 273 -197.0
105 281 -191.0
105 284 -202.0
105 293 -200.0
105 295 -192.0
105 302 -203.0
105 305 -200.0
105 308 -197.0
105 311 -197.0
105 315 -201.0
105 317 -194.0
105 319 -201.0
105 322 -194.0
105 323 -194.0
105 326 -207.0
105 334 -197.0
105 335 -196.0
105 336 -197.0
105 339 -200.0
105 348 -198.0
105 351 -199.0
105 354 -197.0
105 356 -203.0
105 363 -199.0
105 365 -198.0
105 367 -190.0
105 373 -194.0
105 374 -198.0
105 380 -207.0
105 394 -191.0
105 407 -196.0
105 408 -191.0
105 413 -202.0
105 417 -199.0
105 418 -196.0
105 420 -198.0
105 430 -198.0
105 431 -204.0
105 433 -206.0
105 437 -200.0
105 446 -199.0
105 454 -200.0
105 465 -204.0
105 481 -202.0
105 496 -202.0
105 498 -196.0
105 504 -201.0
105 506 -207.0
105 507 -200.0
105 508 -199.0
105 509 -205.0
105 513 -199.0
105 516 -194.0
105 535 -191.0
105 537 -204.0
105 558 -193.0
105 563 -204.0
105 564 -194.0
105 566 -188.0
105 570 -202.0
105 573 -202.0
105 577 -202.0
105 586 -203.0
105 591 -200.0
105 593 -203.0
105 597 -205.0
105 600 -200.0
105 617 -205.0
105 621 -206.0
105 623 -201.0
105 632 -199.0
105 635 -196.0
106 108 -301.0
106 109 -305.0
106 112 -303.0
106 116 -294.0
106 123 -306.0
106 125 -307.0
106 130 -306.0
106 139 -303.0
106 147 -295.0
106 149 -311.0
106 152 -297.0
106 153 -292.0
106 154 -302.0
106 164 -191.0
106 166 -199.0
106 175 -205.0
106 177 -205.0
106 185 -204.0
106 188 -196.0
106 193 -200.0
106 198 -204.0
106 201 -203.0
106 209 -205.0
106 221 -205.0
106 224 -193.0
106 228 -204.0
106 235 -197.0
106 236 -199.0
106 240 -204.0
106 253 -204.0
106 254 -206.0
106 259 -202.0
106 263 -196.0
106 269 -206.0
106 272 -193.0
106 280 -200.0
106 281 -209.0
106 282 -190.0
106 285 -204.0
106 288 -193.0
106 289 -198.0
106 290 -199.0
106 293 -202.0
106 296 -198.0
106 297 -197.0
106 299 -208.0
106 309 -190.0
106 318 -202.0
106 319 -198.0
106 321 -197.0
106 326 -197.0
106 328 -202.0
106 335 -201.0
106 343 -194.0
106 349 -206.0
106 350 -195.0
106 352 -197.0
106 357 -196.0
106 358 -195.0
106 372 -198.0
106 374 -192.0
106 378 -190.0
106 382 -196.0
106 387 -200.0
106 388 -209.0
106 394 -203.0
106 401 -192.0
106 405 -201.0
106 406 -207.0
106 410 -196.0
106 414 -198.0
106 416 -198.0
106 423 -197.0
106 435 -191.0
106 442 -194.0
106 447 -201.0
106 456 -204.0
106 458 -208.0
106 466 -196.0
106 469 -202.0
106 470 -200.0
106 471 -201.0
106 477 -205.0
106 495 -201.0
106 498 -186.0
106 511 -197.0
106 520 -198.0
106 521 -195.0
106 526 -206.0
106 528 -202.0
106 532 -193.0
106 536 -202.0
106 541 -201.0
106 542 -199.0
106 548 -196.0
106 562 -202.0
106 566 -202.0
106 571 -199.0
106 573 -197.0
106 577 -197.0
106 578 -205.0
106 582 -193.0
106 587 -198.0
106 593 -209.0
106 603 -202.0
106 607 -209.0
106 608 -195.0
106 611 -193.0
106 632 -201.0
107 113 -301.0
107 118 -300.0
107 120 -299.0
107 129 -297.0
107 130 -305.0
107 135 -299.0
107 145 -297.0
107 147 -301.0
107 148 -298.0
107 150 -297.0
107 152 -302.0
107 166 -202.0
107 168 -202.0
107 177 -196.0
107 178 -205.0
107 180 -197.0
107 182 -201.0
107 183 -200.0
107 184 -191.0
107 188 -192.0
107 192 -205.0
107 197 -214.0
107 202 -212.0
107 203 -197.0
107 206 -208.0
107 210 -199.0
107 223 -193.0
107 224 -204.0
107 230 -198.0
107 231 -197.0
107 232 -206.0
107 237 -202.0
107 239 -196.0
107 242 -197.0
107 246 -203.0
107 251 -207.0
107 255 -199.0
107 256 -198.0
107 272 -198.0
107 292 -196.0
107 306 -203.0
107 312 -192.0
107 318 -190.0
107 320 -198.0
107 321 -201.0
107 339 -191.0
107 347 -200.0
107 352 -199.0
107 361 -195.0
107 362 -207.0
107 370 -196.0
107 377 -202.0
107 382 -194.0
107 386 -197.0
107 391 -195.0
107 392 -194.0
107 398 -196.0
107 405 -198.0
107 407 -196.0
107 412 -196.0
107 413 -206.0
107 414 -202.0
107 415 -199.0
107 419 -201.0
107 420 -202.0
107 424 -200.0
107 428 -197.0
107 452 -202.0
107 453 -206.0
107 454 -199.0
107 457 -196.0
107 460 -195.0
107 461 -205.0
107 465 -199.0
107 469 -206.0
107 470 -191.0
107 478 -202.0
107 479 -203.0
107 494 -197.0
107 495 -198.0
107 503 -201.0
107 504 -200.0
107 537 -198.0
107 543 -191.0
107 549 -208.0
107 557 -200.0
107 562 -198.0
107 567 -203.0
107 577 -204.0
107 590 -191.0
107 593 -205.0
107 603 -195.0
107 605 -195.0
107 615 -198.0
107 627 -199.0
107 630 -211.0
107 634 -200.0
107 635 -198.0
107 636 -201.0
108 115 -299.0
108 120 -299.0
108 126 -310.0
108 130 -299.0
108 136 -308.0
108 138 -294.0
108 146 -295.0
108 147 -294.0
108 156 -293.0
108 165 -198.0
108 167 -204.0
108 168 -204.0
108 171 -195.0
108 177 -207.0
108 191 -206.0
108 193 -199.0
108 197 -195.0
108 201 -190.0
108 203 -201.0
108 208 -192.0
108 211 -197.0
108 212 -199.0
108 217 -203.0
108 222 -195.0
108 223 -199.0
108 224 -213.0
108 228 -198.0
108 233 -201.0
108 234 -188.0
108 235 -197.0
108 241 -195.0
108 243 -201.0
108 247 -207.0
108 249 -206.0
108 257 -207.0
108 261 -197.0
108 266 -193.0
108 269 -209.0
108 271 -197.0
108 279 -200.0
108 283 -194.0
108 301 -195.0
108 303 -200.0
108 306 -201.0
108 315 -195.0
108 321 -208.0
108 322 -198.0
108 324 -199.0
108 331 -201.0
108 350 -197.0
108 354 -193.0
108 356 -194.0
108 360 -211.0
108 361 -190.0
108 367 -200.0
108 371 -192.0
108 376 -196.0
108 386 -199.0
108 409 -201.0
108 410 -195.0
108 413 -199.0
108 418 -204.0
108 419 -190.0
108 443 -198.0
108 448 -193.0
108 451 -196.0
108 458 -208.0
108 464 -197.0
108 469 -198.0
108 476 -196.0
108 478 -194.0
108 485 -203.0
108 486 -196.0
108 493 -201.0
108 494 -196.0
108 499 -200.0
108 504 -197.0
108 518 -202.0
108 523 -203.0
108 524 -191.0
108 525 -201.0
108 529 -201.0
108 531 -202.0
108 544 -198.0
108 552 -197.0
108 556 -208.0
108 561 -195.0
108 563 -201.0
108 567 -203.0
108 570 -199.0
108 571 -206.0
108 579 -204.0
108 585 -195.0
108 591 -199.0
108 596 -194.0
108 598 -203.0
108 600 -203.0
108 601 -201.0
108 608 -200.0
108 610 -201.0
108 611 -198.0
108 635 -208.0
108 636 -201.0
108 640 -195.0
109 110 -303.0
109 124 -297.0
109 125 -295.0
109 127 -294.0
109 139 -300.0
109 153 -298.0
109 173 -192.0
109 176 -199.0
109 178 -200.0
109 179 -196.0
109 182 -198.0
109 187 -200.0
109 188 -200.0
109 197 -197.0
109 199 -200.0
109 200 -192.0
109 216 -199.0
109 222 -196.0
109 226 -202.0
109 230 -192.0
109 235 -198.0
109 237 -199.0
109 240 -196.0
109 246 -203.0
109 249 -201.0
109 257 -200.0
109 261 -207.0
109 264 -198.0
109 265 -193.0
109 266 -198.0
109 267 -196.0
109 271 -201.0
109 272 -204.0
109 292 -196.0
109 293 -199.0
109 296 -191.0
109 297 -190.0
109 303 -203.0
109 317 -200.0
109 319 -199.0
109 322 -203.0
109 326 -204.0
109 330 -205.0
109 332 -200.0
109 341 -197.0
109 343 -199.0
109 350 -198.0
109 362 -204.0
109 364 -203.0
109 369 -196.0
109 370 -198.0
109 379 -200.0
109 380 -208.0
109 383 -193.0
109 393 -205.0
109 394 -196.0
109 395 -202.0
109 397 -202.0
109 399 -202.0
109 415 -195.0
109 421 -202.0
109 435 -198.0
109 438 -195.0
109 444 -195.0
109 445 -203.0
109 446 -201.0
109 447 -196.0
109 453 -196.0
109 469 -202.0
109 472 -193.0
109 477 -207.0
109 478 -202.0
109 482 -208.0
109 484 -202.0
109 486 -206.0
109 491 -193.0
109 492 -201.0
109 494 -206.0
109 500 -202.0
109 501 -204.0
109 507 -207.0
109 509 -203.0
109 510 -206.0
109 526 -190.0
109 529 -201.0
109 534 -188.0
109 535 -203.0
109 537 -197.0
109 545 -194.0
109 550 -193.0
109 553 -196.0
109 563 -198.0
109 565 -202.0
109 566 -200.0
109 567 -202.0
109 570 -203.0
109 583 -196.0
109 590 -193.0
109 610 -202.0
109 612 -201.0
109 618 -190.0
109 620 -206.0
109 622 -194.0
109 624 -196.0
109 627 -202.0
109 632 -192.0
109 640 -210.0
110 115 -302.0
110 119 -299.0
110 124 -301.0
110 126 -292.0
110 129 -297.0
110 132 -295.0
110 134 -288.0
110 139 -308.0
110 140 -293.0
110 141 -302.0
110 155 -308.0
110 156 -307.0
110 165 -202.0
110 168 -202.0
110 179 -195.0
110 187 -194.0
110 188 -200.0
110 191 -206.0
110 193 -201.0
110 197 -205.0
110 198 -199.0
110 199 -204.0
110 201 -196.0
110 206 -196.0
110 215 -202.0
110 217 -199.0
110 219 -211.0
110 222 -191.0
110 225 -204.0
110 226 -195.0
110 238 -211.0
110 240 -194.0
110 251 -193.0
110 255 -196.0
110 264 -206.0
110 265 -203.0
110 274 -192.0
110 276 -202.0
110 278 -206.0
110 279 -199.0
110 281 -193.0
110 282 -192.0
110 287 -190.0
110 303 -198.0
110 308 -198.0
110 314 -195.0
110 318 -202.0
110 328 -199.0
110 336 -200.0
110 339 -204.0
110 340 -201.0
110 342 -198.0
110 345 -205.0
110 354 -197.0
110 356 -197.0
110 359 -202.0
110 368 -202.0
110 369 -204.0
110 371 -194.0
110 375 -204.0
110 385 -197.0
110 386 -195.0
110 388 -200.0
110 405 -210.0
110 410 -201.0
110 419 -195.0
110 422 -194.0
110 424 -194.0
110 425 -199.0
110 433 -198.0
110 437 -204.0
110 438 -199.0
110 445 -196.0
110 449 -198.0
110 450 -192.0
110 454 -200.0
110 456 -195.0
110 461 -206.0
110 466 -204.0
110 473 -207.0
110 478 -192.0
110 485 -194.0
110 487 -201.0
110 489 -197.0
110 490 -203.0
110 493 -205.0
110 495 -204.0
110 499 -206.0
110 500 -197.0
110 503 -204.0
110 506 -196.0
110 508 -191.0
110 511 -198.0
110 512 -204.0
110 513 -200.0
110 522 -197.0
110 524 -193.0
110 530 -193.0
110 544 -194.0
110 548 -198.0
110 550 -200.0
110 552 -193.0
110 562 -198.0
110 563 -200.0
110 568 -192.0
110 573 -202.0
110 575 -197.0
110 578 -201.0
110 580 -205.0
110 585 -205.0
110 586 -205.0
110 595 -199.0
110 603 -205.0
110 607 -197.0
110 608 -210.0
110 609 -206.0
110 614 -200.0
110 615 -192.0
110 619 -198.0
110 624 -197.0
110 629 -198.0
110 630 -201.0
110 632 -201.0
110 633 -199.0
110 636 -197.0
111 112 -300.0
111 118 -308.0
111 119 -308.0
111 124 -307.0
111 126 -304.0
111 127 -294.0
111 129 -305.0
111 133 -307.0
111 135 -291.0
111 142 -307.0
111 147 -299.0
111 148 -301.0
111 155 -301.0
111 157 -295.0
111 167 -195.0
111 168 -208.0
111 170 -206.0
111 181 -200.0
111 183 -199.0
111 189 -207.0
111 190 -201.0
111 195 -204.0
111 199 -202.0
111 200 -190.0
111 202 -202.0
111 211 -192.0
111 214 -197.0
111 215 -199.0
111 220 -196.0
111 222 -197.0
111 229 -199.0
111 231 -197.0
111 233 -215.0
111 253 -198.0
111 262 -195.0
111 263 -203.0
111 267 -199.0
111 278 -195.0
111 280 -203.0
111 284 -198.0
111 286 -205.0
111 288 -200.0
111 292 -205.0
111 293 -197.0
111 297 -201.0
111 300 -210.0
111 302 -195.0
111 319 -198.0
111 321 -196.0
111 330 -201.0
111 331 -204.0
111 338 -208.0
111 343 -207.0
111 349 -201.0
111 369 -200.0
111 371 -202.0
111 372 -201.0
111 373 -197.0
111 381 -197.0
111 389 -208.0
111 390 -202.0
111 393 -202.0
111 395 -199.0
111 399 -199.0
111 407 -207.0
111 415 -199.0
111 427 -202.0
111 429 -190.0
111 430 -199.0
111 431 -207.0
111 433 -203.0
111 442 -209.0
111 450 -191.0
111 471 -189.0
111 480 -209.0
111 481 -202.0
111 483 -197.0
111 495 -201.0
111 513 -208.0
111 517 -204.0
111 529 -198.0
111 531 -186.0
111 532 -198.0
111 534 -201.0
111 544 -199.0
111 546 -198.0
111 548 -199.0
111 566 -197.0
111 571 -196.0
111 576 -192.0
111 581 -209.0
111 583 -195.0
111 592 -207.0
111 596 -195.0
111 597 -207.0
111 602 -209.0
111 603 -193.0
111 608 -207.0
111 609 -204.0
111 611 -209.0
111 616 -200.0
111 625 -204.0
111 627 -199.0
111 632 -201.0
111 633 -199.0
111 639 -199.0
111 640 -205.0
112 122 -303.0
112 125 -301.0
112 128 -292.0
112 141 -291.0
112 144 -297.0
112 146 -298.0
112 157 -297.0
112 160 -296.0
112 161 -197.0
112 162 -201.0
112 170 -210.0
112 179 -199.0
112 186 -208.0
112 192 -192.0
112 196 -197.0
112 199 -205.0
112 204 -214.0
112 210 -198.0
112 212 -196.0
112 226 -201.0
112 231 -196.0
112 238 -195.0
112 256 -195.0
112 260 -201.0
112 262 -197.0
112 266 -199.0
112 269 -200.0
112 272 -197.0
112 289 -199.0
112 295 -198.0
112 296 -196.0
112 313 -197.0
112 325 -196.0
112 326 -202.0
112 329 -195.0
112 331 -204.0
112 332 -198.0
112 334 -202.0
112 337 -197.0
112 338 -199.0
112 339 -194.0
112 341 -208.0
112 346 -197.0
112 348 -203.0
112 350 -205.0
112 365 -187.0
112 366 -194.0
112 370 -201.0
112 372 -195.0
112 378 -196.0
112 385 -196.0
112 392 -192.0
112 399 -200.0
112 406 -196.0
112 417 -201.0
112 420 -199.0
112 424 -201.0
112 425 -209.0
112 428 -198.0
112 429 -193.0
112 436 -190.0
112 438 -205.0
112 440 -193.0
112 448 -205.0
112 457 -201.0
112 462 -194.0
112 470 -199.0
112 474 -202.0
112 478 -207.0
112 481 -195.0
112 483 -200.0
112 496 -196.0
112 506 -194.0
112 507 -203.0
112 513 -192.0
112 517 -191.0
112 534 -204.0
112 535 -192.0
112 536 -199.0
112 539 -199.0
112 544 -206.0
112 558 -198.0
112 563 -192.0
112 570 -192.0
112 571 -194.0
112 589 -201.0
112 590 -205.0
112 599 -197.0
112 607 -196.0
112 615 -203.0
112 624 -203.0
112 625 -203.0
112 626 -196.0
112 637 -197.0
113 119 -293.0
113 130 -296.0
113 133 -297.0
113 136 -303.0
113 137 -305.0
113 138 -301.0
113 154 -301.0
113 157 -301.0
113 163 -198.0
113 167 -202.0
113 171 -205.0
113 177 -200.0
113 178 -208.0
113 186 -202.0
113 190 -201.0
113 193 -200.0
113 197 -205.0
113 199 -190.0
113 206 -200.0
113 207 -206.0
113 208 -204.0
113 214 -209.0
113 217 -199.0
113 231 -199.0
113 239 -200.0
113 249 -198.0
113 296 -192.0
113 307 -196.0
113 330 -204.0
113 340 -194.0
113 344 -194.0
113 350 -200.0
113 351 -198.0
113 354 -196.0
113 356 -197.0
113 360 -195.0
113 361 -202.0
113 363 -199.0
113 372 -198.0
113 375 -196.0
113 378 -204.0
113 380 -203.0
113 383 -195.0
113 384 -202.0
113 387 -206.0
113 388 -201.0
113 391 -197.0
113 396 -203.0
113 405 -206.0
113 409 -201.0
113 410 -203.0
113 411 -208.0
113 415 -198.0
113 416 -200.0
113 420 -197.0
113 421 -202.0
113 424 -197.0
113 429 -205.0
113 434 -209.0
113 437 -201.0
113 438 -187.0
113 441 -195.0
113 446 -196.0
113 451 -192.0
113 457 -205.0
113 463 -204.0
113 465 -203.0
113 466 -189.0
113 468 -202.0
113 470 -197.0
113 473 -203.0
113 480 -197.0
113 482 -199.0
113 485 -198.0
113 487 -205.0
113 489 -211.0
113 491 -196.0
113 495 -200.0
113 513 -193.0
113 516 -198.0
113 521 -196.0
113 529 -197.0
113 537 -205.0
113 539 -205.0
113 542 -194.0
113 550 -203.0
113 551 -204.0
113 561 -198.0
113 568 -197.0
113 572 -200.0
113 576 -203.0
113 577 -196.0
113 582 -203.0
113 585 -190.0
113 590 -197.0
113 592 -197.0
113 593 -197.0
113 598 -193.0
113 599 -204.0
113 609 -209.0
113 613 -204.0
113 614 -200.0
113 616 -194.0
113 624 -192.0
113 626 -199.0
113 628 -197.0
113 635 -194.0
113 637 -196.0
114 118 -302.0
114 119 -306.0
114 122 -303.0
114 124 -292.0
114 131 -306.0
114 144 -300.0
114 155 -297.0
114 173 -207.0
114 179 -204.0
114 182 -196.0
114 185 -192.0
114 194 -199.0
114 199 -201.0
114 202 -206.0
114 206 -203.0
114 207 -197.0
114 211 -202.0
114 217 -198.0
114 227 -193.0
114 231 -198.0
114 236 -208.0
114 238 -195.0
114 248 -204.0
114 249 -200.0
114 253 -202.0
114 260 -189.0
114 268 -193.0
114 270 -192.0
114 273 -197.0
114 281 -196.0
114 283 -205.0
114 285 -195.0
114 302 -200.0
114 308 -201.0
114 320 -199.0
114 324 -192.0
114 330 -199.0
114 341 -197.0
114 348 -196.0
114 349 -200.0
114 351 -206.0
114 354 -190.0
114 356 -190.0
114 358 -191.0
114 372 -205.0
114 375 -196.0
114 387 -198.0
114 400 -198.0
114 403 -190.0
114 407 -202.0
114 408 -209.0
114 409 -196.0
114 410 -201.0
114 412 -200.0
114 416 -200.0
114 421 -201.0
114 424 -191.0
114 426 -194.0
114 428 -208.0
114 449 -204.0
114 454 -195.0
114 458 -199.0
114 460 -206.0
114 461 -198.0
114 464 -205.0
114 465 -190.0
114 469 -202.0
114 471 -195.0
114 474 -194.0
114 478 -199.0
114 490 -197.0
114 496 -205.0
114 497 -199.0
114 502 -199.0
114 509 -195.0
114 521 -207.0
114 522 -198.0
114 530 -198.0
114 546 -202.0
114 547 -205.0
114 554 -203.0
114 558 -202.0
114 561 -204.0
114 562 -211.0
114 563 -191.0
114 571 -194.0
114 577 -201.0
114 580 -198.0
114 586 -202.0
114 587 -202.0
114 594 -209.0
114 595 -197.0
114 603 -204.0
114 606 -193.0
114 610 -198.0
114 616 -205.0
114 619 -198.0
114 625 -196.0
114 640 -200.0
115 124 -297.0
115 129 -300.0
115 131 -292.0
115 138 -298.0
115 146 -309.0
115 157 -303.0
115 164 -199.0
115 175 -199.0
115 178 -205.0
115 186 -193.0
115 191 -199.0
115 192 -191.0
115 195 -200.0
115 200 -204.0
115 210 -200.0
115 220 -200.0
115 222 -198.0
115 234 -203.0
115 238 -195.0
115 239 -199.0
115 243 -207.0
115 251 -201.0
115 259 -206.0
115 261 -196.0
115 266 -196.0
115 267 -209.0
115 278 -198.0
115 279 -203.0
115 288 -195.0
115 299 -195.0
115 301 -202.0
115 302 -194.0
115 305 -196.0
115 307 -198.0
115 312 -195.0
115 324 -195.0
115 337 -201.0
115 345 -196.0
115 364 -204.0
115 365 -199.0
115 371 -203.0
115 374 -196.0
115 379 -205.0
115 399 -200.0
115 407 -191.0
115 411 -207.0
115 412 -192.0
115 429 -196.0
115 431 -201.0
115 433 -186.0
115 437 -205.0
115 444 -204.0
115 450 -198.0
115 453 -195.0
115 456 -212.0
115 460 -195.0
115 471 -203.0
115 476 -202.0
115 478 -203.0
115 489 -192.0
115 490 -199.0
115 493 -206.0
115 494 -198.0
115 503 -200.0
115 511 -200.0
115 515 -193.0
115 516 -194.0
115 520 -202.0
115 534 -201.0
115 536 -205.0
115 537 -204.0
115 540 -200.0
115 542 -194.0
115 552 -199.0
115 557 -206.0
115 559 -200.0
115 560 -199.0
115 564 -192.0
115 568 -198.0
115 600 -202.0
115 606 -199.0
115 615 -198.0
115 616 -206.0
115 619 -201.0
115 621 -196.0
115 627 -199.0
115 632 -199.0
115 633 -208.0
115 634 -202.0
115 639 -203.0
116 117 -304.0
116 122 -298.0
116 127 -298.0
116 132 -300.0
116 138 -307.0
116 140 -302.0
116 148 -293.0
116 166 -201.0
116 167 -189.0
116 172 -206.0
116 173 -202.0
116 174 -200.0
116 177 -203.0
116 183 -196.0
116 188 -202.0
116 193 -200.0
116 195 -202.0
116 197 -198.0
116 205 -208.0
116 211 -199.0
116 214 -193.0
116 217 -197.0
116 220 -204.0
116 224 -197.0
116 228 -195.0
116 233 -200.0
116 242 -203.0
116 245 -208.0
116 249 -195.0
116 253 -198.0
116 261 -206.0
116 262 -203.0
116 263 -206.0
116 268 -201.0
116 275 -189.0
116 276 -192.0
116 287 -202.0
116 288 -203.0
116 289 -209.0
116 293 -200.0
116 296 -193.0
116 301 -208.0
116 306 -200.0
116 307 -199.0
116 312 -205.0
116 322 -203.0
116 323 -205.0
116 324 -208.0
116 329 -189.0
116 334 -197.0
116 336 -196.0
116 341 -201.0
116 347 -205.0
116 349 -192.0
116 367 -211.0
116 375 -199.0
116 379 -208.0
116 385 -195.0
116 390 -205.0
116 400 -192.0
116 407 -191.0
116 410 -198.0
116 420 -206.0
116 427 -202.0
116 432 -189.0
116 440 -200.0
116 443 -196.0
116 445 -198.0
116 450 -204.0
116 451 -195.0
116 455 -198.0
116 456 -195.0
116 459 -198.0
116 462 -200.0
116 463 -199.0
116 467 -208.0
116 468 -197.0
116 474 -200.0
116 482 -202.0
116 489 -200.0
116 491 -200.0
116 494 -200.0
116 500 -201.0
116 504 -203.0
116 508 -197.0
116 510 -198.0
116 512 -201.0
116 515 -197.0
116 517 -196.0
116 521 -190.0
116 522 -193.0
116 523 -199.0
116 525 -207.0
116 527 -194.0
116 533 -207.0
116 538 -187.0
116 540 -203.0
116 550 -191.0
116 553 -200.0
116 555 -195.0
116 559 -195.0
116 565 -200.0
116 566 -199.0
116 568 -196.0
116 575 -204.0
116 582 -207.0
116 583 -189.0
116 589 -203.0
116 590 -188.0
116 591 -201.0
116 593 -201.0
116 604 -196.0
116 605 -194.0
116 627 -202.0
116 631 -194.0
117 118 -302.0
117 133 -294.0
117 135 -295.0
117 136 -307.0
117 140 -314.0
117 148 -301.0
117 154 -302.0
117 162 -204.0
117 169 -195.0
117 173 -205.0
117 177 -200.0
117 182 -196.0
117 184 -202.0
117 185 -196.0
117 187 -204.0
117 200 -202.0
117 202 -198.0
117 212 -200.0
117 215 -205.0
117 219 -195.0
117 220 -193.0
117 223 -193.0
117 228 -190.0
117 231 -198.0
117 232 -205.0
117 243 -205.0
117 247 -202.0
117 250 -194.0
117 252 -207.0
117 255 -206.0
117 256 -205.0
117 258 -199.0
117 270 -207.0
117 274 -202.0
117 281 -202.0
117 290 -202.0
117 292 -198.0
117 311 -196.0
117 313 -198.0
117 314 -195.0
117 319 -204.0
117 325 -192.0
117 329 -202.0
117 335 -201.0
117 349 -198.0
117 355 -189.0
117 369 -190.0
117 375 -208.0
117 377 -195.0
117 382 -205.0
117 383 -206.0
117 393 -201.0
117 395 -199.0
117 400 -196.0
117 406 -205.0
117 410 -202.0
117 414 -187.0
117 415 -198.0
117 423 -200.0
117 425 -198.0
117 429 -203.0
117 438 -206.0
117 447 -206.0
117 448 -206.0
117 450 -202.0
117 457 -201.0
117 459 -195.0
117 462 -201.0
117 465 -201.0
117 468 -201.0
117 469 -192.0
117 470 -205.0
117 473 -200.0
117 474 -198.0
117 475 -194.0
117 494 -191.0
117 497 -194.0
117 501 -199.0
117 505 -198.0
117 507 -203.0
117 519 -204.0
117 527 -205.0
117 531 -195.0
117 535 -199.0
117 540 -201.0
117 553 -200.0
117 555 -201.0
117 561 -195.0
117 563 -197.0
117 565 -204.0
117 569 -193.0
117 570 -208.0
117 577 -207.0
117 582 -198.0
117 586 -194.0
117 588 -191.0
117 589 -200.0
117 595 -195.0
117 598 -204.0
117 602 -196.0
117 620 -197.0
117 628 -197.0
117 640 -202.0
118 120 -298.0
118 123 -299.0
118 128 -305.0
118 129 -300.0
118 131 -302.0
118 134 -303.0
118 149 -299.0
118 150 -300.0
118 153 -304.0
118 175 -196.0
118 183 -211.0
118 186 -193.0
118 188 -206.0
118 193 -199.0
118 198 -203.0
118 202 -204.0
118 209 -192.0
118 216 -203.0
118 217 -201.0
118 220 -194.0
118 222 -194.0
118 226 -196.0
118 227 -204.0
118 236 -199.0
118 239 -195.0
118 245 -205.0
118 251 -207.0
118 252 -196.0
118 253 -197.0
118 259 -201.0
118 262 -201.0
118 270 -205.0
118 272 -194.0
118 275 -200.0
118 277 -197.0
118 279 -201.0
118 280 -209.0
118 282 -204.0
118 286 -206.0
118 290 -198.0
118 298 -198.0
118 306 -199.0
118 309 -200.0
118 316 -202.0
118 322 -207.0
118 333 -201.0
118 334 -210.0
118 343 -198.0
118 350 -193.0
118 352 -192.0
118 359 -192.0
118 360 -197.0
118 361 -200.0
118 371 -197.0
118 373 -200.0
118 374 -208.0
118 379 -201.0
118 387 -199.0
118 390 -200.0
118 391 -206.0
118 396 -199.0
118 406 -198.0
118 411 -194.0
118 415 -211.0
118 428 -209.0
118 429 -197.0
118 431 -199.0
118 432 -199.0
118 439 -198.0
118 440 -201.0
118 453 -201.0
118 454 -199.0
118 455 -200.0
118 460 -190.0
118 462 -207.0
118 464 -207.0
118 471 -202.0
118 478 -201.0
118 482 -198.0
118 487 -192.0
118 490 -205.0
118 501 -206.0
118 507 -206.0
118 509 -200.0
118 510 -199.0
118 512 -196.0
118 517 -205.0
118 528 -199.0
118 529 -202.0
118 532 -193.0
118 533 -200.0
118 538 -196.0
118 540 -205.0
118 541 -201.0
118 546 -193.0
118 549 -196.0
118 550 -201.0
118 552 -195.0
118 553 -200.0
118 555 -195.0
118 556 -198.0
118 559 -195.0
118 571 -202.0
118 575 -205.0
118 583 -201.0
118 588 -199.0
118 592 -200.0
118 596 -199.0
118 597 -198.0
118 606 -188.0
118 608 -195.0
118 616 -184.0
118 617 -211.0
118 621 -197.0
118 622 -201.0
118 626 -202.0
118 638 -195.0
118 639 -201.0
119 124 -296.0
119 134 -298.0
119 136 -309.0
119 141 -308.0
119 143 -297.0
119 146 -299.0
119 152 -296.0
119 162 -196.0
119 170 -198.0
119 175 -204.0
119 178 -190.0
119 180 -189.0
119 181 -199.0
119 185 -195.0
119 206 -203.0
119 212 -202.0
119 217 -198.0
119 219 -195.0
119 222 -201.0
119 231 -189.0
119 236 -190.0
119 237 -203.0
119 238 -206.0
119 247 -196.0
119 249 -197.0
119 255 -204.0
119 260 -202.0
119 265 -193.0
119 266 -201.0
119 268 -203.0
119 269 -198.0
119 272 -200.0
119 278 -194.0
119 283 -202.0
119 288 -196.0
119 289 -200.0
119 290 -203.0
119 299 -196.0
119 314 -193.0
119 315 -194.0
119 316 -197.0
119 319 -201.0
119 321 -200.0
119 327 -205.0
119 338 -194.0
119 339 -197.0
119 344 -205.0
119 351 -201.0
119 358 -204.0
119 361 -190.0
119 364 -202.0
119 366 -203.0
119 368 -202.0
119 369 -202.0
119 370 -196.0
119 376 -200.0
119 378 -199.0
119 390 -204.0
119 399 -190.0
119 404 -204.0
119 406 -203.0
119 409 -203.0
119 428 -193.0
119 463 -200.0
119 470 -196.0
119 473 -198.0
119 477 -189.0
119 479 -194.0
119 482 -203.0
119 486 -205.0
119 491 -195.0
119 494 -192.0
119 501 -199.0
119 503 -192.0
119 504 -202.0
119 507 -193.0
119 514 -204.0
119 516 -201.0
119 518 -187.0
119 520 -200.0
119 525 -201.0
119 526 -195.0
119 529 -198.0
119 535 -207.0
119 544 -199.0
119 545 -205.0
119 546 -202.0
119 552 -199.0
119 554 -203.0
119 560 -203.0
119 566 -205.0
119 577 -193.0
119 583 -202.0
119 587 -198.0
119 588 -195.0
119 591 -200.0
119 594 -199.0
119 603 -200.0
119 612 -211.0
119 613 -190.0
119 627 -195.0
119 628 -199.0
119 631 -198.0
119 635 -204.0
120 125 -301.0
120 127 -304.0
120 128 -305.0
120 139 -303.0
120 141 -297.0
120 143 -305.0
120 151 -298.0
120 161 -215.0
120 170 -211.0
120 175 -193.0
120 177 -198.0
120 179 -198.0
120 180 -195.0
120 181 -195.0
120 183 -188.0
120 186 -198.0
120 188 -208.0
120 191 -201.0
120 202 -199.0
120 204 -206.0
120 210 -205.0
120 215 -201.0
120 221 -197.0
120 232 -209.0
120 237 -202.0
120 244 -200.0
120 246 -202.0
120 248 -198.0
120 251 -196.0
120 253 -190.0
120 261 -199.0
120 267 -206.0
120 273 -194.0
120 283 -197.0
120 290 -201.0
120 294 -199.0
120 300 -196.0
120 302 -201.0
120 304 -204.0
120 310 -194.0
120 313 -191.0
120 320 -198.0
120 324 -200.0
120 342 -203.0
120 346 -199.0
120 347 -202.0
120 349 -190.0
120 359 -189.0
120 363 -204.0
120 366 -204.0
120 368 -199.0
120 370 -189.0
120 371 -202.0
120 373 -201.0
120 379 -199.0
120 380 -199.0
120 384 -201.0
120 389 -199.0
120 392 -194.0
120 394 -210.0
120 407 -190.0
120 408 -204.0
120 415 -193.0
120 421 -205.0
120 424 -206.0
120 426 -199.0
120 437 -195.0
120 440 -197.0
120 445 -209.0
120 448 -199.0
120 450 -198.0
120 454 -202.0
120 464 -200.0
120 469 -200.0
120 471 -200.0
120 472 -206.0
120 474 -200.0
120 480 -199.0
120 484 -196.0
120 491 -194.0
120 502 -203.0
120 503 -202.0
120 507 -198.0
120 519 -197.0
120 520 -201.0
120 521 -205.0
120 522 -197.0
120 530 -194.0
120 534 -200.0
120 543 -198.0
120 550 -193.0
120 556 -191.0
120 560 -199.0
120 569 -199.0
120 580 -201.0
120 589 -197.0
120 591 -201.0
120 592 -198.0
120 596 -196.0
120 606 -200.0
120 608 -197.0
120 613 -191.0
120 617 -206.0
120 618 -201.0
120 625 -196.0
121 126 -298.0
121 129 -294.0
121 130 -298.0
121 143 -306.0
121 147 -293.0
121 150 -293.0
121 152 -298.0
121 157 -296.0
121 160 -290.0
121 162 -203.0
121 163 -194.0
121 175 -198.0
121 177 -204.0
121 184 -200.0
121 186 -199.0
121 201 -199.0
121 204 -194.0
121 208 -209.0
121 211 -204.0
121 217 -197.0
121 222 -191.0
121 223 -195.0
121 224 -196.0
121 226 -192.0
121 241 -194.0
121 245 -200.0
121 249 -203.0
121 256 -200.0
121 261 -205.0
121 262 -194.0
121 264 -200.0
121 271 -191.0
121 275 -188.0
121 285 -205.0
121 292 -206.0
121 294 -201.0
121 297 -198.0
121 299 -207.0
121 306 -207.0
121 307 -195.0
121 309 -196.0
121 319 -205.0
121 321 -201.0
121 322 -209.0
121 323 -200.0
121 325 -200.0
121 328 -204.0
121 334 -199.0
121 336 -206.0
121 341 -198.0
121 353 -198.0
121 354 -198.0
121 358 -203.0
121 363 -201.0
121 370 -198.0
121 378 -204.0
121 386 -199.0
121 388 -196.0
121 395 -204.0
121 397 -200.0
121 407 -199.0
121 417 -201.0
121 418 -198.0
121 424 -201.0
121 428 -191.0
121 434 -202.0
121 440 -193.0
121 443 -198.0
121 452 -197.0
121 459 -201.0
121 464 -197.0
121 466 -203.0
121 468 -210.0
121 473 -199.0
121 481 -199.0
121 488 -195.0
121 503 -204.0
121 512 -195.0
121 513 -198.0
121 519 -182.0
121 524 -204.0
121 525 -204.0
121 526 -203.0
121 544 -192.0
121 547 -201.0
121 552 -197.0
121 556 -193.0
121 559 -203.0
121 561 -214.0
121 568 -204.0
121 583 -201.0
121 589 -190.0
121 597 -202.0
121 604 -205.0
121 607 -190.0
121 609 -199.0
121 619 -198.0
121 620 -203.0
121 625 -199.0
121 629 -198.0
121 634 -204.0
121 637 -198.0
121 639 -199.0
122 136 -306.0
122 138 -304.0
122 142 -306.0
122 144 -295.0
122 147 -298.0
122 156 -297.0
122 157 -302.0
122 160 -297.0
122 165 -200.0
122 168 -197.0
122 169 -195.0
122 176 -197.0
122 182 -199.0
122 184 -198.0
122 189 -194.0
122 195 -195.0
122 197 -201.0
122 201 -197.0
122 203 -202.0
122 204 -204.0
122 210 -198.0
122 213 -194.0
122 214 -194.0
122 216 -190.0
122 222 -204.0
122 223 -195.0
122 226 -196.0
122 227 -194.0
122 228 -204.0
122 229 -196.0
122 242 -201.0
122 248 -192.0
122 258 -201.0
122 261 -195.0
122 267 -187.0
122 268 -187.0
122 277 -204.0
122 278 -200.0
122 280 -190.0
122 291 -193.0
122 292 -205.0
122 294 -201.0
122 297 -198.0
122 299 -199.0
122 308 -206.0
122 309 -201.0
122 310 -199.0
122 316 -203.0
122 322 -192.0
122 324 -200.0
122 330 -208.0
122 335 -213.0
122 350 -193.0
122 352 -204.0
122 356 -206.0
122 359 -194.0
122 362 -208.0
122 363 -198.0
122 370 -200.0
122 371 -197.0
122 387 -207.0
122 388 -197.0
122 393 -193.0
122 395 -190.0
122 402 -203.0
122 404 -208.0
122 409 -200.0
122 415 -191.0
122 418 -204.0
122 420 -197.0
122 424 -199.0
122 428 -206.0
122 452 -202.0
122 453 -200.0
122 456 -202.0
122 458 -202.0
122 460 -188.0
122 463 -199.0
122 465 -200.0
122 466 -199.0
122 476 -211.0
122 481 -200.0
122 482 -196.0
122 489 -206.0
122 494 -204.0
122 497 -202.0
122 498 -202.0
122 499 -194.0
122 500 -200.0
122 506 -211.0
122 510 -197.0
122 513 -200.0
122 518 -197.0
122 519 -194.0
122 520 -209.0
122 529 -191.0
122 537 -203.0
122 540 -205.0
122 547 -200.0
122 548 -203.0
122 554 -201.0
122 568 -198.0
122 580 -201.0
122 583 -193.0
122 595 -209.0
122 596 -204.0
122 601 -194.0
122 617 -197.0
122 619 -196.0
122 623 -207.0
122 630 -202.0
122 632 -196.0
122 633 -210.0
122 638 -201.0
123 124 -298.0
123 125 -302.0
123 129 -301.0
123 139 -301.0
123 141 -296.0
123 144 -300.0
123 155 -295.0
123 156 -303.0
123 157 -294.0
123 158 -298.0
123 161 -203.0
123 168 -186.0
123 173 -211.0
123 181 -195.0
123 192 -200.0
123 198 -197.0
123 201 -200.0
123 213 -196.0
123 218 -207.0
123 221 -196.0
123 229 -200.0
123 240 -199.0
123 247 -194.0
123 253 -198.0
123 263 -192.0
123 275 -198.0
123 281 -207.0
123 287 -194.0
123 310 -198.0
123 311 -204.0
123 323 -205.0
123 325 -197.0
123 329 -201.0
123 336 -202.0
123 338 -195.0
123 350 -211.0
123 354 -198.0
123 359 -191.0
123 362 -192.0
123 365 -201.0
123 367 -203.0
123 369 -199.0
123 372 -198.0
123 381 -200.0
123 386 -201.0
123 389 -204.0
123 392 -201.0
123 397 -193.0
123 399 -204.0
123 400 -201.0
123 402 -198.0
123 405 -197.0
123 422 -208.0
123 428 -202.0
123 431 -208.0
123 436 -200.0
123 442 -202.0
123 443 -197.0
123 444 -208.0
123 445 -201.0
123 447 -200.0
123 452 -198.0
123 462 -198.0
123 467 -197.0
123 470 -200.0
123 471 -203.0
123 472 -208.0
123 481 -194.0
123 493 -199.0
123 494 -196.0
123 495 -197.0
123 496 -194.0
123 499 -199.0
123 502 -200.0
123 503 -197.0
123 514 -197.0
123 518 -204.0
123 519 -199.0
123 522 -198.0
123 523 -199.0
123 529 -198.0
123 531 -195.0
123 535 -198.0
123 545 -205.0
123 546 -199.0
123 548 -207.0
123 553 -195.0
123 557 -200.0
123 558 -202.0
123 562 -202.0
123 564 -203.0
123 565 -198.0
123 573 -194.0
123 579 -199.0
123 580 -204.0
123 581 -193.0
123 592 -207.0
123 593 -201.0
123 594 -203.0
123 602 -203.0
123 612 -203.0
123 622 -200.0
123 628 -202.0
123 635 -204.0
123 637 -201.0
124 129 -302.0
124 133 -300.0
124 137 -303.0
124 140 -293.0
124 144 -305.0
124 145 -302.0
124 147 -295.0
124 149 -300.0
124 152 -304.0
124 158 -296.0
124 159 -305.0
124 172 -204.0
124 199 -205.0
124 202 -194.0
124 203 -193.0
124 204 -198.0
124 209 -204.0
124 212 -194.0
124 235 -196.0
124 240 -198.0
124 244 -195.0
124 247 -205.0
124 264 -189.0
124 269 -199.0
124 271 -210.0
124 275 -200.0
124 276 -204.0
124 278 -204.0
124 290 -203.0
124 294 -200.0
124 295 -202.0
124 298 -198.0
124 301 -194.0
124 312 -213.0
124 316 -203.0
124 319 -199.0
124 321 -205.0
124 327 -199.0
124 329 -187.0
124 332 -193.0
124 333 -209.0
124 337 -205.0
124 346 -195.0
124 365 -203.0
124 381 -201.0
124 393 -201.0
124 395 -204.0
124 404 -197.0
124 406 -195.0
124 415 -195.0
124 417 -200.0
124 425 -198.0
124 431 -192.0
124 432 -201.0
124 439 -195.0
124 448 -197.0
124 452 -204.0
124 454 -202.0
124 457 -212.0
124 459 -203.0
124 465 -203.0
124 470 -206.0
124 471 -193.0
124 483 -187.0
124 489 -202.0
124 496 -201.0
124 499 -206.0
124 512 -202.0
124 515 -198.0
124 517 -195.0
124 518 -200.0
124 526 -202.0
124 534 -205.0
124 535 -188.0
124 537 -201.0
124 543 -191.0
124 547 -205.0
124 553 -201.0
124 554 -198.0
124 565 -203.0
124 572 -199.0
124 580 -196.0
124 591 -199.0
124 592 -194.0
124 604 -202.0
124 606 -199.0
124 608 -195.0
124 611 -204.0
124 619 -196.0
124 624 -189.0
124 626 -201.0
124 628 -208.0
125 130 -303.0
125 132 -291.0
125 135 -302.0
125 139 -299.0
125 144 -302.0
125 146 -292.0
125 151 -301.0
125 153 -302.0
125 158 -297.0
125 164 -196.0
125 169 -197.0
125 171 -207.0
125 177 -210.0
125 180 -199.0
125 181 -196.0
125 187 -203.0
125 197 -197.0
125 212 -193.0
125 219 -201.0
125 221 -195.0
125 224 -204.0
125 228 -198.0
125 245 -206.0
125 246 -197.0
125 253 -194.0
125 260 -205.0
125 267 -203.0
125 273 -202.0
125 275 -198.0
125 276 -205.0
125 278 -198.0
125 300 -197.0
125 304 -203.0
125 305 -199.0
125 310 -196.0
125 311 -206.0
125 313 -200.0
125 328 -211.0
125 334 -198.0
125 338 -196.0
125 354 -198.0
125 356 -206.0
125 367 -198.0
125 375 -212.0
125 376 -205.0
125 393 -206.0
125 397 -194.0
125 402 -196.0
125 405 -193.0
125 409 -204.0
125 411 -193.0
125 419 -195.0
125 424 -204.0
125 425 -199.0
125 426 -193.0
125 430 -198.0
125 433 -195.0
125 435 -199.0
125 443 -202.0
125 445 -201.0
125 452 -196.0
125 466 -193.0
125 479 -207.0
125 480 -198.0
125 492 -206.0
125 501 -196.0
125 506 -199.0
125 509 -202.0
125 514 -198.0
125 515 -193.0
125 521 -198.0
125 523 -197.0
125 524 -201.0
125 529 -199.0
125 530 -203.0
125 533 -203.0
125 535 -192.0
125 543 -201.0
125 547 -192.0
125 552 -206.0
125 562 -196.0
125 563 -198.0
125 564 -192.0
125 572 -203.0
125 576 -200.0
125 580 -199.0
125 582 -200.0
125 587 -204.0
125 588 -201.0
125 597 -200.0
125 602 -209.0
125 610 -205.0
125 611 -201.0
125 617 -204.0
125 620 -197.0
125 623 -199.0
125 629 -199.0
125 640 -202.0
126 134 -294.0
126 137 -298.0
126 138 -294.0
126 139 -306.0
126 144 -294.0
126 147 -299.0
126 157 -299.0
126 158 -306.0
126 166 -195.0
126 169 -196.0
126 173 -205.0
126 180 -200.0
126 182 -210.0
126 189 -202.0
126 200 -197.0
126 201 -198.0
126 208 -195.0
126 209 -199.0
126 213 -196.0
126 214 -207.0
126 216 -200.0
126 217 -187.0
126 218 -193.0
126 220 -197.0
126 230 -210.0
126 235 -196.0
126 238 -190.0
126 242 -197.0
126 261 -193.0
126 263 -201.0
126 270 -192.0
126 273 -194.0
126 276 -200.0
126 277 -188.0
126 293 -198.0
126 299 -195.0
126 307 -196.0
126 314 -190.0
126 318 -201.0
126 325 -195.0
126 328 -206.0
126 330 -198.0
126 331 -208.0
126 332 -205.0
126 333 -203.0
126 336 -200.0
126 338 -205.0
126 341 -202.0
126 346 -203.0
126 347 -201.0
126 348 -205.0
126 366 -197.0
126 370 -198.0
126 371 -197.0
126 374 -214.0
126 377 -198.0
126 391 -209.0
126 395 -192.0
126 403 -204.0
126 414 -207.0
126 420 -205.0
126 421 -203.0
126 423 -206.0
126 427 -198.0
126 429 -198.0
126 451 -207.0
126 452 -196.0
126 461 -194.0
126 466 -204.0
126 471 -196.0
126 474 -193.0
126 480 -196.0
126 483 -196.0
126 484 -199.0
126 494 -198.0
126 498 -198.0
126 505 -198.0
126 506 -206.0
126 511 -202.0
126 512 -193.0
126 513 -207.0
126 515 -206.0
126 517 -201.0
126 519 -201.0
126 523 -201.0
126 526 -201.0
126 531 -209.0
126 546 -201.0
126 547 -196.0
126 551 -199.0
126 555 -205.0
126 557 -203.0
126 564 -205.0
126 569 -199.0
126 586 -193.0
126 591 -201.0
126 592 -194.0
126 593 -198.0
126 595 -212.0
126 597 -197.0
126 606 -197.0
126 610 -202.0
126 618 -199.0
126 619 -195.0
126 626 -208.0
126 628 -201.0
126 632 -201.0
126 633 -207.0
126 636 -193.0
127 128 -290.0
127 136 -304.0
127 138 -300.0
127 148 -307.0
127 163 -201.0
127 172 -198.0
127 183 -204.0
127 198 -204.0
127 205 -203.0
127 215 -196.0
127 217 -202.0
127 218 -204.0
127 222 -194.0
127 226 -193.0
127 227 -201.0
127 228 -198.0
127 232 -198.0
127 238 -197.0
127 241 -198.0
127 242 -199.0
127 247 -207.0
127 251 -207.0
127 252 -197.0
127 253 -198.0
127 266 -201.0
127 267 -193.0
127 269 -193.0
127 275 -194.0
127 277 -202.0
127 285 -208.0
127 287 -197.0
127 294 -191.0
127 295 -194.0
127 296 -189.0
127 297 -204.0
127 298 -200.0
127 307 -208.0
127 318 -201.0
127 319 -198.0
127 320 -199.0
127 321 -191.0
127 323 -202.0
127 332 -197.0
127 335 -200.0
127 336 -202.0
127 337 -194.0
127 338 -196.0
127 344 -201.0
127 345 -198.0
127 351 -200.0
127 354 -199.0
127 363 -197.0
127 368 -199.0
127 369 -194.0
127 373 -196.0
127 378 -201.0
127 379 -209.0
127 383 -196.0
127 394 -196.0
127 395 -203.0
127 397 -197.0
127 408 -201.0
127 411 -193.0
127 420 -203.0
127 423 -195.0
127 425 -199.0
127 430 -202.0
127 438 -203.0
127 447 -199.0
127 451 -197.0
127 453 -200.0
127 454 -192.0
127 468 -204.0
127 469 -205.0
127 476 -194.0
127 481 -202.0
127 484 -206.0
127 488 -202.0
127 490 -198.0
127 492 -202.0
127 493 -199.0
127 496 -203.0
127 498 -204.0
127 500 -198.0
127 508 -198.0
127 509 -195.0
127 510 -191.0
127 511 -198.0
127 513 -203.0
127 514 -203.0
127 515 -200.0
127 523 -208.0
127 524 -199.0
127 535 -197.0
127 540 -200.0
127 541 -200.0
127 553 -201.0
127 560 -204.0
127 561 -203.0
127 571 -198.0
127 573 -196.0
127 574 -197.0
127 578 -217.0
127 579 -201.0
127 582 -202.0
127 586 -208.0
127 594 -204.0
127 595 -197.0
127 596 -196.0
127 601 -203.0
127 603 -200.0
127 604 -186.0
127 605 -199.0
127 612 -197.0
127 616 -194.0
127 626 -205.0
127 633 -204.0
128 129 -291.0
128 134 -306.0
128 140 -299.0
128 151 -297.0
128 153 -293.0
128 167 -196.0
128 168 -208.0
128 170 -200.0
128 171 -206.0
128 175 -201.0
128 177 -199.0
128 183 -198.0
128 184 -189.0
128 189 -195.0
128 191 -206.0
128 200 -195.0
128 201 -196.0
128 214 -196.0
128 223 -205.0
128 227 -191.0
128 237 -203.0
128 242 -201.0
128 250 -197.0
128 253 -194.0
128 254 -192.0
128 256 -197.0
128 260 -201.0
128 261 -203.0
128 283 -196.0
128 284 -195.0
128 288 -192.0
128 291 -202.0
128 295 -197.0
128 300 -203.0
128 308 -199.0
128 312 -198.0
128 318 -208.0
128 320 -206.0
128 322 -196.0
128 324 -200.0
128 326 -198.0
128 328 -201.0
128 331 -195.0
128 334 -198.0
128 336 -193.0
128 338 -206.0
128 346 -201.0
128 351 -201.0
128 354 -198.0
128 357 -202.0
128 366 -193.0
128 367 -203.0
128 370 -187.0
128 375 -199.0
128 377 -197.0
128 380 -200.0
128 399 -203.0
128 406 -196.0
128 414 -200.0
128 417 -194.0
128 421 -195.0
128 423 -203.0
128 427 -192.0
128 428 -201.0
128 430 -200.0
128 446 -198.0
128 448 -196.0
128 449 -199.0
128 452 -201.0
128 453 -194.0
128 457 -195.0
128 459 -199.0
128 470 -201.0
128 472 -191.0
128 478 -203.0
128 481 -202.0
128 484 -204.0
128 485 -201.0
128 488 -192.0
128 490 -201.0
128 497 -210.0
128 500 -196.0
128 503 -200.0
128 504 -196.0
128 516 -194.0
128 532 -198.0
128 533 -199.0
128 535 -192.0
128 541 -198.0
128 542 -192.0
128 544 -202.0
128 553 -205.0
128 554 -201.0
128 555 -198.0
128 560 -198.0
128 562 -197.0
128 569 -203.0
128 578 -204.0
128 580 -198.0
128 583 -213.0
128 589 -197.0
128 597 -202.0
128 601 -198.0
128 603 -194.0
128 604 -206.0
128 606 -201.0
128 607 -188.0
128 612 -197.0
128 623 -193.0
128 625 -201.0
128 637 -201.0
128 639 -201.0
129 135 -300.0
129 142 -302.0
129 145 -307.0
129 155 -304.0
129 160 -299.0
129 162 -205.0
129 165 -197.0
129 167 -198.0
129 178 -199.0
129 180 -204.0
129 181 -201.0
129 183 -189.0
129 184 -200.0
129 185 -195.0
129 187 -195.0
129 196 -204.0
129 198 -206.0
129 199 -209.0
129 204 -193.0
129 208 -203.0
129 211 -193.0
129 225 -209.0
129 237 -203.0
129 238 -192.0
129 241 -196.0
129 243 -196.0
129 257 -204.0
129 259 -201.0
129 262 -191.0
129 283 -194.0
129 286 -200.0
129 298 -197.0
129 303 -196.0
129 305 -193.0
129 311 -201.0
129 313 -195.0
129 318 -201.0
129 321 -200.0
129 338 -201.0
129 339 -203.0
129 347 -198.0
129 350 -190.0
129 352 -199.0
129 354 -199.0
129 357 -204.0
129 358 -199.0
129 361 -196.0
129 362 -193.0
129 367 -189.0
129 375 -203.0
129 380 -192.0
129 381 -208.0
129 386 -199.0
129 389 -199.0
129 409 -205.0
129 410 -205.0
129 411 -197.0
129 416 -200.0
129 419 -197.0
129 423 -205.0
129 432 -200.0
129 435 -198.0
129 444 -198.0
129 450 -195.0
129 457 -201.0
129 461 -204.0
129 467 -196.0
129 473 -210.0
129 484 -190.0
129 488 -201.0
129 491 -208.0
129 494 -205.0
129 495 -202.0
129 497 -191.0
129 498 -201.0
129 499 -202.0
129 502 -197.0
129 503 -201.0
129 505 -193.0
129 507 -201.0
129 520 -203.0
129 521 -201.0
129 523 -199.0
129 526 -197.0
129 527 -195.0
129 529 -203.0
129 531 -201.0
129 535 -201.0
129 540 -191.0
129 548 -199.0
129 549 -202.0
129 551 -202.0
129 554 -194.0
129 558 -202.0
129 560 -198.0
129 562 -204.0
129 571 -196.0
129 573 -205.0
129 582 -196.0
129 584 -200.0
129 588 -194.0
129 595 -202.0
129 598 -202.0
129 612 -206.0
129 618 -200.0
129 619 -207.0
129 624 -196.0
129 628 -194.0
129 629 -190.0
129 632 -204.0
129 640 -205.0
130 133 -296.0
130 137 -309.0
130 155 -296.0
130 164 -199.0
130 171 -195.0
130 172 -191.0
130 175 -202.0
130 181 -211.0
130 187 -201.0
130 189 -195.0
130 193 -201.0
130 197 -204.0
130 198 -205.0
130 214 -192.0
130 222 -203.0
130 223 -200.0
130 224 -192.0
130 225 -203.0
130 234 -198.0
130 236 -207.0
130 258 -199.0
130 260 -197.0
130 262 -190.0
130 263 -193.0
130 264 -196.0
130 269 -201.0
130 275 -197.0
130 280 -204.0
130 281 -200.0
130 287 -205.0
130 291 -199.0
130 295 -196.0
130 296 -193.0
130 297 -195.0
130 298 -199.0
130 301 -199.0
130 305 -198.0
130 308 -209.0
130 317 -208.0
130 320 -200.0
130 322 -201.0
130 324 -203.0
130 334 -199.0
130 338 -192.0
130 340 -202.0
130 341 -201.0
130 355 -193.0
130 362 -199.0
130 364 -199.0
130 365 -198.0
130 373 -200.0
130 388 -195.0
130 391 -196.0
130 393 -200.0
130 396 -193.0
130 397 -204.0
130 399 -198.0
130 405 -199.0
130 410 -199.0
130 415 -209.0
130 417 -202.0
130 418 -201.0
130 422 -211.0
130 429 -199.0
130 437 -202.0
130 440 -208.0
130 450 -206.0
130 458 -204.0
130 462 -195.0
130 476 -199.0
130 479 -199.0
130 482 -195.0
130 483 -203.0
130 487 -198.0
130 488 -202.0
130 496 -201.0
130 509 -199.0
130 510 -194.0
130 511 -192.0
130 518 -201.0
130 519 -204.0
130 529 -205.0
130 532 -201.0
130 535 -208.0
130 537 -205.0
130 541 -203.0
130 552 -205.0
130 554 -189.0
130 557 -202.0
130 558 -192.0
130 560 -199.0
130 562 -185.0
130 568 -201.0
130 570 -194.0
130 571 -193.0
130 587 -203.0
130 588 -203.0
130 596 -206.0
130 598 -191.0
130 618 -200.0
130 620 -202.0
130 625 -203.0
130 628 -195.0
131 136 -306.0
131 137 -304.0
131 162 -195.0
131 166 -202.0
131 167 -202.0
131 168 -201.0
131 178 -204.0
131 182 -199.0
131 184 -204.0
131 188 -196.0
131 189 -194.0
131 193 -199.0
131 196 -203.0
131 202 -195.0
131 203 -211.0
131 224 -193.0
131 225 -200.0
131 236 -198.0
131 238 -202.0
131 241 -197.0
131 247 -204.0
131 249 -198.0
131 252 -189.0
131 256 -194.0
131 258 -197.0
131 261 -199.0
131 262 -197.0
131 265 -203.0
131 277 -204.0
131 283 -199.0
131 287 -197.0
131 289 -190.0
131 292 -198.0
131 294 -203.0
131 297 -208.0
131 303 -211.0
131 308 -196.0
131 313 -194.0
131 320 -197.0
131 327 -202.0
131 328 -194.0
131 335 -198.0
131 339 -194.0
131 349 -197.0
131 354 -197.0
131 357 -201.0
131 370 -198.0
131 377 -204.0
131 382 -198.0
131 393 -194.0
131 409 -190.0
131 416 -208.0
131 418 -200.0
131 426 -204.0
131 431 -197.0
131 435 -202.0
131 445 -203.0
131 449 -192.0
131 452 -199.0
131 470 -197.0
131 477 -195.0
131 479 -201.0
131 482 -203.0
131 495 -199.0
131 496 -204.0
131 497 -200.0
131 505 -207.0
131 509 -205.0
131 517 -192.0
131 519 -205.0
131 522 -197.0
131 523 -207.0
131 530 -210.0
131 538 -204.0
131 539 -200.0
131 544 -193.0
131 547 -202.0
131 549 -206.0
131 570 -206.0
131 572 -195.0
131 574 -203.0
131 579 -201.0
131 586 -204.0
131 593 -196.0
131 602 -196.0
131 603 -194.0
131 609 -199.0
131 610 -202.0
131 613 -195.0
131 616 -206.0
131 622 -190.0
131 625 -193.0
131 628 -203.0
131 631 -203.0
131 634 -200.0
131 639 -204.0
132 135 -296.0
132 136 -295.0
132 142 -296.0
132 146 -296.0
132 159 -297.0
132 160 -305.0
132 167 -212.0
132 173 -205.0
132 175 -194.0
132 178 -203.0
132 181 -209.0
132 191 -195.0
132 194 -203.0
132 208 -198.0
132 211 -197.0
132 214 -194.0
132 220 -212.0
132 226 -197.0
132 228 -200.0
132 229 -204.0
132 230 -204.0
132 238 -198.0
132 250 -197.0
132 256 -202.0
132 257 -202.0
132 258 -196.0
132 260 -196.0
132 261 -207.0
132 272 -190.0
132 275 -206.0
132 278 -198.0
132 282 -194.0
132 284 -198.0
132 288 -210.0
132 293 -202.0
132 301 -208.0
132 302 -194.0
132 304 -209.0
132 312 -193.0
132 313 -203.0
132 329 -204.0
132 334 -193.0
132 337 -193.0
132 346 -198.0
132 356 -214.0
132 364 -199.0
132 367 -199.0
132 377 -201.0
132 386 -207.0
132 394 -194.0
132 395 -205.0
132 400 -211.0
132 407 -200.0
132 408 -194.0
132 412 -200.0
132 420 -200.0
132 423 -195.0
132 431 -198.0
132 433 -200.0
132 435 -209.0
132 439 -204.0
132 442 -197.0
132 443 -208.0
132 446 -201.0
132 448 -203.0
132 449 -204.0
132 458 -197.0
132 462 -208.0
132 477 -199.0
132 478 -201.0
132 479 -204.0
132 494 -200.0
132 496 -203.0
132 498 -202.0
132 503 -205.0
132 507 -191.0
132 508 -197.0
132 510 -201.0
132 518 -192.0
132 525 -198.0
132 531 -200.0
132 532 -199.0
132 537 -203.0
132 545 -200.0
132 546 -206.0
132 548 -197.0
132 554 -196.0
132 557 -200.0
132 565 -195.0
132 568 -205.0
132 569 -205.0
132 577 -204.0
132 591 -195.0
132 597 -203.0
132 600 -194.0
132 601 -199.0
132 603 -203.0
132 611 -195.0
132 612 -201.0
132 614 -204.0
132 618 -188.0
132 619 -208.0
132 623 -199.0
132 628 -200.0
132 633 -203.0
132 637 -204.0
132 638 -208.0
133 136 -300.0
133 139 -304.0
133 140 -303.0
133 141 -305.0
133 148 -297.0
133 157 -302.0
133 158 -293.0
133 167 -205.0
133 174 -199.0
133 181 -188.0
133 184 -197.0
133 187 -195.0
133 189 -197.0
133 196 -193.0
133 201 -200.0
133 207 -198.0
133 208 -204.0
133 211 -203.0
133 214 -202.0
133 217 -207.0
133 218 -196.0
133 221 -204.0
133 226 -201.0
133 229 -201.0
133 232 -204.0
133 234 -194.0
133 249 -196.0
133 253 -203.0
133 257 -195.0
133 258 -190.0
133 267 -199.0
133 277 -202.0
133 286 -196.0
133 287 -196.0
133 296 -196.0
133 303 -207.0
133 305 -194.0
133 306 -200.0
133 311 -202.0
133 312 -196.0
133 317 -207.0
133 321 -200.0
133 340 -205.0
133 343 -194.0
133 346 -201.0
133 347 -209.0
133 348 -196.0
133 361 -197.0
133 362 -208.0
133 365 -182.0
133 369 -194.0
133 375 -200.0
133 376 -195.0
133 381 -199.0
133 387 -201.0
133 395 -207.0
133 397 -197.0
133 401 -196.0
133 402 -197.0
133 410 -199.0
133 428 -202.0
133 430 -204.0
133 441 -194.0
133 442 -204.0
133 445 -202.0
133 448 -197.0
133 458 -204.0
133 459 -200.0
133 467 -199.0
133 472 -203.0
133 475 -205.0
133 480 -207.0
133 485 -203.0
133 492 -196.0
133 493 -203.0
133 501 -198.0
133 503 -205.0
133 507 -202.0
133 509 -200.0
133 513 -203.0
133 527 -203.0
133 529 -195.0
133 533 -202.0
133 535 -197.0
133 544 -202.0
133 556 -204.0
133 558 -204.0
133 563 -199.0
133 575 -194.0
133 577 -197.0
133 578 -209.0
133 599 -195.0
133 601 -200.0
133 605 -202.0
133 606 -199.0
133 612 -200.0
133 614 -194.0
133 616 -197.0
133 617 -200.0
133 621 -196.0
133 625 -198.0
133 626 -204.0
133 627 -193.0
133 631 -192.0
133 633 -196.0
133 637 -197.0
133 638 -196.0
133 640 -203.0
134 136 -292.0
134 147 -293.0
134 148 -294.0
134 158 -300.0
134 159 -300.0
134 160 -301.0
134 165 -190.0
134 168 -206.0
134 171 -198.0
134 172 -201.0
134 177 -200.0
134 180 -211.0
134 181 -199.0
134 183 -197.0
134 204 -202.0
134 205 -209.0
134 207 -198.0
134 210 -202.0
134 212 -210.0
134 222 -198.0
134 223 -194.0
134 229 -197.0
134 234 -200.0
134 236 -204.0
134 237 -205.0
134 241 -199.0
134 244 -191.0
134 247 -192.0
134 262 -206.0
134 268 -211.0
134 279 -191.0
134 285 -194.0
134 294 -197.0
134 300 -190.0
134 303 -206.0
134 304 -196.0
134 308 -203.0
134 309 -203.0
134 312 -189.0
134 316 -197.0
134 324 -191.0
134 338 -204.0
134 339 -202.0
134 355 -204.0
134 365 -201.0
134 366 -194.0
134 367 -201.0
134 379 -211.0
134 402 -201.0
134 404 -205.0
134 416 -200.0
134 417 -199.0
134 421 -206.0
134 422 -198.0
134 424 -198.0
134 426 -199.0
134 430 -191.0
134 435 -201.0
134 439 -192.0
134 440 -195.0
134 449 -198.0
134 474 -192.0
134 487 -206.0
134 492 -201.0
134 505 -204.0
134 506 -196.0
134 514 -199.0
134 541 -208.0
134 546 -194.0
134 548 -198.0
134 553 -198.0
134 556 -192.0
134 557 -197.0
134 562 -214.0
134 567 -195.0
134 571 -197.0
134 580 -203.0
134 582 -194.0
134 583 -207.0
134 591 -196.0
134 593 -205.0
134 597 -209.0
134 599 -207.0
134 600 -192.0
134 606 -196.0
134 607 -202.0
134 612 -204.0
134 613 -209.0
134 615 -198.0
134 620 -190.0
134 626 -196.0
134 630 -193.0
134 631 -199.0
134 635 -197.0
135 137 -304.0
135 141 -298.0
135 142 -302.0
135 145 -299.0
135 151 -293.0
135 158 -298.0
135 165 -200.0
135 168 -208.0
135 170 -209.0
135 183 -203.0
135 190 -201.0
135 194 -205.0
135 200 -197.0
135 205 -202.0
135 206 -198.0
135 207 -201.0
135 211 -199.0
135 217 -204.0
135 223 -197.0
135 227 -204.0
135 231 -208.0
135 246 -199.0
135 247 -210.0
135 256 -197.0
135 258 -196.0
135 265 -199.0
135 273 -198.0
135 275 -200.0
135 276 -199.0
135 277 -201.0
135 279 -197.0
135 280 -195.0
135 286 -194.0
135 302 -200.0
135 304 -199.0
135 309 -204.0
135 310 -205.0
135 317 -197.0
135 318 -199.0
135 321 -208.0
135 323 -204.0
135 326 -194.0
135 332 -204.0
135 335 -206.0
135 339 -204.0
135 340 -194.0
135 350 -202.0
135 351 -202.0
135 356 -196.0
135 359 -192.0
135 362 -195.0
135 376 -197.0
135 378 -199.0
135 381 -206.0
135 388 -192.0
135 389 -195.0
135 393 -195.0
135 394 -205.0
135 395 -202.0
135 407 -198.0
135 412 -210.0
135 419 -207.0
135 428 -202.0
135 446 -202.0
135 447 -201.0
135 448 -195.0
135 453 -200.0
135 468 -207.0
135 469 -210.0
135 482 -183.0
135 488 -201.0
135 505 -197.0
135 510 -203.0
135 513 -200.0
135 518 -204.0
135 520 -199.0
135 522 -204.0
135 524 -199.0
135 533 -205.0
135 535 -206.0
135 561 -189.0
135 566 -196.0
135 568 -201.0
135 572 -206.0
135 575 -202.0
135 576 -196.0
135 578 -201.0
135 591 -208.0
135 595 -202.0
135 601 -199.0
135 602 -199.0
135 603 -206.0
135 606 -204.0
135 607 -209.0
135 619 -202.0
135 622 -199.0
135 623 -203.0
135 629 -208.0
135 635 -205.0
135 637 -194.0
136 138 -294.0
136 141 -293.0
136 143 -308.0
136 144 -305.0
136 146 -305.0
136 147 -307.0
136 151 -303.0
136 152 -299.0
136 161 -199.0
136 163 -200.0
136 166 -190.0
136 169 -205.0
136 173 -202.0
136 174 -201.0
136 182 -201.0
136 191 -200.0
136 192 -199.0
136 200 -205.0
136 206 -200.0
136 208 -201.0
136 209 -199.0
136 210 -193.0
136 211 -196.0
136 214 -210.0
136 218 -202.0
136 221 -194.0
136 234 -199.0
136 235 -197.0
136 237 -197.0
136 241 -200.0
136 242 -201.0
136 247 -200.0
136 248 -208.0
136 250 -202.0
136 251 -204.0
136 267 -190.0
136 275 -206.0
136 296 -202.0
136 302 -203.0
136 303 -198.0
136 309 -202.0
136 312 -204.0
136 314 -191.0
136 319 -189.0
136 329 -203.0
136 342 -195.0
136 348 -198.0
136 349 -202.0
136 352 -205.0
136 359 -205.0
136 365 -207.0
136 372 -193.0
136 374 -187.0
136 381 -203.0
136 382 -202.0
136 387 -193.0
136 397 -205.0
136 409 -203.0
136 410 -204.0
136 411 -194.0
136 415 -200.0
136 417 -197.0
136 424 -192.0
136 429 -198.0
136 436 -205.0
136 448 -197.0
136 449 -201.0
136 459 -190.0
136 460 -202.0
136 465 -197.0
136 468 -203.0
136 469 -205.0
136 470 -197.0
136 477 -208.0
136 482 -197.0
136 483 -202.0
136 491 -195.0
136 495 -200.0
136 499 -198.0
136 501 -193.0
136 506 -206.0
136 513 -200.0
136 514 -203.0
136 537 -203.0
136 539 -210.0
136 541 -210.0
136 542 -201.0
136 544 -202.0
136 547 -201.0
136 555 -204.0
136 556 -197.0
136 557 -196.0
136 559 -202.0
136 560 -200.0
136 572 -200.0
136 582 -192.0
136 588 -200.0
136 594 -195.0
136 598 -198.0
136 603 -195.0
136 606 -203.0
136 612 -209.0
136 614 -198.0
136 619 -200.0
136 621 -206.0
136 628 -198.0
136 631 -197.0
136 632 -200.0
136 636 -211.0
136 640 -202.0
137 138 -302.0
137 145 -294.0
137 146 -295.0
137 148 -297.0
137 159 -301.0
137 160 -302.0
137 162 -194.0
137 169 -203.0
137 178 -194.0
137 184 -199.0
137 186 -200.0
137 188 -192.0
137 194 -202.0
137 199 -200.0
137 200 -196.0
137 204 -211.0
137 209 -201.0
137 210 -198.0
137 213 -192.0
137 214 -208.0
137 216 -201.0
137 222 -202.0
137 225 -200.0
137 226 -204.0
137 235 -200.0
137 239 -203.0
137 247 -196.0
137 249 -194.0
137 252 -198.0
137 254 -206.0
137 261 -192.0
137 266 -191.0
137 280 -193.0
137 281 -195.0
137 295 -199.0
137 301 -199.0
137 303 -197.0
137 317 -196.0
137 318 -203.0
137 337 -192.0
137 344 -198.0
137 345 -204.0
137 348 -200.0
137 355 -213.0
137 362 -203.0
137 371 -204.0
137 373 -193.0
137 381 -197.0
137 387 -204.0
137 394 -200.0
137 419 -200.0
137 428 -192.0
137 430 -205.0
137 431 -205.0
137 435 -207.0
137 436 -201.0
137 441 -201.0
137 443 -200.0
137 445 -213.0
137 447 -196.0
137 450 -204.0
137 471 -204.0
137 472 -206.0
137 477 -204.0
137 478 -201.0
137 481 -193.0
137 482 -198.0
137 484 -202.0
137 485 -202.0
137 495 -200.0
137 508 -201.0
137 509 -206.0
137 519 -200.0
137 520 -202.0
137 527 -202.0
137 542 -205.0
137 545 -203.0
137 556 -204.0
137 561 -203.0
137 568 -198.0
137 579 -196.0
137 580 -202.0
137 583 -205.0
137 585 -202.0
137 587 -203.0
137 595 -208.0
137 599 -200.0
137 610 -201.0
137 613 -200.0
137 614 -195.0
137 621 -194.0
137 624 -199.0
137 629 -204.0
137 632 -196.0
137 638 -201.0
137 639 -204.0
138 145 -299.0
138 148 -299.0
138 151 -296.0
138 155 -291.0
138 161 -193.0
138 163 -202.0
138 169 -206.0
138 172 -194.0
138 173 -207.0
138 187 -195.0
138 191 -200.0
138 198 -205.0
138 206 -200.0
138 207 -190.0
138 209 -199.0
138 216 -197.0
138 220 -202.0
138 232 -191.0
138 234 -195.0
138 245 -198.0
138 248 -202.0
138 253 -197.0
138 255 -204.0
138 261 -203.0
138 263 -198.0
138 265 -199.0
138 267 -198.0
138 269 -196.0
138 271 -193.0
138 274 -201.0
138 276 -204.0
138 283 -197.0
138 285 -208.0
138 292 -195.0
138 296 -206.0
138 301 -195.0
138 303 -200.0
138 307 -194.0
138 308 -202.0
138 321 -210.0
138 324 -195.0
138 328 -201.0
138 337 -200.0
138 350 -194.0
138 358 -183.0
138 363 -201.0
138 364 -205.0
138 368 -200.0
138 374 -208.0
138 375 -193.0
138 388 -188.0
138 391 -211.0
138 402 -199.0
138 403 -195.0
138 407 -199.0
138 416 -199.0
138 430 -198.0
138 431 -203.0
138 441 -203.0
138 467 -202.0
138 472 -205.0
138 481 -196.0
138 485 -195.0
138 488 -196.0
138 490 -195.0
138 491 -205.0
138 494 -204.0
138 497 -194.0
138 503 -198.0
138 504 -204.0
138 508 -200.0
138 509 -199.0
138 529 -196.0
138 534 -203.0
138 543 -202.0
138 551 -204.0
138 552 -211.0
138 553 -204.0
138 570 -201.0
138 578 -197.0
138 592 -204.0
138 596 -195.0
138 599 -200.0
138 603 -205.0
138 611 -208.0
138 620 -202.0
138 625 -198.0
138 629 -195.0
138 630 -193.0
139 152 -300.0
139 155 -304.0
139 158 -297.0
139 161 -202.0
139 163 -201.0
139 171 -193.0
139 175 -194.0
139 176 -204.0
139 189 -198.0
139 195 -199.0
139 198 -193.0
139 206 -197.0
139 212 -200.0
139 215 -195.0
139 223 -200.0
139 224 -197.0
139 226 -197.0
139 229 -203.0
139 234 -199.0
139 241 -205.0
139 256 -201.0
139 260 -200.0
139 263 -205.0
139 265 -201.0
139 267 -206.0
139 280 -201.0
139 281 -201.0
139 286 -201.0
139 290 -189.0
139 304 -197.0
139 306 -196.0
139 315 -200.0
139 325 -207.0
139 333 -211.0
139 336 -208.0
139 354 -200.0
139 360 -203.0
139 362 -206.0
139 370 -201.0
139 374 -194.0
139 377 -200.0
139 380 -201.0
139 384 -200.0
139 390 -198.0
139 391 -197.0
139 396 -199.0
139 414 -206.0
139 420 -190.0
139 430 -202.0
139 443 -200.0
139 445 -207.0
139 448 -195.0
139 451 -204.0
139 456 -207.0
139 463 -202.0
139 475 -195.0
139 477 -202.0
139 478 -199.0
139 479 -202.0
139 480 -200.0
139 488 -187.0
139 494 -197.0
139 506 -196.0
139 508 -197.0
139 511 -194.0
139 512 -199.0
139 514 -200.0
139 525 -191.0
139 542 -203.0
139 548 -199.0
139 550 -198.0
139 552 -207.0
139 564 -198.0
139 565 -200.0
139 567 -204.0
139 574 -203.0
139 578 -187.0
139 589 -200.0
139 594 -195.0
139 595 -200.0
139 600 -199.0
139 610 -205.0
139 615 -206.0
139 616 -199.0
139 618 -202.0
139 621 -192.0
139 624 -187.0
139 626 -193.0
139 630 -200.0
139 632 -195.0
139 636 -202.0
140 154 -296.0
140 166 -194.0
140 167 -198.0
140 170 -192.0
140 180 -202.0
140 184 -202.0
140 189 -204.0
140 192 -201.0
140 198 -198.0
140 199 -202.0
140 203 -193.0
140 205 -205.0
140 222 -204.0
140 223 -207.0
140 227 -208.0
140 228 -194.0
140 235 -204.0
140 255 -194.0
140 269 -202.0
140 273 -195.0
140 275 -201.0
140 283 -191.0
140 292 -202.0
140 293 -204.0
140 299 -189.0
140 300 -201.0
140 302 -207.0
140 305 -204.0
140 308 -199.0
140 313 -195.0
140 318 -206.0
140 332 -199.0
140 333 -196.0
140 343 -201.0
140 348 -204.0
140 353 -193.0
140 359 -205.0
140 371 -195.0
140 373 -199.0
140 374 -204.0
140 376 -192.0
140 377 -200.0
140 383 -198.0
140 389 -202.0
140 393 -196.0
140 398 -189.0
140 430 -198.0
140 436 -195.0
140 438 -198.0
140 442 -201.0
140 453 -193.0
140 454 -196.0
140 463 -198.0
140 468 -197.0
140 470 -201.0
140 481 -204.0
140 483 -203.0
140 484 -206.0
140 485 -196.0
140 487 -197.0
140 488 -199.0
140 490 -198.0
140 491 -198.0
140 493 -190.0
140 498 -198.0
140 509 -203.0
140 515 -186.0
140 526 -201.0
140 544 -205.0
140 545 -202.0
140 546 -199.0
140 548 -205.0
140 551 -206.0
140 554 -199.0
140 558 -194.0
140 560 -205.0
140 564 -200.0
140 571 -207.0
140 575 -200.0
140 595 -201.0
140 599 -195.0
140 602 -198.0
140 608 -199.0
140 609 -200.0
140 625 -196.0
140 628 -197.0
141 153 -296.0
141 160 -301.0
141 169 -196.0
141 176 -195.0
141 179 -204.0
141 181 -191.0
141 189 -195.0
141 195 -201.0
141 196 -197.0
141 202 -205.0
141 215 -197.0
141 218 -199.0
141 226 -190.0
141 229 -193.0
141 237 -205.0
141 248 -196.0
141 249 -202.0
141 262 -201.0
141 263 -200.0
141 265 -206.0
141 269 -196.0
141 270 -204.0
141 273 -196.0
141 279 -201.0
141 280 -197.0
141 282 -198.0
141 293 -190.0
141 295 -204.0
141 296 -200.0
141 299 -200.0
141 300 -198.0
141 306 -192.0
141 317 -207.0
141 318 -200.0
141 328 -190.0
141 330 -197.0
141 331 -198.0
141 338 -193.0
141 349 -195.0
141 381 -204.0
141 384 -208.0
141 385 -198.0
141 395 -203.0
141 406 -202.0
141 409 -202.0
141 413 -199.0
141 416 -202.0
141 423 -201.0
141 424 -200.0
141 426 -197.0
141 428 -204.0
141 430 -200.0
141 433 -195.0
141 435 -199.0
141 438 -200.0
141 441 -196.0
141 443 -202.0
141 444 -196.0
141 446 -207.0
141 451 -185.0
141 452 -202.0
141 457 -191.0
141 464 -206.0
141 474 -197.0
141 475 -208.0
141 480 -188.0
141 481 -185.0
141 483 -196.0
141 486 -203.0
141 489 -198.0
141 491 -196.0
141 497 -202.0
141 502 -196.0
141 503 -197.0
141 506 -190.0
141 512 -188.0
141 514 -201.0
141 526 -199.0
141 542 -193.0
141 545 -203.0
141 550 -201.0
141 554 -197.0
141 556 -200.0
141 561 -197.0
141 568 -194.0
141 569 -205.0
141 585 -195.0
141 588 -208.0
141 590 -200.0
141 602 -202.0
141 607 -204.0
141 609 -204.0
141 612 -201.0
141 614 -210.0
141 621 -204.0
141 626 -200.0
141 628 -202.0
141 634 -198.0
141 639 -201.0
142 145 -297.0
142 152 -306.0
142 158 -300.0
142 161 -195.0
142 163 -196.0
142 164 -199.0
142 174 -199.0
142 177 -195.0
142 183 -210.0
142 189 -206.0
142 195 -201.0
142 219 -207.0
142 224 -196.0
142 226 -190.0
142 232 -202.0
142 234 -201.0
142 246 -206.0
142 250 -197.0
142 253 -198.0
142 258 -202.0
142 265 -200.0
142 266 -200.0
142 267 -194.0
142 275 -199.0
142 282 -197.0
142 288 -202.0
142 289 -202.0
142 291 -189.0
142 295 -198.0
142 298 -187.0
142 306 -197.0
142 308 -193.0
142 318 -194.0
142 319 -204.0
142 322 -204.0
142 326 -193.0
142 330 -197.0
142 341 -199.0
142 344 -200.0
142 347 -204.0
142 356 -198.0
142 365 -197.0
142 366 -196.0
142 368 -201.0
142 370 -197.0
142 372 -197.0
142 373 -202.0
142 382 -201.0
142 383 -201.0
142 399 -195.0
142 412 -200.0
142 417 -190.0
142 420 -201.0
142 426 -199.0
142 431 -198.0
142 432 -205.0
142 443 -203.0
142 447 -197.0
142 459 -197.0
142 460 -202.0
142 461 -202.0
142 462 -198.0
142 472 -200.0
142 473 -200.0
142 479 -197.0
142 484 -207.0
142 488 -201.0
142 502 -195.0
142 503 -195.0
142 504 -195.0
142 507 -196.0
142 509 -205.0
142 510 -184.0
142 513 -210.0
142 515 -192.0
142 518 -210.0
142 519 -202.0
142 521 -197.0
142 535 -202.0
142 536 -200.0
142 537 -203.0
142 539 -201.0
142 540 -195.0
142 546 -191.0
142 556 -198.0
142 566 -195.0
142 567 -208.0
142 573 -200.0
142 574 -205.0
142 577 -202.0
142 579 -209.0
142 580 -191.0
142 582 -198.0
142 583 -200.0
142 586 -202.0
142 590 -194.0
142 592 -198.0
142 594 -209.0
142 596 -204.0
142 601 -192.0
142 603 -203.0
142 620 -201.0
142 627 -199.0
142 628 -199.0
142 630 -196.0
142 634 -193.0
143 145 -309.0
143 149 -298.0
143 152 -303.0
143 155 -292.0
143 157 -294.0
143 161 -199.0
143 163 -197.0
143 174 -192.0
143 176 -187.0
143 178 -197.0
143 185 -195.0
143 188 -191.0
143 194 -198.0
143 210 -192.0
143 212 -192.0
143 226 -193.0
143 227 -212.0
143 235 -203.0
143 237 -196.0
143 239 -198.0
143 242 -197.0
143 246 -196.0
143 259 -195.0
143 261 -193.0
143 270 -196.0
143 277 -206.0
143 280 -200.0
143 294 -197.0
143 297 -191.0
143 299 -201.0
143 300 -194.0
143 301 -208.0
143 304 -196.0
143 308 -195.0
143 320 -194.0
143 323 -204.0
143 328 -205.0
143 334 -202.0
143 340 -204.0
143 350 -200.0
143 358 -197.0
143 363 -199.0
143 365 -196.0
143 377 -200.0
143 385 -200.0
143 386 -201.0
143 387 -210.0
143 392 -197.0
143 394 -202.0
143 396 -201.0
143 404 -199.0
143 410 -204.0
143 413 -200.0
143 418 -194.0
143 419 -202.0
143 420 -191.0
143 425 -195.0
143 429 -205.0
143 430 -198.0
143 432 -197.0
143 433 -197.0
143 442 -194.0
143 460 -196.0
143 465 -205.0
143 477 -201.0
143 491 -192.0
143 494 -191.0
143 496 -207.0
143 508 -189.0
143 514 -203.0
143 517 -207.0
143 523 -198.0
143 524 -206.0
143 525 -201.0
143 536 -195.0
143 539 -214.0
143 540 -209.0
143 543 -192.0
143 544 -202.0
143 553 -200.0
143 560 -207.0
143 569 -209.0
143 571 -194.0
143 573 -197.0
143 589 -187.0
143 606 -201.0
143 609 -197.0
143 614 -191.0
143 617 -196.0
143 618 -201.0
143 619 -202.0
143 623 -200.0
143 629 -197.0
143 633 -209.0
143 637 -195.0
144 156 -296.0
144 173 -203.0
144 175 -196.0
144 178 -196.0
144 181 -189.0
144 182 -195.0
144 184 -193.0
144 190 -203.0
144 196 -203.0
144 197 -207.0
144 202 -210.0
144 203 -195.0
144 205 -202.0
144 209 -202.0
144 210 -202.0
144 212 -196.0
144 216 -201.0
144 217 -206.0
144 228 -202.0
144 232 -194.0
144 237 -196.0
144 245 -204.0
144 247 -205.0
144 257 -200.0
144 259 -189.0
144 270 -198.0
144 274 -195.0
144 275 -204.0
144 279 -202.0
144 281 -209.0
144 283 -195.0
144 295 -192.0
144 298 -205.0
144 300 -199.0
144 303 -201.0
144 313 -205.0
144 314 -193.0
144 317 -193.0
144 336 -203.0
144 343 -205.0
144 346 -193.0
144 349 -201.0
144 350 -212.0
144 351 -202.0
144 352 -208.0
144 357 -198.0
144 360 -203.0
144 378 -195.0
144 383 -192.0
144 393 -200.0
144 395 -204.0
144 399 -194.0
144 403 -188.0
144 405 -210.0
144 407 -207.0
144 416 -203.0
144 417 -197.0
144 421 -198.0
144 425 -211.0
144 430 -197.0
144 435 -202.0
144 443 -203.0
144 445 -205.0
144 447 -199.0
144 452 -204.0
144 461 -198.0
144 471 -203.0
144 473 -196.0
144 477 -203.0
144 478 -206.0
144 482 -197.0
144 489 -199.0
144 492 -205.0
144 495 -191.0
144 511 -196.0
144 530 -208.0
144 532 -200.0
144 541 -193.0
144 543 -196.0
144 545 -202.0
144 547 -194.0
144 552 -197.0
144 554 -206.0
144 561 -188.0
144 571 -200.0
144 578 -191.0
144 580 -199.0
144 584 -197.0
144 585 -199.0
144 591 -210.0
144 606 -202.0
144 615 -188.0
144 619 -208.0
144 620 -197.0
144 626 -201.0
144 630 -204.0
144 635 -195.0
144 637 -197.0
144 640 -196.0
145 146 -304.0
145 147 -295.0
145 152 -310.0
145 154 -292.0
145 160 -304.0
145 165 -199.0
145 180 -189.0
145 189 -190.0
145 192 -200.0
145 194 -197.0
145 197 -199.0
145 199 -184.0
145 203 -197.0
145 204 -207.0
145 207 -196.0
145 210 -197.0
145 211 -203.0
145 213 -195.0
145 216 -207.0
145 229 -197.0
145 235 -200.0
145 248 -203.0
145 261 -190.0
145 263 -197.0
145 271 -197.0
145 273 -205.0
145 274 -206.0
145 277 -200.0
145 278 -203.0
145 284 -197.0
145 287 -192.0
145 299 -200.0
145 311 -197.0
145 313 -197.0
145 324 -199.0
145 327 -198.0
145 337 -205.0
145 341 -206.0
145 342 -202.0
145 347 -199.0
145 352 -198.0
145 358 -195.0
145 363 -197.0
145 364 -192.0
145 371 -197.0
145 381 -203.0
145 383 -208.0
145 384 -203.0
145 389 -197.0
145 393 -192.0
145 396 -201.0
145 399 -200.0
145 400 -200.0
145 403 -201.0
145 404 -209.0
145 406 -195.0
145 411 -195.0
145 417 -197.0
145 421 -199.0
145 424 -204.0
145 436 -192.0
145 438 -203.0
145 440 -207.0
145 451 -199.0
145 456 -203.0
145 459 -199.0
145 460 -204.0
145 471 -199.0
145 472 -190.0
145 474 -204.0
145 478 -203.0
145 479 -197.0
145 492 -208.0
145 494 -200.0
145 495 -193.0
145 515 -195.0
145 518 -192.0
145 521 -194.0
145 524 -203.0
145 528 -201.0
145 534 -209.0
145 537 -200.0
145 544 -196.0
145 550 -195.0
145 553 -202.0
145 559 -198.0
145 566 -206.0
145 568 -196.0
145 578 -202.0
145 581 -192.0
145 583 -203.0
145 588 -207.0
145 589 -194.0
145 590 -196.0
145 591 -196.0
145 593 -192.0
145 596 -196.0
145 602 -199.0
145 634 -200.0
145 636 -200.0
145 638 -198.0
146 151 -308.0
146 161 -205.0
146 163 -203.0
146 164 -205.0
146 170 -204.0
146 174 -197.0
146 181 -199.0
146 186 -201.0
146 187 -205.0
146 190 -207.0
146 191 -198.0
146 193 -199.0
146 194 -199.0
146 201 -203.0
146 202 -198.0
146 220 -192.0
146 222 -196.0
146 229 -207.0
146 233 -205.0
146 234 -202.0
146 237 -195.0
146 238 -197.0
146 242 -199.0
146 247 -202.0
146 251 -199.0
146 254 -200.0
146 266 -206.0
146 277 -197.0
146 279 -202.0
146 280 -197.0
146 285 -196.0
146 289 -205.0
146 290 -198.0
146 291 -206.0
146 292 -192.0
146 293 -197.0
146 300 -196.0
146 301 -196.0
146 306 -205.0
146 318 -197.0
146 323 -206.0
146 333 -195.0
146 335 -204.0
146 337 -200.0
146 347 -198.0
146 354 -207.0
146 356 -181.0
146 361 -192.0
146 371 -204.0
146 372 -194.0
146 373 -194.0
146 374 -204.0
146 382 -189.0
146 389 -202.0
146 395 -196.0
146 409 -202.0
146 417 -203.0
146 425 -200.0
146 428 -198.0
146 432 -201.0
146 434 -199.0
146 440 -192.0
146 447 -199.0
146 453 -192.0
146 466 -195.0
146 470 -199.0
146 475 -202.0
146 482 -198.0
146 485 -198.0
146 487 -197.0
146 489 -197.0
146 492 -198.0
146 496 -195.0
146 504 -202.0
146 511 -208.0
146 513 -201.0
146 519 -203.0
146 524 -197.0
146 526 -201.0
146 532 -206.0
146 536 -202.0
146 562 -205.0
146 564 -203.0
146 566 -201.0
146 571 -200.0
146 576 -204.0
146 579 -206.0
146 581 -200.0
146 584 -206.0
146 592 -197.0
146 596 -197.0
146 602 -196.0
146 605 -196.0
146 609 -203.0
146 617 -207.0
146 618 -193.0
146 620 -198.0
146 621 -202.0
146 626 -202.0
146 628 -201.0
146 639 -203.0
147 149 -307.0
147 155 -298.0
147 165 -206.0
147 176 -203.0
147 185 -201.0
147 186 -209.0
147 188 -196.0
147 189 -205.0
147 191 -185.0
147 193 -205.0
147 195 -215.0
147 202 -200.0
147 205 -198.0
147 210 -203.0
147 215 -185.0
147 216 -196.0
147 225 -200.0
147 227 -198.0
147 238 -199.0
147 247 -190.0
147 248 -206.0
147 250 -200.0
147 252 -197.0
147 256 -199.0
147 263 -184.0
147 280 -190.0
147 288 -211.0
147 299 -207.0
147 301 -198.0
147 309 -195.0
147 314 -193.0
147 321 -202.0
147 329 -208.0
147 330 -195.0
147 333 -202.0
147 340 -197.0
147 348 -195.0
147 349 -201.0
147 353 -199.0
147 354 -198.0
147 357 -197.0
147 365 -196.0
147 368 -197.0
147 373 -191.0
147 375 -210.0
147 377 -200.0
147 397 -202.0
147 401 -204.0
147 405 -196.0
147 408 -201.0
147 413 -199.0
147 414 -207.0
147 416 -195.0
147 417 -192.0
147 423 -195.0
147 432 -197.0
147 434 -197.0
147 435 -199.0
147 446 -201.0
147 450 -185.0
147 459 -195.0
147 460 -194.0
147 461 -200.0
147 479 -194.0
147 485 -207.0
147 487 -209.0
147 502 -197.0
147 507 -199.0
147 509 -202.0
147 514 -202.0
147 515 -204.0
147 519 -199.0
147 520 -200.0
147 522 -198.0
147 525 -205.0
147 526 -198.0
147 529 -193.0
147 534 -194.0
147 535 -200.0
147 551 -192.0
147 556 -187.0
147 563 -204.0
147 565 -200.0
147 579 -213.0
147 582 -189.0
147 584 -210.0
147 585 -193.0
147 592 -187.0
147 597 -199.0
147 598 -199.0
147 599 -198.0
147 600 -200.0
147 605 -203.0
147 612 -196.0
147 613 -200.0
147 615 -195.0
147 618 -201.0
147 619 -197.0
147 620 -195.0
147 625 -203.0
147 631 -202.0
147 637 -203.0
148 161 -197.0
148 162 -197.0
148 163 -187.0
148 170 -194.0
148 179 -197.0
148 185 -195.0
148 201 -200.0
148 211 -202.0
148 212 -199.0
148 214 -198.0
148 218 -197.0
148 223 -195.0
148 224 -197.0
148 225 -197.0
148 232 -191.0
148 238 -197.0
148 245 -203.0
148 248 -208.0
148 251 -193.0
148 255 -204.0
148 258 -198.0
148 259 -201.0
148 262 -196.0
148 269 -203.0
148 271 -199.0
148 289 -203.0
148 291 -193.0
148 293 -195.0
148 300 -197.0
148 312 -192.0
148 316 -192.0
148 318 -189.0
148 323 -204.0
148 328 -201.0
148 332 -202.0
148 339 -194.0
148 340 -198.0
148 344 -201.0
148 345 -197.0
148 348 -193.0
148 351 -197.0
148 352 -197.0
148 355 -207.0
148 363 -200.0
148 365 -203.0
148 379 -200.0
148 380 -201.0
148 381 -196.0
148 382 -202.0
148 388 -204.0
148 390 -207.0
148 396 -197.0
148 399 -200.0
148 408 -204.0
148 410 -192.0
148 414 -204.0
148 416 -207.0
148 417 -194.0
148 419 -194.0
148 437 -192.0
148 440 -200.0
148 454 -201.0
148 455 -198.0
148 458 -200.0
148 464 -201.0
148 468 -196.0
148 471 -210.0
148 480 -201.0
148 495 -207.0
148 502 -199.0
148 503 -196.0
148 505 -212.0
148 514 -205.0
148 531 -210.0
148 542 -204.0
148 555 -202.0
148 559 -204.0
148 561 -193.0
148 565 -199.0
148 566 -199.0
148 569 -199.0
148 575 -197.0
148 579 -197.0
148 580 -208.0
148 591 -205.0
148 592 -197.0
148 595 -212.0
148 597 -190.0
148 598 -204.0
148 605 -196.0
148 617 -197.0
148 618 -204.0
148 625 -193.0
149 155 -307.0
149 157 -302.0
149 158 -295.0
149 159 -304.0
149 160 -303.0
149 162 -199.0
149 185 -200.0
149 191 -199.0
149 194 -203.0
149 197 -207.0
149 205 -194.0
149 206 -196.0
149 209 -196.0
149 219 -206.0
149 222 -199.0
149 226 -200.0
149 229 -200.0
149 230 -206.0
149 241 -193.0
149 251 -197.0
149 252 -198.0
149 274 -198.0
149 279 -192.0
149 292 -193.0
149 296 -201.0
149 300 -197.0
149 301 -204.0
149 304 -197.0
149 313 -198.0
149 318 -200.0
149 319 -197.0
149 322 -200.0
149 326 -194.0
149 334 -191.0
149 339 -190.0
149 340 -203.0
149 357 -204.0
149 365 -194.0
149 367 -203.0
149 374 -197.0
149 385 -203.0
149 403 -204.0
149 412 -201.0
149 413 -191.0
149 418 -195.0
149 430 -189.0
149 436 -192.0
149 451 -203.0
149 459 -196.0
149 463 -193.0
149 469 -204.0
149 476 -192.0
149 478 -204.0
149 481 -205.0
149 487 -205.0
149 499 -203.0
149 517 -194.0
149 522 -192.0
149 524 -192.0
149 531 -203.0
149 536 -199.0
149 543 -202.0
149 546 -195.0
149 547 -200.0
149 550 -202.0
149 552 -199.0
149 562 -196.0
149 563 -201.0
149 571 -197.0
149 581 -205.0
149 586 -204.0
149 590 -202.0
149 593 -193.0
149 594 -195.0
149 597 -207.0
149 599 -190.0
149 600 -197.0
149 601 -203.0
149 602 -204.0
149 608 -196.0
149 611 -202.0
149 627 -184.0
149 631 -195.0
149 632 -198.0
149 636 -200.0
149 639 -200.0
150 153 -308.0
150 157 -302.0
150 169 -194.0
150 174 -197.0
150 180 -202.0
150 185 -199.0
150 187 -201.0
150 197 -192.0
150 205 -200.0
150 207 -199.0
150 216 -190.0
150 222 -198.0
150 234 -206.0
150 238 -209.0
150 247 -202.0
150 256 -185.0
150 264 -191.0
150 267 -207.0
150 270 -197.0
150 280 -204.0
150 283 -200.0
150 284 -205.0
150 292 -198.0
150 293 -194.0
150 296 -200.0
150 305 -202.0
150 314 -202.0
150 319 -198.0
150 323 -202.0
150 326 -195.0
150 342 -197.0
150 343 -199.0
150 346 -196.0
150 351 -197.0
150 353 -208.0
150 357 -188.0
150 361 -198.0
150 366 -197.0
150 367 -201.0
150 371 -209.0
150 382 -200.0
150 387 -191.0
150 388 -199.0
150 390 -198.0
150 395 -201.0
150 396 -197.0
150 402 -203.0
150 403 -198.0
150 404 -200.0
150 407 -194.0
150 421 -201.0
150 427 -206.0
150 428 -196.0
150 430 -189.0
150 433 -208.0
150 436 -204.0
150 437 -204.0
150 439 -199.0
150 443 -200.0
150 449 -201.0
150 452 -205.0
150 455 -188.0
150 467 -195.0
150 469 -194.0
150 470 -204.0
150 482 -213.0
150 485 -197.0
150 488 -196.0
150 492 -205.0
150 498 -201.0
150 500 -198.0
150 505 -204.0
150 506 -200.0
150 508 -198.0
150 513 -200.0
150 515 -200.0
150 518 -192.0
150 525 -196.0
150 529 -194.0
150 533 -196.0
150 541 -199.0
150 543 -195.0
150 562 -204.0
150 563 -200.0
150 570 -205.0
150 573 -193.0
150 577 -201.0
150 578 -197.0
150 579 -201.0
150 585 -197.0
150 598 -199.0
150 600 -200.0
150 602 -196.0
150 603 -203.0
150 606 -204.0
150 607 -202.0
150 613 -203.0
150 614 -197.0
150 621 -200.0
150 628 -203.0
150 630 -201.0
150 640 -196.0
151 156 -294.0
151 162 -199.0
151 163 -206.0
151 165 -198.0
151 166 -187.0
151 167 -198.0
151 168 -208.0
151 177 -206.0
151 190 -203.0
151 194 -201.0
151 202 -197.0
151 204 -200.0
151 217 -195.0
151 219 -204.0
151 224 -204.0
151 239 -200.0
151 242 -203.0
151 243 -200.0
151 244 -203.0
151 249 -202.0
151 252 -193.0
151 260 -204.0
151 266 -206.0
151 277 -203.0
151 279 -199.0
151 284 -198.0
151 292 -197.0
151 293 -198.0
151 301 -202.0
151 302 -199.0
151 303 -198.0
151 306 -199.0
151 310 -191.0
151 311 -198.0
151 313 -201.0
151 317 -192.0
151 341 -196.0
151 343 -201.0
151 356 -198.0
151 364 -194.0
151 380 -199.0
151 395 -196.0
151 396 -204.0
151 398 -197.0
151 407 -199.0
151 416 -201.0
151 417 -200.0
151 421 -198.0
151 437 -206.0
151 439 -201.0
151 441 -208.0
151 443 -202.0
151 447 -202.0
151 452 -207.0
151 458 -205.0
151 462 -200.0
151 463 -197.0
151 484 -192.0
151 499 -200.0
151 504 -195.0
151 506 -197.0
151 512 -200.0
151 523 -199.0
151 526 -206.0
151 539 -201.0
151 543 -200.0
151 547 -196.0
151 549 -200.0
151 550 -196.0
151 556 -205.0
151 557 -193.0
151 558 -195.0
151 559 -191.0
151 561 -202.0
151 562 -206.0
151 565 -194.0
151 568 -198.0
151 576 -210.0
151 580 -200.0
151 581 -204.0
151 586 -201.0
151 594 -199.0
151 598 -191.0
151 607 -195.0
151 610 -199.0
151 613 -204.0
151 616 -198.0
151 618 -201.0
151 621 -207.0
151 623 -198.0
151 629 -204.0
151 633 -198.0
152 153 -297.0
152 154 -304.0
152 166 -206.0
152 172 -201.0
152 174 -198.0
152 181 -193.0
152 190 -199.0
152 206 -204.0
152 211 -193.0
152 212 -198.0
152 225 -192.0
152 230 -203.0
152 234 -197.0
152 240 -191.0
152 242 -201.0
152 248 -199.0
152 265 -194.0
152 279 -196.0
152 282 -207.0
152 291 -200.0
152 300 -206.0
152 301 -197.0
152 302 -194.0
152 303 -197.0
152 309 -205.0
152 310 -198.0
152 311 -195.0
152 316 -200.0
152 326 -205.0
152 336 -210.0
152 340 -197.0
152 341 -199.0
152 349 -196.0
152 357 -204.0
152 360 -201.0
152 367 -200.0
152 373 -194.0
152 376 -194.0
152 380 -201.0
152 382 -200.0
152 384 -205.0
152 387 -204.0
152 391 -203.0
152 395 -200.0
152 397 -209.0
152 404 -196.0
152 406 -203.0
152 408 -202.0
152 410 -202.0
152 413 -190.0
152 417 -199.0
152 418 -207.0
152 421 -203.0
152 427 -206.0
152 430 -198.0
152 448 -207.0
152 453 -197.0
152 455 -203.0
152 461 -196.0
152 463 -200.0
152 467 -202.0
152 468 -196.0
152 469 -204.0
152 470 -213.0
152 475 -198.0
152 480 -200.0
152 485 -197.0
152 490 -198.0
152 506 -189.0
152 507 -192.0
152 522 -196.0
152 529 -202.0
152 540 -198.0
152 546 -201.0
152 548 -204.0
152 554 -200.0
152 557 -203.0
152 560 -190.0
152 561 -195.0
152 565 -209.0
152 567 -207.0
152 569 -200.0
152 577 -196.0
152 585 -196.0
152 586 -188.0
152 587 -199.0
152 589 -203.0
152 590 -204.0
152 591 -195.0
152 595 -199.0
152 598 -206.0
152 600 -207.0
152 604 -210.0
152 605 -203.0
152 632 -203.0
152 637 -195.0
152 638 -199.0
153 159 -296.0
153 165 -193.0
153 166 -196.0
153 169 -204.0
153 174 -202.0
153 181 -202.0
153 188 -196.0
153 189 -198.0
153 205 -205.0
153 212 -201.0
153 224 -202.0
153 236 -194.0
153 244 -205.0
153 249 -198.0
153 252 -202.0
153 255 -199.0
153 259 -198.0
153 265 -200.0
153 267 -203.0
153 270 -205.0
153 277 -204.0
153 280 -197.0
153 286 -197.0
153 287 -199.0
153 296 -206.0
153 297 -202.0
153 298 -201.0
153 308 -206.0
153 330 -197.0
153 333 -200.0
153 335 -196.0
153 337 -193.0
153 353 -196.0
153 356 -194.0
153 364 -196.0
153 365 -202.0
153 370 -203.0
153 371 -197.0
153 379 -197.0
153 384 -203.0
153 390 -199.0
153 392 -196.0
153 400 -204.0
153 404 -196.0
153 409 -204.0
153 412 -193.0
153 414 -190.0
153 419 -198.0
153 424 -200.0
153 425 -203.0
153 432 -197.0
153 433 -202.0
153 448 -209.0
153 451 -198.0
153 452 -196.0
153 461 -194.0
153 463 -194.0
153 464 -196.0
153 465 -201.0
153 468 -200.0
153 476 -197.0
153 495 -201.0
153 500 -192.0
153 504 -205.0
153 505 -192.0
153 507 -206.0
153 510 -196.0
153 511 -206.0
153 512 -194.0
153 516 -207.0
153 523 -206.0
153 524 -198.0
153 525 -200.0
153 526 -204.0
153 527 -202.0
153 528 -201.0
153 537 -197.0
153 549 -201.0
153 550 -199.0
153 563 -198.0
153 564 -194.0
153 567 -196.0
153 568 -204.0
153 569 -195.0
153 579 -204.0
153 588 -202.0
153 596 -203.0
153 599 -202.0
153 606 -196.0
153 615 -204.0
153 628 -199.0
153 635 -197.0
153 639 -203.0
153 640 -194.0
154 155 -301.0
154 157 -303.0
154 158 -312.0
154 179 -189.0
154 181 -203.0
154 183 -203.0
154 197 -201.0
154 204 -199.0
154 209 -198.0
154 216 -201.0
154 218 -203.0
154 224 -196.0
154 227 -195.0
154 237 -201.0
154 241 -200.0
154 242 -193.0
154 255 -203.0
154 262 -197.0
154 268 -204.0
154 291 -196.0
154 295 -200.0
154 297 -205.0
154 306 -197.0
154 308 -195.0
154 317 -207.0
154 325 -191.0
154 336 -204.0
154 339 -203.0
154 348 -192.0
154 361 -196.0
154 364 -205.0
154 386 -196.0
154 388 -198.0
154 393 -191.0
154 395 -201.0
154 400 -187.0
154 404 -201.0
154 423 -197.0
154 425 -201.0
154 435 -197.0
154 446 -209.0
154 447 -205.0
154 449 -203.0
154 457 -208.0
154 458 -210.0
154 463 -196.0
154 468 -199.0
154 473 -196.0
154 478 -203.0
154 480 -203.0
154 482 -205.0
154 489 -202.0
154 493 -210.0
154 500 -198.0
154 502 -189.0
154 510 -197.0
154 512 -203.0
154 515 -199.0
154 538 -197.0
154 539 -194.0
154 546 -200.0
154 551 -201.0
154 557 -204.0
154 559 -199.0
154 564 -202.0
154 568 -199.0
154 573 -201.0
154 577 -209.0
154 579 -194.0
154 580 -201.0
154 590 -191.0
154 592 -205.0
154 600 -202.0
154 604 -193.0
154 610 -204.0
154 615 -196.0
154 617 -199.0
154 620 -208.0
154 621 -203.0
154 628 -204.0
154 636 -197.0
154 637 -202.0
155 157 -292.0
155 159 -304.0
155 162 -204.0
155 168 -190.0
155 169 -207.0
155 172 -201.0
155 183 -203.0
155 198 -194.0
155 199 -198.0
155 202 -205.0
155 203 -195.0
155 205 -196.0
155 212 -201.0
155 220 -205.0
155 224 -190.0
155 230 -211.0
155 238 -199.0
155 247 -201.0
155 248 -199.0
155 253 -195.0
155 258 -197.0
155 263 -196.0
155 266 -204.0
155 267 -198.0
155 282 -203.0
155 284 -198.0
155 286 -198.0
155 290 -195.0
155 297 -200.0
155 313 -212.0
155 318 -205.0
155 329 -202.0
155 331 -188.0
155 336 -205.0
155 340 -192.0
155 342 -194.0
155 347 -198.0
155 354 -195.0
155 356 -194.0
155 361 -206.0
155 363 -209.0
155 364 -204.0
155 371 -206.0
155 375 -208.0
155 378 -201.0
155 380 -202.0
155 386 -196.0
155 388 -197.0
155 393 -202.0
155 394 -198.0
155 396 -205.0
155 400 -198.0
155 406 -195.0
155 409 -199.0
155 410 -202.0
155 413 -197.0
155 415 -193.0
155 420 -203.0
155 424 -194.0
155 430 -201.0
155 438 -199.0
155 451 -198.0
155 457 -199.0
155 458 -199.0
155 459 -196.0
155 465 -202.0
155 466 -200.0
155 479 -198.0
155 481 -188.0
155 487 -206.0
155 491 -201.0
155 503 -199.0
155 509 -203.0
155 520 -196.0
155 523 -201.0
155 524 -204.0
155 534 -197.0
155 541 -203.0
155 543 -204.0
155 545 -198.0
155 546 -200.0
155 551 -192.0
155 552 -197.0
155 557 -201.0
155 559 -202.0
155 564 -191.0
155 566 -206.0
155 571 -194.0
155 572 -204.0
155 577 -201.0
155 580 -198.0
155 594 -200.0
155 606 -199.0
155 624 -197.0
155 625 -203.0
156 170 -191.0
156 171 -206.0
156 175 -199.0
156 177 -203.0
156 181 -198.0
156 184 -195.0
156 188 -198.0
156 190 -197.0
156 198 -203.0
156 199 -203.0
156 200 -199.0
156 205 -202.0
156 212 -193.0
156 213 -195.0
156 232 -208.0
156 233 -198.0
156 236 -202.0
156 237 -191.0
156 240 -197.0
156 253 -199.0
156 259 -185.0
156 263 -216.0
156 264 -201.0
156 266 -203.0
156 268 -196.0
156 269 -205.0
156 270 -200.0
156 275 -195.0
156 276 -200.0
156 281 -201.0
156 287 -206.0
156 292 -206.0
156 308 -201.0
156 316 -201.0
156 317 -197.0
156 332 -204.0
156 334 -202.0
156 336 -196.0
156 341 -204.0
156 344 -208.0
156 349 -196.0
156 355 -200.0
156 357 -206.0
156 358 -205.0
156 363 -195.0
156 365 -205.0
156 366 -197.0
156 368 -205.0
156 377 -198.0
156 384 -190.0
156 391 -199.0
156 392 -197.0
156 394 -196.0
156 412 -195.0
156 413 -188.0
156 422 -195.0
156 430 -201.0
156 433 -195.0
156 436 -204.0
156 437 -193.0
156 442 -210.0
156 444 -195.0
156 445 -205.0
156 448 -212.0
156 452 -203.0
156 455 -199.0
156 465 -207.0
156 466 -200.0
156 472 -200.0
156 478 -208.0
156 480 -198.0
156 482 -186.0
156 484 -199.0
156 488 -204.0
156 502 -210.0
156 507 -197.0
156 510 -204.0
156 519 -198.0
156 524 -201.0
156 525 -200.0
156 527 -194.0
156 528 -205.0
156 536 -191.0
156 540 -194.0
156 549 -198.0
156 557 -203.0
156 560 -194.0
156 562 -199.0
156 566 -206.0
156 572 -197.0
156 573 -199.0
156 578 -206.0
156 583 -203.0
156 584 -211.0
156 587 -195.0
156 595 -199.0
156 597 -199.0
156 598 -199.0
156 600 -197.0
156 601 -200.0
156 616 -198.0
156 619 -200.0
156 630 -194.0
156 632 -201.0
157 159 -307.0
157 167 -200.0
157 183 -203.0
157 188 -201.0
157 202 -207.0
157 208 -196.0
157 222 -201.0
157 224 -204.0
157 231 -201.0
157 232 -203.0
157 236 -201.0
157 243 -201.0
157 244 -194.0
157 247 -203.0
157 250 -202.0
157 253 -206.0
157 264 -202.0
157 271 -201.0
157 272 -199.0
157 275 -201.0
157 286 -201.0
157 293 -198.0
157 295 -194.0
157 302 -201.0
157 316 -204.0
157 321 -188.0
157 327 -206.0
157 328 -206.0
157 332 -203.0
157 339 -190.0
157 342 -206.0
157 345 -203.0
157 359 -197.0
157 363 -195.0
157 365 -193.0
157 366 -191.0
157 379 -201.0
157 381 -205.0
157 389 -197.0
157 393 -195.0
157 404 -208.0
157 406 -199.0
157 424 -196.0
157 430 -196.0
157 432 -198.0
157 443 -198.0
157 444 -204.0
157 449 -206.0
157 453 -192.0
157 466 -197.0
157 468 -208.0
157 471 -200.0
157 472 -203.0
157 474 -197.0
157 478 -206.0
157 482 -198.0
157 487 -194.0
157 491 -198.0
157 495 -193.0
157 498 -199.0
157 506 -206.0
157 512 -194.0
157 514 -196.0
157 516 -199.0
157 519 -201.0
157 523 -204.0
157 526 -196.0
157 528 -199.0
157 529 -199.0
157 538 -197.0
157 539 -202.0
157 540 -190.0
157 541 -203.0
157 543 -200.0
157 548 -200.0
157 561 -200.0
157 563 -195.0
157 564 -212.0
157 573 -199.0
157 580 -197.0
157 581 -201.0
157 586 -196.0
157 592 -207.0
157 596 -192.0
157 606 -196.0
157 608 -195.0
157 609 -208.0
157 612 -199.0
157 613 -201.0
157 614 -195.0
157 615 -207.0
157 624 -203.0
157 632 -206.0
157 637 -205.0
157 640 -200.0
158 159 -300.0
158 164 -189.0
158 167 -201.0
158 171 -200.0
158 172 -200.0
158 176 -202.0
158 177 -196.0
158 179 -199.0
158 181 -199.0
158 184 -207.0
158 186 -195.0
158 193 -203.0
158 195 -198.0
158 197 -205.0
158 198 -198.0
158 199 -195.0
158 212 -202.0
158 216 -189.0
158 218 -196.0
158 222 -191.0
158 227 -203.0
158 228 -200.0
158 233 -198.0
158 236 -199.0
158 248 -200.0
158 259 -194.0
158 262 -201.0
158 268 -189.0
158 272 -203.0
158 284 -204.0
158 288 -202.0
158 289 -200.0
158 291 -203.0
158 293 -197.0
158 300 -196.0
158 313 -198.0
158 320 -201.0
158 325 -196.0
158 327 -209.0
158 328 -203.0
158 330 -191.0
158 336 -195.0
158 337 -206.0
158 341 -192.0
158 343 -195.0
158 359 -203.0
158 362 -200.0
158 365 -193.0
158 366 -202.0
158 381 -201.0
158 391 -204.0
158 393 -210.0
158 394 -196.0
158 395 -206.0
158 396 -201.0
158 397 -203.0
158 398 -198.0
158 402 -193.0
158 403 -196.0
158 407 -195.0
158 412 -201.0
158 414 -201.0
158 417 -194.0
158 431 -205.0
158 432 -200.0
158 434 -198.0
158 436 -202.0
158 442 -198.0
158 443 -208.0
158 452 -204.0
158 454 -194.0
158 465 -204.0
158 467 -202.0
158 468 -200.0
158 471 -202.0
158 477 -197.0
158 487 -200.0
158 494 -199.0
158 506 -198.0
158 510 -200.0
158 512 -205.0
158 516 -195.0
158 530 -197.0
158 540 -189.0
158 545 -202.0
158 552 -196.0
158 557 -198.0
158 558 -197.0
158 560 -200.0
158 573 -208.0
158 575 -192.0
158 582 -201.0
158 591 -197.0
158 592 -197.0
158 596 -201.0
158 599 -186.0
158 600 -205.0
158 610 -191.0
158 611 -202.0
158 619 -200.0
158 621 -194.0
158 634 -208.0
159 163 -209.0
159 164 -204.0
159 165 -196.0
159 168 -201.0
159 172 -201.0
159 173 -203.0
159 178 -209.0
159 184 -197.0
159 187 -199.0
159 202 -205.0
159 204 -205.0
159 208 -199.0
159 211 -209.0
159 214 -201.0
159 216 -194.0
159 221 -192.0
159 235 -199.0
159 236 -201.0
159 254 -196.0
159 264 -199.0
159 266 -191.0
159 268 -201.0
159 275 -202.0
159 280 -199.0
159 281 -197.0
159 288 -194.0
159 289 -201.0
159 290 -201.0
159 293 -203.0
159 315 -195.0
159 316 -205.0
159 320 -203.0
159 331 -194.0
159 335 -205.0
159 341 -196.0
159 349 -201.0
159 352 -206.0
159 358 -196.0
159 359 -204.0
159 366 -198.0
159 374 -197.0
159 394 -190.0
159 397 -204.0
159 399 -196.0
159 400 -207.0
159 402 -202.0
159 403 -192.0
159 407 -195.0
159 411 -191.0
159 426 -195.0
159 430 -192.0
159 431 -204.0
159 432 -193.0
159 433 -196.0
159 440 -196.0
159 443 -200.0
159 448 -195.0
159 453 -213.0
159 458 -206.0
159 460 -194.0
159 464 -205.0
159 468 -196.0
159 489 -196.0
159 492 -203.0
159 499 -207.0
159 500 -197.0
159 505 -201.0
159 516 -203.0
159 529 -205.0
159 535 -195.0
159 536 -202.0
159 538 -208.0
159 541 -194.0
159 558 -198.0
159 563 -202.0
159 565 -196.0
159 568 -204.0
159 575 -195.0
159 576 -203.0
159 594 -202.0
159 597 -205.0
159 611 -203.0
159 614 -200.0
159 615 -212.0
159 619 -196.0
159 622 -193.0
159 626 -199.0
159 631 -194.0
159 634 -192.0
160 164 -206.0
160 165 -202.0
160 166 -205.0
160 169 -200.0
160 171 -203.0
160 174 -194.0
160 181 -193.0
160 194 -199.0
160 199 -196.0
160 211 -203.0
160 214 -196.0
160 216 -203.0
160 221 -191.0
160 223 -202.0
160 231 -202.0
160 235 -201.0
160 236 -191.0
160 238 -202.0
160 244 -195.0
160 246 -196.0
160 252 -194.0
160 253 -196.0
160 254 -202.0
160 258 -201.0
160 267 -191.0
160 274 -193.0
160 275 -200.0
160 276 -194.0
160 277 -200.0
160 282 -196.0
160 286 -212.0
160 288 -196.0
160 289 -192.0
160 291 -202.0
160 293 -202.0
160 294 -193.0
160 295 -203.0
160 299 -201.0
160 300 -198.0
160 306 -198.0
160 308 -191.0
160 310 -205.0
160 312 -200.0
160 317 -194.0
160 323 -197.0
160 341 -196.0
160 349 -196.0
160 353 -210.0
160 359 -191.0
160 369 -197.0
160 372 -203.0
160 377 -200.0
160 383 -206.0
160 384 -201.0
160 385 -200.0
160 388 -198.0
160 404 -208.0
160 439 -199.0
160 444 -195.0
160 446 -197.0
160 447 -199.0
160 450 -196.0
160 454 -197.0
160 457 -203.0
160 461 -194.0
160 471 -198.0
160 472 -195.0
160 473 -202.0
160 474 -208.0
160 480 -207.0
160 506 -193.0
160 507 -194.0
160 509 -191.0
160 512 -193.0
160 517 -194.0
160 521 -197.0
160 526 -198.0
160 529 -201.0
160 534 -193.0
160 536 -191.0
160 538 -193.0
160 541 -197.0
160 542 -201.0
160 543 -197.0
160 545 -197.0
160 548 -204.0
160 550 -194.0
160 551 -204.0
160 558 -195.0
160 561 -207.0
160 564 -196.0
160 573 -200.0
160 587 -198.0
160 589 -194.0
160 597 -194.0
160 600 -196.0
160 614 -200.0
160 616 -195.0
160 621 -197.0
160 629 -204.0
160 634 -206.0
160 640 -204.0
161 164 -104.0
161 171 -110.0
161 175 -100.0
161 176 -105.0
161 177 -96.0
161 179 -102.0
161 180 -100.0
161 181 -89.0
161 197 -96.0
161 221 -105.0
161 222 -97.0
161 234 -100.0
161 236 -104.0
161 239 -95.0
161 244 -102.0
161 246 -98.0
161 257 -98.0
161 267 -97.0
161 269 -102.0
161 272 -101.0
161 276 -92.0
161 293 -111.0
161 295 -101.0
161 296 -102.0
161 298 -94.0
161 301 -101.0
161 302 -109.0
161 309 -89.0
161 312 -94.0
161 324 -98.0
161 325 -95.0
161 332 -103.0
161 333 -91.0
161 334 -103.0
161 337 -93.0
161 340 -99.0
161 342 -110.0
161 349 -105.0
161 357 -106.0
161 359 -90.0
161 361 -100.0
161 366 -99.0
161 380 -96.0
161 385 -85.0
161 393 -99.0
161 397 -95.0
161 398 -99.0
161 399 -106.0
161 401 -101.0
161 410 -98.0
161 417 -104.0
161 420 -96.0
161 426 -102.0
161 427 -97.0
161 435 -91.0
161 453 -101.0
161 455 -101.0
161 461 -110.0
161 466 -101.0
161 475 -90.0
161 479 -100.0
161 481 -92.0
161 484 -101.0
161 494 -96.0
161 498 -90.0
161 505 -98.0
161 507 -98.0
161 511 -99.0
161 512 -98.0
161 517 -105.0
161 518 -96.0
161 520 -102.0
161 522 -97.0
161 533 -101.0
161 541 -104.0
161 551 -104.0
161 556 -100.0
161 559 -89.0
161 562 -95.0
161 566 -105.0
161 576 -110.0
161 580 -102.0
161 584 -102.0
161 585 -94.0
161 587 -102.0
161 590 -94.0
161 591 -96.0
161 594 -93.0
161 598 -105.0
161 624 -105.0
161 625 -106.0
161 637 -98.0
162 171 -104.0
162 173 -99.0
162 177 -94.0
162 178 -95.0
162 184 -101.0
162 186 -100.0
162 187 -100.0
162 191 -90.0
162 195 -98.0
162 210 -104.0
162 216 -107.0
162 220 -101.0
162 222 -108.0
162 224 -95.0
162 230 -105.0
162 235 -94.0
162 242 -92.0
162 250 -96.0
162 252 -102.0
162 255 -99.0
162 258 -105.0
162 259 -100.0
162 261 -102.0
162 273 -100.0
162 274 -92.0
162 283 -94.0
162 287 -100.0
162 293 -100.0
162 296 -98.0
162 299 -100.0
162 310 -102.0
162 313 -101.0
162 314 -97.0
162 318 -97.0
162 319 -88.0
162 331 -101.0
162 338 -106.0
162 348 -95.0
162 355 -103.0
162 356 -94.0
162 358 -103.0
162 359 -99.0
162 360 -105.0
162 367 -105.0
162 372 -102.0
162 378 -108.0
162 382 -100.0
162 387 -100.0
162 397 -98.0
162 400 -90.0
162 405 -109.0
162 409 -108.0
162 418 -102.0
162 440 -99.0
162 441 -95.0
162 442 -102.0
162 454 -94.0
162 455 -92.0
162 460 -94.0
162 462 -97.0
162 464 -104.0
162 465 -96.0
162 469 -106.0
162 470 -101.0
162 484 -98.0
162 485 -100.0
162 489 -101.0
162 493 -106.0
162 500 -99.0
162 501 -97.0
162 503 -96.0
162 515 -98.0
162 516 -103.0
162 521 -99.0
162 525 -96.0
162 527 -105.0
162 543 -101.0
162 545 -95.0
162 549 -104.0
162 557 -95.0
162 562 -100.0
162 564 -104.0
162 581 -106.0
162 584 -90.0
162 589 -103.0
162 590 -100.0
162 593 -98.0
162 599 -101.0
162 600 -99.0
162 605 -101.0
162 620 -101.0
162 631 -103.0
162 636 -94.0
163 165 -96.0
163 166 -97.0
163 170 -97.0
163 184 -100.0
163 187 -107.0
163 189 -99.0
163 192 -99.0
163 201 -103.0
163 202 -96.0
163 208 -91.0
163 216 -103.0
163 218 -95.0
163 232 -101.0
163 242 -106.0
163 243 -103.0
163 246 -90.0
163 252 -93.0
163 253 -103.0
163 257 -93.0
163 258 -100.0
163 270 -98.0
163 273 -102.0
163 274 -93.0
163 286 -107.0
163 287 -98.0
163 293 -83.0
163 294 -103.0
163 295 -98.0
163 299 -94.0
163 300 -101.0
163 310 -96.0
163 311 -101.0
163 312 -101.0
163 313 -110.0
163 320 -105.0
163 342 -93.0
163 350 -101.0
163 355 -97.0
163 359 -97.0
163 361 -106.0
163 370 -105.0
163 377 -104.0
163 378 -101.0
163 380 -102.0
163 387 -81.0
163 388 -102.0
163 390 -100.0
163 391 -97.0
163 393 -100.0
163 394 -95.0
163 396 -91.0
163 403 -97.0
163 407 -103.0
163 409 -103.0
163 413 -98.0
163 419 -93.0
163 422 -92.0
163 425 -118.0
163 428 -99.0
163 432 -105.0
163 438 -96.0
163 442 -95.0
163 448 -104.0
163 450 -104.0
163 454 -106.0
163 464 -98.0
163 474 -103.0
163 475 -100.0
163 490 -101.0
163 491 -103.0
163 493 -103.0
163 496 -93.0
163 498 -105.0
163 504 -101.0
163 510 -98.0
163 513 -96.0
163 514 -94.0
163 518 -109.0
163 519 -109.0
163 525 -98.0
163 536 -96.0
163 537 -107.0
163 541 -102.0
163 542 -104.0
163 555 -95.0
163 558 -101.0
163 560 -98.0
163 565 -98.0
163 568 -107.0
163 577 -93.0
163 579 -99.0
163 589 -107.0
163 595 -99.0
163 596 -99.0
163 597 -97.0
163 611 -99.0
163 624 -97.0
163 626 -100.0
163 631 -101.0
163 633 -100.0
163 634 -99.0
163 639 -97.0
164 168 -105.0
164 174 -97.0
164 181 -97.0
164 183 -98.0
164 191 -98.0
164 199 -95.0
164 202 -94.0
164 210 -101.0
164 221 -110.0
164 227 -103.0
164 229 -101.0
164 237 -110.0
164 239 -93.0
164 241 -98.0
164 242 -102.0
164 249 -94.0
164 253 -98.0
164 255 -107.0
164 257 -101.0
164 262 -100.0
164 265 -94.0
164 269 -98.0
164 272 -98.0
164 297 -95.0
164 306 -109.0
164 311 -105.0
164 334 -102.0
164 342 -99.0
164 345 -99.0
164 348 -97.0
164 358 -105.0
164 365 -104.0
164 376 -99.0
164 388 -97.0
164 390 -101.0
164 396 -108.0
164 397 -105.0
164 399 -103.0
164 402 -106.0
164 410 -101.0
164 415 -99.0
164 418 -93.0
164 420 -104.0
164 430 -98.0
164 432 -101.0
164 433 -100.0
164 438 -103.0
164 439 -97.0
164 444 -111.0
164 446 -99.0
164 450 -102.0
164 451 -96.0
164 452 -99.0
164 455 -102.0
164 460 -107.0
164 465 -102.0
164 467 -94.0
164 469 -98.0
164 470 -100.0
164 473 -100.0
164 478 -100.0
164 482 -102.0
164 503 -97.0
164 518 -97.0
164 527 -87.0
164 528 -101.0
164 532 -98.0
164 537 -103.0
164 549 -101.0
164 564 -97.0
164 566 -99.0
164 567 -94.0
164 572 -103.0
164 576 -107.0
164 581 -98.0
164 583 -107.0
164 588 -102.0
164 591 -98.0
164 598 -95.0
164 605 -105.0
164 614 -99.0
164 615 -93.0
164 617 -100.0
164 619 -96.0
164 630 -101.0
164 631 -109.0
164 635 -100.0
164 637 -93.0
164 638 -104.0
164 639 -99.0
165 174 -102.0
165 175 -93.0
165 179 -108.0
165 183 -99.0
165 185 -99.0
165 188 -97.0
165 197 -100.0
165 199 -100.0
165 214 -98.0
165 218 -94.0
165 221 -102.0
165 222 -104.0
165 223 -100.0
165 226 -104.0
165 228 -100.0
165 229 -99.0
165 231 -95.0
165 234 -102.0
165 239 -98.0
165 246 -97.0
165 247 -98.0
165 262 -107.0
165 263 -104.0
165 264 -95.0
165 266 -93.0
165 270 -95.0
165 276 -97.0
165 283 -95.0
165 287 -107.0
165 288 -106.0
165 289 -93.0
165 290 -94.0
165 301 -92.0
165 304 -99.0
165 313 -97.0
165 316 -91.0
165 325 -91.0
165 326 -100.0
165 327 -97.0
165 329 -103.0
165 339 -100.0
165 343 -100.0
165 348 -98.0
165 349 -104.0
165 353 -100.0
165 365 -100.0
165 370 -106.0
165 372 -98.0
165 376 -90.0
165 378 -101.0
165 380 -92.0
165 383 -105.0
165 385 -101.0
165 407 -104.0
165 416 -90.0
165 420 -104.0
165 430 -100.0
165 431 -94.0
165 436 -101.0
165 439 -90.0
165 441 -107.0
165 446 -100.0
165 469 -97.0
165 470 -85.0
165 471 -94.0
165 473 -95.0
165 474 -97.0
165 485 -106.0
165 492 -97.0
165 498 -91.0
165 502 -99.0
165 509 -100.0
165 512 -98.0
165 514 -92.0
165 515 -99.0
165 521 -95.0
165 528 -96.0
165 532 -103.0
165 533 -104.0
165 541 -103.0
165 548 -103.0
165 554 -103.0
165 558 -106.0
165 564 -108.0
165 565 -97.0
165 571 -99.0
165 579 -105.0
165 580 -92.0
165 587 -101.0
165 593 -93.0
165 598 -103.0
165 606 -95.0
165 607 -101.0
165 610 -94.0
165 628 -93.0
166 172 -99.0
166 174 -93.0
166 180 -100.0
166 184 -90.0
166 186 -107.0
166 195 -104.0
166 196 -93.0
166 202 -101.0
166 207 -100.0
166 210 -108.0
166 211 -95.0
166 219 -101.0
166 221 -95.0
166 230 -100.0
166 239 -102.0
166 240 -100.0
166 242 -101.0
166 247 -102.0
166 248 -98.0
166 253 -102.0
166 257 -103.0
166 262 -95.0
166 266 -100.0
166 268 -103.0
166 269 -110.0
166 275 -100.0
166 280 -92.0
166 288 -87.0
166 291 -104.0
166 295 -96.0
166 304 -98.0
166 310 -88.0
166 311 -98.0
166 317 -99.0
166 322 -97.0
166 324 -98.0
166 331 -106.0
166 340 -96.0
166 342 -105.0
166 350 -102.0
166 353 -100.0
166 364 -93.0
166 365 -97.0
166 372 -98.0
166 374 -99.0
166 384 -103.0
166 385 -98.0
166 386 -107.0
166 389 -104.0
166 393 -101.0
166 405 -102.0
166 418 -98.0
166 420 -98.0
166 421 -99.0
166 422 -102.0
166 424 -101.0
166 429 -107.0
166 441 -105.0
166 442 -101.0
166 445 -102.0
166 447 -106.0
166 450 -96.0
166 452 -94.0
166 455 -94.0
166 478 -103.0
166 479 -98.0
166 486 -102.0
166 487 -108.0
166 488 -100.0
166 492 -92.0
166 497 -99.0
166 498 -101.0
166 500 -100.0
166 505 -101.0
166 519 -103.0
166 525 -96.0
166 529 -98.0
166 536 -107.0
166 538 -97.0
166 543 -100.0
166 561 -105.0
166 562 -101.0
166 566 -101.0
166 573 -100.0
166 587 -95.0
166 590 -106.0
166 610 -98.0
166 622 -106.0
166 623 -106.0
166 627 -98.0
166 640 -107.0
167 168 -107.0
167 172 -105.0
167 182 -103.0
167 195 -101.0
167 197 -99.0
167 199 -100.0
167 202 -110.0
167 206 -110.0
167 207 -101.0
167 211 -96.0
167 216 -104.0
167 226 -102.0
167 249 -104.0
167 260 -103.0
167 265 -94.0
167 273 -100.0
167 281 -101.0
167 283 -102.0
167 284 -92.0
167 294 -97.0
167 297 -104.0
167 306 -108.0
167 312 -102.0
167 326 -96.0
167 329 -96.0
167 332 -101.0
167 339 -92.0
167 342 -98.0
167 346 -90.0
167 350 -99.0
167 361 -101.0
167 362 -99.0
167 369 -93.0
167 370 -109.0
167 395 -105.0
167 397 -93.0
167 398 -99.0
167 400 -98.0
167 401 -109.0
167 406 -102.0
167 408 -94.0
167 414 -94.0
167 415 -97.0
167 419 -109.0
167 424 -97.0
167 425 -101.0
167 436 -106.0
167 444 -103.0
167 447 -95.0
167 456 -99.0
167 460 -103.0
167 464 -99.0
167 471 -106.0
167 472 -87.0
167 473 -109.0
167 475 -102.0
167 477 -97.0
167 479 -103.0
167 480 -100.0
167 484 -100.0
167 492 -94.0
167 494 -90.0
167 499 -94.0
167 509 -92.0
167 511 -98.0
167 512 -96.0
167 515 -89.0
167 521 -101.0
167 538 -98.0
167 542 -103.0
167 548 -99.0
167 551 -106.0
167 554 -94.0
167 564 -102.0
167 570 -104.0
167 571 -113.0
167 582 -98.0
167 591 -94.0
167 606 -104.0
167 607 -96.0
167 611 -110.0
167 620 -100.0
167 625 -100.0
167 629 -104.0
167 630 -102.0
167 634 -92.0
167 637 -98.0
168 169 -103.0
168 181 -109.0
168 188 -98.0
168 189 -102.0
168 197 -103.0
168 205 -105.0
168 207 -104.0
168 217 -103.0
168 218 -101.0
168 221 -94.0
168 230 -106.0
168 234 -92.0
168 245 -92.0
168 254 -104.0
168 259 -99.0
168 266 -106.0
168 267 -102.0
168 268 -93.0
168 271 -96.0
168 276 -103.0
168 283 -99.0
168 288 -92.0
168 289 -100.0
168 290 -84.0
168 297 -97.0
168 299 -92.0
168 307 -98.0
168 308 -96.0
168 315 -99.0
168 317 -93.0
168 318 -99.0
168 322 -101.0
168 330 -101.0
168 341 -110.0
168 349 -108.0
168 369 -97.0
168 372 -102.0
168 373 -93.0
168 374 -111.0
168 376 -102.0
168 382 -106.0
168 385 -105.0
168 387 -101.0
168 388 -97.0
168 389 -107.0
168 392 -105.0
168 395 -98.0
168 398 -110.0
168 399 -102.0
168 408 -98.0
168 410 -95.0
168 411 -108.0
168 415 -102.0
168 419 -102.0
168 426 -94.0
168 433 -104.0
168 434 -105.0
168 435 -104.0
168 438 -106.0
168 444 -110.0
168 453 -96.0
168 464 -112.0
168 483 -104.0
168 487 -95.0
168 489 -102.0
168 493 -84.0
168 523 -100.0
168 528 -102.0
168 537 -100.0
168 544 -103.0
168 546 -94.0
168 555 -100.0
168 563 -104.0
168 577 -102.0
168 596 -101.0
168 598 -89.0
168 601 -90.0
168 604 -90.0
168 611 -96.0
168 619 -94.0
168 625 -97.0
168 630 -109.0
168 638 -98.0
169 186 -89.0
169 189 -101.0
169 197 -96.0
169 198 -102.0
169 200 -95.0
169 204 -106.0
169 211 -110.0
169 213 -102.0
169 225 -90.0
169 236 -92.0
169 241 -91.0
169 242 -102.0
169 243 -106.0
169 257 -99.0
169 263 -104.0
169 266 -103.0
169 276 -106.0
169 277 -100.0
169 288 -97.0
169 302 -92.0
169 303 -101.0
169 310 -97.0
169 313 -95.0
169 321 -95.0
169 324 -99.0
169 325 -102.0
169 326 -96.0
169 328 -102.0
169 329 -102.0
169 332 -95.0
169 342 -106.0
169 343 -100.0
169 344 -94.0
169 346 -102.0
169 347 -101.0
169 364 -96.0
169 380 -96.0
169 381 -98.0
169 383 -95.0
169 386 -95.0
169 393 -99.0
169 396 -95.0
169 397 -108.0
169 398 -102.0
169 400 -99.0
169 401 -107.0
169 410 -101.0
169 419 -112.0
169 422 -95.0
169 428 -106.0
169 429 -95.0
169 430 -103.0
169 435 -106.0
169 443 -94.0
169 447 -98.0
169 449 -98.0
169 452 -105.0
169 453 -95.0
169 455 -95.0
169 458 -97.0
169 459 -103.0
169 460 -94.0
169 469 -101.0
169 472 -104.0
169 483 -97.0
169 486 -105.0
169 492 -96.0
169 498 -96.0
169 500 -92.0
169 506 -105.0
169 509 -103.0
169 512 -94.0
169 522 -100.0
169 525 -98.0
169 530 -97.0
169 532 -99.0
169 533 -91.0
169 536 -105.0
169 539 -101.0
169 541 -89.0
169 542 -101.0
169 543 -101.0
169 553 -100.0
169 562 -98.0
169 569 -100.0
169 571 -101.0
169 575 -94.0
169 579 -106.0
169 607 -97.0
169 611 -100.0
169 612 -102.0
169 618 -100.0
169 620 -97.0
169 622 -104.0
169 623 -91.0
169 627 -99.0
169 630 -99.0
169 631 -104.0
169 633 -108.0
169 639 -96.0
170 172 -97.0
170 180 -96.0
170 182 -92.0
170 184 -99.0
170 189 -94.0
170 193 -96.0
170 194 -97.0
170 200 -111.0
170 203 -102.0
170 209 -94.0
170 211 -97.0
170 213 -106.0
170 225 -105.0
170 237 -94.0
170 241 -97.0
170 248 -101.0
170 251 -94.0
170 252 -104.0
170 256 -104.0
170 260 -105.0
170 261 -93.0
170 263 -107.0
170 266 -103.0
170 279 -91.0
170 288 -97.0
170 291 -99.0
170 292 -92.0
170 293 -102.0
170 296 -96.0
170 301 -100.0
170 302 -100.0
170 303 -99.0
170 305 -94.0
170 306 -106.0
170 309 -87.0
170 318 -100.0
170 338 -95.0
170 350 -97.0
170 352 -99.0
170 354 -98.0
170 359 -93.0
170 364 -99.0
170 366 -103.0
170 370 -106.0
170 372 -89.0
170 379 -94.0
170 380 -105.0
170 397 -96.0
170 399 -107.0
170 405 -96.0
170 410 -100.0
170 414 -101.0
170 415 -99.0
170 417 -93.0
170 431 -101.0
170 434 -93.0
170 437 -98.0
170 439 -99.0
170 441 -95.0
170 447 -104.0
170 452 -96.0
170 470 -86.0
170 483 -92.0
170 495 -93.0
170 499 -104.0
170 500 -92.0
170 521 -101.0
170 522 -110.0
170 523 -100.0
170 524 -99.0
170 532 -96.0
170 535 -99.0
170 539 -89.0
170 541 -95.0
170 544 -80.0
170 553 -91.0
170 554 -86.0
170 565 -100.0
170 573 -93.0
170 574 -99.0
170 579 -100.0
170 580 -101.0
170 581 -99.0
170 587 -100.0
170 590 -98.0
170 591 -90.0
170 603 -99.0
170 607 -90.0
170 608 -103.0
170 610 -94.0
170 615 -109.0
170 618 -104.0
170 625 -103.0
170 629 -103.0
170 631 -105.0
170 636 -92.0
170 639 -99.0
171 174 -107.0
171 189 -107.0
171 192 -103.0
171 201 -94.0
171 203 -95.0
171 211 -101.0
171 217 -94.0
171 222 -97.0
171 228 -99.0
171 230 -100.0
171 236 -103.0
171 237 -106.0
171 246 -98.0
171 250 -96.0
171 251 -99.0
171 252 -95.0
171 254 -92.0
171 268 -98.0
171 270 -100.0
171 274 -96.0
171 279 -96.0
171 291 -102.0
171 294 -102.0
171 309 -95.0
171 318 -104.0
171 320 -94.0
171 332 -96.0
171 343 -100.0
171 346 -91.0
171 367 -100.0
171 368 -99.0
171 385 -87.0
171 390 -108.0
171 391 -98.0
171 393 -104.0
171 394 -98.0
171 402 -94.0
171 407 -97.0
171 410 -98.0
171 414 -96.0
171 425 -91.0
171 429 -107.0
171 432 -97.0
171 434 -103.0
171 436 -97.0
171 458 -100.0
171 459 -103.0
171 463 -91.0
171 472 -96.0
171 473 -99.0
171 480 -94.0
171 483 -90.0
171 485 -103.0
171 490 -102.0
171 506 -105.0
171 508 -97.0
171 516 -99.0
171 517 -94.0
171 521 -105.0
171 522 -97.0
171 525 -104.0
171 544 -98.0
171 555 -91.0
171 560 -101.0
171 568 -99.0
171 569 -102.0
171 573 -103.0
171 581 -97.0
171 582 -98.0
171 584 -94.0
171 586 -98.0
171 587 -101.0
171 589 -95.0
171 592 -105.0
171 596 -94.0
171 597 -112.0
171 599 -107.0
171 600 -100.0
171 603 -96.0
171 606 -95.0
171 610 -97.0
171 613 -101.0
171 614 -107.0
171 616 -94.0
171 620 -91.0
171 626 -92.0
171 627 -101.0
172 177 -104.0
172 189 -101.0
172 197 -99.0
172 198 -99.0
172 204 -94.0
172 205 -109.0
172 213 -100.0
172 216 -101.0
172 218 -101.0
172 220 -100.0
172 221 -105.0
172 231 -95.0
172 232 -99.0
172 240 -97.0
172 248 -97.0
172 251 -92.0
172 266 -100.0
172 267 -99.0
172 274 -99.0
172 277 -94.0
172 283 -103.0
172 284 -96.0
172 288 -98.0
172 290 -103.0
172 297 -104.0
172 301 -90.0
172 307 -86.0
172 338 -98.0
172 340 -99.0
172 348 -108.0
172 352 -102.0
172 357 -100.0
172 358 -106.0
172 361 -101.0
172 364 -98.0
172 366 -98.0
172 368 -103.0
172 370 -89.0
172 385 -99.0
172 387 -105.0
172 388 -92.0
172 394 -108.0
172 398 -101.0
172 399 -102.0
172 402 -101.0
172 403 -112.0
172 404 -100.0
172 405 -95.0
172 409 -98.0
172 411 -102.0
172 419 -103.0
172 420 -98.0
172 441 -101.0
172 450 -108.0
172 452 -98.0
172 459 -105.0
172 463 -96.0
172 466 -101.0
172 467 -90.0
172 473 -102.0
172 474 -106.0
172 480 -93.0
172 481 -95.0
172 482 -102.0
172 491 -105.0
172 497 -109.0
172 510 -99.0
172 514 -108.0
172 524 -108.0
172 526 -101.0
172 528 -107.0
172 534 -93.0
172 538 -98.0
172 540 -101.0
172 548 -102.0
172 557 -99.0
172 558 -96.0
172 561 -90.0
172 562 -95.0
172 566 -99.0
172 583 -96.0
172 586 -106.0
172 589 -96.0
172 590 -95.0
172 592 -100.0
172 596 -101.0
172 602 -103.0
172 604 -94.0
172 605 -95.0
172 611 -104.0
172 620 -93.0
172 624 -102.0
172 628 -99.0
172 630 -102.0
173 186 -100.0
173 193 -96.0
173 198 -93.0
173 200 -100.0
173 203 -99.0
173 205 -105.0
173 206 -100.0
173 207 -114.0
173 209 -96.0
173 216 -94.0
173 239 -104.0
173 245 -93.0
173 250 -105.0
173 251 -92.0
173 259 -98.0
173 260 -108.0
173 266 -103.0
173 267 -99.0
173 273 -91.0
173 274 -98.0
173 282 -102.0
173 284 -98.0
173 289 -107.0
173 293 -93.0
173 300 -103.0
173 314 -95.0
173 319 -100.0
173 320 -100.0
173 322 -105.0
173 323 -99.0
173 325 -99.0
173 334 -95.0
173 335 -98.0
173 341 -104.0
173 343 -103.0
173 355 -100.0
173 356 -92.0
173 357 -90.0
173 358 -104.0
173 359 -106.0
173 361 -104.0
173 365 -103.0
173 368 -106.0
173 373 -102.0
173 378 -94.0
173 382 -94.0
173 384 -94.0
173 386 -102.0
173 388 -103.0
173 391 -105.0
173 393 -102.0
173 395 -100.0
173 405 -105.0
173 419 -104.0
173 423 -87.0
173 429 -96.0
173 441 -104.0
173 442 -104.0
173 443 -106.0
173 455 -104.0
173 456 -96.0
173 471 -104.0
173 475 -105.0
173 476 -105.0
173 479 -103.0
173 481 -99.0
173 482 -95.0
173 489 -105.0
173 502 -98.0
173 510 -99.0
173 514 -102.0
173 518 -97.0
173 519 -95.0
173 520 -106.0
173 529 -100.0
173 531 -96.0
173 538 -102.0
173 539 -107.0
173 541 -107.0
173 544 -103.0
173 545 -103.0
173 548 -107.0
173 550 -102.0
173 578 -98.0
173 580 -93.0
173 585 -98.0
173 586 -98.0
173 603 -108.0
173 610 -99.0
173 612 -97.0
173 621 -98.0
173 628 -94.0
173 629 -100.0
173 635 -105.0
174 178 -96.0
174 181 -93.0
174 182 -93.0
174 185 -97.0
174 187 -96.0
174 190 -102.0
174 191 -111.0
174 203 -96.0
174 206 -102.0
174 208 -97.0
174 210 -100.0
174 212 -98.0
174 217 -98.0
174 218 -98.0
174 222 -97.0
174 231 -91.0
174 232 -102.0
174 236 -99.0
174 237 -96.0
174 239 -105.0
174 242 -107.0
174 246 -100.0
174 252 -92.0
174 254 -93.0
174 261 -104.0
174 262 -99.0
174 265 -102.0
174 268 -104.0
174 269 -104.0
174 278 -97.0
174 282 -98.0
174 284 -96.0
174 288 -103.0
174 290 -101.0
174 291 -96.0
174 292 -106.0
174 294 -94.0
174 298 -107.0
174 306 -94.0
174 309 -97.0
174 311 -95.0
174 318 -101.0
174 323 -112.0
174 326 -95.0
174 327 -100.0
174 329 -96.0
174 332 -95.0
174 333 -91.0
174 337 -91.0
174 338 -100.0
174 341 -109.0
174 348 -103.0
174 355 -106.0
174 359 -100.0
174 371 -102.0
174 375 -97.0
174 380 -104.0
174 382 -105.0
174 388 -95.0
174 389 -102.0
174 397 -107.0
174 405 -101.0
174 411 -100.0
174 430 -108.0
174 438 -99.0
174 451 -99.0
174 453 -99.0
174 457 -98.0
174 458 -94.0
174 461 -105.0
174 462 -99.0
174 468 -100.0
174 469 -103.0
174 481 -102.0
174 485 -99.0
174 498 -104.0
174 500 -105.0
174 501 -96.0
174 504 -87.0
174 508 -104.0
174 509 -98.0
174 520 -94.0
174 521 -99.0
174 527 -100.0
174 531 -95.0
174 532 -100.0
174 535 -103.0
174 536 -99.0
174 537 -104.0
174 541 -104.0
174 544 -89.0
174 551 -96.0
174 552 -105.0
174 563 -103.0
174 570 -103.0
174 572 -102.0
174 574 -100.0
174 576 -101.0
174 577 -97.0
174 578 -108.0
174 586 -109.0
174 594 -97.0
174 597 -101.0
174 603 -101.0
174 615 -101.0
174 627 -95.0
174 633 -94.0
174 638 -101.0
175 177 -100.0
175 181 -102.0
175 187 -99.0
175 189 -91.0
175 190 -103.0
175 191 -101.0
175 194 -95.0
175 215 -111.0
175 216 -104.0
175 222 -99.0
175 224 -99.0
175 253 -94.0
175 281 -99.0
175 282 -105.0
175 286 -97.0
175 288 -104.0
175 290 -103.0
175 292 -99.0
175 309 -96.0
175 318 -99.0
175 320 -94.0
175 327 -99.0
175 337 -98.0
175 341 -95.0
175 346 -101.0
175 347 -102.0
175 348 -93.0
175 351 -99.0
175 354 -105.0
175 358 -111.0
175 363 -106.0
175 364 -100.0
175 366 -97.0
175 367 -98.0
175 370 -98.0
175 375 -96.0
175 378 -105.0
175 385 -93.0
175 395 -101.0
175 396 -93.0
175 400 -97.0
175 402 -106.0
175 414 -94.0
175 420 -100.0
175 427 -105.0
175 429 -102.0
175 431 -101.0
175 433 -101.0
175 436 -99.0
175 444 -102.0
175 446 -98.0
175 456 -102.0
175 462 -94.0
175 464 -96.0
175 465 -106.0
175 467 -100.0
175 472 -100.0
175 477 -106.0
175 483 -100.0
175 489 -104.0
175 490 -94.0
175 494 -90.0
175 495 -96.0
175 497 -106.0
175 510 -100.0
175 516 -99.0
175 529 -92.0
175 534 -101.0
175 539 -103.0
175 547 -104.0
175 557 -93.0
175 568 -105.0
175 570 -99.0
175 590 -101.0
175 599 -102.0
175 604 -102.0
175 618 -95.0
175 620 -94.0
175 624 -93.0
175 627 -104.0
175 631 -104.0
175 633 -97.0
176 177 -104.0
176 178 -100.0
176 185 -106.0
176 189 -106.0
176 190 -102.0
176 200 -92.0
176 201 -99.0
176 202 -105.0
176 204 -99.0
176 210 -100.0
176 220 -107.0
176 221 -95.0
176 228 -102.0
176 229 -87.0
176 231 -97.0
176 235 -101.0
176 238 -88.0
176 249 -102.0
176 251 -96.0
176 271 -109.0
176 273 -96.0
176 282 -103.0
176 286 -106.0
176 287 -96.0
176 294 -99.0
176 295 -97.0
176 300 -110.0
176 314 -97.0
176 317 -93.0
176 326 -101.0
176 336 -104.0
176 341 -93.0
176 344 -94.0
176 348 -97.0
176 350 -102.0
176 361 -99.0
176 363 -104.0
176 365 -98.0
176 367 -101.0
176 368 -104.0
176 373 -100.0
176 375 -102.0
176 378 -96.0
176 382 -97.0
176 399 -100.0
176 404 -97.0
176 406 -98.0
176 409 -103.0
176 423 -92.0
176 424 -110.0
176 425 -108.0
176 428 -101.0
176 430 -98.0
176 431 -97.0
176 435 -98.0
176 437 -103.0
176 439 -106.0
176 442 -97.0
176 446 -110.0
176 453 -91.0
176 461 -102.0
176 465 -94.0
176 471 -97.0
176 476 -100.0
176 478 -102.0
176 481 -99.0
176 483 -100.0
176 485 -98.0
176 487 -105.0
176 489 -100.0
176 492 -98.0
176 496 -97.0
176 499 -102.0
176 509 -97.0
176 510 -99.0
176 511 -89.0
176 513 -92.0
176 519 -103.0
176 523 -99.0
176 526 -98.0
176 528 -104.0
176 538 -92.0
176 539 -110.0
176 543 -102.0
176 550 -101.0
176 556 -101.0
176 567 -101.0
176 571 -101.0
176 574 -97.0
176 580 -104.0
176 583 -97.0
176 588 -99.0
176 593 -101.0
176 594 -101.0
176 595 -99.0
176 599 -99.0
176 601 -107.0
176 607 -111.0
176 612 -100.0
176 630 -105.0
176 631 -99.0
176 637 -96.0
177 179 -99.0
177 186 -93.0
177 191 -104.0
177 198 -98.0
177 201 -97.0
177 204 -107.0
177 207 -93.0
177 208 -101.0
177 217 -101.0
177 218 -99.0
177 237 -98.0
177 239 -105.0
177 244 -106.0
177 245 -97.0
177 251 -95.0
177 255 -96.0
177 260 -106.0
177 262 -111.0
177 264 -105.0
177 265 -107.0
177 266 -106.0
177 275 -110.0
177 276 -96.0
177 277 -84.0
177 278 -88.0
177 281 -96.0
177 301 -93.0
177 306 -100.0
177 307 -99.0
177 310 -95.0
177 312 -109.0
177 317 -96.0
177 318 -92.0
177 319 -93.0
177 340 -94.0
177 349 -100.0
177 364 -102.0
177 367 -112.0
177 369 -103.0
177 375 -99.0
177 377 -98.0
177 378 -92.0
177 379 -103.0
177 380 -96.0
177 382 -96.0
177 385 -100.0
177 387 -104.0
177 391 -93.0
177 392 -100.0
177 396 -116.0
177 398 -95.0
177 399 -99.0
177 404 -96.0
177 408 -102.0
177 412 -102.0
177 424 -100.0
177 426 -98.0
177 429 -95.0
177 437 -105.0
177 442 -102.0
177 445 -97.0
177 447 -98.0
177 448 -96.0
177 453 -94.0
177 455 -107.0
177 466 -97.0
177 468 -105.0
177 470 -88.0
177 475 -95.0
177 488 -105.0
177 494 -84.0
177 495 -97.0
177 499 -97.0
177 502 -101.0
177 504 -100.0
177 505 -95.0
177 508 -104.0
177 515 -112.0
177 516 -99.0
177 527 -98.0
177 531 -106.0
177 536 -97.0
177 547 -94.0
177 548 -99.0
177 554 -107.0
177 559 -98.0
177 570 -99.0
177 571 -102.0
177 574 -96.0
177 578 -94.0
177 581 -104.0
177 584 -97.0
177 588 -91.0
177 596 -100.0
177 598 -95.0
177 603 -96.0
177 604 -90.0
177 606 -100.0
177 611 -100.0
177 613 -105.0
177 619 -93.0
177 627 -102.0
177 628 -100.0
178 181 -99.0
178 186 -91.0
178 188 -101.0
178 195 -100.0
178 198 -92.0
178 202 -100.0
178 204 -104.0
178 206 -98.0
178 211 -97.0
178 214 -114.0
178 215 -102.0
178 218 -96.0
178 225 -107.0
178 228 -100.0
178 246 -100.0
178 247 -96.0
178 252 -97.0
178 254 -92.0
178 262 -101.0
178 264 -99.0
178 266 -108.0
178 267 -103.0
178 269 -98.0
178 276 -95.0
178 284 -99.0
178 299 -97.0
178 303 -98.0
178 312 -98.0
178 318 -102.0
178 320 -108.0
178 325 -97.0
178 327 -98.0
178 340 -97.0
178 341 -99.0
178 344 -96.0
178 347 -101.0
178 348 -99.0
178 350 -94.0
178 355 -96.0
178 356 -94.0
178 357 -101.0
178 359 -92.0
178 366 -102.0
178 371 -101.0
178 374 -107.0
178 379 -95.0
178 381 -98.0
178 388 -102.0
178 391 -92.0
178 398 -96.0
178 411 -97.0
178 415 -99.0
178 428 -105.0
178 431 -105.0
178 445 -98.0
178 466 -107.0
178 481 -98.0
178 482 -105.0
178 483 -99.0
178 485 -104.0
178 491 -102.0
178 493 -92.0
178 496 -98.0
178 498 -97.0
178 505 -99.0
178 508 -97.0
178 509 -98.0
178 511 -93.0
178 512 -95.0
178 517 -100.0
178 523 -97.0
178 526 -85.0
178 535 -106.0
178 541 -95.0
178 544 -99.0
178 547 -104.0
178 550 -90.0
178 554 -109.0
178 555 -99.0
178 559 -96.0
178 565 -102.0
178 582 -103.0
178 592 -97.0
178 595 -102.0
178 600 -100.0
178 602 -97.0
178 606 -100.0
178 631 -106.0
178 640 -102.0
179 181 -103.0
179 196 -99.0
179 197 -98.0
179 201 -95.0
179 204 -100.0
179 216 -94.0
179 218 -103.0
179 230 -94.0
179 231 -101.0
179 232 -91.0
179 233 -100.0
179 250 -97.0
179 265 -98.0
179 271 -96.0
179 276 -104.0
179 283 -108.0
179 287 -105.0
179 290 -97.0
179 294 -102.0
179 310 -99.0
179 316 -104.0
179 320 -99.0
179 321 -101.0
179 322 -96.0
179 328 -102.0
179 335 -99.0
179 338 -109.0
179 342 -103.0
179 348 -102.0
179 350 -94.0
179 351 -96.0
179 352 -104.0
179 364 -105.0
179 370 -94.0
179 376 -95.0
179 381 -100.0
179 385 -100.0
179 387 -96.0
179 389 -97.0
179 394 -95.0
179 406 -102.0
179 412 -104.0
179 415 -100.0
179 416 -98.0
179 417 -101.0
179 424 -87.0
179 429 -101.0
179 430 -102.0
179 434 -98.0
179 442 -106.0
179 443 -109.0
179 448 -104.0
179 450 -102.0
179 452 -93.0
179 459 -105.0
179 468 -102.0
179 472 -92.0
179 483 -99.0
179 492 -93.0
179 494 -96.0
179 497 -100.0
179 498 -103.0
179 518 -100.0
179 520 -89.0
179 539 -107.0
179 550 -103.0
179 559 -107.0
179 568 -100.0
179 572 -107.0
179 591 -109.0
179 597 -100.0
179 601 -102.0
179 610 -90.0
179 612 -97.0
179 615 -103.0
179 616 -104.0
179 620 -98.0
179 623 -97.0
179 624 -96.0
179 627 -101.0
179 629 -104.0
180 182 -97.0
180 188 -109.0
180 189 -104.0
180 196 -102.0
180 198 -99.0
180 203 -99.0
180 204 -100.0
180 208 -95.0
180 209 -104.0
180 211 -89.0
180 213 -99.0
180 214 -96.0
180 221 -94.0
180 222 -98.0
180 233 -100.0
180 234 -102.0
180 235 -103.0
180 236 -88.0
180 241 -90.0
180 247 -106.0
180 251 -99.0
180 259 -104.0
180 261 -91.0
180 262 -106.0
180 265 -99.0
180 267 -104.0
180 269 -96.0
180 272 -107.0
180 274 -100.0
180 278 -96.0
180 280 -106.0
180 291 -100.0
180 296 -105.0
180 302 -95.0
180 316 -97.0
180 317 -103.0
180 333 -89.0
180 337 -100.0
180 339 -105.0
180 348 -93.0
180 351 -102.0
180 360 -100.0
180 366 -94.0
180 371 -96.0
180 390 -106.0
180 394 -100.0
180 395 -101.0
180 403 -99.0
180 404 -100.0
180 405 -107.0
180 408 -93.0
180 410 -105.0
180 417 -102.0
180 418 -103.0
180 426 -88.0
180 427 -100.0
180 431 -107.0
180 434 -89.0
180 435 -98.0
180 436 -98.0
180 437 -98.0
180 441 -103.0
180 444 -98.0
180 446 -94.0
180 447 -98.0
180 450 -111.0
180 454 -97.0
180 456 -94.0
180 475 -94.0
180 492 -97.0
180 495 -100.0
180 496 -100.0
180 499 -99.0
180 500 -102.0
180 503 -100.0
180 504 -95.0
180 505 -102.0
180 510 -97.0
180 514 -93.0
180 531 -97.0
180 535 -100.0
180 537 -98.0
180 540 -99.0
180 547 -101.0
180 549 -103.0
180 560 -93.0
180 563 -98.0
180 568 -103.0
180 572 -103.0
180 573 -99.0
180 577 -96.0
180 579 -105.0
180 581 -108.0
180 603 -98.0
180 604 -93.0
180 615 -92.0
180 618 -104.0
180 622 -106.0
180 623 -108.0
180 626 -96.0
180 630 -104.0
181 185 -103.0
181 186 -91.0
181 193 -101.0
181 205 -100.0
181 219 -104.0
181 224 -95.0
181 226 -105.0
181 233 -102.0
181 244 -100.0
181 245 -95.0
181 248 -100.0
181 255 -90.0
181 259 -84.0
181 278 -103.0
181 289 -95.0
181 294 -102.0
181 298 -102.0
181 305 -93.0
181 306 -97.0
181 307 -100.0
181 310 -98.0
181 330 -97.0
181 332 -101.0
181 334 -102.0
181 335 -94.0
181 336 -100.0
181 339 -90.0
181 340 -105.0
181 350 -103.0
181 354 -93.0
181 358 -101.0
181 368 -102.0
181 375 -103.0
181 382 -98.0
181 390 -104.0
181 393 -98.0
181 395 -110.0
181 398 -99.0
181 403 -94.0
181 405 -96.0
181 406 -100.0
181 408 -103.0
181 417 -95.0
181 419 -109.0
181 427 -99.0
181 434 -100.0
181 438 -99.0
181 439 -99.0
181 441 -106.0
181 442 -112.0
181 444 -99.0
181 447 -91.0
181 450 -113.0
181 461 -104.0
181 465 -99.0
181 467 -103.0
181 476 -97.0
181 478 -93.0
181 486 -100.0
181 488 -101.0
181 490 -96.0
181 491 -100.0
181 495 -97.0
181 502 -95.0
181 508 -103.0
181 512 -98.0
181 513 -98.0
181 515 -105.0
181 521 -100.0
181 525 -104.0
181 530 -101.0
181 531 -107.0
181 543 -96.0
181 547 -93.0
181 548 -96.0
181 550 -97.0
181 554 -99.0
181 558 -110.0
181 562 -106.0
181 570 -95.0
181 576 -97.0
181 584 -96.0
181 590 -95.0
181 591 -98.0
181 597 -102.0
181 598 -100.0
181 602 -105.0
181 607 -92.0
181 613 -105.0
181 622 -92.0
181 623 -91.0
181 625 -110.0
181 628 -86.0
181 632 -99.0
181 633 -94.0
181 634 -100.0
181 635 -104.0
181 639 -99.0
181 640 -106.0
182 186 -98.0
182 190 -92.0
182 193 -90.0
182 197 -99.0
182 205 -106.0
182 207 -103.0
182 221 -108.0
182 225 -94.0
182 226 -100.0
182 239 -101.0
182 241 -94.0
182 244 -95.0
182 250 -105.0
182 252 -95.0
182 260 -102.0
182 264 -104.0
182 265 -103.0
182 270 -99.0
182 272 -106.0
182 275 -99.0
182 279 -97.0
182 286 -102.0
182 289 -95.0
182 291 -105.0
182 293 -93.0
182 299 -101.0
182 302 -100.0
182 303 -100.0
182 313 -106.0
182 314 -111.0
182 316 -99.0
182 318 -101.0
182 323 -93.0
182 326 -99.0
182 339 -100.0
182 342 -99.0
182 344 -99.0
182 353 -97.0
182 355 -99.0
182 362 -98.0
182 368 -108.0
182 377 -98.0
182 380 -103.0
182 389 -97.0
182 391 -101.0
182 394 -97.0
182 395 -97.0
182 396 -99.0
182 397 -98.0
182 409 -94.0
182 413 -108.0
182 414 -110.0
182 424 -94.0
182 426 -98.0
182 432 -106.0
182 440 -102.0
182 442 -98.0
182 445 -97.0
182 446 -111.0
182 452 -100.0
182 459 -107.0
182 460 -98.0
182 481 -92.0
182 483 -97.0
182 489 -101.0
182 495 -108.0
182 501 -108.0
182 510 -105.0
182 511 -106.0
182 514 -103.0
182 515 -98.0
182 520 -101.0
182 526 -108.0
182 534 -101.0
182 539 -98.0
182 540 -98.0
182 548 -105.0
182 550 -97.0
182 551 -101.0
182 554 -110.0
182 555 -98.0
182 561 -96.0
182 566 -102.0
182 585 -101.0
182 587 -88.0
182 588 -99.0
182 591 -96.0
182 593 -102.0
182 595 -100.0
182 596 -105.0
182 609 -104.0
182 610 -96.0
182 615 -102.0
182 623 -101.0
182 624 -96.0
182 626 -98.0
182 628 -107.0
182 629 -100.0
182 633 -100.0
183 185 -96.0
183 187 -95.0
183 189 -109.0
183 192 -96.0
183 200 -102.0
183 201 -101.0
183 205 -97.0
183 210 -100.0
183 216 -99.0
183 217 -106.0
183 222 -98.0
183 223 -110.0
183 236 -100.0
183 241 -103.0
183 248 -100.0
183 249 -98.0
183 251 -96.0
183 256 -96.0
183 265 -99.0
183 269 -101.0
183 273 -98.0
183 275 -96.0
183 276 -102.0
183 278 -92.0
183 286 -93.0
183 289 -94.0
183 293 -105.0
183 294 -90.0
183 302 -101.0
183 305 -102.0
183 312 -104.0
183 314 -101.0
183 321 -101.0
183 325 -100.0
183 329 -96.0
183 334 -99.0
183 339 -102.0
183 345 -108.0
183 347 -102.0
183 352 -109.0
183 353 -106.0
183 370 -102.0
183 373 -108.0
183 375 -99.0
183 377 -104.0
183 379 -103.0
183 381 -105.0
183 382 -94.0
183 387 -101.0
183 393 -95.0
183 394 -101.0
183 397 -106.0
183 403 -113.0
183 405 -91.0
183 411 -102.0
183 414 -91.0
183 415 -98.0
183 420 -102.0
183 422 -105.0
183 423 -105.0
183 424 -103.0
183 430 -98.0
183 438 -99.0
183 439 -94.0
183 442 -97.0
183 443 -106.0
183 444 -97.0
183 445 -99.0
183 447 -105.0
183 451 -95.0
183 464 -89.0
183 470 -99.0
183 475 -102.0
183 477 -97.0
183 478 -106.0
183 479 -97.0
183 485 -92.0
183 487 -110.0
183 497 -96.0
183 500 -107.0
183 502 -93.0
183 507 -93.0
183 508 -99.0
183 522 -96.0
183 530 -104.0
183 545 -103.0
183 546 -103.0
183 562 -100.0
183 565 -101.0
183 569 -98.0
183 570 -103.0
183 573 -101.0
183 577 -97.0
183 581 -98.0
183 587 -94.0
183 601 -107.0
183 603 -104.0
183 604 -104.0
183 610 -109.0
183 617 -99.0
183 619 -104.0
183 628 -99.0
183 631 -98.0
183 637 -98.0
184 185 -98.0
184 186 -107.0
184 187 -94.0
184 199 -89.0
184 202 -107.0
184 204 -105.0
184 205 -96.0
184 212 -94.0
184 217 -104.0
184 219 -95.0
184 220 -103.0
184 223 -96.0
184 224 -99.0
184 225 -102.0
184 227 -102.0
184 228 -99.0
184 234 -95.0
184 243 -106.0
184 245 -99.0
184 247 -86.0
184 250 -99.0
184 256 -102.0
184 276 -93.0
184 280 -101.0
184 282 -93.0
184 293 -98.0
184 294 -108.0
184 300 -102.0
184 304 -92.0
184 307 -104.0
184 308 -104.0
184 314 -99.0
184 317 -104.0
184 320 -113.0
184 328 -108.0
184 329 -101.0
184 337 -102.0
184 339 -104.0
184 342 -103.0
184 344 -98.0
184 348 -101.0
184 358 -100.0
184 362 -102.0
184 363 -108.0
184 367 -93.0
184 373 -95.0
184 375 -97.0
184 376 -103.0
184 377 -97.0
184 379 -94.0
184 384 -97.0
184 388 -101.0
184 393 -104.0
184 404 -99.0
184 410 -102.0
184 420 -104.0
184 422 -101.0
184 432 -100.0
184 437 -91.0
184 453 -94.0
184 454 -115.0
184 457 -101.0
184 458 -94.0
184 460 -98.0
184 464 -101.0
184 466 -97.0
184 470 -101.0
184 474 -106.0
184 478 -105.0
184 499 -94.0
184 500 -99.0
184 502 -110.0
184 503 -99.0
184 513 -94.0
184 517 -99.0
184 518 -99.0
184 519 -97.0
184 526 -102.0
184 530 -92.0
184 533 -103.0
184 543 -100.0
184 547 -91.0
184 554 -94.0
184 559 -98.0
184 561 -101.0
184 562 -104.0
184 563 -97.0
184 567 -103.0
184 568 -108.0
184 583 -94.0
184 585 -103.0
184 586 -95.0
184 590 -93.0
184 596 -93.0
184 600 -98.0
184 605 -104.0
184 607 -99.0
184 608 -95.0
184 618 -96.0
184 620 -98.0
184 622 -96.0
184 625 -96.0
184 626 -95.0
184 627 -102.0
184 631 -94.0
184 638 -96.0
185 196 -104.0
185 201 -103.0
185 207 -104.0
185 211 -104.0
185 212 -93.0
185 213 -101.0
185 217 -103.0
185 230 -103.0
185 232 -102.0
185 252 -95.0
185 255 -101.0
185 258 -108.0
185 261 -101.0
185 265 -92.0
185 274 -103.0
185 279 -107.0
185 289 -92.0
185 299 -95.0
185 305 -99.0
185 313 -94.0
185 317 -105.0
185 325 -102.0
185 326 -92.0
185 336 -104.0
185 340 -96.0
185 342 -108.0
185 350 -98.0
185 352 -100.0
185 357 -103.0
185 362 -108.0
185 366 -97.0
185 368 -102.0
185 378 -99.0
185 380 -102.0
185 381 -105.0
185 392 -97.0
185 395 -101.0
185 401 -95.0
185 407 -99.0
185 413 -99.0
185 416 -95.0
185 430 -90.0
185 431 -97.0
185 436 -104.0
185 438 -92.0
185 442 -94.0
185 446 -94.0
185 450 -102.0
185 452 -97.0
185 454 -100.0
185 459 -98.0
185 462 -92.0
185 463 -98.0
185 466 -106.0
185 467 -105.0
185 470 -92.0
185 476 -103.0
185 478 -88.0
185 479 -99.0
185 487 -93.0
185 490 -101.0
185 491 -96.0
185 506 -107.0
185 513 -105.0
185 514 -97.0
185 521 -106.0
185 523 -97.0
185 524 -98.0
185 529 -102.0
185 531 -95.0
185 543 -93.0
185 555 -96.0
185 563 -104.0
185 565 -103.0
185 566 -93.0
185 569 -94.0
185 571 -96.0
185 576 -96.0
185 580 -96.0
185 581 -102.0
185 593 -104.0
185 595 -105.0
185 598 -95.0
185 612 -95.0
185 617 -95.0
185 618 -99.0
185 629 -94.0
185 634 -86.0
185 638 -100.0
185 640 -103.0
186 203 -99.0
186 211 -108.0
186 215 -98.0
186 229 -102.0
186 232 -101.0
186 238 -96.0
186 240 -103.0
186 241 -96.0
186 246 -100.0
186 251 -100.0
186 252 -105.0
186 253 -95.0
186 255 -108.0
186 276 -95.0
186 277 -94.0
186 278 -96.0
186 289 -89.0
186 294 -98.0
186 298 -97.0
186 300 -102.0
186 307 -91.0
186 314 -102.0
186 321 -99.0
186 323 -96.0
186 335 -101.0
186 336 -96.0
186 337 -92.0
186 345 -93.0
186 346 -99.0
186 355 -97.0
186 356 -101.0
186 367 -91.0
186 372 -98.0
186 374 -96.0
186 375 -96.0
186 380 -107.0
186 384 -106.0
186 393 -88.0
186 403 -98.0
186 410 -108.0
186 411 -107.0
186 420 -94.0
186 427 -100.0
186 429 -94.0
186 445 -99.0
186 446 -107.0
186 450 -99.0
186 451 -105.0
186 454 -105.0
186 455 -100.0
186 458 -98.0
186 462 -106.0
186 474 -96.0
186 477 -97.0
186 480 -112.0
186 482 -101.0
186 484 -94.0
186 486 -101.0
186 487 -101.0
186 494 -100.0
186 497 -100.0
186 498 -101.0
186 501 -92.0
186 502 -99.0
186 515 -94.0
186 516 -95.0
186 524 -95.0
186 533 -94.0
186 545 -97.0
186 547 -95.0
186 548 -103.0
186 551 -100.0
186 560 -96.0
186 561 -102.0
186 564 -95.0
186 581 -96.0
186 603 -98.0
186 606 -92.0
186 611 -106.0
186 613 -105.0
186 615 -110.0
186 617 -99.0
186 626 -88.0
186 633 -94.0
186 635 -104.0
186 637 -98.0
187 188 -106.0
187 190 -97.0
187 194 -97.0
187 212 -102.0
187 213 -98.0
187 215 -108.0
187 218 -105.0
187 222 -103.0
187 224 -88.0
187 229 -93.0
187 230 -106.0
187 231 -101.0
187 241 -93.0
187 244 -105.0
187 246 -102.0
187 248 -92.0
187 250 -101.0
187 258 -94.0
187 259 -101.0
187 268 -96.0
187 269 -100.0
187 276 -107.0
187 285 -100.0
187 286 -105.0
187 287 -99.0
187 292 -96.0
187 293 -97.0
187 297 -100.0
187 298 -100.0
187 301 -102.0
187 310 -93.0
187 317 -103.0
187 322 -101.0
187 327 -96.0
187 333 -104.0
187 338 -98.0
187 344 -93.0
187 347 -99.0
187 367 -104.0
187 369 -87.0
187 379 -108.0
187 389 -103.0
187 397 -97.0
187 399 -100.0
187 421 -100.0
187 436 -96.0
187 440 -105.0
187 442 -99.0
187 465 -94.0
187 468 -94.0
187 472 -104.0
187 477 -101.0
187 485 -95.0
187 486 -103.0
187 500 -96.0
187 503 -105.0
187 504 -103.0
187 505 -97.0
187 514 -99.0
187 520 -100.0
187 521 -107.0
187 522 -100.0
187 530 -102.0
187 534 -94.0
187 541 -96.0
187 544 -101.0
187 545 -97.0
187 548 -97.0
187 550 -90.0
187 554 -97.0
187 570 -106.0
187 580 -96.0
187 584 -103.0
187 589 -101.0
187 591 -98.0
187 593 -104.0
187 595 -105.0
187 596 -97.0
187 601 -95.0
187 614 -87.0
187 623 -98.0
187 626 -92.0
187 630 -104.0
187 631 -100.0
188 190 -101.0
188 200 -102.0
188 201 -97.0
188 204 -113.0
188 205 -102.0
188 208 -94.0
188 213 -94.0
188 220 -97.0
188 225 -94.0
188 227 -105.0
188 229 -99.0
188 231 -108.0
188 238 -101.0
188 244 -94.0
188 245 -106.0
188 265 -101.0
188 278 -98.0
188 285 -99.0
188 291 -92.0
188 304 -100.0
188 305 -90.0
188 313 -107.0
188 320 -94.0
188 327 -98.0
188 336 -90.0
188 340 -110.0
188 341 -104.0
188 344 -100.0
188 358 -95.0
188 366 -106.0
188 368 -98.0
188 378 -106.0
188 385 -97.0
188 392 -105.0
188 393 -105.0
188 410 -106.0
188 412 -106.0
188 421 -107.0
188 425 -101.0
188 430 -98.0
188 436 -98.0
188 439 -96.0
188 441 -101.0
188 454 -110.0
188 458 -101.0
188 461 -101.0
188 462 -96.0
188 468 -107.0
188 474 -100.0
188 476 -96.0
188 477 -99.0
188 482 -109.0
188 489 -98.0
188 500 -100.0
188 503 -99.0
188 506 -102.0
188 509 -106.0
188 513 -99.0
188 518 -88.0
188 520 -106.0
188 528 -111.0
188 531 -98.0
188 533 -105.0
188 538 -101.0
188 540 -97.0
188 547 -102.0
188 550 -97.0
188 552 -104.0
188 555 -102.0
188 560 -100.0
188 564 -104.0
188 573 -98.0
188 579 -102.0
188 583 -101.0
188 589 -104.0
188 590 -95.0
188 598 -106.0
188 602 -100.0
188 603 -96.0
188 608 -105.0
188 610 -96.0
188 612 -100.0
188 616 -96.0
188 625 -100.0
188 638 -90.0
188 639 -98.0
189 196 -102.0
189 197 -107.0
189 200 -106.0
189 206 -97.0
189 216 -96.0
189 218 -97.0
189 230 -96.0
189 232 -98.0
189 233 -104.0
189 234 -99.0
189 256 -105.0
189 257 -90.0
189 258 -104.0
189 260 -101.0
189 262 -100.0
189 263 -102.0
189 265 -90.0
189 267 -108.0
189 269 -101.0
189 275 -111.0
189 277 -105.0
189 282 -96.0
189 285 -100.0
189 289 -107.0
189 297 -106.0
189 298 -101.0
189 300 -96.0
189 301 -100.0
189 316 -93.0
189 318 -106.0
189 322 -105.0
189 332 -107.0
189 336 -107.0
189 339 -99.0
189 344 -90.0
189 354 -98.0
189 355 -96.0
189 357 -90.0
189 361 -91.0
189 368 -96.0
189 370 -110.0
189 371 -97.0
189 373 -97.0
189 383 -101.0
189 394 -105.0
189 402 -105.0
189 403 -106.0
189 410 -101.0
189 415 -90.0
189 421 -96.0
189 422 -102.0
189 423 -108.0
189 426 -99.0
189 431 -94.0
189 437 -93.0
189 438 -98.0
189 440 -103.0
189 445 -97.0
189 451 -103.0
189 454 -89.0
189 456 -107.0
189 457 -100.0
189 465 -99.0
189 470 -99.0
189 478 -98.0
189 483 -103.0
189 489 -105.0
189 490 -102.0
189 491 -102.0
189 499 -96.0
189 512 -95.0
189 519 -104.0
189 521 -101.0
189 532 -96.0
189 535 -102.0
189 549 -91.0
189 553 -99.0
189 557 -96.0
189 560 -96.0
189 561 -93.0
189 563 -99.0
189 565 -94.0
189 569 -102.0
189 576 -97.0
189 585 -111.0
189 588 -101.0
189 594 -97.0
189 598 -90.0
189 599 -91.0
189 605 -101.0
189 606 -97.0
189 612 -105.0
189 614 -100.0
189 619 -102.0
189 625 -107.0
189 627 -98.0
189 640 -106.0
190 194 -103.0
190 203 -98.0
190 206 -112.0
190 207 -98.0
190 215 -101.0
190 224 -103.0
190 226 -104.0
190 227 -99.0
190 228 -103.0
190 239 -100.0
190 244 -108.0
190 249 -105.0
190 252 -103.0
190 253 -100.0
190 260 -104.0
190 269 -97.0
190 271 -107.0
190 275 -99.0
190 278 -87.0
190 287 -99.0
190 296 -95.0
190 299 -97.0
190 303 -101.0
190 320 -99.0
190 332 -100.0
190 334 -103.0
190 349 -104.0
190 353 -100.0
190 368 -97.0
190 375 -102.0
190 380 -92.0
190 386 -102.0
190 392 -95.0
190 393 -95.0
190 396 -104.0
190 401 -99.0
190 403 -104.0
190 404 -97.0
190 407 -97.0
190 411 -99.0
190 416 -96.0
190 419 -101.0
190 423 -100.0
190 424 -97.0
190 425 -94.0
190 426 -103.0
190 433 -107.0
190 434 -100.0
190 440 -95.0
190 469 -101.0
190 471 -100.0
190 473 -97.0
190 482 -110.0
190 491 -97.0
190 501 -101.0
190 511 -94.0
190 522 -95.0
190 530 -110.0
190 538 -96.0
190 548 -97.0
190 555 -94.0
190 556 -104.0
190 557 -105.0
190 558 -99.0
190 560 -102.0
190 562 -103.0
190 563 -98.0
190 564 -104.0
190 565 -103.0
190 575 -97.0
190 578 -104.0
190 580 -98.0
190 582 -95.0
190 584 -98.0
190 595 -100.0
190 597 -94.0
190 600 -99.0
190 605 -94.0
190 614 -103.0
190 617 -88.0
190 619 -98.0
190 624 -101.0
190 629 -96.0
190 636 -89.0
190 639 -100.0
191 196 -107.0
191 204 -101.0
191 207 -101.0
191 215 -97.0
191 222 -101.0
191 230 -96.0
191 233 -98.0
191 238 -101.0
191 239 -92.0
191 242 -93.0
191 243 -101.0
191 248 -92.0
191 250 -99.0
191 252 -104.0
191 253 -102.0
191 269 -106.0
191 272 -97.0
191 273 -100.0
191 279 -98.0
191 292 -91.0
191 296 -105.0
191 302 -98.0
191 305 -105.0
191 309 -105.0
191 312 -107.0
191 314 -102.0
191 326 -105.0
191 329 -95.0
191 330 -101.0
191 333 -107.0
191 338 -102.0
191 347 -97.0
191 351 -105.0
191 352 -99.0
191 356 -112.0
191 360 -98.0
191 362 -106.0
191 370 -100.0
191 371 -99.0
191 373 -92.0
191 375 -102.0
191 377 -105.0
191 387 -95.0
191 399 -104.0
191 403 -99.0
191 405 -104.0
191 415 -97.0
191 420 -102.0
191 422 -102.0
191 423 -100.0
191 427 -103.0
191 436 -98.0
191 443 -98.0
191 444 -98.0
191 449 -100.0
191 450 -97.0
191 456 -99.0
191 465 -94.0
191 483 -98.0
191 488 -100.0
191 493 -98.0
191 505 -102.0
191 507 -108.0
191 508 -99.0
191 511 -93.0
191 513 -106.0
191 515 -99.0
191 519 -97.0
191 520 -94.0
191 521 -103.0
191 523 -105.0
191 524 -102.0
191 535 -102.0
191 538 -98.0
191 554 -98.0
191 555 -98.0
191 558 -99.0
191 565 -94.0
191 574 -99.0
191 576 -102.0
191 583 -98.0
191 585 -107.0
191 594 -101.0
191 597 -109.0
191 614 -94.0
191 616 -97.0
191 626 -98.0
191 632 -106.0
192 195 -101.0
192 202 -104.0
192 204 -105.0
192 207 -93.0
192 217 -102.0
192 220 -103.0
192 224 -103.0
192 229 -103.0
192 248 -102.0
192 255 -97.0
192 256 -97.0
192 268 -99.0
192 271 -98.0
192 274 -100.0
192 277 -96.0
192 283 -97.0
192 289 -101.0
192 290 -101.0
192 293 -95.0
192 296 -96.0
192 307 -99.0
192 313 -96.0
192 316 -100.0
192 317 -95.0
192 319 -104.0
192 323 -101.0
192 325 -95.0
192 335 -104.0
192 341 -106.0
192 350 -108.0
192 360 -93.0
192 369 -105.0
192 376 -100.0
192 381 -106.0
192 384 -89.0
192 392 -102.0
192 399 -103.0
192 401 -98.0
192 408 -95.0
192 410 -99.0
192 411 -102.0
192 413 -110.0
192 426 -98.0
192 433 -96.0
192 434 -93.0
192 435 -107.0
192 446 -97.0
192 457 -99.0
192 461 -102.0
192 467 -110.0
192 473 -91.0
192 475 -97.0
192 477 -95.0
192 484 -100.0
192 485 -102.0
192 497 -104.0
192 499 -100.0
192 500 -99.0
192 510 -100.0
192 513 -100.0
192 516 -110.0
192 517 -98.0
192 519 -94.0
192 520 -100.0
192 521 -91.0
192 535 -102.0
192 537 -93.0
192 542 -97.0
192 556 -100.0
192 557 -94.0
192 562 -96.0
192 563 -100.0
192 568 -107.0
192 573 -98.0
192 579 -95.0
192 580 -97.0
192 586 -91.0
192 590 -101.0
192 592 -99.0
192 597 -86.0
192 598 -104.0
192 600 -105.0
192 601 -95.0
192 604 -97.0
192 606 -99.0
192 609 -91.0
192 611 -104.0
192 627 -102.0
193 194 -101.0
193 204 -105.0
193 206 -97.0
193 238 -91.0
193 242 -96.0
193 269 -104.0
193 274 -97.0
193 277 -99.0
193 279 -96.0
193 285 -97.0
193 291 -100.0
193 293 -108.0
193 296 -108.0
193 300 -99.0
193 304 -97.0
193 306 -105.0
193 309 -112.0
193 323 -103.0
193 339 -100.0
193 345 -101.0
193 346 -102.0
193 347 -93.0
193 349 -95.0
193 352 -101.0
193 354 -101.0
193 368 -107.0
193 385 -105.0
193 386 -99.0
193 388 -102.0
193 392 -97.0
193 396 -99.0
193 400 -103.0
193 404 -102.0
193 406 -94.0
193 407 -87.0
193 416 -93.0
193 432 -90.0
193 440 -98.0
193 450 -96.0
193 454 -93.0
193 462 -97.0
193 463 -95.0
193 464 -103.0
193 468 -83.0
193 476 -102.0
193 479 -103.0
193 480 -101.0
193 482 -98.0
193 483 -98.0
193 484 -109.0
193 486 -100.0
193 496 -107.0
193 497 -108.0
193 501 -93.0
193 509 -100.0
193 517 -99.0
193 519 -98.0
193 520 -93.0
193 528 -94.0
193 531 -108.0
193 536 -105.0
193 540 -99.0
193 552 -96.0
193 553 -91.0
193 558 -97.0
193 559 -97.0
193 561 -95.0
193 562 -100.0
193 576 -92.0
193 578 -99.0
193 582 -103.0
193 587 -90.0
193 596 -102.0
193 601 -101.0
193 605 -96.0
193 620 -105.0
193 623 -102.0
193 625 -93.0
193 626 -98.0
193 628 -99.0
193 630 -91.0
193 634 -91.0
193 637 -103.0
194 197 -98.0
194 200 -102.0
194 207 -100.0
194 210 -104.0
194 217 -103.0
194 219 -98.0
194 229 -96.0
194 231 -102.0
194 235 -97.0
194 236 -98.0
194 237 -100.0
194 242 -96.0
194 259 -93.0
194 262 -99.0
194 264 -107.0
194 267 -99.0
194 269 -98.0
194 271 -113.0
194 272 -97.0
194 281 -103.0
194 287 -101.0
194 289 -99.0
194 291 -98.0
194 293 -94.0
194 298 -96.0
194 302 -103.0
194 309 -103.0
194 312 -97.0
194 318 -99.0
194 323 -98.0
194 324 -93.0
194 332 -101.0
194 333 -93.0
194 338 -90.0
194 340 -106.0
194 341 -85.0
194 347 -101.0
194 355 -106.0
194 358 -108.0
194 364 -96.0
194 367 -98.0
194 370 -96.0
194 371 -99.0
194 378 -100.0
194 383 -107.0
194 386 -96.0
194 394 -97.0
194 395 -92.0
194 396 -99.0
194 398 -95.0
194 399 -89.0
194 401 -104.0
194 409 -95.0
194 419 -104.0
194 429 -101.0
194 436 -96.0
194 448 -104.0
194 454 -109.0
194 468 -88.0
194 470 -103.0
194 479 -96.0
194 481 -101.0
194 485 -100.0
194 500 -92.0
194 502 -100.0
194 509 -104.0
194 514 -93.0
194 516 -97.0
194 520 -111.0
194 527 -97.0
194 528 -105.0
194 530 -98.0
194 531 -105.0
194 537 -93.0
194 546 -92.0
194 547 -101.0
194 549 -94.0
194 560 -109.0
194 566 -102.0
194 572 -96.0
194 578 -95.0
194 589 -92.0
194 591 -97.0
194 594 -100.0
194 595 -107.0
194 596 -106.0
194 597 -102.0
194 600 -101.0
194 601 -91.0
194 604 -99.0
194 605 -91.0
194 606 -97.0
194 609 -102.0
194 613 -101.0
194 623 -102.0
194 625 -97.0
194 626 -102.0
194 637 -108.0
195 198 -103.0
195 207 -97.0
195 210 -100.0
195 215 -100.0
195 216 -102.0
195 223 -100.0
195 224 -104.0
195 229 -102.0
195 231 -105.0
195 232 -94.0
195 233 -92.0
195 240 -99.0
195 243 -105.0
195 244 -89.0
195 250 -98.0
195 251 -88.0
195 253 -105.0
195 254 -104.0
195 262 -99.0
195 273 -105.0
195 276 -99.0
195 279 -98.0
195 287 -107.0
195 290 -103.0
195 302 -89.0
195 306 -110.0
195 311 -101.0
195 313 -103.0
195 314 -93.0
195 321 -106.0
195 323 -104.0
195 325 -100.0
195 326 -96.0
195 328 -101.0
195 331 -96.0
195 349 -98.0
195 353 -99.0
195 355 -98.0
195 360 -103.0
195 361 -94.0
195 369 -96.0
195 375 -109.0
195 376 -92.0
195 380 -96.0
195 386 -103.0
195 387 -98.0
195 391 -98.0
195 394 -92.0
195 400 -100.0
195 402 -99.0
195 407 -100.0
195 408 -92.0
195 411 -97.0
195 413 -104.0
195 414 -98.0
195 425 -101.0
195 428 -100.0
195 445 -103.0
195 449 -102.0
195 451 -108.0
195 454 -94.0
195 455 -106.0
195 456 -102.0
195 460 -82.0
195 467 -98.0
195 484 -105.0
195 485 -100.0
195 486 -97.0
195 489 -105.0
195 494 -99.0
195 495 -92.0
195 498 -100.0
195 500 -100.0
195 509 -94.0
195 511 -107.0
195 519 -104.0
195 522 -102.0
195 542 -108.0
195 546 -106.0
195 547 -105.0
195 549 -102.0
195 553 -98.0
195 555 -103.0
195 564 -113.0
195 565 -103.0
195 573 -101.0
195 577 -104.0
195 583 -99.0
195 585 -105.0
195 588 -100.0
195 590 -96.0
195 592 -104.0
195 598 -103.0
195 602 -104.0
195 605 -101.0
195 613 -103.0
195 622 -99.0
195 627 -99.0
195 630 -100.0
196 216 -95.0
196 222 -101.0
196 224 -100.0
196 230 -102.0
196 240 -105.0
196 242 -105.0
196 243 -97.0
196 244 -91.0
196 246 -101.0
196 251 -105.0
196 256 -100.0
196 269 -95.0
196 279 -94.0
196 284 -94.0
196 285 -104.0
196 316 -102.0
196 325 -103.0
196 326 -104.0
196 327 -101.0
196 330 -102.0
196 331 -89.0
196 335 -97.0
196 337 -89.0
196 339 -91.0
196 347 -111.0
196 353 -96.0
196 359 -108.0
196 362 -94.0
196 366 -93.0
196 374 -98.0
196 376 -95.0
196 384 -94.0
196 391 -97.0
196 394 -112.0
196 398 -95.0
196 400 -100.0
196 403 -96.0
196 408 -100.0
196 415 -95.0
196 417 -100.0
196 419 -97.0
196 420 -98.0
196 422 -102.0
196 431 -101.0
196 437 -95.0
196 438 -92.0
196 441 -99.0
196 448 -103.0
196 452 -85.0
196 454 -96.0
196 465 -102.0
196 474 -101.0
196 476 -94.0
196 481 -99.0
196 488 -111.0
196 492 -108.0
196 497 -104.0
196 508 -91.0
196 513 -103.0
196 516 -98.0
196 518 -98.0
196 519 -93.0
196 522 -95.0
196 527 -98.0
196 529 -101.0
196 532 -93.0
196 543 -102.0
196 546 -104.0
196 550 -104.0
196 568 -94.0
196 578 -109.0
196 579 -105.0
196 581 -100.0
196 583 -90.0
196 585 -105.0
196 588 -101.0
196 595 -101.0
196 596 -95.0
196 603 -101.0
196 605 -96.0
196 610 -101.0
196 611 -95.0
196 618 -100.0
196 630 -101.0
196 633 -99.0
196 639 -99.0
197 201 -99.0
197 202 -98.0
197 211 -98.0
197 219 -95.0
197 233 -98.0
197 237 -105.0
197 242 -104.0
197 245 -98.0
197 253 -104.0
197 256 -91.0
197 262 -105.0
197 265 -104.0
197 283 -100.0
197 285 -97.0
197 289 -108.0
197 291 -101.0
197 296 -101.0
197 297 -102.0
197 301 -100.0
197 304 -93.0
197 310 -102.0
197 312 -95.0
197 314 -107.0
197 325 -97.0
197 327 -96.0
197 344 -92.0
197 345 -102.0
197 350 -92.0
197 351 -103.0
197 358 -91.0
197 363 -106.0
197 366 -104.0
197 367 -95.0
197 375 -95.0
197 376 -98.0
197 381 -97.0
197 386 -105.0
197 396 -91.0
197 403 -104.0
197 404 -101.0
197 407 -104.0
197 408 -103.0
197 416 -100.0
197 418 -96.0
197 423 -111.0
197 426 -103.0
197 432 -97.0
197 434 -93.0
197 436 -104.0
197 441 -92.0
197 443 -103.0
197 445 -99.0
197 449 -91.0
197 450 -98.0
197 457 -110.0
197 458 -99.0
197 460 -105.0
197 465 -103.0
197 470 -104.0
197 471 -96.0
197 476 -106.0
197 482 -91.0
197 489 -105.0
197 492 -108.0
197 496 -99.0
197 499 -101.0
197 505 -102.0
197 512 -104.0
197 515 -100.0
197 516 -104.0
197 519 -101.0
197 521 -108.0
197 522 -99.0
197 525 -97.0
197 529 -100.0
197 533 -101.0
197 534 -106.0
197 538 -101.0
197 544 -101.0
197 547 -99.0
197 556 -116.0
197 560 -99.0
197 570 -97.0
197 573 -95.0
197 574 -103.0
197 588 -96.0
197 591 -106.0
197 592 -113.0
197 604 -101.0
197 606 -93.0
197 609 -108.0
197 618 -93.0
197 621 -95.0
197 623 -90.0
197 624 -94.0
197 627 -104.0
197 634 -100.0
198 203 -102.0
198 205 -98.0
198 206 -104.0
198 214 -108.0
198 225 -97.0
198 227 -103.0
198 228 -100.0
198 244 -98.0
198 257 -101.0
198 260 -98.0
198 265 -96.0
198 266 -97.0
198 268 -97.0
198 273 -105.0
198 275 -98.0
198 278 -107.0
198 281 -100.0
198 300 -97.0
198 312 -99.0
198 316 -100.0
198 320 -101.0
198 322 -100.0
198 324 -104.0
198 329 -97.0
198 343 -92.0
198 352 -100.0
198 361 -102.0
198 366 -106.0
198 368 -108.0
198 371 -101.0
198 377 -99.0
198 383 -101.0
198 390 -96.0
198 402 -92.0
198 405 -100.0
198 408 -107.0
198 409 -99.0
198 417 -93.0
198 418 -93.0
198 421 -97.0
198 423 -97.0
198 441 -106.0
198 443 -116.0
198 446 -93.0
198 448 -100.0
198 454 -97.0
198 455 -97.0
198 458 -100.0
198 465 -94.0
198 466 -97.0
198 477 -105.0
198 483 -100.0
198 487 -102.0
198 491 -100.0
198 495 -91.0
198 499 -97.0
198 511 -100.0
198 512 -97.0
198 518 -99.0
198 519 -93.0
198 521 -94.0
198 528 -103.0
198 534 -108.0
198 538 -96.0
198 540 -106.0
198 544 -101.0
198 547 -107.0
198 558 -95.0
198 562 -103.0
198 576 -102.0
198 580 -95.0
198 585 -98.0
198 591 -103.0
198 594 -102.0
198 598 -101.0
198 609 -98.0
198 613 -99.0
198 615 -95.0
198 623 -94.0
198 625 -97.0
198 635 -91.0
198 636 -95.0
198 637 -102.0
198 638 -96.0
199 207 -103.0
199 211 -97.0
199 218 -108.0
199 229 -98.0
199 242 -104.0
199 243 -102.0
199 265 -100.0
199 270 -102.0
199 272 -106.0
199 276 -103.0
199 280 -96.0
199 291 -103.0
199 296 -95.0
199 317 -104.0
199 319 -97.0
199 322 -98.0
199 324 -104.0
199 329 -102.0
199 334 -99.0
199 346 -96.0
199 352 -103.0
199 356 -98.0
199 358 -98.0
199 366 -94.0
199 373 -100.0
199 380 -104.0
199 382 -93.0
199 392 -100.0
199 399 -103.0
199 403 -103.0
199 405 -98.0
199 413 -99.0
199 424 -96.0
199 437 -98.0
199 442 -90.0
199 444 -102.0
199 445 -97.0
199 456 -97.0
199 457 -93.0
199 462 -100.0
199 464 -103.0
199 470 -95.0
199 482 -102.0
199 484 -103.0
199 485 -97.0
199 492 -94.0
199 494 -97.0
199 495 -97.0
199 500 -98.0
199 503 -105.0
199 509 -104.0
199 511 -98.0
199 512 -104.0
199 517 -93.0
199 526 -97.0
199 527 -91.0
199 529 -99.0
199 530 -95.0
199 537 -103.0
199 538 -110.0
199 540 -99.0
199 541 -105.0
199 542 -93.0
199 547 -91.0
199 553 -102.0
199 554 -102.0
199 555 -98.0
199 564 -97.0
199 568 -96.0
199 577 -106.0
199 581 -103.0
199 583 -99.0
199 602 -90.0
199 603 -99.0
199 606 -100.0
199 608 -100.0
199 617 -95.0
199 621 -110.0
199 623 -97.0
199 631 -98.0
199 635 -94.0
199 638 -100.0
200 204 -97.0
200 206 -95.0
200 215 -99.0
200 220 -97.0
200 224 -104.0
200 237 -104.0
200 245 -96.0
200 260 -100.0
200 263 -98.0
200 264 -100.0
200 275 -103.0
200 277 -98.0
200 282 -99.0
200 284 -102.0
200 287 -110.0
200 290 -101.0
200 303 -94.0
200 308 -98.0
200 309 -108.0
200 315 -106.0
200 319 -102.0
200 321 -99.0
200 325 -98.0
200 326 -106.0
200 329 -106.0
200 332 -95.0
200 335 -101.0
200 348 -102.0
200 351 -97.0
200 355 -102.0
200 361 -99.0
200 367 -111.0
200 370 -101.0
200 376 -99.0
200 377 -100.0
200 395 -107.0
200 398 -100.0
200 418 -98.0
200 432 -103.0
200 437 -101.0
200 438 -102.0
200 446 -96.0
200 452 -101.0
200 455 -102.0
200 456 -98.0
200 457 -93.0
200 462 -103.0
200 463 -109.0
200 468 -103.0
200 469 -101.0
200 477 -91.0
200 484 -93.0
200 490 -109.0
200 493 -97.0
200 497 -107.0
200 498 -101.0
200 500 -104.0
200 505 -99.0
200 506 -101.0
200 509 -102.0
200 513 -98.0
200 520 -102.0
200 525 -100.0
200 538 -101.0
200 555 -103.0
200 562 -103.0
200 567 -96.0
200 568 -98.0
200 573 -104.0
200 580 -92.0
200 581 -97.0
200 583 -110.0
200 586 -101.0
200 589 -104.0
200 590 -93.0
200 593 -99.0
200 597 -94.0
200 602 -108.0
200 604 -98.0
200 605 -101.0
200 609 -108.0
200 613 -89.0
200 614 -106.0
200 619 -109.0
200 620 -101.0
200 624 -103.0
200 631 -103.0
200 634 -96.0
200 635 -100.0
201 205 -98.0
201 222 -98.0
201 236 -108.0
201 239 -102.0
201 241 -101.0
201 248 -106.0
201 254 -97.0
201 255 -99.0
201 264 -99.0
201 281 -102.0
201 285 -95.0
201 292 -91.0
201 302 -109.0
201 303 -112.0
201 304 -100.0
201 309 -97.0
201 313 -102.0
201 314 -100.0
201 327 -94.0
201 330 -98.0
201 331 -104.0
201 334 -99.0
201 342 -103.0
201 345 -98.0
201 355 -93.0
201 357 -104.0
201 359 -100.0
201 360 -104.0
201 363 -102.0
201 375 -98.0
201 376 -94.0
201 382 -98.0
201 384 -98.0
201 386 -96.0
201 387 -102.0
201 388 -96.0
201 396 -102.0
201 401 -86.0
201 410 -96.0
201 414 -99.0
201 415 -99.0
201 422 -102.0
201 431 -96.0
201 432 -95.0
201 434 -103.0
201 438 -92.0
201 444 -111.0
201 449 -111.0
201 450 -93.0
201 459 -94.0
201 462 -99.0
201 464 -97.0
201 472 -93.0
201 474 -99.0
201 475 -89.0
201 482 -106.0
201 483 -92.0
201 484 -105.0
201 502 -98.0
201 506 -92.0
201 511 -103.0
201 513 -95.0
201 514 -99.0
201 517 -93.0
201 522 -100.0
201 524 -106.0
201 526 -96.0
201 531 -98.0
201 533 -99.0
201 535 -105.0
201 541 -98.0
201 549 -103.0
201 555 -106.0
201 563 -100.0
201 565 -95.0
201 567 -107.0
201 571 -105.0
201 575 -88.0
201 576 -98.0
201 577 -96.0
201 580 -94.0
201 588 -95.0
201 595 -97.0
201 596 -101.0
201 598 -95.0
201 600 -99.0
201 603 -100.0
201 606 -99.0
201 607 -103.0
201 613 -98.0
201 616 -104.0
201 624 -90.0
201 629 -99.0
201 630 -102.0
201 634 -105.0
201 640 -97.0
202 203 -102.0
202 206 -95.0
202 213 -105.0
202 234 -99.0
202 235 -93.0
202 237 -94.0
202 243 -107.0
202 244 -97.0
202 256 -107.0
202 257 -101.0
202 258 -101.0
202 266 -98.0
202 271 -100.0
202 272 -100.0
202 274 -95.0
202 275 -90.0
202 281 -102.0
202 282 -95.0
202 294 -105.0
202 296 -87.0
202 299 -94.0
202 302 -97.0
202 308 -104.0
202 318 -95.0
202 323 -93.0
202 324 -103.0
202 325 -101.0
202 326 -102.0
202 331 -101.0
202 337 -100.0
202 345 -101.0
202 351 -109.0
202 353 -97.0
202 357 -87.0
202 361 -98.0
202 364 -101.0
202 367 -99.0
202 371 -92.0
202 374 -102.0
202 381 -101.0
202 385 -92.0
202 393 -105.0
202 394 -109.0
202 395 -104.0
202 400 -98.0
202 409 -92.0
202 414 -97.0
202 415 -105.0
202 417 -105.0
202 424 -98.0
202 432 -102.0
202 435 -93.0
202 438 -93.0
202 441 -101.0
202 453 -94.0
202 466 -101.0
202 477 -100.0
202 478 -98.0
202 480 -97.0
202 481 -92.0
202 484 -102.0
202 489 -101.0
202 490 -91.0
202 492 -97.0
202 498 -101.0
202 505 -97.0
202 510 -104.0
202 512 -94.0
202 516 -96.0
202 521 -107.0
202 526 -103.0
202 531 -97.0
202 553 -98.0
202 554 -96.0
202 556 -100.0
202 563 -93.0
202 572 -97.0
202 574 -106.0
202 575 -100.0
202 580 -98.0
202 583 -97.0
202 606 -106.0
202 611 -97.0
202 614 -101.0
202 618 -91.0
202 624 -102.0
202 629 -105.0
202 637 -105.0
203 209 -96.0
203 210 -103.0
203 222 -104.0
203 226 -95.0
203 230 -106.0
203 233 -102.0
203 235 -99.0
203 246 -105.0
203 247 -99.0
203 248 -100.0
203 250 -108.0
203 251 -104.0
203 253 -100.0
203 261 -108.0
203 263 -101.0
203 268 -101.0
203 271 -100.0
203 276 -107.0
203 281 -97.0
203 297 -94.0
203 311 -107.0
203 315 -98.0
203 322 -100.0
203 327 -99.0
203 331 -100.0
203 332 -90.0
203 336 -102.0
203 344 -109.0
203 355 -104.0
203 356 -101.0
203 362 -101.0
203 366 -95.0
203 370 -98.0
203 372 -101.0
203 385 -101.0
203 396 -101.0
203 400 -95.0
203 401 -101.0
203 404 -104.0
203 408 -93.0
203 411 -103.0
203 413 -88.0
203 419 -102.0
203 421 -104.0
203 424 -95.0
203 425 -106.0
203 428 -102.0
203 432 -96.0
203 434 -100.0
203 436 -102.0
203 466 -94.0
203 477 -94.0
203 484 -98.0
203 485 -99.0
203 491 -105.0
203 493 -98.0
203 496 -91.0
203 505 -105.0
203 508 -96.0
203 525 -94.0
203 526 -101.0
203 531 -103.0
203 532 -87.0
203 536 -95.0
203 538 -97.0
203 540 -106.0
203 541 -93.0
203 546 -97.0
203 549 -92.0
203 551 -102.0
203 556 -100.0
203 560 -103.0
203 573 -102.0
203 579 -107.0
203 581 -98.0
203 594 -93.0
203 599 -99.0
203 603 -101.0
203 611 -109.0
203 613 -98.0
203 614 -100.0
203 616 -100.0
203 623 -102.0
203 624 -101.0
203 626 -101.0
203 628 -101.0
203 632 -100.0
203 637 -103.0
204 207 -106.0
204 211 -108.0
204 215 -104.0
204 223 -105.0
204 227 -97.0
204 229 -109.0
204 236 -104.0
204 238 -96.0
204 243 -101.0
204 250 -89.0
204 251 -110.0
204 254 -97.0
204 259 -107.0
204 270 -98.0
204 272 -103.0
204 273 -92.0
204 274 -98.0
204 283 -99.0
204 289 -98.0
204 293 -102.0
204 299 -96.0
204 303 -107.0
204 305 -99.0
204 317 -100.0
204 323 -104.0
204 328 -89.0
204 334 -99.0
204 336 -98.0
204 337 -90.0
204 351 -97.0
204 362 -114.0
204 368 -97.0
204 388 -101.0
204 393 -91.0
204 395 -99.0
204 397 -106.0
204 400 -99.0
204 407 -94.0
204 413 -100.0
204 415 -102.0
204 420 -92.0
204 432 -92.0
204 437 -100.0
204 441 -97.0
204 446 -88.0
204 450 -108.0
204 454 -97.0
204 459 -106.0
204 464 -97.0
204 471 -105.0
204 474 -101.0
204 477 -98.0
204 480 -102.0
204 481 -107.0
204 486 -114.0
204 488 -102.0
204 492 -101.0
204 495 -105.0
204 497 -97.0
204 500 -97.0
204 525 -92.0
204 528 -92.0
204 530 -100.0
204 531 -98.0
204 533 -99.0
204 537 -95.0
204 538 -96.0
204 548 -99.0
204 553 -91.0
204 556 -107.0
204 560 -91.0
204 574 -100.0
204 575 -101.0
204 590 -98.0
204 591 -96.0
204 595 -87.0
204 596 -97.0
204 600 -99.0
204 607 -98.0
204 613 -102.0
204 615 -104.0
204 617 -96.0
204 626 -100.0
204 631 -103.0
204 633 -107.0
204 635 -94.0
205 208 -102.0
205 212 -99.0
205 213 -101.0
205 215 -105.0
205 229 -97.0
205 235 -101.0
205 240 -102.0
205 249 -104.0
205 250 -103.0
205 252 -102.0
205 255 -102.0
205 257 -109.0
205 258 -100.0
205 259 -97.0
205 260 -102.0
205 261 -98.0
205 274 -94.0
205 283 -99.0
205 286 -102.0
205 296 -108.0
205 299 -104.0
205 305 -103.0
205 310 -105.0
205 312 -98.0
205 315 -102.0
205 323 -98.0
205 324 -89.0
205 333 -103.0
205 338 -92.0
205 339 -97.0
205 341 -103.0
205 343 -101.0
205 345 -100.0
205 351 -95.0
205 353 -101.0
205 366 -106.0
205 368 -109.0
205 381 -100.0
205 393 -102.0
205 395 -99.0
205 400 -104.0
205 401 -97.0
205 407 -108.0
205 410 -97.0
205 430 -102.0
205 432 -96.0
205 436 -104.0
205 438 -101.0
205 441 -102.0
205 457 -105.0
205 470 -106.0
205 473 -99.0
205 477 -97.0
205 492 -102.0
205 496 -102.0
205 527 -95.0
205 545 -110.0
205 546 -97.0
205 553 -104.0
205 560 -99.0
205 561 -101.0
205 568 -99.0
205 581 -90.0
205 583 -103.0
205 588 -104.0
205 604 -96.0
205 607 -91.0
205 611 -99.0
205 616 -100.0
205 620 -104.0
205 623 -104.0
205 625 -99.0
205 626 -95.0
205 633 -95.0
205 634 -106.0
205 640 -107.0
206 208 -91.0
206 210 -94.0
206 216 -91.0
206 221 -105.0
206 222 -92.0
206 224 -102.0
206 225 -107.0
206 229 -106.0
206 230 -101.0
206 236 -98.0
206 252 -93.0
206 254 -90.0
206 261 -102.0
206 262 -104.0
206 264 -99.0
206 268 -99.0
206 269 -97.0
206 280 -103.0
206 281 -96.0
206 282 -91.0
206 285 -100.0
206 288 -103.0
206 289 -99.0
206 296 -103.0
206 297 -96.0
206 299 -105.0
206 308 -97.0
206 312 -100.0
206 320 -105.0
206 326 -97.0
206 327 -96.0
206 328 -101.0
206 335 -103.0
206 337 -100.0
206 342 -100.0
206 344 -101.0
206 345 -99.0
206 346 -99.0
206 351 -91.0
206 352 -102.0
206 379 -106.0
206 380 -96.0
206 386 -87.0
206 387 -101.0
206 388 -101.0
206 392 -96.0
206 403 -95.0
206 407 -104.0
206 408 -93.0
206 410 -98.0
206 411 -96.0
206 416 -90.0
206 422 -99.0
206 426 -98.0
206 427 -108.0
206 434 -103.0
206 443 -103.0
206 445 -99.0
206 447 -99.0
206 448 -100.0
206 453 -106.0
206 456 -94.0
206 457 -106.0
206 461 -97.0
206 466 -91.0
206 475 -99.0
206 477 -88.0
206 488 -93.0
206 500 -101.0
206 502 -91.0
206 507 -104.0
206 510 -98.0
206 513 -97.0
206 514 -116.0
206 515 -93.0
206 516 -96.0
206 523 -97.0
206 526 -100.0
206 530 -92.0
206 531 -100.0
206 532 -100.0
206 535 -111.0
206 538 -96.0
206 539 -97.0
206 550 -108.0
206 553 -100.0
206 554 -114.0
206 556 -101.0
206 557 -108.0
206 559 -99.0
206 562 -98.0
206 583 -95.0
206 585 -93.0
206 592 -102.0
206 596 -101.0
206 599 -95.0
206 616 -96.0
206 619 -97.0
206 621 -94.0
206 625 -112.0
206 629 -101.0
206 635 -91.0
206 637 -104.0
207 211 -94.0
207 212 -105.0
207 213 -97.0
207 214 -110.0
207 225 -100.0
207 227 -107.0
207 234 -105.0
207 236 -98.0
207 246 -103.0
207 247 -101.0
207 248 -94.0
207 253 -106.0
207 256 -94.0
207 259 -102.0
207 262 -100.0
207 264 -103.0
207 265 -106.0
207 266 -98.0
207 268 -95.0
207 270 -101.0
207 275 -93.0
207 284 -105.0
207 287 -101.0
207 290 -97.0
207 299 -106.0
207 302 -89.0
207 313 -104.0
207 318 -93.0
207 328 -101.0
207 333 -93.0
207 346 -102.0
207 352 -110.0
207 355 -99.0
207 356 -102.0
207 369 -94.0
207 371 -98.0
207 372 -103.0
207 381 -101.0
207 394 -101.0
207 399 -98.0
207 412 -101.0
207 416 -92.0
207 421 -92.0
207 422 -100.0
207 423 -103.0
207 426 -102.0
207 428 -102.0
207 437 -98.0
207 449 -89.0
207 452 -94.0
207 454 -97.0
207 462 -99.0
207 494 -101.0
207 503 -99.0
207 508 -106.0
207 510 -95.0
207 511 -96.0
207 528 -100.0
207 529 -101.0
207 559 -99.0
207 560 -94.0
207 561 -95.0
207 581 -92.0
207 589 -100.0
207 594 -90.0
207 597 -97.0
207 614 -103.0
207 628 -102.0
207 634 -96.0
208 221 -102.0
208 227 -102.0
208 237 -104.0
208 241 -97.0
208 243 -95.0
208 250 -94.0
208 254 -96.0
208 255 -91.0
208 269 -94.0
208 273 -110.0
208 279 -110.0
208 283 -99.0
208 286 -96.0
208 287 -94.0
208 290 -94.0
208 303 -97.0
208 308 -99.0
208 312 -97.0
208 317 -92.0
208 319 -94.0
208 323 -99.0
208 332 -94.0
208 335 -109.0
208 338 -92.0
208 342 -96.0
208 346 -102.0
208 347 -97.0
208 350 -101.0
208 355 -102.0
208 360 -107.0
208 363 -98.0
208 365 -100.0
208 377 -101.0
208 378 -105.0
208 381 -95.0
208 387 -103.0
208 393 -96.0
208 397 -106.0
208 401 -95.0
208 403 -99.0
208 412 -106.0
208 418 -97.0
208 423 -93.0
208 425 -91.0
208 434 -101.0
208 436 -100.0
208 438 -97.0
208 446 -101.0
208 447 -95.0
208 456 -101.0
208 459 -101.0
208 463 -101.0
208 470 -93.0
208 479 -105.0
208 482 -95.0
208 483 -99.0
208 497 -94.0
208 498 -108.0
208 500 -98.0
208 505 -94.0
208 508 -99.0
208 517 -99.0
208 525 -96.0
208 526 -98.0
208 531 -114.0
208 537 -101.0
208 538 -99.0
208 542 -94.0
208 545 -103.0
208 548 -94.0
208 550 -94.0
208 552 -109.0
208 554 -109.0
208 570 -102.0
208 580 -103.0
208 585 -102.0
208 587 -100.0
208 603 -92.0
208 613 -100.0
208 614 -106.0
208 615 -97.0
208 621 -86.0
208 628 -108.0
208 630 -105.0
208 636 -94.0
208 640 -99.0
209 215 -103.0
209 217 -103.0
209 239 -84.0
209 244 -97.0
209 253 -100.0
209 258 -108.0
209 260 -96.0
209 265 -106.0
209 271 -97.0
209 273 -93.0
209 278 -101.0
209 288 -96.0
209 289 -102.0
209 293 -96.0
209 302 -99.0
209 306 -107.0
209 309 -103.0
209 312 -97.0
209 323 -100.0
209 327 -93.0
209 328 -99.0
209 329 -99.0
209 339 -104.0
209 346 -99.0
209 354 -99.0
209 356 -106.0
209 357 -98.0
209 360 -103.0
209 362 -102.0
209 363 -97.0
209 369 -103.0
209 382 -108.0
209 385 -97.0
209 401 -101.0
209 410 -101.0
209 417 -98.0
209 432 -101.0
209 449 -101.0
209 452 -92.0
209 458 -98.0
209 460 -97.0
209 465 -92.0
209 471 -105.0
209 480 -110.0
209 481 -105.0
209 482 -101.0
209 485 -100.0
209 488 -96.0
209 491 -97.0
209 495 -97.0
209 501 -97.0
209 505 -98.0
209 510 -101.0
209 517 -98.0
209 525 -100.0
209 529 -99.0
209 533 -93.0
209 535 -107.0
209 538 -88.0
209 540 -98.0
209 541 -96.0
209 545 -97.0
209 547 -92.0
209 548 -93.0
209 552 -97.0
209 553 -99.0
209 565 -109.0
209 566 -101.0
209 570 -106.0
209 576 -99.0
209 581 -96.0
209 582 -98.0
209 591 -104.0
209 593 -96.0
209 596 -105.0
209 605 -99.0
209 606 -103.0
209 609 -98.0
209 611 -99.0
209 613 -94.0
209 614 -108.0
209 619 -100.0
209 622 -99.0
209 630 -101.0
209 633 -95.0
209 635 -106.0
209 636 -103.0
210 219 -101.0
210 220 -89.0
210 221 -102.0
210 223 -93.0
210 228 -92.0
210 237 -94.0
210 243 -105.0
210 248 -100.0
210 256 -88.0
210 257 -102.0
210 269 -105.0
210 271 -95.0
210 278 -109.0
210 280 -95.0
210 282 -97.0
210 283 -97.0
210 284 -100.0
210 288 -100.0
210 291 -99.0
210 295 -93.0
210 314 -98.0
210 318 -98.0
210 325 -113.0
210 330 -98.0
210 331 -98.0
210 344 -104.0
210 358 -99.0
210 361 -99.0
210 365 -97.0
210 369 -94.0
210 375 -95.0
210 376 -102.0
210 379 -96.0
210 383 -100.0
210 385 -105.0
210 390 -103.0
210 391 -104.0
210 392 -108.0
210 398 -95.0
210 401 -99.0
210 414 -97.0
210 417 -95.0
210 425 -96.0
210 434 -99.0
210 443 -94.0
210 444 -105.0
210 451 -99.0
210 452 -98.0
210 457 -94.0
210 458 -96.0
210 459 -93.0
210 480 -104.0
210 484 -98.0
210 485 -98.0
210 505 -100.0
210 511 -101.0
210 513 -100.0
210 515 -103.0
210 518 -100.0
210 522 -97.0
210 523 -97.0
210 527 -106.0
210 529 -105.0
210 530 -102.0
210 531 -97.0
210 534 -101.0
210 537 -92.0
210 550 -96.0
210 552 -103.0
210 562 -93.0
210 565 -99.0
210 569 -105.0
210 590 -105.0
210 601 -104.0
210 607 -97.0
210 609 -94.0
210 611 -103.0
210 612 -102.0
210 614 -95.0
210 619 -96.0
210 624 -100.0
210 634 -103.0
211 214 -99.0
211 223 -97.0
211 226 -108.0
211 227 -102.0
211 229 -89.0
211 232 -92.0
211 236 -99.0
211 240 -96.0
211 242 -97.0
211 246 -107.0
211 249 -98.0
211 256 -99.0
211 259 -100.0
211 260 -104.0
211 263 -100.0
211 264 -90.0
211 266 -102.0
211 275 -86.0
211 277 -102.0
211 278 -102.0
211 281 -97.0
211 291 -99.0
211 295 -103.0
211 297 -110.0
211 301 -106.0
211 311 -96.0
211 315 -98.0
211 323 -105.0
211 329 -94.0
211 332 -92.0
211 336 -96.0
211 337 -102.0
211 343 -95.0
211 344 -87.0
211 349 -98.0
211 350 -96.0
211 352 -99.0
211 355 -100.0
211 360 -109.0
211 362 -89.0
211 363 -98.0
211 371 -99.0
211 372 -104.0
211 377 -94.0
211 387 -100.0
211 392 -101.0
211 397 -99.0
211 398 -98.0
211 400 -104.0
211 403 -93.0
211 413 -103.0
211 417 -101.0
211 423 -108.0
211 429 -101.0
211 436 -96.0
211 441 -96.0
211 442 -97.0
211 446 -95.0
211 447 -104.0
211 450 -107.0
211 454 -103.0
211 455 -97.0
211 457 -98.0
211 468 -103.0
211 469 -98.0
211 476 -94.0
211 482 -99.0
211 484 -96.0
211 490 -95.0
211 493 -103.0
211 500 -101.0
211 503 -93.0
211 507 -103.0
211 517 -95.0
211 519 -102.0
211 524 -104.0
211 526 -107.0
211 529 -94.0
211 531 -106.0
211 533 -99.0
211 536 -103.0
211 542 -94.0
211 547 -99.0
211 550 -97.0
211 557 -104.0
211 567 -102.0
211 570 -101.0
211 572 -96.0
211 578 -107.0
211 583 -92.0
211 587 -102.0
211 592 -95.0
211 600 -95.0
211 616 -98.0
211 618 -106.0
211 624 -97.0
211 630 -97.0
211 632 -104.0
212 214 -97.0
212 215 -89.0
212 216 -91.0
212 218 -110.0
212 223 -109.0
212 224 -100.0
212 228 -100.0
212 229 -105.0
212 231 -101.0
212 233 -96.0
212 240 -97.0
212 242 -99.0
212 249 -104.0
212 254 -106.0
212 257 -99.0
212 262 -104.0
212 267 -95.0
212 270 -99.0
212 273 -90.0
212 277 -106.0
212 278 -90.0
212 283 -99.0
212 285 -102.0
212 295 -96.0
212 296 -100.0
212 307 -105.0
212 311 -110.0
212 315 -96.0
212 319 -99.0
212 321 -101.0
212 329 -106.0
212 331 -101.0
212 345 -106.0
212 350 -106.0
212 355 -102.0
212 357 -91.0
212 366 -94.0
212 372 -105.0
212 377 -102.0
212 378 -100.0
212 385 -93.0
212 389 -101.0
212 391 -99.0
212 392 -95.0
212 399 -119.0
212 406 -106.0
212 408 -100.0
212 409 -101.0
212 414 -102.0
212 415 -100.0
212 420 -96.0
212 428 -101.0
212 429 -93.0
212 435 -94.0
212 438 -99.0
212 442 -85.0
212 445 -97.0
212 454 -92.0
212 455 -92.0
212 456 -103.0
212 461 -99.0
212 473 -99.0
212 481 -99.0
212 484 -103.0
212 485 -93.0
212 493 -105.0
212 499 -96.0
212 500 -93.0
212 506 -99.0
212 509 -108.0
212 512 -91.0
212 517 -99.0
212 520 -105.0
212 522 -92.0
212 527 -99.0
212 531 -107.0
212 537 -89.0
212 538 -97.0
212 544 -96.0
212 548 -97.0
212 553 -96.0
212 561 -97.0
212 565 -91.0
212 566 -95.0
212 574 -93.0
212 587 -99.0
212 588 -111.0
212 591 -104.0
212 592 -99.0
212 595 -96.0
212 602 -111.0
212 604 -94.0
212 607 -95.0
212 609 -104.0
212 615 -101.0
212 632 -100.0
212 633 -96.0
213 217 -99.0
213 225 -103.0
213 227 -103.0
213 229 -101.0
213 236 -92.0
213 241 -98.0
213 243 -96.0
213 244 -108.0
213 247 -103.0
213 251 -101.0
213 253 -100.0
213 256 -83.0
213 258 -101.0
213 263 -102.0
213 265 -101.0
213 270 -102.0
213 280 -103.0
213 281 -96.0
213 288 -95.0
213 289 -108.0
213 290 -105.0
213 293 -98.0
213 296 -103.0
213 302 -100.0
213 312 -101.0
213 315 -93.0
213 324 -101.0
213 329 -101.0
213 341 -100.0
213 348 -107.0
213 349 -96.0
213 352 -100.0
213 355 -102.0
213 364 -97.0
213 367 -107.0
213 368 -97.0
213 369 -92.0
213 379 -103.0
213 380 -103.0
213 381 -100.0
213 383 -101.0
213 385 -89.0
213 393 -89.0
213 400 -100.0
213 404 -103.0
213 405 -108.0
213 408 -99.0
213 414 -105.0
213 419 -97.0
213 423 -105.0
213 426 -110.0
213 434 -95.0
213 438 -107.0
213 439 -108.0
213 440 -101.0
213 452 -105.0
213 457 -93.0
213 458 -85.0
213 460 -98.0
213 464 -95.0
213 466 -105.0
213 472 -94.0
213 488 -96.0
213 494 -93.0
213 495 -105.0
213 503 -97.0
213 507 -103.0
213 510 -101.0
213 518 -110.0
213 519 -110.0
213 524 -98.0
213 549 -98.0
213 551 -95.0
213 561 -96.0
213 574 -92.0
213 576 -96.0
213 580 -107.0
213 583 -102.0
213 587 -89.0
213 588 -98.0
213 596 -98.0
213 603 -97.0
213 610 -97.0
213 620 -100.0
213 625 -96.0
214 221 -105.0
214 223 -98.0
214 227 -95.0
214 235 -97.0
214 236 -95.0
214 240 -104.0
214 268 -99.0
214 270 -102.0
214 272 -88.0
214 281 -101.0
214 284 -91.0
214 287 -100.0
214 294 -96.0
214 295 -110.0
214 300 -95.0
214 302 -94.0
214 304 -104.0
214 312 -96.0
214 326 -92.0
214 337 -97.0
214 345 -91.0
214 349 -97.0
214 350 -97.0
214 351 -95.0
214 352 -105.0
214 353 -100.0
214 357 -99.0
214 361 -108.0
214 365 -99.0
214 374 -107.0
214 385 -97.0
214 386 -90.0
214 391 -103.0
214 393 -103.0
214 402 -97.0
214 408 -102.0
214 421 -101.0
214 423 -102.0
214 433 -100.0
214 434 -101.0
214 436 -93.0
214 444 -99.0
214 445 -105.0
214 447 -98.0
214 459 -101.0
214 460 -98.0
214 462 -102.0
214 463 -110.0
214 466 -97.0
214 475 -102.0
214 479 -109.0
214 487 -91.0
214 492 -100.0
214 499 -100.0
214 510 -98.0
214 511 -104.0
214 521 -100.0
214 523 -96.0
214 536 -100.0
214 550 -100.0
214 558 -100.0
214 559 -95.0
214 564 -99.0
214 568 -103.0
214 592 -104.0
214 599 -95.0
214 605 -96.0
214 617 -100.0
214 623 -104.0
214 624 -89.0
214 635 -101.0
214 637 -99.0
215 220 -94.0
215 223 -106.0
215 225 -100.0
215 226 -100.0
215 227 -104.0
215 232 -97.0
215 249 -94.0
215 253 -96.0
215 256 -93.0
215 260 -92.0
215 265 -101.0
215 271 -94.0
215 274 -99.0
215 275 -97.0
215 279 -93.0
215 280 -100.0
215 285 -103.0
215 289 -99.0
215 292 -101.0
215 297 -102.0
215 298 -97.0
215 300 -104.0
215 301 -106.0
215 303 -95.0
215 308 -90.0
215 312 -99.0
215 313 -94.0
215 314 -99.0
215 316 -97.0
215 321 -106.0
215 322 -100.0
215 328 -95.0
215 331 -98.0
215 333 -102.0
215 337 -90.0
215 339 -99.0
215 342 -102.0
215 351 -99.0
215 355 -104.0
215 368 -105.0
215 374 -99.0
215 379 -94.0
215 380 -103.0
215 387 -90.0
215 388 -97.0
215 390 -97.0
215 393 -99.0
215 395 -101.0
215 411 -106.0
215 412 -96.0
215 419 -99.0
215 420 -94.0
215 428 -96.0
215 438 -96.0
215 441 -101.0
215 445 -102.0
215 446 -92.0
215 451 -97.0
215 456 -106.0
215 465 -103.0
215 469 -97.0
215 471 -95.0
215 477 -94.0
215 486 -98.0
215 487 -90.0
215 488 -103.0
215 491 -97.0
215 493 -103.0
215 499 -97.0
215 505 -95.0
215 506 -93.0
215 508 -92.0
215 512 -99.0
215 518 -100.0
215 521 -112.0
215 524 -99.0
215 530 -98.0
215 539 -98.0
215 541 -98.0
215 549 -104.0
215 550 -109.0
215 551 -97.0
215 568 -103.0
215 574 -85.0
215 584 -108.0
215 592 -97.0
215 594 -91.0
215 610 -95.0
215 616 -92.0
215 622 -95.0
215 623 -101.0
215 625 -101.0
215 629 -98.0
215 632 -95.0
215 635 -111.0
216 224 -97.0
216 225 -101.0
216 226 -95.0
216 228 -103.0
216 230 -107.0
216 235 -96.0
216 240 -95.0
216 242 -97.0
216 244 -104.0
216 258 -99.0
216 270 -92.0
216 283 -95.0
216 286 -103.0
216 288 -109.0
216 305 -104.0
216 308 -91.0
216 314 -98.0
216 319 -96.0
216 320 -91.0
216 322 -105.0
216 330 -97.0
216 335 -105.0
216 338 -97.0
216 340 -93.0
216 342 -96.0
216 348 -102.0
216 349 -95.0
216 352 -96.0
216 354 -111.0
216 361 -106.0
216 362 -101.0
216 373 -99.0
216 385 -96.0
216 388 -91.0
216 394 -105.0
216 403 -103.0
216 409 -104.0
216 412 -102.0
216 416 -106.0
216 417 -94.0
216 436 -97.0
216 439 -108.0
216 442 -92.0
216 443 -99.0
216 452 -105.0
216 455 -103.0
216 458 -87.0
216 465 -99.0
216 466 -107.0
216 475 -96.0
216 477 -105.0
216 482 -99.0
216 486 -105.0
216 487 -102.0
216 488 -103.0
216 492 -97.0
216 493 -99.0
216 494 -99.0
216 499 -101.0
216 503 -104.0
216 508 -86.0
216 509 -105.0
216 511 -107.0
216 520 -96.0
216 525 -106.0
216 531 -97.0
216 536 -95.0
216 542 -104.0
216 543 -113.0
216 547 -102.0
216 553 -98.0
216 554 -106.0
216 557 -100.0
216 558 -106.0
216 563 -98.0
216 565 -99.0
216 571 -101.0
216 573 -98.0
216 576 -86.0
216 581 -110.0
216 589 -94.0
216 602 -97.0
216 603 -96.0
216 607 -95.0
216 612 -101.0
216 618 -99.0
216 625 -98.0
216 631 -98.0
216 632 -105.0
217 218 -101.0
217 219 -99.0
217 220 -96.0
217 224 -95.0
217 228 -96.0
217 231 -102.0
217 237 -93.0
217 238 -98.0
217 243 -102.0
217 254 -103.0
217 257 -101.0
217 258 -104.0
217 261 -98.0
217 263 -100.0
217 273 -107.0
217 281 -108.0
217 291 -113.0
217 296 -97.0
217 297 -101.0
217 298 -97.0
217 307 -99.0
217 311 -100.0
217 314 -110.0
217 318 -113.0
217 319 -104.0
217 320 -110.0
217 322 -101.0
217 333 -96.0
217 347 -102.0
217 354 -100.0
217 362 -108.0
217 363 -108.0
217 375 -102.0
217 376 -103.0
217 377 -103.0
217 378 -94.0
217 379 -105.0
217 380 -97.0
217 382 -95.0
217 391 -97.0
217 395 -108.0
217 402 -97.0
217 405 -99.0
217 409 -100.0
217 411 -99.0
217 412 -104.0
217 419 -90.0
217 422 -106.0
217 423 -105.0
217 426 -107.0
217 432 -101.0
217 435 -96.0
217 437 -102.0
217 440 -102.0
217 443 -104.0
217 452 -105.0
217 456 -96.0
217 458 -93.0
217 460 -104.0
217 464 -94.0
217 470 -97.0
217 472 -98.0
217 477 -104.0
217 479 -108.0
217 487 -108.0
217 489 -95.0
217 492 -102.0
217 493 -95.0
217 496 -100.0
217 508 -105.0
217 526 -106.0
217 527 -92.0
217 535 -100.0
217 538 -103.0
217 539 -101.0
217 540 -97.0
217 541 -101.0
217 545 -95.0
217 554 -103.0
217 557 -100.0
217 560 -103.0
217 564 -101.0
217 567 -101.0
217 575 -93.0
217 577 -97.0
217 580 -106.0
217 583 -96.0
217 591 -91.0
217 592 -106.0
217 599 -100.0
217 601 -96.0
217 606 -103.0
217 614 -100.0
217 623 -99.0
217 625 -100.0
217 632 -101.0
217 636 -102.0
217 637 -96.0
217 639 -96.0
218 221 -100.0
218 224 -107.0
218 229 -99.0
218 231 -96.0
218 232 -102.0
218 234 -85.0
218 240 -103.0
218 241 -99.0
218 243 -100.0
218 246 -103.0
218 256 -98.0
218 260 -108.0
218 264 -109.0
218 269 -101.0
218 272 -102.0
218 274 -103.0
218 275 -101.0
218 276 -96.0
218 277 -98.0
218 278 -100.0
218 279 -104.0
218 287 -98.0
218 296 -105.0
218 298 -99.0
218 300 -104.0
218 301 -104.0
218 306 -99.0
218 310 -103.0
218 313 -99.0
218 314 -100.0
218 315 -101.0
218 321 -103.0
218 324 -105.0
218 328 -98.0
218 333 -103.0
218 346 -102.0
218 348 -100.0
218 352 -100.0
218 369 -107.0
218 370 -101.0
218 374 -104.0
218 376 -94.0
218 378 -104.0
218 386 -83.0
218 393 -98.0
218 401 -95.0
218 406 -106.0
218 417 -95.0
218 418 -107.0
218 426 -98.0
218 427 -101.0
218 429 -95.0
218 435 -96.0
218 445 -100.0
218 449 -105.0
218 452 -103.0
218 454 -102.0
218 457 -99.0
218 460 -101.0
218 466 -102.0
218 469 -100.0
218 472 -109.0
218 479 -104.0
218 486 -100.0
218 487 -92.0
218 491 -91.0
218 492 -99.0
218 494 -91.0
218 501 -101.0
218 503 -98.0
218 516 -96.0
218 522 -100.0
218 528 -94.0
218 529 -95.0
218 533 -106.0
218 538 -102.0
218 541 -99.0
218 551 -100.0
218 560 -97.0
218 563 -99.0
218 565 -104.0
218 569 -92.0
218 570 -92.0
218 573 -98.0
218 578 -100.0
218 587 -98.0
218 588 -106.0
218 597 -90.0
218 598 -101.0
218 607 -100.0
218 611 -115.0
218 614 -100.0
218 620 -104.0
218 622 -96.0
218 624 -104.0
218 625 -92.0
218 631 -97.0
219 223 -102.0
219 238 -95.0
219 241 -107.0
219 242 -94.0
219 245 -93.0
219 264 -103.0
219 269 -97.0
219 279 -103.0
219 287 -95.0
219 288 -103.0
219 289 -102.0
219 295 -100.0
219 298 -93.0
219 311 -95.0
219 316 -96.0
219 317 -103.0
219 319 -100.0
219 321 -100.0
219 324 -93.0
219 328 -88.0
219 329 -97.0
219 330 -109.0
219 334 -95.0
219 338 -101.0
219 339 -100.0
219 344 -105.0
219 350 -102.0
219 353 -101.0
219 358 -98.0
219 364 -93.0
219 365 -93.0
219 370 -103.0
219 376 -101.0
219 392 -90.0
219 395 -94.0
219 404 -101.0
219 405 -95.0
219 417 -101.0
219 421 -106.0
219 423 -98.0
219 424 -109.0
219 425 -95.0
219 431 -94.0
219 435 -108.0
219 436 -105.0
219 437 -96.0
219 453 -96.0
219 454 -106.0
219 458 -98.0
219 464 -109.0
219 466 -97.0
219 473 -93.0
219 479 -100.0
219 488 -94.0
219 489 -100.0
219 497 -102.0
219 501 -105.0
219 513 -104.0
219 536 -101.0
219 537 -110.0
219 547 -104.0
219 566 -94.0
219 567 -102.0
219 579 -96.0
219 581 -100.0
219 584 -97.0
219 587 -105.0
219 588 -100.0
219 592 -96.0
219 601 -107.0
219 602 -98.0
219 603 -110.0
219 610 -99.0
219 621 -103.0
219 627 -104.0
219 634 -103.0
220 226 -98.0
220 231 -102.0
220 248 -99.0
220 250 -94.0
220 259 -103.0
220 262 -100.0
220 274 -101.0
220 282 -98.0
220 285 -84.0
220 290 -99.0
220 292 -97.0
220 294 -100.0
220 298 -100.0
220 299 -98.0
220 301 -103.0
220 306 -91.0
220 308 -94.0
220 312 -108.0
220 324 -91.0
220 326 -104.0
220 330 -104.0
220 332 -98.0
220 333 -93.0
220 336 -101.0
220 340 -93.0
220 341 -98.0
220 343 -104.0
220 347 -92.0
220 349 -102.0
220 352 -90.0
220 357 -92.0
220 365 -98.0
220 366 -93.0
220 367 -102.0
220 368 -90.0
220 370 -98.0
220 373 -100.0
220 376 -103.0
220 377 -94.0
220 380 -110.0
220 383 -96.0
220 416 -102.0
220 418 -94.0
220 419 -101.0
220 424 -100.0
220 428 -95.0
220 432 -105.0
220 438 -99.0
220 445 -100.0
220 449 -108.0
220 452 -100.0
220 459 -107.0
220 460 -94.0
220 469 -100.0
220 474 -106.0
220 475 -100.0
220 476 -100.0
220 480 -97.0
220 486 -110.0
220 493 -113.0
220 495 -103.0
220 499 -92.0
220 521 -106.0
220 526 -97.0
220 528 -94.0
220 530 -93.0
220 533 -102.0
220 536 -102.0
220 541 -92.0
220 542 -99.0
220 544 -97.0
220 558 -91.0
220 559 -100.0
220 561 -100.0
220 564 -102.0
220 565 -93.0
220 577 -102.0
220 585 -106.0
220 589 -105.0
220 599 -100.0
220 601 -103.0
220 606 -97.0
220 610 -97.0
220 632 -104.0
220 633 -101.0
220 634 -103.0
220 638 -97.0
221 224 -105.0
221 226 -104.0
221 231 -107.0
221 243 -101.0
221 245 -99.0
221 249 -97.0
221 252 -99.0
221 253 -100.0
221 257 -105.0
221 258 -100.0
221 265 -101.0
221 267 -97.0
221 273 -97.0
221 275 -101.0
221 276 -99.0
221 281 -104.0
221 284 -98.0
221 289 -109.0
221 290 -91.0
221 294 -104.0
221 296 -90.0
221 298 -98.0
221 299 -95.0
221 322 -110.0
221 323 -96.0
221 341 -99.0
221 366 -97.0
221 381 -102.0
221 384 -93.0
221 386 -98.0
221 387 -90.0
221 389 -99.0
221 394 -103.0
221 403 -98.0
221 412 -100.0
221 415 -99.0
221 418 -105.0
221 425 -102.0
221 427 -99.0
221 429 -98.0
221 438 -104.0
221 440 -93.0
221 448 -92.0
221 456 -94.0
221 460 -99.0
221 464 -91.0
221 468 -101.0
221 472 -103.0
221 473 -100.0
221 476 -103.0
221 492 -97.0
221 495 -114.0
221 503 -99.0
221 504 -105.0
221 507 -98.0
221 508 -97.0
221 516 -97.0
221 517 -97.0
221 518 -101.0
221 526 -104.0
221 529 -94.0
221 536 -91.0
221 545 -100.0
221 546 -100.0
221 550 -101.0
221 552 -103.0
221 553 -105.0
221 566 -100.0
221 570 -97.0
221 579 -92.0
221 580 -105.0
221 581 -99.0
221 586 -98.0
221 598 -105.0
221 607 -102.0
221 608 -107.0
221 610 -99.0
221 615 -100.0
221 616 -99.0
221 620 -98.0
221 628 -100.0
221 633 -99.0
221 634 -99.0
221 637 -98.0
222 224 -99.0
222 231 -88.0
222 233 -93.0
222 239 -100.0
222 240 -97.0
222 241 -96.0
222 245 -93.0
222 246 -97.0
222 249 -92.0
222 273 -105.0
222 280 -101.0
222 286 -94.0
222 291 -98.0
222 293 -101.0
222 295 -102.0
222 299 -112.0
222 302 -99.0
222 312 -99.0
222 314 -101.0
222 324 -89.0
222 327 -97.0
222 336 -95.0
222 357 -107.0
222 364 -103.0
222 366 -104.0
222 369 -104.0
222 380 -101.0
222 383 -104.0
222 384 -97.0
222 385 -100.0
222 388 -102.0
222 394 -95.0
222 396 -102.0
222 407 -96.0
222 412 -105.0
222 421 -95.0
222 428 -99.0
222 442 -106.0
222 443 -102.0
222 451 -99.0
222 454 -97.0
222 455 -100.0
222 456 -105.0
222 460 -101.0
222 461 -101.0
222 473 -105.0
222 476 -102.0
222 479 -108.0
222 480 -104.0
222 481 -98.0
222 483 -95.0
222 484 -96.0
222 485 -103.0
222 488 -99.0
222 498 -99.0
222 502 -98.0
222 506 -97.0
222 512 -98.0
222 517 -102.0
222 519 -92.0
222 520 -102.0
222 523 -102.0
222 525 -86.0
222 535 -90.0
222 553 -102.0
222 564 -109.0
222 565 -94.0
222 577 -98.0
222 582 -100.0
222 583 -101.0
222 594 -107.0
222 597 -98.0
222 604 -101.0
222 609 -100.0
222 613 -94.0
222 624 -102.0
223 233 -100.0
223 245 -99.0
223 252 -100.0
223 258 -96.0
223 263 -100.0
223 264 -97.0
223 272 -102.0
223 279 -103.0
223 284 -94.0
223 286 -97.0
223 289 -97.0
223 290 -103.0
223 300 -110.0
223 308 -94.0
223 313 -93.0
223 318 -94.0
223 320 -103.0
223 325 -96.0
223 326 -107.0
223 327 -96.0
223 332 -96.0
223 342 -109.0
223 346 -98.0
223 347 -111.0
223 348 -104.0
223 354 -94.0
223 355 -104.0
223 356 -92.0
223 357 -105.0
223 359 -104.0
223 360 -103.0
223 369 -107.0
223 374 -94.0
223 384 -106.0
223 386 -102.0
223 387 -105.0
223 391 -103.0
223 393 -101.0
223 394 -99.0
223 398 -109.0
223 399 -97.0
223 404 -109.0
223 405 -107.0
223 408 -101.0
223 410 -103.0
223 414 -101.0
223 416 -107.0
223 418 -91.0
223 428 -96.0
223 435 -90.0
223 441 -96.0
223 442 -97.0
223 444 -99.0
223 446 -96.0
223 447 -99.0
223 448 -101.0
223 451 -103.0
223 470 -89.0
223 474 -90.0
223 477 -99.0
223 494 -98.0
223 498 -103.0
223 506 -95.0
223 510 -98.0
223 520 -96.0
223 522 -97.0
223 528 -105.0
223 531 -91.0
223 535 -101.0
223 537 -99.0
223 540 -99.0
223 545 -105.0
223 548 -93.0
223 549 -94.0
223 554 -111.0
223 561 -99.0
223 562 -92.0
223 564 -102.0
223 565 -99.0
223 567 -105.0
223 578 -103.0
223 586 -101.0
223 589 -106.0
223 596 -104.0
223 610 -104.0
223 615 -94.0
223 618 -101.0
223 619 -108.0
223 630 -107.0
223 640 -104.0
224 228 -95.0
224 240 -92.0
224 246 -106.0
224 249 -95.0
224 251 -91.0
224 253 -92.0
224 256 -108.0
224 261 -97.0
224 264 -95.0
224 270 -105.0
224 273 -98.0
224 277 -105.0
224 281 -100.0
224 305 -101.0
224 306 -93.0
224 312 -98.0
224 313 -104.0
224 314 -101.0
224 323 -107.0
224 326 -91.0
224 342 -96.0
224 345 -93.0
224 353 -95.0
224 354 -92.0
224 356 -99.0
224 358 -101.0
224 365 -102.0
224 375 -110.0
224 378 -106.0
224 381 -104.0
224 394 -101.0
224 397 -99.0
224 402 -102.0
224 404 -102.0
224 408 -95.0
224 413 -102.0
224 425 -98.0
224 426 -106.0
224 435 -98.0
224 436 -101.0
224 438 -101.0
224 450 -90.0
224 452 -97.0
224 454 -99.0
224 463 -104.0
224 465 -94.0
224 472 -91.0
224 475 -97.0
224 478 -93.0
224 483 -101.0
224 484 -95.0
224 487 -92.0
224 490 -102.0
224 491 -99.0
224 496 -95.0
224 506 -98.0
224 509 -104.0
224 511 -100.0
224 514 -96.0
224 522 -107.0
224 527 -93.0
224 530 -101.0
224 535 -104.0
224 538 -107.0
224 539 -97.0
224 544 -103.0
224 547 -101.0
224 550 -103.0
224 555 -105.0
224 558 -97.0
224 559 -107.0
224 562 -106.0
224 569 -107.0
224 570 -94.0
224 571 -100.0
224 578 -94.0
224 582 -107.0
224 588 -109.0
224 592 -98.0
224 594 -101.0
224 600 -97.0
224 614 -98.0
224 620 -101.0
224 622 -104.0
224 626 -92.0
224 630 -101.0
224 636 -99.0
225 227 -94.0
225 228 -103.0
225 232 -108.0
225 234 -96.0
225 237 -96.0
225 241 -101.0
225 250 -92.0
225 257 -104.0
225 260 -100.0
225 262 -93.0
225 267 -91.0
225 276 -101.0
225 280 -97.0
225 288 -94.0
225 290 -100.0
225 292 -95.0
225 298 -97.0
225 304 -96.0
225 307 -103.0
225 311 -100.0
225 312 -94.0
225 313 -100.0
225 317 -96.0
225 337 -97.0
225 339 -93.0
225 345 -96.0
225 355 -99.0
225 361 -111.0
225 365 -100.0
225 369 -99.0
225 370 -91.0
225 371 -97.0
225 379 -104.0
225 387 -96.0
225 388 -98.0
225 390 -97.0
225 401 -103.0
225 402 -100.0
225 409 -98.0
225 410 -108.0
225 414 -108.0
225 417 -109.0
225 418 -100.0
225 423 -101.0
225 425 -98.0
225 427 -103.0
225 428 -101.0
225 429 -99.0
225 434 -95.0
225 441 -96.0
225 445 -102.0
225 449 -107.0
225 457 -92.0
225 459 -101.0
225 464 -96.0
225 477 -104.0
225 479 -100.0
225 480 -91.0
225 482 -98.0
225 487 -96.0
225 488 -102.0
225 491 -102.0
225 503 -99.0
225 508 -106.0
225 512 -97.0
225 514 -101.0
225 517 -97.0
225 524 -92.0
225 527 -95.0
225 529 -101.0
225 531 -99.0
225 532 -101.0
225 535 -94.0
225 547 -98.0
225 560 -100.0
225 561 -102.0
225 563 -94.0
225 564 -100.0
225 575 -104.0
225 576 -102.0
225 578 -89.0
225 582 -98.0
225 584 -98.0
225 589 -95.0
225 590 -98.0
225 595 -103.0
225 602 -100.0
225 607 -104.0
225 614 -104.0
225 617 -99.0
225 626 -96.0
225 633 -98.0
225 634 -99.0
226 232 -97.0
226 233 -100.0
226 241 -107.0
226 243 -99.0
226 248 -104.0
226 249 -101.0
226 257 -104.0
226 259 -111.0
226 260 -104.0
226 268 -101.0
226 272 -95.0
226 274 -101.0
226 283 -93.0
226 286 -105.0
226 290 -102.0
226 293 -107.0
226 300 -94.0
226 302 -108.0
226 304 -106.0
226 306 -92.0
226 326 -100.0
226 327 -103.0
226 329 -100.0
226 334 -97.0
226 363 -87.0
226 378 -97.0
226 379 -98.0
226 383 -113.0
226 385 -93.0
226 396 -101.0
226 418 -98.0
226 424 -105.0
226 425 -102.0
226 427 -97.0
226 433 -100.0
226 435 -97.0
226 437 -100.0
226 439 -104.0
226 441 -93.0
226 457 -101.0
226 463 -92.0
226 465 -105.0
226 468 -93.0
226 474 -101.0
226 488 -106.0
226 492 -91.0
226 495 -99.0
226 496 -99.0
226 497 -96.0
226 498 -101.0
226 505 -88.0
226 509 -95.0
226 524 -111.0
226 528 -103.0
226 530 -102.0
226 531 -104.0
226 533 -103.0
226 537 -102.0
226 541 -101.0
226 546 -100.0
226 547 -97.0
226 556 -103.0
226 558 -101.0
226 561 -91.0
226 563 -101.0
226 567 -97.0
226 570 -97.0
226 576 -92.0
226 577 -98.0
226 582 -103.0
226 586 -112.0
226 587 -105.0
226 588 -94.0
226 595 -105.0
226 602 -100.0
226 605 -91.0
226 606 -108.0
226 609 -99.0
226 616 -106.0
226 618 -101.0
226 619 -104.0
226 623 -92.0
226 624 -99.0
226 625 -100.0
226 626 -97.0
226 634 -99.0
226 636 -101.0
226 637 -103.0
227 230 -99.0
227 234 -95.0
227 236 -101.0
227 239 -100.0
227 240 -89.0
227 242 -96.0
227 245 -103.0
227 246 -90.0
227 248 -102.0
227 254 -96.0
227 258 -92.0
227 267 -97.0
227 272 -101.0
227 276 -95.0
227 280 -98.0
227 285 -106.0
227 287 -92.0
227 295 -101.0
227 296 -97.0
227 298 -105.0
227 301 -96.0
227 307 -97.0
227 310 -93.0
227 313 -100.0
227 319 -91.0
227 331 -99.0
227 332 -101.0
227 338 -96.0
227 339 -96.0
227 355 -107.0
227 361 -106.0
227 369 -98.0
227 372 -100.0
227 382 -98.0
227 385 -98.0
227 386 -95.0
227 387 -87.0
227 389 -96.0
227 391 -103.0
227 396 -94.0
227 398 -92.0
227 410 -97.0
227 412 -91.0
227 413 -91.0
227 415 -100.0
227 419 -101.0
227 421 -100.0
227 426 -104.0
227 427 -100.0
227 434 -87.0
227 436 -97.0
227 438 -103.0
227 440 -112.0
227 443 -99.0
227 445 -96.0
227 450 -94.0
227 454 -104.0
227 457 -109.0
227 461 -90.0
227 463 -99.0
227 466 -91.0
227 470 -98.0
227 473 -98.0
227 480 -97.0
227 482 -98.0
227 484 -97.0
227 485 -102.0
227 492 -108.0
227 498 -108.0
227 500 -100.0
227 501 -105.0
227 506 -93.0
227 507 -94.0
227 523 -105.0
227 530 -100.0
227 533 -94.0
227 537 -98.0
227 539 -98.0
227 542 -107.0
227 545 -95.0
227 546 -97.0
227 550 -91.0
227 553 -93.0
227 576 -96.0
227 579 -100.0
227 587 -101.0
227 588 -102.0
227 591 -98.0
227 599 -103.0
227 600 -95.0
227 610 -99.0
227 613 -106.0
227 617 -101.0
227 620 -102.0
227 622 -101.0
227 626 -99.0
227 631 -100.0
227 633 -107.0
227 638 -99.0
227 640 -104.0
228 231 -102.0
228 251 -99.0
228 252 -98.0
228 254 -105.0
228 258 -104.0
228 260 -99.0
228 264 -94.0
228 266 -94.0
228 270 -89.0
228 286 -92.0
228 295 -95.0
228 299 -97.0
228 307 -100.0
228 311 -96.0
228 313 -104.0
228 316 -90.0
228 326 -103.0
228 335 -97.0
228 337 -102.0
228 339 -107.0
228 355 -97.0
228 359 -93.0
228 360 -92.0
228 365 -95.0
228 366 -101.0
228 367 -102.0
228 369 -98.0
228 375 -107.0
228 376 -98.0
228 380 -91.0
228 382 -94.0
228 385 -100.0
228 396 -96.0
228 398 -102.0
228 406 -97.0
228 416 -101.0
228 422 -97.0
228 424 -95.0
228 430 -100.0
228 438 -95.0
228 441 -100.0
228 442 -92.0
228 443 -99.0
228 446 -102.0
228 447 -96.0
228 452 -99.0
228 457 -93.0
228 461 -105.0
228 470 -101.0
228 480 -107.0
228 495 -101.0
228 504 -113.0
228 506 -112.0
228 509 -103.0
228 516 -98.0
228 517 -96.0
228 519 -94.0
228 520 -100.0
228 521 -106.0
228 530 -94.0
228 544 -95.0
228 547 -103.0
228 548 -98.0
228 549 -97.0
228 550 -93.0
228 561 -104.0
228 564 -102.0
228 565 -105.0
228 571 -109.0
228 573 -101.0
228 577 -103.0
228 594 -99.0
228 595 -107.0
228 598 -100.0
228 599 -92.0
228 605 -100.0
228 611 -102.0
228 620 -92.0
228 623 -102.0
228 625 -98.0
228 628 -97.0
228 632 -101.0
228 635 -100.0
229 235 -106.0
229 237 -102.0
229 241 -106.0
229 242 -108.0
229 247 -103.0
229 249 -100.0
229 253 -100.0
229 260 -88.0
229 262 -100.0
229 265 -96.0
229 277 -94.0
229 279 -98.0
229 280 -97.0
229 282 -104.0
229 286 -107.0
229 297 -96.0
229 301 -98.0
229 303 -93.0
229 308 -94.0
229 318 -100.0
229 320 -102.0
229 322 -91.0
229 325 -103.0
229 333 -102.0
229 340 -96.0
229 349 -98.0
229 361 -93.0
229 364 -88.0
229 370 -103.0
229 371 -98.0
229 378 -102.0
229 381 -91.0
229 385 -92.0
229 388 -103.0
229 403 -105.0
229 412 -102.0
229 416 -104.0
229 425 -105.0
229 427 -100.0
229 431 -95.0
229 440 -99.0
229 443 -111.0
229 451 -103.0
229 465 -99.0
229 475 -101.0
229 478 -102.0
229 483 -108.0
229 490 -110.0
229 495 -90.0
229 498 -102.0
229 503 -104.0
229 508 -96.0
229 512 -105.0
229 513 -99.0
229 518 -102.0
229 522 -97.0
229 527 -101.0
229 529 -94.0
229 531 -101.0
229 539 -97.0
229 541 -96.0
229 548 -104.0
229 564 -109.0
229 566 -105.0
229 567 -108.0
229 587 -106.0
229 594 -85.0
229 599 -95.0
229 604 -90.0
229 609 -90.0
229 610 -99.0
229 613 -108.0
229 632 -103.0
229 638 -100.0
230 235 -92.0
230 238 -95.0
230 246 -102.0
230 248 -95.0
230 250 -98.0
230 252 -106.0
230 258 -103.0
230 259 -106.0
230 260 -93.0
230 263 -93.0
230 268 -94.0
230 285 -101.0
230 291 -101.0
230 299 -92.0
230 318 -102.0
230 320 -108.0
230 323 -101.0
230 326 -98.0
230 330 -101.0
230 333 -100.0
230 334 -101.0
230 344 -88.0
230 348 -100.0
230 355 -97.0
230 359 -103.0
230 368 -95.0
230 377 -89.0
230 389 -94.0
230 396 -111.0
230 399 -101.0
230 404 -102.0
230 405 -103.0
230 409 -90.0
230 410 -110.0
230 411 -94.0
230 413 -115.0
230 415 -100.0
230 417 -96.0
230 423 -106.0
230 430 -94.0
230 436 -97.0
230 459 -105.0
230 462 -96.0
230 480 -101.0
230 481 -97.0
230 487 -103.0
230 497 -100.0
230 507 -99.0
230 508 -101.0
230 517 -97.0
230 524 -96.0
230 526 -100.0
230 535 -97.0
230 537 -97.0
230 538 -109.0
230 543 -101.0
230 547 -99.0
230 557 -93.0
230 566 -102.0
230 573 -105.0
230 574 -109.0
230 577 -94.0
230 579 -98.0
230 580 -98.0
230 585 -102.0
230 590 -101.0
230 609 -102.0
230 612 -101.0
230 614 -100.0
230 622 -92.0
230 629 -103.0
230 631 -102.0
230 634 -98.0
230 635 -91.0
230 637 -91.0
231 233 -96.0
231 242 -100.0
231 247 -97.0
231 251 -92.0
231 253 -103.0
231 261 -105.0
231 267 -96.0
231 273 -99.0
231 275 -93.0
231 276 -92.0
231 278 -95.0
231 280 -103.0
231 288 -99.0
231 290 -98.0
231 302 -107.0
231 305 -104.0
231 308 -99.0
231 310 -108.0
231 314 -111.0
231 316 -104.0
231 318 -102.0
231 319 -103.0
231 320 -94.0
231 323 -102.0
231 329 -101.0
231 331 -97.0
231 332 -96.0
231 333 -95.0
231 334 -95.0
231 339 -99.0
231 341 -101.0
231 346 -108.0
231 348 -102.0
231 353 -98.0
231 363 -90.0
231 374 -103.0
231 379 -105.0
231 380 -90.0
231 394 -99.0
231 395 -106.0
231 404 -96.0
231 411 -101.0
231 416 -95.0
231 417 -102.0
231 419 -104.0
231 433 -92.0
231 434 -102.0
231 446 -105.0
231 447 -102.0
231 449 -100.0
231 464 -94.0
231 470 -102.0
231 473 -98.0
231 474 -103.0
231 480 -91.0
231 481 -92.0
231 483 -100.0
231 486 -92.0
231 488 -98.0
231 490 -106.0
231 501 -102.0
231 509 -105.0
231 516 -97.0
231 517 -106.0
231 518 -95.0
231 524 -97.0
231 531 -111.0
231 538 -108.0
231 542 -95.0
231 544 -98.0
231 558 -96.0
231 562 -97.0
231 564 -98.0
231 569 -92.0
231 573 -94.0
231 574 -91.0
231 575 -106.0
231 581 -99.0
231 583 -93.0
231 585 -96.0
231 587 -96.0
231 593 -103.0
231 598 -104.0
231 600 -94.0
231 601 -104.0
231 604 -99.0
231 607 -88.0
231 608 -101.0
231 615 -93.0
231 616 -100.0
231 628 -105.0
231 629 -93.0
231 637 -96.0
232 233 -96.0
232 239 -113.0
232 240 -107.0
232 262 -102.0
232 266 -102.0
232 269 -100.0
232 272 -98.0
232 273 -97.0
232 277 -100.0
232 293 -90.0
232 304 -100.0
232 315 -98.0
232 324 -101.0
232 325 -105.0
232 332 -97.0
232 345 -102.0
232 346 -108.0
232 355 -98.0
232 362 -92.0
232 367 -99.0
232 372 -100.0
232 384 -104.0
232 395 -105.0
232 397 -100.0
232 407 -100.0
232 411 -97.0
232 418 -103.0
232 420 -100.0
232 421 -108.0
232 422 -103.0
232 426 -99.0
232 428 -105.0
232 441 -99.0
232 450 -98.0
232 460 -97.0
232 463 -100.0
232 465 -98.0
232 473 -97.0
232 477 -102.0
232 480 -98.0
232 489 -108.0
232 510 -92.0
232 519 -100.0
232 522 -107.0
232 526 -100.0
232 527 -101.0
232 531 -96.0
232 535 -96.0
232 537 -97.0
232 546 -101.0
232 561 -98.0
232 566 -98.0
232 568 -102.0
232 569 -96.0
232 570 -95.0
232 577 -102.0
232 586 -102.0
232 587 -94.0
232 593 -106.0
232 601 -93.0
232 613 -93.0
232 614 -94.0
232 618 -98.0
232 620 -101.0
232 623 -102.0
232 627 -103.0
232 633 -113.0
232 634 -99.0
232 636 -102.0
233 236 -97.0
233 242 -101.0
233 259 -90.0
233 263 -96.0
233 265 -99.0
233 271 -95.0
233 272 -100.0
233 273 -97.0
233 289 -95.0
233 291 -100.0
233 304 -93.0
233 314 -102.0
233 316 -99.0
233 319 -97.0
233 325 -97.0
233 329 -101.0
233 332 -91.0
233 342 -101.0
233 348 -102.0
233 349 -99.0
233 358 -105.0
233 361 -106.0
233 363 -101.0
233 366 -107.0
233 372 -101.0
233 384 -95.0
233 392 -104.0
233 394 -105.0
233 400 -104.0
233 403 -98.0
233 408 -98.0
233 410 -103.0
233 424 -96.0
233 426 -104.0
233 439 -90.0
233 442 -103.0
233 444 -103.0
233 445 -100.0
233 448 -100.0
233 451 -102.0
233 459 -107.0
233 464 -103.0
233 471 -103.0
233 473 -107.0
233 475 -93.0
233 478 -98.0
233 480 -103.0
233 491 -98.0
233 498 -97.0
233 500 -99.0
233 503 -101.0
233 512 -91.0
233 523 -101.0
233 526 -101.0
233 541 -102.0
233 551 -105.0
233 553 -103.0
233 557 -94.0
233 567 -103.0
233 569 -107.0
233 571 -107.0
233 584 -100.0
233 603 -101.0
233 604 -99.0
233 609 -104.0
234 253 -98.0
234 256 -101.0
234 260 -102.0
234 279 -100.0
234 291 -96.0
234 292 -101.0
234 293 -95.0
234 294 -105.0
234 295 -92.0
234 304 -100.0
234 306 -108.0
234 311 -95.0
234 316 -102.0
234 318 -105.0
234 322 -105.0
234 323 -102.0
234 324 -96.0
234 329 -92.0
234 330 -95.0
234 332 -98.0
234 333 -92.0
234 343 -98.0
234 347 -100.0
234 350 -105.0
234 352 -102.0
234 353 -98.0
234 355 -97.0
234 362 -106.0
234 368 -98.0
234 372 -108.0
234 374 -96.0
234 376 -98.0
234 378 -99.0
234 380 -101.0
234 383 -100.0
234 387 -98.0
234 392 -100.0
234 395 -101.0
234 401 -104.0
234 407 -103.0
234 409 -99.0
234 412 -91.0
234 419 -105.0
234 434 -103.0
234 435 -105.0
234 437 -95.0
234 438 -102.0
234 446 -99.0
234 454 -96.0
234 458 -106.0
234 462 -93.0
234 472 -97.0
234 478 -91.0
234 493 -97.0
234 494 -102.0
234 504 -102.0
234 512 -95.0
234 514 -93.0
234 521 -99.0
234 522 -88.0
234 523 -99.0
234 534 -93.0
234 541 -107.0
234 549 -98.0
234 555 -92.0
234 559 -91.0
234 561 -100.0
234 562 -99.0
234 565 -103.0
234 567 -98.0
234 574 -100.0
234 575 -108.0
234 581 -102.0
234 587 -112.0
234 590 -97.0
234 591 -97.0
234 596 -95.0
234 597 -91.0
234 601 -93.0
234 608 -102.0
234 615 -103.0
234 618 -99.0
234 630 -103.0
234 634 -102.0
234 635 -105.0
234 637 -102.0
234 640 -100.0
235 237 -95.0
235 243 -97.0
235 251 -102.0
235 261 -102.0
235 264 -102.0
235 273 -92.0
235 292 -110.0
235 293 -104.0
235 300 -99.0
235 301 -99.0
235 320 -109.0
235 325 -100.0
235 326 -88.0
235 328 -100.0
235 329 -102.0
235 330 -98.0
235 334 -95.0
235 339 -107.0
235 348 -96.0
235 357 -109.0
235 359 -98.0
235 367 -88.0
235 371 -99.0
235 373 -91.0
235 380 -95.0
235 389 -96.0
235 392 -105.0
235 397 -101.0
235 400 -95.0
235 401 -99.0
235 406 -110.0
235 419 -98.0
235 420 -97.0
235 422 -97.0
235 423 -109.0
235 427 -92.0
235 429 -101.0
235 434 -96.0
235 436 -96.0
235 438 -104.0
235 440 -98.0
235 445 -105.0
235 450 -109.0
235 451 -85.0
235 466 -98.0
235 469 -98.0
235 472 -103.0
235 478 -91.0
235 482 -100.0
235 490 -95.0
235 499 -92.0
235 500 -103.0
235 512 -100.0
235 522 -102.0
235 531 -95.0
235 540 -89.0
235 553 -92.0
235 554 -96.0
235 556 -93.0
235 557 -99.0
235 560 -99.0
235 570 -103.0
235 572 -97.0
235 573 -99.0
235 578 -98.0
235 584 -107.0
235 585 -107.0
235 586 -99.0
235 594 -102.0
235 597 -99.0
235 599 -101.0
235 600 -101.0
235 605 -98.0
235 610 -94.0
235 618 -112.0
235 626 -100.0
235 627 -100.0
235 631 -99.0
235 632 -99.0
235 637 -105.0
236 242 -99.0
236 246 -104.0
236 253 -105.0
236 254 -104.0
236 255 -102.0
236 263 -100.0
236 272 -101.0
236 279 -101.0
236 288 -93.0
236 298 -90.0
236 299 -91.0
236 307 -107.0
236 309 -98.0
236 324 -91.0
236 327 -97.0
236 343 -96.0
236 346 -98.0
236 352 -101.0
236 353 -98.0
236 366 -100.0
236 388 -97.0
236 401 -100.0
236 402 -104.0
236 413 -102.0
236 416 -108.0
236 422 -107.0
236 424 -99.0
236 440 -101.0
236 442 -103.0
236 450 -99.0
236 451 -106.0
236 452 -91.0
236 454 -99.0
236 459 -94.0
236 462 -102.0
236 466 -91.0
236 469 -97.0
236 483 -103.0
236 489 -95.0
236 491 -107.0
236 494 -106.0
236 505 -103.0
236 529 -99.0
236 533 -102.0
236 541 -110.0
236 546 -105.0
236 553 -90.0
236 555 -98.0
236 556 -95.0
236 559 -101.0
236 562 -99.0
236 567 -99.0
236 576 -94.0
236 579 -100.0
236 586 -98.0
236 591 -95.0
236 593 -93.0
236 605 -104.0
236 607 -99.0
236 612 -97.0
236 616 -102.0
236 626 -105.0
236 638 -95.0
236 640 -103.0
237 241 -104.0
237 243 -95.0
237 246 -109.0
237 249 -98.0
237 257 -99.0
237 258 -106.0
237 259 -100.0
237 261 -104.0
237 262 -103.0
237 281 -89.0
237 287 -98.0
237 294 -99.0
237 298 -104.0
237 300 -93.0
237 316 -96.0
237 318 -98.0
237 321 -110.0
237 328 -104.0
237 329 -96.0
237 334 -99.0
237 338 -101.0
237 339 -90.0
237 344 -100.0
237 345 -103.0
237 352 -99.0
237 362 -97.0
237 365 -102.0
237 370 -102.0
237 382 -101.0
237 389 -105.0
237 392 -100.0
237 396 -104.0
237 397 -95.0
237 400 -99.0
237 401 -103.0
237 402 -110.0
237 412 -89.0
237 423 -99.0
237 424 -95.0
237 431 -96.0
237 433 -101.0
237 437 -105.0
237 440 -95.0
237 443 -99.0
237 454 -100.0
237 457 -93.0
237 458 -95.0
237 462 -119.0
237 466 -106.0
237 467 -109.0
237 468 -101.0
237 472 -106.0
237 477 -98.0
237 481 -101.0
237 484 -102.0
237 488 -102.0
237 502 -104.0
237 503 -106.0
237 505 -92.0
237 506 -91.0
237 508 -89.0
237 510 -101.0
237 516 -98.0
237 518 -105.0
237 519 -108.0
237 524 -107.0
237 528 -108.0
237 538 -98.0
237 543 -104.0
237 544 -100.0
237 557 -101.0
237 559 -100.0
237 560 -91.0
237 574 -96.0
237 577 -99.0
237 579 -102.0
237 583 -93.0
237 597 -87.0
237 599 -99.0
237 600 -96.0
237 602 -98.0
237 603 -96.0
237 604 -102.0
237 617 -99.0
237 623 -83.0
237 624 -101.0
237 626 -101.0
237 637 -99.0
238 239 -92.0
238 249 -99.0
238 254 -102.0
238 256 -89.0
238 257 -96.0
238 262 -94.0
238 263 -101.0
238 264 -97.0
238 266 -98.0
238 274 -105.0
238 281 -100.0
238 285 -99.0
238 293 -98.0
238 294 -96.0
238 295 -97.0
238 305 -99.0
238 307 -101.0
238 312 -107.0
238 323 -93.0
238 332 -101.0
238 335 -107.0
238 336 -99.0
238 338 -97.0
238 341 -103.0
238 347 -99.0
238 350 -102.0
238 351 -97.0
238 358 -99.0
238 374 -98.0
238 376 -92.0
238 377 -97.0
238 383 -101.0
238 387 -102.0
238 391 -109.0
238 397 -103.0
238 399 -103.0
238 404 -103.0
238 407 -100.0
238 415 -106.0
238 418 -97.0
238 419 -96.0
238 421 -110.0
238 429 -93.0
238 436 -113.0
238 439 -105.0
238 440 -104.0
238 443 -104.0
238 449 -94.0
238 453 -101.0
238 458 -95.0
238 464 -113.0
238 465 -103.0
238 466 -104.0
238 473 -95.0
238 490 -106.0
238 491 -107.0
238 494 -101.0
238 496 -97.0
238 508 -98.0
238 512 -95.0
238 520 -99.0
238 528 -103.0
238 540 -112.0
238 542 -95.0
238 544 -103.0
238 545 -99.0
238 555 -93.0
238 556 -104.0
238 562 -101.0
238 567 -109.0
238 573 -91.0
238 575 -99.0
238 580 -83.0
238 583 -95.0
238 587 -109.0
238 588 -91.0
238 594 -102.0
238 596 -93.0
238 605 -107.0
238 610 -105.0
238 621 -106.0
238 623 -108.0
238 637 -95.0
238 639 -103.0
239 243 -100.0
239 245 -102.0
239 246 -114.0
239 253 -101.0
239 260 -103.0
239 265 -104.0
239 268 -104.0
239 275 -100.0
239 282 -93.0
239 294 -105.0
239 297 -103.0
239 299 -94.0
239 300 -100.0
239 307 -109.0
239 322 -97.0
239 327 -96.0
239 329 -101.0
239 333 -91.0
239 334 -95.0
239 337 -95.0
239 340 -96.0
239 345 -107.0
239 360 -97.0
239 361 -105.0
239 367 -105.0
239 368 -99.0
239 391 -101.0
239 392 -100.0
239 393 -94.0
239 395 -101.0
239 409 -103.0
239 419 -101.0
239 423 -96.0
239 430 -104.0
239 439 -100.0
239 441 -100.0
239 445 -95.0
239 450 -95.0
239 452 -107.0
239 457 -108.0
239 463 -103.0
239 467 -97.0
239 470 -109.0
239 473 -102.0
239 480 -104.0
239 481 -94.0
239 488 -107.0
239 489 -103.0
239 502 -104.0
239 505 -102.0
239 507 -96.0
239 517 -102.0
239 520 -94.0
239 523 -102.0
239 527 -98.0
239 529 -105.0
239 532 -105.0
239 535 -93.0
239 540 -102.0
239 542 -95.0
239 551 -105.0
239 552 -103.0
239 553 -105.0
239 555 -95.0
239 556 -98.0
239 558 -97.0
239 559 -95.0
239 565 -91.0
239 566 -96.0
239 575 -102.0
239 577 -103.0
239 581 -106.0
239 586 -107.0
239 588 -99.0
239 594 -102.0
239 597 -86.0
239 605 -93.0
239 616 -96.0
239 617 -103.0
239 627 -101.0
240 243 -109.0
240 267 -90.0
240 276 -105.0
240 290 -99.0
240 291 -103.0
240 296 -95.0
240 302 -106.0
240 308 -104.0
240 311 -95.0
240 316 -98.0
240 318 -108.0
240 323 -105.0
240 347 -108.0
240 350 -104.0
240 358 -100.0
240 360 -99.0
240 361 -89.0
240 366 -95.0
240 375 -97.0
240 379 -112.0
240 391 -97.0
240 394 -98.0
240 410 -103.0
240 412 -98.0
240 414 -98.0
240 422 -101.0
240 427 -97.0
240 431 -100.0
240 433 -98.0
240 442 -101.0
240 452 -108.0
240 454 -103.0
240 462 -91.0
240 469 -101.0
240 475 -98.0
240 477 -103.0
240 478 -100.0
240 483 -109.0
240 489 -101.0
240 490 -100.0
240 492 -95.0
240 493 -97.0
240 494 -91.0
240 499 -98.0
240 500 -97.0
240 505 -103.0
240 510 -102.0
240 511 -101.0
240 512 -97.0
240 513 -104.0
240 515 -98.0
240 520 -89.0
240 523 -94.0
240 529 -99.0
240 532 -93.0
240 533 -103.0
240 535 -105.0
240 536 -96.0
240 542 -108.0
240 555 -99.0
240 556 -99.0
240 559 -94.0
240 564 -99.0
240 570 -96.0
240 571 -103.0
240 574 -89.0
240 583 -104.0
240 585 -99.0
240 592 -102.0
240 595 -108.0
240 597 -89.0
240 601 -101.0
240 609 -103.0
240 610 -111.0
240 622 -112.0
241 247 -92.0
241 248 -98.0
241 251 -100.0
241 259 -100.0
241 273 -98.0
241 274 -104.0
241 284 -97.0
241 294 -94.0
241 300 -101.0
241 301 -105.0
241 305 -92.0
241 308 -98.0
241 312 -103.0
241 316 -104.0
241 317 -105.0
241 319 -94.0
241 320 -94.0
241 324 -103.0
241 328 -101.0
241 334 -103.0
241 336 -99.0
241 337 -103.0
241 349 -108.0
241 356 -108.0
241 357 -106.0
241 364 -96.0
241 368 -99.0
241 370 -99.0
241 373 -89.0
241 376 -92.0
241 380 -103.0
241 383 -93.0
241 386 -102.0
241 387 -105.0
241 401 -99.0
241 402 -94.0
241 408 -90.0
241 414 -102.0
241 432 -101.0
241 444 -96.0
241 449 -105.0
241 453 -97.0
241 454 -109.0
241 464 -101.0
241 467 -100.0
241 471 -90.0
241 473 -103.0
241 474 -103.0
241 475 -92.0
241 482 -104.0
241 483 -96.0
241 499 -105.0
241 502 -104.0
241 503 -98.0
241 505 -92.0
241 510 -104.0
241 511 -96.0
241 515 -102.0
241 516 -99.0
241 523 -98.0
241 528 -94.0
241 529 -102.0
241 536 -97.0
241 537 -101.0
241 539 -100.0
241 541 -98.0
241 542 -100.0
241 546 -101.0
241 554 -101.0
241 556 -96.0
241 559 -98.0
241 560 -100.0
241 571 -101.0
241 572 -90.0
241 573 -96.0
241 575 -103.0
241 577 -100.0
241 586 -93.0
241 600 -95.0
241 605 -99.0
241 606 -94.0
241 614 -92.0
241 625 -99.0
241 626 -95.0
241 633 -100.0
241 635 -98.0
241 636 -104.0
241 638 -98.0
242 245 -99.0
242 249 -94.0
242 250 -96.0
242 253 -101.0
242 258 -103.0
242 261 -97.0
242 265 -99.0
242 266 -90.0
242 269 -98.0
242 273 -99.0
242 276 -102.0
242 278 -105.0
242 283 -92.0
242 290 -94.0
242 293 -95.0
242 294 -102.0
242 295 -107.0
242 303 -112.0
242 308 -94.0
242 310 -99.0
242 315 -98.0
242 322 -96.0
242 332 -92.0
242 333 -92.0
242 337 -100.0
242 349 -87.0
242 350 -101.0
242 352 -97.0
242 353 -96.0
242 356 -95.0
242 360 -96.0
242 377 -108.0
242 395 -97.0
242 396 -96.0
242 410 -103.0
242 415 -102.0
242 424 -97.0
242 426 -101.0
242 436 -99.0
242 438 -93.0
242 444 -97.0
242 445 -104.0
242 447 -105.0
242 456 -109.0
242 458 -104.0
242 460 -95.0
242 463 -100.0
242 465 -100.0
242 468 -105.0
242 471 -96.0
242 474 -104.0
242 475 -99.0
242 479 -89.0
242 497 -96.0
242 499 -95.0
242 500 -104.0
242 505 -111.0
242 512 -107.0
242 514 -96.0
242 515 -97.0
242 516 -97.0
242 520 -102.0
242 523 -101.0
242 536 -91.0
242 541 -100.0
242 555 -98.0
242 557 -99.0
242 561 -90.0
242 569 -91.0
242 582 -97.0
242 584 -98.0
242 585 -99.0
242 588 -97.0
242 592 -105.0
242 594 -102.0
242 599 -106.0
242 604 -102.0
242 605 -96.0
242 606 -102.0
242 609 -102.0
242 631 -99.0
243 257 -91.0
243 258 -105.0
243 260 -100.0
243 262 -99.0
243 264 -101.0
243 267 -99.0
243 269 -105.0
243 271 -96.0
243 272 -96.0
243 274 -92.0
243 279 -96.0
243 283 -93.0
243 285 -96.0
243 287 -98.0
243 315 -99.0
243 321 -93.0
243 324 -101.0
243 328 -97.0
243 332 -99.0
243 337 -100.0
243 338 -112.0
243 339 -98.0
243 343 -93.0
243 345 -100.0
243 359 -87.0
243 360 -97.0
243 368 -108.0
243 371 -92.0
243 373 -103.0
243 383 -102.0
243 385 -100.0
243 386 -104.0
243 406 -99.0
243 410 -96.0
243 411 -103.0
243 418 -105.0
243 421 -100.0
243 428 -100.0
243 429 -95.0
243 431 -98.0
243 432 -96.0
243 433 -100.0
243 435 -89.0
243 437 -100.0
243 438 -99.0
243 441 -99.0
243 444 -95.0
243 446 -95.0
243 453 -93.0
243 457 -105.0
243 460 -107.0
243 470 -108.0
243 481 -104.0
243 489 -109.0
243 490 -100.0
243 492 -100.0
243 495 -105.0
243 499 -99.0
243 503 -101.0
243 506 -95.0
243 517 -94.0
243 530 -106.0
243 552 -98.0
243 555 -106.0
243 556 -98.0
243 565 -102.0
243 568 -100.0
243 569 -99.0
243 576 -104.0
243 577 -105.0
243 578 -96.0
243 582 -97.0
243 587 -99.0
243 604 -90.0
243 608 -95.0
243 618 -105.0
243 623 -87.0
243 624 -99.0
243 629 -91.0
243 634 -86.0
244 245 -104.0
244 248 -101.0
244 249 -91.0
244 274 -109.0
244 277 -103.0
244 290 -99.0
244 293 -100.0
244 297 -102.0
244 301 -91.0
244 313 -93.0
244 317 -100.0
244 324 -105.0
244 333 -98.0
244 355 -91.0
244 361 -88.0
244 363 -94.0
244 364 -98.0
244 366 -100.0
244 369 -103.0
244 385 -102.0
244 390 -104.0
244 399 -103.0
244 402 -96.0
244 403 -95.0
244 407 -96.0
244 413 -98.0
244 417 -101.0
244 418 -95.0
244 423 -91.0
244 424 -98.0
244 430 -100.0
244 434 -97.0
244 437 -100.0
244 442 -102.0
244 443 -94.0
244 444 -100.0
244 450 -104.0
244 454 -104.0
244 455 -102.0
244 456 -101.0
244 465 -96.0
244 466 -104.0
244 467 -84.0
244 474 -111.0
244 476 -94.0
244 493 -103.0
244 495 -102.0
244 496 -104.0
244 499 -93.0
244 506 -103.0
244 514 -100.0
244 518 -95.0
244 521 -106.0
244 526 -101.0
244 531 -102.0
244 534 -109.0
244 537 -94.0
244 545 -100.0
244 557 -93.0
244 566 -104.0
244 572 -101.0
244 590 -90.0
244 592 -88.0
244 593 -99.0
244 596 -92.0
244 598 -96.0
244 601 -97.0
244 611 -99.0
244 622 -94.0
244 625 -97.0
244 631 -94.0
245 247 -100.0
245 253 -101.0
245 257 -99.0
245 259 -103.0
245 261 -100.0
245 262 -107.0
245 266 -99.0
245 270 -96.0
245 275 -107.0
245 276 -98.0
245 279 -110.0
245 284 -108.0
245 288 -98.0
245 295 -104.0
245 309 -96.0
245 312 -105.0
245 315 -109.0
245 319 -104.0
245 322 -97.0
245 332 -108.0
245 334 -109.0
245 341 -93.0
245 347 -95.0
245 353 -97.0
245 354 -105.0
245 359 -97.0
245 364 -99.0
245 375 -103.0
245 376 -95.0
245 382 -97.0
245 386 -97.0
245 388 -101.0
245 394 -99.0
245 395 -89.0
245 396 -107.0
245 398 -96.0
245 408 -96.0
245 420 -104.0
245 426 -102.0
245 428 -101.0
245 434 -98.0
245 435 -102.0
245 438 -102.0
245 439 -102.0
245 445 -94.0
245 447 -96.0
245 455 -103.0
245 456 -106.0
245 462 -96.0
245 467 -100.0
245 468 -103.0
245 483 -97.0
245 503 -97.0
245 513 -101.0
245 525 -111.0
245 526 -99.0
245 528 -101.0
245 544 -90.0
245 547 -104.0
245 554 -90.0
245 556 -103.0
245 558 -99.0
245 560 -105.0
245 561 -101.0
245 562 -102.0
245 568 -101.0
245 577 -95.0
245 580 -100.0
245 593 -97.0
245 594 -101.0
245 595 -100.0
245 597 -91.0
245 599 -92.0
245 601 -94.0
245 605 -91.0
245 608 -95.0
245 612 -106.0
245 614 -95.0
245 617 -100.0
245 621 -97.0
245 625 -98.0
245 630 -89.0
246 254 -99.0
246 259 -104.0
246 261 -103.0
246 266 -94.0
246 268 -100.0
246 282 -99.0
246 289 -96.0
246 296 -112.0
246 297 -107.0
246 300 -94.0
246 301 -104.0
246 304 -98.0
246 305 -103.0
246 306 -102.0
246 312 -93.0
246 314 -101.0
246 317 -103.0
246 319 -99.0
246 325 -100.0
246 328 -93.0
246 329 -99.0
246 332 -103.0
246 349 -105.0
246 353 -90.0
246 368 -99.0
246 372 -98.0
246 376 -105.0
246 379 -104.0
246 381 -95.0
246 384 -102.0
246 386 -108.0
246 388 -105.0
246 397 -93.0
246 402 -93.0
246 406 -99.0
246 408 -98.0
246 413 -104.0
246 414 -90.0
246 415 -101.0
246 419 -96.0
246 421 -101.0
246 423 -100.0
246 433 -102.0
246 434 -105.0
246 437 -91.0
246 441 -100.0
246 442 -94.0
246 445 -103.0
246 446 -101.0
246 451 -99.0
246 456 -102.0
246 461 -100.0
246 477 -95.0
246 487 -102.0
246 491 -100.0
246 492 -102.0
246 500 -101.0
246 510 -100.0
246 514 -103.0
246 516 -104.0
246 518 -102.0
246 520 -104.0
246 522 -112.0
246 530 -104.0
246 534 -100.0
246 540 -96.0
246 543 -100.0
246 556 -104.0
246 559 -101.0
246 570 -92.0
246 572 -96.0
246 573 -92.0
246 585 -107.0
246 589 -90.0
246 591 -92.0
246 592 -95.0
246 593 -89.0
246 594 -95.0
246 597 -104.0
246 599 -102.0
246 606 -100.0
246 615 -106.0
246 620 -104.0
246 628 -100.0
246 629 -94.0
246 635 -98.0
247 255 -100.0
247 264 -104.0
247 265 -95.0
247 273 -103.0
247 276 -102.0
247 279 -95.0
247 280 -99.0
247 290 -95.0
247 298 -98.0
247 309 -96.0
247 312 -103.0
247 314 -97.0
247 315 -102.0
247 318 -101.0
247 322 -85.0
247 328 -110.0
247 329 -98.0
247 341 -101.0
247 345 -100.0
247 354 -106.0
247 355 -99.0
247 357 -93.0
247 359 -101.0
247 362 -98.0
247 366 -107.0
247 376 -102.0
247 377 -100.0
247 390 -101.0
247 398 -88.0
247 401 -103.0
247 411 -101.0
247 414 -102.0
247 415 -92.0
247 416 -93.0
247 417 -93.0
247 428 -107.0
247 436 -102.0
247 437 -101.0
247 438 -102.0
247 439 -88.0
247 440 -95.0
247 446 -104.0
247 447 -90.0
247 456 -98.0
247 468 -98.0
247 469 -97.0
247 473 -99.0
247 481 -96.0
247 483 -101.0
247 484 -99.0
247 496 -91.0
247 498 -106.0
247 515 -92.0
247 516 -98.0
247 520 -91.0
247 528 -100.0
247 539 -99.0
247 550 -99.0
247 551 -99.0
247 556 -95.0
247 559 -91.0
247 574 -92.0
247 575 -100.0
247 579 -105.0
247 580 -99.0
247 591 -109.0
247 601 -101.0
247 614 -96.0
247 616 -104.0
247 621 -100.0
247 625 -113.0
247 626 -95.0
247 630 -86.0
247 638 -89.0
248 265 -94.0
248 268 -100.0
248 271 -104.0
248 282 -101.0
248 285 -106.0
248 288 -102.0
248 297 -97.0
248 299 -98.0
248 300 -116.0
248 304 -103.0
248 305 -102.0
248 316 -98.0
248 319 -95.0
248 328 -107.0
248 336 -102.0
248 340 -104.0
248 342 -111.0
248 344 -103.0
248 348 -101.0
248 354 -91.0
248 366 -107.0
248 368 -83.0
248 373 -90.0
248 374 -105.0
248 375 -95.0
248 388 -103.0
248 397 -91.0
248 405 -91.0
248 409 -99.0
248 413 -93.0
248 418 -85.0
248 420 -104.0
248 421 -99.0
248 429 -103.0
248 446 -102.0
248 452 -99.0
248 453 -100.0
248 464 -100.0
248 473 -98.0
248 474 -101.0
248 477 -108.0
248 480 -100.0
248 482 -104.0
248 485 -105.0
248 491 -95.0
248 500 -102.0
248 504 -91.0
248 508 -90.0
248 509 -98.0
248 512 -92.0
248 518 -103.0
248 524 -94.0
248 537 -91.0
248 538 -101.0
248 541 -99.0
248 549 -101.0
248 560 -110.0
248 566 -99.0
248 578 -90.0
248 584 -97.0
248 600 -103.0
248 616 -111.0
248 625 -99.0
248 631 -101.0
248 635 -104.0
249 259 -98.0
249 261 -108.0
249 262 -96.0
249 263 -100.0
249 291 -100.0
249 293 -93.0
249 296 -94.0
249 297 -98.0
249 304 -112.0
249 305 -95.0
249 314 -97.0
249 325 -99.0
249 332 -99.0
249 334 -95.0
249 338 -110.0
249 341 -106.0
249 342 -90.0
249 346 -101.0
249 354 -108.0
249 358 -99.0
249 364 -96.0
249 365 -99.0
249 370 -103.0
249 372 -99.0
249 378 -97.0
249 387 -97.0
249 395 -100.0
249 404 -109.0
249 423 -86.0
249 426 -108.0
249 430 -102.0
249 443 -103.0
249 444 -99.0
249 447 -99.0
249 448 -101.0
249 450 -100.0
249 464 -98.0
249 468 -99.0
249 471 -96.0
249 472 -104.0
249 475 -104.0
249 477 -96.0
249 479 -100.0
249 486 -102.0
249 489 -98.0
249 493 -98.0
249 496 -107.0
249 498 -95.0
249 502 -102.0
249 511 -100.0
249 516 -96.0
249 517 -99.0
249 519 -87.0
249 523 -96.0
249 529 -101.0
249 530 -98.0
249 532 -100.0
249 537 -102.0
249 538 -102.0
249 539 -99.0
249 541 -95.0
249 547 -89.0
249 549 -98.0
249 551 -100.0
249 563 -105.0
249 565 -101.0
249 569 -102.0
249 576 -93.0
249 579 -102.0
249 583 -96.0
249 594 -89.0
249 595 -98.0
249 597 -101.0
249 603 -104.0
249 606 -96.0
249 610 -109.0
249 614 -95.0
249 615 -101.0
249 616 -98.0
249 620 -99.0
249 623 -92.0
249 629 -88.0
249 632 -98.0
250 252 -98.0
250 266 -97.0
250 267 -97.0
250 272 -95.0
250 274 -98.0
250 277 -104.0
250 281 -103.0
250 283 -100.0
250 284 -101.0
250 286 -103.0
250 287 -94.0
250 298 -107.0
250 303 -96.0
250 315 -106.0
250 317 -107.0
250 320 -109.0
250 324 -101.0
250 328 -105.0
250 340 -97.0
250 342 -106.0
250 351 -100.0
250 352 -104.0
250 357 -94.0
250 363 -91.0
250 369 -101.0
250 374 -100.0
250 386 -101.0
250 388 -95.0
250 391 -100.0
250 392 -100.0
250 398 -100.0
250 400 -97.0
250 401 -105.0
250 411 -100.0
250 416 -92.0
250 420 -97.0
250 421 -98.0
250 422 -106.0
250 424 -93.0
250 428 -99.0
250 429 -95.0
250 435 -107.0
250 436 -99.0
250 441 -91.0
250 443 -103.0
250 455 -97.0
250 459 -100.0
250 461 -110.0
250 469 -98.0
250 472 -98.0
250 477 -106.0
250 478 -104.0
250 485 -106.0
250 486 -93.0
250 497 -94.0
250 511 -95.0
250 513 -103.0
250 514 -98.0
250 518 -105.0
250 522 -94.0
250 523 -98.0
250 524 -102.0
250 538 -98.0
250 548 -101.0
250 551 -97.0
250 552 -103.0
250 558 -105.0
250 559 -94.0
250 560 -100.0
250 565 -99.0
250 569 -96.0
250 570 -103.0
250 575 -103.0
250 578 -95.0
250 579 -97.0
250 586 -97.0
250 590 -100.0
250 606 -95.0
250 609 -103.0
250 611 -103.0
250 614 -99.0
250 627 -106.0
250 629 -96.0
250 630 -100.0
250 632 -108.0
250 635 -109.0
250 636 -96.0
250 640 -97.0
251 256 -106.0
251 269 -101.0
251 277 -92.0
251 297 -103.0
251 310 -96.0
251 317 -105.0
251 321 -104.0
251 322 -97.0
251 324 -103.0
251 328 -107.0
251 339 -96.0
251 340 -101.0
251 346 -104.0
251 353 -104.0
251 379 -91.0
251 381 -93.0
251 384 -103.0
251 386 -88.0
251 388 -98.0
251 399 -97.0
251 409 -103.0
251 416 -106.0
251 417 -103.0
251 418 -103.0
251 421 -100.0
251 438 -97.0
251 440 -101.0
251 441 -105.0
251 456 -99.0
251 463 -99.0
251 469 -101.0
251 476 -105.0
251 477 -111.0
251 480 -103.0
251 484 -99.0
251 485 -109.0
251 490 -98.0
251 491 -103.0
251 493 -100.0
251 501 -99.0
251 502 -102.0
251 504 -103.0
251 511 -97.0
251 519 -99.0
251 528 -98.0
251 543 -100.0
251 544 -101.0
251 546 -95.0
251 551 -97.0
251 555 -101.0
251 557 -102.0
251 563 -97.0
251 568 -98.0
251 569 -96.0
251 571 -104.0
251 579 -94.0
251 584 -91.0
251 589 -96.0
251 603 -99.0
251 619 -89.0
251 621 -91.0
251 622 -103.0
251 623 -103.0
251 624 -98.0
251 628 -94.0
251 639 -91.0
252 253 -98.0
252 255 -104.0
252 270 -98.0
252 273 -107.0
252 279 -106.0
252 281 -100.0
252 285 -98.0
252 288 -99.0
252 289 -96.0
252 294 -95.0
252 302 -95.0
252 303 -99.0
252 307 -99.0
252 312 -101.0
252 313 -94.0
252 316 -101.0
252 320 -101.0
252 322 -94.0
252 323 -99.0
252 333 -98.0
252 335 -94.0
252 346 -99.0
252 350 -98.0
252 351 -94.0
252 365 -98.0
252 368 -107.0
252 374 -99.0
252 379 -109.0
252 388 -104.0
252 393 -86.0
252 399 -103.0
252 403 -106.0
252 413 -101.0
252 424 -94.0
252 436 -104.0
252 443 -96.0
252 445 -99.0
252 453 -109.0
252 455 -99.0
252 458 -106.0
252 460 -100.0
252 462 -100.0
252 479 -98.0
252 486 -108.0
252 487 -96.0
252 493 -94.0
252 504 -100.0
252 505 -106.0
252 509 -95.0
252 510 -98.0
252 515 -101.0
252 516 -109.0
252 521 -99.0
252 524 -93.0
252 532 -104.0
252 541 -102.0
252 545 -105.0
252 546 -98.0
252 547 -97.0
252 549 -105.0
252 550 -95.0
252 559 -98.0
252 563 -100.0
252 564 -101.0
252 567 -99.0
252 570 -105.0
252 583 -103.0
252 589 -99.0
252 598 -96.0
252 600 -101.0
252 604 -96.0
252 610 -99.0
252 611 -96.0
252 618 -97.0
252 620 -104.0
252 634 -101.0
253 258 -105.0
253 261 -96.0
253 262 -95.0
253 267 -114.0
253 271 -101.0
253 276 -99.0
253 278 -97.0
253 280 -101.0
253 285 -108.0
253 287 -105.0
253 296 -98.0
253 302 -103.0
253 312 -105.0
253 323 -96.0
253 332 -96.0
253 343 -97.0
253 345 -91.0
253 346 -96.0
253 356 -107.0
253 359 -102.0
253 364 -98.0
253 373 -97.0
253 381 -93.0
253 393 -106.0
253 398 -103.0
253 407 -99.0
253 412 -100.0
253 422 -96.0
253 425 -101.0
253 430 -98.0
253 435 -99.0
253 438 -89.0
253 464 -92.0
253 472 -100.0
253 475 -97.0
253 485 -99.0
253 492 -100.0
253 494 -105.0
253 495 -100.0
253 498 -100.0
253 502 -104.0
253 505 -98.0
253 508 -99.0
253 518 -99.0
253 533 -92.0
253 535 -93.0
253 538 -92.0
253 547 -95.0
253 550 -99.0
253 555 -91.0
253 556 -114.0
253 558 -100.0
253 564 -93.0
253 567 -88.0
253 575 -104.0
253 581 -96.0
253 589 -110.0
253 592 -103.0
253 593 -90.0
253 596 -92.0
253 598 -99.0
253 602 -96.0
253 609 -93.0
253 610 -93.0
253 611 -102.0
253 614 -100.0
253 619 -98.0
253 622 -96.0
253 629 -96.0
253 631 -98.0
254 256 -101.0
254 259 -102.0
254 271 -91.0
254 280 -97.0
254 290 -99.0
254 291 -103.0
254 294 -94.0
254 297 -91.0
254 301 -98.0
254 303 -102.0
254 307 -102.0
254 312 -104.0
254 318 -96.0
254 319 -99.0
254 320 -96.0
254 323 -98.0
254 329 -93.0
254 332 -103.0
254 338 -93.0
254 340 -107.0
254 344 -95.0
254 350 -106.0
254 358 -96.0
254 359 -100.0
254 360 -102.0
254 363 -101.0
254 368 -97.0
254 385 -100.0
254 398 -97.0
254 406 -102.0
254 410 -97.0
254 413 -98.0
254 414 -105.0
254 421 -101.0
254 430 -92.0
254 435 -100.0
254 437 -93.0
254 447 -101.0
254 452 -98.0
254 458 -109.0
254 460 -103.0
254 469 -101.0
254 471 -105.0
254 477 -98.0
254 478 -93.0
254 481 -102.0
254 486 -102.0
254 488 -105.0
254 494 -97.0
254 501 -101.0
254 505 -100.0
254 506 -97.0
254 524 -106.0
254 527 -104.0
254 546 -90.0
254 548 -103.0
254 552 -101.0
254 555 -95.0
254 565 -106.0
254 568 -101.0
254 571 -106.0
254 578 -98.0
254 581 -103.0
254 586 -99.0
254 598 -95.0
254 599 -101.0
254 603 -101.0
254 607 -101.0
254 613 -105.0
254 619 -89.0
254 628 -100.0
254 630 -106.0
254 631 -102.0
254 637 -98.0
254 638 -100.0
254 639 -94.0
255 256 -100.0
255 260 -108.0
255 262 -97.0
255 264 -91.0
255 265 -98.0
255 267 -102.0
255 272 -99.0
255 275 -95.0
255 280 -106.0
255 281 -95.0
255 284 -99.0
255 286 -95.0
255 287 -93.0
255 289 -97.0
255 295 -101.0
255 301 -106.0
255 314 -98.0
255 317 -103.0
255 325 -99.0
255 328 -98.0
255 336 -93.0
255 337 -103.0
255 345 -99.0
255 351 -90.0
255 362 -96.0
255 363 -110.0
255 366 -92.0
255 374 -103.0
255 382 -113.0
255 386 -95.0
255 391 -106.0
255 394 -98.0
255 400 -100.0
255 412 -102.0
255 415 -98.0
255 428 -102.0
255 441 -100.0
255 447 -102.0
255 448 -103.0
255 450 -106.0
255 451 -101.0
255 452 -100.0
255 456 -101.0
255 460 -99.0
255 461 -91.0
255 469 -93.0
255 473 -99.0
255 476 -106.0
255 478 -109.0
255 481 -97.0
255 483 -104.0
255 485 -100.0
255 492 -98.0
255 502 -109.0
255 505 -110.0
255 507 -104.0
255 509 -105.0
255 510 -107.0
255 514 -97.0
255 518 -97.0
255 529 -95.0
255 533 -95.0
255 536 -104.0
255 537 -94.0
255 538 -97.0
255 549 -106.0
255 555 -103.0
255 557 -100.0
255 561 -97.0
255 573 -94.0
255 577 -102.0
255 578 -98.0
255 579 -89.0
255 581 -97.0
255 584 -92.0
255 590 -103.0
255 591 -109.0
255 593 -93.0
255 606 -96.0
255 612 -96.0
255 622 -93.0
255 623 -100.0
255 630 -100.0
255 633 -100.0
256 257 -94.0
256 259 -95.0
256 265 -98.0
256 266 -106.0
256 269 -96.0
256 270 -95.0
256 271 -100.0
256 272 -95.0
256 275 -101.0
256 295 -103.0
256 297 -103.0
256 298 -100.0
256 300 -96.0
256 301 -102.0
256 308 -101.0
256 309 -103.0
256 315 -106.0
256 327 -95.0
256 328 -90.0
256 335 -97.0
256 341 -105.0
256 345 -99.0
256 349 -100.0
256 356 -94.0
256 357 -92.0
256 360 -107.0
256 365 -99.0
256 369 -100.0
256 375 -105.0
256 376 -101.0
256 377 -94.0
256 378 -98.0
256 383 -103.0
256 392 -97.0
256 393 -109.0
256 398 -115.0
256 399 -103.0
256 407 -96.0
256 425 -108.0
256 426 -101.0
256 429 -111.0
256 435 -100.0
256 436 -99.0
256 447 -98.0
256 457 -99.0
256 458 -104.0
256 459 -102.0
256 464 -98.0
256 465 -96.0
256 471 -108.0
256 476 -108.0
256 483 -99.0
256 484 -100.0
256 494 -106.0
256 500 -99.0
256 504 -99.0
256 511 -96.0
256 513 -93.0
256 519 -100.0
256 520 -108.0
256 538 -103.0
256 541 -100.0
256 545 -100.0
256 547 -103.0
256 553 -106.0
256 564 -101.0
256 566 -103.0
256 586 -91.0
256 589 -102.0
256 596 -92.0
256 598 -95.0
256 599 -100.0
256 606 -107.0
256 613 -96.0
256 614 -96.0
256 616 -101.0
256 624 -101.0
256 634 -100.0
256 637 -105.0
257 264 -111.0
257 272 -95.0
257 274 -90.0
257 282 -104.0
257 292 -93.0
257 296 -106.0
257 297 -106.0
257 303 -104.0
257 304 -91.0
257 306 -98.0
257 307 -105.0
257 314 -93.0
257 317 -104.0
257 318 -106.0
257 321 -105.0
257 322 -107.0
257 326 -104.0
257 339 -102.0
257 343 -100.0
257 345 -94.0
257 362 -93.0
257 370 -93.0
257 376 -99.0
257 378 -101.0
257 381 -97.0
257 396 -101.0
257 411 -97.0
257 421 -99.0
257 424 -97.0
257 426 -104.0
257 428 -105.0
257 429 -99.0
257 431 -96.0
257 435 -102.0
257 438 -97.0
257 440 -97.0
257 447 -96.0
257 452 -97.0
257 455 -105.0
257 460 -93.0
257 461 -98.0
257 462 -99.0
257 467 -97.0
257 468 -98.0
257 469 -101.0
257 483 -98.0
257 484 -98.0
257 488 -92.0
257 489 -100.0
257 491 -99.0
257 493 -97.0
257 507 -100.0
257 518 -93.0
257 520 -102.0
257 524 -111.0
257 525 -93.0
257 526 -102.0
257 534 -95.0
257 535 -104.0
257 541 -108.0
257 542 -96.0
257 543 -98.0
257 554 -95.0
257 563 -103.0
257 580 -102.0
257 581 -96.0
257 590 -91.0
257 594 -95.0
257 599 -100.0
257 608 -103.0
257 621 -98.0
257 626 -104.0
257 635 -96.0
257 636 -99.0
257 639 -90.0
258 259 -94.0
258 266 -105.0
258 269 -106.0
258 278 -104.0
258 282 -106.0
258 287 -104.0
258 295 -97.0
258 298 -98.0
258 303 -100.0
258 304 -95.0
258 308 -102.0
258 309 -102.0
258 310 -105.0
258 316 -95.0
258 317 -92.0
258 329 -106.0
258 332 -93.0
258 341 -108.0
258 356 -102.0
258 359 -98.0
258 365 -97.0
258 367 -102.0
258 368 -106.0
258 369 -97.0
258 371 -99.0
258 375 -110.0
258 383 -104.0
258 388 -99.0
258 391 -98.0
258 395 -99.0
258 397 -95.0
258 399 -102.0
258 401 -98.0
258 403 -99.0
258 405 -102.0
258 412 -103.0
258 418 -96.0
258 423 -93.0
258 443 -101.0
258 444 -102.0
258 452 -100.0
258 459 -96.0
258 466 -93.0
258 481 -100.0
258 483 -102.0
258 493 -105.0
258 495 -103.0
258 496 -99.0
258 506 -100.0
258 507 -97.0
258 511 -105.0
258 512 -96.0
258 513 -109.0
258 515 -105.0
258 517 -107.0
258 521 -94.0
258 522 -101.0
258 523 -108.0
258 524 -98.0
258 535 -99.0
258 549 -99.0
258 552 -108.0
258 559 -93.0
258 560 -98.0
258 584 -99.0
258 585 -99.0
258 588 -93.0
258 591 -99.0
258 593 -97.0
258 597 -92.0
258 600 -96.0
258 637 -97.0
258 639 -104.0
259 266 -98.0
259 271 -103.0
259 280 -101.0
259 282 -102.0
259 289 -100.0
259 290 -102.0
259 292 -100.0
259 294 -96.0
259 297 -108.0
259 298 -98.0
259 299 -96.0
259 306 -102.0
259 313 -96.0
259 315 -101.0
259 321 -101.0
259 324 -105.0
259 331 -101.0
259 332 -96.0
259 342 -100.0
259 351 -101.0
259 360 -100.0
259 368 -97.0
259 369 -95.0
259 370 -93.0
259 371 -101.0
259 375 -97.0
259 380 -91.0
259 382 -100.0
259 387 -97.0
259 398 -105.0
259 399 -100.0
259 403 -103.0
259 406 -107.0
259 410 -91.0
259 420 -102.0
259 422 -96.0
259 429 -105.0
259 431 -97.0
259 432 -89.0
259 436 -99.0
259 445 -103.0
259 464 -93.0
259 470 -94.0
259 475 -101.0
259 485 -101.0
259 491 -98.0
259 494 -98.0
259 495 -101.0
259 500 -109.0
259 502 -88.0
259 505 -100.0
259 508 -98.0
259 515 -98.0
259 518 -98.0
259 520 -89.0
259 525 -101.0
259 526 -96.0
259 538 -106.0
259 542 -94.0
259 543 -97.0
259 546 -101.0
259 551 -96.0
259 554 -96.0
259 568 -95.0
259 569 -91.0
259 576 -99.0
259 577 -96.0
259 578 -95.0
259 582 -100.0
259 584 -96.0
259 591 -100.0
259 593 -101.0
259 596 -92.0
259 598 -96.0
259 600 -102.0
259 603 -99.0
259 609 -103.0
259 611 -110.0
259 614 -100.0
259 618 -107.0
259 623 -105.0
259 624 -98.0
259 629 -98.0
259 632 -103.0
259 635 -92.0
260 264 -94.0
260 275 -94.0
260 277 -93.0
260 279 -111.0
260 282 -105.0
260 284 -93.0
260 285 -104.0
260 292 -97.0
260 297 -107.0
260 300 -102.0
260 305 -98.0
260 324 -103.0
260 331 -101.0
260 336 -103.0
260 338 -110.0
260 347 -90.0
260 351 -98.0
260 358 -108.0
260 363 -102.0
260 364 -107.0
260 395 -99.0
260 396 -94.0
260 397 -107.0
260 398 -98.0
260 405 -103.0
260 408 -101.0
260 411 -99.0
260 412 -102.0
260 415 -98.0
260 418 -97.0
260 419 -104.0
260 421 -106.0
260 422 -103.0
260 426 -100.0
260 437 -103.0
260 445 -107.0
260 447 -96.0
260 450 -105.0
260 451 -97.0
260 458 -103.0
260 471 -94.0
260 484 -101.0
260 486 -100.0
260 487 -105.0
260 490 -98.0
260 491 -92.0
260 500 -102.0
260 506 -100.0
260 507 -100.0
260 508 -96.0
260 512 -96.0
260 514 -106.0
260 517 -103.0
260 518 -96.0
260 533 -102.0
260 536 -94.0
260 537 -107.0
260 549 -106.0
260 557 -97.0
260 562 -107.0
260 565 -103.0
260 566 -104.0
260 580 -96.0
260 583 -99.0
260 598 -96.0
260 602 -102.0
260 603 -88.0
260 606 -100.0
260 612 -107.0
260 616 -95.0
260 627 -109.0
260 632 -101.0
260 635 -99.0
260 636 -100.0
260 639 -102.0
260 640 -99.0
261 263 -99.0
261 265 -95.0
261 266 -105.0
261 274 -94.0
261 275 -96.0
261 287 -102.0
261 290 -101.0
261 298 -108.0
261 303 -93.0
261 305 -101.0
261 308 -96.0
261 311 -98.0
261 320 -107.0
261 332 -95.0
261 341 -107.0
261 343 -102.0
261 344 -105.0
261 362 -111.0
261 367 -110.0
261 369 -90.0
261 372 -104.0
261 382 -103.0
261 388 -90.0
261 406 -96.0
261 410 -103.0
261 413 -103.0
261 423 -101.0
261 429 -103.0
261 430 -111.0
261 432 -101.0
261 436 -103.0
261 443 -103.0
261 447 -95.0
261 455 -100.0
261 466 -104.0
261 471 -109.0
261 472 -100.0
261 475 -107.0
261 480 -102.0
261 485 -102.0
261 493 -108.0
261 513 -104.0
261 516 -102.0
261 527 -100.0
261 529 -105.0
261 530 -103.0
261 532 -98.0
261 538 -101.0
261 539 -97.0
261 540 -95.0
261 549 -94.0
261 560 -100.0
261 561 -91.0
261 574 -99.0
261 580 -95.0
261 582 -95.0
261 587 -93.0
261 590 -101.0
261 595 -90.0
261 599 -104.0
261 600 -98.0
261 605 -102.0
261 606 -92.0
261 617 -93.0
261 623 -94.0
261 626 -91.0
262 265 -97.0
262 268 -102.0
262 269 -97.0
262 270 -98.0
262 274 -100.0
262 276 -97.0
262 281 -100.0
262 286 -106.0
262 294 -96.0
262 300 -100.0
262 313 -108.0
262 330 -95.0
262 332 -96.0
262 338 -97.0
262 345 -99.0
262 346 -96.0
262 353 -103.0
262 358 -97.0
262 360 -90.0
262 367 -98.0
262 369 -97.0
262 370 -102.0
262 376 -108.0
262 384 -101.0
262 392 -105.0
262 406 -93.0
262 413 -94.0
262 419 -98.0
262 421 -101.0
262 431 -106.0
262 440 -95.0
262 441 -102.0
262 442 -103.0
262 443 -106.0
262 444 -93.0
262 449 -88.0
262 454 -105.0
262 455 -96.0
262 456 -100.0
262 457 -102.0
262 458 -95.0
262 460 -96.0
262 462 -92.0
262 467 -99.0
262 469 -96.0
262 473 -98.0
262 475 -102.0
262 478 -97.0
262 481 -94.0
262 482 -105.0
262 486 -92.0
262 487 -107.0
262 502 -106.0
262 504 -97.0
262 505 -101.0
262 512 -98.0
262 531 -103.0
262 538 -101.0
262 540 -99.0
262 541 -93.0
262 549 -101.0
262 550 -101.0
262 552 -98.0
262 553 -107.0
262 555 -104.0
262 556 -94.0
262 557 -93.0
262 558 -97.0
262 563 -104.0
262 570 -93.0
262 572 -100.0
262 575 -93.0
262 589 -103.0
262 593 -94.0
262 599 -109.0
262 603 -99.0
262 604 -102.0
262 605 -97.0
262 606 -96.0
262 609 -102.0
262 620 -104.0
262 624 -104.0
262 638 -101.0
262 640 -97.0
263 264 -96.0
263 274 -105.0
263 277 -102.0
263 278 -107.0
263 288 -100.0
263 296 -96.0
263 299 -97.0
263 312 -103.0
263 320 -99.0
263 321 -104.0
263 325 -90.0
263 335 -101.0
263 343 -103.0
263 347 -101.0
263 349 -95.0
263 350 -100.0
263 360 -101.0
263 362 -97.0
263 383 -99.0
263 385 -105.0
263 396 -87.0
263 402 -98.0
263 403 -100.0
263 407 -103.0
263 412 -96.0
263 415 -100.0
263 429 -106.0
263 431 -96.0
263 432 -103.0
263 434 -102.0
263 445 -104.0
263 451 -104.0
263 470 -100.0
263 474 -92.0
263 475 -103.0
263 486 -100.0
263 493 -102.0
263 494 -111.0
263 498 -93.0
263 500 -97.0
263 502 -96.0
263 507 -103.0
263 513 -94.0
263 514 -99.0
263 515 -90.0
263 521 -100.0
263 524 -98.0
263 530 -98.0
263 531 -91.0
263 533 -115.0
263 538 -102.0
263 548 -101.0
263 552 -95.0
263 554 -99.0
263 556 -99.0
263 564 -100.0
263 581 -109.0
263 582 -96.0
263 595 -97.0
263 596 -100.0
263 599 -93.0
263 600 -103.0
263 605 -104.0
263 609 -97.0
263 613 -100.0
263 621 -110.0
263 623 -94.0
263 631 -100.0
263 636 -94.0
264 266 -102.0
264 267 -103.0
264 274 -107.0
264 276 -101.0
264 281 -101.0
264 283 -97.0
264 286 -98.0
264 288 -105.0
264 306 -102.0
264 310 -94.0
264 313 -107.0
264 314 -103.0
264 316 -101.0
264 318 -98.0
264 328 -95.0
264 334 -94.0
264 350 -92.0
264 358 -99.0
264 371 -99.0
264 372 -101.0
264 374 -90.0
264 377 -103.0
264 382 -103.0
264 383 -102.0
264 384 -102.0
264 385 -104.0
264 387 -101.0
264 395 -100.0
264 398 -99.0
264 411 -93.0
264 419 -101.0
264 424 -98.0
264 434 -98.0
264 437 -104.0
264 439 -96.0
264 441 -105.0
264 443 -97.0
264 444 -102.0
264 447 -103.0
264 448 -107.0
264 452 -96.0
264 453 -100.0
264 454 -98.0
264 460 -117.0
264 463 -106.0
264 464 -103.0
264 484 -106.0
264 487 -99.0
264 488 -106.0
264 495 -101.0
264 496 -105.0
264 501 -103.0
264 502 -96.0
264 503 -95.0
264 507 -101.0
264 510 -112.0
264 513 -90.0
264 515 -94.0
264 517 -106.0
264 518 -105.0
264 522 -104.0
264 528 -96.0
264 529 -97.0
264 537 -102.0
264 540 -97.0
264 541 -96.0
264 542 -99.0
264 547 -92.0
264 551 -98.0
264 555 -96.0
264 558 -96.0
264 561 -105.0
264 567 -96.0
264 574 -95.0
264 576 -100.0
264 585 -103.0
264 593 -95.0
264 596 -100.0
264 598 -98.0
264 599 -94.0
264 605 -105.0
264 610 -104.0
264 619 -105.0
264 623 -101.0
264 634 -90.0
264 636 -102.0
265 269 -97.0
265 270 -100.0
265 274 -96.0
265 292 -109.0
265 293 -104.0
265 299 -103.0
265 303 -110.0
265 314 -97.0
265 318 -101.0
265 336 -97.0
265 338 -100.0
265 347 -105.0
265 348 -93.0
265 351 -99.0
265 352 -99.0
265 353 -111.0
265 354 -98.0
265 362 -102.0
265 364 -109.0
265 374 -107.0
265 384 -99.0
265 387 -106.0
265 393 -101.0
265 394 -101.0
265 396 -97.0
265 398 -95.0
265 399 -98.0
265 400 -104.0
265 401 -102.0
265 407 -102.0
265 410 -102.0
265 414 -96.0
265 422 -97.0
265 430 -96.0
265 431 -105.0
265 432 -109.0
265 439 -106.0
265 446 -100.0
265 450 -102.0
265 451 -112.0
265 457 -100.0
265 466 -97.0
265 470 -98.0
265 477 -101.0
265 478 -106.0
265 480 -101.0
265 483 -109.0
265 488 -108.0
265 493 -96.0
265 504 -106.0
265 514 -96.0
265 516 -96.0
265 523 -98.0
265 535 -98.0
265 542 -102.0
265 543 -100.0
265 546 -108.0
265 553 -100.0
265 556 -85.0
265 560 -105.0
265 561 -107.0
265 567 -93.0
265 570 -100.0
265 571 -94.0
265 576 -101.0
265 587 -106.0
265 598 -90.0
265 601 -109.0
265 610 -95.0
265 615 -96.0
265 617 -105.0
265 625 -98.0
265 637 -96.0
266 268 -100.0
266 292 -109.0
266 297 -98.0
266 301 -95.0
266 304 -102.0
266 306 -100.0
266 308 -103.0
266 317 -108.0
266 318 -102.0
266 321 -109.0
266 323 -107.0
266 329 -92.0
266 335 -101.0
266 338 -102.0
266 341 -106.0
266 343 -87.0
266 348 -96.0
266 349 -98.0
266 354 -95.0
266 356 -96.0
266 363 -98.0
266 367 -105.0
266 369 -103.0
266 379 -107.0
266 383 -91.0
266 385 -101.0
266 390 -97.0
266 391 -95.0
266 400 -101.0
266 417 -107.0
266 418 -97.0
266 434 -103.0
266 440 -101.0
266 441 -104.0
266 447 -103.0
266 452 -101.0
266 455 -89.0
266 468 -97.0
266 470 -101.0
266 471 -105.0
266 472 -90.0
266 475 -95.0
266 477 -99.0
266 481 -101.0
266 483 -98.0
266 486 -99.0
266 487 -88.0
266 495 -103.0
266 510 -94.0
266 512 -95.0
266 515 -98.0
266 521 -102.0
266 532 -101.0
266 537 -102.0
266 541 -99.0
266 557 -100.0
266 558 -108.0
266 559 -100.0
266 565 -97.0
266 566 -99.0
266 567 -101.0
266 575 -103.0
266 576 -99.0
266 590 -95.0
266 591 -107.0
266 592 -97.0
266 593 -92.0
266 595 -104.0
266 596 -94.0
266 597 -97.0
266 606 -100.0
266 607 -98.0
266 615 -98.0
266 627 -103.0
266 639 -104.0
267 268 -102.0
267 271 -97.0
267 272 -99.0
267 278 -95.0
267 281 -95.0
267 282 -101.0
267 285 -112.0
267 288 -106.0
267 291 -91.0
267 298 -108.0
267 303 -89.0
267 306 -101.0
267 309 -100.0
267 310 -109.0
267 323 -96.0
267 324 -99.0
267 340 -99.0
267 342 -102.0
267 345 -102.0
267 347 -93.0
267 350 -95.0
267 354 -97.0
267 357 -100.0
267 366 -93.0
267 368 -97.0
267 380 -97.0
267 384 -99.0
267 389 -99.0
267 393 -105.0
267 399 -99.0
267 408 -103.0
267 409 -99.0
267 410 -90.0
267 433 -95.0
267 434 -112.0
267 443 -95.0
267 456 -103.0
267 465 -105.0
267 468 -104.0
267 469 -102.0
267 483 -102.0
267 489 -100.0
267 490 -93.0
267 498 -101.0
267 499 -97.0
267 508 -98.0
267 512 -98.0
267 522 -102.0
267 525 -103.0
267 530 -101.0
267 534 -101.0
267 539 -89.0
267 549 -96.0
267 555 -100.0
267 558 -96.0
267 559 -99.0
267 561 -102.0
267 563 -102.0
267 569 -99.0
267 576 -107.0
267 582 -98.0
267 584 -103.0
267 602 -95.0
267 606 -101.0
267 607 -96.0
267 615 -92.0
267 618 -107.0
267 626 -97.0
267 630 -100.0
267 638 -101.0
268 269 -100.0
268 273 -99.0
268 274 -102.0
268 281 -101.0
268 283 -102.0
268 291 -101.0
268 293 -97.0
268 295 -101.0
268 301 -95.0
268 303 -98.0
268 312 -101.0
268 316 -98.0
268 317 -101.0
268 322 -107.0
268 335 -98.0
268 341 -102.0
268 342 -92.0
268 354 -104.0
268 355 -100.0
268 358 -101.0
268 359 -108.0
268 362 -110.0
268 363 -105.0
268 364 -100.0
268 367 -99.0
268 389 -99.0
268 390 -116.0
268 393 -99.0
268 395 -95.0
268 399 -106.0
268 400 -98.0
268 401 -96.0
268 402 -102.0
268 410 -91.0
268 418 -106.0
268 424 -97.0
268 431 -94.0
268 433 -103.0
268 449 -95.0
268 462 -102.0
268 465 -107.0
268 466 -97.0
268 471 -101.0
268 481 -107.0
268 492 -94.0
268 493 -100.0
268 497 -103.0
268 499 -97.0
268 502 -106.0
268 507 -94.0
268 508 -100.0
268 521 -91.0
268 533 -101.0
268 534 -93.0
268 538 -98.0
268 540 -92.0
268 542 -109.0
268 544 -96.0
268 545 -107.0
268 547 -93.0
268 550 -92.0
268 558 -97.0
268 575 -102.0
268 576 -97.0
268 593 -98.0
268 599 -96.0
268 602 -97.0
268 606 -100.0
268 607 -92.0
268 615 -101.0
268 616 -106.0
268 618 -104.0
268 620 -93.0
268 621 -95.0
268 632 -101.0
268 636 -100.0
269 277 -96.0
269 286 -104.0
269 303 -100.0
269 304 -94.0
269 305 -103.0
269 329 -95.0
269 339 -100.0
269 340 -100.0
269 344 -99.0
269 345 -96.0
269 356 -93.0
269 375 -92.0
269 378 -102.0
269 385 -97.0
269 389 -106.0
269 393 -105.0
269 398 -102.0
269 402 -96.0
269 403 -106.0
269 405 -106.0
269 426 -95.0
269 430 -103.0
269 432 -106.0
269 436 -108.0
269 444 -97.0
269 445 -106.0
269 446 -102.0
269 447 -95.0
269 448 -105.0
269 451 -95.0
269 452 -107.0
269 469 -100.0
269 472 -92.0
269 473 -94.0
269 478 -104.0
269 479 -96.0
269 482 -88.0
269 484 -104.0
269 486 -97.0
269 490 -95.0
269 491 -91.0
269 494 -105.0
269 509 -95.0
269 510 -103.0
269 515 -102.0
269 519 -110.0
269 534 -104.0
269 539 -93.0
269 545 -90.0
269 547 -94.0
269 551 -107.0
269 553 -104.0
269 555 -103.0
269 557 -99.0
269 567 -97.0
269 573 -98.0
269 584 -104.0
269 586 -103.0
269 595 -97.0
269 597 -90.0
269 605 -105.0
269 607 -96.0
269 608 -99.0
269 610 -97.0
269 625 -91.0
269 627 -97.0
269 628 -94.0
269 632 -107.0
269 637 -98.0
269 640 -99.0
270 273 -92.0
270 274 -103.0
270 278 -95.0
270 280 -98.0
270 281 -97.0
270 282 -98.0
270 285 -96.0
270 286 -107.0
270 291 -100.0
270 293 -100.0
270 306 -98.0
270 313 -101.0
270 315 -103.0
270 317 -106.0
270 319 -98.0
270 320 -98.0
270 326 -105.0
270 333 -93.0
270 337 -104.0
270 343 -96.0
270 344 -103.0
270 345 -97.0
270 347 -102.0
270 355 -97.0
270 363 -98.0
270 371 -102.0
270 387 -99.0
270 389 -102.0
270 390 -109.0
270 393 -103.0
270 401 -103.0
270 405 -98.0
270 411 -96.0
270 414 -95.0
270 415 -92.0
270 431 -94.0
270 432 -85.0
270 436 -105.0
270 438 -99.0
270 441 -105.0
270 452 -103.0
270 456 -106.0
270 457 -99.0
270 461 -104.0
270 467 -100.0
270 469 -95.0
270 498 -97.0
270 501 -102.0
270 503 -103.0
270 509 -94.0
270 518 -94.0
270 526 -98.0
270 528 -106.0
270 542 -100.0
270 546 -102.0
270 547 -100.0
270 553 -104.0
270 565 -99.0
270 569 -99.0
270 579 -102.0
270 585 -104.0
270 591 -107.0
270 592 -104.0
270 593 -91.0
270 597 -99.0
270 601 -100.0
270 603 -102.0
270 609 -102.0
270 616 -97.0
270 621 -98.0
270 625 -95.0
270 628 -102.0
270 635 -108.0
271 275 -99.0
271 283 -95.0
271 289 -90.0
271 295 -105.0
271 299 -101.0
271 313 -96.0
271 316 -91.0
271 320 -102.0
271 321 -107.0
271 322 -99.0
271 323 -97.0
271 324 -93.0
271 327 -95.0
271 335 -100.0
271 340 -104.0
271 341 -95.0
271 347 -100.0
271 348 -103.0
271 351 -109.0
271 352 -94.0
271 363 -99.0
271 365 -99.0
271 374 -100.0
271 375 -102.0
271 388 -96.0
271 392 -93.0
271 400 -97.0
271 401 -91.0
271 414 -96.0
271 417 -104.0
271 419 -100.0
271 421 -104.0
271 422 -102.0
271 427 -108.0
271 429 -95.0
271 434 -100.0
271 445 -103.0
271 446 -99.0
271 449 -102.0
271 451 -100.0
271 454 -101.0
271 467 -95.0
271 469 -103.0
271 471 -105.0
271 472 -102.0
271 487 -98.0
271 497 -92.0
271 498 -104.0
271 502 -108.0
271 506 -94.0
271 507 -99.0
271 509 -97.0
271 514 -97.0
271 516 -96.0
271 521 -92.0
271 529 -97.0
271 530 -103.0
271 532 -98.0
271 540 -101.0
271 549 -101.0
271 563 -102.0
271 574 -92.0
271 576 -95.0
271 584 -106.0
271 589 -95.0
271 591 -102.0
271 597 -94.0
271 598 -98.0
271 599 -100.0
271 606 -103.0
271 607 -101.0
271 612 -94.0
271 615 -107.0
271 623 -100.0
271 625 -97.0
271 629 -111.0
271 630 -101.0
272 273 -97.0
272 276 -96.0
272 285 -92.0
272 287 -104.0
272 289 -100.0
272 292 -95.0
272 295 -104.0
272 296 -105.0
272 302 -106.0
272 311 -103.0
272 315 -101.0
272 320 -102.0
272 324 -98.0
272 327 -101.0
272 330 -108.0
272 333 -96.0
272 338 -96.0
272 344 -98.0
272 357 -106.0
272 360 -97.0
272 365 -94.0
272 367 -104.0
272 370 -97.0
272 373 -98.0
272 380 -99.0
272 385 -98.0
272 387 -110.0
272 394 -102.0
272 395 -98.0
272 398 -92.0
272 401 -107.0
272 406 -93.0
272 410 -101.0
272 412 -103.0
272 413 -99.0
272 425 -95.0
272 427 -97.0
272 431 -98.0
272 472 -98.0
272 479 -102.0
272 493 -105.0
272 494 -96.0
272 496 -105.0
272 503 -100.0
272 506 -106.0
272 511 -101.0
272 512 -106.0
272 513 -95.0
272 522 -106.0
272 524 -99.0
272 530 -102.0
272 532 -97.0
272 535 -99.0
272 539 -92.0
272 542 -99.0
272 544 -104.0
272 551 -92.0
272 553 -112.0
272 557 -107.0
272 562 -104.0
272 567 -107.0
272 568 -106.0
272 571 -105.0
272 572 -109.0
272 577 -96.0
272 578 -98.0
272 579 -119.0
272 592 -100.0
272 608 -97.0
272 614 -93.0
272 617 -97.0
272 621 -101.0
272 625 -104.0
273 290 -90.0
273 303 -96.0
273 310 -103.0
273 315 -101.0
273 324 -102.0
273 328 -103.0
273 330 -98.0
273 331 -108.0
273 333 -106.0
273 334 -101.0
273 344 -100.0
273 346 -94.0
273 360 -96.0
273 369 -97.0
273 375 -97.0
273 376 -103.0
273 380 -99.0
273 384 -101.0
273 386 -96.0
273 391 -100.0
273 393 -100.0
273 398 -100.0
273 415 -98.0
273 427 -102.0
273 428 -99.0
273 431 -101.0
273 435 -100.0
273 436 -99.0
273 442 -102.0
273 443 -96.0
273 446 -100.0
273 447 -101.0
273 448 -98.0
273 453 -105.0
273 459 -92.0
273 460 -99.0
273 473 -88.0
273 482 -96.0
273 490 -105.0
273 493 -101.0
273 495 -103.0
273 497 -97.0
273 507 -96.0
273 525 -111.0
273 526 -101.0
273 533 -100.0
273 550 -105.0
273 551 -102.0
273 556 -103.0
273 558 -99.0
273 559 -100.0
273 572 -104.0
273 586 -102.0
273 588 -89.0
273 596 -111.0
273 604 -99.0
273 606 -100.0
273 609 -102.0
273 610 -107.0
273 618 -102.0
273 622 -107.0
273 625 -108.0
273 629 -105.0
273 634 -98.0
273 638 -103.0
274 287 -102.0
274 289 -101.0
274 290 -98.0
274 307 -97.0
274 313 -90.0
274 316 -90.0
274 317 -100.0
274 325 -97.0
274 334 -100.0
274 336 -95.0
274 337 -96.0
274 340 -99.0
274 344 -100.0
274 360 -105.0
274 361 -102.0
274 364 -97.0
274 366 -108.0
274 367 -99.0
274 373 -106.0
274 380 -96.0
274 381 -94.0
274 384 -97.0
274 387 -106.0
274 389 -99.0
274 396 -98.0
274 408 -102.0
274 411 -102.0
274 431 -102.0
274 448 -101.0
274 450 -101.0
274 452 -106.0
274 453 -100.0
274 456 -93.0
274 457 -97.0
274 461 -100.0
274 470 -103.0
274 472 -99.0
274 477 -109.0
274 479 -105.0
274 481 -100.0
274 487 -105.0
274 488 -102.0
274 493 -100.0
274 502 -95.0
274 509 -104.0
274 517 -93.0
274 520 -100.0
274 530 -101.0
274 541 -104.0
274 543 -101.0
274 548 -98.0
274 550 -107.0
274 552 -101.0
274 555 -102.0
274 556 -105.0
274 558 -95.0
274 560 -100.0
274 566 -101.0
274 579 -103.0
274 580 -93.0
274 583 -98.0
274 586 -96.0
274 589 -96.0
274 591 -97.0
274 592 -107.0
274 593 -107.0
274 596 -102.0
274 601 -96.0
274 615 -99.0
274 616 -95.0
274 618 -102.0
274 633 -107.0
274 635 -96.0
274 638 -96.0
274 639 -101.0
275 292 -96.0
275 293 -103.0
275 297 -91.0
275 300 -97.0
275 302 -90.0
275 306 -103.0
275 307 -97.0
275 310 -96.0
275 314 -105.0
275 336 -99.0
275 343 -97.0
275 347 -102.0
275 348 -101.0
275 353 -113.0
275 360 -99.0
275 361 -96.0
275 364 -104.0
275 369 -96.0
275 371 -102.0
275 373 -95.0
275 375 -102.0
275 383 -106.0
275 386 -106.0
275 388 -105.0
275 400 -95.0
275 412 -104.0
275 417 -105.0
275 422 -99.0
275 427 -98.0
275 436 -101.0
275 437 -93.0
275 440 -104.0
275 454 -98.0
275 460 -95.0
275 461 -91.0
275 462 -96.0
275 474 -97.0
275 478 -102.0
275 479 -98.0
275 484 -105.0
275 486 -98.0
275 488 -111.0
275 494 -98.0
275 497 -107.0
275 507 -91.0
275 512 -96.0
275 515 -96.0
275 518 -96.0
275 528 -96.0
275 536 -102.0
275 541 -100.0
275 544 -95.0
275 559 -107.0
275 562 -99.0
275 567 -102.0
275 572 -95.0
275 578 -92.0
275 583 -104.0
275 584 -101.0
275 601 -110.0
275 609 -103.0
275 619 -107.0
275 630 -100.0
275 633 -96.0
275 634 -90.0
276 281 -103.0
276 283 -100.0
276 286 -104.0
276 287 -95.0
276 289 -93.0
276 291 -99.0
276 295 -101.0
276 300 -109.0
276 308 -97.0
276 311 -106.0
276 313 -100.0
276 324 -98.0
276 325 -94.0
276 327 -95.0
276 329 -96.0
276 342 -86.0
276 345 -98.0
276 346 -99.0
276 347 -100.0
276 351 -103.0
276 354 -94.0
276 355 -108.0
276 357 -105.0
276 358 -101.0
276 361 -91.0
276 365 -101.0
276 366 -107.0
276 369 -108.0
276 371 -102.0
276 386 -103.0
276 391 -98.0
276 392 -100.0
276 396 -92.0
276 405 -104.0
276 410 -92.0
276 413 -99.0
276 422 -94.0
276 426 -100.0
276 427 -99.0
276 428 -96.0
276 431 -103.0
276 436 -99.0
276 442 -91.0
276 444 -95.0
276 448 -96.0
276 449 -94.0
276 452 -91.0
276 455 -107.0
276 457 -102.0
276 459 -99.0
276 467 -111.0
276 471 -97.0
276 473 -103.0
276 479 -92.0
276 483 -92.0
276 485 -93.0
276 493 -105.0
276 495 -91.0
276 499 -106.0
276 500 -86.0
276 507 -106.0
276 518 -97.0
276 521 -98.0
276 524 -95.0
276 528 -101.0
276 529 -97.0
276 531 -94.0
276 538 -108.0
276 539 -102.0
276 541 -99.0
276 567 -99.0
276 573 -107.0
276 574 -95.0
276 579 -91.0
276 590 -113.0
276 593 -95.0
276 599 -92.0
276 604 -105.0
276 615 -100.0
276 617 -95.0
276 619 -100.0
276 620 -92.0
276 625 -105.0
276 632 -103.0
277 278 -87.0
277 283 -105.0
277 285 -100.0
277 304 -104.0
277 312 -96.0
277 328 -101.0
277 335 -92.0
277 346 -101.0
277 347 -107.0
277 353 -96.0
277 361 -103.0
277 366 -101.0
277 367 -104.0
277 373 -103.0
277 375 -98.0
277 378 -93.0
277 382 -100.0
277 386 -102.0
277 392 -99.0
277 396 -104.0
277 399 -99.0
277 401 -104.0
277 405 -102.0
277 410 -101.0
277 415 -93.0
277 416 -103.0
277 417 -96.0
277 418 -93.0
277 419 -100.0
277 432 -89.0
277 438 -107.0
277 439 -96.0
277 440 -99.0
277 448 -102.0
277 449 -100.0
277 452 -103.0
277 453 -101.0
277 461 -105.0
277 469 -99.0
277 474 -93.0
277 480 -95.0
277 481 -105.0
277 490 -90.0
277 495 -107.0
277 499 -97.0
277 504 -101.0
277 523 -103.0
277 527 -93.0
277 529 -110.0
277 530 -102.0
277 533 -106.0
277 541 -96.0
277 549 -100.0
277 552 -101.0
277 554 -105.0
277 558 -97.0
277 560 -103.0
277 563 -96.0
277 566 -92.0
277 567 -101.0
277 568 -94.0
277 589 -102.0
277 593 -98.0
277 604 -103.0
277 616 -104.0
277 620 -98.0
277 623 -99.0
277 627 -99.0
277 628 -104.0
278 281 -99.0
278 283 -106.0
278 285 -111.0
278 288 -107.0
278 292 -92.0
278 293 -101.0
278 294 -100.0
278 298 -97.0
278 301 -106.0
278 302 -95.0
278 308 -110.0
278 309 -105.0
278 316 -98.0
278 318 -91.0
278 324 -105.0
278 330 -98.0
278 332 -110.0
278 340 -103.0
278 344 -106.0
278 356 -100.0
278 366 -94.0
278 370 -114.0
278 372 -102.0
278 377 -94.0
278 378 -102.0
278 382 -92.0
278 384 -102.0
278 386 -96.0
278 391 -96.0
278 404 -100.0
278 414 -97.0
278 415 -105.0
278 418 -102.0
278 420 -96.0
278 434 -92.0
278 435 -94.0
278 437 -102.0
278 441 -97.0
278 447 -98.0
278 449 -100.0
278 461 -98.0
278 464 -96.0
278 465 -108.0
278 473 -104.0
278 481 -104.0
278 490 -105.0
278 493 -97.0
278 496 -104.0
278 497 -100.0
278 505 -101.0
278 510 -99.0
278 512 -99.0
278 522 -93.0
278 525 -97.0
278 533 -95.0
278 540 -96.0
278 545 -102.0
278 546 -104.0
278 548 -103.0
278 556 -97.0
278 559 -97.0
278 563 -93.0
278 572 -92.0
278 586 -101.0
278 588 -100.0
278 591 -93.0
278 601 -99.0
278 603 -101.0
278 611 -102.0
278 614 -95.0
278 620 -100.0
278 623 -100.0
278 625 -92.0
278 626 -102.0
278 631 -97.0
278 637 -100.0
278 638 -97.0
278 639 -95.0
279 296 -105.0
279 301 -94.0
279 307 -105.0
279 315 -101.0
279 321 -96.0
279 323 -103.0
279 335 -95.0
279 336 -105.0
279 340 -100.0
279 342 -102.0
279 345 -106.0
279 347 -99.0
279 355 -95.0
279 362 -100.0
279 366 -106.0
279 377 -101.0
279 383 -106.0
279 387 -97.0
279 388 -98.0
279 389 -103.0
279 390 -97.0
279 393 -100.0
279 399 -100.0
279 402 -107.0
279 405 -94.0
279 410 -95.0
279 416 -97.0
279 419 -106.0
279 424 -98.0
279 438 -107.0
279 439 -93.0
279 440 -99.0
279 441 -102.0
279 447 -100.0
279 448 -104.0
279 450 -93.0
279 452 -99.0
279 460 -103.0
279 471 -100.0
279 476 -101.0
279 480 -97.0
279 484 -88.0
279 485 -94.0
279 490 -89.0
279 496 -101.0
279 500 -101.0
279 506 -96.0
279 516 -100.0
279 519 -98.0
279 522 -100.0
279 547 -103.0
279 555 -99.0
279 557 -105.0
279 566 -98.0
279 574 -102.0
279 588 -111.0
279 601 -99.0
279 604 -95.0
279 606 -103.0
279 607 -99.0
279 625 -96.0
279 631 -102.0
279 638 -109.0
280 283 -93.0
280 286 -97.0
280 287 -104.0
280 288 -105.0
280 304 -91.0
280 305 -99.0
280 307 -97.0
280 317 -99.0
280 319 -103.0
280 320 -96.0
280 322 -98.0
280 329 -101.0
280 338 -94.0
280 344 -101.0
280 347 -101.0
280 351 -99.0
280 353 -87.0
280 357 -108.0
280 362 -103.0
280 364 -103.0
280 369 -103.0
280 372 -100.0
280 376 -89.0
280 406 -99.0
280 413 -100.0
280 418 -100.0
280 420 -94.0
280 424 -101.0
280 426 -102.0
280 428 -94.0
280 433 -100.0
280 434 -90.0
280 437 -91.0
280 438 -96.0
280 440 -89.0
280 442 -92.0
280 445 -95.0
280 450 -93.0
280 463 -89.0
280 470 -95.0
280 475 -85.0
280 478 -104.0
280 485 -97.0
280 500 -99.0
280 503 -104.0
280 507 -100.0
280 521 -97.0
280 522 -105.0
280 523 -94.0
280 532 -97.0
280 534 -97.0
280 535 -100.0
280 537 -109.0
280 539 -98.0
280 540 -98.0
280 545 -101.0
280 546 -102.0
280 547 -99.0
280 548 -102.0
280 557 -103.0
280 558 -101.0
280 560 -96.0
280 561 -105.0
280 565 -96.0
280 576 -101.0
280 583 -94.0
280 587 -98.0
280 595 -94.0
280 604 -99.0
280 628 -104.0
280 636 -107.0
280 639 -102.0
281 283 -99.0
281 293 -104.0
281 294 -100.0
281 295 -101.0
281 301 -90.0
281 308 -97.0
281 309 -100.0
281 321 -107.0
281 327 -102.0
281 332 -97.0
281 339 -102.0
281 340 -111.0
281 341 -93.0
281 343 -107.0
281 344 -103.0
281 357 -99.0
281 361 -86.0
281 362 -99.0
281 363 -109.0
281 372 -97.0
281 374 -99.0
281 377 -111.0
281 381 -100.0
281 382 -96.0
281 387 -96.0
281 390 -97.0
281 395 -92.0
281 405 -101.0
281 406 -96.0
281 409 -100.0
281 412 -108.0
281 420 -113.0
281 428 -100.0
281 432 -98.0
281 442 -107.0
281 443 -97.0
281 444 -105.0
281 453 -97.0
281 458 -102.0
281 459 -99.0
281 462 -101.0
281 463 -104.0
281 471 -103.0
281 475 -102.0
281 476 -99.0
281 480 -96.0
281 484 -98.0
281 490 -91.0
281 515 -100.0
281 518 -107.0
281 526 -96.0
281 529 -102.0
281 533 -104.0
281 537 -98.0
281 548 -108.0
281 550 -97.0
281 560 -96.0
281 570 -101.0
281 582 -100.0
281 591 -104.0
281 598 -100.0
281 599 -100.0
281 600 -108.0
281 607 -107.0
281 612 -103.0
281 613 -96.0
281 619 -105.0
281 628 -98.0
281 629 -99.0
281 638 -103.0
282 286 -100.0
282 288 -108.0
282 294 -102.0
282 302 -92.0
282 304 -100.0
282 306 -96.0
282 308 -101.0
282 312 -96.0
282 314 -96.0
282 320 -92.0
282 324 -104.0
282 329 -97.0
282 331 -108.0
282 334 -104.0
282 349 -98.0
282 350 -106.0
282 352 -96.0
282 353 -113.0
282 362 -105.0
282 374 -106.0
282 393 -100.0
282 402 -106.0
282 406 -100.0
282 407 -102.0
282 414 -101.0
282 415 -97.0
282 420 -101.0
282 426 -95.0
282 429 -78.0
282 434 -103.0
282 435 -98.0
282 439 -104.0
282 442 -105.0
282 451 -89.0
282 456 -92.0
282 457 -99.0
282 462 -103.0
282 467 -105.0
282 468 -122.0
282 470 -99.0
282 476 -97.0
282 480 -102.0
282 481 -96.0
282 482 -97.0
282 485 -96.0
282 489 -109.0
282 492 -97.0
282 497 -103.0
282 499 -103.0
282 500 -95.0
282 501 -92.0
282 508 -102.0
282 512 -97.0
282 514 -98.0
282 515 -97.0
282 516 -108.0
282 519 -92.0
282 526 -93.0
282 528 -91.0
282 530 -100.0
282 533 -103.0
282 534 -91.0
282 536 -100.0
282 549 -98.0
282 557 -98.0
282 566 -96.0
282 572 -101.0
282 586 -101.0
282 588 -97.0
282 619 -93.0
282 620 -98.0
282 621 -102.0
282 622 -94.0
282 626 -108.0
282 630 -97.0
282 636 -109.0
283 287 -99.0
283 293 -109.0
283 297 -91.0
283 308 -91.0
283 310 -102.0
283 311 -97.0
283 312 -96.0
283 314 -92.0
283 317 -101.0
283 325 -97.0
283 330 -95.0
283 333 -87.0
283 335 -99.0
283 345 -105.0
283 346 -93.0
283 348 -100.0
283 355 -108.0
283 357 -101.0
283 367 -100.0
283 368 -96.0
283 371 -104.0
283 380 -97.0
283 384 -98.0
283 386 -101.0
283 388 -96.0
283 392 -98.0
283 407 -101.0
283 421 -98.0
283 425 -103.0
283 435 -93.0
283 441 -103.0
283 442 -107.0
283 444 -107.0
283 446 -94.0
283 449 -104.0
283 462 -104.0
283 464 -95.0
283 468 -94.0
283 476 -94.0
283 477 -106.0
283 497 -104.0
283 506 -98.0
283 508 -103.0
283 510 -94.0
283 512 -110.0
283 513 -108.0
283 519 -91.0
283 525 -109.0
283 527 -95.0
283 528 -89.0
283 529 -108.0
283 531 -95.0
283 536 -103.0
283 540 -95.0
283 544 -95.0
283 547 -103.0
283 551 -104.0
283 554 -97.0
283 559 -99.0
283 560 -94.0
283 562 -89.0
283 563 -103.0
283 567 -103.0
283 570 -103.0
283 572 -101.0
283 573 -105.0
283 578 -102.0
283 585 -108.0
283 588 -96.0
283 599 -97.0
283 613 -96.0
283 616 -93.0
283 618 -97.0
283 620 -98.0
283 621 -103.0
283 622 -106.0
283 624 -103.0
283 627 -95.0
283 630 -99.0
283 632 -97.0
283 634 -94.0
283 635 -95.0
283 637 -97.0
284 289 -104.0
284 291 -96.0
284 301 -102.0
284 310 -106.0
284 317 -95.0
284 325 -94.0
284 335 -98.0
284 336 -99.0
284 339 -95.0
284 352 -97.0
284 354 -98.0
284 355 -107.0
284 359 -95.0
284 363 -106.0
284 367 -102.0
284 375 -105.0
284 380 -104.0
284 384 -106.0
284 389 -100.0
284 393 -101.0
284 398 -97.0
284 408 -101.0
284 410 -98.0
284 411 -110.0
284 412 -99.0
284 416 -101.0
284 420 -87.0
284 423 -98.0
284 429 -98.0
284 430 -101.0
284 443 -102.0
284 451 -101.0
284 459 -98.0
284 460 -97.0
284 466 -104.0
284 467 -100.0
284 470 -93.0
284 477 -105.0
284 486 -96.0
284 492 -99.0
284 494 -95.0
284 510 -99.0
284 529 -96.0
284 538 -94.0
284 542 -96.0
284 547 -98.0
284 551 -96.0
284 559 -100.0
284 562 -102.0
284 568 -104.0
284 569 -102.0
284 579 -97.0
284 594 -92.0
284 602 -87.0
284 605 -94.0
284 607 -101.0
284 620 -107.0
284 629 -107.0
284 630 -104.0
284 634 -106.0
285 290 -103.0
285 291 -102.0
285 296 -99.0
285 297 -106.0
285 298 -101.0
285 307 -106.0
285 310 -100.0
285 313 -96.0
285 316 -93.0
285 317 -103.0
285 318 -92.0
285 321 -99.0
285 322 -104.0
285 329 -90.0
285 332 -97.0
285 339 -105.0
285 340 -99.0
285 344 -105.0
285 351 -100.0
285 352 -97.0
285 358 -95.0
285 361 -99.0
285 369 -95.0
285 376 -96.0
285 399 -102.0
285 401 -108.0
285 406 -97.0
285 411 -100.0
285 431 -94.0
285 432 -102.0
285 435 -97.0
285 443 -110.0
285 453 -95.0
285 454 -102.0
285 458 -104.0
285 460 -101.0
285 464 -102.0
285 465 -91.0
285 468 -99.0
285 469 -99.0
285 470 -103.0
285 471 -104.0
285 473 -98.0
285 491 -105.0
285 492 -96.0
285 497 -97.0
285 502 -106.0
285 510 -99.0
285 512 -108.0
285 514 -95.0
285 524 -97.0
285 525 -97.0
285 537 -100.0
285 549 -97.0
285 556 -104.0
285 557 -98.0
285 559 -100.0
285 560 -100.0
285 573 -97.0
285 576 -97.0
285 581 -96.0
285 588 -101.0
285 598 -105.0
285 601 -99.0
285 602 -93.0
285 606 -108.0
285 608 -92.0
285 609 -101.0
285 614 -107.0
285 623 -107.0
285 625 -106.0
285 629 -105.0
285 630 -104.0
285 636 -93.0
285 639 -97.0
286 296 -91.0
286 298 -96.0
286 304 -92.0
286 309 -93.0
286 310 -100.0
286 312 -97.0
286 313 -102.0
286 320 -91.0
286 321 -100.0
286 323 -92.0
286 326 -96.0
286 327 -104.0
286 337 -88.0
286 352 -102.0
286 358 -104.0
286 359 -98.0
286 362 -101.0
286 366 -101.0
286 379 -101.0
286 380 -91.0
286 385 -105.0
286 386 -96.0
286 387 -107.0
286 390 -95.0
286 397 -98.0
286 398 -102.0
286 400 -106.0
286 408 -100.0
286 410 -105.0
286 411 -98.0
286 414 -99.0
286 415 -90.0
286 425 -100.0
286 427 -95.0
286 440 -89.0
286 444 -97.0
286 445 -97.0
286 449 -107.0
286 452 -91.0
286 456 -105.0
286 457 -97.0
286 458 -98.0
286 468 -104.0
286 473 -101.0
286 475 -97.0
286 491 -105.0
286 492 -111.0
286 493 -92.0
286 494 -98.0
286 495 -98.0
286 497 -100.0
286 501 -95.0
286 515 -101.0
286 519 -103.0
286 525 -101.0
286 531 -102.0
286 532 -102.0
286 534 -96.0
286 547 -98.0
286 548 -94.0
286 552 -103.0
286 562 -102.0
286 568 -105.0
286 575 -94.0
286 577 -102.0
286 578 -113.0
286 586 -98.0
286 590 -98.0
286 600 -100.0
286 602 -107.0
286 603 -103.0
286 607 -101.0
286 608 -97.0
286 609 -106.0
286 615 -99.0
286 619 -96.0
286 624 -101.0
286 626 -101.0
286 634 -99.0
286 640 -94.0
287 292 -100.0
287 297 -98.0
287 305 -97.0
287 322 -100.0
287 326 -96.0
287 329 -94.0
287 334 -102.0
287 337 -95.0
287 341 -104.0
287 355 -88.0
287 360 -104.0
287 364 -113.0
287 366 -100.0
287 368 -102.0
287 369 -93.0
287 376 -104.0
287 384 -110.0
287 394 -95.0
287 395 -98.0
287 399 -105.0
287 404 -100.0
287 405 -89.0
287 414 -102.0
287 431 -101.0
287 434 -103.0
287 439 -95.0
287 447 -92.0
287 450 -92.0
287 452 -98.0
287 453 -106.0
287 464 -97.0
287 470 -94.0
287 471 -106.0
287 472 -105.0
287 479 -105.0
287 480 -99.0
287 501 -94.0
287 517 -100.0
287 519 -103.0
287 520 -105.0
287 529 -94.0
287 532 -94.0
287 536 -103.0
287 539 -103.0
287 542 -100.0
287 546 -94.0
287 548 -101.0
287 551 -93.0
287 552 -103.0
287 556 -96.0
287 557 -116.0
287 560 -93.0
287 565 -97.0
287 568 -97.0
287 571 -92.0
287 573 -97.0
287 577 -101.0
287 588 -106.0
287 589 -95.0
287 595 -97.0
287 596 -98.0
287 598 -100.0
287 606 -105.0
287 609 -108.0
287 619 -96.0
287 625 -99.0
287 634 -97.0
287 635 -94.0
287 637 -107.0
288 292 -103.0
288 294 -92.0
288 297 -95.0
288 299 -100.0
288 300 -102.0
288 309 -98.0
288 333 -109.0
288 338 -98.0
288 353 -94.0
288 355 -93.0
288 358 -99.0
288 362 -105.0
288 365 -103.0
288 367 -100.0
288 368 -105.0
288 374 -106.0
288 381 -102.0
288 395 -105.0
288 400 -108.0
288 401 -98.0
288 417 -107.0
288 423 -98.0
288 427 -107.0
288 433 -106.0
288 435 -104.0
288 441 -102.0
288 448 -98.0
288 449 -95.0
288 450 -103.0
288 451 -99.0
288 454 -90.0
288 461 -101.0
288 462 -99.0
288 464 -96.0
288 467 -100.0
288 474 -101.0
288 481 -94.0
288 484 -102.0
288 485 -99.0
288 487 -100.0
288 502 -109.0
288 503 -91.0
288 505 -104.0
288 515 -101.0
288 526 -106.0
288 532 -94.0
288 538 -99.0
288 545 -100.0
288 547 -104.0
288 549 -103.0
288 555 -101.0
288 556 -97.0
288 557 -94.0
288 559 -96.0
288 564 -95.0
288 571 -102.0
288 577 -100.0
288 581 -102.0
288 586 -99.0
288 593 -96.0
288 601 -109.0
288 602 -102.0
288 608 -103.0
288 611 -101.0
288 618 -102.0
288 624 -92.0
288 639 -106.0
289 292 -96.0
289 300 -106.0
289 305 -103.0
289 306 -102.0
289 309 -106.0
289 328 -105.0
289 334 -103.0
289 335 -96.0
289 339 -105.0
289 344 -91.0
289 346 -92.0
289 347 -100.0
289 354 -101.0
289 355 -99.0
289 360 -91.0
289 361 -104.0
289 373 -110.0
289 374 -108.0
289 377 -103.0
289 389 -97.0
289 394 -104.0
289 398 -106.0
289 403 -91.0
289 409 -100.0
289 410 -97.0
289 417 -100.0
289 422 -97.0
289 432 -102.0
289 436 -96.0
289 438 -105.0
289 440 -99.0
289 443 -106.0
289 445 -96.0
289 455 -102.0
289 460 -94.0
289 467 -103.0
289 474 -102.0
289 481 -97.0
289 488 -99.0
289 490 -108.0
289 493 -99.0
289 495 -100.0
289 499 -97.0
289 502 -92.0
289 514 -105.0
289 521 -101.0
289 523 -97.0
289 526 -108.0
289 528 -108.0
289 529 -103.0
289 531 -95.0
289 534 -98.0
289 536 -99.0
289 538 -96.0
289 552 -109.0
289 555 -106.0
289 559 -99.0
289 572 -94.0
289 576 -97.0
289 580 -87.0
289 581 -109.0
289 599 -101.0
289 606 -100.0
289 608 -92.0
289 609 -99.0
289 612 -112.0
289 613 -100.0
289 615 -98.0
289 619 -101.0
289 621 -104.0
289 622 -105.0
289 623 -107.0
289 628 -110.0
289 634 -95.0
290 295 -98.0
290 300 -97.0
290 309 -99.0
290 324 -107.0
290 327 -102.0
290 330 -96.0
290 333 -101.0
290 339 -95.0
290 347 -100.0
290 354 -103.0
290 355 -98.0
290 368 -103.0
290 369 -89.0
290 376 -103.0
290 404 -92.0
290 417 -99.0
290 418 -105.0
290 436 -99.0
290 437 -104.0
290 443 -97.0
290 446 -94.0
290 449 -101.0
290 452 -95.0
290 459 -93.0
290 464 -110.0
290 475 -89.0
290 480 -97.0
290 484 -95.0
290 486 -102.0
290 489 -99.0
290 496 -91.0
290 500 -101.0
290 506 -98.0
290 507 -105.0
290 516 -103.0
290 522 -105.0
290 530 -105.0
290 534 -106.0
290 537 -100.0
290 540 -93.0
290 545 -90.0
290 552 -100.0
290 553 -96.0
290 555 -104.0
290 557 -107.0
290 569 -108.0
290 570 -100.0
290 571 -99.0
290 572 -100.0
290 578 -94.0
290 586 -100.0
290 587 -97.0
290 589 -103.0
290 593 -101.0
290 594 -94.0
290 602 -93.0
290 605 -95.0
290 609 -100.0
290 614 -100.0
290 615 -98.0
290 618 -106.0
290 621 -103.0
290 630 -103.0
290 631 -100.0
290 633 -100.0
290 639 -100.0
291 293 -101.0
291 294 -100.0
291 299 -106.0
291 300 -103.0
291 301 -91.0
291 309 -93.0
291 312 -100.0
291 315 -96.0
291 323 -93.0
291 331 -101.0
291 332 -98.0
291 336 -86.0
291 346 -99.0
291 349 -92.0
291 359 -92.0
291 367 -106.0
291 369 -95.0
291 382 -102.0
291 385 -91.0
291 394 -97.0
291 396 -102.0
291 397 -97.0
291 400 -92.0
291 412 -102.0
291 413 -103.0
291 420 -94.0
291 422 -100.0
291 424 -111.0
291 425 -103.0
291 431 -97.0
291 443 -97.0
291 446 -102.0
291 448 -91.0
291 454 -104.0
291 458 -105.0
291 491 -93.0
291 494 -102.0
291 501 -86.0
291 517 -98.0
291 526 -102.0
291 544 -87.0
291 551 -92.0
291 553 -108.0
291 559 -93.0
291 560 -104.0
291 566 -92.0
291 568 -96.0
291 569 -99.0
291 573 -96.0
291 574 -108.0
291 576 -103.0
291 577 -100.0
291 589 -99.0
291 590 -98.0
291 591 -100.0
291 603 -105.0
291 609 -101.0
291 624 -92.0
291 625 -101.0
291 627 -99.0
291 629 -99.0
291 631 -96.0
291 632 -103.0
291 636 -99.0
292 300 -91.0
292 305 -103.0
292 312 -98.0
292 321 -103.0
292 325 -97.0
292 327 -99.0
292 328 -95.0
292 331 -88.0
292 341 -98.0
292 343 -100.0
292 348 -91.0
292 349 -106.0
292 355 -103.0
292 366 -110.0
292 367 -100.0
292 372 -101.0
292 373 -104.0
292 380 -98.0
292 383 -90.0
292 387 -102.0
292 405 -101.0
292 415 -100.0
292 418 -101.0
292 421 -104.0
292 427 -98.0
292 429 -104.0
292 453 -93.0
292 454 -99.0
292 463 -98.0
292 464 -95.0
292 465 -112.0
292 470 -97.0
292 473 -106.0
292 474 -93.0
292 475 -98.0
292 476 -105.0
292 477 -101.0
292 481 -98.0
292 491 -99.0
292 501 -87.0
292 509 -97.0
292 511 -96.0
292 512 -103.0
292 526 -105.0
292 530 -95.0
292 538 -102.0
292 546 -104.0
292 550 -103.0
292 551 -99.0
292 562 -95.0
292 563 -100.0
292 568 -95.0
292 569 -107.0
292 572 -86.0
292 574 -98.0
292 577 -100.0
292 586 -99.0
292 600 -111.0
292 601 -99.0
292 606 -102.0
292 608 -99.0
292 613 -92.0
292 614 -95.0
292 615 -95.0
292 625 -103.0
292 626 -105.0
292 630 -106.0
292 632 -108.0
293 302 -91.0
293 306 -97.0
293 312 -89.0
293 313 -107.0
293 319 -91.0
293 322 -104.0
293 326 -93.0
293 328 -98.0
293 329 -97.0
293 335 -102.0
293 337 -96.0
293 338 -102.0
293 348 -102.0
293 350 -99.0
293 354 -102.0
293 358 -100.0
293 364 -101.0
293 365 -100.0
293 368 -100.0
293 369 -98.0
293 381 -99.0
293 387 -96.0
293 389 -95.0
293 397 -103.0
293 412 -89.0
293 415 -91.0
293 419 -98.0
293 424 -100.0
293 428 -89.0
293 431 -102.0
293 435 -87.0
293 436 -101.0
293 451 -94.0
293 455 -97.0
293 457 -105.0
293 479 -99.0
293 480 -99.0
293 485 -103.0
293 487 -105.0
293 494 -98.0
293 503 -93.0
293 504 -110.0
293 509 -93.0
293 511 -99.0
293 517 -106.0
293 526 -101.0
293 530 -104.0
293 531 -105.0
293 533 -94.0
293 540 -95.0
293 543 -103.0
293 547 -101.0
293 549 -101.0
293 552 -108.0
293 554 -97.0
293 561 -96.0
293 562 -91.0
293 565 -101.0
293 571 -94.0
293 575 -94.0
293 583 -96.0
293 587 -98.0
293 595 -102.0
293 596 -86.0
293 605 -88.0
293 606 -98.0
293 613 -103.0
293 616 -96.0
293 618 -102.0
293 623 -100.0
293 629 -95.0
293 630 -106.0
293 634 -87.0
293 638 -95.0
294 296 -96.0
294 298 -101.0
294 304 -100.0
294 306 -97.0
294 309 -102.0
294 311 -100.0
294 316 -93.0
294 323 -97.0
294 325 -97.0
294 347 -102.0
294 350 -104.0
294 358 -103.0
294 362 -105.0
294 370 -99.0
294 372 -92.0
294 382 -105.0
294 383 -104.0
294 384 -106.0
294 389 -104.0
294 396 -100.0
294 405 -102.0
294 407 -102.0
294 410 -98.0
294 411 -106.0
294 418 -103.0
294 420 -98.0
294 427 -102.0
294 428 -102.0
294 429 -102.0
294 434 -104.0
294 435 -91.0
294 436 -102.0
294 448 -100.0
294 459 -99.0
294 467 -109.0
294 469 -105.0
294 474 -104.0
294 476 -104.0
294 478 -95.0
294 481 -102.0
294 483 -101.0
294 486 -98.0
294 487 -92.0
294 488 -98.0
294 492 -101.0
294 494 -104.0
294 500 -101.0
294 501 -111.0
294 503 -98.0
294 507 -106.0
294 509 -102.0
294 516 -101.0
294 521 -96.0
294 530 -89.0
294 545 -88.0
294 547 -104.0
294 553 -101.0
294 560 -93.0
294 563 -104.0
294 565 -104.0
294 578 -92.0
294 583 -97.0
294 602 -101.0
294 605 -105.0
294 622 -97.0
294 624 -97.0
294 625 -106.0
294 628 -101.0
294 637 -97.0
295 297 -101.0
295 304 -97.0
295 305 -95.0
295 308 -104.0
295 310 -98.0
295 313 -98.0
295 314 -104.0
295 315 -99.0
295 317 -101.0
295 318 -95.0
295 321 -103.0
295 332 -100.0
295 336 -102.0
295 339 -96.0
295 342 -93.0
295 344 -92.0
295 352 -88.0
295 354 -98.0
295 358 -101.0
295 363 -105.0
295 366 -101.0
295 371 -108.0
295 377 -104.0
295 378 -99.0
295 379 -98.0
295 383 -103.0
295 386 -93.0
295 389 -91.0
295 399 -103.0
295 412 -100.0
295 415 -104.0
295 417 -96.0
295 425 -100.0
295 430 -104.0
295 431 -97.0
295 439 -102.0
295 445 -96.0
295 446 -99.0
295 452 -98.0
295 456 -89.0
295 472 -107.0
295 477 -98.0
295 492 -100.0
295 495 -97.0
295 502 -94.0
295 503 -91.0
295 512 -110.0
295 532 -103.0
295 533 -101.0
295 536 -104.0
295 555 -97.0
295 556 -98.0
295 571 -100.0
295 582 -94.0
295 587 -87.0
295 592 -101.0
295 595 -103.0
295 598 -98.0
295 603 -98.0
295 607 -97.0
295 632 -105.0
295 638 -97.0
296 302 -105.0
296 306 -97.0
296 317 -104.0
296 318 -100.0
296 323 -92.0
296 326 -107.0
296 334 -104.0
296 342 -96.0
296 347 -94.0
296 350 -109.0
296 375 -92.0
296 380 -106.0
296 381 -93.0
296 382 -96.0
296 386 -102.0
296 388 -97.0
296 392 -105.0
296 402 -99.0
296 404 -100.0
296 408 -94.0
296 414 -98.0
296 416 -99.0
296 422 -98.0
296 425 -94.0
296 426 -100.0
296 435 -103.0
296 445 -104.0
296 448 -92.0
296 449 -100.0
296 450 -91.0
296 461 -98.0
296 464 -92.0
296 466 -101.0
296 483 -105.0
296 485 -100.0
296 486 -102.0
296 493 -101.0
296 497 -101.0
296 498 -103.0
296 500 -99.0
296 506 -101.0
296 507 -96.0
296 514 -109.0
296 525 -90.0
296 527 -96.0
296 534 -95.0
296 536 -105.0
296 543 -104.0
296 545 -92.0
296 554 -95.0
296 555 -94.0
296 556 -109.0
296 557 -89.0
296 558 -97.0
296 565 -102.0
296 568 -96.0
296 569 -98.0
296 571 -93.0
296 572 -98.0
296 575 -99.0
296 576 -103.0
296 587 -97.0
296 590 -99.0
296 592 -110.0
296 595 -92.0
296 603 -103.0
296 604 -96.0
296 614 -106.0
296 616 -95.0
296 620 -109.0
296 624 -94.0
296 632 -98.0
296 635 -95.0
296 636 -104.0
296 637 -108.0
297 316 -99.0
297 321 -105.0
297 323 -106.0
297 324 -101.0
297 328 -107.0
297 331 -95.0
297 333 -93.0
297 346 -96.0
297 348 -110.0
297 350 -99.0
297 351 -89.0
297 352 -104.0
297 355 -107.0
297 356 -100.0
297 359 -91.0
297 361 -92.0
297 363 -98.0
297 373 -96.0
297 375 -88.0
297 376 -97.0
297 385 -90.0
297 395 -89.0
297 399 -96.0
297 426 -99.0
297 431 -105.0
297 432 -106.0
297 434 -98.0
297 435 -101.0
297 439 -103.0
297 440 -90.0
297 447 -98.0
297 448 -103.0
297 462 -105.0
297 468 -100.0
297 482 -107.0
297 492 -96.0
297 494 -104.0
297 496 -104.0
297 507 -103.0
297 508 -97.0
297 512 -96.0
297 514 -97.0
297 517 -97.0
297 518 -106.0
297 519 -97.0
297 524 -92.0
297 526 -97.0
297 527 -101.0
297 532 -95.0
297 533 -90.0
297 534 -103.0
297 535 -98.0
297 536 -99.0
297 539 -102.0
297 548 -103.0
297 551 -103.0
297 555 -86.0
297 557 -103.0
297 558 -94.0
297 567 -104.0
297 568 -96.0
297 571 -92.0
297 574 -90.0
297 580 -99.0
297 582 -105.0
297 586 -101.0
297 591 -99.0
297 603 -109.0
297 604 -105.0
297 606 -102.0
297 607 -105.0
297 616 -103.0
297 623 -99.0
297 625 -101.0
297 633 -98.0
297 637 -99.0
297 638 -99.0
298 311 -92.0
298 324 -98.0
298 328 -102.0
298 332 -95.0
298 337 -100.0
298 338 -105.0
298 343 -100.0
298 345 -97.0
298 347 -105.0
298 348 -105.0
298 349 -88.0
298 351 -93.0
298 357 -103.0
298 363 -103.0
298 364 -105.0
298 366 -102.0
298 369 -112.0
298 371 -100.0
298 379 -101.0
298 393 -100.0
298 394 -99.0
298 396 -99.0
298 397 -101.0
298 401 -105.0
298 404 -93.0
298 407 -97.0
298 408 -102.0
298 409 -98.0
298 420 -101.0
298 424 -102.0
298 433 -97.0
298 441 -100.0
298 450 -101.0
298 457 -95.0
298 459 -99.0
298 466 -105.0
298 467 -100.0
298 469 -97.0
298 481 -103.0
298 492 -95.0
298 497 -106.0
298 501 -95.0
298 507 -100.0
298 511 -100.0
298 513 -95.0
298 516 -94.0
298 520 -105.0
298 525 -100.0
298 526 -99.0
298 527 -94.0
298 541 -103.0
298 546 -99.0
298 549 -100.0
298 565 -98.0
298 571 -98.0
298 582 -103.0
298 589 -98.0
298 598 -94.0
298 606 -94.0
298 609 -103.0
298 612 -115.0
298 626 -109.0
298 640 -99.0
299 306 -92.0
299 313 -103.0
299 315 -100.0
299 319 -94.0
299 321 -95.0
299 322 -100.0
299 329 -100.0
299 332 -92.0
299 335 -90.0
299 341 -95.0
299 345 -99.0
299 356 -99.0
299 359 -95.0
299 361 -106.0
299 367 -101.0
299 383 -99.0
299 389 -95.0
299 392 -103.0
299 397 -96.0
299 404 -100.0
299 406 -102.0
299 417 -108.0
299 423 -105.0
299 426 -104.0
299 427 -100.0
299 432 -98.0
299 434 -90.0
299 442 -102.0
299 455 -98.0
299 457 -108.0
299 464 -105.0
299 466 -95.0
299 472 -96.0
299 473 -106.0
299 474 -92.0
299 475 -104.0
299 477 -104.0
299 478 -96.0
299 479 -104.0
299 486 -102.0
299 488 -94.0
299 489 -96.0
299 498 -101.0
299 500 -94.0
299 510 -98.0
299 515 -97.0
299 524 -97.0
299 526 -99.0
299 530 -109.0
299 531 -97.0
299 535 -100.0
299 550 -102.0
299 559 -94.0
299 565 -95.0
299 567 -95.0
299 569 -106.0
299 571 -94.0
299 576 -98.0
299 580 -97.0
299 582 -107.0
299 585 -100.0
299 593 -98.0
299 595 -94.0
299 598 -98.0
299 614 -99.0
299 615 -104.0
299 628 -99.0
299 633 -90.0
300 305 -100.0
300 320 -91.0
300 333 -97.0
300 334 -100.0
300 337 -106.0
300 340 -95.0
300 342 -104.0
300 343 -92.0
300 344 -102.0
300 354 -109.0
300 358 -97.0
300 360 -112.0
300 369 -105.0
300 373 -97.0
300 391 -102.0
300 396 -95.0
300 397 -90.0
300 398 -103.0
300 399 -110.0
300 400 -102.0
300 410 -103.0
300 418 -101.0
300 421 -101.0
300 423 -97.0
300 432 -100.0
300 434 -99.0
300 436 -93.0
300 440 -96.0
300 446 -107.0
300 455 -102.0
300 456 -99.0
300 457 -102.0
300 465 -101.0
300 472 -94.0
300 480 -101.0
300 481 -99.0
300 494 -101.0
300 495 -99.0
300 497 -95.0
300 502 -108.0
300 509 -98.0
300 512 -93.0
300 533 -93.0
300 535 -108.0
300 540 -99.0
300 545 -97.0
300 558 -96.0
300 563 -103.0
300 564 -105.0
300 565 -98.0
300 573 -94.0
300 575 -102.0
300 577 -99.0
300 582 -82.0
300 586 -94.0
300 597 -95.0
300 600 -93.0
300 611 -95.0
300 618 -89.0
300 619 -102.0
300 620 -104.0
300 621 -95.0
300 626 -99.0
300 635 -94.0
301 305 -101.0
301 307 -101.0
301 315 -99.0
301 339 -99.0
301 340 -92.0
301 348 -102.0
301 354 -105.0
301 355 -101.0
301 360 -97.0
301 365 -96.0
301 366 -90.0
301 369 -100.0
301 371 -100.0
301 375 -106.0
301 376 -99.0
301 379 -103.0
301 387 -106.0
301 396 -91.0
301 400 -97.0
301 401 -108.0
301 406 -87.0
301 409 -107.0
301 410 -100.0
301 413 -91.0
301 417 -103.0
301 419 -102.0
301 423 -96.0
301 426 -92.0
301 432 -96.0
301 434 -99.0
301 445 -104.0
301 448 -104.0
301 451 -102.0
301 458 -106.0
301 461 -97.0
301 465 -106.0
301 468 -95.0
301 469 -99.0
301 472 -103.0
301 475 -99.0
301 478 -101.0
301 482 -104.0
301 485 -102.0
301 486 -95.0
301 487 -106.0
301 489 -103.0
301 492 -102.0
301 506 -103.0
301 513 -98.0
301 520 -99.0
301 524 -92.0
301 539 -100.0
301 541 -97.0
301 547 -99.0
301 559 -105.0
301 567 -94.0
301 577 -103.0
301 578 -101.0
301 579 -98.0
301 583 -97.0
301 584 -100.0
301 589 -98.0
301 590 -103.0
301 594 -85.0
301 595 -87.0
301 599 -94.0
301 617 -99.0
301 620 -103.0
301 621 -102.0
301 623 -95.0
301 624 -100.0
301 627 -101.0
301 631 -112.0
302 308 -102.0
302 311 -101.0
302 312 -106.0
302 319 -96.0
302 320 -91.0
302 331 -103.0
302 336 -99.0
302 337 -100.0
302 338 -99.0
302 340 -90.0
302 343 -101.0
302 347 -93.0
302 350 -109.0
302 352 -101.0
302 354 -92.0
302 356 -102.0
302 366 -101.0
302 369 -103.0
302 372 -88.0
302 391 -104.0
302 404 -89.0
302 409 -94.0
302 410 -94.0
302 411 -98.0
302 414 -99.0
302 416 -95.0
302 419 -104.0
302 421 -97.0
302 422 -102.0
302 425 -116.0
302 427 -100.0
302 432 -90.0
302 438 -103.0
302 439 -97.0
302 450 -105.0
302 462 -90.0
302 473 -104.0
302 474 -105.0
302 476 -97.0
302 484 -101.0
302 496 -94.0
302 501 -100.0
302 502 -98.0
302 503 -109.0
302 508 -94.0
302 513 -96.0
302 532 -99.0
302 535 -95.0
302 538 -109.0
302 544 -93.0
302 547 -101.0
302 549 -98.0
302 551 -97.0
302 554 -108.0
302 560 -97.0
302 563 -95.0
302 573 -104.0
302 578 -109.0
302 590 -98.0
302 599 -95.0
302 600 -96.0
302 604 -100.0
302 605 -97.0
302 633 -107.0
302 634 -102.0
302 637 -94.0
302 640 -104.0
303 304 -94.0
303 310 -96.0
303 321 -93.0
303 324 -104.0
303 328 -94.0
303 336 -95.0
303 343 -107.0
303 349 -102.0
303 354 -88.0
303 363 -107.0
303 371 -96.0
303 372 -101.0
303 373 -94.0
303 374 -93.0
303 376 -100.0
303 381 -96.0
303 382 -101.0
303 383 -101.0
303 394 -102.0
303 401 -97.0
303 408 -99.0
303 410 -97.0
303 417 -103.0
303 418 -100.0
303 422 -91.0
303 427 -100.0
303 438 -111.0
303 439 -100.0
303 440 -96.0
303 441 -106.0
303 443 -106.0
303 451 -104.0
303 452 -109.0
303 455 -91.0
303 456 -109.0
303 457 -98.0
303 459 -106.0
303 461 -95.0
303 466 -100.0
303 469 -107.0
303 488 -106.0
303 492 -92.0
303 501 -95.0
303 504 -100.0
303 510 -107.0
303 520 -103.0
303 521 -100.0
303 526 -104.0
303 540 -96.0
303 547 -100.0
303 565 -103.0
303 566 -104.0
303 567 -98.0
303 570 -101.0
303 575 -103.0
303 578 -91.0
303 587 -97.0
303 589 -101.0
303 591 -107.0
303 597 -105.0
303 598 -99.0
303 600 -100.0
303 605 -101.0
303 615 -104.0
303 618 -95.0
303 619 -96.0
303 623 -104.0
303 625 -107.0
303 631 -104.0
303 632 -95.0
303 639 -100.0
303 640 -101.0
304 307 -106.0
304 318 -99.0
304 342 -109.0
304 366 -90.0
304 370 -102.0
304 372 -99.0
304 373 -96.0
304 377 -101.0
304 379 -101.0
304 385 -104.0
304 386 -97.0
304 401 -95.0
304 402 -95.0
304 407 -100.0
304 408 -93.0
304 409 -92.0
304 419 -98.0
304 427 -93.0
304 437 -97.0
304 444 -96.0
304 454 -96.0
304 462 -103.0
304 466 -99.0
304 467 -98.0
304 479 -103.0
304 484 -99.0
304 490 -106.0
304 495 -100.0
304 497 -99.0
304 498 -88.0
304 514 -100.0
304 519 -94.0
304 522 -105.0
304 524 -92.0
304 539 -97.0
304 557 -103.0
304 565 -98.0
304 574 -93.0
304 577 -97.0
304 579 -97.0
304 582 -99.0
304 597 -98.0
304 598 -101.0
304 606 -100.0
304 610 -99.0
304 614 -104.0
304 620 -94.0
304 627 -100.0
304 629 -93.0
304 632 -97.0
304 638 -100.0
304 639 -103.0
305 306 -92.0
305 309 -94.0
305 310 -94.0
305 316 -98.0
305 322 -103.0
305 324 -103.0
305 338 -103.0
305 340 -101.0
305 352 -91.0
305 356 -106.0
305 364 -103.0
305 366 -106.0
305 368 -105.0
305 400 -104.0
305 403 -98.0
305 410 -112.0
305 412 -100.0
305 413 -103.0
305 418 -95.0
305 419 -103.0
305 421 -99.0
305 422 -102.0
305 426 -102.0
305 430 -101.0
305 431 -102.0
305 433 -103.0
305 437 -92.0
305 442 -97.0
305 444 -93.0
305 460 -93.0
305 461 -92.0
305 464 -100.0
305 475 -99.0
305 477 -100.0
305 481 -101.0
305 485 -97.0
305 496 -96.0
305 497 -106.0
305 498 -86.0
305 501 -98.0
305 505 -100.0
305 511 -97.0
305 525 -95.0
305 528 -87.0
305 532 -107.0
305 548 -99.0
305 549 -99.0
305 560 -101.0
305 561 -101.0
305 564 -94.0
305 566 -101.0
305 574 -105.0
305 578 -108.0
305 579 -94.0
305 580 -95.0
305 582 -104.0
305 584 -106.0
305 587 -93.0
305 589 -105.0
305 590 -108.0
305 607 -89.0
305 610 -89.0
305 614 -95.0
305 615 -105.0
305 624 -110.0
305 634 -97.0
305 639 -96.0
306 307 -97.0
306 309 -100.0
306 320 -99.0
306 323 -102.0
306 327 -100.0
306 332 -102.0
306 333 -102.0
306 345 -103.0
306 361 -98.0
306 383 -100.0
306 391 -96.0
306 392 -98.0
306 409 -93.0
306 413 -99.0
306 423 -103.0
306 428 -106.0
306 430 -97.0
306 449 -102.0
306 453 -100.0
306 455 -92.0
306 460 -101.0
306 470 -102.0
306 475 -105.0
306 480 -99.0
306 484 -96.0
306 492 -100.0
306 498 -96.0
306 503 -101.0
306 505 -97.0
306 506 -101.0
306 519 -96.0
306 522 -95.0
306 523 -90.0
306 535 -97.0
306 546 -98.0
306 553 -100.0
306 558 -98.0
306 559 -101.0
306 573 -96.0
306 585 -94.0
306 591 -96.0
306 592 -107.0
306 597 -101.0
306 599 -89.0
306 607 -97.0
306 619 -97.0
306 620 -100.0
306 627 -94.0
306 632 -99.0
306 633 -91.0
306 637 -109.0
307 308 -101.0
307 309 -104.0
307 324 -101.0
307 326 -95.0
307 328 -109.0
307 330 -94.0
307 336 -102.0
307 350 -107.0
307 352 -97.0
307 355 -101.0
307 367 -98.0
307 371 -104.0
307 372 -98.0
307 376 -106.0
307 381 -105.0
307 385 -110.0
307 387 -113.0
307 388 -94.0
307 391 -102.0
307 395 -104.0
307 412 -106.0
307 415 -100.0
307 430 -95.0
307 438 -100.0
307 443 -103.0
307 448 -104.0
307 452 -87.0
307 454 -97.0
307 473 -106.0
307 477 -101.0
307 478 -94.0
307 486 -100.0
307 491 -104.0
307 498 -101.0
307 502 -99.0
307 504 -94.0
307 505 -98.0
307 508 -97.0
307 509 -108.0
307 514 -100.0
307 516 -100.0
307 519 -114.0
307 527 -108.0
307 528 -99.0
307 531 -105.0
307 535 -101.0
307 536 -96.0
307 538 -98.0
307 544 -97.0
307 554 -98.0
307 564 -102.0
307 566 -95.0
307 568 -85.0
307 569 -91.0
307 570 -98.0
307 582 -99.0
307 601 -97.0
307 604 -98.0
307 616 -103.0
307 640 -100.0
308 312 -103.0
308 316 -97.0
308 320 -87.0
308 322 -95.0
308 342 -91.0
308 345 -95.0
308 346 -95.0
308 351 -106.0
308 354 -98.0
308 355 -97.0
308 357 -101.0
308 358 -93.0
308 361 -96.0
308 375 -98.0
308 378 -90.0
308 381 -98.0
308 387 -102.0
308 390 -92.0
308 395 -104.0
308 396 -110.0
308 398 -95.0
308 401 -109.0
308 405 -97.0
308 408 -99.0
308 410 -98.0
308 412 -100.0
308 436 -109.0
308 443 -111.0
308 448 -105.0
308 450 -102.0
308 458 -102.0
308 471 -102.0
308 478 -102.0
308 479 -90.0
308 484 -92.0
308 492 -99.0
308 494 -108.0
308 508 -99.0
308 518 -95.0
308 526 -99.0
308 527 -102.0
308 528 -103.0
308 529 -102.0
308 532 -106.0
308 534 -102.0
308 535 -100.0
308 539 -94.0
308 541 -91.0
308 544 -89.0
308 546 -93.0
308 547 -103.0
308 550 -106.0
308 551 -102.0
308 554 -100.0
308 556 -103.0
308 561 -98.0
308 569 -107.0
308 572 -94.0
308 589 -95.0
308 593 -99.0
308 599 -98.0
308 600 -103.0
308 604 -96.0
308 607 -100.0
308 618 -97.0
308 638 -94.0
309 310 -92.0
309 313 -95.0
309 325 -97.0
309 334 -105.0
309 349 -101.0
309 371 -99.0
309 375 -102.0
309 388 -103.0
309 393 -109.0
309 402 -98.0
309 414 -99.0
309 421 -97.0
309 425 -91.0
309 429 -102.0
309 433 -94.0
309 435 -94.0
309 440 -93.0
309 446 -100.0
309 447 -97.0
309 456 -105.0
309 459 -98.0
309 462 -101.0
309 468 -92.0
309 480 -92.0
309 503 -100.0
309 507 -106.0
309 515 -93.0
309 517 -102.0
309 523 -105.0
309 528 -95.0
309 529 -98.0
309 531 -101.0
309 532 -106.0
309 536 -101.0
309 538 -97.0
309 543 -96.0
309 550 -90.0
309 556 -104.0
309 557 -98.0
309 559 -112.0
309 565 -96.0
309 572 -99.0
309 575 -105.0
309 577 -97.0
309 583 -102.0
309 587 -98.0
309 598 -102.0
309 609 -105.0
309 615 -99.0
309 627 -97.0
309 628 -101.0
309 634 -103.0
309 636 -96.0
310 314 -99.0
310 322 -97.0
310 331 -93.0
310 340 -96.0
310 343 -106.0
310 345 -103.0
310 362 -99.0
310 363 -95.0
310 374 -100.0
310 377 -95.0
310 381 -103.0
310 382 -99.0
310 394 -97.0
310 396 -103.0
310 398 -99.0
310 411 -115.0
310 423 -102.0
310 425 -102.0
310 429 -97.0
310 438 -99.0
310 445 -97.0
310 451 -99.0
310 452 -102.0
310 457 -100.0
310 465 -94.0
310 468 -91.0
310 477 -107.0
310 481 -95.0
310 483 -100.0
310 484 -92.0
310 490 -93.0
310 515 -88.0
310 518 -98.0
310 524 -97.0
310 531 -102.0
310 548 -92.0
310 551 -96.0
310 557 -102.0
310 564 -102.0
310 567 -85.0
310 578 -101.0
310 580 -102.0
310 582 -99.0
310 589 -104.0
310 591 -104.0
310 599 -89.0
310 606 -105.0
310 608 -96.0
310 611 -104.0
310 614 -106.0
310 615 -95.0
310 616 -110.0
310 619 -98.0
310 629 -93.0
311 312 -103.0
311 314 -105.0
311 319 -93.0
311 322 -113.0
311 326 -88.0
311 329 -96.0
311 338 -107.0
311 342 -108.0
311 343 -100.0
311 344 -105.0
311 361 -104.0
311 362 -101.0
311 370 -94.0
311 377 -100.0
311 387 -100.0
311 388 -103.0
311 390 -103.0
311 391 -102.0
311 402 -92.0
311 410 -91.0
311 414 -107.0
311 420 -100.0
311 422 -97.0
311 423 -108.0
311 447 -111.0
311 449 -106.0
311 451 -111.0
311 460 -104.0
311 464 -109.0
311 466 -100.0
311 470 -97.0
311 475 -104.0
311 485 -96.0
311 487 -91.0
311 490 -103.0
311 493 -100.0
311 495 -102.0
311 498 -103.0
311 499 -105.0
311 502 -109.0
311 504 -104.0
311 513 -105.0
311 514 -95.0
311 515 -107.0
311 517 -87.0
311 518 -96.0
311 522 -99.0
311 524 -96.0
311 535 -101.0
311 538 -92.0
311 541 -111.0
311 542 -101.0
311 547 -99.0
311 549 -106.0
311 561 -106.0
311 563 -102.0
311 571 -98.0
311 578 -94.0
311 594 -100.0
311 607 -105.0
311 633 -98.0
311 634 -98.0
311 637 -102.0
311 639 -100.0
312 315 -100.0
312 316 -101.0
312 317 -98.0
312 319 -91.0
312 329 -91.0
312 330 -103.0
312 332 -98.0
312 340 -103.0
312 342 -92.0
312 345 -97.0
312 355 -93.0
312 357 -98.0
312 371 -107.0
312 373 -97.0
312 374 -99.0
312 381 -92.0
312 391 -94.0
312 396 -99.0
312 397 -92.0
312 406 -104.0
312 409 -105.0
312 417 -110.0
312 418 -100.0
312 425 -109.0
312 429 -106.0
312 431 -99.0
312 432 -104.0
312 440 -96.0
312 454 -106.0
312 455 -97.0
312 459 -100.0
312 461 -101.0
312 462 -98.0
312 465 -97.0
312 469 -105.0
312 473 -95.0
312 479 -92.0
312 481 -101.0
312 485 -108.0
312 487 -109.0
312 489 -102.0
312 490 -94.0
312 492 -107.0
312 496 -95.0
312 499 -100.0
312 503 -99.0
312 508 -101.0
312 516 -106.0
312 522 -98.0
312 524 -102.0
312 525 -97.0
312 526 -96.0
312 527 -93.0
312 530 -98.0
312 532 -102.0
312 533 -98.0
312 537 -94.0
312 539 -98.0
312 540 -93.0
312 563 -95.0
312 565 -101.0
312 568 -97.0
312 571 -99.0
312 576 -104.0
312 577 -95.0
312 583 -98.0
312 596 -91.0
312 598 -105.0
312 605 -97.0
312 607 -109.0
312 608 -99.0
312 610 -97.0
312 613 -95.0
312 633 -92.0
312 636 -101.0
313 314 -99.0
313 334 -98.0
313 336 -100.0
313 339 -102.0
313 346 -100.0
313 350 -101.0
313 354 -97.0
313 361 -90.0
313 362 -102.0
313 363 -104.0
313 375 -103.0
313 385 -97.0
313 391 -101.0
313 393 -95.0
313 401 -102.0
313 415 -104.0
313 417 -104.0
313 418 -94.0
313 423 -95.0
313 431 -99.0
313 440 -103.0
313 443 -96.0
313 446 -106.0
313 447 -95.0
313 450 -95.0
313 457 -103.0
313 460 -100.0
313 468 -103.0
313 474 -97.0
313 501 -102.0
313 505 -99.0
313 510 -95.0
313 515 -95.0
313 517 -95.0
313 518 -96.0
313 525 -91.0
313 531 -97.0
313 539 -101.0
313 540 -99.0
313 543 -101.0
313 546 -100.0
313 549 -97.0
313 553 -93.0
313 561 -101.0
313 562 -105.0
313 567 -102.0
313 570 -105.0
313 573 -102.0
313 576 -104.0
313 580 -104.0
313 582 -102.0
313 592 -98.0
313 598 -94.0
313 599 -105.0
313 608 -111.0
313 618 -101.0
313 628 -108.0
313 629 -106.0
313 631 -104.0
313 632 -96.0
313 634 -94.0
313 640 -101.0
314 315 -101.0
314 316 -95.0
314 320 -96.0
314 321 -102.0
314 324 -96.0
314 326 -97.0
314 328 -94.0
314 331 -98.0
314 345 -97.0
314 346 -101.0
314 358 -107.0
314 369 -101.0
314 375 -107.0
314 377 -102.0
314 379 -99.0
314 390 -100.0
314 394 -100.0
314 401 -105.0
314 407 -97.0
314 409 -100.0
314 418 -102.0
314 422 -100.0
314 428 -102.0
314 435 -97.0
314 438 -104.0
314 445 -102.0
314 451 -103.0
314 458 -104.0
314 460 -102.0
314 461 -98.0
314 462 -94.0
314 467 -103.0
314 469 -97.0
314 472 -104.0
314 481 -104.0
314 494 -102.0
314 497 -101.0
314 499 -95.0
314 500 -108.0
314 502 -103.0
314 515 -101.0
314 519 -99.0
314 523 -89.0
314 528 -101.0
314 532 -91.0
314 533 -103.0
314 543 -102.0
314 546 -99.0
314 547 -94.0
314 551 -104.0
314 554 -96.0
314 557 -98.0
314 558 -102.0
314 559 -96.0
314 562 -94.0
314 565 -97.0
314 569 -101.0
314 576 -110.0
314 578 -99.0
314 589 -99.0
314 595 -105.0
314 598 -94.0
314 603 -96.0
314 612 -89.0
314 619 -101.0
314 622 -97.0
314 630 -103.0
314 631 -98.0
314 632 -98.0
314 634 -102.0
314 637 -98.0
315 319 -99.0
315 323 -102.0
315 338 -100.0
315 342 -96.0
315 344 -100.0
315 345 -97.0
315 350 -104.0
315 355 -96.0
315 357 -100.0
315 370 -103.0
315 379 -102.0
315 382 -103.0
315 387 -103.0
315 388 -97.0
315 397 -97.0
315 399 -104.0
315 405 -102.0
315 416 -105.0
315 419 -98.0
315 425 -99.0
315 428 -99.0
315 430 -100.0
315 442 -107.0
315 444 -97.0
315 446 -95.0
315 455 -101.0
315 464 -100.0
315 467 -100.0
315 471 -100.0
315 483 -102.0
315 484 -107.0
315 485 -103.0
315 486 -114.0
315 487 -102.0
315 493 -100.0
315 514 -104.0
315 518 -97.0
315 520 -95.0
315 525 -91.0
315 529 -103.0
315 532 -102.0
315 538 -98.0
315 540 -101.0
315 546 -96.0
315 550 -102.0
315 562 -106.0
315 566 -96.0
315 568 -93.0
315 572 -97.0
315 573 -96.0
315 574 -102.0
315 576 -99.0
315 577 -103.0
315 579 -95.0
315 583 -97.0
315 585 -97.0
315 592 -97.0
315 595 -105.0
315 597 -103.0
315 598 -106.0
315 602 -90.0
315 605 -107.0
315 614 -101.0
315 623 -102.0
315 624 -102.0
315 625 -94.0
315 626 -102.0
315 627 -97.0
315 633 -101.0
315 637 -103.0
315 638 -100.0
316 321 -101.0
316 322 -103.0
316 326 -97.0
316 329 -108.0
316 330 -104.0
316 334 -102.0
316 339 -98.0
316 349 -109.0
316 351 -101.0
316 356 -104.0
316 358 -101.0
316 359 -100.0
316 363 -105.0
316 367 -94.0
316 375 -95.0
316 381 -98.0
316 384 -105.0
316 385 -93.0
316 391 -99.0
316 392 -99.0
316 396 -98.0
316 397 -103.0
316 402 -88.0
316 405 -95.0
316 409 -97.0
316 412 -109.0
316 425 -102.0
316 426 -104.0
316 429 -103.0
316 437 -107.0
316 441 -99.0
316 442 -110.0
316 443 -100.0
316 444 -104.0
316 447 -92.0
316 451 -108.0
316 456 -96.0
316 458 -97.0
316 466 -90.0
316 467 -104.0
316 471 -103.0
316 472 -99.0
316 479 -94.0
316 481 -98.0
316 490 -105.0
316 493 -99.0
316 499 -99.0
316 500 -102.0
316 502 -103.0
316 508 -103.0
316 514 -104.0
316 518 -98.0
316 520 -102.0
316 521 -99.0
316 524 -102.0
316 527 -97.0
316 534 -97.0
316 535 -99.0
316 539 -90.0
316 542 -98.0
316 545 -102.0
316 552 -104.0
316 553 -103.0
316 554 -86.0
316 559 -105.0
316 561 -95.0
316 562 -107.0
316 566 -97.0
316 572 -97.0
316 573 -102.0
316 575 -104.0
316 577 -101.0
316 580 -95.0
316 584 -98.0
316 585 -94.0
316 599 -91.0
316 601 -101.0
316 607 -103.0
316 617 -100.0
316 621 -97.0
316 626 -100.0
316 628 -98.0
316 631 -90.0
316 633 -94.0
316 637 -95.0
316 639 -102.0
317 321 -96.0
317 336 -101.0
317 338 -106.0
317 343 -100.0
317 347 -105.0
317 351 -97.0
317 354 -97.0
317 357 -97.0
317 367 -106.0
317 369 -102.0
317 377 -97.0
317 383 -96.0
317 384 -94.0
317 386 -90.0
317 387 -101.0
317 389 -95.0
317 392 -99.0
317 407 -99.0
317 409 -98.0
317 414 -101.0
317 416 -97.0
317 421 -97.0
317 423 -96.0
317 433 -95.0
317 437 -103.0
317 450 -101.0
317 456 -92.0
317 463 -97.0
317 472 -92.0
317 478 -102.0
317 481 -95.0
317 482 -95.0
317 490 -100.0
317 495 -101.0
317 500 -98.0
317 507 -89.0
317 511 -101.0
317 518 -102.0
317 519 -96.0
317 528 -89.0
317 542 -109.0
317 544 -104.0
317 545 -100.0
317 558 -99.0
317 561 -98.0
317 562 -94.0
317 563 -107.0
317 564 -101.0
317 570 -90.0
317 574 -93.0
317 580 -93.0
317 583 -100.0
317 584 -99.0
317 585 -100.0
317 595 -101.0
317 604 -99.0
317 614 -95.0
317 616 -105.0
317 617 -99.0
317 633 -97.0
318 324 -98.0
318 329 -99.0
318 330 -101.0
318 331 -101.0
318 338 -99.0
318 359 -99.0
318 360 -91.0
318 364 -102.0
318 366 -99.0
318 380 -100.0
318 385 -100.0
318 388 -88.0
318 397 -97.0
318 410 -102.0
318 411 -93.0
318 412 -108.0
318 414 -107.0
318 415 -104.0
318 419 -105.0
318 421 -96.0
318 422 -89.0
318 424 -104.0
318 426 -90.0
318 427 -91.0
318 429 -101.0
318 432 -102.0
318 437 -104.0
318 438 -104.0
318 441 -96.0
318 448 -106.0
318 455 -99.0
318 456 -107.0
318 459 -97.0
318 460 -92.0
318 463 -94.0
318 464 -92.0
318 468 -105.0
318 469 -99.0
318 470 -99.0
318 472 -99.0
318 473 -104.0
318 474 -97.0
318 476 -106.0
318 477 -96.0
318 479 -112.0
318 498 -98.0
318 505 -101.0
318 514 -92.0
318 518 -103.0
318 524 -97.0
318 531 -102.0
318 533 -99.0
318 534 -93.0
318 539 -100.0
318 548 -90.0
318 552 -99.0
318 554 -100.0
318 573 -97.0
318 574 -98.0
318 575 -107.0
318 590 -95.0
318 597 -92.0
318 613 -96.0
318 617 -93.0
318 624 -97.0
318 626 -101.0
318 638 -94.0
319 322 -100.0
319 336 -95.0
319 348 -96.0
319 349 -101.0
319 353 -94.0
319 360 -93.0
319 361 -109.0
319 363 -103.0
319 364 -95.0
319 369 -100.0
319 379 -101.0
319 380 -99.0
319 388 -100.0
319 400 -97.0
319 416 -102.0
319 417 -97.0
319 423 -103.0
319 424 -97.0
319 428 -107.0
319 431 -90.0
319 432 -94.0
319 435 -103.0
319 436 -100.0
319 445 -98.0
319 447 -98.0
319 449 -96.0
319 450 -100.0
319 456 -99.0
319 457 -101.0
319 459 -96.0
319 462 -97.0
319 465 -99.0
319 467 -101.0
319 468 -98.0
319 472 -95.0
319 478 -101.0
319 479 -95.0
319 486 -94.0
319 490 -107.0
319 491 -96.0
319 497 -101.0
319 503 -103.0
319 506 -102.0
319 519 -103.0
319 521 -99.0
319 530 -90.0
319 536 -101.0
319 547 -99.0
319 552 -102.0
319 553 -105.0
319 556 -99.0
319 563 -105.0
319 564 -104.0
319 568 -93.0
319 579 -104.0
319 580 -100.0
319 582 -95.0
319 584 -104.0
319 585 -95.0
319 592 -97.0
319 599 -106.0
319 603 -91.0
319 604 -94.0
319 611 -97.0
319 617 -100.0
319 624 -103.0
319 629 -100.0
319 630 -99.0
319 635 -96.0
320 322 -103.0
320 324 -107.0
320 325 -111.0
320 326 -82.0
320 328 -94.0
320 333 -103.0
320 345 -101.0
320 352 -107.0
320 356 -94.0
320 362 -97.0
320 363 -104.0
320 365 -99.0
320 376 -99.0
320 378 -103.0
320 379 -101.0
320 381 -91.0
320 386 -101.0
320 387 -96.0
320 389 -92.0
320 393 -96.0
320 394 -100.0
320 395 -109.0
320 396 -100.0
320 400 -99.0
320 402 -103.0
320 406 -102.0
320 408 -88.0
320 418 -96.0
320 425 -98.0
320 426 -103.0
320 430 -102.0
320 431 -102.0
320 432 -104.0
320 433 -101.0
320 437 -108.0
320 442 -102.0
320 444 -100.0
320 445 -93.0
320 452 -95.0
320 460 -100.0
320 467 -98.0
320 471 -97.0
320 475 -104.0
320 482 -102.0
320 483 -98.0
320 486 -93.0
320 491 -103.0
320 492 -103.0
320 493 -98.0
320 499 -103.0
320 502 -99.0
320 510 -98.0
320 514 -98.0
320 530 -98.0
320 539 -101.0
320 542 -94.0
320 544 -95.0
320 557 -109.0
320 577 -104.0
320 583 -93.0
320 584 -102.0
320 586 -107.0
320 588 -103.0
320 594 -102.0
320 600 -101.0
320 614 -92.0
320 617 -106.0
320 635 -102.0
320 638 -99.0
321 324 -101.0
321 326 -93.0
321 327 -92.0
321 328 -106.0
321 331 -99.0
321 332 -96.0
321 334 -100.0
321 346 -96.0
321 353 -99.0
321 355 -102.0
321 357 -98.0
321 363 -101.0
321 366 -97.0
321 367 -100.0
321 369 -104.0
321 371 -106.0
321 379 -98.0
321 383 -104.0
321 384 -102.0
321 386 -93.0
321 399 -106.0
321 414 -105.0
321 416 -98.0
321 422 -93.0
321 430 -91.0
321 435 -93.0
321 439 -96.0
321 441 -102.0
321 448 -91.0
321 452 -90.0
321 456 -95.0
321 466 -103.0
321 476 -104.0
321 478 -108.0
321 489 -104.0
321 492 -102.0
321 493 -95.0
321 507 -104.0
321 517 -97.0
321 519 -98.0
321 524 -98.0
321 531 -110.0
321 533 -93.0
321 535 -93.0
321 538 -99.0
321 539 -98.0
321 542 -96.0
321 543 -99.0
321 544 -103.0
321 546 -93.0
321 554 -98.0
321 561 -110.0
321 567 -98.0
321 569 -99.0
321 574 -100.0
321 575 -98.0
321 585 -104.0
321 586 -90.0
321 594 -106.0
321 600 -94.0
321 605 -98.0
321 619 -107.0
321 626 -109.0
321 632 -101.0
321 634 -95.0
321 638 -94.0
322 323 -106.0
322 326 -104.0
322 328 -91.0
322 332 -89.0
322 337 -102.0
322 339 -106.0
322 342 -100.0
322 351 -99.0
322 358 -107.0
322 363 -91.0
322 366 -102.0
322 367 -102.0
322 368 -84.0
322 376 -101.0
322 378 -94.0
322 383 -92.0
322 390 -101.0
322 396 -98.0
322 401 -98.0
322 403 -101.0
322 405 -101.0
322 422 -101.0
322 431 -102.0
322 437 -106.0
322 449 -97.0
322 456 -109.0
322 458 -97.0
322 462 -105.0
322 468 -97.0
322 470 -97.0
322 476 -103.0
322 477 -97.0
322 482 -112.0
322 483 -96.0
322 484 -96.0
322 500 -95.0
322 504 -103.0
322 506 -107.0
322 509 -90.0
322 513 -95.0
322 517 -97.0
322 521 -95.0
322 527 -99.0
322 532 -95.0
322 536 -93.0
322 540 -99.0
322 548 -89.0
322 550 -90.0
322 559 -98.0
322 561 -94.0
322 564 -89.0
322 571 -94.0
322 574 -102.0
322 580 -93.0
322 583 -111.0
322 586 -97.0
322 595 -100.0
322 596 -99.0
322 598 -104.0
322 618 -101.0
322 627 -100.0
323 328 -108.0
323 330 -94.0
323 340 -103.0
323 362 -98.0
323 363 -94.0
323 366 -102.0
323 369 -103.0
323 371 -96.0
323 386 -106.0
323 390 -108.0
323 398 -98.0
323 401 -93.0
323 402 -108.0
323 404 -107.0
323 407 -96.0
323 409 -98.0
323 412 -101.0
323 415 -105.0
323 417 -97.0
323 421 -98.0
323 430 -114.0
323 438 -85.0
323 439 -97.0
323 453 -99.0
323 459 -85.0
323 460 -98.0
323 461 -105.0
323 469 -103.0
323 479 -96.0
323 480 -94.0
323 482 -97.0
323 488 -98.0
323 489 -101.0
323 491 -95.0
323 498 -100.0
323 501 -103.0
323 506 -95.0
323 508 -90.0
323 518 -98.0
323 522 -105.0
323 528 -103.0
323 529 -93.0
323 538 -100.0
323 544 -100.0
323 547 -105.0
323 553 -96.0
323 566 -88.0
323 570 -100.0
323 576 -89.0
323 593 -101.0
323 599 -101.0
323 602 -107.0
323 604 -100.0
323 615 -106.0
323 617 -104.0
323 621 -95.0
323 622 -95.0
323 630 -103.0
323 632 -97.0
323 634 -97.0
323 636 -100.0
324 328 -102.0
324 335 -92.0
324 346 -108.0
324 355 -100.0
324 357 -92.0
324 365 -109.0
324 366 -95.0
324 369 -100.0
324 370 -100.0
324 374 -99.0
324 378 -98.0
324 381 -103.0
324 382 -97.0
324 386 -96.0
324 387 -97.0
324 396 -102.0
324 422 -96.0
324 433 -93.0
324 442 -97.0
324 443 -95.0
324 445 -96.0
324 449 -99.0
324 457 -99.0
324 464 -97.0
324 471 -99.0
324 476 -101.0
324 479 -103.0
324 483 -98.0
324 484 -98.0
324 488 -98.0
324 502 -107.0
324 508 -102.0
324 510 -101.0
324 511 -96.0
324 515 -105.0
324 518 -100.0
324 525 -98.0
324 527 -94.0
324 530 -97.0
324 532 -105.0
324 533 -102.0
324 534 -94.0
324 535 -98.0
324 537 -94.0
324 544 -97.0
324 548 -100.0
324 550 -96.0
324 554 -90.0
324 557 -93.0
324 563 -98.0
324 572 -106.0
324 578 -92.0
324 590 -97.0
324 600 -91.0
324 601 -90.0
324 604 -113.0
324 605 -93.0
324 608 -96.0
324 611 -106.0
324 614 -112.0
324 618 -99.0
324 620 -105.0
324 627 -105.0
324 628 -98.0
324 632 -93.0
324 635 -108.0
324 640 -107.0
325 330 -99.0
325 331 -104.0
325 355 -97.0
325 357 -103.0
325 379 -95.0
325 393 -100.0
325 395 -109.0
325 396 -94.0
325 397 -99.0
325 401 -104.0
325 412 -101.0
325 413 -101.0
325 414 -107.0
325 419 -93.0
325 422 -103.0
325 423 -102.0
325 424 -91.0
325 428 -96.0
325 429 -106.0
325 430 -96.0
325 442 -112.0
325 449 -91.0
325 451 -102.0
325 454 -99.0
325 467 -101.0
325 477 -93.0
325 480 -100.0
325 487 -100.0
325 493 -89.0
325 502 -102.0
325 522 -98.0
325 526 -107.0
325 541 -102.0
325 562 -98.0
325 567 -102.0
325 574 -108.0
325 579 -104.0
325 584 -96.0
325 585 -98.0
325 586 -107.0
325 588 -99.0
325 595 -93.0
325 598 -97.0
325 614 -103.0
325 621 -101.0
325 636 -96.0
325 637 -102.0
326 329 -99.0
326 333 -103.0
326 337 -100.0
326 338 -98.0
326 348 -96.0
326 349 -100.0
326 351 -104.0
326 358 -101.0
326 362 -99.0
326 370 -102.0
326 374 -100.0
326 382 -93.0
326 383 -100.0
326 384 -97.0
326 387 -101.0
326 392 -101.0
326 393 -101.0
326 394 -98.0
326 403 -113.0
326 408 -99.0
326 417 -99.0
326 422 -104.0
326 424 -95.0
326 428 -102.0
326 431 -101.0
326 433 -93.0
326 434 -97.0
326 443 -98.0
326 448 -104.0
326 449 -99.0
326 450 -100.0
326 457 -97.0
326 462 -89.0
326 465 -100.0
326 469 -99.0
326 470 -104.0
326 475 -91.0
326 477 -105.0
326 480 -101.0
326 481 -104.0
326 482 -112.0
326 488 -98.0
326 490 -93.0
326 500 -101.0
326 504 -102.0
326 505 -95.0
326 508 -92.0
326 509 -100.0
326 510 -103.0
326 512 -103.0
326 514 -99.0
326 516 -104.0
326 518 -110.0
326 519 -106.0
326 527 -97.0
326 534 -109.0
326 535 -100.0
326 537 -102.0
326 546 -106.0
326 547 -99.0
326 557 -97.0
326 559 -101.0
326 571 -93.0
326 572 -93.0
326 578 -100.0
326 584 -99.0
326 586 -106.0
326 587 -92.0
326 599 -101.0
326 601 -102.0
326 603 -96.0
326 613 -98.0
326 630 -96.0
326 634 -108.0
326 640 -105.0
327 328 -105.0
327 329 -99.0
327 334 -96.0
327 337 -97.0
327 343 -96.0
327 344 -104.0
327 345 -111.0
327 348 -108.0
327 355 -97.0
327 356 -95.0
327 359 -97.0
327 363 -96.0
327 364 -97.0
327 371 -97.0
327 376 -102.0
327 384 -98.0
327 393 -95.0
327 401 -100.0
327 405 -102.0
327 421 -99.0
327 422 -101.0
327 423 -105.0
327 441 -99.0
327 442 -98.0
327 446 -96.0
327 452 -88.0
327 453 -100.0
327 454 -89.0
327 455 -93.0
327 468 -110.0
327 474 -98.0
327 488 -101.0
327 489 -105.0
327 493 -101.0
327 498 -109.0
327 499 -104.0
327 501 -99.0
327 502 -95.0
327 512 -99.0
327 518 -96.0
327 522 -103.0
327 523 -92.0
327 525 -90.0
327 526 -91.0
327 541 -90.0
327 542 -100.0
327 555 -100.0
327 559 -101.0
327 562 -107.0
327 564 -92.0
327 565 -102.0
327 568 -86.0
327 569 -95.0
327 571 -101.0
327 575 -96.0
327 576 -94.0
327 582 -93.0
327 591 -98.0
327 593 -100.0
327 596 -96.0
327 597 -105.0
327 599 -97.0
327 600 -96.0
327 602 -99.0
327 603 -98.0
327 605 -100.0
328 337 -92.0
328 344 -96.0
328 345 -105.0
328 347 -102.0
328 348 -98.0
328 352 -96.0
328 373 -99.0
328 377 -100.0
328 384 -94.0
328 386 -95.0
328 391 -100.0
328 396 -106.0
328 401 -101.0
328 403 -99.0
328 406 -95.0
328 411 -100.0
328 415 -110.0
328 421 -99.0
328 425 -102.0
328 426 -107.0
328 433 -101.0
328 436 -104.0
328 438 -88.0
328 439 -98.0
328 440 -92.0
328 443 -98.0
328 446 -104.0
328 448 -99.0
328 449 -103.0
328 450 -90.0
328 454 -101.0
328 469 -107.0
328 479 -97.0
328 495 -98.0
328 527 -98.0
328 529 -103.0
328 533 -113.0
328 535 -91.0
328 537 -96.0
328 540 -102.0
328 541 -92.0
328 543 -107.0
328 545 -96.0
328 546 -106.0
328 551 -106.0
328 552 -101.0
328 558 -105.0
328 568 -99.0
328 571 -98.0
328 581 -96.0
328 584 -96.0
328 591 -101.0
328 595 -100.0
328 596 -101.0
328 605 -104.0
328 628 -95.0
328 629 -108.0
328 635 -104.0
329 339 -96.0
329 340 -91.0
329 359 -102.0
329 366 -96.0
329 370 -94.0
329 374 -96.0
329 378 -105.0
329 381 -97.0
329 395 -97.0
329 399 -105.0
329 401 -103.0
329 402 -100.0
329 404 -97.0
329 406 -100.0
329 409 -104.0
329 411 -85.0
329 417 -102.0
329 418 -108.0
329 421 -104.0
329 424 -100.0
329 426 -106.0
329 430 -104.0
329 431 -103.0
329 441 -102.0
329 445 -104.0
329 446 -88.0
329 447 -95.0
329 455 -90.0
329 470 -100.0
329 477 -105.0
329 478 -100.0
329 483 -108.0
329 497 -98.0
329 499 -93.0
329 500 -104.0
329 506 -91.0
329 509 -99.0
329 510 -103.0
329 514 -97.0
329 516 -99.0
329 519 -104.0
329 522 -103.0
329 527 -98.0
329 533 -93.0
329 536 -98.0
329 545 -92.0
329 546 -103.0
329 549 -100.0
329 550 -95.0
329 565 -103.0
329 566 -89.0
329 577 -91.0
329 582 -100.0
329 589 -100.0
329 596 -95.0
329 597 -108.0
329 601 -94.0
329 605 -91.0
329 607 -103.0
329 609 -109.0
329 616 -95.0
329 620 -104.0
329 625 -102.0
329 632 -105.0
329 636 -97.0
330 335 -100.0
330 340 -94.0
330 342 -104.0
330 345 -99.0
330 351 -102.0
330 359 -103.0
330 360 -100.0
330 361 -93.0
330 372 -86.0
330 374 -103.0
330 375 -105.0
330 377 -101.0
330 381 -91.0
330 384 -94.0
330 387 -92.0
330 394 -105.0
330 398 -93.0
330 406 -103.0
330 407 -111.0
330 411 -107.0
330 425 -104.0
330 426 -96.0
330 437 -93.0
330 442 -103.0
330 449 -102.0
330 453 -95.0
330 455 -99.0
330 456 -102.0
330 459 -104.0
330 460 -103.0
330 461 -103.0
330 464 -102.0
330 465 -87.0
330 468 -90.0
330 480 -108.0
330 485 -101.0
330 486 -95.0
330 487 -105.0
330 494 -103.0
330 501 -102.0
330 504 -94.0
330 505 -101.0
330 507 -110.0
330 512 -102.0
330 515 -104.0
330 530 -94.0
330 533 -97.0
330 536 -106.0
330 537 -100.0
330 538 -91.0
330 544 -95.0
330 547 -99.0
330 549 -97.0
330 556 -94.0
330 557 -100.0
330 567 -105.0
330 568 -103.0
330 572 -100.0
330 577 -99.0
330 578 -99.0
330 582 -93.0
330 595 -104.0
330 599 -94.0
330 600 -92.0
330 602 -96.0
330 606 -94.0
330 608 -96.0
330 612 -102.0
330 616 -95.0
330 626 -92.0
330 628 -98.0
330 629 -96.0
330 633 -109.0
330 634 -94.0
330 640 -98.0
331 347 -106.0
331 359 -102.0
331 364 -95.0
331 365 -102.0
331 381 -102.0
331 393 -94.0
331 395 -89.0
331 404 -89.0
331 405 -98.0
331 420 -92.0
331 429 -106.0
331 435 -99.0
331 437 -108.0
331 438 -98.0
331 446 -106.0
331 453 -96.0
331 455 -91.0
331 456 -97.0
331 458 -100.0
331 459 -99.0
331 462 -103.0
331 468 -96.0
331 469 -101.0
331 473 -102.0
331 474 -102.0
331 476 -100.0
331 487 -105.0
331 489 -99.0
331 503 -93.0
331 504 -95.0
331 511 -104.0
331 514 -99.0
331 515 -106.0
331 519 -101.0
331 522 -99.0
331 523 -98.0
331 526 -103.0
331 531 -90.0
331 542 -98.0
331 543 -90.0
331 548 -101.0
331 564 -97.0
331 569 -98.0
331 576 -101.0
331 590 -96.0
331 594 -103.0
331 599 -104.0
331 609 -85.0
331 610 -93.0
331 611 -106.0
331 620 -107.0
331 624 -111.0
331 627 -98.0
331 636 -106.0
331 637 -96.0
331 640 -101.0
332 333 -101.0
332 341 -106.0
332 344 -97.0
332 346 -98.0
332 364 -99.0
332 374 -106.0
332 376 -96.0
332 377 -97.0
332 383 -101.0
332 384 -92.0
332 399 -94.0
332 409 -103.0
332 411 -89.0
332 414 -103.0
332 416 -90.0
332 417 -95.0
332 419 -101.0
332 428 -108.0
332 429 -99.0
332 435 -98.0
332 436 -102.0
332 443 -100.0
332 449 -100.0
332 457 -104.0
332 464 -107.0
332 482 -110.0
332 491 -96.0
332 497 -106.0
332 506 -105.0
332 508 -100.0
332 510 -98.0
332 512 -105.0
332 513 -97.0
332 522 -98.0
332 524 -97.0
332 525 -90.0
332 528 -98.0
332 531 -102.0
332 533 -102.0
332 534 -97.0
332 537 -93.0
332 538 -95.0
332 546 -93.0
332 553 -103.0
332 554 -95.0
332 559 -91.0
332 561 -98.0
332 565 -100.0
332 572 -86.0
332 575 -103.0
332 580 -95.0
332 582 -101.0
332 585 -101.0
332 586 -101.0
332 587 -98.0
332 588 -88.0
332 590 -103.0
332 595 -101.0
332 601 -102.0
332 614 -95.0
332 616 -93.0
332 617 -102.0
332 619 -97.0
332 632 -89.0
332 634 -97.0
333 335 -106.0
333 340 -97.0
333 344 -89.0
333 347 -104.0
333 357 -100.0
333 359 -101.0
333 360 -105.0
333 366 -102.0
333 375 -100.0
333 377 -101.0
333 378 -89.0
333 379 -102.0
333 383 -96.0
333 388 -98.0
333 407 -109.0
333 410 -108.0
333 417 -91.0
333 420 -88.0
333 421 -99.0
333 424 -103.0
333 435 -95.0
333 436 -102.0
333 441 -103.0
333 446 -112.0
333 450 -106.0
333 454 -99.0
333 463 -101.0
333 466 -103.0
333 467 -98.0
333 469 -98.0
333 472 -94.0
333 476 -96.0
333 486 -98.0
333 487 -93.0
333 499 -102.0
333 502 -100.0
333 504 -97.0
333 507 -96.0
333 511 -110.0
333 516 -99.0
333 523 -104.0
333 528 -94.0
333 529 -104.0
333 531 -95.0
333 538 -92.0
333 539 -93.0
333 540 -93.0
333 544 -97.0
333 545 -100.0
333 548 -97.0
333 575 -91.0
333 577 -103.0
333 587 -102.0
333 594 -101.0
333 600 -98.0
333 603 -101.0
333 604 -102.0
333 608 -101.0
333 611 -109.0
333 616 -91.0
333 625 -94.0
333 633 -100.0
333 636 -109.0
334 337 -96.0
334 339 -100.0
334 351 -97.0
334 362 -95.0
334 365 -109.0
334 369 -105.0
334 372 -103.0
334 374 -104.0
334 376 -100.0
334 388 -102.0
334 391 -106.0
334 396 -99.0
334 408 -98.0
334 409 -93.0
334 414 -99.0
334 426 -89.0
334 431 -101.0
334 432 -94.0
334 435 -93.0
334 436 -92.0
334 439 -90.0
334 447 -103.0
334 468 -102.0
334 477 -106.0
334 478 -102.0
334 482 -101.0
334 487 -100.0
334 488 -100.0
334 494 -102.0
334 495 -98.0
334 502 -110.0
334 504 -98.0
334 507 -101.0
334 511 -98.0
334 514 -102.0
334 518 -99.0
334 521 -102.0
334 527 -91.0
334 541 -102.0
334 542 -91.0
334 543 -105.0
334 552 -97.0
334 554 -98.0
334 558 -102.0
334 559 -108.0
334 563 -100.0
334 564 -99.0
334 567 -96.0
334 569 -92.0
334 571 -91.0
334 574 -88.0
334 579 -102.0
334 583 -101.0
334 592 -100.0
334 597 -101.0
334 610 -97.0
334 616 -101.0
334 618 -94.0
334 621 -91.0
334 625 -100.0
334 638 -101.0
334 639 -101.0
335 336 -94.0
335 338 -109.0
335 341 -104.0
335 346 -100.0
335 349 -109.0
335 354 -101.0
335 363 -104.0
335 366 -100.0
335 371 -95.0
335 373 -103.0
335 375 -89.0
335 377 -105.0
335 378 -101.0
335 385 -103.0
335 388 -101.0
335 394 -95.0
335 396 -103.0
335 403 -96.0
335 410 -100.0
335 418 -97.0
335 422 -98.0
335 424 -99.0
335 425 -105.0
335 428 -101.0
335 429 -101.0
335 431 -96.0
335 432 -107.0
335 435 -92.0
335 436 -99.0
335 441 -106.0
335 445 -98.0
335 446 -109.0
335 452 -99.0
335 453 -100.0
335 458 -104.0
335 459 -103.0
335 468 -102.0
335 484 -95.0
335 485 -102.0
335 494 -98.0
335 498 -101.0
335 506 -93.0
335 508 -99.0
335 509 -90.0
335 515 -105.0
335 518 -96.0
335 526 -103.0
335 531 -106.0
335 546 -104.0
335 550 -97.0
335 552 -95.0
335 559 -107.0
335 568 -99.0
335 569 -103.0
335 571 -98.0
335 572 -97.0
335 575 -95.0
335 587 -99.0
335 589 -100.0
335 591 -98.0
335 593 -99.0
335 596 -97.0
335 604 -101.0
335 605 -101.0
335 606 -100.0
335 610 -92.0
335 614 -99.0
335 620 -87.0
335 635 -101.0
336 337 -97.0
336 344 -98.0
336 347 -101.0
336 348 -96.0
336 366 -101.0
336 370 -99.0
336 380 -101.0
336 387 -99.0
336 394 -105.0
336 398 -108.0
336 408 -98.0
336 409 -103.0
336 411 -106.0
336 412 -98.0
336 416 -100.0
336 423 -97.0
336 431 -100.0
336 439 -99.0
336 444 -92.0
336 446 -106.0
336 447 -94.0
336 449 -98.0
336 450 -106.0
336 457 -109.0
336 462 -101.0
336 465 -100.0
336 470 -101.0
336 473 -99.0
336 478 -96.0
336 486 -98.0
336 490 -106.0
336 493 -104.0
336 494 -88.0
336 499 -102.0
336 502 -97.0
336 505 -93.0
336 513 -106.0
336 522 -107.0
336 523 -107.0
336 532 -104.0
336 538 -93.0
336 542 -91.0
336 548 -100.0
336 552 -101.0
336 557 -111.0
336 567 -96.0
336 568 -96.0
336 574 -91.0
336 576 -92.0
336 589 -97.0
336 596 -91.0
336 606 -101.0
336 627 -97.0
336 629 -95.0
336 632 -99.0
336 637 -95.0
336 638 -91.0
337 341 -97.0
337 347 -101.0
337 350 -97.0
337 374 -94.0
337 385 -95.0
337 388 -105.0
337 390 -99.0
337 395 -103.0
337 400 -106.0
337 401 -95.0
337 408 -88.0
337 414 -97.0
337 419 -96.0
337 420 -99.0
337 421 -99.0
337 423 -104.0
337 426 -100.0
337 429 -103.0
337 431 -93.0
337 437 -97.0
337 443 -103.0
337 445 -95.0
337 446 -106.0
337 448 -93.0
337 449 -103.0
337 450 -99.0
337 451 -105.0
337 454 -111.0
337 467 -101.0
337 470 -99.0
337 472 -100.0
337 475 -98.0
337 480 -101.0
337 484 -107.0
337 485 -99.0
337 491 -107.0
337 494 -88.0
337 495 -94.0
337 496 -97.0
337 500 -98.0
337 503 -104.0
337 510 -98.0
337 517 -103.0
337 518 -103.0
337 523 -103.0
337 528 -100.0
337 533 -106.0
337 539 -98.0
337 550 -101.0
337 555 -104.0
337 558 -103.0
337 559 -96.0
337 563 -91.0
337 564 -95.0
337 565 -104.0
337 569 -95.0
337 571 -101.0
337 574 -98.0
337 586 -91.0
337 587 -95.0
337 589 -103.0
337 592 -98.0
337 602 -105.0
337 604 -108.0
337 613 -93.0
337 619 -98.0
337 629 -100.0
337 630 -110.0
337 635 -95.0
338 340 -101.0
338 341 -103.0
338 342 -107.0
338 345 -103.0
338 346 -98.0
338 350 -103.0
338 352 -97.0
338 353 -94.0
338 356 -96.0
338 362 -98.0
338 363 -106.0
338 374 -92.0
338 393 -104.0
338 395 -97.0
338 399 -104.0
338 403 -97.0
338 410 -95.0
338 418 -99.0
338 420 -104.0
338 422 -93.0
338 429 -98.0
338 439 -96.0
338 445 -97.0
338 450 -98.0
338 454 -99.0
338 459 -90.0
338 465 -103.0
338 467 -97.0
338 472 -100.0
338 487 -95.0
338 488 -92.0
338 494 -103.0
338 505 -99.0
338 506 -103.0
338 514 -101.0
338 519 -97.0
338 520 -93.0
338 527 -102.0
338 528 -93.0
338 535 -104.0
338 539 -100.0
338 541 -105.0
338 547 -102.0
338 549 -102.0
338 555 -101.0
338 557 -95.0
338 560 -90.0
338 570 -98.0
338 579 -100.0
338 581 -99.0
338 586 -92.0
338 587 -98.0
338 602 -103.0
338 604 -97.0
338 605 -106.0
338 610 -96.0
338 616 -101.0
338 619 -98.0
338 620 -97.0
338 635 -94.0
339 359 -101.0
339 362 -102.0
339 364 -106.0
339 366 -97.0
339 367 -90.0
339 369 -92.0
339 376 -100.0
339 386 -103.0
339 407 -96.0
339 411 -98.0
339 412 -105.0
339 416 -105.0
339 418 -102.0
339 428 -94.0
339 444 -102.0
339 456 -103.0
339 457 -92.0
339 458 -95.0
339 460 -102.0
339 461 -101.0
339 462 -105.0
339 465 -90.0
339 469 -96.0
339 477 -102.0
339 479 -98.0
339 480 -101.0
339 486 -103.0
339 487 -108.0
339 495 -92.0
339 500 -89.0
339 515 -92.0
339 518 -99.0
339 526 -105.0
339 529 -107.0
339 532 -95.0
339 540 -106.0
339 546 -98.0
339 550 -99.0
339 551 -100.0
339 557 -100.0
339 558 -101.0
339 559 -93.0
339 562 -113.0
339 565 -101.0
339 566 -98.0
339 573 -101.0
339 574 -98.0
339 578 -115.0
339 582 -99.0
339 583 -96.0
339 587 -102.0
339 594 -99.0
339 597 -106.0
339 615 -111.0
339 617 -101.0
339 618 -99.0
339 624 -106.0
339 625 -102.0
339 627 -102.0
339 628 -102.0
339 630 -99.0
339 631 -99.0
339 633 -100.0
340 349 -98.0
340 350 -103.0
340 352 -97.0
340 361 -95.0
340 362 -101.0
340 365 -101.0
340 369 -101.0
340 370 -103.0
340 375 -99.0
340 378 -107.0
340 383 -103.0
340 386 -107.0
340 387 -104.0
340 388 -92.0
340 391 -96.0
340 403 -97.0
340 418 -95.0
340 419 -101.0
340 424 -101.0
340 432 -101.0
340 434 -102.0
340 438 -110.0
340 448 -102.0
340 460 -105.0
340 462 -98.0
340 464 -99.0
340 472 -91.0
340 482 -101.0
340 492 -99.0
340 500 -108.0
340 509 -101.0
340 514 -101.0
340 520 -96.0
340 527 -94.0
340 530 -109.0
340 533 -95.0
340 534 -98.0
340 538 -99.0
340 564 -93.0
340 572 -101.0
340 582 -100.0
340 587 -96.0
340 592 -99.0
340 602 -102.0
340 604 -103.0
340 609 -101.0
340 610 -99.0
340 611 -96.0
340 612 -102.0
340 614 -97.0
340 616 -100.0
340 617 -95.0
340 620 -103.0
340 621 -95.0
340 629 -97.0
340 636 -98.0
340 637 -98.0
341 347 -97.0
341 358 -100.0
341 363 -106.0
341 367 -94.0
341 372 -97.0
341 383 -99.0
341 393 -92.0
341 395 -101.0
341 406 -101.0
341 412 -108.0
341 418 -99.0
341 431 -104.0
341 433 -90.0
341 434 -100.0
341 438 -97.0
341 440 -98.0
341 443 -104.0
341 451 -100.0
341 456 -109.0
341 460 -100.0
341 468 -96.0
341 469 -96.0
341 477 -93.0
341 493 -98.0
341 495 -94.0
341 496 -97.0
341 499 -94.0
341 506 -88.0
341 510 -102.0
341 516 -102.0
341 519 -99.0
341 520 -100.0
341 528 -100.0
341 533 -97.0
341 534 -96.0
341 547 -105.0
341 551 -105.0
341 554 -102.0
341 555 -103.0
341 557 -99.0
341 562 -96.0
341 570 -102.0
341 571 -104.0
341 573 -94.0
341 579 -103.0
341 581 -98.0
341 582 -96.0
341 587 -103.0
341 592 -94.0
341 594 -100.0
341 595 -103.0
341 597 -111.0
341 604 -94.0
341 622 -108.0
341 629 -103.0
341 632 -98.0
341 634 -97.0
341 638 -107.0
341 639 -96.0
342 344 -109.0
342 347 -105.0
342 348 -90.0
342 349 -90.0
342 353 -108.0
342 355 -86.0
342 364 -94.0
342 369 -108.0
342 374 -105.0
342 380 -96.0
342 387 -98.0
342 388 -94.0
342 394 -97.0
342 413 -96.0
342 425 -95.0
342 429 -98.0
342 431 -95.0
342 433 -93.0
342 440 -104.0
342 455 -100.0
342 457 -101.0
342 467 -103.0
342 470 -92.0
342 472 -107.0
342 474 -96.0
342 483 -103.0
342 485 -107.0
342 487 -97.0
342 490 -101.0
342 496 -94.0
342 497 -90.0
342 505 -99.0
342 511 -102.0
342 513 -101.0
342 515 -102.0
342 516 -103.0
342 517 -103.0
342 518 -79.0
342 521 -93.0
342 523 -97.0
342 529 -106.0
342 539 -100.0
342 549 -103.0
342 560 -90.0
342 563 -97.0
342 564 -96.0
342 568 -93.0
342 571 -103.0
342 575 -98.0
342 579 -99.0
342 585 -99.0
342 601 -96.0
342 613 -96.0
342 620 -107.0
342 623 -105.0
342 632 -101.0
342 637 -103.0
343 362 -100.0
343 363 -96.0
343 366 -108.0
343 368 -99.0
343 374 -106.0
343 385 -100.0
343 389 -101.0
343 394 -94.0
343 403 -110.0
343 405 -106.0
343 407 -97.0
343 409 -98.0
343 413 -99.0
343 415 -97.0
343 423 -104.0
343 426 -104.0
343 445 -104.0
343 446 -95.0
343 447 -87.0
343 454 -96.0
343 463 -102.0
343 467 -103.0
343 477 -91.0
343 481 -102.0
343 488 -96.0
343 496 -102.0
343 502 -104.0
343 503 -105.0
343 506 -90.0
343 507 -107.0
343 510 -103.0
343 518 -94.0
343 519 -99.0
343 524 -99.0
343 527 -111.0
343 531 -104.0
343 532 -90.0
343 536 -111.0
343 540 -95.0
343 565 -106.0
343 566 -99.0
343 568 -93.0
343 590 -96.0
343 599 -96.0
343 608 -103.0
343 611 -100.0
343 613 -99.0
343 628 -100.0
343 632 -102.0
344 346 -100.0
344 349 -98.0
344 358 -107.0
344 359 -107.0
344 366 -97.0
344 368 -102.0
344 369 -107.0
344 372 -107.0
344 374 -101.0
344 380 -93.0
344 383 -96.0
344 384 -96.0
344 388 -101.0
344 389 -105.0
344 393 -104.0
344 395 -97.0
344 396 -104.0
344 401 -91.0
344 406 -98.0
344 410 -99.0
344 411 -97.0
344 414 -102.0
344 415 -105.0
344 416 -98.0
344 430 -102.0
344 438 -105.0
344 440 -104.0
344 442 -100.0
344 470 -99.0
344 472 -99.0
344 475 -100.0
344 511 -102.0
344 518 -103.0
344 520 -100.0
344 522 -98.0
344 532 -100.0
344 535 -96.0
344 550 -107.0
344 553 -111.0
344 555 -99.0
344 562 -101.0
344 565 -98.0
344 569 -90.0
344 576 -98.0
344 579 -97.0
344 580 -110.0
344 585 -96.0
344 592 -99.0
344 604 -103.0
344 609 -102.0
344 613 -98.0
344 629 -95.0
344 632 -94.0
344 633 -103.0
344 635 -97.0
344 638 -106.0
345 346 -99.0
345 350 -99.0
345 354 -101.0
345 355 -94.0
345 356 -100.0
345 362 -107.0
345 368 -111.0
345 372 -104.0
345 373 -96.0
345 375 -108.0
345 390 -102.0
345 391 -93.0
345 397 -104.0
345 398 -102.0
345 402 -105.0
345 413 -107.0
345 426 -98.0
345 427 -93.0
345 429 -102.0
345 440 -105.0
345 444 -99.0
345 454 -102.0
345 455 -101.0
345 457 -92.0
345 461 -91.0
345 465 -103.0
345 471 -109.0
345 482 -102.0
345 483 -98.0
345 488 -89.0
345 489 -104.0
345 490 -99.0
345 494 -103.0
345 502 -96.0
345 504 -97.0
345 522 -98.0
345 523 -90.0
345 525 -95.0
345 529 -105.0
345 531 -93.0
345 534 -98.0
345 536 -100.0
345 540 -104.0
345 543 -99.0
345 548 -97.0
345 561 -103.0
345 573 -98.0
345 574 -106.0
345 576 -96.0
345 589 -106.0
345 593 -101.0
345 596 -93.0
345 603 -93.0
345 606 -101.0
345 613 -101.0
345 614 -99.0
345 624 -101.0
345 625 -107.0
345 633 -98.0
345 634 -93.0
345 636 -99.0
345 638 -100.0
345 639 -99.0
346 366 -94.0
346 372 -108.0
346 376 -105.0
346 377 -88.0
346 379 -104.0
346 380 -102.0
346 381 -101.0
346 383 -97.0
346 386 -98.0
346 393 -95.0
346 402 -100.0
346 403 -101.0
346 412 -98.0
346 415 -100.0
346 416 -109.0
346 417 -101.0
346 418 -96.0
346 432 -104.0
346 433 -98.0
346 435 -107.0
346 438 -108.0
346 442 -106.0
346 450 -113.0
346 453 -97.0
346 457 -103.0
346 460 -99.0
346 465 -98.0
346 470 -102.0
346 471 -104.0
346 482 -99.0
346 491 -104.0
346 495 -100.0
346 497 -108.0
346 498 -98.0
346 505 -95.0
346 513 -98.0
346 517 -92.0
346 522 -96.0
346 526 -102.0
346 528 -104.0
346 531 -98.0
346 532 -107.0
346 536 -100.0
346 542 -103.0
346 548 -102.0
346 553 -95.0
346 563 -110.0
346 580 -99.0
346 583 -93.0
346 584 -96.0
346 589 -89.0
346 592 -94.0
346 599 -98.0
346 600 -107.0
346 605 -94.0
346 608 -97.0
346 623 -112.0
346 628 -99.0
346 629 -93.0
346 630 -98.0
346 632 -107.0
347 369 -99.0
347 374 -81.0
347 377 -102.0
347 395 -89.0
347 408 -104.0
347 412 -104.0
347 413 -94.0
347 415 -96.0
347 416 -98.0
347 418 -99.0
347 425 -108.0
347 426 -94.0
347 438 -104.0
347 439 -100.0
347 450 -104.0
347 451 -98.0
347 462 -96.0
347 466 -97.0
347 474 -99.0
347 478 -98.0
347 484 -102.0
347 486 -98.0
347 489 -97.0
347 493 -98.0
347 497 -104.0
347 502 -106.0
347 506 -93.0
347 507 -99.0
347 508 -103.0
347 511 -98.0
347 514 -101.0
347 517 -99.0
347 518 -91.0
347 524 -103.0
347 530 -95.0
347 531 -99.0
347 534 -95.0
347 538 -94.0
347 539 -94.0
347 541 -100.0
347 571 -104.0
347 582 -99.0
347 586 -105.0
347 592 -96.0
347 610 -101.0
347 628 -99.0
347 640 -106.0
348 349 -100.0
348 371 -106.0
348 372 -102.0
348 382 -103.0
348 384 -102.0
348 387 -96.0
348 388 -93.0
348 389 -97.0
348 394 -104.0
348 405 -104.0
348 406 -104.0
348 412 -101.0
348 414 -95.0
348 416 -100.0
348 419 -101.0
348 426 -101.0
348 428 -92.0
348 443 -97.0
348 445 -92.0
348 452 -99.0
348 455 -95.0
348 456 -102.0
348 457 -99.0
348 464 -96.0
348 479 -104.0
348 489 -112.0
348 491 -106.0
348 493 -102.0
348 498 -102.0
348 499 -91.0
348 502 -103.0
348 506 -89.0
348 508 -107.0
348 511 -95.0
348 512 -112.0
348 514 -103.0
348 517 -101.0
348 528 -103.0
348 534 -97.0
348 557 -111.0
348 559 -107.0
348 564 -98.0
348 565 -98.0
348 566 -87.0
348 575 -100.0
348 585 -99.0
348 591 -104.0
348 595 -99.0
348 599 -97.0
348 600 -96.0
348 601 -103.0
348 603 -102.0
348 604 -106.0
348 611 -100.0
348 612 -103.0
348 619 -101.0
348 620 -91.0
348 623 -95.0
348 624 -105.0
348 636 -99.0
348 638 -94.0
349 355 -106.0
349 367 -96.0
349 371 -96.0
349 373 -111.0
349 375 -97.0
349 379 -101.0
349 380 -91.0
349 382 -98.0
349 383 -98.0
349 385 -97.0
349 389 -105.0
349 392 -101.0
349 393 -101.0
349 410 -103.0
349 411 -98.0
349 417 -94.0
349 420 -89.0
349 425 -99.0
349 427 -105.0
349 428 -101.0
349 429 -104.0
349 430 -94.0
349 433 -101.0
349 437 -104.0
349 442 -104.0
349 443 -104.0
349 444 -100.0
349 447 -111.0
349 450 -103.0
349 453 -87.0
349 466 -93.0
349 467 -98.0
349 472 -101.0
349 479 -104.0
349 485 -93.0
349 491 -108.0
349 499 -93.0
349 503 -104.0
349 510 -102.0
349 514 -106.0
349 520 -96.0
349 526 -97.0
349 531 -99.0
349 538 -106.0
349 540 -101.0
349 543 -93.0
349 549 -100.0
349 553 -105.0
349 554 -101.0
349 558 -108.0
349 565 -95.0
349 567 -102.0
349 569 -99.0
349 575 -91.0
349 576 -98.0
349 587 -106.0
349 599 -103.0
349 601 -105.0
349 605 -102.0
349 609 -111.0
349 610 -98.0
349 617 -100.0
349 625 -96.0
349 626 -97.0
349 628 -97.0
349 632 -99.0
350 355 -102.0
350 358 -98.0
350 359 -98.0
350 367 -100.0
350 368 -99.0
350 374 -96.0
350 377 -99.0
350 378 -102.0
350 391 -99.0
350 396 -100.0
350 399 -103.0
350 402 -84.0
350 410 -103.0
350 413 -101.0
350 420 -101.0
350 431 -102.0
350 434 -105.0
350 436 -101.0
350 437 -101.0
350 438 -94.0
350 440 -102.0
350 453 -101.0
350 463 -110.0
350 468 -96.0
350 471 -102.0
350 482 -102.0
350 491 -110.0
350 507 -97.0
350 525 -104.0
350 526 -102.0
350 527 -102.0
350 531 -103.0
350 532 -89.0
350 534 -90.0
350 539 -91.0
350 544 -105.0
350 555 -99.0
350 556 -103.0
350 563 -108.0
350 565 -103.0
350 568 -102.0
350 569 -106.0
350 571 -99.0
350 573 -94.0
350 574 -106.0
350 575 -96.0
350 582 -100.0
350 583 -103.0
350 584 -103.0
350 588 -105.0
350 596 -100.0
350 600 -97.0
350 603 -99.0
350 607 -106.0
350 608 -93.0
350 609 -96.0
350 611 -96.0
350 612 -97.0
350 615 -105.0
350 616 -103.0
350 638 -105.0
351 353 -99.0
351 360 -106.0
351 366 -103.0
351 367 -91.0
351 371 -96.0
351 374 -101.0
351 376 -107.0
351 382 -102.0
351 383 -107.0
351 385 -104.0
351 388 -96.0
351 394 -93.0
351 399 -107.0
351 406 -104.0
351 414 -99.0
351 418 -102.0
351 421 -99.0
351 422 -100.0
351 429 -94.0
351 435 -99.0
351 442 -99.0
351 444 -102.0
351 468 -106.0
351 475 -101.0
351 482 -92.0
351 487 -103.0
351 488 -101.0
351 493 -103.0
351 495 -102.0
351 505 -95.0
351 513 -117.0
351 526 -103.0
351 532 -98.0
351 554 -106.0
351 558 -101.0
351 559 -99.0
351 560 -101.0
351 564 -99.0
351 568 -104.0
351 583 -109.0
351 586 -96.0
351 587 -107.0
351 592 -103.0
351 597 -98.0
351 601 -101.0
351 606 -101.0
351 608 -94.0
351 610 -102.0
351 611 -92.0
351 622 -105.0
351 625 -108.0
351 630 -99.0
351 635 -96.0
351 637 -96.0
351 638 -97.0
352 357 -100.0
352 360 -95.0
352 362 -105.0
352 366 -104.0
352 368 -95.0
352 370 -100.0
352 382 -97.0
352 384 -100.0
352 393 -98.0
352 394 -99.0
352 400 -93.0
352 401 -104.0
352 405 -103.0
352 416 -110.0
352 425 -94.0
352 429 -103.0
352 430 -99.0
352 439 -106.0
352 440 -100.0
352 466 -93.0
352 468 -99.0
352 474 -104.0
352 477 -99.0
352 487 -95.0
352 490 -96.0
352 494 -102.0
352 496 -104.0
352 501 -106.0
352 502 -103.0
352 505 -95.0
352 507 -97.0
352 509 -107.0
352 516 -99.0
352 519 -108.0
352 521 -101.0
352 523 -95.0
352 527 -106.0
352 528 -111.0
352 535 -101.0
352 536 -96.0
352 539 -94.0
352 547 -99.0
352 548 -101.0
352 554 -94.0
352 562 -100.0
352 569 -95.0
352 572 -101.0
352 574 -91.0
352 583 -101.0
352 585 -102.0
352 593 -104.0
352 603 -99.0
352 607 -95.0
352 608 -104.0
352 611 -108.0
352 619 -103.0
352 632 -94.0
352 637 -103.0
353 356 -103.0
353 362 -102.0
353 367 -105.0
353 370 -95.0
353 374 -97.0
353 375 -93.0
353 379 -107.0
353 382 -98.0
353 386 -100.0
353 390 -94.0
353 391 -103.0
353 394 -101.0
353 398 -95.0
353 400 -106.0
353 408 -98.0
353 409 -105.0
353 410 -100.0
353 416 -110.0
353 417 -102.0
353 426 -99.0
353 431 -88.0
353 435 -96.0
353 437 -99.0
353 447 -108.0
353 451 -109.0
353 455 -107.0
353 458 -102.0
353 484 -102.0
353 489 -99.0
353 495 -101.0
353 501 -100.0
353 505 -92.0
353 510 -98.0
353 512 -102.0
353 513 -103.0
353 524 -93.0
353 529 -106.0
353 533 -98.0
353 539 -101.0
353 541 -106.0
353 543 -95.0
353 550 -101.0
353 551 -99.0
353 554 -98.0
353 570 -103.0
353 574 -96.0
353 576 -95.0
353 578 -99.0
353 585 -99.0
353 590 -97.0
353 594 -101.0
353 599 -103.0
353 602 -107.0
353 605 -90.0
353 606 -91.0
353 611 -105.0
353 612 -95.0
353 614 -101.0
353 615 -107.0
353 620 -96.0
353 621 -99.0
353 624 -98.0
353 627 -101.0
353 629 -94.0
353 634 -87.0
354 356 -96.0
354 358 -102.0
354 360 -106.0
354 364 -102.0
354 366 -94.0
354 368 -111.0
354 377 -104.0
354 381 -97.0
354 385 -92.0
354 391 -94.0
354 402 -104.0
354 404 -98.0
354 406 -97.0
354 408 -108.0
354 413 -100.0
354 416 -92.0
354 420 -95.0
354 423 -88.0
354 425 -95.0
354 426 -94.0
354 427 -110.0
354 428 -104.0
354 429 -103.0
354 434 -89.0
354 435 -97.0
354 439 -103.0
354 443 -105.0
354 448 -103.0
354 457 -102.0
354 463 -96.0
354 474 -91.0
354 484 -102.0
354 485 -99.0
354 493 -100.0
354 501 -105.0
354 502 -107.0
354 510 -90.0
354 521 -98.0
354 534 -105.0
354 544 -95.0
354 555 -96.0
354 559 -100.0
354 562 -100.0
354 569 -99.0
354 571 -95.0
354 575 -99.0
354 581 -107.0
354 599 -105.0
354 605 -97.0
354 625 -95.0
354 627 -108.0
354 629 -105.0
354 634 -97.0
354 636 -99.0
355 358 -97.0
355 367 -92.0
355 371 -108.0
355 377 -94.0
355 384 -101.0
355 385 -95.0
355 389 -96.0
355 391 -110.0
355 394 -102.0
355 402 -101.0
355 412 -92.0
355 414 -103.0
355 415 -92.0
355 417 -102.0
355 421 -110.0
355 428 -100.0
355 440 -103.0
355 448 -96.0
355 449 -93.0
355 450 -109.0
355 453 -95.0
355 455 -101.0
355 465 -98.0
355 466 -103.0
355 468 -104.0
355 469 -111.0
355 474 -101.0
355 476 -101.0
355 481 -103.0
355 483 -98.0
355 486 -100.0
355 501 -110.0
355 506 -103.0
355 509 -100.0
355 512 -92.0
355 513 -95.0
355 517 -97.0
355 518 -94.0
355 521 -98.0
355 534 -98.0
355 540 -90.0
355 544 -93.0
355 546 -97.0
355 547 -101.0
355 548 -98.0
355 549 -103.0
355 561 -101.0
355 570 -109.0
355 573 -95.0
355 579 -101.0
355 580 -100.0
355 583 -100.0
355 586 -96.0
355 589 -101.0
355 590 -100.0
355 597 -104.0
355 601 -96.0
355 620 -103.0
355 633 -102.0
355 636 -100.0
356 364 -92.0
356 365 -102.0
356 372 -104.0
356 379 -93.0
356 382 -97.0
356 388 -93.0
356 389 -108.0
356 406 -95.0
356 415 -99.0
356 418 -113.0
356 420 -95.0
356 424 -102.0
356 433 -101.0
356 435 -94.0
356 442 -90.0
356 463 -105.0
356 468 -93.0
356 474 -105.0
356 478 -99.0
356 487 -95.0
356 492 -96.0
356 497 -101.0
356 516 -102.0
356 517 -100.0
356 521 -101.0
356 524 -99.0
356 525 -103.0
356 526 -95.0
356 532 -95.0
356 538 -95.0
356 551 -89.0
356 553 -98.0
356 557 -105.0
356 559 -101.0
356 563 -95.0
356 564 -88.0
356 573 -98.0
356 586 -107.0
356 589 -96.0
356 590 -93.0
356 591 -100.0
356 594 -101.0
356 602 -103.0
356 603 -103.0
356 613 -96.0
356 617 -113.0
356 632 -110.0
357 358 -106.0
357 360 -103.0
357 362 -106.0
357 372 -90.0
357 379 -101.0
357 382 -100.0
357 387 -101.0
357 398 -110.0
357 400 -106.0
357 402 -91.0
357 405 -98.0
357 414 -101.0
357 415 -102.0
357 434 -98.0
357 437 -99.0
357 440 -101.0
357 446 -107.0
357 453 -93.0
357 454 -95.0
357 455 -102.0
357 472 -94.0
357 475 -99.0
357 479 -99.0
357 483 -103.0
357 488 -89.0
357 492 -110.0
357 493 -99.0
357 495 -95.0
357 496 -94.0
357 502 -103.0
357 518 -102.0
357 520 -102.0
357 522 -97.0
357 523 -101.0
357 528 -101.0
357 531 -100.0
357 541 -106.0
357 552 -90.0
357 554 -104.0
357 557 -96.0
357 558 -97.0
357 565 -108.0
357 566 -103.0
357 568 -94.0
357 569 -100.0
357 571 -92.0
357 574 -96.0
357 579 -97.0
357 586 -99.0
357 588 -103.0
357 605 -92.0
357 608 -91.0
357 620 -93.0
357 635 -93.0
357 637 -102.0
357 640 -94.0
358 369 -102.0
358 370 -102.0
358 375 -96.0
358 377 -92.0
358 392 -101.0
358 397 -100.0
358 400 -94.0
358 401 -107.0
358 406 -105.0
358 407 -109.0
358 409 -98.0
358 414 -112.0
358 416 -106.0
358 425 -97.0
358 427 -91.0
358 433 -106.0
358 442 -99.0
358 443 -96.0
358 449 -102.0
358 452 -96.0
358 462 -106.0
358 470 -103.0
358 474 -107.0
358 475 -101.0
358 478 -100.0
358 488 -94.0
358 490 -101.0
358 515 -95.0
358 523 -106.0
358 528 -91.0
358 532 -102.0
358 535 -101.0
358 542 -106.0
358 543 -95.0
358 544 -105.0
358 552 -95.0
358 555 -95.0
358 559 -96.0
358 563 -96.0
358 568 -98.0
358 580 -95.0
358 581 -101.0
358 588 -94.0
358 590 -94.0
358 597 -96.0
358 599 -105.0
358 600 -100.0
358 601 -103.0
358 604 -99.0
358 607 -92.0
358 612 -102.0
358 615 -96.0
358 619 -98.0
358 623 -101.0
358 629 -99.0
358 640 -90.0
359 361 -106.0
359 362 -98.0
359 363 -102.0
359 366 -98.0
359 368 -86.0
359 370 -98.0
359 383 -103.0
359 389 -96.0
359 390 -101.0
359 391 -103.0
359 399 -100.0
359 403 -100.0
359 404 -96.0
359 408 -93.0
359 420 -108.0
359 425 -93.0
359 428 -88.0
359 437 -99.0
359 442 -103.0
359 444 -97.0
359 457 -102.0
359 462 -102.0
359 464 -96.0
359 465 -107.0
359 473 -97.0
359 477 -105.0
359 478 -98.0
359 505 -105.0
359 508 -106.0
359 510 -97.0
359 512 -107.0
359 515 -107.0
359 524 -88.0
359 528 -102.0
359 534 -106.0
359 535 -102.0
359 536 -94.0
359 537 -97.0
359 538 -99.0
359 542 -102.0
359 544 -99.0
359 547 -100.0
359 552 -94.0
359 558 -105.0
359 563 -98.0
359 565 -97.0
359 569 -102.0
359 577 -99.0
359 578 -105.0
359 579 -102.0
359 582 -102.0
359 591 -91.0
359 592 -107.0
359 601 -92.0
359 602 -98.0
359 605 -106.0
359 608 -100.0
359 612 -99.0
359 616 -109.0
359 619 -90.0
359 622 -98.0
359 626 -105.0
359 627 -106.0
359 630 -102.0
359 635 -106.0
359 638 -101.0
359 640 -104.0
360 362 -99.0
360 370 -98.0
360 373 -95.0
360 374 -96.0
360 376 -93.0
360 379 -98.0
360 383 -101.0
360 386 -99.0
360 387 -99.0
360 388 -101.0
360 390 -96.0
360 403 -95.0
360 407 -101.0
360 417 -103.0
360 428 -101.0
360 430 -98.0
360 431 -102.0
360 442 -96.0
360 443 -97.0
360 448 -111.0
360 460 -103.0
360 461 -104.0
360 466 -101.0
360 467 -97.0
360 471 -102.0
360 478 -102.0
360 480 -96.0
360 482 -95.0
360 488 -99.0
360 493 -104.0
360 500 -96.0
360 501 -102.0
360 502 -97.0
360 504 -105.0
360 505 -99.0
360 506 -94.0
360 508 -103.0
360 511 -94.0
360 515 -104.0
360 520 -95.0
360 534 -106.0
360 549 -97.0
360 556 -96.0
360 566 -103.0
360 574 -99.0
360 577 -99.0
360 583 -102.0
360 584 -96.0
360 585 -97.0
360 589 -91.0
360 594 -103.0
360 601 -98.0
360 603 -105.0
360 614 -100.0
360 616 -98.0
360 623 -104.0
360 631 -89.0
360 638 -97.0
361 365 -104.0
361 366 -92.0
361 367 -92.0
361 374 -105.0
361 380 -97.0
361 381 -104.0
361 389 -95.0
361 398 -90.0
361 399 -98.0
361 406 -99.0
361 407 -102.0
361 418 -98.0
361 419 -103.0
361 433 -108.0
361 444 -101.0
361 447 -102.0
361 449 -101.0
361 457 -98.0
361 460 -107.0
361 461 -91.0
361 476 -107.0
361 480 -99.0
361 481 -102.0
361 485 -100.0
361 489 -109.0
361 490 -99.0
361 497 -99.0
361 498 -91.0
361 505 -95.0
361 506 -105.0
361 508 -101.0
361 510 -110.0
361 511 -100.0
361 518 -98.0
361 523 -97.0
361 525 -105.0
361 526 -100.0
361 537 -102.0
361 554 -101.0
361 556 -96.0
361 561 -102.0
361 567 -91.0
361 569 -105.0
361 572 -94.0
361 580 -100.0
361 583 -108.0
361 586 -105.0
361 588 -100.0
361 589 -100.0
361 591 -99.0
361 592 -87.0
361 593 -105.0
361 596 -101.0
361 606 -105.0
361 607 -99.0
361 608 -98.0
361 610 -107.0
361 620 -105.0
361 629 -100.0
361 638 -108.0
361 640 -96.0
362 363 -99.0
362 368 -103.0
362 386 -92.0
362 390 -105.0
362 392 -93.0
362 400 -103.0
362 405 -97.0
362 412 -99.0
362 418 -97.0
362 420 -95.0
362 425 -104.0
362 429 -100.0
362 430 -100.0
362 440 -106.0
362 442 -100.0
362 454 -100.0
362 465 -98.0
362 466 -98.0
362 468 -98.0
362 469 -93.0
362 471 -95.0
362 474 -100.0
362 475 -106.0
362 476 -96.0
362 480 -90.0
362 484 -100.0
362 485 -95.0
362 488 -109.0
362 493 -98.0
362 494 -107.0
362 506 -94.0
362 509 -99.0
362 515 -105.0
362 518 -104.0
362 522 -101.0
362 533 -98.0
362 536 -100.0
362 537 -95.0
362 541 -102.0
362 554 -99.0
362 558 -98.0
362 563 -107.0
362 564 -94.0
362 570 -96.0
362 573 -94.0
362 576 -97.0
362 577 -106.0
362 580 -102.0
362 586 -99.0
362 595 -99.0
362 601 -93.0
362 603 -97.0
362 606 -92.0
362 611 -92.0
362 612 -100.0
362 614 -96.0
362 623 -102.0
362 628 -96.0
362 630 -95.0
362 633 -101.0
362 635 -91.0
362 637 -96.0
363 364 -104.0
363 365 -99.0
363 370 -97.0
363 392 -98.0
363 395 -93.0
363 414 -100.0
363 415 -97.0
363 417 -100.0
363 425 -99.0
363 428 -101.0
363 436 -101.0
363 454 -102.0
363 460 -105.0
363 463 -107.0
363 464 -104.0
363 465 -105.0
363 470 -103.0
363 475 -107.0
363 485 -104.0
363 486 -95.0
363 501 -105.0
363 506 -91.0
363 512 -105.0
363 517 -96.0
363 519 -102.0
363 523 -96.0
363 527 -99.0
363 537 -104.0
363 540 -95.0
363 542 -96.0
363 543 -101.0
363 547 -97.0
363 560 -95.0
363 561 -96.0
363 569 -99.0
363 592 -92.0
363 595 -96.0
363 611 -89.0
363 618 -100.0
363 620 -98.0
363 621 -99.0
363 627 -99.0
363 633 -107.0
363 636 -90.0
363 637 -99.0
363 639 -103.0
364 370 -99.0
364 375 -102.0
364 382 -99.0
364 386 -95.0
364 392 -109.0
364 398 -104.0
364 403 -92.0
364 404 -106.0
364 411 -89.0
364 412 -93.0
364 420 -101.0
364 422 -103.0
364 425 -96.0
364 426 -104.0
364 434 -102.0
364 445 -101.0
364 446 -96.0
364 455 -99.0
364 459 -101.0
364 460 -96.0
364 461 -101.0
364 468 -105.0
364 473 -101.0
364 475 -97.0
364 476 -101.0
364 484 -98.0
364 485 -98.0
364 493 -103.0
364 498 -86.0
364 510 -90.0
364 522 -105.0
364 531 -102.0
364 532 -110.0
364 542 -87.0
364 551 -86.0
364 553 -94.0
364 554 -93.0
364 555 -111.0
364 568 -100.0
364 569 -87.0
364 570 -96.0
364 575 -93.0
364 586 -93.0
364 595 -99.0
364 599 -94.0
364 601 -96.0
364 602 -97.0
364 613 -103.0
364 615 -102.0
364 624 -104.0
364 636 -96.0
365 368 -93.0
365 374 -108.0
365 377 -105.0
365 378 -93.0
365 381 -96.0
365 382 -98.0
365 388 -95.0
365 390 -98.0
365 413 -114.0
365 419 -108.0
365 420 -93.0
365 423 -91.0
365 425 -103.0
365 427 -90.0
365 430 -98.0
365 433 -105.0
365 444 -101.0
365 450 -97.0
365 463 -104.0
365 465 -96.0
365 467 -98.0
365 469 -95.0
365 475 -91.0
365 479 -96.0
365 484 -97.0
365 494 -102.0
365 495 -96.0
365 501 -101.0
365 503 -98.0
365 506 -99.0
365 515 -103.0
365 528 -108.0
365 539 -102.0
365 543 -97.0
365 550 -96.0
365 551 -105.0
365 552 -102.0
365 555 -104.0
365 562 -96.0
365 564 -98.0
365 567 -105.0
365 571 -100.0
365 581 -102.0
365 590 -106.0
365 596 -94.0
365 612 -97.0
365 622 -105.0
365 623 -98.0
365 629 -109.0
365 634 -96.0
366 370 -102.0
366 389 -98.0
366 394 -99.0
366 406 -108.0
366 414 -95.0
366 417 -99.0
366 422 -99.0
366 428 -104.0
366 431 -103.0
366 432 -97.0
366 433 -95.0
366 434 -100.0
366 435 -102.0
366 437 -106.0
366 441 -112.0
366 443 -101.0
366 457 -101.0
366 464 -102.0
366 466 -100.0
366 467 -100.0
366 473 -95.0
366 474 -101.0
366 480 -99.0
366 482 -97.0
366 484 -108.0
366 485 -94.0
366 490 -97.0
366 496 -102.0
366 533 -94.0
366 535 -103.0
366 552 -103.0
366 554 -103.0
366 560 -103.0
366 561 -100.0
366 563 -98.0
366 568 -101.0
366 569 -97.0
366 571 -106.0
366 573 -108.0
366 584 -102.0
366 594 -94.0
366 605 -96.0
366 610 -109.0
366 618 -101.0
366 619 -104.0
366 627 -93.0
366 628 -104.0
366 638 -103.0
367 368 -96.0
367 373 -99.0
367 375 -98.0
367 388 -101.0
367 393 -101.0
367 400 -101.0
367 408 -99.0
367 420 -109.0
367 429 -100.0
367 430 -105.0
367 431 -103.0
367 449 -99.0
367 455 -105.0
367 462 -103.0
367 472 -104.0
367 478 -102.0
367 486 -92.0
367 488 -100.0
367 491 -96.0
367 497 -104.0
367 507 -102.0
367 510 -88.0
367 513 -106.0
367 516 -98.0
367 517 -104.0
367 519 -99.0
367 525 -110.0
367 530 -101.0
367 532 -99.0
367 533 -92.0
367 539 -92.0
367 540 -108.0
367 545 -106.0
367 547 -105.0
367 566 -106.0
367 570 -101.0
367 584 -96.0
367 591 -101.0
367 600 -106.0
367 602 -102.0
367 604 -101.0
367 606 -104.0
367 612 -93.0
367 618 -103.0
367 620 -106.0
367 629 -104.0
367 637 -89.0
367 639 -108.0
368 374 -104.0
368 379 -99.0
368 384 -101.0
368 390 -102.0
368 391 -97.0
368 395 -100.0
368 398 -97.0
368 403 -89.0
368 407 -98.0
368 412 -94.0
368 413 -100.0
368 414 -90.0
368 420 -109.0
368 421 -95.0
368 433 -102.0
368 434 -104.0
368 442 -100.0
368 443 -110.0
368 452 -108.0
368 461 -103.0
368 463 -104.0
368 479 -106.0
368 485 -93.0
368 488 -101.0
368 492 -95.0
368 495 -99.0
368 502 -88.0
368 506 -105.0
368 508 -104.0
368 510 -100.0
368 511 -103.0
368 513 -91.0
368 515 -96.0
368 545 -113.0
368 549 -98.0
368 551 -99.0
368 552 -96.0
368 557 -107.0
368 560 -104.0
368 561 -100.0
368 565 -99.0
368 570 -101.0
368 576 -94.0
368 600 -96.0
368 606 -102.0
368 609 -93.0
368 619 -99.0
368 621 -100.0
368 625 -98.0
368 631 -102.0
368 633 -108.0
369 370 -95.0
369 372 -101.0
369 386 -92.0
369 389 -96.0
369 398 -109.0
369 403 -92.0
369 415 -106.0
369 418 -106.0
369 421 -102.0
369 439 -105.0
369 451 -106.0
369 464 -95.0
369 473 -102.0
369 481 -97.0
369 483 -99.0
369 493 -101.0
369 496 -93.0
369 500 -94.0
369 509 -98.0
369 514 -95.0
369 515 -100.0
369 518 -100.0
369 525 -105.0
369 536 -100.0
369 539 -98.0
369 542 -104.0
369 548 -98.0
369 551 -104.0
369 553 -97.0
369 559 -100.0
369 567 -99.0
369 572 -98.0
369 573 -97.0
369 576 -102.0
369 580 -102.0
369 589 -104.0
369 596 -97.0
369 601 -108.0
369 610 -91.0
369 611 -97.0
369 623 -101.0
369 630 -110.0
369 631 -98.0
369 634 -102.0
369 640 -105.0
370 373 -87.0
370 377 -97.0
370 379 -97.0
370 383 -101.0
370 386 -102.0
370 387 -97.0
370 390 -99.0
370 394 -107.0
370 404 -105.0
370 406 -103.0
370 411 -94.0
370 415 -95.0
370 427 -105.0
370 428 -95.0
370 430 -91.0
370 431 -97.0
370 433 -93.0
370 435 -107.0
370 436 -105.0
370 444 -101.0
370 445 -92.0
370 457 -98.0
370 458 -100.0
370 462 -98.0
370 468 -103.0
370 476 -93.0
370 478 -92.0
370 481 -96.0
370 485 -112.0
370 486 -93.0
370 495 -98.0
370 498 -99.0
370 504 -93.0
370 514 -95.0
370 517 -92.0
370 521 -95.0
370 522 -101.0
370 529 -109.0
370 530 -90.0
370 534 -97.0
370 537 -102.0
370 538 -105.0
370 555 -96.0
370 564 -95.0
370 586 -98.0
370 590 -95.0
370 592 -96.0
370 595 -97.0
370 614 -100.0
370 619 -99.0
370 627 -96.0
370 633 -98.0
370 636 -98.0
371 381 -105.0
371 382 -106.0
371 385 -97.0
371 389 -100.0
371 393 -100.0
371 396 -98.0
371 407 -99.0
371 414 -96.0
371 415 -106.0
371 417 -103.0
371 418 -99.0
371 434 -98.0
371 451 -105.0
371 456 -108.0
371 457 -94.0
371 461 -100.0
371 464 -100.0
371 490 -97.0
371 498 -102.0
371 499 -100.0
371 501 -97.0
371 505 -98.0
371 507 -111.0
371 508 -102.0
371 516 -97.0
371 517 -104.0
371 522 -91.0
371 524 -108.0
371 547 -103.0
371 556 -100.0
371 561 -102.0
371 562 -100.0
371 569 -108.0
371 573 -98.0
371 581 -93.0
371 586 -99.0
371 589 -104.0
371 590 -103.0
371 591 -110.0
371 592 -100.0
371 595 -98.0
371 597 -101.0
371 598 -98.0
371 601 -94.0
371 616 -99.0
371 633 -92.0
371 639 -97.0
371 640 -102.0
372 373 -92.0
372 378 -106.0
372 383 -102.0
372 385 -100.0
372 403 -100.0
372 407 -106.0
372 413 -106.0
372 416 -97.0
372 426 -99.0
372 431 -99.0
372 435 -108.0
372 438 -96.0
372 440 -95.0
372 445 -97.0
372 446 -108.0
372 452 -98.0
372 456 -90.0
372 458 -103.0
372 465 -102.0
372 467 -90.0
372 470 -93.0
372 471 -104.0
372 489 -98.0
372 490 -99.0
372 498 -106.0
372 500 -108.0
372 505 -96.0
372 510 -97.0
372 511 -99.0
372 514 -98.0
372 519 -90.0
372 522 -96.0
372 523 -95.0
372 525 -102.0
372 528 -101.0
372 531 -102.0
372 534 -102.0
372 543 -99.0
372 548 -100.0
372 555 -102.0
372 557 -101.0
372 561 -99.0
372 562 -104.0
372 570 -95.0
372 574 -93.0
372 575 -94.0
372 584 -96.0
372 585 -98.0
372 590 -100.0
372 591 -103.0
372 599 -115.0
372 608 -105.0
372 610 -103.0
372 611 -94.0
372 612 -97.0
372 618 -95.0
372 629 -95.0
372 634 -99.0
373 376 -110.0
373 386 -94.0
373 387 -103.0
373 389 -103.0
373 399 -101.0
373 412 -107.0
373 421 -97.0
373 432 -109.0
373 436 -99.0
373 437 -110.0
373 441 -95.0
373 449 -94.0
373 451 -101.0
373 462 -108.0
373 467 -100.0
373 474 -94.0
373 481 -98.0
373 482 -105.0
373 488 -96.0
373 492 -93.0
373 495 -108.0
373 498 -107.0
373 503 -102.0
373 509 -99.0
373 515 -101.0
373 517 -98.0
373 523 -97.0
373 524 -99.0
373 527 -98.0
373 530 -96.0
373 531 -100.0
373 532 -94.0
373 557 -90.0
373 560 -103.0
373 563 -92.0
373 565 -110.0
373 569 -97.0
373 572 -102.0
373 574 -116.0
373 583 -101.0
373 590 -94.0
373 592 -101.0
373 594 -99.0
373 600 -96.0
373 608 -97.0
373 609 -103.0
373 610 -99.0
373 629 -103.0
373 637 -98.0
374 375 -99.0
374 376 -98.0
374 379 -105.0
374 387 -103.0
374 388 -94.0
374 398 -105.0
374 399 -107.0
374 400 -98.0
374 401 -96.0
374 411 -93.0
374 422 -94.0
374 428 -95.0
374 436 -95.0
374 437 -95.0
374 440 -99.0
374 446 -94.0
374 447 -104.0
374 454 -110.0
374 455 -97.0
374 465 -99.0
374 468 -103.0
374 473 -94.0
374 482 -96.0
374 486 -95.0
374 487 -99.0
374 496 -94.0
374 498 -100.0
374 499 -97.0
374 502 -99.0
374 507 -103.0
374 508 -103.0
374 521 -94.0
374 524 -95.0
374 526 -94.0
374 532 -99.0
374 533 -97.0
374 536 -83.0
374 542 -96.0
374 548 -105.0
374 557 -101.0
374 559 -105.0
374 564 -96.0
374 567 -97.0
374 570 -103.0
374 574 -95.0
374 579 -103.0
374 582 -99.0
374 583 -103.0
374 586 -100.0
374 600 -100.0
374 605 -108.0
374 609 -103.0
374 610 -88.0
374 621 -97.0
374 626 -93.0
374 627 -104.0
374 635 -92.0
375 377 -96.0
375 385 -107.0
375 387 -96.0
375 389 -106.0
375 390 -99.0
375 391 -96.0
375 396 -105.0
375 404 -102.0
375 405 -101.0
375 407 -90.0
375 410 -95.0
375 417 -99.0
375 421 -100.0
375 428 -92.0
375 429 -94.0
375 435 -97.0
375 436 -102.0
375 438 -106.0
375 439 -95.0
375 445 -94.0
375 456 -105.0
375 458 -106.0
375 460 -104.0
375 463 -94.0
375 465 -101.0
375 467 -101.0
375 471 -95.0
375 474 -96.0
375 482 -103.0
375 492 -97.0
375 496 -90.0
375 502 -97.0
375 510 -95.0
375 513 -100.0
375 518 -102.0
375 519 -95.0
375 522 -104.0
375 523 -92.0
375 524 -96.0
375 531 -103.0
375 534 -101.0
375 536 -107.0
375 548 -98.0
375 550 -99.0
375 553 -102.0
375 557 -99.0
375 559 -101.0
375 564 -101.0
375 566 -105.0
375 572 -104.0
375 576 -103.0
375 582 -104.0
375 586 -93.0
375 592 -96.0
375 599 -96.0
375 608 -102.0
375 609 -100.0
375 613 -104.0
375 621 -98.0
375 624 -99.0
375 627 -96.0
375 628 -99.0
376 377 -99.0
376 399 -91.0
376 406 -89.0
376 412 -97.0
376 419 -97.0
376 424 -108.0
376 428 -94.0
376 431 -101.0
376 435 -103.0
376 438 -103.0
376 441 -96.0
376 442 -96.0
376 448 -103.0
376 450 -93.0
376 451 -105.0
376 453 -95.0
376 464 -93.0
376 473 -105.0
376 474 -104.0
376 486 -103.0
376 490 -99.0
376 491 -95.0
376 500 -102.0
376 501 -109.0
376 502 -96.0
376 514 -99.0
376 521 -106.0
376 523 -100.0
376 525 -102.0
376 526 -92.0
376 527 -102.0
376 536 -100.0
376 550 -109.0
376 553 -106.0
376 569 -96.0
376 570 -96.0
376 573 -105.0
376 575 -96.0
376 585 -97.0
376 586 -96.0
376 587 -110.0
376 590 -101.0
376 592 -104.0
376 595 -108.0
376 596 -99.0
376 614 -95.0
376 619 -93.0
376 625 -106.0
376 629 -93.0
376 634 -101.0
377 381 -98.0
377 385 -103.0
377 390 -103.0
377 405 -97.0
377 408 -102.0
377 409 -112.0
377 419 -96.0
377 420 -102.0
377 427 -102.0
377 429 -98.0
377 430 -101.0
377 434 -97.0
377 438 -99.0
377 441 -97.0
377 442 -95.0
377 444 -98.0
377 446 -104.0
377 454 -100.0
377 455 -95.0
377 466 -100.0
377 468 -107.0
377 469 -98.0
377 470 -102.0
377 471 -102.0
377 474 -102.0
377 475 -92.0
377 482 -99.0
377 484 -96.0
377 489 -104.0
377 501 -99.0
377 502 -104.0
377 506 -100.0
377 509 -100.0
377 521 -96.0
377 526 -99.0
377 534 -96.0
377 536 -112.0
377 547 -95.0
377 549 -99.0
377 552 -108.0
377 553 -98.0
377 555 -92.0
377 557 -96.0
377 558 -95.0
377 559 -102.0
377 560 -91.0
377 561 -95.0
377 573 -98.0
377 574 -109.0
377 576 -96.0
377 577 -101.0
377 588 -105.0
377 591 -97.0
377 602 -105.0
377 613 -110.0
377 623 -99.0
377 624 -101.0
377 628 -101.0
377 630 -100.0
377 639 -100.0
378 381 -94.0
378 396 -99.0
378 398 -100.0
378 401 -108.0
378 407 -100.0
378 410 -106.0
378 411 -103.0
378 414 -96.0
378 423 -99.0
378 428 -98.0
378 439 -103.0
378 440 -104.0
378 444 -103.0
378 445 -97.0
378 453 -93.0
378 454 -94.0
378 460 -90.0
378 464 -99.0
378 466 -104.0
378 470 -96.0
378 471 -103.0
378 474 -109.0
378 478 -109.0
378 480 -102.0
378 481 -102.0
378 483 -93.0
378 484 -93.0
378 487 -93.0
378 490 -100.0
378 491 -100.0
378 492 -100.0
378 496 -99.0
378 500 -100.0
378 502 -98.0
378 506 -102.0
378 509 -106.0
378 515 -96.0
378 516 -102.0
378 517 -97.0
378 534 -99.0
378 543 -97.0
378 544 -92.0
378 546 -105.0
378 547 -96.0
378 554 -101.0
378 555 -89.0
378 571 -101.0
378 576 -97.0
378 581 -90.0
378 585 -98.0
378 586 -108.0
378 587 -97.0
378 593 -90.0
378 600 -107.0
378 603 -105.0
378 612 -106.0
378 616 -99.0
378 630 -104.0
378 635 -110.0
379 382 -107.0
379 392 -100.0
379 401 -94.0
379 419 -98.0
379 421 -101.0
379 430 -111.0
379 454 -100.0
379 465 -91.0
379 470 -98.0
379 474 -95.0
379 475 -95.0
379 480 -96.0
379 482 -95.0
379 485 -98.0
379 486 -103.0
379 487 -103.0
379 488 -98.0
379 497 -101.0
379 498 -93.0
379 503 -102.0
379 507 -91.0
379 511 -110.0
379 518 -94.0
379 522 -104.0
379 526 -95.0
379 527 -105.0
379 528 -103.0
379 530 -93.0
379 531 -100.0
379 535 -105.0
379 540 -101.0
379 544 -100.0
379 549 -100.0
379 550 -99.0
379 557 -97.0
379 559 -98.0
379 560 -112.0
379 563 -102.0
379 564 -101.0
379 566 -98.0
379 578 -89.0
379 582 -96.0
379 585 -98.0
379 586 -103.0
379 592 -96.0
379 593 -104.0
379 596 -90.0
379 598 -93.0
379 603 -97.0
379 610 -111.0
379 611 -93.0
379 613 -103.0
379 637 -105.0
379 638 -94.0
379 640 -103.0
380 381 -100.0
380 384 -98.0
380 387 -109.0
380 389 -96.0
380 400 -104.0
380 402 -101.0
380 405 -103.0
380 411 -98.0
380 415 -94.0
380 424 -102.0
380 427 -98.0
380 430 -96.0
380 431 -99.0
380 433 -101.0
380 434 -96.0
380 437 -97.0
380 446 -97.0
380 451 -93.0
380 462 -102.0
380 465 -96.0
380 470 -95.0
380 485 -91.0
380 492 -106.0
380 494 -100.0
380 499 -95.0
380 506 -93.0
380 507 -98.0
380 515 -104.0
380 522 -94.0
380 529 -97.0
380 549 -103.0
380 550 -104.0
380 560 -102.0
380 564 -97.0
380 572 -102.0
380 573 -109.0
380 575 -96.0
380 576 -94.0
380 579 -102.0
380 581 -95.0
380 582 -101.0
380 584 -100.0
380 597 -98.0
380 600 -100.0
380 605 -101.0
380 607 -100.0
380 613 -91.0
380 619 -99.0
380 627 -103.0
380 637 -93.0
380 638 -106.0
381 390 -103.0
381 395 -94.0
381 401 -103.0
381 405 -102.0
381 406 -97.0
381 417 -95.0
381 419 -90.0
381 420 -104.0
381 428 -97.0
381 430 -91.0
381 438 -101.0
381 441 -95.0
381 445 -104.0
381 446 -105.0
381 451 -99.0
381 456 -111.0
381 457 -90.0
381 460 -88.0
381 464 -101.0
381 470 -92.0
381 472 -103.0
381 482 -95.0
381 488 -102.0
381 493 -98.0
381 499 -105.0
381 501 -101.0
381 508 -100.0
381 526 -98.0
381 529 -108.0
381 532 -103.0
381 533 -91.0
381 544 -104.0
381 555 -106.0
381 556 -97.0
381 557 -95.0
381 569 -105.0
381 570 -97.0
381 573 -91.0
381 575 -96.0
381 593 -112.0
381 595 -103.0
381 596 -89.0
381 607 -105.0
381 619 -103.0
381 630 -104.0
382 386 -103.0
382 395 -103.0
382 398 -97.0
382 402 -100.0
382 403 -96.0
382 405 -102.0
382 412 -93.0
382 414 -106.0
382 415 -98.0
382 422 -105.0
382 426 -103.0
382 427 -102.0
382 430 -94.0
382 431 -96.0
382 435 -105.0
382 449 -102.0
382 462 -102.0
382 473 -104.0
382 478 -106.0
382 480 -99.0
382 481 -102.0
382 484 -104.0
382 487 -100.0
382 494 -107.0
382 499 -99.0
382 514 -103.0
382 525 -102.0
382 526 -103.0
382 528 -101.0
382 536 -96.0
382 540 -101.0
382 544 -103.0
382 550 -99.0
382 565 -106.0
382 576 -96.0
382 578 -109.0
382 583 -113.0
382 589 -100.0
382 590 -94.0
382 597 -99.0
382 598 -102.0
382 606 -101.0
382 607 -94.0
382 615 -98.0
382 617 -100.0
382 619 -97.0
382 621 -104.0
382 625 -99.0
382 631 -98.0
382 632 -103.0
382 634 -97.0
382 640 -96.0
383 385 -115.0
383 393 -102.0
383 395 -93.0
383 397 -95.0
383 403 -93.0
383 405 -103.0
383 406 -102.0
383 412 -103.0
383 415 -96.0
383 417 -96.0
383 419 -109.0
383 423 -100.0
383 432 -104.0
383 433 -106.0
383 445 -100.0
383 448 -100.0
383 450 -101.0
383 452 -97.0
383 458 -106.0
383 461 -100.0
383 467 -95.0
383 469 -95.0
383 473 -97.0
383 485 -98.0
383 486 -105.0
383 497 -102.0
383 503 -97.0
383 515 -101.0
383 520 -100.0
383 534 -101.0
383 535 -100.0
383 542 -97.0
383 543 -105.0
383 547 -95.0
383 551 -99.0
383 557 -100.0
383 559 -92.0
383 560 -101.0
383 566 -106.0
383 575 -95.0
383 584 -98.0
383 589 -106.0
383 593 -100.0
383 594 -104.0
383 596 -106.0
383 597 -104.0
383 598 -107.0
383 613 -99.0
383 617 -99.0
383 620 -104.0
383 621 -95.0
383 623 -107.0
383 626 -106.0
383 633 -90.0
383 635 -105.0
383 638 -91.0
384 387 -94.0
384 390 -102.0
384 392 -96.0
384 394 -96.0
384 402 -105.0
384 404 -101.0
384 406 -102.0
384 408 -97.0
384 412 -94.0
384 418 -102.0
384 419 -96.0
384 423 -94.0
384 425 -109.0
384 431 -98.0
384 439 -103.0
384 440 -102.0
384 444 -96.0
384 445 -100.0
384 450 -102.0
384 462 -106.0
384 474 -95.0
384 478 -98.0
384 481 -96.0
384 489 -94.0
384 491 -101.0
384 494 -94.0
384 498 -101.0
384 507 -90.0
384 515 -93.0
384 516 -92.0
384 519 -104.0
384 522 -108.0
384 531 -94.0
384 533 -96.0
384 538 -93.0
384 539 -101.0
384 549 -114.0
384 552 -108.0
384 554 -99.0
384 561 -102.0
384 567 -103.0
384 572 -97.0
384 573 -100.0
384 582 -103.0
384 584 -98.0
384 590 -95.0
384 593 -96.0
384 597 -104.0
384 601 -100.0
384 602 -99.0
384 604 -95.0
384 606 -88.0
384 607 -102.0
384 612 -97.0
384 613 -94.0
384 617 -109.0
384 618 -111.0
384 620 -106.0
384 623 -95.0
384 628 -97.0
384 636 -94.0
384 637 -107.0
384 640 -102.0
385 388 -101.0
385 396 -99.0
385 397 -104.0
385 403 -96.0
385 409 -96.0
385 411 -98.0
385 413 -98.0
385 417 -100.0
385 418 -101.0
385 421 -92.0
385 424 -104.0
385 427 -101.0
385 443 -100.0
385 449 -94.0
385 450 -98.0
385 461 -100.0
385 465 -94.0
385 466 -98.0
385 476 -100.0
385 477 -87.0
385 492 -102.0
385 493 -107.0
385 496 -95.0
385 505 -105.0
385 512 -99.0
385 515 -95.0
385 527 -93.0
385 530 -93.0
385 537 -102.0
385 547 -100.0
385 554 -101.0
385 555 -99.0
385 561 -107.0
385 563 -105.0
385 566 -103.0
385 571 -99.0
385 578 -101.0
385 584 -97.0
385 585 -102.0
385 590 -107.0
385 592 -98.0
385 597 -106.0
385 601 -102.0
385 604 -99.0
385 613 -90.0
385 622 -103.0
385 630 -112.0
385 636 -92.0
386 398 -99.0
386 400 -97.0
386 402 -95.0
386 405 -105.0
386 408 -101.0
386 414 -104.0
386 420 -95.0
386 424 -99.0
386 428 -98.0
386 430 -101.0
386 433 -100.0
386 442 -108.0
386 448 -96.0
386 449 -99.0
386 451 -110.0
386 452 -100.0
386 454 -95.0
386 460 -99.0
386 473 -98.0
386 487 -96.0
386 488 -110.0
386 489 -92.0
386 490 -107.0
386 491 -101.0
386 493 -112.0
386 495 -105.0
386 497 -95.0
386 500 -103.0
386 502 -96.0
386 503 -97.0
386 506 -96.0
386 512 -109.0
386 513 -106.0
386 522 -94.0
386 527 -99.0
386 528 -105.0
386 531 -106.0
386 533 -94.0
386 535 -106.0
386 536 -101.0
386 537 -96.0
386 545 -105.0
386 549 -100.0
386 553 -100.0
386 555 -99.0
386 556 -93.0
386 566 -108.0
386 567 -99.0
386 575 -100.0
386 577 -98.0
386 582 -107.0
386 585 -102.0
386 588 -107.0
386 590 -96.0
386 593 -105.0
386 598 -110.0
386 601 -97.0
386 615 -97.0
386 617 -100.0
386 619 -105.0
386 622 -95.0
386 628 -93.0
386 629 -99.0
386 632 -101.0
386 640 -104.0
387 389 -101.0
387 397 -102.0
387 400 -104.0
387 403 -97.0
387 412 -100.0
387 417 -98.0
387 428 -97.0
387 429 -100.0
387 443 -95.0
387 448 -100.0
387 450 -99.0
387 461 -100.0
387 466 -105.0
387 468 -99.0
387 470 -103.0
387 471 -101.0
387 474 -102.0
387 477 -93.0
387 480 -90.0
387 487 -103.0
387 490 -101.0
387 499 -94.0
387 501 -98.0
387 502 -101.0
387 504 -108.0
387 505 -101.0
387 506 -105.0
387 515 -99.0
387 519 -104.0
387 543 -100.0
387 546 -93.0
387 548 -102.0
387 550 -96.0
387 561 -94.0
387 572 -93.0
387 573 -98.0
387 579 -97.0
387 584 -100.0
387 587 -100.0
387 596 -99.0
387 601 -93.0
387 603 -104.0
387 606 -93.0
387 608 -89.0
387 619 -95.0
387 620 -108.0
387 632 -93.0
387 634 -103.0
387 635 -100.0
388 390 -99.0
388 393 -99.0
388 404 -105.0
388 408 -94.0
388 422 -94.0
388 425 -102.0
388 426 -100.0
388 431 -109.0
388 434 -96.0
388 436 -99.0
388 437 -94.0
388 442 -106.0
388 447 -93.0
388 448 -95.0
388 453 -100.0
388 458 -94.0
388 461 -109.0
388 462 -91.0
388 467 -97.0
388 472 -102.0
388 477 -92.0
388 478 -111.0
388 488 -95.0
388 492 -99.0
388 499 -100.0
388 501 -101.0
388 511 -105.0
388 517 -97.0
388 521 -106.0
388 523 -97.0
388 534 -97.0
388 537 -101.0
388 546 -95.0
388 549 -94.0
388 555 -100.0
388 564 -102.0
388 570 -102.0
388 573 -108.0
388 584 -98.0
388 586 -99.0
388 587 -100.0
388 592 -100.0
388 593 -97.0
388 603 -102.0
388 605 -103.0
388 608 -103.0
388 616 -93.0
388 621 -95.0
388 631 -99.0
388 632 -97.0
388 635 -106.0
389 394 -104.0
389 399 -99.0
389 405 -102.0
389 409 -98.0
389 414 -90.0
389 421 -99.0
389 424 -98.0
389 428 -93.0
389 432 -100.0
389 434 -95.0
389 435 -96.0
389 438 -99.0
389 440 -106.0
389 444 -107.0
389 445 -93.0
389 447 -104.0
389 464 -100.0
389 465 -100.0
389 466 -95.0
389 469 -102.0
389 476 -96.0
389 479 -96.0
389 480 -103.0
389 487 -103.0
389 494 -106.0
389 495 -102.0
389 496 -99.0
389 503 -92.0
389 504 -89.0
389 507 -106.0
389 511 -95.0
389 512 -97.0
389 513 -96.0
389 533 -92.0
389 534 -96.0
389 536 -93.0
389 546 -99.0
389 551 -106.0
389 554 -100.0
389 561 -104.0
389 569 -97.0
389 572 -92.0
389 573 -100.0
389 575 -89.0
389 576 -87.0
389 578 -92.0
389 583 -99.0
389 587 -106.0
389 589 -105.0
389 590 -98.0
389 593 -98.0
389 597 -97.0
389 600 -94.0
389 603 -95.0
389 607 -101.0
389 609 -106.0
389 611 -98.0
389 621 -100.0
389 622 -97.0
389 631 -100.0
389 633 -88.0
390 398 -94.0
390 400 -98.0
390 402 -97.0
390 407 -93.0
390 409 -95.0
390 415 -104.0
390 426 -104.0
390 427 -103.0
390 430 -96.0
390 432 -98.0
390 433 -94.0
390 434 -99.0
390 441 -106.0
390 442 -109.0
390 444 -99.0
390 447 -94.0
390 453 -102.0
390 456 -104.0
390 457 -95.0
390 458 -108.0
390 475 -100.0
390 490 -100.0
390 492 -102.0
390 497 -98.0
390 501 -94.0
390 503 -100.0
390 524 -104.0
390 528 -95.0
390 534 -97.0
390 535 -104.0
390 536 -102.0
390 546 -88.0
390 561 -95.0
390 563 -103.0
390 565 -93.0
390 569 -94.0
390 586 -104.0
390 587 -108.0
390 593 -98.0
390 596 -97.0
390 600 -97.0
390 602 -106.0
390 605 -94.0
390 613 -105.0
390 616 -96.0
390 625 -93.0
390 631 -100.0
390 640 -96.0
391 392 -95.0
391 393 -99.0
391 399 -109.0
391 400 -97.0
391 402 -89.0
391 403 -106.0
391 408 -99.0
391 410 -103.0
391 415 -102.0
391 416 -103.0
391 420 -113.0
391 433 -100.0
391 434 -101.0
391 438 -101.0
391 440 -99.0
391 443 -93.0
391 444 -97.0
391 448 -94.0
391 449 -97.0
391 458 -99.0
391 463 -101.0
391 464 -88.0
391 475 -95.0
391 488 -90.0
391 495 -99.0
391 500 -109.0
391 504 -96.0
391 512 -97.0
391 519 -100.0
391 525 -93.0
391 535 -105.0
391 538 -93.0
391 539 -98.0
391 542 -89.0
391 545 -83.0
391 548 -101.0
391 549 -95.0
391 553 -103.0
391 555 -92.0
391 557 -93.0
391 559 -97.0
391 565 -102.0
391 571 -112.0
391 584 -100.0
391 585 -104.0
391 588 -98.0
391 589 -102.0
391 590 -96.0
391 593 -95.0
391 595 -105.0
391 596 -103.0
391 598 -99.0
391 608 -97.0
391 611 -92.0
391 612 -97.0
391 613 -110.0
391 623 -101.0
392 396 -99.0
392 398 -103.0
392 408 -101.0
392 413 -95.0
392 415 -99.0
392 416 -97.0
392 420 -95.0
392 424 -98.0
392 426 -95.0
392 430 -101.0
392 432 -90.0
392 434 -97.0
392 435 -100.0
392 437 -103.0
392 453 -103.0
392 456 -102.0
392 464 -106.0
392 469 -112.0
392 470 -94.0
392 472 -104.0
392 482 -108.0
392 485 -95.0
392 486 -103.0
392 490 -103.0
392 500 -102.0
392 501 -108.0
392 505 -99.0
392 508 -106.0
392 514 -103.0
392 527 -92.0
392 535 -107.0
392 536 -96.0
392 546 -100.0
392 550 -96.0
392 557 -107.0
392 562 -94.0
392 565 -102.0
392 568 -103.0
392 573 -98.0
392 577 -101.0
392 582 -107.0
392 586 -99.0
392 591 -103.0
392 602 -101.0
392 604 -100.0
392 605 -96.0
392 614 -99.0
392 615 -102.0
392 622 -93.0
392 636 -96.0
392 637 -94.0
393 398 -99.0
393 401 -101.0
393 402 -97.0
393 403 -97.0
393 404 -95.0
393 425 -96.0
393 426 -99.0
393 430 -106.0
393 437 -99.0
393 440 -106.0
393 441 -97.0
393 442 -106.0
393 444 -106.0
393 450 -104.0
393 454 -101.0
393 462 -102.0
393 465 -91.0
393 466 -97.0
393 469 -100.0
393 476 -106.0
393 479 -103.0
393 480 -106.0
393 481 -96.0
393 486 -107.0
393 489 -94.0
393 493 -104.0
393 494 -94.0
393 499 -101.0
393 500 -98.0
393 511 -101.0
393 517 -100.0
393 520 -96.0
393 526 -108.0
393 534 -103.0
393 538 -98.0
393 550 -104.0
393 551 -106.0
393 557 -95.0
393 562 -96.0
393 563 -101.0
393 564 -101.0
393 570 -104.0
393 578 -104.0
393 580 -99.0
393 581 -98.0
393 582 -104.0
393 585 -93.0
393 588 -92.0
393 590 -103.0
393 592 -103.0
393 595 -95.0
393 599 -99.0
393 605 -103.0
393 609 -96.0
393 616 -97.0
393 621 -104.0
393 630 -95.0
393 632 -93.0
393 639 -100.0
394 397 -104.0
394 398 -101.0
394 402 -99.0
394 403 -98.0
394 408 -99.0
394 411 -96.0
394 414 -94.0
394 424 -103.0
394 426 -94.0
394 431 -97.0
394 433 -104.0
394 441 -101.0
394 443 -101.0
394 447 -96.0
394 451 -99.0
394 453 -95.0
394 461 -106.0
394 464 -105.0
394 473 -98.0
394 474 -92.0
394 475 -101.0
394 483 -101.0
394 485 -102.0
394 486 -108.0
394 489 -103.0
394 494 -101.0
394 500 -104.0
394 504 -102.0
394 508 -94.0
394 527 -110.0
394 528 -102.0
394 533 -93.0
394 536 -101.0
394 537 -100.0
394 539 -98.0
394 540 -99.0
394 544 -100.0
394 546 -102.0
394 548 -106.0
394 555 -89.0
394 575 -98.0
394 576 -94.0
394 577 -107.0
394 583 -98.0
394 591 -108.0
394 598 -95.0
394 599 -106.0
394 604 -99.0
394 632 -96.0
394 640 -100.0
395 397 -104.0
395 410 -96.0
395 415 -107.0
395 421 -99.0
395 425 -104.0
395 430 -88.0
395 438 -95.0
395 443 -94.0
395 447 -107.0
395 449 -100.0
395 453 -94.0
395 455 -97.0
395 465 -98.0
395 471 -112.0
395 472 -91.0
395 475 -97.0
395 482 -100.0
395 489 -108.0
395 492 -101.0
395 497 -104.0
395 498 -100.0
395 509 -106.0
395 510 -101.0
395 513 -94.0
395 514 -100.0
395 518 -96.0
395 528 -103.0
395 535 -95.0
395 538 -102.0
395 539 -101.0
395 544 -96.0
395 546 -99.0
395 552 -98.0
395 554 -96.0
395 559 -105.0
395 562 -99.0
395 564 -101.0
395 567 -98.0
395 571 -102.0
395 572 -97.0
395 574 -102.0
395 588 -96.0
395 597 -102.0
395 598 -102.0
395 602 -103.0
395 616 -103.0
395 622 -96.0
395 625 -103.0
395 626 -101.0
395 629 -97.0
395 632 -104.0
395 638 -101.0
395 640 -92.0
396 397 -102.0
396 402 -102.0
396 403 -97.0
396 412 -107.0
396 419 -102.0
396 426 -100.0
396 431 -99.0
396 432 -102.0
396 437 -94.0
396 438 -102.0
396 439 -100.0
396 442 -104.0
396 443 -90.0
396 444 -101.0
396 446 -100.0
396 448 -102.0
396 463 -97.0
396 466 -98.0
396 475 -99.0
396 482 -107.0
396 491 -86.0
396 512 -102.0
396 516 -102.0
396 531 -99.0
396 532 -104.0
396 535 -92.0
396 549 -99.0
396 557 -97.0
396 563 -94.0
396 571 -96.0
396 575 -108.0
396 577 -94.0
396 583 -99.0
396 584 -105.0
396 587 -103.0
396 592 -92.0
396 594 -95.0
396 605 -107.0
396 609 -104.0
396 610 -102.0
396 613 -91.0
396 616 -104.0
396 624 -106.0
396 629 -97.0
396 637 -107.0
397 419 -97.0
397 420 -94.0
397 429 -100.0
397 431 -104.0
397 433 -91.0
397 435 -98.0
397 437 -105.0
397 439 -109.0
397 445 -103.0
397 449 -101.0
397 458 -102.0
397 475 -102.0
397 478 -104.0
397 482 -100.0
397 484 -96.0
397 490 -93.0
397 496 -96.0
397 501 -102.0
397 509 -99.0
397 517 -108.0
397 519 -110.0
397 527 -97.0
397 561 -98.0
397 570 -101.0
397 572 -101.0
397 577 -96.0
397 583 -98.0
397 589 -90.0
397 592 -102.0
397 598 -105.0
397 599 -93.0
397 606 -97.0
397 607 -96.0
397 612 -103.0
397 616 -102.0
397 618 -111.0
397 627 -100.0
397 629 -98.0
397 640 -101.0
398 404 -98.0
398 406 -95.0
398 413 -109.0
398 416 -100.0
398 427 -99.0
398 437 -97.0
398 442 -98.0
398 456 -100.0
398 458 -94.0
398 465 -97.0
398 468 -105.0
398 470 -108.0
398 477 -92.0
398 484 -96.0
398 488 -98.0
398 493 -107.0
398 498 -104.0
398 501 -88.0
398 502 -96.0
398 503 -100.0
398 504 -89.0
398 507 -91.0
398 514 -98.0
398 515 -104.0
398 528 -99.0
398 535 -105.0
398 538 -94.0
398 542 -95.0
398 543 -99.0
398 544 -106.0
398 554 -99.0
398 558 -93.0
398 562 -98.0
398 570 -99.0
398 573 -92.0
398 586 -102.0
398 590 -102.0
398 604 -98.0
398 606 -107.0
398 610 -100.0
398 613 -103.0
398 614 -99.0
398 615 -103.0
398 620 -97.0
398 621 -103.0
398 622 -94.0
398 624 -98.0
398 627 -104.0
398 630 -84.0
398 639 -97.0
399 400 -101.0
399 404 -106.0
399 408 -106.0
399 410 -106.0
399 411 -104.0
399 412 -105.0
399 415 -97.0
399 417 -96.0
399 420 -96.0
399 442 -108.0
399 455 -114.0
399 459 -102.0
399 462 -98.0
399 472 -97.0
399 477 -95.0
399 485 -102.0
399 487 -91.0
399 488 -94.0
399 503 -101.0
399 527 -105.0
399 538 -100.0
399 541 -98.0
399 542 -97.0
399 549 -103.0
399 560 -101.0
399 563 -102.0
399 567 -109.0
399 572 -99.0
399 584 -100.0
399 588 -101.0
399 596 -100.0
399 599 -105.0
399 601 -96.0
399 616 -102.0
399 619 -107.0
399 621 -100.0
399 622 -98.0
399 625 -101.0
399 626 -91.0
400 403 -95.0
400 409 -102.0
400 415 -96.0
400 416 -92.0
400 420 -107.0
400 427 -98.0
400 428 -94.0
400 429 -104.0
400 432 -96.0
400 449 -96.0
400 450 -107.0
400 458 -111.0
400 460 -103.0
400 467 -93.0
400 481 -93.0
400 483 -92.0
400 490 -98.0
400 501 -103.0
400 508 -103.0
400 510 -103.0
400 512 -102.0
400 522 -97.0
400 523 -93.0
400 530 -99.0
400 531 -100.0
400 533 -109.0
400 536 -104.0
400 538 -96.0
400 545 -102.0
400 554 -98.0
400 555 -98.0
400 564 -101.0
400 568 -94.0
400 569 -102.0
400 571 -103.0
400 585 -98.0
400 593 -97.0
400 594 -103.0
400 598 -106.0
400 601 -104.0
400 603 -105.0
400 632 -95.0
401 406 -105.0
401 414 -95.0
401 420 -104.0
401 423 -106.0
401 424 -106.0
401 429 -103.0
401 433 -93.0
401 434 -108.0
401 438 -89.0
401 441 -100.0
401 449 -94.0
401 452 -102.0
401 454 -100.0
401 455 -105.0
401 457 -96.0
401 460 -94.0
401 464 -88.0
401 466 -102.0
401 474 -105.0
401 482 -99.0
401 485 -105.0
401 496 -99.0
401 500 -102.0
401 514 -98.0
401 516 -90.0
401 517 -103.0
401 522 -103.0
401 523 -99.0
401 527 -93.0
401 538 -103.0
401 548 -100.0
401 559 -92.0
401 564 -99.0
401 565 -96.0
401 569 -106.0
401 571 -98.0
401 577 -85.0
401 584 -102.0
401 602 -98.0
401 603 -98.0
401 606 -107.0
401 609 -97.0
401 611 -97.0
401 622 -101.0
401 628 -96.0
401 631 -100.0
402 404 -89.0
402 407 -94.0
402 413 -96.0
402 428 -99.0
402 430 -106.0
402 435 -97.0
402 436 -99.0
402 443 -100.0
402 448 -103.0
402 452 -98.0
402 453 -94.0
402 458 -105.0
402 463 -94.0
402 467 -103.0
402 469 -96.0
402 472 -99.0
402 476 -101.0
402 482 -101.0
402 483 -97.0
402 484 -97.0
402 485 -101.0
402 486 -99.0
402 487 -105.0
402 493 -103.0
402 495 -97.0
402 497 -97.0
402 498 -98.0
402 499 -104.0
402 507 -98.0
402 508 -102.0
402 517 -90.0
402 519 -101.0
402 521 -97.0
402 525 -95.0
402 531 -98.0
402 532 -97.0
402 540 -95.0
402 545 -96.0
402 551 -103.0
402 558 -100.0
402 567 -97.0
402 588 -103.0
402 592 -104.0
402 593 -99.0
402 594 -99.0
402 595 -100.0
402 597 -97.0
402 599 -98.0
402 600 -97.0
402 608 -96.0
402 610 -99.0
402 613 -104.0
402 615 -97.0
402 619 -105.0
402 620 -96.0
402 624 -95.0
402 625 -91.0
402 631 -98.0
402 635 -104.0
402 636 -100.0
402 638 -92.0
403 408 -100.0
403 411 -96.0
403 412 -102.0
403 427 -93.0
403 433 -94.0
403 434 -98.0
403 436 -95.0
403 440 -91.0
403 441 -105.0
403 442 -100.0
403 444 -107.0
403 449 -101.0
403 450 -92.0
403 456 -94.0
403 457 -95.0
403 467 -102.0
403 477 -99.0
403 484 -99.0
403 486 -101.0
403 490 -93.0
403 500 -100.0
403 512 -98.0
403 513 -103.0
403 518 -93.0
403 519 -98.0
403 523 -107.0
403 533 -105.0
403 537 -98.0
403 555 -96.0
403 561 -99.0
403 564 -98.0
403 567 -96.0
403 568 -101.0
403 572 -103.0
403 573 -105.0
403 574 -108.0
403 575 -105.0
403 576 -102.0
403 583 -97.0
403 592 -100.0
403 594 -90.0
403 600 -91.0
403 603 -104.0
403 604 -97.0
403 613 -116.0
403 619 -96.0
403 624 -103.0
403 627 -104.0
403 632 -106.0
403 634 -101.0
403 638 -106.0
403 639 -107.0
404 417 -100.0
404 418 -93.0
404 432 -108.0
404 438 -100.0
404 444 -102.0
404 450 -96.0
404 451 -99.0
404 453 -107.0
404 457 -102.0
404 459 -90.0
404 460 -101.0
404 464 -103.0
404 467 -94.0
404 469 -97.0
404 478 -108.0
404 480 -96.0
404 486 -104.0
404 492 -103.0
404 494 -98.0
404 498 -99.0
404 503 -98.0
404 504 -103.0
404 509 -98.0
404 516 -97.0
404 517 -98.0
404 520 -103.0
404 521 -93.0
404 525 -102.0
404 532 -85.0
404 550 -102.0
404 556 -102.0
404 559 -102.0
404 560 -100.0
404 578 -105.0
404 580 -104.0
404 600 -108.0
404 601 -109.0
404 603 -97.0
404 604 -92.0
404 610 -87.0
404 613 -98.0
404 618 -95.0
404 619 -101.0
404 621 -95.0
404 630 -96.0
404 632 -105.0
404 635 -101.0
404 639 -105.0
405 406 -94.0
405 420 -100.0
405 433 -101.0
405 442 -104.0
405 449 -101.0
405 457 -100.0
405 458 -100.0
405 462 -104.0
405 470 -93.0
405 480 -93.0
405 487 -106.0
405 493 -104.0
405 496 -99.0
405 499 -98.0
405 515 -98.0
405 516 -103.0
405 519 -99.0
405 525 -88.0
405 526 -97.0
405 527 -104.0
405 539 -99.0
405 552 -102.0
405 555 -91.0
405 558 -105.0
405 560 -97.0
405 562 -95.0
405 567 -97.0
405 570 -101.0
405 584 -100.0
405 588 -98.0
405 592 -96.0
405 593 -98.0
405 598 -89.0
405 600 -97.0
405 601 -97.0
405 610 -93.0
405 615 -97.0
405 619 -93.0
405 622 -97.0
405 626 -105.0
405 632 -107.0
406 407 -97.0
406 410 -99.0
406 419 -101.0
406 425 -98.0
406 429 -95.0
406 458 -95.0
406 459 -103.0
406 475 -97.0
406 476 -104.0
406 478 -96.0
406 487 -98.0
406 501 -98.0
406 502 -101.0
406 503 -100.0
406 509 -100.0
406 521 -94.0
406 525 -98.0
406 538 -101.0
406 542 -100.0
406 550 -102.0
406 553 -100.0
406 560 -97.0
406 570 -106.0
406 581 -103.0
406 586 -96.0
406 589 -106.0
406 595 -97.0
406 596 -97.0
406 598 -97.0
406 599 -93.0
406 618 -91.0
406 632 -92.0
407 409 -100.0
407 414 -106.0
407 418 -93.0
407 423 -105.0
407 432 -104.0
407 438 -100.0
407 440 -98.0
407 442 -97.0
407 443 -100.0
407 447 -107.0
407 453 -97.0
407 458 -99.0
407 460 -94.0
407 461 -100.0
407 470 -100.0
407 475 -103.0
407 478 -103.0
407 482 -108.0
407 489 -95.0
407 494 -94.0
407 500 -97.0
407 502 -100.0
407 505 -94.0
407 509 -99.0
407 513 -95.0
407 517 -100.0
407 525 -103.0
407 526 -103.0
407 529 -92.0
407 532 -96.0
407 533 -92.0
407 537 -99.0
407 539 -99.0
407 540 -95.0
407 546 -94.0
407 551 -101.0
407 568 -108.0
407 574 -103.0
407 577 -100.0
407 582 -100.0
407 584 -104.0
407 592 -97.0
407 595 -97.0
407 598 -104.0
407 602 -106.0
407 608 -106.0
407 613 -94.0
407 618 -105.0
407 620 -95.0
407 621 -101.0
407 628 -106.0
407 632 -100.0
407 639 -107.0
408 430 -94.0
408 433 -99.0
408 440 -103.0
408 444 -96.0
408 448 -104.0
408 449 -93.0
408 460 -105.0
408 461 -93.0
408 464 -101.0
408 470 -101.0
408 476 -92.0
408 481 -101.0
408 496 -96.0
408 500 -92.0
408 501 -95.0
408 502 -96.0
408 505 -93.0
408 506 -96.0
408 514 -102.0
408 518 -94.0
408 526 -102.0
408 527 -100.0
408 533 -98.0
408 537 -100.0
408 542 -93.0
408 543 -100.0
408 555 -94.0
408 566 -97.0
408 567 -100.0
408 570 -91.0
408 573 -97.0
408 593 -91.0
408 597 -102.0
408 602 -95.0
408 604 -106.0
408 608 -101.0
408 614 -102.0
408 623 -106.0
408 625 -98.0
408 630 -96.0
408 634 -102.0
408 635 -95.0
409 413 -107.0
409 415 -102.0
409 419 -98.0
409 422 -93.0
409 425 -101.0
409 426 -94.0
409 430 -108.0
409 433 -102.0
409 438 -101.0
409 441 -96.0
409 442 -93.0
409 447 -103.0
409 456 -96.0
409 463 -109.0
409 464 -94.0
409 479 -97.0
409 488 -102.0
409 493 -96.0
409 509 -100.0
409 510 -96.0
409 513 -107.0
409 516 -107.0
409 522 -99.0
409 524 -98.0
409 535 -96.0
409 547 -87.0
409 548 -104.0
409 549 -98.0
409 550 -98.0
409 563 -97.0
409 567 -104.0
409 570 -103.0
409 573 -91.0
409 576 -101.0
409 583 -99.0
409 590 -97.0
409 603 -97.0
409 607 -94.0
409 609 -93.0
409 615 -96.0
409 618 -92.0
409 619 -101.0
409 620 -110.0
409 626 -104.0
409 627 -99.0
410 414 -102.0
410 419 -103.0
410 424 -101.0
410 437 -100.0
410 440 -104.0
410 442 -103.0
410 446 -103.0
410 449 -90.0
410 450 -104.0
410 452 -114.0
410 454 -89.0
410 459 -101.0
410 469 -101.0
410 470 -95.0
410 474 -100.0
410 492 -92.0
410 495 -99.0
410 496 -104.0
410 504 -105.0
410 517 -100.0
410 521 -108.0
410 524 -95.0
410 525 -106.0
410 529 -92.0
410 535 -104.0
410 542 -102.0
410 547 -97.0
410 556 -98.0
410 557 -96.0
410 563 -96.0
410 569 -98.0
410 576 -99.0
410 578 -97.0
410 583 -96.0
410 584 -96.0
410 589 -94.0
410 591 -106.0
410 592 -102.0
410 597 -100.0
410 605 -93.0
410 609 -97.0
410 617 -102.0
410 620 -95.0
410 622 -101.0
410 623 -93.0
410 632 -106.0
410 636 -97.0
411 412 -109.0
411 415 -101.0
411 419 -100.0
411 423 -96.0
411 424 -99.0
411 431 -100.0
411 434 -96.0
411 442 -91.0
411 453 -102.0
411 454 -102.0
411 455 -101.0
411 457 -98.0
411 472 -101.0
411 477 -103.0
411 478 -106.0
411 479 -96.0
411 481 -96.0
411 486 -99.0
411 491 -97.0
411 499 -108.0
411 504 -97.0
411 505 -97.0
411 507 -95.0
411 513 -106.0
411 515 -104.0
411 516 -101.0
411 517 -98.0
411 524 -111.0
411 525 -95.0
411 526 -97.0
411 530 -94.0
411 531 -94.0
411 534 -97.0
411 537 -98.0
411 544 -96.0
411 549 -100.0
411 550 -98.0
411 554 -96.0
411 556 -106.0
411 561 -95.0
411 562 -108.0
411 563 -111.0
411 564 -104.0
411 568 -100.0
411 580 -101.0
411 582 -99.0
411 599 -92.0
411 604 -98.0
411 610 -100.0
411 620 -99.0
411 621 -102.0
411 622 -93.0
411 628 -90.0
411 629 -93.0
411 630 -104.0
411 631 -105.0
411 634 -102.0
411 637 -97.0
411 639 -94.0
412 415 -96.0
412 423 -96.0
412 435 -95.0
412 444 -96.0
412 445 -97.0
412 446 -94.0
412 453 -97.0
412 456 -100.0
412 458 -93.0
412 462 -92.0
412 463 -97.0
412 465 -96.0
412 469 -101.0
412 470 -102.0
412 476 -97.0
412 483 -97.0
412 485 -104.0
412 489 -109.0
412 496 -100.0
412 507 -95.0
412 508 -97.0
412 512 -97.0
412 514 -99.0
412 521 -91.0
412 526 -99.0
412 527 -100.0
412 543 -92.0
412 547 -99.0
412 577 -95.0
412 579 -99.0
412 593 -104.0
412 600 -96.0
412 601 -103.0
412 602 -89.0
412 603 -94.0
412 604 -100.0
412 606 -93.0
412 612 -102.0
412 618 -96.0
412 619 -100.0
412 620 -106.0
412 621 -94.0
412 630 -105.0
412 631 -85.0
412 635 -103.0
413 415 -95.0
413 416 -110.0
413 418 -99.0
413 422 -103.0
413 425 -102.0
413 426 -103.0
413 427 -95.0
413 435 -107.0
413 436 -98.0
413 453 -100.0
413 466 -93.0
413 471 -106.0
413 473 -96.0
413 485 -97.0
413 494 -110.0
413 501 -103.0
413 511 -106.0
413 518 -104.0
413 523 -96.0
413 524 -103.0
413 527 -98.0
413 540 -101.0
413 552 -108.0
413 569 -104.0
413 572 -99.0
413 576 -95.0
413 582 -98.0
413 587 -101.0
413 588 -99.0
413 589 -93.0
413 592 -98.0
413 596 -92.0
413 606 -100.0
413 608 -103.0
413 610 -99.0
413 612 -98.0
413 622 -95.0
413 625 -103.0
413 626 -101.0
413 628 -94.0
413 634 -103.0
414 422 -98.0
414 423 -105.0
414 428 -102.0
414 429 -107.0
414 431 -103.0
414 441 -90.0
414 444 -100.0
414 455 -99.0
414 457 -96.0
414 467 -96.0
414 469 -99.0
414 473 -90.0
414 475 -97.0
414 491 -105.0
414 498 -98.0
414 518 -83.0
414 519 -103.0
414 520 -101.0
414 526 -96.0
414 528 -97.0
414 531 -93.0
414 533 -100.0
414 534 -97.0
414 537 -98.0
414 542 -101.0
414 543 -99.0
414 546 -101.0
414 548 -100.0
414 558 -94.0
414 569 -96.0
414 572 -102.0
414 573 -101.0
414 578 -96.0
414 583 -97.0
414 587 -102.0
414 588 -98.0
414 591 -103.0
414 592 -101.0
414 596 -90.0
414 602 -104.0
414 610 -104.0
414 611 -101.0
414 612 -98.0
414 613 -99.0
414 614 -98.0
414 628 -95.0
414 636 -100.0
415 418 -98.0
415 422 -105.0
415 426 -98.0
415 434 -88.0
415 447 -105.0
415 448 -100.0
415 450 -97.0
415 462 -102.0
415 465 -102.0
415 470 -110.0
415 499 -101.0
415 500 -90.0
415 503 -105.0
415 505 -93.0
415 510 -92.0
415 520 -98.0
415 522 -97.0
415 528 -101.0
415 539 -98.0
415 556 -101.0
415 564 -96.0
415 575 -106.0
415 577 -92.0
415 586 -97.0
415 588 -94.0
415 593 -99.0
415 597 -95.0
415 601 -98.0
415 604 -94.0
415 612 -100.0
415 624 -96.0
415 629 -95.0
415 639 -91.0
416 429 -102.0
416 432 -99.0
416 436 -92.0
416 441 -98.0
416 442 -105.0
416 444 -90.0
416 446 -106.0
416 449 -97.0
416 451 -103.0
416 456 -94.0
416 460 -102.0
416 468 -99.0
416 469 -99.0
416 473 -104.0
416 476 -96.0
416 478 -91.0
416 479 -97.0
416 484 -96.0
416 486 -98.0
416 488 -104.0
416 491 -102.0
416 500 -103.0
416 502 -101.0
416 503 -103.0
416 509 -98.0
416 511 -104.0
416 515 -99.0
416 516 -98.0
416 521 -102.0
416 525 -104.0
416 529 -90.0
416 533 -99.0
416 534 -105.0
416 538 -88.0
416 551 -99.0
416 552 -102.0
416 554 -104.0
416 557 -101.0
416 560 -103.0
416 563 -106.0
416 567 -90.0
416 568 -104.0
416 572 -96.0
416 573 -105.0
416 581 -82.0
416 585 -104.0
416 586 -102.0
416 587 -99.0
416 609 -104.0
416 611 -107.0
416 612 -93.0
416 621 -106.0
416 624 -101.0
416 626 -107.0
416 627 -103.0
416 636 -91.0
416 637 -89.0
417 419 -94.0
417 420 -109.0
417 424 -106.0
417 439 -99.0
417 444 -95.0
417 445 -96.0
417 448 -107.0
417 451 -98.0
417 455 -97.0
417 457 -104.0
417 459 -94.0
417 465 -103.0
417 478 -99.0
417 480 -101.0
417 481 -95.0
417 483 -96.0
417 489 -98.0
417 493 -104.0
417 495 -101.0
417 496 -108.0
417 497 -98.0
417 498 -94.0
417 521 -87.0
417 529 -103.0
417 543 -98.0
417 549 -104.0
417 553 -102.0
417 554 -103.0
417 555 -96.0
417 556 -100.0
417 558 -98.0
417 567 -97.0
417 581 -99.0
417 583 -97.0
417 597 -103.0
417 600 -97.0
417 602 -101.0
417 603 -104.0
417 606 -108.0
417 610 -102.0
417 612 -97.0
417 622 -101.0
417 627 -91.0
417 636 -102.0
417 640 -97.0
418 420 -103.0
418 421 -96.0
418 426 -107.0
418 427 -103.0
418 429 -101.0
418 431 -101.0
418 447 -103.0
418 457 -94.0
418 466 -98.0
418 505 -99.0
418 508 -100.0
418 519 -92.0
418 523 -100.0
418 524 -93.0
418 531 -93.0
418 535 -96.0
418 537 -100.0
418 540 -106.0
418 544 -108.0
418 546 -100.0
418 547 -104.0
418 550 -108.0
418 553 -97.0
418 557 -104.0
418 569 -98.0
418 575 -96.0
418 582 -101.0
418 585 -97.0
418 589 -95.0
418 592 -96.0
418 594 -95.0
418 595 -104.0
418 599 -105.0
418 600 -85.0
418 606 -96.0
418 609 -98.0
418 614 -89.0
418 618 -100.0
418 623 -105.0
418 624 -105.0
418 625 -97.0
418 628 -103.0
418 631 -98.0
418 633 -96.0
418 640 -101.0
419 424 -103.0
419 436 -105.0
419 442 -96.0
419 444 -98.0
419 445 -99.0
419 448 -101.0
419 451 -104.0
419 454 -97.0
419 457 -106.0
419 463 -105.0
419 464 -103.0
419 476 -96.0
419 489 -105.0
419 490 -103.0
419 497 -101.0
419 498 -94.0
419 501 -96.0
419 509 -103.0
419 512 -89.0
419 515 -96.0
419 516 -107.0
419 517 -104.0
419 523 -98.0
419 525 -100.0
419 529 -102.0
419 536 -92.0
419 543 -96.0
419 551 -101.0
419 556 -105.0
419 574 -99.0
419 578 -98.0
419 583 -102.0
419 596 -91.0
419 601 -93.0
419 602 -98.0
419 609 -99.0
419 612 -96.0
419 615 -95.0
419 619 -100.0
419 621 -98.0
419 622 -100.0
419 640 -95.0
420 422 -93.0
420 423 -100.0
420 428 -98.0
420 429 -101.0
420 438 -112.0
420 440 -100.0
420 442 -100.0
420 446 -99.0
420 447 -107.0
420 456 -91.0
420 457 -102.0
420 458 -101.0
420 466 -94.0
420 477 -102.0
420 481 -99.0
420 490 -95.0
420 493 -100.0
420 495 -99.0
420 500 -96.0
420 501 -99.0
420 502 -103.0
420 503 -98.0
420 505 -101.0
420 509 -100.0
420 510 -98.0
420 512 -94.0
420 520 -104.0
420 521 -106.0
420 525 -96.0
420 531 -98.0
420 537 -91.0
420 546 -106.0
420 547 -95.0
420 550 -102.0
420 551 -94.0
420 554 -100.0
420 555 -102.0
420 557 -111.0
420 558 -106.0
420 561 -108.0
420 566 -100.0
420 567 -99.0
420 571 -103.0
420 573 -97.0
420 584 -96.0
420 585 -95.0
420 590 -92.0
420 605 -96.0
420 610 -105.0
420 615 -102.0
420 621 -104.0
420 622 -104.0
420 625 -98.0
420 627 -100.0
421 429 -95.0
421 432 -98.0
421 435 -102.0
421 437 -101.0
421 445 -102.0
421 472 -101.0
421 474 -99.0
421 477 -105.0
421 478 -97.0
421 479 -99.0
421 480 -91.0
421 481 -103.0
421 490 -105.0
421 493 -102.0
421 500 -97.0
421 502 -109.0
421 507 -100.0
421 508 -107.0
421 517 -103.0
421 521 -96.0
421 526 -107.0
421 528 -90.0
421 529 -100.0
421 550 -87.0
421 560 -107.0
421 561 -99.0
421 565 -105.0
421 567 -103.0
421 591 -107.0
421 593 -98.0
421 604 -94.0
421 624 -94.0
421 628 -98.0
421 632 -102.0
421 635 -103.0
422 432 -106.0
422 434 -102.0
422 435 -100.0
422 443 -97.0
422 445 -105.0
422 446 -110.0
422 452 -104.0
422 456 -103.0
422 465 -93.0
422 467 -106.0
422 471 -89.0
422 472 -91.0
422 473 -96.0
422 480 -92.0
422 481 -95.0
422 484 -105.0
422 490 -108.0
422 498 -97.0
422 500 -100.0
422 504 -99.0
422 511 -104.0
422 527 -99.0
422 530 -98.0
422 532 -103.0
422 536 -101.0
422 539 -104.0
422 541 -97.0
422 543 -98.0
422 547 -102.0
422 551 -107.0
422 556 -106.0
422 562 -105.0
422 564 -105.0
422 565 -99.0
422 571 -104.0
422 588 -98.0
422 591 -97.0
422 592 -92.0
422 593 -98.0
422 597 -103.0
422 606 -97.0
422 619 -97.0
422 638 -105.0
423 427 -106.0
423 428 -98.0
423 434 -102.0
423 435 -106.0
423 439 -96.0
423 441 -92.0
423 444 -98.0
423 448 -97.0
423 458 -101.0
423 466 -97.0
423 471 -88.0
423 480 -100.0
423 483 -101.0
423 494 -100.0
423 497 -101.0
423 502 -103.0
423 505 -108.0
423 507 -112.0
423 516 -100.0
423 522 -98.0
423 533 -98.0
423 537 -91.0
423 538 -97.0
423 539 -109.0
423 555 -101.0
423 565 -106.0
423 569 -95.0
423 573 -104.0
423 577 -103.0
423 588 -109.0
423 599 -104.0
423 604 -98.0
423 607 -98.0
423 609 -102.0
423 610 -104.0
423 611 -101.0
423 616 -90.0
423 620 -96.0
423 623 -108.0
423 628 -103.0
423 635 -111.0
423 640 -106.0
424 429 -99.0
424 431 -99.0
424 435 -101.0
424 441 -101.0
424 443 -103.0
424 463 -98.0
424 464 -100.0
424 466 -103.0
424 474 -101.0
424 476 -97.0
424 485 -93.0
424 499 -103.0
424 515 -96.0
424 517 -94.0
424 518 -96.0
424 521 -106.0
424 525 -93.0
424 527 -104.0
424 529 -100.0
424 531 -105.0
424 543 -108.0
424 546 -105.0
424 548 -94.0
424 560 -97.0
424 568 -108.0
424 573 -98.0
424 581 -103.0
424 582 -101.0
424 592 -97.0
424 597 -99.0
424 598 -107.0
424 602 -97.0
424 604 -93.0
424 607 -101.0
424 611 -99.0
424 612 -102.0
424 616 -94.0
424 622 -98.0
424 623 -97.0
424 632 -107.0
424 634 -102.0
424 636 -102.0
424 637 -100.0
425 426 -117.0
425 427 -100.0
425 443 -97.0
425 445 -102.0
425 449 -103.0
425 450 -99.0
425 452 -102.0
425 456 -101.0
425 457 -97.0
425 460 -105.0
425 463 -106.0
425 469 -96.0
425 470 -94.0
425 472 -94.0
425 475 -98.0
425 477 -102.0
425 478 -115.0
425 484 -97.0
425 494 -103.0
425 495 -101.0
425 496 -97.0
425 504 -94.0
425 507 -103.0
425 508 -95.0
425 510 -100.0
425 511 -98.0
425 512 -93.0
425 521 -92.0
425 523 -105.0
425 531 -99.0
425 542 -98.0
425 558 -99.0
425 559 -92.0
425 564 -92.0
425 565 -106.0
425 570 -101.0
425 572 -96.0
425 575 -97.0
425 579 -96.0
425 580 -95.0
425 581 -110.0
425 593 -95.0
425 599 -94.0
425 606 -93.0
425 610 -100.0
425 612 -103.0
425 627 -98.0
425 634 -109.0
426 428 -102.0
426 429 -98.0
426 430 -100.0
426 431 -103.0
426 433 -95.0
426 438 -92.0
426 440 -108.0
426 443 -98.0
426 444 -91.0
426 446 -105.0
426 457 -94.0
426 464 -99.0
426 468 -100.0
426 473 -91.0
426 478 -96.0
426 480 -102.0
426 483 -106.0
426 491 -96.0
426 492 -93.0
426 493 -105.0
426 502 -102.0
426 504 -89.0
426 510 -98.0
426 512 -100.0
426 515 -100.0
426 517 -99.0
426 530 -102.0
426 534 -102.0
426 538 -107.0
426 549 -99.0
426 552 -91.0
426 553 -97.0
426 569 -102.0
426 571 -101.0
426 573 -103.0
426 574 -104.0
426 576 -99.0
426 577 -104.0
426 580 -96.0
426 581 -102.0
426 582 -101.0
426 589 -99.0
426 598 -103.0
426 599 -93.0
426 602 -102.0
426 606 -86.0
426 614 -100.0
426 623 -101.0
426 624 -102.0
426 632 -107.0
426 633 -106.0
427 447 -105.0
427 456 -99.0
427 462 -110.0
427 465 -102.0
427 468 -109.0
427 473 -93.0
427 476 -98.0
427 477 -102.0
427 478 -113.0
427 479 -105.0
427 483 -100.0
427 484 -102.0
427 486 -95.0
427 490 -96.0
427 492 -104.0
427 498 -92.0
427 500 -103.0
427 507 -93.0
427 522 -94.0
427 528 -108.0
427 535 -98.0
427 537 -106.0
427 548 -95.0
427 553 -92.0
427 556 -106.0
427 558 -102.0
427 563 -100.0
427 569 -99.0
427 570 -99.0
427 571 -101.0
427 583 -108.0
427 585 -94.0
427 587 -102.0
427 588 -95.0
427 595 -107.0
427 600 -106.0
427 604 -103.0
427 609 -102.0
427 610 -94.0
427 611 -98.0
427 614 -104.0
427 620 -103.0
427 622 -96.0
427 625 -99.0
427 626 -97.0
427 632 -99.0
427 640 -105.0
428 451 -96.0
428 452 -95.0
428 456 -97.0
428 465 -102.0
428 469 -107.0
428 472 -101.0
428 473 -95.0
428 476 -98.0
428 478 -97.0
428 480 -105.0
428 486 -103.0
428 491 -99.0
428 497 -103.0
428 500 -104.0
428 507 -109.0
428 509 -106.0
428 528 -97.0
428 540 -107.0
428 541 -98.0
428 542 -109.0
428 545 -103.0
428 549 -96.0
428 554 -95.0
428 558 -100.0
428 560 -107.0
428 574 -109.0
428 576 -96.0
428 584 -100.0
428 585 -92.0
428 590 -99.0
428 598 -103.0
428 606 -100.0
428 609 -97.0
428 617 -106.0
428 624 -96.0
428 627 -98.0
428 628 -90.0
428 633 -101.0
429 430 -94.0
429 432 -105.0
429 443 -97.0
429 458 -103.0
429 460 -93.0
429 481 -95.0
429 495 -93.0
429 496 -101.0
429 501 -98.0
429 502 -91.0
429 512 -99.0
429 521 -97.0
429 527 -107.0
429 529 -96.0
429 532 -98.0
429 533 -112.0
429 544 -92.0
429 548 -95.0
429 551 -94.0
429 553 -103.0
429 557 -105.0
429 559 -99.0
429 564 -95.0
429 571 -102.0
429 577 -111.0
429 581 -97.0
429 585 -95.0
429 588 -100.0
429 589 -105.0
429 593 -99.0
429 595 -107.0
429 597 -96.0
429 601 -100.0
429 602 -105.0
429 605 -106.0
429 618 -103.0
429 619 -96.0
429 636 -96.0
430 432 -93.0
430 433 -104.0
430 437 -93.0
430 438 -104.0
430 441 -94.0
430 443 -103.0
430 444 -94.0
430 448 -101.0
430 466 -104.0
430 468 -94.0
430 476 -96.0
430 480 -90.0
430 483 -103.0
430 485 -102.0
430 486 -102.0
430 501 -98.0
430 511 -95.0
430 526 -94.0
430 531 -105.0
430 535 -95.0
430 548 -102.0
430 549 -103.0
430 550 -105.0
430 555 -106.0
430 565 -97.0
430 570 -113.0
430 571 -107.0
430 576 -101.0
430 581 -98.0
430 587 -99.0
430 588 -95.0
430 592 -101.0
430 599 -102.0
430 600 -97.0
430 613 -103.0
430 626 -106.0
430 628 -92.0
430 631 -97.0
430 639 -102.0
431 437 -99.0
431 443 -99.0
431 454 -101.0
431 457 -99.0
431 458 -101.0
431 460 -98.0
431 464 -85.0
431 477 -101.0
431 478 -92.0
431 482 -103.0
431 488 -100.0
431 492 -96.0
431 501 -106.0
431 508 -93.0
431 511 -102.0
431 528 -100.0
431 535 -111.0
431 537 -105.0
431 542 -97.0
431 551 -103.0
431 553 -97.0
431 554 -104.0
431 556 -98.0
431 574 -96.0
431 577 -98.0
431 578 -97.0
431 582 -99.0
431 583 -106.0
431 587 -97.0
431 589 -104.0
431 591 -105.0
431 603 -110.0
431 604 -108.0
431 605 -100.0
431 611 -91.0
431 615 -103.0
431 624 -101.0
431 625 -104.0
431 627 -95.0
431 633 -106.0
431 636 -103.0
431 638 -93.0
432 439 -104.0
432 461 -103.0
432 469 -103.0
432 470 -96.0
432 480 -103.0
432 487 -99.0
432 493 -98.0
432 494 -99.0
432 497 -101.0
432 498 -98.0
432 505 -101.0
432 513 -104.0
432 521 -96.0
432 522 -96.0
432 527 -101.0
432 531 -104.0
432 538 -105.0
432 540 -101.0
432 551 -106.0
432 564 -97.0
432 587 -97.0
432 590 -96.0
432 591 -102.0
432 593 -105.0
432 604 -90.0
432 605 -98.0
432 610 -105.0
432 622 -91.0
432 623 -101.0
432 631 -96.0
432 632 -99.0
432 634 -112.0
432 636 -87.0
432 639 -96.0
433 434 -93.0
433 444 -106.0
433 462 -100.0
433 466 -100.0
433 477 -100.0
433 479 -95.0
433 480 -91.0
433 485 -100.0
433 488 -101.0
433 491 -99.0
433 496 -108.0
433 497 -107.0
433 505 -97.0
433 507 -100.0
433 508 -95.0
433 511 -90.0
433 529 -99.0
433 530 -95.0
433 532 -105.0
433 539 -106.0
433 540 -96.0
433 541 -106.0
433 563 -101.0
433 566 -95.0
433 567 -103.0
433 571 -102.0
433 579 -105.0
433 580 -105.0
433 589 -97.0
433 594 -95.0
433 599 -99.0
433 606 -99.0
433 608 -101.0
433 613 -100.0
433 621 -102.0
433 626 -98.0
433 628 -104.0
433 630 -102.0
433 637 -111.0
434 439 -99.0
434 442 -102.0
434 445 -92.0
434 453 -106.0
434 459 -105.0
434 462 -99.0
434 482 -99.0
434 486 -99.0
434 487 -99.0
434 488 -106.0
434 489 -96.0
434 493 -91.0
434 498 -98.0
434 499 -112.0
434 500 -99.0
434 502 -109.0
434 506 -105.0
434 508 -101.0
434 512 -96.0
434 516 -106.0
434 517 -96.0
434 518 -105.0
434 519 -101.0
434 524 -105.0
434 528 -103.0
434 529 -97.0
434 531 -97.0
434 552 -97.0
434 555 -99.0
434 556 -102.0
434 562 -97.0
434 565 -97.0
434 567 -100.0
434 573 -100.0
434 575 -103.0
434 580 -94.0
434 583 -91.0
434 585 -94.0
434 587 -99.0
434 591 -111.0
434 596 -98.0
434 599 -97.0
434 600 -98.0
434 604 -93.0
434 605 -106.0
434 621 -103.0
434 627 -103.0
434 632 -107.0
434 639 -99.0
435 440 -95.0
435 447 -100.0
435 457 -100.0
435 470 -106.0
435 474 -103.0
435 478 -95.0
435 485 -105.0
435 488 -98.0
435 495 -98.0
435 498 -103.0
435 499 -102.0
435 500 -102.0
435 501 -108.0
435 502 -100.0
435 514 -98.0
435 519 -99.0
435 560 -92.0
435 573 -105.0
435 575 -98.0
435 584 -98.0
435 585 -101.0
435 589 -94.0
435 597 -97.0
435 601 -97.0
435 606 -106.0
435 611 -95.0
435 621 -109.0
435 628 -106.0
435 629 -98.0
435 632 -106.0
435 635 -99.0
435 637 -114.0
436 437 -87.0
436 439 -91.0
436 443 -99.0
436 446 -106.0
436 456 -106.0
436 457 -105.0
436 459 -91.0
436 461 -97.0
436 465 -96.0
436 467 -97.0
436 475 -102.0
436 495 -96.0
436 503 -104.0
436 504 -105.0
436 514 -105.0
436 530 -100.0
436 536 -102.0
436 537 -106.0
436 540 -95.0
436 542 -91.0
436 548 -101.0
436 556 -107.0
436 563 -94.0
436 576 -104.0
436 579 -98.0
436 583 -105.0
436 592 -101.0
436 594 -101.0
436 597 -109.0
436 603 -105.0
436 614 -105.0
436 615 -102.0
436 618 -99.0
436 622 -106.0
436 630 -102.0
436 631 -101.0
436 634 -104.0
437 439 -96.0
437 447 -103.0
437 456 -103.0
437 463 -101.0
437 466 -102.0
437 475 -114.0
437 479 -104.0
437 482 -100.0
437 483 -99.0
437 485 -99.0
437 501 -97.0
437 510 -96.0
437 521 -109.0
437 527 -111.0
437 530 -103.0
437 532 -105.0
437 536 -100.0
437 543 -102.0
437 551 -102.0
437 553 -99.0
437 554 -98.0
437 555 -96.0
437 568 -108.0
437 573 -95.0
437 577 -105.0
437 578 -94.0
437 589 -98.0
437 590 -95.0
437 609 -93.0
437 621 -99.0
437 636 -98.0
438 447 -100.0
438 456 -105.0
438 463 -104.0
438 464 -98.0
438 478 -106.0
438 479 -100.0
438 480 -98.0
438 489 -98.0
438 494 -105.0
438 496 -98.0
438 498 -95.0
438 504 -96.0
438 506 -101.0
438 508 -102.0
438 512 -99.0
438 516 -96.0
438 519 -102.0
438 522 -109.0
438 525 -101.0
438 528 -103.0
438 530 -86.0
438 542 -110.0
438 544 -102.0
438 549 -88.0
438 560 -107.0
438 562 -95.0
438 566 -95.0
438 570 -87.0
438 571 -94.0
438 575 -103.0
438 576 -97.0
438 585 -103.0
438 588 -100.0
438 589 -96.0
438 596 -99.0
438 597 -95.0
438 606 -104.0
438 611 -97.0
438 612 -104.0
438 616 -93.0
438 618 -101.0
438 622 -99.0
438 627 -101.0
438 628 -98.0
438 630 -91.0
438 634 -99.0
439 440 -103.0
439 442 -102.0
439 446 -99.0
439 454 -97.0
439 465 -98.0
439 470 -95.0
439 472 -100.0
439 475 -101.0
439 482 -99.0
439 484 -99.0
439 491 -95.0
439 495 -98.0
439 498 -101.0
439 511 -98.0
439 529 -95.0
439 532 -107.0
439 538 -104.0
439 543 -90.0
439 546 -95.0
439 554 -111.0
439 555 -96.0
439 557 -97.0
439 559 -103.0
439 585 -100.0
439 594 -98.0
439 602 -109.0
439 610 -102.0
439 613 -110.0
439 615 -106.0
439 617 -100.0
439 626 -104.0
439 627 -101.0
439 637 -97.0
439 639 -101.0
439 640 -102.0
440 452 -94.0
440 458 -104.0
440 459 -107.0
440 461 -107.0
440 462 -97.0
440 464 -104.0
440 465 -93.0
440 466 -98.0
440 467 -101.0
440 468 -97.0
440 472 -96.0
440 476 -97.0
440 492 -103.0
440 493 -103.0
440 494 -97.0
440 495 -95.0
440 514 -98.0
440 525 -100.0
440 543 -93.0
440 554 -100.0
440 560 -96.0
440 561 -96.0
440 563 -97.0
440 570 -106.0
440 572 -101.0
440 574 -106.0
440 576 -107.0
440 578 -95.0
440 583 -107.0
440 587 -98.0
440 589 -99.0
440 590 -96.0
440 594 -102.0
440 601 -97.0
440 602 -109.0
440 604 -97.0
440 606 -101.0
440 611 -97.0
440 615 -107.0
440 620 -99.0
440 622 -95.0
440 623 -102.0
440 630 -104.0
440 639 -97.0
440 640 -101.0
441 451 -110.0
441 453 -101.0
441 457 -100.0
441 458 -97.0
441 468 -99.0
441 472 -94.0
441 477 -105.0
441 481 -106.0
441 488 -98.0
441 491 -104.0
441 492 -98.0
441 498 -89.0
441 504 -97.0
441 508 -99.0
441 514 -102.0
441 517 -89.0
441 526 -95.0
441 528 -99.0
441 536 -97.0
441 540 -96.0
441 545 -104.0
441 547 -107.0
441 548 -91.0
441 564 -96.0
441 569 -96.0
441 574 -104.0
441 591 -97.0
441 595 -103.0
441 599 -100.0
441 612 -101.0
441 614 -102.0
441 629 -102.0
441 637 -103.0
441 638 -95.0
442 447 -99.0
442 449 -100.0
442 451 -100.0
442 455 -102.0
442 470 -100.0
442 473 -97.0
442 479 -110.0
442 480 -104.0
442 485 -95.0
442 486 -98.0
442 490 -94.0
442 495 -106.0
442 505 -93.0
442 512 -96.0
442 514 -101.0
442 516 -100.0
442 517 -86.0
442 519 -100.0
442 520 -99.0
442 523 -93.0
442 528 -87.0
442 534 -103.0
442 542 -98.0
442 544 -97.0
442 545 -98.0
442 559 -94.0
442 560 -100.0
442 561 -94.0
442 564 -105.0
442 565 -99.0
442 573 -110.0
442 575 -109.0
442 578 -98.0
442 579 -106.0
442 580 -98.0
442 594 -98.0
442 596 -107.0
442 598 -102.0
442 600 -105.0
442 601 -101.0
442 616 -98.0
442 620 -99.0
442 623 -96.0
442 630 -108.0
443 458 -102.0
443 461 -96.0
443 466 -96.0
443 469 -100.0
443 477 -106.0
443 479 -99.0
443 486 -94.0
443 488 -106.0
443 492 -98.0
443 497 -104.0
443 511 -103.0
443 514 -96.0
443 515 -99.0
443 520 -95.0
443 546 -107.0
443 554 -104.0
443 556 -95.0
443 557 -95.0
443 561 -99.0
443 562 -91.0
443 565 -102.0
443 566 -106.0
443 569 -109.0
443 574 -98.0
443 576 -108.0
443 582 -98.0
443 588 -97.0
443 595 -101.0
443 596 -93.0
443 601 -98.0
443 608 -97.0
443 617 -110.0
443 619 -104.0
443 624 -96.0
443 625 -97.0
443 626 -96.0
443 628 -102.0
443 635 -98.0
443 638 -101.0
444 456 -99.0
444 459 -99.0
444 462 -95.0
444 464 -106.0
444 472 -96.0
444 478 -100.0
444 479 -95.0
444 496 -100.0
444 500 -86.0
444 504 -92.0
444 507 -97.0
444 511 -96.0
444 519 -96.0
444 523 -95.0
444 531 -106.0
444 532 -102.0
444 537 -96.0
444 538 -100.0
444 539 -102.0
444 545 -101.0
444 552 -95.0
444 556 -101.0
444 564 -107.0
444 570 -101.0
444 576 -94.0
444 582 -94.0
444 586 -97.0
444 593 -105.0
444 595 -99.0
444 598 -97.0
444 601 -103.0
444 605 -101.0
444 610 -110.0
444 611 -101.0
444 619 -97.0
444 620 -98.0
444 623 -98.0
444 626 -96.0
444 627 -110.0
444 635 -101.0
444 640 -93.0
445 460 -103.0
445 462 -94.0
445 464 -102.0
445 469 -96.0
445 476 -102.0
445 477 -92.0
445 479 -99.0
445 480 -112.0
445 481 -100.0
445 487 -98.0
445 491 -97.0
445 493 -103.0
445 523 -92.0
445 525 -105.0
445 535 -104.0
445 537 -99.0
445 552 -103.0
445 554 -95.0
445 559 -98.0
445 562 -98.0
445 568 -95.0
445 569 -98.0
445 574 -98.0
445 577 -100.0
445 583 -93.0
445 592 -99.0
445 596 -107.0
445 602 -98.0
445 603 -104.0
445 615 -97.0
445 616 -96.0
445 619 -106.0
445 621 -102.0
445 625 -92.0
445 636 -103.0
445 637 -99.0
446 447 -101.0
446 457 -95.0
446 477 -109.0
446 479 -102.0
446 483 -101.0
446 485 -92.0
446 486 -102.0
446 493 -101.0
446 497 -95.0
446 505 -96.0
446 513 -100.0
446 528 -103.0
446 529 -94.0
446 530 -103.0
446 533 -106.0
446 535 -106.0
446 537 -108.0
446 541 -94.0
446 560 -102.0
446 567 -87.0
446 569 -94.0
446 572 -99.0
446 584 -101.0
446 586 -104.0
446 592 -103.0
446 607 -89.0
446 615 -89.0
446 619 -101.0
446 621 -96.0
446 627 -97.0
446 640 -100.0
447 448 -107.0
447 449 -100.0
447 454 -99.0
447 460 -112.0
447 480 -92.0
447 485 -100.0
447 492 -99.0
447 497 -92.0
447 502 -107.0
447 507 -98.0
447 512 -95.0
447 513 -101.0
447 515 -95.0
447 525 -105.0
447 530 -96.0
447 539 -95.0
447 542 -108.0
447 546 -91.0
447 553 -93.0
447 563 -90.0
447 569 -99.0
447 576 -110.0
447 583 -107.0
447 585 -100.0
447 586 -94.0
447 592 -97.0
447 593 -97.0
447 598 -94.0
447 610 -95.0
447 621 -97.0
447 624 -94.0
447 629 -95.0
447 630 -101.0
447 631 -101.0
447 632 -104.0
447 635 -90.0
447 637 -106.0
448 449 -101.0
448 465 -101.0
448 469 -97.0
448 470 -100.0
448 477 -104.0
448 479 -92.0
448 480 -101.0
448 484 -94.0
448 487 -95.0
448 494 -105.0
448 505 -100.0
448 508 -97.0
448 512 -107.0
448 532 -93.0
448 533 -94.0
448 541 -101.0
448 542 -88.0
448 543 -97.0
448 547 -107.0
448 549 -99.0
448 551 -101.0
448 555 -102.0
448 564 -104.0
448 565 -98.0
448 566 -93.0
448 569 -103.0
448 578 -99.0
448 580 -91.0
448 587 -99.0
448 589 -102.0
448 598 -101.0
448 606 -93.0
448 613 -96.0
448 619 -107.0
448 620 -105.0
448 623 -107.0
448 627 -90.0
448 633 -115.0
449 453 -97.0
449 454 -100.0
449 464 -98.0
449 467 -98.0
449 469 -90.0
449 473 -98.0
449 480 -96.0
449 483 -98.0
449 484 -100.0
449 488 -101.0
449 495 -104.0
449 501 -109.0
449 504 -96.0
449 505 -98.0
449 506 -104.0
449 509 -94.0
449 512 -94.0
449 521 -108.0
449 530 -98.0
449 531 -104.0
449 534 -98.0
449 541 -96.0
449 542 -99.0
449 550 -104.0
449 556 -101.0
449 558 -109.0
449 560 -96.0
449 571 -106.0
449 572 -96.0
449 577 -107.0
449 578 -95.0
449 583 -98.0
449 601 -95.0
449 607 -95.0
449 610 -98.0
449 612 -97.0
449 622 -100.0
449 632 -95.0
449 637 -99.0
449 638 -97.0
450 453 -105.0
450 454 -111.0
450 456 -97.0
450 469 -87.0
450 480 -100.0
450 482 -103.0
450 491 -110.0
450 495 -104.0
450 497 -99.0
450 498 -103.0
450 507 -99.0
450 522 -99.0
450 526 -98.0
450 528 -94.0
450 529 -103.0
450 539 -102.0
450 543 -100.0
450 549 -94.0
450 554 -97.0
450 555 -93.0
450 560 -103.0
450 562 -90.0
450 564 -105.0
450 567 -99.0
450 578 -97.0
450 580 -88.0
450 581 -105.0
450 587 -100.0
450 591 -97.0
450 598 -93.0
450 602 -97.0
450 604 -95.0
450 605 -99.0
450 610 -93.0
450 613 -104.0
450 618 -109.0
450 620 -89.0
450 625 -105.0
450 626 -96.0
450 627 -98.0
450 634 -100.0
450 636 -102.0
451 453 -102.0
451 454 -103.0
451 461 -104.0
451 463 -105.0
451 467 -97.0
451 474 -96.0
451 477 -102.0
451 478 -111.0
451 481 -104.0
451 486 -99.0
451 494 -91.0
451 506 -103.0
451 517 -95.0
451 519 -97.0
451 530 -89.0
451 531 -104.0
451 536 -91.0
451 542 -102.0
451 551 -106.0
451 558 -103.0
451 563 -108.0
451 588 -105.0
451 593 -97.0
451 597 -95.0
451 604 -95.0
451 618 -108.0
451 623 -98.0
451 627 -100.0
451 632 -99.0
451 640 -100.0
452 454 -107.0
452 471 -97.0
452 478 -103.0
452 479 -110.0
452 482 -105.0
452 484 -99.0
452 491 -105.0
452 496 -99.0
452 499 -94.0
452 517 -95.0
452 521 -106.0
452 524 -95.0
452 526 -96.0
452 527 -97.0
452 531 -103.0
452 545 -97.0
452 547 -106.0
452 553 -99.0
452 554 -95.0
452 555 -93.0
452 567 -95.0
452 576 -96.0
452 589 -96.0
452 590 -96.0
452 593 -108.0
452 599 -96.0
452 600 -103.0
452 601 -97.0
452 603 -96.0
452 604 -96.0
452 611 -102.0
452 614 -101.0
452 618 -95.0
452 637 -94.0
453 457 -102.0
453 460 -95.0
453 476 -103.0
453 477 -94.0
453 479 -105.0
453 486 -105.0
453 503 -100.0
453 504 -108.0
453 505 -94.0
453 508 -93.0
453 513 -108.0
453 525 -99.0
453 528 -93.0
453 531 -102.0
453 554 -94.0
453 557 -100.0
453 560 -103.0
453 562 -109.0
453 564 -94.0
453 565 -102.0
453 566 -92.0
453 572 -97.0
453 574 -102.0
453 577 -111.0
453 596 -99.0
453 602 -101.0
453 612 -102.0
453 617 -106.0
453 621 -104.0
453 630 -103.0
453 639 -105.0
454 458 -99.0
454 459 -105.0
454 478 -100.0
454 483 -94.0
454 487 -103.0
454 490 -82.0
454 491 -99.0
454 497 -103.0
454 499 -96.0
454 501 -96.0
454 504 -91.0
454 506 -95.0
454 508 -97.0
454 514 -90.0
454 520 -92.0
454 522 -99.0
454 523 -110.0
454 539 -111.0
454 572 -99.0
454 585 -92.0
454 586 -90.0
454 591 -101.0
454 597 -98.0
454 607 -98.0
454 610 -90.0
454 611 -110.0
454 613 -100.0
454 621 -102.0
454 627 -109.0
454 629 -96.0
455 457 -100.0
455 460 -95.0
455 463 -96.0
455 465 -96.0
455 469 -100.0
455 472 -96.0
455 473 -107.0
455 481 -91.0
455 484 -95.0
455 485 -101.0
455 490 -94.0
455 494 -105.0
455 495 -97.0
455 503 -96.0
455 511 -100.0
455 520 -105.0
455 526 -94.0
455 533 -105.0
455 535 -99.0
455 541 -104.0
455 542 -93.0
455 547 -98.0
455 548 -99.0
455 552 -96.0
455 553 -100.0
455 555 -111.0
455 558 -105.0
455 560 -98.0
455 564 -101.0
455 565 -95.0
455 567 -98.0
455 572 -105.0
455 573 -101.0
455 574 -101.0
455 584 -108.0
455 589 -94.0
455 590 -105.0
455 591 -94.0
455 595 -100.0
455 598 -106.0
455 600 -105.0
455 601 -99.0
455 613 -95.0
455 618 -102.0
455 622 -84.0
455 627 -107.0
455 629 -101.0
455 633 -102.0
455 637 -104.0
455 639 -99.0
456 457 -102.0
456 459 -97.0
456 460 -97.0
456 467 -99.0
456 470 -94.0
456 477 -100.0
456 479 -94.0
456 489 -100.0
456 491 -111.0
456 512 -102.0
456 517 -108.0
456 523 -100.0
456 526 -105.0
456 527 -97.0
456 528 -96.0
456 531 -93.0
456 533 -98.0
456 535 -95.0
456 538 -96.0
456 541 -95.0
456 548 -101.0
456 553 -94.0
456 554 -101.0
456 565 -106.0
456 569 -103.0
456 579 -98.0
456 581 -101.0
456 592 -95.0
456 595 -103.0
456 599 -101.0
456 607 -98.0
456 608 -92.0
456 611 -104.0
456 615 -104.0
456 631 -97.0
456 640 -104.0
457 459 -91.0
457 463 -98.0
457 466 -100.0
457 468 -102.0
457 473 -98.0
457 487 -96.0
457 496 -110.0
457 499 -105.0
457 505 -97.0
457 508 -93.0
457 511 -105.0
457 517 -109.0
457 519 -93.0
457 521 -103.0
457 530 -106.0
457 533 -100.0
457 534 -110.0
457 536 -104.0
457 544 -101.0
457 551 -103.0
457 553 -96.0
457 554 -98.0
457 559 -97.0
457 560 -97.0
457 561 -91.0
457 567 -100.0
457 572 -99.0
457 573 -108.0
457 577 -100.0
457 582 -105.0
457 587 -96.0
457 590 -98.0
457 600 -95.0
457 602 -100.0
457 612 -95.0
457 625 -105.0
457 628 -102.0
457 633 -95.0
457 634 -105.0
457 638 -102.0
458 467 -105.0
458 468 -96.0
458 486 -103.0
458 491 -98.0
458 492 -101.0
458 494 -104.0
458 498 -100.0
458 502 -107.0
458 509 -97.0
458 511 -96.0
458 515 -101.0
458 518 -102.0
458 521 -92.0
458 524 -106.0
458 527 -101.0
458 533 -96.0
458 545 -94.0
458 546 -95.0
458 548 -101.0
458 551 -102.0
458 562 -100.0
458 563 -92.0
458 569 -103.0
458 571 -96.0
458 580 -107.0
458 586 -96.0
458 588 -106.0
458 593 -107.0
458 598 -98.0
458 599 -94.0
458 600 -102.0
458 603 -98.0
458 605 -92.0
458 609 -96.0
458 611 -96.0
458 613 -101.0
458 615 -94.0
458 617 -99.0
458 624 -102.0
458 631 -103.0
458 633 -101.0
459 465 -103.0
459 466 -96.0
459 470 -102.0
459 476 -103.0
459 486 -96.0
459 491 -96.0
459 493 -93.0
459 503 -94.0
459 510 -103.0
459 513 -97.0
459 519 -102.0
459 522 -99.0
459 523 -105.0
459 527 -105.0
459 528 -93.0
459 529 -103.0
459 545 -98.0
459 552 -92.0
459 560 -106.0
459 566 -99.0
459 570 -100.0
459 585 -98.0
459 589 -105.0
459 593 -98.0
459 604 -101.0
459 608 -105.0
459 610 -107.0
459 611 -111.0
459 617 -106.0
459 623 -105.0
459 624 -95.0
459 626 -89.0
459 628 -97.0
459 631 -95.0
459 640 -99.0
460 476 -94.0
460 489 -94.0
460 498 -97.0
460 501 -99.0
460 503 -103.0
460 509 -91.0
460 510 -92.0
460 512 -97.0
460 518 -92.0
460 522 -109.0
460 527 -101.0
460 528 -100.0
460 530 -102.0
460 533 -100.0
460 535 -95.0
460 536 -96.0
460 542 -97.0
460 548 -98.0
460 551 -96.0
460 553 -99.0
460 554 -98.0
460 558 -108.0
460 560 -100.0
460 565 -103.0
460 569 -105.0
460 575 -96.0
460 578 -96.0
460 586 -104.0
460 593 -91.0
460 602 -102.0
460 618 -98.0
460 622 -97.0
460 629 -103.0
460 634 -106.0
461 466 -99.0
461 472 -94.0
461 476 -99.0
461 484 -103.0
461 486 -102.0
461 495 -96.0
461 498 -92.0
461 501 -100.0
461 506 -100.0
461 512 -95.0
461 515 -91.0
461 518 -96.0
461 520 -98.0
461 525 -97.0
461 526 -99.0
461 529 -104.0
461 533 -94.0
461 539 -98.0
461 548 -94.0
461 553 -100.0
461 554 -99.0
461 561 -103.0
461 575 -105.0
461 577 -103.0
461 581 -99.0
461 584 -95.0
461 589 -100.0
461 592 -94.0
461 596 -104.0
461 605 -104.0
461 612 -98.0
461 614 -94.0
461 615 -102.0
461 618 -98.0
461 622 -98.0
461 632 -100.0
461 636 -99.0
461 638 -97.0
461 639 -92.0
462 469 -99.0
462 481 -96.0
462 484 -93.0
462 490 -86.0
462 492 -98.0
462 493 -102.0
462 498 -105.0
462 500 -100.0
462 516 -101.0
462 518 -103.0
462 530 -106.0
462 531 -99.0
462 537 -98.0
462 539 -96.0
462 544 -107.0
462 561 -101.0
462 568 -92.0
462 569 -95.0
462 573 -103.0
462 580 -96.0
462 585 -101.0
462 592 -101.0
462 602 -100.0
462 605 -101.0
462 607 -101.0
462 612 -102.0
462 618 -108.0
462 623 -100.0
462 624 -101.0
462 627 -107.0
462 628 -95.0
462 638 -98.0
463 482 -95.0
463 483 -99.0
463 485 -99.0
463 511 -100.0
463 520 -94.0
463 538 -92.0
463 539 -96.0
463 542 -97.0
463 546 -105.0
463 561 -104.0
463 565 -90.0
463 572 -103.0
463 591 -97.0
463 592 -100.0
463 599 -98.0
463 601 -84.0
463 602 -91.0
463 604 -91.0
463 606 -90.0
463 609 -97.0
463 612 -100.0
463 615 -95.0
463 617 -92.0
463 622 -94.0
463 623 -99.0
463 626 -100.0
463 628 -98.0
463 629 -111.0
463 639 -106.0
464 470 -96.0
464 473 -101.0
464 483 -93.0
464 488 -101.0
464 498 -101.0
464 503 -96.0
464 513 -100.0
464 518 -103.0
464 519 -97.0
464 525 -100.0
464 529 -96.0
464 541 -99.0
464 544 -101.0
464 550 -93.0
464 555 -93.0
464 558 -99.0
464 570 -87.0
464 571 -106.0
464 576 -105.0
464 605 -95.0
464 606 -100.0
464 623 -95.0
464 633 -103.0
464 634 -87.0
464 639 -100.0
465 467 -99.0
465 471 -111.0
465 484 -99.0
465 489 -99.0
465 494 -99.0
465 495 -93.0
465 517 -93.0
465 520 -94.0
465 523 -95.0
465 527 -104.0
465 528 -94.0
465 529 -99.0
465 530 -100.0
465 542 -93.0
465 545 -104.0
465 546 -99.0
465 548 -89.0
465 557 -104.0
465 558 -102.0
465 568 -103.0
465 577 -104.0
465 585 -105.0
465 588 -100.0
465 591 -96.0
465 597 -99.0
465 598 -89.0
465 601 -99.0
465 606 -102.0
465 610 -105.0
465 621 -92.0
465 626 -103.0
465 633 -100.0
465 637 -100.0
465 638 -96.0
465 640 -104.0
466 469 -102.0
466 471 -101.0
466 473 -97.0
466 481 -95.0
466 489 -95.0
466 495 -100.0
466 497 -101.0
466 498 -99.0
466 500 -102.0
466 504 -101.0
466 507 -101.0
466 513 -103.0
466 522 -99.0
466 528 -102.0
466 535 -100.0
466 536 -105.0
466 543 -108.0
466 546 -97.0
466 554 -99.0
466 570 -99.0
466 575 -96.0
466 577 -104.0
466 583 -105.0
466 586 -106.0
466 590 -101.0
466 591 -96.0
466 599 -99.0
466 602 -103.0
466 604 -108.0
466 608 -94.0
466 614 -107.0
466 617 -92.0
466 621 -96.0
466 633 -103.0
467 468 -96.0
467 474 -100.0
467 478 -109.0
467 480 -104.0
467 481 -103.0
467 484 -97.0
467 486 -109.0
467 487 -105.0
467 488 -93.0
467 495 -96.0
467 503 -104.0
467 506 -89.0
467 507 -97.0
467 511 -106.0
467 516 -101.0
467 518 -105.0
467 522 -103.0
467 523 -99.0
467 533 -110.0
467 548 -98.0
467 564 -105.0
467 570 -97.0
467 571 -102.0
467 577 -104.0
467 578 -97.0
467 581 -100.0
467 583 -95.0
467 584 -99.0
467 590 -96.0
467 591 -87.0
467 599 -93.0
467 600 -105.0
467 607 -107.0
467 608 -99.0
467 612 -93.0
467 632 -100.0
467 636 -97.0
467 639 -97.0
468 480 -104.0
468 481 -100.0
468 518 -101.0
468 519 -99.0
468 525 -106.0
468 527 -112.0
468 530 -105.0
468 534 -92.0
468 535 -91.0
468 537 -104.0
468 542 -102.0
468 546 -99.0
468 548 -106.0
468 551 -94.0
468 552 -103.0
468 557 -95.0
468 564 -104.0
468 566 -93.0
468 569 -97.0
468 570 -105.0
468 573 -99.0
468 575 -91.0
468 586 -97.0
468 590 -92.0
468 598 -107.0
468 599 -101.0
468 600 -102.0
468 603 -100.0
468 604 -106.0
468 607 -95.0
468 615 -97.0
468 617 -89.0
468 618 -98.0
468 622 -96.0
468 627 -106.0
468 628 -95.0
468 630 -102.0
468 631 -103.0
468 639 -110.0
469 473 -101.0
469 474 -93.0
469 479 -97.0
469 484 -103.0
469 490 -101.0
469 491 -104.0
469 493 -108.0
469 496 -99.0
469 504 -102.0
469 507 -94.0
469 509 -95.0
469 513 -97.0
469 515 -108.0
469 519 -92.0
469 521 -99.0
469 542 -101.0
469 543 -94.0
469 545 -97.0
469 546 -90.0
469 554 -96.0
469 558 -92.0
469 561 -94.0
469 567 -102.0
469 569 -103.0
469 572 -107.0
469 577 -96.0
469 581 -102.0
469 584 -89.0
469 589 -91.0
469 606 -103.0
469 612 -97.0
469 613 -97.0
469 618 -99.0
469 620 -105.0
469 622 -101.0
469 629 -106.0
469 630 -94.0
469 632 -100.0
470 471 -101.0
470 475 -98.0
470 481 -90.0
470 485 -103.0
470 491 -92.0
470 494 -102.0
470 496 -96.0
470 507 -98.0
470 516 -103.0
470 527 -101.0
470 528 -97.0
470 529 -92.0
470 533 -102.0
470 536 -95.0
470 541 -106.0
470 543 -101.0
470 545 -98.0
470 548 -102.0
470 551 -100.0
470 553 -107.0
470 554 -93.0
470 558 -102.0
470 578 -110.0
470 580 -94.0
470 584 -101.0
470 587 -93.0
470 590 -94.0
470 595 -98.0
470 597 -101.0
470 604 -109.0
470 607 -96.0
470 608 -101.0
470 616 -97.0
470 618 -96.0
470 626 -96.0
470 628 -100.0
471 473 -96.0
471 477 -108.0
471 479 -94.0
471 497 -103.0
471 498 -100.0
471 499 -104.0
471 501 -101.0
471 504 -100.0
471 515 -93.0
471 525 -96.0
471 527 -103.0
471 551 -98.0
471 560 -95.0
471 561 -106.0
471 562 -92.0
471 564 -103.0
471 565 -100.0
471 579 -104.0
471 581 -103.0
471 583 -100.0
471 584 -96.0
471 590 -105.0
471 595 -94.0
471 603 -101.0
471 605 -92.0
471 606 -101.0
471 607 -99.0
471 608 -100.0
471 627 -94.0
471 633 -94.0
471 634 -92.0
472 477 -101.0
472 478 -104.0
472 486 -100.0
472 489 -96.0
472 490 -101.0
472 495 -96.0
472 496 -101.0
472 508 -110.0
472 513 -103.0
472 514 -100.0
472 515 -105.0
472 519 -108.0
472 524 -103.0
472 525 -96.0
472 527 -109.0
472 528 -103.0
472 533 -93.0
472 543 -102.0
472 545 -106.0
472 556 -89.0
472 557 -89.0
472 558 -99.0
472 560 -95.0
472 568 -106.0
472 569 -101.0
472 570 -95.0
472 573 -106.0
472 575 -92.0
472 587 -104.0
472 590 -95.0
472 592 -107.0
472 595 -97.0
472 605 -94.0
472 609 -94.0
472 610 -100.0
472 615 -91.0
472 622 -105.0
472 629 -103.0
472 632 -106.0
472 635 -108.0
472 636 -96.0
472 637 -99.0
473 478 -100.0
473 480 -99.0
473 485 -106.0
473 486 -107.0
473 487 -97.0
473 488 -104.0
473 490 -101.0
473 495 -100.0
473 499 -102.0
473 520 -103.0
473 521 -95.0
473 523 -101.0
473 524 -100.0
473 529 -101.0
473 535 -101.0
473 544 -109.0
473 547 -91.0
473 553 -101.0
473 556 -96.0
473 558 -99.0
473 562 -107.0
473 565 -95.0
473 570 -103.0
473 583 -103.0
473 589 -94.0
473 596 -101.0
473 597 -98.0
473 599 -101.0
473 600 -100.0
473 603 -101.0
473 604 -111.0
473 608 -92.0
473 609 -102.0
473 612 -108.0
473 620 -100.0
473 622 -95.0
473 632 -100.0
473 634 -95.0
473 636 -94.0
474 477 -100.0
474 481 -103.0
474 500 -95.0
474 501 -105.0
474 506 -103.0
474 512 -95.0
474 524 -99.0
474 534 -102.0
474 555 -83.0
474 556 -99.0
474 566 -106.0
474 568 -95.0
474 574 -96.0
474 582 -96.0
474 583 -98.0
474 584 -102.0
474 594 -96.0
474 597 -96.0
474 600 -99.0
474 603 -95.0
474 604 -98.0
474 606 -98.0
474 611 -104.0
474 613 -99.0
474 618 -104.0
474 625 -105.0
474 630 -95.0
474 631 -107.0
474 633 -101.0
475 482 -97.0
475 483 -92.0
475 485 -88.0
475 491 -100.0
475 502 -94.0
475 506 -97.0
475 507 -99.0
475 513 -98.0
475 516 -108.0
475 518 -98.0
475 521 -98.0
475 523 -103.0
475 524 -98.0
475 537 -101.0
475 553 -105.0
475 554 -85.0
475 555 -101.0
475 557 -93.0
475 559 -98.0
475 560 -99.0
475 563 -101.0
475 569 -91.0
475 580 -102.0
475 584 -97.0
475 585 -97.0
475 589 -97.0
475 592 -96.0
475 594 -99.0
475 597 -98.0
475 598 -109.0
475 605 -105.0
475 608 -104.0
475 623 -104.0
475 635 -106.0
476 482 -105.0
476 498 -103.0
476 508 -103.0
476 524 -100.0
476 529 -95.0
476 531 -104.0
476 532 -105.0
476 534 -101.0
476 535 -109.0
476 541 -105.0
476 542 -99.0
476 543 -95.0
476 549 -94.0
476 566 -93.0
476 576 -94.0
476 577 -93.0
476 579 -96.0
476 587 -103.0
476 589 -100.0
476 606 -100.0
476 610 -102.0
476 611 -98.0
476 617 -101.0
476 620 -100.0
476 629 -92.0
476 630 -100.0
476 637 -95.0
476 638 -89.0
476 640 -104.0
477 478 -99.0
477 488 -94.0
477 495 -97.0
477 497 -97.0
477 503 -94.0
477 505 -101.0
477 506 -105.0
477 513 -105.0
477 518 -101.0
477 522 -94.0
477 523 -98.0
477 532 -101.0
477 535 -99.0
477 536 -104.0
477 538 -95.0
477 540 -104.0
477 543 -97.0
477 544 -101.0
477 557 -94.0
477 558 -108.0
477 563 -96.0
477 565 -92.0
477 568 -109.0
477 584 -105.0
477 591 -110.0
477 594 -107.0
477 595 -98.0
477 597 -104.0
477 605 -92.0
477 610 -91.0
477 612 -101.0
477 613 -101.0
477 616 -96.0
477 618 -99.0
477 621 -94.0
477 631 -103.0
477 633 -104.0
477 634 -97.0
477 638 -92.0
478 482 -101.0
478 484 -98.0
478 492 -94.0
478 497 -103.0
478 500 -97.0
478 505 -94.0
478 509 -94.0
478 511 -95.0
478 514 -99.0
478 516 -105.0
478 523 -106.0
478 530 -94.0
478 535 -91.0
478 536 -96.0
478 548 -99.0
478 550 -103.0
478 552 -99.0
478 558 -95.0
478 561 -101.0
478 569 -103.0
478 571 -105.0
478 573 -98.0
478 580 -108.0
478 582 -96.0
478 606 -105.0
478 612 -96.0
478 635 -89.0
478 636 -95.0
479 482 -105.0
479 485 -99.0
479 504 -98.0
479 508 -101.0
479 512 -104.0
479 514 -101.0
479 517 -92.0
479 520 -105.0
479 522 -101.0
479 525 -94.0
479 528 -97.0
479 530 -102.0
479 540 -95.0
479 545 -110.0
479 546 -96.0
479 548 -109.0
479 556 -92.0
479 560 -103.0
479 561 -103.0
479 563 -95.0
479 565 -91.0
479 574 -89.0
479 575 -95.0
479 578 -98.0
479 595 -95.0
479 600 -94.0
479 602 -104.0
479 605 -103.0
479 607 -93.0
479 616 -106.0
479 617 -105.0
479 619 -101.0
479 627 -100.0
479 628 -99.0
479 629 -95.0
479 630 -99.0
479 637 -98.0
479 639 -100.0
480 494 -101.0
480 497 -100.0
480 499 -99.0
480 504 -98.0
480 508 -94.0
480 519 -100.0
480 520 -94.0
480 525 -91.0
480 534 -95.0
480 537 -105.0
480 543 -95.0
480 545 -101.0
480 547 -103.0
480 554 -106.0
480 558 -105.0
480 561 -102.0
480 572 -97.0
480 580 -104.0
480 587 -95.0
480 592 -93.0
480 593 -103.0
480 596 -91.0
480 602 -99.0
480 613 -92.0
480 616 -102.0
480 625 -95.0
480 626 -102.0
480 628 -99.0
480 635 -100.0
480 639 -105.0
481 485 -92.0
481 492 -103.0
481 494 -91.0
481 504 -97.0
481 509 -100.0
481 519 -97.0
481 523 -87.0
481 531 -98.0
481 534 -95.0
481 536 -95.0
481 539 -98.0
481 542 -102.0
481 548 -100.0
481 549 -103.0
481 551 -100.0
481 558 -105.0
481 578 -96.0
481 579 -95.0
481 590 -109.0
481 591 -108.0
481 594 -100.0
481 597 -102.0
481 600 -104.0
481 604 -100.0
481 605 -97.0
481 606 -108.0
481 607 -109.0
481 613 -94.0
481 617 -95.0
481 620 -95.0
481 623 -103.0
481 625 -102.0
481 626 -102.0
481 633 -95.0
481 637 -107.0
482 498 -98.0
482 500 -104.0
482 501 -104.0
482 508 -100.0
482 511 -88.0
482 514 -105.0
482 516 -91.0
482 520 -104.0
482 527 -105.0
482 533 -106.0
482 534 -98.0
482 536 -100.0
482 537 -99.0
482 539 -98.0
482 547 -100.0
482 549 -104.0
482 550 -100.0
482 554 -96.0
482 555 -97.0
482 556 -110.0
482 562 -96.0
482 566 -90.0
482 567 -93.0
482 573 -99.0
482 575 -94.0
482 580 -100.0
482 581 -103.0
482 582 -103.0
482 598 -100.0
482 601 -92.0
482 612 -96.0
482 620 -98.0
482 621 -104.0
482 627 -99.0
482 629 -95.0
483 484 -100.0
483 485 -103.0
483 486 -102.0
483 487 -99.0
483 489 -97.0
483 498 -100.0
483 515 -88.0
483 517 -100.0
483 519 -100.0
483 523 -108.0
483 526 -96.0
483 532 -105.0
483 534 -102.0
483 536 -99.0
483 537 -102.0
483 544 -96.0
483 546 -101.0
483 549 -100.0
483 553 -92.0
483 554 -93.0
483 559 -106.0
483 575 -86.0
483 577 -100.0
483 586 -110.0
483 588 -98.0
483 589 -103.0
483 609 -91.0
483 624 -106.0
483 632 -105.0
483 634 -96.0
483 635 -96.0
483 636 -93.0
484 487 -98.0
484 488 -106.0
484 492 -100.0
484 500 -104.0
484 504 -96.0
484 511 -107.0
484 517 -98.0
484 526 -96.0
484 531 -96.0
484 534 -102.0
484 539 -89.0
484 543 -99.0
484 546 -87.0
484 548 -104.0
484 555 -98.0
484 556 -104.0
484 558 -99.0
484 561 -93.0
484 568 -102.0
484 569 -109.0
484 584 -105.0
484 590 -101.0
484 591 -98.0
484 592 -103.0
484 602 -103.0
484 607 -101.0
484 609 -99.0
484 611 -97.0
484 617 -98.0
484 620 -106.0
484 622 -98.0
484 623 -99.0
484 624 -100.0
484 626 -101.0
484 630 -100.0
484 639 -101.0
485 493 -97.0
485 520 -103.0
485 526 -97.0
485 537 -88.0
485 541 -95.0
485 544 -99.0
485 545 -96.0
485 546 -94.0
485 549 -99.0
485 558 -99.0
485 559 -97.0
485 573 -95.0
485 580 -98.0
485 586 -93.0
485 589 -106.0
485 591 -97.0
485 593 -99.0
485 596 -90.0
485 597 -97.0
485 599 -101.0
485 602 -93.0
485 606 -111.0
485 611 -102.0
485 614 -92.0
485 622 -95.0
485 625 -104.0
485 640 -101.0
486 489 -107.0
486 497 -101.0
486 507 -102.0
486 510 -89.0
486 513 -97.0
486 516 -97.0
486 520 -111.0
486 522 -96.0
486 532 -100.0
486 534 -103.0
486 539 -104.0
486 540 -95.0
486 541 -104.0
486 542 -101.0
486 543 -102.0
486 554 -100.0
486 559 -91.0
486 564 -101.0
486 571 -113.0
486 573 -101.0
486 579 -89.0
486 585 -97.0
486 587 -99.0
486 588 -104.0
486 589 -102.0
486 591 -101.0
486 593 -106.0
486 594 -94.0
486 603 -93.0
486 613 -106.0
486 614 -108.0
486 616 -106.0
486 617 -104.0
486 618 -89.0
486 621 -96.0
486 624 -107.0
486 631 -99.0
486 638 -99.0
486 640 -105.0
487 489 -97.0
487 491 -101.0
487 501 -97.0
487 506 -96.0
487 511 -99.0
487 517 -103.0
487 527 -95.0
487 528 -100.0
487 539 -102.0
487 541 -90.0
487 543 -97.0
487 551 -98.0
487 557 -93.0
487 564 -101.0
487 567 -94.0
487 569 -107.0
487 570 -100.0
487 582 -107.0
487 586 -99.0
487 593 -93.0
487 599 -102.0
487 600 -99.0
487 601 -109.0
487 603 -101.0
487 612 -96.0
487 621 -102.0
487 625 -104.0
487 626 -100.0
487 627 -95.0
487 631 -106.0
487 633 -98.0
487 635 -91.0
487 639 -106.0
488 491 -99.0
488 500 -101.0
488 503 -100.0
488 506 -101.0
488 507 -95.0
488 511 -98.0
488 512 -103.0
488 513 -105.0
488 517 -103.0
488 521 -100.0
488 523 -97.0
488 524 -98.0
488 530 -102.0
488 532 -102.0
488 550 -98.0
488 551 -99.0
488 556 -93.0
488 558 -100.0
488 566 -98.0
488 567 -110.0
488 573 -98.0
488 574 -96.0
488 587 -95.0
488 589 -100.0
488 590 -106.0
488 594 -110.0
488 595 -107.0
488 600 -103.0
488 604 -94.0
488 607 -90.0
488 613 -100.0
488 616 -101.0
488 621 -103.0
488 628 -106.0
488 631 -88.0
488 634 -92.0
489 494 -93.0
489 497 -101.0
489 505 -102.0
489 508 -102.0
489 515 -102.0
489 519 -103.0
489 525 -100.0
489 534 -102.0
489 540 -98.0
489 542 -105.0
489 552 -107.0
489 558 -95.0
489 563 -101.0
489 570 -93.0
489 580 -95.0
489 583 -106.0
489 591 -105.0
489 603 -107.0
489 604 -101.0
489 605 -102.0
489 607 -104.0
489 613 -106.0
489 621 -94.0
489 623 -95.0
489 626 -88.0
489 627 -87.0
489 632 -106.0
489 634 -91.0
490 494 -100.0
490 499 -93.0
490 503 -108.0
490 504 -100.0
490 512 -108.0
490 514 -105.0
490 515 -98.0
490 524 -99.0
490 525 -105.0
490 535 -94.0
490 538 -104.0
490 543 -96.0
490 544 -95.0
490 549 -107.0
490 552 -100.0
490 554 -93.0
490 575 -101.0
490 579 -104.0
490 580 -102.0
490 582 -103.0
490 587 -100.0
490 588 -94.0
490 590 -101.0
490 591 -90.0
490 596 -98.0
490 600 -99.0
490 602 -100.0
490 604 -97.0
490 608 -92.0
490 610 -95.0
490 612 -97.0
490 614 -102.0
490 621 -104.0
490 627 -104.0
490 634 -103.0
490 640 -99.0
491 495 -100.0
491 499 -96.0
491 500 -101.0
491 503 -99.0
491 506 -92.0
491 517 -101.0
491 518 -100.0
491 532 -95.0
491 533 -97.0
491 547 -101.0
491 550 -97.0
491 559 -101.0
491 572 -96.0
491 573 -93.0
491 578 -101.0
491 594 -108.0
491 610 -102.0
491 612 -96.0
491 613 -93.0
491 616 -99.0
491 617 -98.0
491 621 -100.0
491 628 -101.0
491 635 -100.0
491 638 -101.0
491 640 -96.0
492 499 -96.0
492 505 -94.0
492 510 -94.0
492 515 -99.0
492 517 -103.0
492 519 -95.0
492 522 -103.0
492 551 -96.0
492 579 -95.0
492 582 -99.0
492 592 -93.0
492 593 -100.0
492 598 -95.0
492 613 -91.0
492 617 -111.0
492 622 -98.0
492 631 -104.0
492 637 -98.0
492 640 -101.0
493 497 -96.0
493 502 -91.0
493 511 -96.0
493 514 -94.0
493 519 -96.0
493 520 -100.0
493 522 -96.0
493 528 -103.0
493 534 -108.0
493 535 -110.0
493 541 -94.0
493 555 -104.0
493 558 -95.0
493 559 -102.0
493 561 -107.0
493 567 -101.0
493 575 -99.0
493 576 -98.0
493 578 -92.0
493 583 -105.0
493 591 -98.0
493 596 -106.0
493 597 -95.0
493 598 -97.0
493 600 -97.0
493 601 -103.0
493 609 -104.0
493 615 -98.0
493 618 -105.0
493 620 -107.0
493 627 -100.0
493 630 -105.0
493 631 -95.0
493 637 -97.0
494 496 -103.0
494 507 -101.0
494 511 -109.0
494 512 -102.0
494 517 -104.0
494 520 -94.0
494 521 -100.0
494 524 -95.0
494 525 -103.0
494 528 -104.0
494 530 -99.0
494 537 -96.0
494 538 -105.0
494 541 -106.0
494 544 -98.0
494 545 -92.0
494 547 -102.0
494 552 -99.0
494 555 -97.0
494 558 -105.0
494 560 -95.0
494 571 -102.0
494 572 -103.0
494 580 -101.0
494 587 -94.0
494 589 -103.0
494 596 -95.0
494 597 -105.0
494 600 -101.0
494 601 -93.0
494 606 -97.0
494 607 -100.0
494 608 -94.0
494 615 -101.0
494 619 -103.0
494 628 -99.0
494 630 -94.0
494 633 -98.0
495 501 -94.0
495 509 -105.0
495 510 -102.0
495 518 -97.0
495 522 -100.0
495 523 -102.0
495 527 -100.0
495 532 -103.0
495 547 -96.0
495 556 -96.0
495 567 -97.0
495 570 -115.0
495 574 -98.0
495 581 -96.0
495 584 -97.0
495 603 -97.0
495 607 -95.0
495 608 -90.0
495 614 -91.0
495 618 -93.0
495 635 -96.0
495 636 -101.0
495 637 -95.0
495 640 -104.0
496 498 -100.0
496 501 -96.0
496 503 -100.0
496 508 -99.0
496 510 -109.0
496 512 -91.0
496 515 -98.0
496 519 -99.0
496 523 -96.0
496 524 -98.0
496 536 -111.0
496 538 -93.0
496 540 -97.0
496 559 -97.0
496 564 -104.0
496 565 -101.0
496 566 -98.0
496 570 -94.0
496 589 -94.0
496 605 -103.0
496 606 -105.0
496 611 -97.0
496 615 -102.0
496 617 -102.0
496 625 -98.0
496 628 -102.0
496 629 -103.0
497 502 -105.0
497 513 -100.0
497 528 -101.0
497 531 -102.0
497 534 -94.0
497 537 -105.0
497 540 -98.0
497 543 -105.0
497 557 -103.0
497 558 -99.0
497 559 -95.0
497 563 -95.0
497 566 -102.0
497 574 -99.0
497 584 -96.0
497 585 -108.0
497 588 -99.0
497 595 -99.0
497 598 -97.0
497 601 -94.0
497 605 -105.0
497 606 -98.0
497 620 -97.0
497 623 -95.0
497 626 -101.0
497 627 -102.0
497 628 -97.0
497 629 -98.0
497 630 -104.0
497 636 -112.0
498 508 -86.0
498 519 -98.0
498 521 -102.0
498 534 -100.0
498 537 -101.0
498 539 -108.0
498 542 -101.0
498 551 -96.0
498 552 -106.0
498 561 -96.0
498 563 -94.0
498 576 -96.0
498 587 -95.0
498 591 -103.0
498 592 -97.0
498 595 -97.0
498 601 -92.0
498 606 -99.0
498 613 -96.0
498 615 -100.0
498 620 -96.0
498 624 -93.0
498 629 -110.0
498 630 -92.0
498 640 -103.0
499 502 -86.0
499 503 -93.0
499 504 -112.0
499 510 -91.0
499 512 -102.0
499 518 -98.0
499 519 -100.0
499 521 -104.0
499 523 -101.0
499 531 -92.0
499 534 -96.0
499 537 -99.0
499 552 -94.0
499 556 -94.0
499 566 -105.0
499 571 -94.0
499 572 -93.0
499 581 -90.0
499 582 -94.0
499 583 -105.0
499 586 -93.0
499 589 -109.0
499 590 -104.0
499 592 -101.0
499 595 -98.0
499 596 -104.0
499 597 -106.0
499 598 -110.0
499 601 -93.0
499 602 -100.0
499 610 -101.0
499 615 -105.0
499 623 -105.0
499 624 -90.0
499 626 -107.0
499 628 -94.0
499 640 -95.0
500 503 -96.0
500 506 -95.0
500 508 -102.0
500 511 -96.0
500 514 -100.0
500 515 -101.0
500 518 -98.0
500 519 -95.0
500 526 -95.0
500 533 -99.0
500 534 -101.0
500 540 -107.0
500 541 -102.0
500 544 -99.0
500 545 -96.0
500 549 -97.0
500 553 -99.0
500 557 -99.0
500 563 -104.0
500 572 -94.0
500 574 -104.0
500 575 -99.0
500 580 -93.0
500 583 -100.0
500 586 -102.0
500 588 -98.0
500 592 -103.0
500 594 -106.0
500 595 -98.0
500 598 -106.0
500 599 -89.0
500 605 -102.0
500 606 -101.0
500 610 -101.0
500 618 -105.0
500 622 -100.0
500 628 -95.0
500 635 -100.0
500 638 -86.0
500 640 -105.0
501 504 -94.0
501 511 -102.0
501 515 -92.0
501 529 -96.0
501 536 -101.0
501 539 -99.0
501 545 -99.0
501 546 -99.0
501 551 -98.0
501 553 -92.0
501 558 -90.0
501 563 -100.0
501 571 -99.0
501 574 -87.0
501 576 -94.0
501 578 -105.0
501 581 -97.0
501 582 -105.0
501 585 -97.0
501 587 -102.0
501 588 -106.0
501 595 -106.0
501 601 -98.0
501 603 -94.0
501 625 -96.0
501 638 -98.0
502 503 -96.0
502 505 -101.0
502 509 -93.0
502 513 -98.0
502 516 -92.0
502 520 -96.0
502 521 -102.0
502 522 -96.0
502 531 -102.0
502 536 -101.0
502 537 -102.0
502 539 -88.0
502 546 -97.0
502 550 -101.0
502 554 -91.0
502 556 -113.0
502 557 -95.0
502 560 -102.0
502 561 -94.0
502 562 -97.0
502 571 -99.0
502 572 -105.0
502 573 -105.0
502 574 -97.0
502 576 -96.0
502 577 -105.0
502 592 -102.0
502 593 -101.0
502 600 -95.0
502 604 -105.0
502 610 -99.0
502 612 -95.0
502 621 -98.0
502 626 -106.0
502 629 -91.0
502 633 -82.0
502 634 -89.0
502 638 -94.0
503 506 -96.0
503 514 -93.0
503 521 -103.0
503 524 -105.0
503 527 -88.0
503 535 -92.0
503 543 -104.0
503 547 -103.0
503 548 -101.0
503 550 -107.0
503 556 -98.0
503 564 -100.0
503 576 -98.0
503 579 -103.0
503 583 -96.0
503 593 -94.0
503 605 -92.0
503 614 -98.0
504 505 -103.0
504 514 -101.0
504 519 -94.0
504 523 -101.0
504 524 -92.0
504 527 -107.0
504 532 -106.0
504 533 -98.0
504 539 -96.0
504 540 -99.0
504 545 -99.0
504 547 -93.0
504 552 -105.0
504 559 -101.0
504 565 -99.0
504 576 -89.0
504 578 -105.0
504 579 -102.0
504 580 -96.0
504 595 -105.0
504 600 -93.0
504 602 -104.0
504 613 -106.0
504 620 -93.0
504 622 -98.0
504 639 -97.0
505 515 -95.0
505 528 -100.0
505 532 -93.0
505 534 -108.0
505 535 -103.0
505 538 -97.0
505 549 -101.0
505 559 -104.0
505 563 -97.0
505 575 -99.0
505 582 -103.0
505 585 -97.0
505 589 -107.0
505 593 -93.0
505 606 -102.0
505 608 -101.0
505 611 -101.0
505 615 -105.0
505 616 -96.0
505 618 -95.0
505 619 -101.0
505 624 -99.0
505 625 -97.0
505 629 -87.0
505 637 -104.0
506 507 -104.0
506 514 -103.0
506 517 -99.0
506 520 -96.0
506 527 -99.0
506 563 -105.0
506 568 -108.0
506 574 -99.0
506 581 -101.0
506 590 -98.0
506 599 -94.0
506 604 -92.0
506 611 -100.0
506 617 -105.0
506 618 -101.0
506 638 -101.0
506 640 -93.0
507 513 -95.0
507 517 -99.0
507 520 -96.0
507 521 -100.0
507 523 -101.0
507 525 -97.0
507 530 -95.0
507 553 -97.0
507 560 -104.0
507 561 -96.0
507 562 -92.0
507 564 -101.0
507 568 -93.0
507 574 -96.0
507 585 -106.0
507 587 -110.0
507 591 -99.0
507 598 -100.0
507 615 -102.0
507 621 -99.0
507 628 -97.0
507 639 -96.0
508 513 -102.0
508 515 -92.0
508 520 -98.0
508 525 -102.0
508 534 -107.0
508 539 -100.0
508 541 -97.0
508 544 -92.0
508 545 -101.0
508 551 -102.0
508 570 -96.0
508 571 -96.0
508 577 -103.0
508 581 -103.0
508 582 -101.0
508 585 -96.0
508 588 -95.0
508 590 -100.0
508 592 -99.0
508 593 -100.0
508 601 -101.0
508 615 -94.0
508 625 -90.0
508 628 -98.0
508 640 -98.0
509 514 -100.0
509 522 -96.0
509 525 -101.0
509 532 -106.0
509 534 -102.0
509 536 -92.0
509 537 -96.0
509 546 -102.0
509 549 -102.0
509 550 -104.0
509 552 -99.0
509 553 -85.0
509 554 -96.0
509 584 -93.0
509 585 -105.0
509 587 -100.0
509 591 -104.0
509 592 -96.0
509 594 -89.0
509 599 -100.0
509 605 -102.0
509 611 -98.0
509 621 -97.0
509 626 -96.0
509 627 -92.0
509 629 -99.0
509 633 -109.0
509 638 -98.0
510 515 -97.0
510 525 -101.0
510 528 -96.0
510 531 -95.0
510 532 -99.0
510 535 -92.0
510 536 -107.0
510 537 -91.0
510 538 -91.0
510 545 -93.0
510 546 -101.0
510 547 -99.0
510 548 -100.0
510 550 -97.0
510 557 -101.0
510 558 -98.0
510 559 -98.0
510 560 -101.0
510 561 -97.0
510 575 -94.0
510 581 -99.0
510 583 -96.0
510 589 -104.0
510 590 -96.0
510 598 -100.0
510 604 -99.0
510 605 -103.0
510 610 -98.0
510 612 -100.0
510 615 -101.0
510 624 -98.0
510 635 -107.0
511 513 -100.0
511 517 -100.0
511 518 -97.0
511 521 -93.0
511 523 -96.0
511 541 -98.0
511 543 -97.0
511 545 -97.0
511 547 -101.0
511 554 -101.0
511 555 -89.0
511 558 -104.0
511 560 -98.0
511 563 -98.0
511 564 -96.0
511 574 -104.0
511 578 -102.0
511 583 -99.0
511 595 -100.0
511 596 -99.0
511 602 -102.0
511 604 -105.0
511 611 -106.0
511 613 -107.0
511 627 -98.0
511 631 -97.0
511 635 -103.0
511 639 -93.0
512 515 -98.0
512 518 -96.0
512 523 -110.0
512 533 -99.0
512 544 -103.0
512 545 -105.0
512 550 -97.0
512 551 -103.0
512 555 -93.0
512 559 -101.0
512 560 -104.0
512 570 -91.0
512 573 -97.0
512 579 -102.0
512 584 -104.0
512 593 -99.0
512 594 -103.0
512 603 -97.0
512 607 -101.0
512 614 -86.0
512 623 -95.0
512 624 -98.0
512 628 -99.0
512 634 -103.0
512 639 -95.0
513 515 -96.0
513 521 -105.0
513 528 -93.0
513 534 -102.0
513 537 -100.0
513 540 -94.0
513 541 -105.0
513 548 -95.0
513 553 -105.0
513 557 -101.0
513 563 -104.0
513 567 -99.0
513 575 -99.0
513 587 -99.0
513 590 -105.0
513 600 -98.0
513 618 -102.0
513 621 -99.0
513 623 -101.0
513 636 -105.0
514 532 -101.0
514 547 -91.0
514 550 -93.0
514 551 -97.0
514 553 -90.0
514 559 -106.0
514 560 -91.0
514 563 -92.0
514 565 -98.0
514 569 -107.0
514 571 -101.0
514 583 -97.0
514 585 -100.0
514 587 -95.0
514 598 -90.0
514 600 -103.0
514 612 -101.0
514 616 -97.0
514 618 -101.0
514 619 -99.0
514 628 -103.0
514 638 -92.0
515 516 -101.0
515 518 -100.0
515 520 -97.0
515 521 -97.0
515 525 -98.0
515 528 -102.0
515 537 -104.0
515 545 -95.0
515 546 -101.0
515 547 -105.0
515 550 -100.0
515 557 -95.0
515 565 -95.0
515 573 -98.0
515 584 -95.0
515 588 -96.0
515 600 -90.0
515 601 -107.0
515 603 -111.0
515 608 -97.0
515 610 -98.0
515 613 -102.0
515 616 -103.0
515 625 -98.0
516 519 -105.0
516 529 -98.0
516 533 -103.0
516 536 -98.0
516 540 -103.0
516 541 -104.0
516 544 -105.0
516 560 -89.0
516 562 -96.0
516 576 -95.0
516 578 -100.0
516 584 -105.0
516 585 -100.0
516 587 -106.0
516 588 -103.0
516 606 -104.0
516 608 -97.0
516 609 -101.0
516 610 -107.0
516 620 -97.0
516 623 -95.0
516 628 -104.0
516 629 -101.0
516 632 -103.0
516 639 -99.0
517 520 -107.0
517 521 -98.0
517 523 -100.0
517 525 -105.0
517 531 -91.0
517 537 -95.0
517 539 -101.0
517 544 -101.0
517 554 -101.0
517 555 -98.0
517 556 -92.0
517 557 -102.0
517 558 -108.0
517 562 -96.0
517 566 -95.0
517 568 -105.0
517 574 -101.0
517 579 -90.0
517 585 -106.0
517 593 -100.0
517 598 -100.0
517 599 -99.0
517 607 -105.0
517 611 -94.0
517 622 -95.0
517 623 -104.0
517 624 -103.0
517 626 -96.0
517 635 -102.0
517 636 -97.0
517 639 -98.0
518 519 -107.0
518 522 -93.0
518 525 -100.0
518 526 -114.0
518 527 -103.0
518 532 -111.0
518 534 -102.0
518 546 -91.0
518 550 -92.0
518 552 -94.0
518 558 -102.0
518 559 -99.0
518 561 -95.0
518 564 -104.0
518 569 -100.0
518 570 -96.0
518 576 -91.0
518 587 -106.0
518 589 -103.0
518 591 -100.0
518 602 -90.0
518 607 -94.0
518 617 -102.0
518 618 -99.0
518 623 -101.0
518 632 -102.0
519 522 -98.0
519 524 -105.0
519 525 -102.0
519 526 -102.0
519 527 -101.0
519 529 -100.0
519 541 -98.0
519 544 -101.0
519 545 -96.0
519 546 -96.0
519 553 -98.0
519 555 -106.0
519 556 -99.0
519 557 -94.0
519 559 -101.0
519 564 -104.0
519 569 -103.0
519 579 -93.0
519 581 -98.0
519 582 -97.0
519 586 -107.0
519 589 -101.0
519 596 -106.0
519 600 -106.0
519 609 -98.0
519 610 -106.0
519 612 -92.0
519 639 -101.0
520 523 -96.0
520 530 -98.0
520 534 -96.0
520 538 -96.0
520 542 -97.0
520 545 -90.0
520 546 -100.0
520 548 -95.0
520 551 -102.0
520 552 -102.0
520 553 -102.0
520 555 -103.0
520 558 -96.0
520 560 -98.0
520 565 -101.0
520 569 -104.0
520 580 -102.0
520 582 -99.0
520 590 -104.0
520 594 -98.0
520 598 -96.0
520 601 -101.0
520 604 -96.0
520 613 -94.0
520 615 -104.0
520 622 -104.0
520 627 -92.0
520 640 -90.0
521 536 -103.0
521 540 -104.0
521 553 -97.0
521 555 -89.0
521 559 -109.0
521 561 -99.0
521 565 -102.0
521 568 -93.0
521 572 -105.0
521 579 -106.0
521 586 -94.0
521 592 -97.0
521 597 -98.0
521 599 -97.0
521 601 -100.0
521 606 -97.0
521 612 -105.0
521 622 -103.0
521 626 -93.0
521 631 -104.0
521 636 -101.0
521 639 -99.0
522 526 -101.0
522 538 -85.0
522 541 -96.0
522 550 -94.0
522 553 -96.0
522 559 -104.0
522 565 -97.0
522 566 -104.0
522 572 -103.0
522 591 -106.0
522 594 -104.0
522 597 -99.0
522 598 -95.0
522 605 -93.0
522 608 -96.0
522 624 -99.0
522 626 -102.0
522 629 -110.0
523 524 -99.0
523 533 -101.0
523 539 -109.0
523 542 -102.0
523 547 -94.0
523 548 -92.0
523 555 -106.0
523 557 -102.0
523 559 -97.0
523 571 -93.0
523 572 -105.0
523 573 -101.0
523 574 -103.0
523 576 -104.0
523 581 -102.0
523 589 -99.0
523 591 -101.0
523 594 -105.0
523 601 -96.0
523 604 -97.0
523 608 -97.0
523 613 -103.0
523 615 -100.0
523 617 -103.0
523 619 -103.0
523 622 -99.0
523 627 -95.0
523 634 -94.0
523 640 -98.0
524 531 -106.0
524 533 -98.0
524 535 -95.0
524 546 -97.0
524 547 -109.0
524 549 -92.0
524 552 -96.0
524 556 -91.0
524 569 -98.0
524 570 -99.0
524 571 -95.0
524 573 -99.0
524 578 -99.0
524 581 -96.0
524 582 -98.0
524 586 -100.0
524 591 -107.0
524 594 -99.0
524 596 -94.0
524 597 -102.0
524 603 -106.0
524 614 -96.0
524 634 -98.0
524 638 -100.0
525 529 -112.0
525 531 -100.0
525 535 -101.0
525 538 -96.0
525 541 -100.0
525 544 -93.0
525 558 -96.0
525 560 -97.0
525 562 -105.0
525 564 -99.0
525 578 -106.0
525 580 -100.0
525 582 -94.0
525 590 -95.0
525 593 -102.0
525 595 -107.0
525 602 -92.0
525 611 -87.0
525 621 -108.0
525 622 -98.0
525 623 -102.0
525 624 -92.0
525 633 -97.0
525 634 -95.0
525 637 -100.0
526 529 -95.0
526 534 -104.0
526 536 -102.0
526 547 -91.0
526 554 -105.0
526 563 -102.0
526 571 -94.0
526 575 -102.0
526 576 -99.0
526 584 -91.0
526 587 -86.0
526 594 -105.0
526 596 -106.0
526 598 -97.0
526 613 -95.0
526 617 -93.0
526 618 -98.0
526 622 -92.0
526 627 -94.0
526 633 -99.0
526 636 -96.0
526 638 -104.0
527 536 -102.0
527 538 -98.0
527 543 -103.0
527 551 -106.0
527 552 -105.0
527 553 -93.0
527 557 -83.0
527 561 -99.0
527 563 -101.0
527 568 -100.0
527 569 -103.0
527 577 -100.0
527 583 -100.0
527 592 -95.0
527 601 -95.0
527 603 -102.0
527 607 -101.0
527 613 -95.0
527 618 -95.0
527 625 -92.0
527 630 -98.0
528 529 -99.0
528 532 -108.0
528 534 -103.0
528 536 -105.0
528 538 -98.0
528 540 -101.0
528 545 -106.0
528 553 -97.0
528 557 -89.0
528 570 -97.0
528 574 -104.0
528 576 -109.0
528 580 -100.0
528 584 -110.0
528 589 -93.0
528 590 -98.0
528 592 -105.0
528 595 -94.0
528 596 -97.0
528 599 -101.0
528 601 -95.0
528 603 -89.0
528 608 -108.0
528 614 -98.0
528 627 -94.0
528 628 -96.0
528 629 -103.0
528 636 -100.0
528 637 -95.0
529 533 -103.0
529 535 -98.0
529 544 -101.0
529 548 -96.0
529 550 -103.0
529 552 -101.0
529 554 -100.0
529 560 -99.0
529 566 -95.0
529 568 -92.0
529 570 -107.0
529 577 -99.0
529 584 -99.0
529 590 -96.0
529 591 -93.0
529 594 -91.0
529 596 -98.0
529 597 -94.0
529 606 -97.0
529 609 -101.0
529 634 -110.0
529 640 -105.0
530 534 -92.0
530 544 -102.0
530 552 -101.0
530 557 -98.0
530 558 -105.0
530 560 -107.0
530 565 -98.0
530 569 -107.0
530 570 -105.0
530 572 -98.0
530 580 -99.0
530 581 -98.0
530 583 -96.0
530 596 -108.0
530 604 -101.0
530 614 -92.0
530 620 -104.0
530 628 -101.0
530 629 -107.0
530 633 -96.0
530 639 -98.0
531 533 -101.0
531 534 -90.0
531 541 -94.0
531 546 -94.0
531 549 -95.0
531 553 -103.0
531 556 -104.0
531 563 -102.0
531 566 -97.0
531 574 -99.0
531 576 -104.0
531 583 -93.0
531 584 -108.0
531 590 -97.0
531 601 -91.0
531 609 -98.0
531 612 -100.0
531 613 -100.0
531 615 -97.0
531 618 -100.0
531 620 -89.0
531 622 -99.0
531 634 -96.0
531 636 -103.0
531 637 -104.0
532 534 -108.0
532 540 -105.0
532 543 -99.0
532 546 -94.0
532 550 -102.0
532 564 -100.0
532 566 -106.0
532 569 -98.0
532 572 -106.0
532 573 -104.0
532 580 -94.0
532 588 -102.0
532 590 -106.0
532 594 -104.0
532 599 -110.0
532 603 -107.0
532 628 -104.0
532 629 -105.0
533 535 -101.0
533 536 -102.0
533 539 -101.0
533 541 -102.0
533 547 -83.0
533 549 -100.0
533 557 -91.0
533 565 -92.0
533 567 -108.0
533 587 -105.0
533 590 -101.0
533 595 -108.0
533 614 -97.0
533 615 -92.0
533 621 -106.0
533 623 -101.0
533 632 -101.0
533 633 -105.0
533 637 -103.0
534 535 -101.0
534 543 -101.0
534 554 -94.0
534 562 -100.0
534 568 -93.0
534 573 -104.0
534 578 -100.0
534 582 -101.0
534 586 -104.0
534 595 -96.0
534 600 -100.0
534 601 -93.0
534 603 -94.0
534 610 -98.0
534 615 -103.0
534 619 -97.0
534 620 -110.0
534 622 -92.0
534 628 -98.0
534 634 -97.0
534 635 -101.0
534 636 -103.0
535 536 -95.0
535 541 -105.0
535 544 -92.0
535 547 -110.0
535 552 -100.0
535 553 -101.0
535 560 -104.0
535 562 -111.0
535 570 -96.0
535 571 -103.0
535 572 -104.0
535 579 -98.0
535 585 -90.0
535 586 -97.0
535 588 -94.0
535 592 -102.0
535 598 -108.0
535 603 -99.0
535 604 -100.0
535 605 -102.0
535 606 -93.0
535 614 -105.0
535 619 -95.0
535 622 -101.0
535 625 -106.0
535 627 -103.0
535 629 -103.0
535 630 -96.0
535 636 -95.0
535 638 -103.0
535 639 -101.0
535 640 -105.0
536 539 -101.0
536 540 -102.0
536 550 -95.0
536 555 -106.0
536 565 -95.0
536 573 -96.0
536 575 -102.0
536 577 -102.0
536 583 -100.0
536 585 -103.0
536 587 -91.0
536 597 -98.0
536 598 -103.0
536 599 -104.0
536 602 -107.0
536 609 -98.0
536 626 -99.0
536 628 -100.0
536 639 -108.0
537 539 -105.0
537 540 -95.0
537 543 -93.0
537 553 -101.0
537 567 -99.0
537 571 -104.0
537 582 -106.0
537 596 -103.0
537 599 -107.0
537 606 -101.0
537 608 -101.0
537 614 -98.0
537 616 -101.0
537 618 -100.0
537 621 -102.0
537 628 -98.0
538 543 -98.0
538 552 -100.0
538 558 -97.0
538 559 -90.0
538 563 -105.0
538 564 -107.0
538 568 -109.0
538 569 -91.0
538 580 -94.0
538 586 -102.0
538 591 -109.0
538 593 -97.0
538 594 -103.0
538 595 -101.0
538 596 -94.0
538 597 -98.0
538 600 -107.0
538 602 -94.0
538 608 -107.0
538 615 -95.0
538 620 -93.0
538 623 -103.0
538 629 -97.0
538 635 -97.0
538 636 -102.0
538 639 -109.0
538 640 -108.0
539 557 -93.0
539 563 -100.0
539 564 -98.0
539 574 -94.0
539 578 -101.0
539 586 -96.0
539 587 -111.0
539 592 -100.0
539 609 -99.0
539 624 -92.0
539 626 -96.0
539 639 -101.0
540 543 -98.0
540 553 -110.0
540 557 -94.0
540 560 -92.0
540 561 -105.0
540 567 -103.0
540 578 -94.0
540 579 -101.0
540 591 -97.0
540 603 -99.0
540 614 -94.0
540 618 -101.0
540 620 -99.0
540 628 -90.0
540 632 -101.0
540 634 -105.0
540 639 -106.0
541 544 -98.0
541 551 -100.0
541 557 -91.0
541 559 -105.0
541 561 -109.0
541 592 -93.0
541 593 -101.0
541 604 -107.0
541 606 -102.0
541 610 -101.0
541 612 -97.0
541 618 -93.0
541 627 -109.0
541 633 -98.0
541 634 -88.0
542 544 -106.0
542 550 -99.0
542 551 -108.0
542 556 -105.0
542 561 -97.0
542 565 -87.0
542 568 -93.0
542 569 -102.0
542 571 -92.0
542 574 -105.0
542 576 -94.0
542 578 -97.0
542 582 -94.0
542 584 -106.0
542 590 -99.0
542 593 -101.0
542 594 -99.0
542 596 -101.0
542 598 -95.0
542 601 -109.0
542 602 -102.0
542 605 -97.0
542 610 -104.0
542 613 -98.0
542 614 -96.0
542 615 -101.0
542 625 -101.0
542 632 -108.0
542 635 -101.0
542 639 -95.0
543 544 -93.0
543 546 -95.0
543 547 -100.0
543 551 -93.0
543 555 -108.0
543 556 -102.0
543 565 -92.0
543 571 -94.0
543 576 -93.0
543 578 -95.0
543 581 -96.0
543 590 -95.0
543 593 -99.0
543 597 -102.0
543 598 -99.0
543 602 -97.0
543 608 -100.0
543 610 -102.0
543 611 -97.0
543 618 -100.0
543 628 -101.0
543 637 -104.0
544 550 -103.0
544 551 -92.0
544 554 -101.0
544 556 -109.0
544 558 -108.0
544 561 -99.0
544 565 -104.0
544 576 -99.0
544 578 -103.0
544 585 -100.0
544 587 -107.0
544 600 -105.0
544 607 -92.0
544 609 -95.0
544 630 -104.0
545 555 -103.0
545 559 -101.0
545 568 -103.0
545 580 -101.0
545 584 -103.0
545 588 -104.0
545 591 -100.0
545 594 -94.0
545 598 -101.0
545 603 -97.0
545 604 -102.0
545 609 -93.0
545 613 -97.0
545 617 -92.0
545 623 -108.0
545 628 -99.0
545 629 -104.0
546 548 -98.0
546 550 -98.0
546 555 -99.0
546 556 -95.0
546 557 -103.0
546 560 -103.0
546 565 -102.0
546 567 -97.0
546 572 -99.0
546 579 -87.0
546 587 -96.0
546 589 -98.0
546 596 -94.0
546 597 -101.0
546 607 -99.0
546 614 -93.0
546 615 -86.0
546 619 -99.0
546 622 -107.0
546 624 -103.0
546 629 -103.0
546 631 -104.0
546 632 -99.0
546 636 -107.0
546 637 -99.0
546 639 -94.0
547 549 -98.0
547 558 -96.0
547 566 -95.0
547 579 -99.0
547 593 -94.0
547 595 -106.0
547 600 -91.0
547 602 -99.0
547 603 -100.0
547 606 -96.0
547 609 -101.0
547 614 -105.0
547 615 -89.0
547 617 -104.0
547 619 -100.0
547 620 -105.0
547 621 -91.0
547 623 -98.0
547 624 -96.0
547 627 -103.0
547 628 -103.0
547 638 -100.0
547 640 -97.0
548 555 -98.0
548 556 -114.0
548 563 -100.0
548 565 -97.0
548 570 -92.0
548 574 -105.0
548 580 -95.0
548 588 -103.0
548 595 -91.0
548 597 -98.0
548 599 -94.0
548 604 -97.0
548 606 -103.0
548 608 -97.0
548 610 -97.0
548 613 -93.0
548 616 -96.0
548 617 -89.0
548 628 -102.0
548 631 -98.0
548 633 -104.0
549 556 -99.0
549 559 -82.0
549 560 -95.0
549 564 -104.0
549 568 -99.0
549 569 -103.0
549 576 -94.0
549 578 -103.0
549 583 -96.0
549 588 -101.0
549 596 -102.0
549 606 -97.0
549 609 -94.0
549 615 -99.0
549 622 -105.0
549 623 -111.0
549 624 -97.0
549 627 -93.0
549 629 -93.0
549 635 -93.0
549 636 -92.0
550 552 -93.0
550 561 -93.0
550 582 -97.0
550 589 -103.0
550 600 -104.0
550 604 -110.0
550 608 -101.0
550 611 -94.0
550 616 -95.0
550 622 -99.0
550 623 -94.0
550 626 -112.0
550 631 -96.0
550 633 -103.0
550 638 -106.0
551 558 -100.0
551 559 -99.0
551 566 -98.0
551 568 -101.0
551 578 -89.0
551 580 -105.0
551 587 -94.0
551 589 -97.0
551 594 -94.0
551 595 -102.0
551 604 -107.0
551 610 -93.0
551 614 -94.0
551 622 -109.0
551 624 -91.0
551 627 -92.0
551 632 -96.0
551 635 -100.0
551 637 -101.0
551 640 -100.0
552 556 -102.0
552 558 -100.0
552 562 -96.0
552 564 -88.0
552 568 -106.0
552 572 -106.0
552 574 -95.0
552 576 -96.0
552 580 -100.0
552 581 -90.0
552 583 -98.0
552 587 -104.0
552 590 -108.0
552 594 -101.0
552 595 -95.0
552 598 -111.0
552 603 -96.0
552 607 -95.0
552 608 -94.0
552 616 -96.0
552 622 -103.0
552 628 -90.0
552 629 -87.0
553 554 -96.0
553 556 -118.0
553 563 -99.0
553 565 -94.0
553 566 -95.0
553 570 -106.0
553 573 -105.0
553 579 -105.0
553 581 -96.0
553 589 -104.0
553 596 -101.0
553 600 -96.0
553 606 -94.0
553 607 -95.0
553 608 -97.0
553 613 -99.0
553 616 -93.0
553 618 -94.0
553 619 -108.0
553 621 -93.0
553 628 -101.0
553 632 -96.0
553 637 -99.0
553 640 -95.0
554 564 -111.0
554 570 -98.0
554 580 -106.0
554 581 -99.0
554 583 -96.0
554 586 -108.0
554 592 -96.0
554 597 -101.0
554 599 -100.0
554 600 -83.0
554 604 -101.0
554 605 -103.0
554 607 -100.0
554 608 -96.0
554 609 -106.0
554 611 -90.0
554 617 -93.0
554 620 -96.0
554 625 -101.0
554 626 -109.0
554 637 -101.0
555 561 -110.0
555 562 -110.0
555 575 -94.0
555 581 -105.0
555 594 -96.0
555 604 -105.0
555 606 -88.0
555 634 -96.0
555 636 -99.0
555 640 -98.0
556 560 -98.0
556 561 -105.0
556 564 -103.0
556 567 -94.0
556 568 -98.0
556 569 -92.0
556 570 -100.0
556 576 -92.0
556 578 -94.0
556 579 -103.0
556 585 -97.0
556 590 -106.0
556 591 -99.0
556 593 -103.0
556 597 -99.0
556 598 -99.0
556 601 -89.0
556 604 -97.0
556 606 -96.0
556 614 -99.0
556 617 -103.0
556 619 -97.0
556 638 -106.0
557 561 -104.0
557 565 -102.0
557 569 -102.0
557 588 -103.0
557 594 -96.0
557 604 -99.0
557 606 -102.0
557 614 -100.0
557 615 -90.0
557 624 -107.0
557 630 -103.0
557 637 -102.0
557 640 -85.0
558 559 -113.0
558 560 -99.0
558 565 -99.0
558 566 -99.0
558 570 -96.0
558 573 -100.0
558 574 -95.0
558 575 -102.0
558 577 -102.0
558 587 -105.0
558 605 -90.0
558 606 -98.0
558 607 -104.0
558 608 -97.0
558 609 -100.0
558 617 -102.0
558 622 -102.0
558 625 -100.0
558 632 -101.0
558 636 -99.0
558 639 -95.0
559 562 -95.0
559 563 -96.0
559 564 -105.0
559 575 -109.0
559 577 -100.0
559 582 -113.0
559 588 -104.0
559 591 -101.0
559 592 -110.0
559 599 -100.0
559 606 -82.0
559 607 -110.0
559 608 -91.0
559 611 -105.0
559 613 -98.0
559 623 -103.0
559 628 -100.0
559 631 -99.0
559 635 -102.0
559 636 -111.0
559 637 -95.0
559 638 -102.0
560 561 -110.0
560 569 -96.0
560 574 -106.0
560 586 -87.0
560 593 -102.0
560 594 -97.0
560 598 -103.0
560 599 -106.0
560 600 -106.0
560 601 -98.0
560 604 -95.0
560 626 -96.0
560 628 -90.0
560 636 -103.0
560 639 -97.0
561 562 -105.0
561 567 -102.0
561 577 -100.0
561 580 -93.0
561 582 -100.0
561 590 -103.0
561 594 -98.0
561 595 -89.0
561 597 -97.0
561 603 -108.0
561 605 -97.0
561 606 -100.0
561 608 -92.0
561 609 -99.0
561 615 -99.0
561 618 -106.0
561 620 -100.0
561 621 -100.0
561 624 -98.0
561 625 -101.0
561 628 -98.0
561 630 -101.0
561 636 -100.0
561 638 -99.0
561 639 -96.0
562 566 -104.0
562 567 -97.0
562 578 -96.0
562 580 -96.0
562 600 -95.0
562 601 -103.0
562 606 -98.0
562 607 -95.0
562 612 -96.0
562 617 -96.0
562 624 -105.0
562 626 -102.0
562 636 -103.0
562 639 -95.0
563 566 -101.0
563 575 -95.0
563 576 -111.0
563 587 -101.0
563 601 -104.0
563 604 -97.0
563 605 -105.0
563 608 -109.0
563 609 -99.0
563 613 -95.0
563 618 -98.0
563 623 -100.0
563 624 -100.0
563 630 -97.0
563 631 -101.0
563 638 -102.0
564 565 -96.0
564 568 -106.0
564 570 -100.0
564 571 -101.0
564 573 -94.0
564 576 -101.0
564 577 -99.0
564 584 -94.0
564 586 -89.0
564 598 -92.0
564 599 -97.0
564 600 -92.0
564 605 -97.0
564 612 -95.0
564 618 -115.0
564 620 -97.0
564 624 -91.0
564 632 -95.0
564 636 -103.0
565 567 -93.0
565 585 -104.0
565 589 -98.0
565 590 -108.0
565 592 -92.0
565 596 -103.0
565 601 -99.0
565 602 -100.0
565 610 -102.0
565 614 -101.0
565 617 -94.0
565 618 -101.0
565 625 -99.0
565 626 -101.0
565 629 -97.0
565 634 -100.0
565 638 -103.0
566 568 -96.0
566 575 -108.0
566 578 -96.0
566 581 -105.0
566 584 -109.0
566 589 -96.0
566 590 -98.0
566 591 -101.0
566 594 -101.0
566 597 -98.0
566 607 -95.0
566 612 -100.0
566 618 -107.0
566 627 -104.0
566 631 -100.0
566 633 -108.0
566 639 -90.0
567 569 -104.0
567 574 -103.0
567 581 -101.0
567 595 -95.0
567 608 -104.0
567 636 -98.0
567 638 -96.0
567 640 -95.0
568 572 -104.0
568 575 -91.0
568 578 -97.0
568 585 -101.0
568 595 -95.0
568 596 -95.0
568 598 -104.0
568 600 -97.0
568 601 -105.0
568 602 -100.0
568 607 -88.0
568 613 -96.0
568 614 -105.0
568 616 -90.0
568 617 -102.0
568 618 -102.0
568 626 -100.0
568 627 -105.0
569 570 -97.0
569 573 -93.0
569 574 -102.0
569 576 -110.0
569 579 -102.0
569 583 -101.0
569 593 -93.0
569 596 -104.0
569 597 -103.0
569 598 -95.0
569 602 -101.0
569 603 -107.0
569 605 -95.0
569 612 -105.0
569 617 -94.0
569 618 -99.0
569 620 -92.0
569 628 -111.0
569 635 -116.0
569 639 -105.0
570 589 -105.0
570 598 -101.0
570 610 -99.0
570 611 -101.0
570 620 -99.0
570 622 -101.0
570 623 -111.0
570 627 -97.0
570 629 -102.0
570 634 -100.0
570 635 -100.0
570 637 -97.0
570 638 -97.0
571 572 -96.0
571 573 -98.0
571 580 -106.0
571 581 -103.0
571 587 -98.0
571 589 -101.0
571 599 -95.0
571 603 -99.0
571 619 -107.0
571 627 -95.0
572 576 -109.0
572 579 -98.0
572 581 -98.0
572 586 -102.0
572 587 -100.0
572 592 -110.0
572 601 -101.0
572 602 -110.0
572 611 -95.0
572 613 -94.0
572 615 -97.0
572 618 -98.0
572 627 -110.0
572 628 -108.0
572 634 -97.0
572 636 -96.0
573 576 -101.0
573 581 -91.0
573 583 -97.0
573 593 -97.0
573 595 -104.0
573 599 -98.0
573 605 -100.0
573 608 -108.0
573 609 -94.0
573 610 -105.0
573 617 -97.0
573 621 -95.0
573 625 -98.0
573 638 -99.0
574 575 -103.0
574 578 -98.0
574 584 -100.0
574 606 -99.0
574 607 -103.0
574 609 -99.0
574 613 -96.0
574 614 -110.0
574 616 -107.0
574 619 -97.0
574 625 -101.0
574 629 -94.0
574 632 -92.0
574 633 -98.0
574 639 -100.0
575 577 -91.0
575 589 -94.0
575 596 -104.0
575 611 -110.0
575 612 -107.0
575 627 -97.0
575 631 -105.0
576 598 -100.0
576 606 -107.0
576 607 -105.0
576 612 -101.0
576 619 -107.0
576 622 -94.0
576 634 -101.0
576 637 -106.0
577 585 -102.0
577 587 -94.0
577 588 -96.0
577 591 -92.0
577 594 -108.0
577 600 -99.0
577 603 -93.0
577 607 -84.0
577 611 -101.0
577 614 -96.0
577 615 -103.0
577 616 -86.0
577 626 -96.0
577 627 -100.0
577 630 -97.0
577 631 -98.0
577 636 -94.0
578 584 -98.0
578 589 -103.0
578 590 -97.0
578 597 -100.0
578 598 -91.0
578 603 -88.0
578 604 -97.0
578 606 -104.0
578 615 -96.0
578 616 -96.0
578 617 -112.0
578 618 -103.0
578 621 -107.0
578 622 -99.0
578 623 -105.0
578 624 -105.0
578 626 -98.0
578 627 -99.0
579 582 -95.0
579 583 -109.0
579 590 -105.0
579 591 -94.0
579 592 -93.0
579 593 -105.0
579 594 -101.0
579 595 -97.0
579 600 -98.0
579 602 -107.0
579 611 -93.0
579 612 -104.0
579 617 -109.0
579 619 -101.0
579 628 -100.0
579 631 -99.0
579 632 -92.0
579 636 -103.0
579 638 -100.0
580 595 -103.0
580 603 -96.0
580 609 -97.0
580 620 -106.0
580 626 -94.0
580 632 -96.0
581 583 -100.0
581 586 -106.0
581 590 -101.0
581 592 -106.0
581 611 -99.0
581 619 -106.0
582 585 -91.0
582 589 -108.0
582 596 -101.0
582 598 -97.0
582 599 -101.0
582 603 -98.0
582 607 -93.0
582 611 -101.0
582 616 -101.0
582 622 -98.0
582 624 -97.0
582 625 -101.0
582 626 -94.0
582 631 -99.0
582 633 -99.0
582 636 -98.0
582 638 -96.0
582 639 -97.0
583 589 -99.0
583 591 -101.0
583 599 -101.0
583 602 -101.0
583 605 -102.0
583 620 -107.0
583 628 -98.0
583 629 -97.0
583 630 -92.0
583 631 -101.0
583 633 -102.0
583 635 -102.0
583 636 -106.0
583 638 -101.0
583 640 -97.0
584 586 -106.0
584 587 -103.0
584 592 -99.0
584 595 -94.0
584 596 -102.0
584 598 -98.0
584 600 -99.0
584 601 -99.0
584 610 -106.0
584 615 -91.0
584 621 -96.0
584 630 -109.0
584 632 -98.0
584 636 -102.0
584 638 -101.0
584 639 -100.0
585 594 -98.0
585 599 -103.0
585 604 -101.0
585 610 -97.0
585 612 -106.0
585 624 -106.0
585 626 -93.0
585 627 -107.0
585 635 -95.0
585 640 -101.0
586 591 -92.0
586 607 -92.0
586 610 -103.0
586 611 -96.0
586 617 -95.0
586 630 -93.0
586 631 -110.0
586 640 -100.0
587 591 -95.0
587 603 -107.0
587 604 -101.0
587 608 -94.0
587 615 -99.0
587 623 -104.0
587 624 -111.0
587 625 -100.0
587 627 -99.0
587 629 -92.0
587 631 -101.0
587 636 -96.0
587 637 -109.0
588 589 -103.0
588 591 -100.0
588 622 -99.0
588 626 -103.0
588 631 -110.0
588 632 -97.0
588 633 -86.0
588 639 -102.0
589 599 -100.0
589 600 -108.0
589 606 -91.0
589 616 -101.0
589 630 -106.0
589 636 -88.0
589 638 -94.0
590 599 -94.0
590 604 -102.0
590 607 -96.0
590 610 -98.0
590 611 -100.0
590 621 -97.0
590 626 -101.0
590 633 -101.0
591 596 -100.0
591 598 -102.0
591 604 -92.0
591 607 -98.0
591 613 -98.0
591 615 -91.0
591 618 -100.0
591 619 -96.0
591 625 -104.0
591 627 -94.0
591 631 -96.0
591 634 -99.0
592 602 -90.0
592 606 -98.0
592 608 -99.0
592 609 -103.0
592 611 -93.0
592 619 -100.0
592 622 -96.0
592 627 -108.0
592 628 -99.0
592 636 -103.0
592 638 -103.0
592 640 -107.0
593 597 -101.0
593 602 -91.0
593 608 -91.0
593 616 -99.0
593 619 -108.0
593 622 -103.0
593 624 -105.0
593 627 -93.0
593 628 -91.0
593 631 -96.0
593 632 -94.0
593 633 -95.0
594 596 -98.0
594 599 -97.0
594 604 -95.0
594 607 -97.0
594 611 -101.0
594 612 -100.0
594 613 -101.0
594 621 -93.0
595 598 -91.0
595 599 -98.0
595 603 -98.0
595 612 -103.0
595 619 -101.0
595 620 -91.0
595 629 -106.0
595 630 -103.0
596 605 -101.0
596 610 -103.0
596 615 -97.0
596 620 -99.0
597 602 -92.0
597 610 -97.0
597 611 -100.0
597 614 -98.0
597 621 -101.0
597 625 -102.0
597 626 -100.0
597 629 -105.0
598 616 -95.0
598 630 -101.0
598 635 -95.0
598 640 -100.0
599 610 -102.0
599 615 -104.0
599 617 -97.0
599 620 -111.0
599 625 -103.0
599 628 -101.0
599 632 -105.0
600 603 -98.0
600 611 -106.0
600 622 -105.0
600 625 -99.0
600 627 -92.0
600 628 -99.0
600 637 -104.0
600 638 -91.0
601 612 -92.0
601 621 -97.0
601 634 -106.0
602 604 -100.0
602 607 -93.0
602 612 -106.0
602 618 -91.0
602 626 -97.0
602 629 -99.0
602 630 -98.0
602 634 -109.0
603 614 -108.0
603 620 -104.0
603 623 -106.0
603 627 -96.0
603 628 -101.0
603 631 -97.0
603 637 -100.0
604 608 -108.0
604 609 -97.0
604 620 -104.0
604 624 -98.0
604 632 -96.0
604 636 -108.0
604 638 -103.0
605 606 -99.0
605 607 -96.0
605 610 -106.0
605 618 -102.0
605 619 -91.0
605 625 -98.0
605 628 -94.0
605 640 -102.0
606 611 -99.0
606 614 -99.0
606 619 -100.0
606 620 -109.0
606 623 -96.0
606 626 -96.0
606 630 -93.0
606 635 -100.0
606 636 -90.0
606 637 -96.0
606 639 -100.0
607 616 -100.0
607 618 -95.0
607 627 -94.0
607 628 -101.0
607 633 -99.0
607 634 -99.0
607 636 -112.0
607 640 -97.0
608 609 -97.0
608 616 -96.0
608 617 -97.0
608 618 -101.0
608 620 -98.0
608 628 -103.0
608 640 -96.0
609 610 -100.0
609 613 -102.0
609 615 -101.0
609 617 -107.0
609 618 -108.0
609 622 -102.0
609 626 -96.0
609 634 -102.0
609 638 -97.0
609 640 -87.0
610 614 -102.0
610 615 -100.0
610 622 -100.0
610 627 -96.0
610 632 -101.0
611 614 -108.0
611 628 -99.0
611 638 -100.0
611 639 -112.0
612 614 -102.0
612 619 -95.0
612 621 -104.0
612 629 -104.0
612 633 -92.0
613 615 -106.0
613 618 -109.0
613 619 -98.0
613 621 -110.0
613 636 -103.0
614 615 -95.0
614 616 -106.0
614 617 -100.0
614 625 -97.0
614 629 -94.0
614 630 -94.0
615 616 -108.0
615 623 -91.0
615 628 -99.0
615 632 -101.0
615 639 -106.0
616 618 -103.0
616 623 -100.0
616 632 -97.0
616 633 -107.0
617 618 -99.0
617 619 -98.0
617 621 -106.0
617 623 -95.0
617 626 -100.0
617 632 -93.0
618 626 -101.0
618 627 -98.0
618 630 -105.0
618 635 -90.0
619 620 -101.0
619 634 -104.0
620 622 -107.0
620 625 -103.0
620 627 -100.0
620 634 -106.0
620 636 -106.0
621 625 -96.0
621 634 -98.0
621 636 -104.0
622 625 -101.0
622 635 -97.0
623 626 -105.0
623 628 -100.0
623 630 -101.0
623 634 -101.0
623 635 -98.0
623 636 -95.0
623 637 -110.0
624 627 -106.0
624 629 -108.0
624 630 -101.0
625 628 -103.0
625 629 -102.0
625 630 -108.0
625 631 -101.0
625 636 -97.0
626 627 -104.0
626 631 -105.0
626 634 -97.0
626 638 -92.0
627 628 -94.0
627 629 -100.0
627 633 -99.0
628 632 -93.0
628 636 -100.0
628 640 -94.0
629 632 -103.0
629 635 -104.0
630 634 -88.0
630 639 -97.0
630 640 -94.0
631 632 -109.0
631 633 -103.0
632 638 -92.0
633 635 -98.0
633 640 -94.0
634 637 -103.0
634 639 -103.0
634 640 -92.0
635 637 -97.0
636 637 -98.0
