MULTICUT
103 420 -3.0
420 608 -3.0
342 608 -4.0
284 608 -3.0
342 688 -5.0
420 538 -3.0
224 538 -8.0
418 538 -3.0
342 436 -9.0
688 838 -5.0
538 790 -6.0
331 838 -5.0
545 790 -4.0
2 224 -10.0
2 371 -2.0
608 852 -6.0
371 645 -7.0
545 657 -1.0
332 608 -9.0
529 657 -4.0
103 963 -7.0
813 963 -10.0
400 790 -10.0
400 534 -4.0
418 724 -5.0
645 904 -5.0
230 342 -5.0
420 613 -3.0
730 838 -5.0
545 903 -1.0
608 679 -4.0
688 743 -10.0
230 638 -8.0
330 743 -2.0
332 777 -2.0
89 529 -3.0
26 224 -5.0
8 904 -7.0
89 540 -8.0
420 530 -10.0
230 893 -7.0
332 576 -5.0
103 933 -2.0
330 787 -10.0
613 909 -7.0
775 852 -9.0
418 715 -8.0
638 989 -7.0
581 777 -2.0
62 230 -3.0
356 371 -10.0
534 896 -4.0
790 860 -2.0
436 816 -3.0
103 475 -10.0
400 733 -8.0
851 896 -8.0
813 890 -10.0
342 559 -3.0
331 791 -6.0
506 852 -5.0
576 866 -9.0
530 615 -10.0
824 896 -6.0
793 903 -10.0
54 657 -3.0
194 436 -2.0
436 685 -5.0
62 133 -7.0
151 540 -4.0
736 890 -7.0
25 540 -10.0
893 960 -8.0
613 686 -2.0
25 165 -10.0
12 793 -9.0
187 581 -7.0
365 860 -3.0
475 611 -3.0
615 857 -3.0
25 694 -4.0
66 89 -3.0
62 129 -5.0
290 824 -6.0
224 742 -6.0
26 170 -9.0
712 933 -9.0
715 882 -6.0
153 608 -8.0
290 974 -7.0
87 170 -10.0
194 275 -5.0
585 793 -1.0
87 956 -1.0
712 759 -8.0
208 866 -1.0
115 813 -10.0
322 585 -7.0
279 933 -3.0
568 909 -6.0
286 724 -5.0
151 616 -3.0
667 838 -4.0
115 384 -3.0
144 712 -1.0
489 960 -1.0
12 328 -6.0
123 585 -10.0
115 556 -10.0
371 683 -10.0
431 851 -8.0
442 852 -6.0
642 903 -9.0
75 431 -3.0
662 777 -4.0
743 748 -6.0
129 853 -3.0
743 995 -3.0
619 775 -10.0
733 799 -2.0
167 686 -6.0
26 756 -10.0
28 342 -8.0
819 989 -1.0
611 649 -10.0
165 843 -6.0
505 638 -10.0
224 579 -1.0
852 912 -4.0
579 780 -10.0
305 538 -2.0
769 963 -1.0
38 475 -5.0
904 935 -1.0
331 598 -10.0
505 692 -1.0
63 328 -9.0
414 581 -2.0
359 777 -4.0
468 857 -6.0
649 970 -9.0
232 791 -2.0
204 284 -1.0
150 787 -7.0
133 749 -6.0
194 324 -1.0
657 938 -8.0
392 529 -6.0
16 611 -3.0
432 679 -7.0
792 912 -6.0
139 851 -3.0
151 554 -8.0
386 534 -6.0
210 468 -3.0
209 420 -2.0
163 775 -4.0
184 420 -5.0
36 115 -10.0
170 723 -9.0
25 134 -7.0
171 386 -1.0
228 742 -8.0
151 358 -5.0
338 649 -2.0
17 103 -3.0
122 956 -6.0
290 746 -8.0
80 777 -8.0
156 330 -7.0
418 706 -4.0
830 882 -9.0
151 907 -6.0
153 795 -10.0
123 964 -9.0
141 935 -4.0
353 938 -6.0
356 517 -1.0
144 867 -5.0
649 891 -4.0
903 958 -10.0
627 995 -4.0
443 759 -1.0
275 868 -7.0
392 702 -4.0
301 371 -2.0
142 706 -7.0
517 707 -6.0
443 880 -1.0
400 721 -5.0
150 152 -4.0
907 993 -1.0
141 677 -7.0
753 907 -1.0
25 78 -10.0
286 621 -10.0
14 769 -3.0
89 469 -8.0
873 896 -2.0
777 876 -8.0
384 763 -6.0
532 880 -7.0
366 853 -4.0
873 939 -8.0
153 173 -1.0
581 905 -8.0
290 528 -8.0
27 867 -6.0
74 715 -9.0
685 906 -3.0
134 323 -3.0
536 638 -7.0
283 868 -10.0
619 659 -3.0
483 775 -3.0
627 930 -2.0
505 758 -8.0
726 974 -2.0
374 743 -3.0
139 195 -2.0
498 838 -2.0
242 659 -4.0
323 865 -5.0
16 98 -1.0
19 867 -7.0
82 627 -2.0
426 585 -6.0
151 652 -4.0
700 795 -9.0
331 750 -8.0
24 305 -3.0
649 717 -8.0
141 747 -6.0
528 533 -3.0
587 964 -8.0
231 613 -6.0
804 989 -2.0
309 420 -3.0
34 692 -8.0
48 758 -6.0
331 682 -10.0
252 414 -1.0
137 906 -1.0
437 824 -8.0
252 788 -8.0
838 841 -7.0
596 683 -3.0
104 598 -10.0
156 375 -6.0
616 828 -9.0
30 151 -10.0
8 161 -10.0
208 770 -6.0
171 831 -8.0
611 983 -7.0
244 750 -4.0
450 700 -3.0
415 576 -9.0
153 920 -8.0
430 867 -2.0
182 384 -3.0
418 698 -10.0
67 384 -3.0
105 726 -4.0
243 638 -6.0
645 979 -4.0
156 422 -3.0
877 903 -5.0
677 950 -5.0
549 683 -9.0
54 337 -9.0
576 937 -6.0
693 893 -9.0
314 700 -1.0
2 254 -5.0
737 867 -6.0
155 204 -4.0
13 611 -9.0
137 512 -9.0
330 929 -4.0
129 567 -5.0
88 616 -6.0
530 884 -3.0
60 98 -3.0
634 907 -5.0
568 606 -3.0
274 813 -7.0
222 860 -7.0
110 167 -1.0
135 652 -9.0
642 991 -1.0
324 961 -6.0
40 960 -8.0
841 900 -2.0
610 970 -5.0
485 528 -9.0
637 904 -9.0
309 376 -10.0
697 903 -10.0
173 409 -5.0
675 694 -4.0
75 147 -9.0
432 729 -8.0
274 334 -8.0
75 614 -5.0
87 491 -1.0
244 617 -7.0
129 497 -1.0
121 418 -9.0
224 477 -9.0
529 689 -8.0
782 876 -3.0
556 808 -5.0
593 960 -7.0
150 441 -2.0
25 921 -3.0
661 737 -7.0
323 521 -8.0
497 917 -6.0
314 731 -6.0
604 900 -7.0
313 756 -6.0
327 485 -7.0
54 490 -7.0
112 554 -4.0
265 490 -6.0
94 731 -5.0
89 705 -9.0
62 349 -3.0
475 985 -2.0
927 956 -7.0
188 909 -4.0
429 792 -7.0
371 589 -10.0
432 887 -2.0
190 960 -9.0
227 530 -10.0
338 541 -7.0
31 188 -7.0
784 873 -3.0
17 251 -1.0
593 1000 -6.0
852 911 -10.0
442 515 -3.0
327 448 -4.0
176 581 -1.0
196 788 -3.0
521 547 -1.0
7 400 -5.0
627 902 -4.0
661 892 -9.0
349 488 -5.0
161 439 -1.0
630 956 -7.0
256 963 -1.0
379 598 -3.0
2 21 -10.0
81 450 -3.0
201 286 -3.0
326 331 -5.0
311 443 -2.0
426 552 -10.0
182 348 -2.0
194 607 -10.0
490 504 -4.0
24 126 -10.0
375 557 -1.0
549 720 -2.0
130 1000 -6.0
156 198 -9.0
126 189 -9.0
51 788 -7.0
15 40 -8.0
38 944 -9.0
296 819 -5.0
630 835 -5.0
159 170 -3.0
506 858 -1.0
115 250 -2.0
104 650 -1.0
471 763 -6.0
400 704 -8.0
350 630 -4.0
310 506 -10.0
38 181 -9.0
378 638 -1.0
302 541 -5.0
276 604 -5.0
529 672 -2.0
744 933 -8.0
661 714 -2.0
23 378 -6.0
379 452 -8.0
137 755 -6.0
51 674 -4.0
156 520 -5.0
271 679 -4.0
285 529 -4.0
22 489 -10.0
232 317 -5.0
155 765 -7.0
599 989 -3.0
589 592 -9.0
529 740 -6.0
581 987 -5.0
65 375 -4.0
429 957 -2.0
211 617 -10.0
251 564 -1.0
548 904 -5.0
22 981 -6.0
496 769 -3.0
271 722 -5.0
585 919 -1.0
52 865 -10.0
130 143 -7.0
443 588 -8.0
458 581 -3.0
104 500 -4.0
731 818 -3.0
240 694 -7.0
152 462 -6.0
155 282 -9.0
471 786 -4.0
687 790 -1.0
40 590 -4.0
427 505 -7.0
590 826 -3.0
828 916 -5.0
297 675 -3.0
165 253 -7.0
383 483 -10.0
425 877 -3.0
923 981 -6.0
206 593 -10.0
363 904 -2.0
254 660 -8.0
75 373 -5.0
468 894 -10.0
422 940 -2.0
90 788 -8.0
31 162 -1.0
62 809 -7.0
83 209 -10.0
258 604 -8.0
40 421 -4.0
382 750 -5.0
26 32 -7.0
114 852 -2.0
352 353 -4.0
406 937 -10.0
858 928 -4.0
534 591 -6.0
59 274 -8.0
499 920 -1.0
420 959 -3.0
97 742 -8.0
483 773 -3.0
292 488 -3.0
257 337 -7.0
409 934 -6.0
98 586 -4.0
733 815 -2.0
212 917 -2.0
551 627 -10.0
624 868 -7.0
816 943 -3.0
66 325 -2.0
336 547 -9.0
5 700 -2.0
21 463 -5.0
707 973 -5.0
524 541 -4.0
3 379 -6.0
676 780 -3.0
198 307 -6.0
63 915 -9.0
93 559 -3.0
415 525 -3.0
430 626 -2.0
370 882 -6.0
500 886 -2.0
266 383 -5.0
21 897 -6.0
58 944 -9.0
372 585 -10.0
551 600 -9.0
120 638 -5.0
328 412 -5.0
161 381 -3.0
417 426 -1.0
386 952 -4.0
725 950 -1.0
223 841 -5.0
68 692 -5.0
235 852 -9.0
507 964 -6.0
82 869 -1.0
242 664 -8.0
290 561 -3.0
327 566 -1.0
495 724 -4.0
356 711 -6.0
129 278 -1.0
669 917 -2.0
161 447 -1.0
858 998 -2.0
589 832 -2.0
377 540 -5.0
268 420 -6.0
532 602 -4.0
128 188 -9.0
326 423 -2.0
193 559 -3.0
234 979 -2.0
54 771 -8.0
416 919 -10.0
213 1000 -8.0
55 292 -10.0
183 685 -2.0
395 753 -9.0
79 763 -8.0
193 982 -7.0
750 870 -1.0
791 825 -4.0
873 975 -8.0
459 683 -10.0
792 992 -10.0
104 510 -2.0
512 622 -9.0
285 527 -2.0
148 409 -2.0
24 255 -1.0
544 702 -6.0
337 844 -8.0
252 778 -4.0
179 232 -3.0
108 619 -1.0
34 281 -1.0
754 887 -10.0
245 769 -1.0
447 454 -8.0
132 278 -8.0
289 337 -3.0
457 586 -7.0
650 671 -2.0
193 977 -5.0
177 923 -3.0
156 341 -9.0
433 627 -5.0
125 882 -1.0
700 803 -1.0
380 1000 -7.0
451 930 -8.0
55 411 -10.0
888 995 -9.0
801 873 -2.0
870 949 -2.0
384 741 -9.0
190 264 -4.0
861 921 -3.0
76 359 -10.0
77 171 -9.0
403 411 -4.0
422 710 -10.0
460 607 -5.0
620 892 -7.0
109 944 -7.0
37 499 -1.0
296 856 -2.0
562 921 -7.0
159 968 -10.0
278 739 -8.0
102 418 -3.0
606 802 -1.0
184 531 -7.0
82 239 -4.0
736 962 -8.0
163 595 -6.0
84 608 -9.0
432 847 -7.0
84 762 -9.0
668 809 -3.0
708 983 -1.0
91 747 -8.0
43 825 -2.0
565 911 -4.0
171 428 -6.0
272 896 -2.0
278 822 -9.0
201 849 -7.0
393 991 -1.0
106 606 -9.0
391 427 -4.0
587 872 -5.0
146 853 -1.0
643 649 -6.0
542 977 -5.0
97 202 -7.0
27 199 -6.0
140 660 -10.0
285 288 -4.0
358 996 -10.0
434 795 -3.0
283 636 -1.0
538 875 -1.0
12 480 -6.0
477 855 -7.0
537 808 -9.0
905 948 -8.0
515 653 -6.0
156 389 -5.0
334 563 -7.0
56 350 -7.0
543 852 -4.0
61 429 -6.0
516 675 -7.0
206 901 -2.0
151 221 -9.0
294 886 -6.0
200 742 -9.0
160 869 -7.0
656 835 -8.0
225 979 -2.0
461 606 -10.0
445 747 -4.0
172 251 -7.0
33 590 -3.0
24 455 -4.0
820 888 -1.0
164 906 -1.0
338 407 -8.0
387 544 -8.0
50 786 -9.0
468 878 -2.0
669 833 -7.0
687 810 -9.0
424 816 -3.0
303 746 -3.0
862 973 -2.0
259 403 -8.0
103 925 -2.0
84 440 -10.0
332 914 -2.0
553 676 -3.0
7 315 -4.0
68 260 -6.0
591 931 -1.0
216 711 -9.0
316 743 -7.0
547 951 -6.0
513 927 -8.0
283 947 -2.0
364 431 -9.0
399 773 -8.0
561 834 -6.0
20 667 -6.0
9 762 -3.0
975 976 -4.0
792 881 -9.0
151 340 -9.0
20 984 -6.0
172 238 -6.0
553 839 -10.0
257 492 -7.0
622 703 -9.0
93 757 -3.0
387 519 -8.0
193 474 -3.0
37 136 -10.0
275 503 -6.0
291 310 -10.0
667 691 -8.0
60 709 -8.0
320 488 -10.0
108 269 -1.0
558 855 -5.0
111 708 -1.0
33 486 -7.0
66 594 -4.0
274 969 -5.0
1 810 -7.0
347 991 -4.0
767 974 -8.0
696 878 -9.0
188 293 -10.0
49 904 -10.0
385 686 -1.0
28 848 -5.0
477 734 -1.0
358 673 -3.0
609 657 -4.0
39 210 -2.0
199 776 -1.0
405 424 -9.0
225 246 -10.0
633 657 -7.0
342 817 -3.0
31 501 -8.0
848 918 -1.0
295 775 -8.0
159 357 -2.0
89 467 -6.0
457 967 -8.0
419 931 -8.0
72 211 -8.0
402 692 -5.0
306 939 -6.0
6 627 -1.0
95 692 -4.0
186 877 -5.0
42 934 -1.0
278 997 -5.0
136 768 -8.0
392 986 -9.0
423 605 -9.0
681 919 -10.0
823 979 -3.0
696 885 -8.0
526 810 -10.0
169 692 -10.0
669 942 -3.0
532 603 -2.0
419 449 -2.0
683 972 -6.0
388 652 -7.0
468 772 -4.0
188 719 -2.0
70 815 -7.0
466 545 -4.0
8 635 -2.0
41 458 -3.0
266 751 -7.0
466 990 -3.0
147 631 -3.0
138 822 -6.0
169 518 -8.0
484 485 -7.0
26 270 -3.0
55 396 -4.0
48 859 -2.0
130 883 -9.0
467 508 -4.0
400 805 -2.0
275 988 -1.0
553 760 -8.0
273 786 -5.0
535 950 -8.0
76 701 -6.0
14 789 -5.0
199 640 -7.0
582 789 -4.0
44 602 -6.0
180 402 -2.0
493 501 -2.0
820 910 -3.0
850 933 -7.0
278 846 -10.0
776 827 -7.0
597 611 -3.0
81 446 -3.0
629 938 -8.0
69 890 -9.0
225 470 -5.0
333 992 -10.0
277 375 -8.0
369 707 -10.0
96 637 -8.0
226 326 -10.0
367 385 -1.0
3 713 -3.0
33 71 -5.0
321 683 -9.0
118 818 -8.0
357 807 -4.0
18 196 -5.0
578 592 -9.0
178 705 -7.0
833 999 -4.0
716 925 -2.0
191 200 -7.0
534 641 -8.0
611 994 -7.0
738 927 -3.0
688 735 -9.0
76 113 -6.0
149 715 -3.0
494 969 -5.0
630 690 -6.0
630 718 -10.0
1 175 -5.0
207 340 -1.0
299 610 -8.0
131 430 -7.0
107 375 -7.0
41 453 -6.0
611 761 -6.0
183 574 -7.0
674 913 -1.0
168 729 -6.0
413 869 -9.0
236 813 -8.0
124 536 -7.0
253 732 -3.0
218 738 -7.0
119 182 -10.0
98 479 -8.0
397 656 -6.0
563 625 -2.0
24 797 -1.0
45 923 -2.0
621 785 -4.0
166 753 -8.0
124 261 -6.0
473 688 -9.0
180 941 -9.0
130 601 -9.0
146 262 -10.0
558 845 -3.0
119 482 -4.0
27 287 -5.0
169 339 -5.0
649 783 -6.0
149 628 -7.0
774 845 -9.0
432 560 -8.0
206 502 -1.0
390 395 -8.0
292 953 -2.0
651 776 -8.0
275 728 -3.0
281 511 -8.0
64 975 -6.0
647 741 -2.0
185 810 -10.0
509 786 -6.0
304 930 -7.0
213 821 -9.0
588 889 -2.0
29 526 -7.0
358 766 -2.0
125 646 -8.0
694 980 -8.0
33 346 -1.0
456 621 -10.0
365 863 -2.0
663 877 -6.0
154 759 -6.0
99 949 -9.0
85 754 -9.0
408 791 -4.0
752 835 -4.0
570 751 -5.0
74 476 -2.0
464 909 -5.0
237 619 -1.0
115 623 -7.0
14 312 -5.0
695 748 -7.0
615 745 -8.0
552 966 -1.0
219 545 -6.0
343 562 -5.0
564 926 -6.0
94 798 -1.0
70 699 -4.0
539 937 -10.0
29 444 -9.0
522 878 -4.0
197 444 -6.0
203 731 -9.0
403 546 -1.0
730 954 -10.0
233 617 -8.0
572 593 -3.0
374 523 -9.0
571 756 -3.0
287 355 -8.0
471 481 -5.0
148 829 -5.0
766 779 -6.0
10 626 -9.0
812 894 -10.0
114 472 -1.0
46 327 -7.0
397 398 -6.0
247 985 -8.0
47 608 -8.0
207 280 -1.0
435 737 -7.0
267 656 -2.0
654 738 -3.0
528 569 -7.0
369 438 -6.0
253 298 -1.0
87 401 -7.0
704 864 -7.0
449 764 -5.0
207 612 -4.0
229 916 -7.0
525 577 -7.0
447 583 -5.0
194 368 -9.0
144 800 -4.0
127 679 -8.0
249 878 -7.0
101 322 -10.0
57 893 -3.0
139 978 -7.0
665 890 -8.0
93 573 -1.0
345 848 -9.0
908 993 -1.0
46 648 -9.0
116 119 -9.0
404 830 -1.0
263 322 -7.0
11 515 -10.0
215 930 -5.0
652 814 -2.0
124 318 -5.0
345 632 -5.0
192 630 -10.0
308 598 -4.0
62 971 -7.0
483 550 -6.0
461 796 -3.0
140 794 -4.0
575 770 -4.0
774 871 -3.0
836 882 -10.0
457 922 -7.0
410 825 -4.0
655 674 -1.0
220 311 -10.0
35 371 -9.0
69 584 -5.0
459 465 -4.0
27 214 -4.0
86 671 -3.0
198 854 -7.0
21 898 -4.0
742 811 -8.0
640 680 -2.0
319 403 -1.0
321 361 -4.0
92 148 -6.0
354 743 -1.0
300 346 -3.0
224 644 -8.0
549 580 -5.0
237 487 -6.0
117 868 -4.0
288 684 -2.0
241 844 -7.0
118 946 -2.0
271 899 -2.0
100 592 -3.0
251 874 -5.0
578 932 -6.0
54 806 -4.0
768 837 -7.0
205 369 -3.0
462 781 -7.0
42 248 -5.0
217 627 -9.0
157 214 -9.0
727 784 -5.0
666 765 -8.0
514 972 -7.0
351 838 -6.0
17 362 -7.0
766 842 -4.0
53 907 -3.0
474 955 -10.0
643 945 -8.0
173 335 -5.0
456 924 -10.0
174 208 -9.0
73 675 -7.0
340 895 -4.0
31 639 -1.0
840 894 -5.0
410 965 -3.0
344 587 -4.0
4 248 -7.0
405 478 -2.0
555 799 -4.0
495 936 -10.0
394 559 -10.0
569 678 -6.0
145 462 -10.0
360 872 -9.0
670 843 -1.0
658 665 -7.0
329 422 -7.0
618 835 -5.0
158 575 -4.0
686 879 -8.0
657 862 -10.0
86 822 -3.0
717 788 -10.0
142 154 -5.0
596 912 -3.0
72 658 -9.0
12 219 -4.0
36 394 -5.0
147 594 -9.0
281 547 -3.0
613 890 -7.0
186 479 -8.0
976 985 -7.0
62 489 -3.0
255 839 -1.0
417 599 -9.0
605 632 -4.0
90 817 -7.0
37 597 -4.0
4 199 -9.0
216 930 -4.0
156 237 -1.0
351 719 -4.0
669 886 -3.0
476 787 -3.0
116 614 -2.0
582 933 -1.0
31 213 -9.0
141 638 -2.0
111 724 -10.0
337 542 -8.0
681 756 -6.0
80 652 -9.0
298 913 -4.0
470 507 -6.0
16 803 -3.0
501 660 -10.0
659 680 -7.0
390 588 -6.0
150 270 -10.0
556 561 -5.0
699 841 -10.0
125 625 -3.0
672 771 -6.0
170 644 -7.0
213 708 -5.0
315 424 -4.0
440 863 -7.0
57 769 -5.0
250 982 -9.0
50 906 -7.0
112 749 -1.0
77 680 -10.0
224 869 -9.0
415 596 -9.0
190 588 -3.0
697 794 -3.0
843 906 -7.0
518 604 -8.0
77 575 -8.0
156 257 -8.0
109 254 -2.0
519 521 -3.0
725 795 -9.0
427 445 -4.0
605 682 -9.0
28 663 -9.0
195 667 -10.0
815 927 -9.0
685 858 -10.0
610 767 -9.0
157 558 -7.0
433 677 -7.0
231 842 -2.0
125 816 -1.0
129 678 -1.0
680 980 -2.0
256 557 -8.0
275 399 -9.0
429 637 -7.0
888 942 -4.0
524 585 -1.0
294 640 -5.0
71 890 -3.0
246 651 -5.0
6 844 -1.0
122 275 -9.0
453 507 -3.0
496 637 -6.0
708 850 -1.0
227 374 -3.0
500 789 -9.0
109 251 -7.0
93 497 -1.0
538 764 -5.0
214 613 -9.0
240 521 -10.0
490 604 -4.0
451 788 -9.0
62 612 -9.0
327 414 -6.0
107 973 -3.0
159 947 -3.0
289 565 -7.0
785 992 -1.0
321 936 -6.0
344 353 -4.0
135 920 -3.0
174 290 -5.0
6 540 -10.0
565 573 -7.0
303 764 -7.0
911 932 -3.0
32 449 -7.0
218 1000 -4.0
95 529 -10.0
431 829 -8.0
398 866 -10.0
162 654 -10.0
504 940 -10.0
809 930 -10.0
817 903 -1.0
165 204 -4.0
417 544 -1.0
76 438 -3.0
36 953 -3.0
794 847 -7.0
394 631 -1.0
360 631 -10.0
67 623 -9.0
832 867 -2.0
36 150 -7.0
289 929 -10.0
56 549 -1.0
314 695 -9.0
264 930 -3.0
5 544 -8.0
532 964 -6.0
145 597 -10.0
301 925 -2.0
754 960 -10.0
545 830 -3.0
147 286 -9.0
362 724 -10.0
21 174 -9.0
47 999 -10.0
822 837 -10.0
2 25 -7.0
766 863 -6.0
733 836 -4.0
47 839 -3.0
60 688 -10.0
248 654 -10.0
898 973 -6.0
645 669 -5.0
12 21 -9.0
420 785 -1.0
716 743 -4.0
174 639 -7.0
84 937 -2.0
145 489 -9.0
316 778 -5.0
322 440 -5.0
47 456 -8.0
26 963 -4.0
648 901 -6.0
357 560 -6.0
593 651 -9.0
250 845 -6.0
263 802 -8.0
530 570 -6.0
398 818 -5.0
393 754 -4.0
806 856 -6.0
55 138 -8.0
867 871 -8.0
200 511 -6.0
160 568 -3.0
526 814 -3.0
5 876 -2.0
80 785 -8.0
19 831 -2.0
177 571 -3.0
650 984 -1.0
148 514 -7.0
446 664 -2.0
25 394 -3.0
405 610 -10.0
253 958 -2.0
9 342 -2.0
348 453 -8.0
372 654 -6.0
367 679 -1.0
434 931 -5.0
280 404 -5.0
443 920 -10.0
692 728 -8.0
743 951 -6.0
263 536 -7.0
475 992 -4.0
605 666 -1.0
278 333 -7.0
232 907 -1.0
191 663 -1.0
293 756 -7.0
844 906 -2.0
272 735 -8.0
814 955 -9.0
178 390 -7.0
474 886 -2.0
117 340 -3.0
83 790 -9.0
91 402 -8.0
289 683 -6.0
104 789 -5.0
669 972 -3.0
436 580 -8.0
46 583 -10.0
94 133 -1.0
59 66 -3.0
679 687 -5.0
259 954 -9.0
799 804 -10.0
458 619 -2.0
826 942 -10.0
66 836 -3.0
402 696 -10.0
768 803 -7.0
831 967 -10.0
653 813 -10.0
597 676 -7.0
612 930 -9.0
542 626 -7.0
178 710 -6.0
724 742 -5.0
418 525 -6.0
312 850 -8.0
194 369 -9.0
618 765 -5.0
265 557 -3.0
326 907 -2.0
275 322 -7.0
204 845 -5.0
278 806 -7.0
94 774 -2.0
53 188 -7.0
595 742 -10.0
543 545 -9.0
655 845 -8.0
559 983 -5.0
482 671 -3.0
360 465 -6.0
362 396 -9.0
32 205 -3.0
535 839 -1.0
315 723 -4.0
96 423 -5.0
179 781 -10.0
215 437 -7.0
463 930 -10.0
331 974 -7.0
365 589 -8.0
74 371 -3.0
234 876 -1.0
518 739 -7.0
321 380 -9.0
246 410 -4.0
107 181 -5.0
1 182 -4.0
347 579 -2.0
273 781 -9.0
790 869 -8.0
190 317 -10.0
106 935 -9.0
95 466 -8.0
141 229 -2.0
447 510 -8.0
248 523 -10.0
192 947 -9.0
127 426 -1.0
229 659 -6.0
319 629 -6.0
228 411 -7.0
459 857 -6.0
27 501 -8.0
567 886 -7.0
18 886 -5.0
173 887 -5.0
22 259 -4.0
31 357 -7.0
531 976 -7.0
189 734 -2.0
217 378 -9.0
802 834 -3.0
358 750 -3.0
981 996 -5.0
247 372 -3.0
352 718 -10.0
220 610 -1.0
832 836 -2.0
83 768 -5.0
268 333 -5.0
218 415 -2.0
202 664 -3.0
150 512 -8.0
720 868 -6.0
352 913 -4.0
139 572 -8.0
197 503 -6.0
592 989 -8.0
78 186 -3.0
374 430 -8.0
981 984 -6.0
417 784 -10.0
250 904 -2.0
99 906 -4.0
497 750 -8.0
788 819 -5.0
5 430 -3.0
126 390 -8.0
160 320 -5.0
675 906 -1.0
39 630 -9.0
585 835 -5.0
46 896 -10.0
334 500 -1.0
513 750 -8.0
350 443 -4.0
33 246 -3.0
807 814 -7.0
467 611 -3.0
30 763 -2.0
95 539 -7.0
396 645 -7.0
162 436 -2.0
401 617 -10.0
70 593 -8.0
493 497 -7.0
751 757 -3.0
176 359 -8.0
977 982 -9.0
526 874 -7.0
6 786 -3.0
82 133 -9.0
498 916 -10.0
461 947 -6.0
218 815 -1.0
406 544 -3.0
109 797 -6.0
159 631 -3.0
913 921 -10.0
483 921 -1.0
283 979 -3.0
84 573 -9.0
424 740 -3.0
93 521 -10.0
5 998 -3.0
5 874 -7.0
136 876 -8.0
362 826 -5.0
248 378 -10.0
417 764 -6.0
47 671 -10.0
509 717 -10.0
168 834 -4.0
73 795 -4.0
257 387 -7.0
499 817 -6.0
11 478 -4.0
234 406 -4.0
907 909 -3.0
402 601 -3.0
352 731 -9.0
25 175 -9.0
705 755 -7.0
107 537 -4.0
198 574 -1.0
61 75 -2.0
488 682 -9.0
487 770 -2.0
554 938 -2.0
357 409 -10.0
328 774 -10.0
99 120 -6.0
220 639 -10.0
19 827 -6.0
264 804 -6.0
418 559 -9.0
236 928 -5.0
257 753 -5.0
356 413 -2.0
441 955 -1.0
151 777 -10.0
709 897 -5.0
5 404 -7.0
594 683 -10.0
25 281 -3.0
407 656 -1.0
411 945 -2.0
766 928 -4.0
681 870 -2.0
58 512 -9.0
362 478 -3.0
617 652 -8.0
288 757 -5.0
104 337 -6.0
186 373 -7.0
167 613 -10.0
57 446 -5.0
418 934 -8.0
170 368 -2.0
105 356 -8.0
336 813 -1.0
192 831 -5.0
283 944 -10.0
565 723 -2.0
383 668 -5.0
172 932 -5.0
105 262 -9.0
56 907 -10.0
482 1000 -1.0
250 714 -2.0
838 988 -1.0
526 803 -10.0
95 852 -6.0
114 706 -2.0
151 950 -6.0
894 960 -1.0
12 229 -4.0
45 834 -1.0
545 690 -1.0
544 845 -10.0
212 988 -4.0
101 578 -5.0
443 699 -7.0
751 956 -3.0
406 775 -3.0
85 956 -7.0
243 934 -9.0
324 635 -4.0
366 786 -6.0
658 907 -7.0
265 311 -10.0
283 584 -3.0
952 993 -3.0
245 304 -8.0
574 811 -10.0
174 409 -1.0
205 516 -1.0
212 728 -3.0
786 881 -10.0
611 614 -3.0
38 182 -7.0
652 667 -3.0
505 761 -7.0
147 983 -4.0
121 514 -9.0
469 605 -10.0
182 648 -8.0
452 846 -10.0
56 843 -7.0
475 997 -6.0
279 798 -9.0
315 672 -7.0
479 848 -3.0
244 921 -9.0
264 561 -8.0
368 733 -9.0
585 942 -5.0
307 752 -3.0
56 711 -2.0
594 856 -7.0
794 801 -3.0
515 683 -4.0
431 961 -9.0
27 834 -6.0
529 698 -6.0
95 222 -7.0
676 799 -8.0
315 680 -7.0
12 493 -7.0
204 262 -4.0
117 634 -4.0
360 427 -10.0
23 955 -10.0
186 344 -5.0
65 150 -2.0
67 127 -6.0
949 992 -7.0
634 790 -2.0
449 912 -6.0
364 813 -9.0
707 727 -5.0
490 759 -4.0
47 627 -3.0
958 976 -7.0
25 37 -9.0
467 715 -4.0
322 691 -2.0
250 569 -1.0
170 570 -5.0
395 701 -1.0
143 942 -5.0
309 897 -1.0
161 224 -5.0
400 779 -3.0
357 479 -6.0
511 687 -8.0
10 567 -1.0
660 839 -5.0
325 687 -1.0
361 720 -5.0
707 828 -4.0
298 369 -4.0
394 580 -6.0
402 798 -8.0
472 944 -5.0
300 390 -6.0
553 880 -10.0
689 962 -2.0
340 353 -4.0
46 383 -9.0
182 484 -3.0
126 924 -8.0
14 285 -6.0
94 843 -2.0
893 987 -8.0
677 839 -7.0
132 428 -6.0
299 426 -2.0
420 744 -1.0
964 969 -4.0
705 919 -1.0
675 749 -5.0
568 882 -1.0
131 957 -4.0
244 943 -1.0
817 923 -3.0
119 279 -3.0
10 229 -4.0
394 947 -1.0
626 761 -9.0
402 952 -4.0
16 265 -3.0
106 171 -1.0
889 993 -7.0
13 489 -6.0
134 515 -2.0
591 981 -6.0
406 615 -10.0
49 214 -3.0
97 232 -1.0
661 930 -3.0
255 812 -6.0
326 927 -10.0
237 967 -6.0
518 572 -10.0
670 700 -6.0
163 849 -3.0
577 731 -9.0
66 824 -8.0
769 951 -3.0
497 738 -6.0
350 978 -9.0
267 975 -8.0
2 822 -4.0
568 787 -9.0
6 554 -1.0
456 860 -5.0
501 949 -6.0
230 732 -1.0
257 926 -3.0
809 977 -9.0
391 654 -9.0
325 947 -5.0
652 945 -2.0
665 792 -5.0
531 979 -4.0
613 789 -7.0
312 738 -10.0
228 543 -10.0
128 939 -1.0
180 727 -2.0
292 885 -5.0
19 263 -10.0
111 758 -4.0
460 879 -7.0
394 961 -4.0
102 877 -9.0
20 977 -4.0
72 517 -7.0
390 701 -2.0
319 687 -1.0
350 985 -8.0
836 860 -3.0
95 678 -5.0
156 464 -5.0
539 609 -8.0
184 249 -6.0
879 959 -4.0
411 947 -9.0
647 805 -4.0
631 763 -5.0
48 196 -2.0
130 684 -4.0
833 838 -4.0
14 856 -6.0
336 410 -7.0
441 647 -7.0
43 896 -9.0
642 921 -6.0
509 585 -8.0
31 99 -10.0
133 485 -5.0
461 596 -6.0
486 670 -2.0
67 465 -2.0
308 962 -4.0
96 765 -3.0
388 933 -9.0
868 880 -6.0
432 667 -2.0
94 333 -5.0
311 926 -1.0
196 628 -9.0
671 850 -7.0
82 283 -6.0
456 499 -6.0
358 696 -9.0
705 891 -1.0
251 494 -5.0
153 381 -6.0
927 960 -10.0
452 478 -2.0
32 945 -3.0
358 455 -9.0
597 701 -10.0
752 932 -6.0
173 671 -2.0
168 617 -6.0
728 861 -7.0
138 543 -5.0
592 883 -4.0
26 253 -4.0
246 413 -3.0
606 740 -6.0
78 789 -2.0
715 892 -4.0
123 370 -8.0
235 952 -8.0
489 848 -9.0
74 584 -7.0
132 269 -7.0
849 892 -6.0
527 541 -7.0
48 521 -9.0
471 911 -8.0
284 472 -3.0
165 954 -7.0
210 279 -4.0
146 854 -7.0
801 912 -7.0
183 243 -9.0
281 459 -6.0
413 875 -9.0
316 475 -8.0
340 359 -5.0
179 403 -9.0
450 543 -4.0
628 892 -4.0
513 576 -10.0
594 602 -10.0
124 873 -8.0
783 956 -8.0
200 644 -1.0
351 544 -10.0
175 774 -5.0
206 957 -8.0
73 197 -8.0
230 851 -7.0
435 631 -1.0
244 558 -1.0
227 337 -7.0
428 849 -8.0
58 329 -6.0
688 739 -10.0
769 786 -8.0
715 968 -6.0
519 580 -4.0
186 836 -5.0
93 326 -6.0
316 580 -7.0
744 828 -5.0
36 76 -2.0
708 972 -3.0
725 877 -2.0
7 643 -1.0
568 994 -2.0
62 309 -3.0
98 537 -9.0
431 625 -3.0
280 881 -10.0
55 587 -8.0
490 956 -8.0
581 688 -10.0
192 987 -5.0
137 909 -5.0
490 501 -2.0
580 882 -7.0
523 776 -6.0
28 602 -8.0
235 402 -7.0
442 907 -1.0
250 329 -5.0
241 928 -4.0
72 942 -3.0
493 915 -8.0
237 249 -4.0
202 353 -7.0
282 454 -7.0
31 104 -1.0
235 753 -3.0
780 917 -5.0
149 395 -3.0
624 987 -3.0
425 474 -10.0
371 728 -8.0
455 894 -7.0
855 929 -2.0
583 927 -7.0
35 559 -4.0
100 410 -2.0
205 941 -2.0
381 987 -2.0
318 659 -3.0
1 13 -6.0
107 576 -6.0
333 606 -3.0
706 732 -4.0
94 203 -5.0
521 887 -8.0
210 883 -9.0
34 718 -4.0
784 832 -9.0
510 683 -1.0
221 265 -5.0
89 905 -7.0
72 111 -9.0
207 611 -9.0
471 696 -7.0
78 745 -2.0
147 568 -9.0
886 937 -8.0
566 858 -3.0
183 398 -7.0
771 796 -4.0
679 696 -2.0
879 957 -1.0
151 197 -10.0
895 909 -5.0
630 670 -4.0
481 499 -6.0
247 322 -7.0
342 893 -9.0
275 852 -7.0
284 361 -4.0
187 454 -9.0
236 651 -3.0
91 239 -7.0
70 771 -1.0
116 385 -9.0
454 676 -7.0
48 170 -7.0
10 500 -1.0
340 884 -7.0
16 861 -3.0
140 694 -9.0
146 301 -1.0
461 869 -10.0
435 650 -7.0
775 851 -5.0
84 376 -2.0
429 576 -2.0
164 998 -2.0
467 755 -10.0
875 948 -6.0
978 988 -2.0
860 880 -6.0
311 490 -3.0
35 175 -2.0
40 136 -2.0
73 276 -1.0
309 498 -6.0
205 747 -10.0
263 498 -2.0
128 195 -9.0
43 318 -3.0
249 665 -10.0
365 866 -6.0
171 355 -6.0
305 400 -3.0
129 693 -7.0
47 783 -3.0
121 135 -1.0
285 330 -5.0
127 241 -5.0
195 915 -2.0
62 439 -8.0
102 532 -6.0
358 646 -4.0
21 977 -5.0
683 818 -3.0
537 546 -1.0
153 478 -1.0
858 933 -6.0
452 922 -5.0
8 736 -10.0
288 959 -5.0
354 567 -3.0
355 986 -7.0
146 224 -1.0
198 228 -8.0
818 963 -9.0
585 787 -7.0
525 665 -7.0
892 923 -2.0
17 370 -4.0
754 988 -7.0
600 997 -6.0
926 987 -5.0
251 469 -7.0
408 886 -8.0
144 237 -1.0
605 794 -2.0
296 677 -7.0
164 561 -6.0
564 704 -10.0
86 212 -4.0
488 494 -9.0
128 843 -3.0
165 743 -3.0
222 982 -4.0
370 890 -5.0
404 728 -9.0
61 804 -8.0
8 470 -4.0
574 840 -2.0
18 54 -6.0
362 519 -6.0
19 376 -2.0
146 307 -2.0
162 798 -10.0
737 833 -5.0
579 736 -5.0
238 277 -2.0
557 619 -3.0
320 668 -8.0
385 977 -5.0
264 500 -7.0
890 963 -3.0
715 732 -1.0
104 203 -2.0
152 968 -5.0
124 243 -9.0
303 487 -9.0
376 959 -5.0
454 653 -4.0
83 597 -7.0
415 640 -1.0
548 853 -7.0
330 969 -3.0
158 654 -5.0
25 823 -7.0
330 370 -7.0
738 859 -5.0
434 602 -1.0
84 773 -1.0
570 737 -1.0
203 281 -6.0
240 300 -9.0
35 994 -1.0
71 812 -8.0
284 815 -1.0
33 263 -6.0
64 878 -6.0
477 686 -8.0
93 845 -6.0
514 836 -9.0
387 475 -2.0
192 809 -8.0
64 431 -5.0
147 165 -1.0
220 248 -8.0
545 982 -3.0
506 990 -2.0
459 637 -10.0
9 73 -6.0
720 815 -7.0
777 779 -9.0
26 101 -9.0
2 900 -4.0
114 535 -9.0
384 743 -7.0
276 432 -7.0
653 884 -5.0
447 631 -5.0
494 810 -1.0
461 544 -7.0
75 440 -5.0
64 560 -1.0
504 667 -1.0
504 715 -4.0
27 374 -6.0
276 468 -1.0
585 795 -9.0
444 465 -2.0
277 447 -10.0
205 259 -8.0
517 685 -8.0
257 371 -8.0
174 985 -4.0
21 167 -4.0
208 288 -9.0
89 864 -3.0
118 706 -6.0
433 885 -4.0
497 820 -3.0
39 812 -5.0
474 623 -5.0
456 700 -4.0
1 166 -1.0
214 462 -6.0
25 212 -7.0
990 995 -2.0
39 167 -6.0
480 603 -6.0
508 554 -7.0
462 700 -5.0
801 860 -2.0
376 570 -3.0
283 423 -2.0
466 873 -9.0
407 995 -9.0
135 230 -9.0
77 706 -1.0
29 221 -9.0
94 561 -4.0
170 569 -6.0
156 638 -8.0
148 590 -3.0
307 658 -6.0
735 964 -9.0
172 554 -10.0
589 610 -3.0
281 295 -4.0
621 746 -9.0
262 694 -8.0
340 972 -9.0
72 478 -3.0
540 627 -9.0
83 160 -9.0
722 944 -6.0
575 904 -7.0
52 953 -1.0
264 765 -9.0
75 842 -3.0
546 909 -7.0
70 824 -9.0
104 283 -7.0
144 444 -3.0
379 712 -8.0
588 849 -1.0
616 648 -3.0
205 522 -9.0
117 860 -7.0
438 455 -5.0
193 284 -1.0
33 758 -4.0
953 992 -10.0
183 736 -9.0
788 915 -2.0
573 608 -1.0
114 617 -9.0
62 199 -7.0
653 712 -8.0
425 580 -1.0
182 378 -9.0
41 204 -4.0
366 988 -2.0
794 897 -10.0
226 328 -1.0
704 898 -6.0
92 397 -7.0
297 434 -5.0
140 747 -7.0
299 985 -4.0
329 359 -9.0
796 956 -3.0
241 518 -10.0
287 487 -1.0
697 744 -5.0
340 443 -9.0
525 910 -8.0
356 918 -3.0
360 782 -9.0
607 785 -8.0
487 594 -9.0
246 678 -9.0
434 979 -5.0
97 339 -6.0
232 370 -7.0
445 557 -1.0
66 247 -9.0
124 737 -4.0
336 770 -7.0
56 464 -4.0
352 825 -2.0
437 554 -9.0
510 918 -5.0
560 987 -9.0
422 776 -7.0
185 996 -2.0
367 749 -3.0
164 287 -8.0
146 241 -2.0
499 681 -8.0
52 527 -8.0
619 917 -2.0
385 960 -10.0
347 374 -1.0
139 998 -6.0
729 765 -8.0
179 615 -9.0
355 834 -1.0
279 312 -3.0
262 714 -7.0
162 778 -3.0
178 979 -3.0
725 976 -4.0
527 836 -3.0
729 815 -10.0
77 141 -1.0
485 974 -5.0
622 840 -7.0
204 658 -8.0
458 744 -9.0
160 993 -10.0
309 911 -7.0
269 848 -5.0
629 710 -5.0
652 768 -8.0
55 115 -6.0
13 393 -2.0
354 845 -6.0
750 801 -8.0
359 622 -3.0
155 321 -3.0
384 674 -9.0
507 792 -8.0
595 729 -2.0
911 968 -6.0
299 910 -10.0
246 798 -4.0
326 589 -1.0
390 515 -7.0
461 858 -6.0
134 927 -9.0
326 557 -3.0
609 834 -7.0
502 912 -8.0
652 672 -1.0
311 655 -6.0
196 333 -1.0
272 574 -6.0
37 211 -1.0
227 773 -10.0
729 838 -6.0
703 999 -5.0
226 848 -4.0
79 92 -9.0
76 866 -7.0
51 920 -9.0
308 927 -1.0
90 650 -6.0
120 225 -8.0
24 649 -10.0
157 598 -8.0
264 366 -10.0
221 652 -1.0
580 929 -8.0
810 864 -1.0
125 552 -4.0
159 851 -6.0
246 251 -2.0
283 380 -7.0
119 272 -10.0
488 823 -7.0
731 736 -7.0
76 743 -1.0
369 841 -2.0
325 840 -1.0
134 941 -10.0
691 964 -10.0
91 344 -10.0
25 132 -7.0
788 858 -4.0
780 874 -8.0
514 940 -1.0
482 595 -2.0
127 198 -5.0
412 704 -5.0
383 789 -4.0
195 749 -8.0
291 913 -7.0
250 753 -2.0
555 899 -2.0
155 976 -4.0
554 598 -9.0
464 733 -1.0
339 956 -1.0
86 592 -9.0
353 829 -6.0
35 326 -1.0
97 167 -3.0
148 237 -5.0
592 736 -10.0
59 893 -3.0
600 851 -3.0
429 927 -2.0
419 641 -3.0
384 498 -6.0
71 171 -2.0
47 100 -1.0
163 639 -10.0
416 639 -3.0
321 719 -3.0
395 563 -5.0
274 311 -2.0
48 621 -9.0
133 910 -2.0
468 928 -7.0
111 830 -9.0
78 921 -2.0
132 416 -9.0
91 794 -6.0
392 534 -4.0
165 275 -10.0
282 976 -9.0
167 352 -1.0
28 866 -2.0
197 314 -3.0
864 939 -2.0
533 624 -9.0
311 487 -4.0
332 416 -8.0
143 741 -3.0
192 762 -10.0
108 591 -8.0
134 244 -9.0
271 649 -2.0
515 534 -3.0
418 523 -3.0
7 556 -9.0
55 554 -1.0
143 458 -10.0
440 577 -8.0
165 930 -8.0
351 879 -7.0
410 804 -7.0
719 774 -4.0
38 554 -7.0
415 784 -4.0
704 987 -10.0
241 818 -8.0
96 452 -3.0
375 467 -4.0
279 805 -3.0
738 881 -7.0
234 397 -4.0
420 546 -3.0
781 885 -6.0
59 669 -7.0
492 750 -4.0
661 912 -7.0
200 321 -5.0
239 687 -7.0
58 783 -1.0
524 675 -8.0
517 660 -8.0
397 641 -1.0
258 311 -3.0
248 511 -3.0
770 912 -8.0
307 945 -4.0
392 862 -6.0
320 830 -2.0
718 961 -10.0
345 432 -9.0
52 350 -8.0
424 601 -9.0
188 556 -10.0
522 595 -3.0
159 807 -1.0
55 538 -4.0
523 634 -2.0
84 922 -4.0
839 994 -7.0
484 901 -2.0
705 908 -5.0
634 993 -6.0
611 749 -3.0
49 71 -3.0
467 887 -5.0
606 712 -7.0
352 784 -4.0
301 821 -8.0
192 763 -8.0
119 737 -7.0
621 765 -9.0
91 229 -3.0
691 810 -6.0
112 830 -10.0
519 535 -7.0
182 499 -7.0
363 459 -6.0
281 497 -9.0
289 969 -9.0
247 369 -6.0
33 781 -3.0
176 415 -5.0
106 194 -7.0
121 248 -2.0
414 485 -7.0
505 940 -8.0
268 878 -7.0
159 853 -7.0
234 942 -4.0
132 510 -10.0
716 944 -3.0
308 651 -3.0
135 684 -3.0
271 473 -1.0
533 769 -6.0
505 633 -4.0
478 741 -3.0
108 413 -1.0
397 998 -2.0
505 856 -2.0
542 687 -10.0
286 904 -7.0
811 893 -2.0
64 874 -5.0
734 872 -6.0
133 213 -8.0
691 936 -6.0
94 214 -7.0
570 667 -10.0
455 821 -10.0
293 436 -8.0
437 581 -7.0
783 908 -7.0
43 683 -4.0
573 610 -3.0
16 564 -7.0
790 797 -1.0
754 843 -2.0
171 302 -5.0
481 632 -5.0
320 429 -6.0
337 891 -9.0
419 485 -8.0
156 420 -1.0
113 268 -10.0
696 806 -5.0
431 850 -7.0
589 679 -1.0
892 994 -7.0
536 849 -1.0
676 997 -7.0
396 716 -4.0
575 766 -8.0
308 921 -5.0
154 507 -6.0
431 898 -10.0
263 987 -7.0
94 170 -8.0
515 963 -8.0
389 731 -10.0
137 484 -4.0
536 952 -3.0
271 905 -1.0
214 734 -2.0
611 947 -2.0
594 848 -3.0
555 996 -1.0
729 753 -3.0
108 728 -6.0
3 208 -1.0
13 30 -4.0
300 490 -1.0
65 936 -7.0
894 1000 -2.0
227 970 -5.0
60 477 -8.0
155 314 -3.0
200 465 -3.0
73 998 -5.0
851 916 -10.0
542 910 -1.0
751 866 -9.0
450 714 -4.0
328 518 -1.0
395 617 -7.0
473 873 -7.0
467 768 -6.0
315 780 -9.0
118 340 -4.0
10 981 -4.0
504 934 -1.0
136 480 -10.0
322 858 -3.0
29 96 -7.0
612 937 -8.0
152 464 -4.0
918 959 -2.0
201 485 -2.0
158 986 -4.0
811 931 -8.0
333 874 -3.0
19 776 -2.0
437 635 -9.0
63 210 -3.0
11 41 -1.0
642 939 -5.0
107 603 -1.0
244 458 -1.0
767 970 -5.0
302 395 -2.0
32 749 -4.0
146 649 -7.0
73 229 -5.0
701 809 -5.0
846 928 -5.0
268 366 -3.0
70 948 -9.0
567 757 -9.0
840 841 -10.0
263 343 -7.0
484 570 -7.0
138 644 -7.0
105 195 -2.0
141 565 -3.0
228 815 -2.0
135 692 -6.0
440 481 -1.0
10 591 -7.0
78 236 -5.0
344 919 -8.0
441 730 -2.0
550 893 -9.0
351 695 -9.0
418 626 -7.0
107 745 -3.0
87 844 -5.0
516 701 -10.0
168 286 -3.0
324 704 -3.0
428 560 -5.0
346 825 -4.0
91 107 -3.0
67 769 -8.0
404 632 -10.0
500 783 -5.0
86 264 -5.0
46 361 -8.0
79 245 -6.0
652 717 -7.0
176 478 -1.0
407 875 -1.0
291 884 -9.0
111 436 -10.0
442 551 -9.0
257 989 -8.0
32 273 -2.0
208 324 -2.0
523 550 -7.0
780 993 -3.0
617 713 -1.0
309 776 -2.0
144 325 -8.0
233 398 -2.0
390 469 -9.0
161 435 -4.0
438 688 -3.0
588 718 -4.0
117 688 -7.0
5 554 -9.0
805 972 -1.0
181 941 -1.0
280 799 -9.0
842 930 -3.0
429 889 -7.0
661 888 -6.0
117 903 -2.0
357 855 -9.0
24 264 -7.0
121 200 -1.0
131 801 -2.0
665 669 -1.0
63 750 -4.0
260 437 -6.0
407 539 -7.0
530 811 -2.0
278 419 -9.0
497 863 -2.0
448 714 -2.0
579 694 -7.0
4 80 -2.0
191 670 -4.0
102 169 -9.0
308 324 -9.0
360 843 -9.0
291 434 -7.0
473 990 -5.0
89 839 -5.0
299 651 -4.0
243 887 -1.0
257 599 -4.0
78 243 -2.0
779 795 -7.0
286 591 -8.0
169 211 -10.0
573 710 -6.0
27 195 -3.0
202 582 -7.0
206 898 -6.0
518 661 -1.0
285 696 -4.0
785 968 -5.0
762 953 -4.0
22 639 -5.0
16 946 -10.0
431 692 -9.0
44 850 -3.0
62 478 -8.0
202 700 -6.0
511 620 -3.0
138 321 -9.0
343 578 -4.0
445 869 -3.0
448 918 -4.0
51 931 -7.0
141 602 -10.0
90 828 -6.0
271 998 -9.0
133 196 -7.0
413 794 -10.0
292 389 -3.0
429 717 -3.0
379 892 -6.0
451 826 -5.0
215 369 -6.0
371 539 -6.0
271 730 -9.0
214 970 -8.0
140 344 -2.0
215 364 -3.0
479 984 -6.0
177 183 -7.0
422 427 -3.0
392 797 -4.0
218 489 -1.0
312 353 -6.0
411 617 -2.0
646 664 -6.0
19 587 -2.0
699 943 -8.0
489 959 -3.0
97 136 -2.0
207 455 -7.0
71 734 -4.0
39 819 -8.0
282 654 -4.0
847 922 -7.0
819 957 -10.0
246 334 -5.0
77 370 -3.0
339 442 -6.0
42 194 -3.0
528 924 -7.0
784 843 -7.0
359 417 -3.0
42 46 -2.0
198 597 -9.0
18 801 -7.0
508 533 -4.0
473 840 -2.0
336 415 -6.0
98 395 -7.0
316 360 -4.0
172 450 -1.0
653 836 -3.0
180 487 -2.0
499 927 -1.0
156 994 -6.0
539 702 -5.0
85 584 -6.0
252 871 -2.0
182 647 -1.0
93 478 -2.0
535 544 -1.0
344 435 -2.0
415 991 -8.0
668 748 -5.0
465 885 -4.0
394 671 -1.0
343 413 -5.0
158 636 -1.0
140 767 -5.0
219 776 -6.0
7 804 -7.0
492 748 -6.0
53 859 -10.0
394 761 -1.0
300 704 -3.0
9 910 -3.0
59 401 -4.0
884 989 -9.0
202 958 -9.0
354 422 -2.0
414 618 -5.0
61 954 -1.0
243 656 -1.0
631 693 -5.0
567 632 -6.0
40 490 -3.0
249 841 -2.0
537 895 -5.0
45 72 -1.0
463 538 -10.0
487 685 -10.0
316 517 -4.0
573 931 -1.0
122 552 -1.0
359 798 -3.0
55 349 -7.0
11 595 -1.0
547 806 -10.0
222 921 -4.0
655 832 -10.0
414 798 -2.0
478 670 -1.0
404 414 -9.0
630 963 -2.0
216 430 -1.0
190 384 -5.0
810 937 -8.0
144 492 -8.0
320 637 -9.0
160 917 -5.0
138 528 -8.0
743 965 -5.0
135 507 -2.0
275 800 -7.0
351 473 -9.0
486 691 -10.0
322 559 -8.0
803 928 -8.0
758 933 -4.0
537 778 -10.0
390 911 -1.0
180 603 -4.0
602 684 -4.0
189 904 -4.0
612 887 -4.0
26 106 -7.0
685 697 -4.0
317 735 -7.0
68 862 -8.0
250 946 -10.0
261 792 -2.0
601 891 -4.0
399 688 -10.0
506 947 -2.0
108 949 -3.0
7 118 -10.0
676 942 -6.0
125 733 -8.0
32 968 -3.0
27 227 -7.0
344 729 -4.0
276 712 -3.0
407 756 -10.0
425 836 -5.0
780 847 -8.0
221 866 -2.0
659 795 -5.0
352 702 -2.0
763 991 -3.0
463 924 -6.0
199 834 -5.0
508 640 -10.0
203 477 -9.0
450 459 -9.0
491 743 -2.0
482 603 -10.0
674 785 -1.0
231 684 -8.0
204 804 -9.0
161 544 -3.0
827 935 -3.0
377 385 -2.0
250 269 -10.0
402 563 -3.0
12 439 -8.0
632 707 -7.0
396 608 -10.0
326 722 -1.0
779 884 -2.0
270 543 -5.0
671 879 -4.0
21 759 -8.0
791 964 -1.0
421 600 -4.0
423 754 -7.0
28 146 -1.0
103 486 -6.0
272 326 -7.0
209 934 -4.0
400 842 -1.0
532 950 -4.0
146 289 -7.0
722 949 -4.0
339 870 -2.0
41 837 -10.0
555 639 -10.0
226 490 -9.0
306 349 -9.0
37 364 -2.0
298 494 -7.0
148 387 -3.0
125 589 -7.0
455 988 -4.0
525 945 -4.0
463 507 -9.0
403 505 -1.0
655 723 -9.0
56 553 -7.0
347 373 -6.0
408 496 -1.0
381 399 -5.0
316 627 -3.0
770 808 -2.0
447 956 -6.0
339 904 -7.0
275 370 -4.0
184 848 -6.0
264 872 -2.0
233 476 -7.0
46 707 -3.0
289 946 -7.0
467 962 -5.0
604 750 -4.0
938 997 -2.0
170 728 -6.0
171 487 -5.0
918 948 -8.0
156 778 -5.0
247 601 -4.0
55 1000 -2.0
18 619 -6.0
2 40 -10.0
502 617 -3.0
359 508 -8.0
930 941 -10.0
137 751 -6.0
408 916 -6.0
313 935 -4.0
538 998 -9.0
790 937 -9.0
222 790 -1.0
278 524 -6.0
66 384 -9.0
426 673 -4.0
48 162 -4.0
803 853 -4.0
239 341 -2.0
220 264 -3.0
700 910 -6.0
32 868 -2.0
139 785 -10.0
338 550 -2.0
776 844 -1.0
188 338 -10.0
479 635 -5.0
197 329 -5.0
393 832 -3.0
586 936 -5.0
449 872 -5.0
402 796 -3.0
863 908 -5.0
223 376 -8.0
130 539 -6.0
27 576 -7.0
235 331 -6.0
405 493 -4.0
416 825 -8.0
212 635 -9.0
23 857 -3.0
57 514 -2.0
136 978 -1.0
622 852 -5.0
107 200 -5.0
365 635 -10.0
93 439 -1.0
665 694 -3.0
348 410 -10.0
392 624 -1.0
485 734 -2.0
440 882 -7.0
106 908 -1.0
388 625 -4.0
669 984 -1.0
881 898 -2.0
289 383 -1.0
132 545 -8.0
143 301 -2.0
51 586 -2.0
308 594 -2.0
100 951 -7.0
231 951 -9.0
264 813 -10.0
76 998 -5.0
337 546 -8.0
106 669 -5.0
351 748 -3.0
40 275 -9.0
572 814 -7.0
395 897 -4.0
166 362 -2.0
279 322 -7.0
549 839 -6.0
379 696 -10.0
836 909 -2.0
229 774 -1.0
453 496 -3.0
159 905 -2.0
375 777 -1.0
532 685 -2.0
500 718 -5.0
145 794 -4.0
171 981 -6.0
268 852 -8.0
6 980 -7.0
420 960 -6.0
63 539 -1.0
35 671 -2.0
490 714 -5.0
331 883 -6.0
188 480 -8.0
137 406 -5.0
346 377 -1.0
124 570 -6.0
113 931 -6.0
755 926 -7.0
196 428 -6.0
474 859 -10.0
315 353 -5.0
249 261 -9.0
562 980 -1.0
450 882 -4.0
632 786 -8.0
494 630 -7.0
52 954 -10.0
592 699 -10.0
10 577 -8.0
11 707 -4.0
67 570 -1.0
356 709 -4.0
142 969 -6.0
308 603 -2.0
135 245 -9.0
725 859 -4.0
99 845 -7.0
150 754 -9.0
559 690 -9.0
629 869 -6.0
655 747 -9.0
268 855 -10.0
639 730 -2.0
29 598 -2.0
107 740 -2.0
748 889 -1.0
579 988 -10.0
1 467 -5.0
2 199 -8.0
256 669 -3.0
643 651 -4.0
522 608 -9.0
273 377 -5.0
543 953 -2.0
738 973 -9.0
533 963 -10.0
603 666 -5.0
212 528 -10.0
357 614 -3.0
11 153 -9.0
6 632 -3.0
787 885 -3.0
305 526 -10.0
113 394 -3.0
442 699 -8.0
319 790 -2.0
478 522 -5.0
181 952 -5.0
274 333 -8.0
51 228 -6.0
557 759 -10.0
103 450 -4.0
618 841 -2.0
401 445 -10.0
15 224 -2.0
419 921 -6.0
58 434 -6.0
740 883 -6.0
249 655 -3.0
20 720 -9.0
358 471 -8.0
708 988 -7.0
825 985 -8.0
239 479 -1.0
620 914 -4.0
241 983 -5.0
481 967 -10.0
129 276 -7.0
266 528 -2.0
376 977 -8.0
58 639 -3.0
656 707 -7.0
25 851 -8.0
525 753 -1.0
307 727 -5.0
907 939 -10.0
258 496 -7.0
864 983 -1.0
75 454 -5.0
671 838 -6.0
682 751 -7.0
69 831 -2.0
123 966 -7.0
86 337 -2.0
224 618 -4.0
672 965 -10.0
586 772 -3.0
88 644 -7.0
786 917 -6.0
173 228 -4.0
261 473 -7.0
352 776 -4.0
835 883 -2.0
150 636 -4.0
25 607 -7.0
181 183 -6.0
172 581 -3.0
145 164 -1.0
104 835 -1.0
33 151 -7.0
279 517 -1.0
195 334 -10.0
197 539 -10.0
954 976 -5.0
165 871 -6.0
89 94 -4.0
283 846 -7.0
503 947 -5.0
728 867 -2.0
534 610 -3.0
477 933 -9.0
443 579 -4.0
185 594 -6.0
603 653 -5.0
294 340 -8.0
66 278 -1.0
10 931 -2.0
685 801 -1.0
442 595 -5.0
480 867 -2.0
4 559 -10.0
18 699 -6.0
405 599 -7.0
842 894 -7.0
514 971 -9.0
45 617 -6.0
273 925 -10.0
807 968 -4.0
573 750 -1.0
62 918 -6.0
567 871 -8.0
318 394 -2.0
89 387 -3.0
449 767 -2.0
232 874 -10.0
155 894 -10.0
379 1000 -8.0
671 877 -3.0
781 920 -10.0
149 168 -4.0
126 848 -7.0
893 998 -9.0
6 435 -2.0
447 962 -7.0
419 790 -10.0
132 992 -8.0
222 429 -5.0
668 681 -6.0
13 692 -8.0
131 224 -5.0
285 506 -9.0
346 369 -6.0
645 902 -9.0
390 958 -10.0
383 705 -1.0
234 759 -8.0
480 987 -9.0
688 817 -1.0
637 682 -3.0
207 526 -10.0
494 525 -2.0
169 975 -4.0
68 867 -1.0
43 493 -7.0
37 481 -5.0
298 507 -2.0
581 922 -7.0
320 779 -6.0
363 524 -1.0
80 748 -5.0
288 514 -10.0
95 527 -5.0
96 486 -3.0
87 713 -4.0
746 905 -9.0
406 646 -2.0
142 420 -3.0
343 915 -2.0
332 464 -3.0
685 776 -10.0
45 121 -8.0
36 274 -5.0
318 331 -9.0
462 893 -3.0
38 454 -3.0
426 565 -6.0
12 999 -2.0
234 883 -3.0
560 978 -1.0
449 547 -2.0
311 473 -6.0
51 884 -6.0
198 337 -4.0
106 905 -2.0
190 218 -5.0
591 878 -8.0
397 885 -7.0
308 555 -2.0
178 488 -8.0
152 421 -7.0
120 290 -9.0
835 960 -10.0
323 553 -3.0
262 389 -3.0
638 910 -2.0
303 606 -3.0
67 151 -6.0
70 533 -2.0
26 824 -2.0
27 541 -4.0
470 572 -4.0
805 902 -10.0
226 890 -6.0
12 544 -8.0
617 771 -2.0
292 572 -6.0
233 751 -10.0
151 185 -7.0
116 867 -7.0
101 862 -5.0
49 99 -6.0
669 946 -1.0
252 383 -4.0
601 694 -2.0
451 649 -8.0
103 713 -5.0
136 142 -7.0
478 549 -3.0
477 487 -1.0
183 268 -4.0
490 964 -10.0
47 292 -3.0
2 294 -5.0
242 413 -8.0
160 741 -2.0
580 986 -9.0
74 386 -3.0
222 453 -2.0
511 599 -1.0
13 942 -4.0
682 934 -10.0
508 870 -3.0
334 911 -3.0
193 779 -6.0
825 919 -4.0
303 756 -4.0
539 930 -4.0
427 914 -2.0
316 897 -8.0
535 691 -10.0
225 926 -3.0
57 664 -10.0
10 322 -6.0
73 461 -4.0
337 832 -8.0
583 996 -8.0
118 477 -5.0
205 421 -5.0
24 70 -7.0
255 449 -7.0
820 891 -5.0
234 815 -4.0
54 602 -4.0
261 979 -8.0
92 380 -2.0
621 645 -9.0
258 489 -7.0
59 968 -10.0
557 798 -10.0
256 415 -3.0
515 930 -3.0
252 310 -9.0
20 752 -7.0
363 428 -1.0
459 476 -3.0
266 440 -6.0
302 943 -6.0
277 476 -5.0
165 535 -6.0
543 631 -5.0
413 885 -8.0
155 763 -5.0
759 810 -2.0
131 317 -1.0
98 587 -8.0
213 456 -5.0
649 965 -5.0
466 974 -2.0
23 1000 -3.0
278 487 -2.0
289 672 -5.0
774 989 -8.0
75 459 -10.0
437 768 -1.0
434 790 -3.0
287 340 -7.0
547 902 -6.0
207 941 -6.0
540 853 -8.0
93 786 -6.0
568 636 -4.0
856 881 -8.0
494 891 -3.0
155 175 -8.0
806 994 -4.0
614 958 -8.0
93 551 -10.0
958 973 -5.0
268 411 -10.0
96 521 -6.0
214 219 -10.0
626 899 -5.0
478 728 -8.0
17 923 -5.0
797 952 -7.0
79 401 -10.0
128 564 -5.0
402 733 -1.0
707 807 -8.0
283 417 -7.0
841 988 -5.0
242 885 -2.0
243 550 -4.0
390 431 -9.0
431 910 -1.0
344 369 -6.0
656 764 -10.0
146 548 -6.0
247 796 -1.0
58 278 -3.0
303 759 -1.0
116 569 -2.0
124 817 -5.0
372 638 -6.0
94 854 -3.0
229 734 -5.0
128 688 -9.0
720 924 -5.0
483 841 -3.0
548 860 -10.0
851 955 -2.0
70 493 -8.0
144 454 -2.0
189 897 -5.0
597 678 -8.0
486 554 -4.0
208 396 -3.0
486 516 -6.0
134 819 -1.0
638 751 -2.0
532 682 -5.0
132 727 -1.0
468 947 -10.0
126 691 -3.0
354 747 -4.0
79 599 -10.0
134 898 -9.0
18 711 -2.0
67 593 -7.0
100 563 -7.0
307 962 -5.0
233 614 -6.0
267 691 -7.0
358 747 -10.0
675 870 -1.0
11 362 -6.0
504 710 -5.0
361 598 -4.0
107 176 -9.0
235 256 -3.0
814 875 -1.0
384 873 -4.0
759 815 -5.0
142 778 -3.0
605 839 -10.0
47 801 -8.0
713 898 -9.0
90 463 -1.0
673 927 -10.0
791 880 -6.0
463 915 -10.0
167 179 -6.0
693 780 -4.0
188 284 -9.0
13 186 -3.0
166 559 -2.0
246 321 -2.0
109 969 -2.0
87 890 -3.0
863 875 -6.0
130 503 -5.0
299 991 -3.0
487 962 -1.0
12 679 -7.0
166 556 -4.0
544 927 -7.0
58 395 -6.0
344 479 -9.0
257 782 -3.0
991 995 -7.0
180 782 -1.0
419 748 -9.0
299 741 -9.0
14 734 -8.0
442 783 -3.0
675 766 -10.0
89 845 -1.0
550 687 -3.0
5 392 -6.0
383 715 -3.0
395 570 -4.0
16 881 -10.0
143 837 -1.0
682 713 -2.0
800 920 -6.0
36 696 -3.0
35 643 -1.0
267 554 -10.0
462 708 -8.0
2 297 -2.0
473 571 -5.0
141 983 -7.0
519 851 -4.0
350 515 -7.0
233 574 -7.0
223 252 -10.0
38 191 -2.0
219 813 -6.0
287 533 -4.0
569 856 -6.0
658 839 -10.0
190 988 -4.0
558 705 -1.0
48 981 -9.0
69 310 -7.0
56 890 -6.0
358 790 -7.0
173 893 -5.0
410 578 -7.0
180 458 -1.0
270 740 -10.0
572 946 -9.0
124 388 -8.0
103 336 -10.0
182 481 -2.0
193 522 -2.0
343 690 -2.0
504 600 -6.0
698 781 -6.0
1 108 -4.0
580 810 -2.0
198 912 -1.0
227 659 -5.0
343 764 -10.0
293 933 -9.0
54 837 -10.0
70 587 -10.0
49 630 -7.0
256 687 -9.0
738 968 -10.0
47 641 -6.0
416 986 -8.0
507 692 -2.0
334 434 -5.0
187 260 -3.0
97 607 -7.0
616 825 -1.0
188 621 -5.0
447 846 -2.0
727 746 -2.0
739 909 -4.0
358 558 -6.0
24 238 -4.0
123 275 -8.0
150 759 -3.0
134 802 -5.0
499 617 -8.0
61 857 -1.0
606 847 -2.0
468 755 -10.0
279 893 -9.0
770 799 -3.0
138 710 -3.0
559 931 -5.0
189 369 -7.0
598 866 -3.0
189 592 -1.0
196 699 -2.0
785 908 -4.0
14 213 -8.0
633 950 -6.0
782 842 -3.0
126 580 -3.0
609 702 -6.0
685 887 -9.0
113 446 -8.0
120 134 -1.0
121 657 -5.0
253 322 -5.0
608 885 -9.0
642 893 -4.0
569 704 -5.0
687 960 -2.0
858 930 -4.0
132 863 -10.0
461 921 -10.0
5 779 -6.0
61 416 -4.0
246 406 -3.0
274 418 -5.0
590 690 -4.0
690 839 -7.0
837 916 -1.0
141 346 -3.0
113 531 -10.0
295 617 -9.0
400 424 -5.0
423 446 -3.0
709 768 -5.0
378 777 -6.0
567 677 -1.0
4 790 -4.0
496 985 -3.0
15 453 -7.0
556 852 -4.0
59 373 -6.0
472 828 -9.0
210 719 -6.0
531 653 -10.0
83 757 -8.0
333 841 -2.0
812 926 -2.0
86 458 -7.0
382 936 -4.0
190 251 -4.0
475 903 -3.0
809 901 -10.0
503 599 -9.0
180 434 -5.0
754 985 -7.0
166 174 -6.0
56 131 -9.0
193 697 -7.0
239 438 -6.0
41 635 -2.0
258 752 -10.0
163 828 -8.0
367 554 -2.0
591 934 -4.0
241 636 -8.0
210 657 -1.0
126 226 -7.0
234 341 -4.0
194 244 -2.0
93 125 -7.0
54 900 -8.0
100 794 -2.0
317 823 -3.0
616 747 -5.0
271 386 -4.0
59 466 -1.0
393 550 -3.0
346 789 -2.0
438 550 -2.0
476 802 -4.0
98 167 -3.0
828 915 -9.0
256 422 -2.0
147 790 -8.0
117 707 -2.0
499 776 -10.0
275 940 -1.0
462 880 -9.0
472 723 -4.0
613 861 -6.0
1 275 -4.0
387 398 -1.0
270 436 -2.0
600 720 -6.0
52 571 -10.0
36 605 -10.0
496 853 -3.0
147 399 -7.0
201 818 -7.0
779 934 -4.0
248 345 -7.0
54 748 -5.0
369 465 -2.0
102 233 -2.0
110 851 -1.0
75 97 -10.0
6 964 -2.0
566 976 -3.0
347 535 -9.0
135 911 -3.0
270 934 -4.0
897 953 -6.0
119 231 -9.0
276 413 -8.0
157 935 -5.0
324 516 -4.0
130 746 -3.0
200 885 -2.0
154 720 -5.0
316 521 -9.0
491 616 -6.0
234 410 -4.0
449 704 -9.0
153 424 -6.0
360 508 -9.0
133 628 -10.0
229 754 -10.0
768 846 -2.0
176 627 -3.0
191 371 -10.0
237 816 -3.0
463 767 -10.0
562 993 -9.0
370 608 -9.0
149 757 -10.0
301 963 -7.0
427 638 -1.0
282 443 -10.0
444 756 -4.0
316 824 -3.0
38 811 -1.0
381 761 -5.0
223 356 -1.0
165 576 -10.0
41 403 -8.0
336 800 -6.0
448 653 -7.0
464 568 -3.0
509 657 -1.0
295 309 -1.0
917 971 -7.0
474 887 -5.0
400 591 -6.0
269 317 -5.0
106 594 -8.0
143 308 -6.0
267 746 -7.0
594 930 -6.0
12 862 -10.0
43 755 -7.0
579 948 -10.0
3 135 -8.0
487 586 -2.0
140 395 -5.0
95 192 -9.0
902 919 -9.0
400 520 -6.0
569 621 -1.0
581 956 -8.0
190 332 -1.0
212 702 -8.0
195 652 -3.0
926 962 -8.0
435 541 -2.0
32 292 -10.0
574 611 -1.0
606 622 -6.0
41 844 -8.0
405 448 -7.0
459 717 -4.0
584 761 -1.0
269 957 -3.0
744 847 -9.0
359 433 -3.0
374 385 -9.0
182 821 -9.0
443 527 -9.0
267 750 -2.0
43 841 -5.0
14 255 -4.0
577 965 -8.0
678 925 -4.0
210 482 -5.0
727 757 -4.0
83 863 -6.0
189 927 -7.0
277 633 -8.0
48 837 -8.0
162 581 -4.0
50 408 -10.0
243 488 -7.0
232 471 -9.0
564 588 -4.0
331 454 -9.0
535 597 -1.0
393 540 -3.0
447 536 -3.0
935 948 -3.0
540 818 -1.0
237 874 -1.0
158 393 -10.0
183 669 -10.0
644 959 -10.0
361 659 -9.0
238 297 -3.0
201 395 -8.0
198 264 -8.0
262 967 -5.0
199 404 -3.0
347 578 -8.0
118 593 -2.0
286 343 -6.0
224 347 -3.0
465 673 -1.0
229 899 -4.0
3 120 -9.0
734 763 -2.0
377 964 -1.0
703 969 -2.0
308 570 -5.0
705 914 -3.0
203 965 -8.0
329 393 -6.0
573 693 -2.0
867 945 -7.0
179 277 -5.0
450 918 -9.0
122 941 -3.0
234 908 -2.0
72 144 -10.0
101 888 -6.0
78 596 -4.0
459 896 -4.0
457 644 -10.0
685 686 -3.0
245 744 -9.0
294 986 -9.0
656 995 -3.0
655 695 -8.0
207 653 -10.0
461 741 -1.0
240 668 -2.0
378 432 -1.0
279 366 -7.0
49 454 -5.0
633 779 -4.0
309 354 -4.0
203 380 -4.0
205 895 -3.0
25 724 -1.0
320 880 -2.0
239 797 -10.0
625 770 -3.0
79 413 -9.0
266 395 -8.0
708 846 -10.0
428 763 -1.0
177 835 -7.0
231 450 -8.0
353 774 -2.0
267 720 -10.0
628 797 -10.0
54 856 -4.0
200 976 -5.0
285 358 -2.0
474 981 -4.0
333 789 -2.0
105 453 -9.0
39 996 -10.0
233 815 -3.0
7 519 -10.0
195 907 -4.0
177 866 -10.0
580 711 -6.0
336 950 -9.0
460 968 -8.0
513 812 -8.0
51 448 -5.0
377 665 -9.0
360 434 -10.0
262 333 -7.0
867 925 -3.0
141 702 -7.0
69 634 -9.0
226 349 -10.0
189 756 -7.0
836 892 -7.0
73 394 -3.0
68 805 -10.0
208 804 -3.0
322 591 -3.0
141 283 -6.0
699 901 -9.0
495 809 -5.0
296 540 -5.0
22 84 -6.0
965 986 -5.0
199 601 -7.0
334 953 -10.0
293 517 -7.0
161 608 -3.0
366 868 -9.0
72 514 -4.0
487 657 -5.0
700 859 -3.0
592 876 -10.0
557 625 -5.0
414 926 -4.0
59 279 -7.0
596 714 -8.0
179 879 -4.0
201 618 -10.0
38 863 -1.0
832 868 -3.0
192 926 -10.0
51 333 -9.0
184 331 -4.0
46 140 -7.0
286 762 -7.0
272 644 -7.0
323 445 -4.0
75 742 -2.0
72 670 -9.0
452 580 -3.0
414 506 -2.0
161 685 -8.0
27 506 -9.0
337 548 -9.0
443 789 -10.0
158 294 -8.0
584 824 -9.0
47 613 -4.0
391 873 -6.0
335 931 -9.0
170 562 -5.0
44 189 -9.0
18 513 -9.0
681 989 -5.0
91 704 -4.0
203 579 -7.0
773 846 -4.0
290 620 -3.0
409 722 -1.0
920 999 -2.0
39 838 -6.0
53 618 -1.0
297 485 -9.0
413 861 -2.0
136 401 -7.0
149 248 -2.0
296 639 -6.0
83 381 -5.0
181 903 -2.0
523 863 -1.0
359 851 -1.0
32 662 -2.0
381 981 -4.0
256 810 -4.0
63 380 -4.0
649 969 -1.0
126 265 -8.0
208 632 -7.0
287 822 -8.0
19 483 -5.0
221 729 -1.0
642 914 -6.0
563 644 -3.0
220 936 -1.0
796 864 -6.0
341 405 -9.0
148 613 -1.0
102 376 -9.0
296 927 -8.0
772 881 -8.0
129 992 -9.0
87 690 -8.0
58 315 -1.0
637 643 -3.0
47 196 -6.0
796 833 -10.0
495 681 -4.0
49 256 -1.0
780 892 -2.0
631 923 -9.0
124 156 -2.0
28 912 -2.0
189 884 -6.0
119 134 -7.0
651 653 -1.0
117 575 -7.0
686 718 -3.0
364 757 -1.0
535 871 -10.0
308 879 -4.0
161 517 -6.0
76 731 -6.0
702 852 -6.0
861 945 -10.0
445 740 -1.0
461 713 -8.0
111 447 -3.0
89 981 -6.0
548 810 -7.0
25 437 -4.0
759 923 -8.0
182 243 -9.0
60 79 -8.0
199 645 -3.0
731 954 -2.0
385 895 -10.0
409 559 -3.0
476 595 -1.0
588 950 -1.0
594 820 -3.0
486 652 -1.0
668 701 -6.0
195 245 -4.0
496 558 -3.0
192 859 -2.0
509 538 -5.0
385 726 -5.0
407 819 -5.0
540 977 -9.0
377 609 -2.0
25 922 -3.0
365 756 -4.0
254 976 -6.0
237 772 -6.0
412 821 -9.0
109 911 -8.0
437 743 -9.0
337 987 -10.0
527 644 -9.0
557 837 -8.0
48 52 -3.0
471 524 -3.0
702 959 -3.0
388 456 -2.0
174 209 -4.0
649 651 -9.0
16 712 -10.0
619 874 -5.0
45 189 -1.0
464 968 -5.0
595 836 -8.0
367 651 -4.0
339 548 -4.0
74 463 -8.0
26 636 -8.0
205 685 -2.0
395 818 -2.0
266 273 -10.0
101 486 -8.0
162 711 -4.0
362 573 -4.0
157 655 -3.0
290 511 -7.0
437 511 -1.0
437 568 -6.0
74 575 -1.0
214 442 -2.0
249 868 -10.0
565 680 -6.0
266 333 -3.0
596 702 -5.0
155 837 -5.0
346 738 -2.0
123 551 -3.0
827 912 -5.0
116 676 -8.0
410 853 -3.0
78 260 -8.0
104 820 -3.0
297 546 -1.0
798 892 -7.0
224 307 -7.0
33 770 -4.0
219 886 -5.0
328 429 -5.0
36 351 -9.0
29 702 -6.0
129 815 -4.0
6 162 -6.0
444 562 -9.0
506 907 -7.0
425 782 -5.0
38 894 -2.0
494 509 -7.0
127 557 -6.0
149 687 -1.0
353 824 -6.0
249 348 -7.0
237 541 -9.0
284 930 -6.0
273 551 -10.0
392 408 -10.0
723 910 -3.0
3 262 -7.0
53 230 -10.0
683 913 -7.0
447 746 -4.0
536 676 -2.0
80 816 -3.0
103 606 -10.0
158 394 -7.0
234 291 -6.0
420 454 -7.0
517 645 -6.0
203 573 -3.0
500 641 -6.0
266 285 -7.0
902 968 -1.0
310 880 -9.0
186 507 -10.0
678 937 -1.0
612 801 -4.0
298 849 -9.0
14 387 -3.0
922 943 -7.0
153 819 -3.0
29 339 -6.0
347 859 -4.0
243 281 -5.0
681 827 -8.0
434 568 -4.0
292 403 -8.0
421 777 -10.0
492 970 -10.0
298 564 -7.0
216 595 -4.0
97 465 -8.0
204 268 -7.0
175 566 -10.0
305 761 -6.0
15 395 -10.0
705 906 -9.0
448 948 -1.0
183 997 -5.0
446 576 -10.0
374 619 -6.0
298 890 -6.0
370 860 -5.0
89 169 -9.0
196 651 -5.0
35 467 -6.0
224 367 -2.0
393 841 -7.0
271 381 -3.0
217 868 -3.0
508 791 -7.0
41 79 -10.0
395 427 -1.0
136 901 -4.0
372 459 -7.0
107 969 -9.0
281 785 -3.0
201 258 -4.0
756 829 -5.0
62 480 -6.0
251 365 -6.0
59 877 -3.0
315 747 -6.0
653 822 -9.0
486 663 -8.0
174 909 -1.0
178 525 -9.0
316 871 -8.0
153 886 -4.0
371 915 -5.0
739 951 -6.0
212 334 -8.0
252 909 -9.0
292 882 -7.0
51 210 -3.0
694 896 -3.0
190 195 -4.0
284 795 -9.0
656 668 -5.0
518 722 -6.0
116 429 -8.0
391 714 -5.0
54 408 -10.0
51 679 -7.0
310 803 -8.0
317 728 -1.0
782 928 -10.0
533 783 -4.0
706 714 -5.0
434 885 -8.0
565 979 -10.0
331 420 -4.0
25 761 -2.0
107 602 -5.0
264 865 -8.0
23 150 -4.0
85 365 -1.0
792 964 -2.0
696 752 -7.0
305 927 -8.0
77 149 -3.0
532 839 -5.0
424 534 -6.0
693 846 -9.0
558 686 -9.0
167 882 -2.0
55 238 -7.0
41 263 -5.0
397 795 -3.0
967 994 -1.0
454 801 -2.0
255 970 -5.0
196 492 -7.0
377 959 -9.0
436 684 -3.0
166 245 -3.0
435 605 -10.0
289 459 -6.0
477 482 -6.0
442 654 -2.0
96 525 -10.0
229 748 -10.0
138 983 -6.0
73 853 -6.0
168 484 -6.0
143 519 -9.0
84 784 -2.0
381 784 -4.0
232 772 -7.0
162 439 -9.0
356 557 -2.0
26 851 -7.0
605 946 -1.0
669 834 -7.0
302 595 -10.0
198 918 -4.0
86 110 -5.0
159 635 -2.0
138 536 -4.0
354 520 -4.0
182 332 -4.0
252 336 -1.0
434 680 -9.0
38 788 -7.0
465 785 -6.0
165 239 -1.0
183 655 -9.0
141 792 -3.0
396 682 -1.0
138 285 -8.0
101 804 -6.0
194 206 -5.0
368 696 -1.0
53 776 -6.0
354 382 -2.0
242 979 -4.0
336 851 -1.0
859 869 -8.0
49 110 -8.0
93 823 -6.0
438 589 -2.0
331 479 -10.0
201 822 -2.0
314 514 -5.0
256 665 -6.0
260 442 -6.0
8 639 -7.0
294 300 -10.0
271 982 -5.0
520 607 -9.0
163 714 -3.0
220 272 -5.0
3 514 -9.0
777 895 -10.0
224 650 -7.0
592 667 -8.0
91 657 -9.0
404 884 -5.0
302 601 -1.0
114 735 -1.0
31 59 -5.0
610 772 -7.0
66 717 -9.0
130 452 -8.0
53 251 -4.0
149 918 -5.0
353 449 -7.0
678 734 -6.0
455 974 -8.0
346 827 -1.0
381 488 -10.0
89 851 -10.0
93 447 -2.0
914 968 -9.0
107 483 -5.0
990 993 -7.0
177 959 -8.0
281 621 -4.0
567 997 -6.0
455 604 -4.0
596 863 -4.0
89 241 -10.0
187 273 -2.0
838 849 -3.0
431 527 -8.0
94 941 -10.0
170 796 -6.0
70 981 -9.0
84 271 -7.0
79 569 -4.0
484 769 -8.0
374 522 -6.0
642 984 -10.0
477 875 -6.0
229 827 -5.0
173 469 -8.0
83 186 -4.0
308 321 -7.0
395 960 -6.0
252 624 -2.0
415 983 -4.0
15 385 -3.0
325 496 -4.0
326 633 -5.0
478 878 -5.0
233 753 -10.0
471 651 -5.0
27 835 -6.0
19 608 -1.0
269 883 -2.0
270 325 -4.0
574 999 -3.0
666 766 -10.0
596 748 -6.0
161 584 -2.0
74 437 -9.0
208 849 -5.0
961 995 -2.0
377 697 -10.0
97 284 -5.0
249 958 -2.0
266 757 -10.0
79 680 -7.0
654 692 -8.0
77 615 -3.0
824 872 -10.0
64 790 -10.0
65 113 -7.0
28 794 -5.0
170 794 -4.0
262 366 -1.0
719 770 -3.0
266 736 -8.0
188 452 -5.0
88 409 -6.0
219 602 -5.0
367 708 -9.0
263 848 -2.0
266 575 -7.0
574 776 -8.0
13 928 -10.0
283 552 -9.0
27 874 -5.0
235 415 -6.0
622 656 -5.0
94 217 -6.0
828 885 -4.0
118 991 -9.0
307 325 -4.0
74 884 -1.0
171 322 -6.0
482 843 -2.0
186 840 -5.0
536 666 -6.0
232 290 -7.0
13 708 -3.0
316 500 -8.0
169 205 -9.0
493 515 -4.0
158 410 -6.0
185 979 -5.0
8 791 -2.0
117 820 -5.0
215 588 -7.0
148 880 -2.0
193 561 -5.0
19 808 -8.0
606 667 -8.0
138 937 -1.0
107 353 -2.0
211 385 -5.0
563 641 -5.0
411 791 -9.0
228 705 -6.0
218 449 -1.0
273 967 -3.0
286 671 -10.0
728 856 -10.0
243 260 -9.0
489 665 -2.0
810 977 -10.0
74 682 -9.0
95 945 -7.0
106 205 -2.0
343 739 -9.0
376 538 -6.0
590 799 -5.0
322 511 -3.0
120 546 -6.0
72 457 -8.0
38 245 -9.0
267 708 -2.0
363 664 -4.0
638 812 -7.0
407 977 -3.0
39 770 -2.0
175 914 -10.0
360 899 -4.0
163 879 -3.0
83 401 -9.0
823 930 -9.0
421 607 -9.0
681 715 -10.0
307 941 -10.0
71 444 -7.0
279 916 -7.0
77 940 -10.0
413 956 -4.0
151 734 -9.0
606 653 -7.0
44 259 -1.0
418 441 -1.0
161 518 -4.0
423 863 -4.0
337 988 -5.0
840 855 -8.0
373 545 -10.0
389 621 -9.0
26 545 -8.0
1 546 -2.0
151 243 -3.0
179 824 -4.0
446 805 -9.0
768 940 -7.0
280 790 -6.0
99 738 -6.0
333 787 -9.0
46 248 -10.0
3 510 -10.0
582 969 -1.0
428 855 -6.0
712 856 -3.0
511 836 -2.0
257 456 -10.0
381 928 -9.0
111 136 -2.0
333 822 -7.0
353 474 -6.0
26 98 -3.0
653 908 -9.0
449 481 -5.0
307 805 -7.0
215 392 -6.0
548 579 -5.0
296 471 -5.0
706 897 -8.0
246 855 -7.0
315 497 -3.0
358 930 -8.0
19 964 -1.0
303 717 -1.0
129 829 -4.0
707 985 -4.0
482 705 -6.0
807 830 -10.0
694 995 -9.0
12 477 -10.0
545 814 -6.0
229 367 -10.0
117 657 -8.0
191 753 -7.0
101 364 -9.0
751 931 -6.0
417 772 -7.0
171 803 -7.0
345 923 -4.0
458 860 -1.0
522 849 -8.0
504 981 -9.0
731 788 -4.0
212 562 -8.0
73 264 -3.0
276 359 -3.0
480 919 -2.0
600 837 -1.0
467 821 -7.0
885 893 -3.0
279 839 -1.0
328 754 -4.0
525 624 -7.0
511 789 -9.0
164 191 -1.0
214 554 -8.0
293 847 -5.0
618 942 -7.0
228 992 -9.0
232 884 -10.0
283 723 -7.0
864 981 -10.0
123 472 -6.0
98 672 -4.0
78 960 -1.0
222 455 -10.0
237 954 -3.0
73 845 -2.0
101 172 -1.0
371 521 -8.0
235 856 -9.0
543 608 -9.0
483 772 -10.0
156 423 -4.0
319 488 -6.0
44 372 -2.0
166 656 -9.0
146 512 -10.0
719 758 -3.0
58 485 -4.0
155 276 -9.0
114 284 -6.0
184 990 -3.0
541 686 -1.0
57 522 -6.0
31 761 -5.0
382 498 -6.0
272 974 -10.0
541 971 -7.0
44 754 -1.0
127 405 -2.0
172 426 -5.0
185 375 -7.0
529 591 -4.0
24 838 -10.0
615 672 -5.0
13 258 -6.0
303 393 -3.0
659 863 -8.0
407 824 -10.0
351 448 -4.0
376 600 -4.0
355 516 -9.0
149 921 -1.0
112 541 -1.0
735 844 -8.0
378 419 -8.0
81 586 -5.0
676 769 -9.0
153 275 -10.0
432 854 -4.0
162 405 -1.0
358 976 -6.0
799 861 -9.0
242 732 -9.0
53 438 -2.0
345 376 -9.0
196 719 -9.0
802 812 -2.0
205 353 -5.0
204 583 -3.0
287 930 -10.0
86 641 -1.0
409 562 -2.0
395 416 -3.0
481 491 -5.0
195 419 -7.0
689 940 -3.0
233 511 -10.0
713 722 -8.0
180 779 -2.0
31 251 -5.0
176 311 -3.0
292 983 -8.0
112 185 -6.0
137 662 -6.0
141 820 -7.0
462 523 -8.0
408 539 -9.0
684 968 -8.0
330 955 -1.0
25 526 -7.0
9 606 -2.0
351 712 -7.0
10 549 -1.0
101 253 -6.0
402 792 -3.0
85 746 -7.0
232 700 -8.0
910 990 -10.0
591 692 -2.0
272 568 -10.0
615 982 -6.0
429 944 -4.0
509 542 -8.0
87 159 -5.0
598 741 -5.0
172 995 -6.0
307 634 -10.0
707 853 -7.0
283 332 -10.0
167 368 -10.0
329 726 -6.0
233 688 -6.0
106 292 -6.0
420 685 -9.0
352 469 -1.0
272 571 -4.0
13 1000 -3.0
59 511 -3.0
140 876 -9.0
684 816 -5.0
333 833 -5.0
66 636 -5.0
300 689 -5.0
93 182 -5.0
947 948 -6.0
261 708 -2.0
447 629 -6.0
632 846 -4.0
510 681 -7.0
695 897 -1.0
5 107 -10.0
131 587 -1.0
130 767 -4.0
599 906 -2.0
143 206 -5.0
326 391 -8.0
455 491 -2.0
696 723 -7.0
284 932 -3.0
327 719 -7.0
402 648 -4.0
530 830 -6.0
738 916 -3.0
198 234 -8.0
337 798 -1.0
160 317 -1.0
414 948 -9.0
398 701 -6.0
326 621 -1.0
71 580 -10.0
291 832 -6.0
7 599 -3.0
338 757 -9.0
900 990 -8.0
336 723 -6.0
180 211 -10.0
708 744 -5.0
377 743 -1.0
425 913 -3.0
851 904 -6.0
291 750 -8.0
348 374 -10.0
415 681 -4.0
72 215 -10.0
704 810 -1.0
280 503 -1.0
265 695 -8.0
792 805 -6.0
500 788 -3.0
428 742 -7.0
783 954 -1.0
513 846 -5.0
362 555 -6.0
218 971 -4.0
17 319 -3.0
451 819 -3.0
578 581 -10.0
808 988 -3.0
79 939 -9.0
814 817 -8.0
9 440 -9.0
85 146 -9.0
567 621 -1.0
314 474 -7.0
154 264 -4.0
152 178 -3.0
381 480 -7.0
166 312 -8.0
417 996 -10.0
5 376 -3.0
817 895 -6.0
35 977 -5.0
259 307 -6.0
492 542 -10.0
29 407 -3.0
474 774 -9.0
167 877 -5.0
687 842 -3.0
266 759 -5.0
680 962 -9.0
530 816 -5.0
874 880 -6.0
482 991 -1.0
447 986 -8.0
429 879 -8.0
688 901 -5.0
617 684 -3.0
291 698 -2.0
405 849 -9.0
127 713 -6.0
387 551 -2.0
558 976 -3.0
634 900 -4.0
262 467 -9.0
292 636 -2.0
504 858 -7.0
285 584 -10.0
382 838 -6.0
21 886 -10.0
115 812 -2.0
478 616 -4.0
452 888 -9.0
430 983 -7.0
287 962 -10.0
51 235 -5.0
209 285 -6.0
465 963 -4.0
39 145 -7.0
531 638 -3.0
314 888 -4.0
340 688 -4.0
157 327 -10.0
318 817 -1.0
239 855 -3.0
310 442 -5.0
629 639 -7.0
283 928 -4.0
658 806 -1.0
546 661 -4.0
73 378 -3.0
719 909 -10.0
715 853 -3.0
835 919 -10.0
133 529 -8.0
415 663 -2.0
171 708 -6.0
712 743 -3.0
919 954 -3.0
236 570 -3.0
273 522 -8.0
21 466 -1.0
13 946 -3.0
284 591 -4.0
547 840 -5.0
349 782 -7.0
335 756 -9.0
773 821 -10.0
477 942 -3.0
841 896 -2.0
246 343 -1.0
92 301 -3.0
9 469 -7.0
10 621 -9.0
824 923 -9.0
593 912 -8.0
205 838 -7.0
205 854 -8.0
641 670 -8.0
704 894 -6.0
144 767 -10.0
99 520 -1.0
767 860 -6.0
147 623 -9.0
720 982 -8.0
556 649 -6.0
83 683 -3.0
211 783 -8.0
279 922 -6.0
325 335 -4.0
26 928 -2.0
456 959 -7.0
324 563 -1.0
485 515 -7.0
375 433 -1.0
63 674 -4.0
226 714 -7.0
260 914 -4.0
781 939 -2.0
314 923 -1.0
369 520 -6.0
775 818 -8.0
687 865 -2.0
422 795 -3.0
602 749 -9.0
376 502 -7.0
759 972 -6.0
413 436 -10.0
591 861 -5.0
789 900 -10.0
349 583 -7.0
12 428 -8.0
170 443 -10.0
104 816 -7.0
353 451 -3.0
385 565 -2.0
99 652 -1.0
868 881 -7.0
472 853 -4.0
108 739 -9.0
366 989 -1.0
84 593 -2.0
487 656 -9.0
758 887 -7.0
183 221 -4.0
461 860 -10.0
521 651 -1.0
437 857 -8.0
363 962 -7.0
146 571 -10.0
519 686 -8.0
426 699 -1.0
189 595 -9.0
720 774 -5.0
730 986 -7.0
246 532 -3.0
5 636 -4.0
305 384 -1.0
513 922 -2.0
410 834 -8.0
126 944 -4.0
41 181 -10.0
29 906 -5.0
495 563 -3.0
6 84 -10.0
429 510 -9.0
61 974 -1.0
50 398 -9.0
706 824 -3.0
166 395 -3.0
516 860 -1.0
306 347 -2.0
115 754 -2.0
509 914 -8.0
132 387 -3.0
63 202 -5.0
234 980 -2.0
136 930 -4.0
471 613 -3.0
172 633 -3.0
220 520 -4.0
292 702 -4.0
198 867 -8.0
21 969 -2.0
808 976 -5.0
559 938 -9.0
297 658 -9.0
243 585 -4.0
466 483 -5.0
557 892 -8.0
183 609 -9.0
571 877 -4.0
170 237 -2.0
116 478 -6.0
249 548 -2.0
310 500 -10.0
395 998 -5.0
187 510 -9.0
275 534 -6.0
182 452 -2.0
299 340 -4.0
510 606 -7.0
445 598 -9.0
107 930 -4.0
389 953 -4.0
22 209 -8.0
559 982 -4.0
267 522 -3.0
294 696 -7.0
55 406 -2.0
649 861 -10.0
85 460 -8.0
833 865 -3.0
212 367 -10.0
239 799 -7.0
307 577 -9.0
99 239 -6.0
425 682 -10.0
246 523 -10.0
225 828 -6.0
167 930 -8.0
153 533 -6.0
499 618 -10.0
296 435 -2.0
214 358 -2.0
353 395 -4.0
744 869 -10.0
287 835 -1.0
428 861 -10.0
253 975 -2.0
300 628 -5.0
917 970 -7.0
132 785 -10.0
670 712 -10.0
811 984 -2.0
32 697 -5.0
410 695 -8.0
116 464 -3.0
386 732 -3.0
440 787 -2.0
267 773 -2.0
878 917 -4.0
119 537 -9.0
564 941 -8.0
962 980 -5.0
8 751 -7.0
285 795 -6.0
584 934 -9.0
124 470 -3.0
190 570 -2.0
50 353 -10.0
152 592 -7.0
210 817 -8.0
28 818 -9.0
338 455 -6.0
765 789 -4.0
430 644 -8.0
193 704 -5.0
229 537 -3.0
290 582 -6.0
210 689 -8.0
127 377 -2.0
138 965 -3.0
412 433 -5.0
553 920 -1.0
76 236 -4.0
526 900 -5.0
128 151 -3.0
358 933 -10.0
645 752 -2.0
299 770 -10.0
570 965 -2.0
139 966 -4.0
265 821 -2.0
83 536 -10.0
159 250 -7.0
233 245 -8.0
172 213 -4.0
666 801 -8.0
64 484 -3.0
58 270 -7.0
457 913 -8.0
4 599 -9.0
465 915 -3.0
503 817 -4.0
521 913 -7.0
775 826 -4.0
28 736 -9.0
78 587 -8.0
287 380 -10.0
306 905 -3.0
449 489 -4.0
265 963 -5.0
713 759 -2.0
752 809 -9.0
767 833 -3.0
119 516 -6.0
390 783 -4.0
431 972 -5.0
687 819 -2.0
456 493 -1.0
61 952 -8.0
384 906 -10.0
81 268 -8.0
607 991 -1.0
523 812 -3.0
212 993 -1.0
511 539 -6.0
411 716 -2.0
236 286 -6.0
404 496 -7.0
582 635 -2.0
468 528 -2.0
213 891 -7.0
376 663 -5.0
70 244 -3.0
569 753 -9.0
220 628 -4.0
135 614 -5.0
153 861 -10.0
236 543 -6.0
293 402 -9.0
409 733 -8.0
231 758 -5.0
529 576 -6.0
150 623 -3.0
355 800 -2.0
145 669 -3.0
203 694 -3.0
6 866 -1.0
327 762 -8.0
217 746 -5.0
84 699 -1.0
594 767 -9.0
857 914 -3.0
80 759 -6.0
203 342 -3.0
160 579 -6.0
595 754 -3.0
426 869 -10.0
229 769 -8.0
159 910 -5.0
463 986 -3.0
749 912 -6.0
170 212 -8.0
87 634 -3.0
22 572 -7.0
720 871 -10.0
380 481 -5.0
45 672 -9.0
214 897 -8.0
477 824 -10.0
449 818 -6.0
55 840 -6.0
361 612 -5.0
149 314 -2.0
546 926 -1.0
320 902 -10.0
580 885 -4.0
176 908 -5.0
452 643 -6.0
499 521 -3.0
275 486 -1.0
424 891 -4.0
600 992 -10.0
184 416 -4.0
592 939 -10.0
382 774 -1.0
508 638 -7.0
673 933 -8.0
110 744 -1.0
27 141 -7.0
950 975 -3.0
219 835 -5.0
43 777 -2.0
346 959 -3.0
260 615 -6.0
475 565 -4.0
59 190 -3.0
130 195 -3.0
188 717 -8.0
250 852 -6.0
182 436 -7.0
570 701 -6.0
681 739 -5.0
2 272 -2.0
51 159 -5.0
192 440 -7.0
351 682 -3.0
42 417 -10.0
397 787 -6.0
9 18 -6.0
292 839 -6.0
308 468 -3.0
336 663 -4.0
97 583 -10.0
142 638 -10.0
343 710 -1.0
840 982 -8.0
39 435 -9.0
561 661 -2.0
609 811 -4.0
283 819 -8.0
34 712 -6.0
33 667 -8.0
89 742 -3.0
727 878 -5.0
165 677 -10.0
83 155 -2.0
4 967 -6.0
231 420 -10.0
906 914 -10.0
30 574 -1.0
5 678 -2.0
306 820 -3.0
117 348 -2.0
291 764 -2.0
473 492 -2.0
535 911 -10.0
574 673 -5.0
85 334 -2.0
592 848 -7.0
189 451 -4.0
410 778 -8.0
405 735 -7.0
386 667 -7.0
185 875 -2.0
93 785 -5.0
93 322 -8.0
219 821 -1.0
582 616 -8.0
270 926 -6.0
277 574 -6.0
64 87 -9.0
453 903 -6.0
326 655 -3.0
466 521 -9.0
69 89 -9.0
259 379 -4.0
650 892 -6.0
86 396 -7.0
286 893 -8.0
95 579 -4.0
410 902 -5.0
781 852 -7.0
255 755 -9.0
720 729 -10.0
763 972 -7.0
47 560 -1.0
507 524 -3.0
256 961 -2.0
117 809 -2.0
264 692 -1.0
83 854 -3.0
45 231 -3.0
758 843 -1.0
703 858 -8.0
102 780 -8.0
302 585 -8.0
211 970 -5.0
705 928 -5.0
113 805 -7.0
461 567 -10.0
495 923 -6.0
350 991 -1.0
250 780 -5.0
358 863 -1.0
311 782 -1.0
439 922 -3.0
653 920 -9.0
472 961 -9.0
162 453 -10.0
170 239 -4.0
496 948 -7.0
118 789 -6.0
83 106 -8.0
239 524 -4.0
7 686 -3.0
225 319 -10.0
131 558 -7.0
355 482 -2.0
240 784 -10.0
348 525 -10.0
271 418 -4.0
325 692 -5.0
553 843 -4.0
317 833 -6.0
232 844 -2.0
311 470 -7.0
98 943 -8.0
452 824 -1.0
644 705 -7.0
492 918 -9.0
457 514 -7.0
98 126 -9.0
670 864 -1.0
310 372 -10.0
608 941 -9.0
256 505 -1.0
538 919 -5.0
411 897 -10.0
360 744 -5.0
690 759 -6.0
300 916 -5.0
816 870 -4.0
176 371 -6.0
484 687 -7.0
34 446 -4.0
357 638 -6.0
760 792 -5.0
637 938 -3.0
898 997 -9.0
247 402 -2.0
56 415 -7.0
104 333 -10.0
671 873 -7.0
674 931 -2.0
656 861 -10.0
363 403 -3.0
269 669 -1.0
745 981 -9.0
98 994 -1.0
70 616 -4.0
493 905 -9.0
900 922 -3.0
384 459 -3.0
311 966 -9.0
487 950 -3.0
199 671 -10.0
496 708 -4.0
74 582 -8.0
764 959 -6.0
549 758 -1.0
871 963 -4.0
44 696 -10.0
603 885 -2.0
231 505 -7.0
203 260 -6.0
484 837 -6.0
33 591 -9.0
51 733 -8.0
309 532 -6.0
374 650 -5.0
233 735 -9.0
100 201 -2.0
249 320 -10.0
476 694 -10.0
252 557 -1.0
512 934 -4.0
383 612 -6.0
212 823 -7.0
109 114 -10.0
545 629 -4.0
510 934 -3.0
199 701 -4.0
583 898 -1.0
150 725 -5.0
451 813 -1.0
310 724 -4.0
905 999 -10.0
99 808 -8.0
40 351 -10.0
134 190 -7.0
500 628 -8.0
164 686 -5.0
861 882 -8.0
196 766 -10.0
138 702 -3.0
251 486 -6.0
18 174 -9.0
656 970 -5.0
672 894 -9.0
5 256 -2.0
33 165 -8.0
137 348 -8.0
662 744 -5.0
755 765 -2.0
148 811 -9.0
376 923 -5.0
200 466 -4.0
589 957 -1.0
24 888 -6.0
555 984 -4.0
283 572 -4.0
592 823 -2.0
373 508 -6.0
68 334 -2.0
19 730 -5.0
720 778 -8.0
145 953 -9.0
629 934 -7.0
406 628 -4.0
10 976 -2.0
71 699 -9.0
317 348 -9.0
93 891 -2.0
126 632 -4.0
66 451 -10.0
187 817 -2.0
486 589 -8.0
144 871 -6.0
28 277 -2.0
534 857 -8.0
626 628 -2.0
148 303 -5.0
450 659 -5.0
395 726 -4.0
14 859 -5.0
453 873 -5.0
462 673 -3.0
478 994 -3.0
302 536 -10.0
582 974 -2.0
493 830 -3.0
540 907 -8.0
108 187 -9.0
21 707 -6.0
79 133 -6.0
141 264 -9.0
108 426 -8.0
581 744 -8.0
86 220 -1.0
767 1000 -7.0
637 996 -5.0
117 991 -3.0
684 847 -10.0
132 750 -10.0
784 874 -7.0
877 1000 -7.0
95 317 -3.0
90 818 -3.0
166 562 -9.0
213 866 -7.0
608 929 -7.0
867 972 -10.0
6 561 -6.0
376 708 -8.0
115 599 -8.0
22 800 -2.0
3 882 -6.0
738 785 -1.0
448 535 -9.0
224 793 -5.0
697 736 -10.0
144 597 -6.0
160 986 -6.0
685 790 -1.0
102 937 -5.0
184 854 -9.0
132 267 -4.0
98 827 -9.0
786 934 -6.0
178 333 -4.0
159 470 -3.0
321 441 -8.0
72 771 -8.0
754 997 -9.0
470 934 -10.0
189 522 -3.0
83 292 -5.0
94 382 -2.0
98 877 -10.0
327 867 -5.0
240 965 -1.0
201 913 -8.0
245 681 -1.0
80 768 -10.0
214 773 -7.0
369 794 -4.0
216 392 -10.0
76 249 -3.0
620 839 -10.0
299 933 -2.0
26 964 -10.0
191 417 -10.0
357 881 -4.0
141 575 -2.0
74 992 -6.0
277 599 -5.0
176 583 -1.0
16 966 -5.0
495 567 -10.0
261 946 -7.0
133 534 -8.0
654 810 -7.0
222 751 -3.0
323 950 -9.0
487 956 -1.0
773 787 -2.0
44 985 -8.0
306 791 -1.0
670 722 -2.0
527 865 -5.0
211 433 -6.0
354 436 -10.0
437 539 -8.0
339 987 -1.0
811 909 -7.0
627 640 -4.0
9 590 -4.0
367 778 -7.0
277 397 -7.0
146 601 -3.0
357 428 -4.0
826 883 -8.0
6 468 -9.0
55 456 -3.0
8 730 -5.0
351 572 -4.0
407 431 -6.0
499 686 -9.0
271 361 -9.0
705 923 -10.0
53 543 -7.0
573 926 -1.0
451 587 -3.0
346 901 -8.0
81 262 -4.0
211 997 -6.0
556 833 -10.0
428 895 -4.0
15 584 -4.0
131 978 -6.0
55 512 -10.0
86 749 -2.0
145 765 -7.0
219 420 -9.0
948 959 -4.0
731 910 -1.0
491 529 -3.0
372 474 -4.0
631 633 -4.0
177 730 -6.0
60 349 -3.0
25 901 -8.0
41 350 -8.0
303 486 -7.0
408 709 -7.0
298 966 -5.0
558 887 -2.0
160 865 -9.0
69 636 -10.0
185 991 -5.0
71 953 -8.0
588 639 -4.0
473 691 -4.0
430 787 -7.0
206 819 -9.0
528 624 -5.0
361 728 -6.0
201 775 -7.0
312 468 -6.0
102 684 -3.0
222 846 -10.0
507 846 -8.0
241 995 -5.0
367 519 -10.0
236 915 -1.0
219 917 -7.0
414 828 -7.0
599 718 -2.0
39 914 -7.0
48 592 -5.0
106 794 -4.0
183 730 -1.0
508 604 -2.0
62 664 -1.0
904 992 -4.0
345 723 -5.0
285 561 -6.0
385 434 -10.0
621 705 -2.0
237 273 -2.0
131 536 -8.0
334 441 -7.0
25 740 -8.0
820 867 -9.0
279 760 -2.0
731 852 -7.0
86 590 -9.0
709 769 -4.0
110 911 -6.0
128 645 -2.0
680 727 -4.0
14 159 -2.0
167 531 -2.0
51 795 -4.0
271 911 -7.0
512 692 -9.0
654 671 -5.0
133 399 -2.0
54 128 -1.0
31 246 -4.0
429 743 -10.0
32 844 -10.0
150 697 -5.0
203 404 -3.0
245 652 -6.0
21 283 -6.0
461 898 -9.0
262 519 -8.0
91 954 -6.0
414 744 -4.0
308 999 -5.0
206 301 -7.0
175 412 -6.0
388 576 -8.0
90 935 -5.0
27 745 -5.0
537 752 -1.0
758 973 -9.0
369 933 -2.0
118 411 -4.0
634 707 -4.0
253 591 -7.0
321 574 -6.0
622 823 -2.0
121 834 -5.0
390 976 -1.0
843 854 -2.0
72 890 -8.0
98 400 -6.0
545 762 -10.0
39 490 -7.0
708 862 -9.0
48 265 -1.0
40 54 -3.0
680 956 -4.0
174 524 -4.0
361 608 -10.0
384 651 -6.0
64 771 -4.0
108 862 -3.0
840 995 -6.0
843 850 -1.0
92 100 -8.0
436 716 -5.0
300 302 -4.0
354 755 -5.0
17 293 -8.0
14 600 -2.0
518 701 -8.0
98 215 -9.0
176 251 -6.0
279 911 -2.0
541 922 -8.0
396 456 -1.0
319 945 -10.0
89 182 -6.0
788 930 -4.0
308 661 -1.0
893 986 -2.0
306 431 -8.0
150 296 -4.0
267 845 -8.0
223 399 -9.0
123 372 -1.0
169 174 -9.0
331 544 -5.0
19 906 -7.0
204 409 -10.0
114 483 -3.0
651 677 -2.0
399 759 -7.0
468 738 -8.0
250 321 -9.0
511 939 -10.0
815 881 -4.0
230 402 -4.0
9 428 -4.0
489 620 -3.0
622 742 -6.0
808 845 -8.0
387 792 -10.0
385 453 -8.0
13 922 -7.0
578 655 -9.0
194 282 -2.0
93 321 -9.0
23 750 -7.0
258 433 -6.0
312 409 -5.0
54 699 -1.0
91 98 -10.0
778 826 -4.0
226 795 -6.0
35 611 -7.0
52 567 -10.0
64 453 -8.0
630 836 -5.0
199 794 -6.0
314 831 -8.0
555 788 -7.0
108 521 -9.0
496 814 -4.0
211 361 -8.0
2 114 -5.0
19 110 -6.0
274 647 -6.0
629 919 -4.0
115 265 -5.0
99 535 -2.0
511 851 -5.0
256 484 -5.0
39 159 -8.0
497 988 -9.0
20 380 -7.0
243 817 -5.0
182 202 -9.0
321 697 -1.0
612 850 -8.0
164 413 -8.0
710 990 -4.0
416 770 -6.0
321 648 -1.0
530 532 -6.0
234 973 -9.0
684 698 -4.0
188 609 -1.0
10 109 -5.0
123 980 -5.0
35 767 -7.0
15 810 -6.0
439 518 -3.0
141 536 -10.0
250 506 -8.0
412 909 -10.0
38 761 -8.0
769 910 -2.0
175 297 -7.0
203 969 -4.0
280 928 -7.0
429 645 -1.0
528 678 -1.0
281 341 -9.0
407 674 -3.0
405 556 -2.0
55 177 -2.0
103 807 -2.0
519 672 -7.0
71 130 -3.0
314 971 -7.0
617 799 -8.0
43 533 -9.0
51 681 -4.0
69 496 -10.0
114 193 -3.0
204 662 -8.0
532 792 -2.0
187 555 -7.0
454 804 -8.0
381 898 -7.0
243 893 -2.0
836 918 -9.0
249 729 -3.0
124 298 -7.0
482 649 -5.0
90 402 -5.0
380 616 -9.0
294 903 -1.0
763 863 -5.0
217 482 -10.0
429 902 -8.0
7 919 -6.0
65 877 -7.0
371 931 -3.0
447 727 -9.0
340 590 -2.0
468 866 -10.0
254 338 -2.0
508 677 -9.0
238 542 -6.0
350 698 -8.0
864 879 -1.0
276 732 -2.0
11 893 -4.0
320 744 -6.0
430 969 -2.0
194 349 -8.0
482 757 -10.0
233 402 -5.0
247 679 -6.0
177 600 -8.0
278 456 -2.0
110 380 -5.0
564 778 -2.0
164 450 -10.0
674 747 -8.0
153 770 -4.0
49 51 -10.0
630 705 -6.0
136 698 -8.0
99 135 -3.0
244 389 -3.0
291 618 -6.0
315 946 -8.0
387 812 -2.0
269 410 -4.0
483 714 -7.0
128 550 -4.0
642 735 -9.0
455 984 -2.0
52 819 -6.0
170 320 -5.0
491 618 -5.0
504 835 -2.0
156 885 -4.0
385 867 -1.0
659 924 -10.0
729 888 -8.0
29 705 -10.0
30 247 -5.0
508 623 -2.0
259 521 -5.0
131 529 -7.0
423 609 -8.0
604 774 -7.0
178 863 -2.0
576 827 -8.0
433 868 -8.0
468 849 -6.0
360 988 -4.0
450 874 -10.0
415 999 -10.0
374 849 -2.0
65 241 -10.0
230 704 -4.0
31 986 -3.0
178 287 -8.0
559 606 -10.0
225 977 -6.0
64 843 -5.0
276 646 -6.0
548 891 -8.0
293 466 -3.0
235 372 -10.0
51 496 -9.0
121 380 -5.0
141 765 -2.0
453 943 -1.0
206 289 -5.0
849 880 -6.0
19 72 -4.0
173 349 -10.0
349 435 -2.0
262 815 -4.0
684 735 -9.0
835 875 -3.0
168 859 -2.0
517 549 -3.0
140 870 -6.0
34 744 -9.0
129 806 -10.0
222 384 -9.0
772 803 -8.0
280 974 -5.0
465 654 -1.0
604 612 -7.0
223 312 -7.0
511 592 -9.0
678 728 -1.0
72 200 -3.0
114 858 -6.0
159 669 -3.0
530 900 -1.0
237 983 -9.0
155 385 -6.0
356 391 -2.0
647 856 -9.0
106 919 -10.0
113 475 -9.0
389 445 -1.0
191 229 -10.0
228 403 -10.0
741 925 -3.0
82 154 -2.0
720 951 -7.0
562 875 -6.0
224 849 -7.0
703 990 -1.0
340 812 -3.0
40 385 -1.0
353 952 -3.0
138 889 -7.0
156 925 -4.0
155 248 -6.0
496 604 -10.0
178 385 -10.0
566 977 -8.0
659 747 -10.0
83 944 -2.0
295 337 -1.0
333 935 -1.0
464 749 -5.0
251 362 -7.0
90 336 -3.0
56 536 -1.0
132 500 -3.0
377 818 -6.0
308 667 -8.0
252 372 -4.0
18 253 -2.0
32 84 -8.0
757 982 -10.0
462 836 -1.0
140 316 -2.0
600 724 -10.0
205 358 -9.0
196 810 -7.0
193 508 -8.0
587 957 -8.0
80 717 -6.0
173 444 -6.0
257 930 -5.0
933 988 -9.0
333 613 -5.0
118 654 -8.0
26 415 -2.0
150 173 -6.0
370 732 -5.0
79 899 -2.0
266 491 -4.0
21 74 -4.0
468 651 -2.0
288 537 -3.0
454 744 -3.0
490 794 -10.0
754 963 -3.0
625 869 -9.0
42 233 -3.0
853 958 -7.0
632 926 -1.0
538 745 -4.0
758 893 -1.0
467 485 -2.0
461 569 -8.0
178 413 -7.0
609 843 -3.0
61 697 -2.0
353 493 -7.0
72 374 -10.0
199 275 -4.0
33 294 -4.0
856 970 -4.0
132 781 -10.0
463 477 -8.0
647 812 -9.0
180 488 -3.0
614 656 -8.0
194 655 -7.0
16 493 -6.0
417 860 -3.0
351 409 -3.0
375 411 -6.0
61 170 -7.0
60 552 -5.0
58 504 -3.0
185 419 -1.0
843 958 -9.0
1 999 -8.0
225 818 -2.0
316 857 -8.0
282 772 -2.0
249 747 -2.0
165 635 -4.0
322 865 -7.0
280 355 -1.0
104 786 -10.0
228 708 -6.0
619 635 -2.0
70 210 -7.0
48 151 -3.0
67 443 -2.0
761 989 -8.0
184 400 -3.0
137 249 -8.0
209 324 -10.0
48 105 -7.0
491 957 -6.0
736 950 -5.0
123 786 -1.0
391 965 -3.0
388 911 -3.0
82 522 -7.0
670 904 -1.0
438 894 -7.0
244 782 -8.0
353 679 -1.0
285 879 -4.0
159 734 -2.0
26 463 -10.0
583 602 -4.0
86 684 -2.0
122 304 -4.0
449 522 -3.0
374 709 -5.0
418 506 -1.0
577 925 -1.0
413 729 -4.0
254 707 -3.0
577 940 -5.0
573 713 -5.0
500 506 -8.0
370 600 -3.0
316 655 -8.0
493 906 -4.0
170 791 -9.0
735 737 -9.0
85 695 -1.0
413 997 -4.0
506 643 -6.0
27 984 -4.0
797 866 -3.0
87 618 -9.0
782 799 -10.0
472 596 -5.0
771 881 -2.0
122 893 -4.0
59 418 -5.0
229 437 -9.0
467 966 -1.0
447 996 -7.0
548 841 -4.0
364 486 -3.0
225 399 -8.0
303 682 -4.0
289 988 -3.0
531 982 -1.0
338 731 -3.0
230 903 -2.0
228 653 -1.0
217 613 -10.0
832 960 -1.0
595 603 -1.0
188 542 -6.0
147 455 -1.0
217 714 -3.0
34 304 -3.0
34 825 -7.0
603 819 -5.0
18 219 -6.0
772 940 -7.0
296 348 -2.0
46 987 -8.0
4 567 -5.0
115 741 -7.0
353 564 -2.0
176 535 -6.0
232 321 -4.0
12 424 -9.0
622 670 -8.0
450 989 -4.0
188 276 -2.0
162 929 -2.0
57 605 -6.0
52 154 -9.0
208 957 -5.0
344 685 -3.0
651 796 -2.0
665 943 -9.0
547 985 -7.0
188 540 -2.0
452 921 -1.0
617 793 -10.0
432 532 -2.0
833 858 -6.0
46 264 -10.0
532 627 -4.0
720 869 -1.0
40 512 -5.0
137 457 -5.0
501 529 -1.0
105 542 -7.0
175 537 -6.0
741 980 -1.0
596 662 -10.0
579 861 -5.0
446 933 -10.0
765 818 -3.0
448 808 -6.0
351 581 -3.0
267 663 -1.0
764 768 -5.0
248 724 -5.0
718 744 -5.0
297 517 -2.0
126 574 -7.0
595 967 -9.0
342 474 -1.0
111 223 -3.0
136 605 -6.0
114 673 -9.0
10 490 -8.0
337 592 -4.0
808 823 -8.0
252 651 -6.0
298 780 -4.0
140 327 -9.0
580 921 -10.0
129 556 -3.0
407 657 -8.0
888 948 -3.0
840 871 -2.0
158 277 -9.0
87 166 -2.0
89 458 -5.0
639 707 -2.0
33 834 -7.0
165 607 -9.0
319 329 -1.0
247 457 -4.0
334 622 -5.0
34 130 -10.0
535 607 -6.0
354 618 -7.0
135 428 -10.0
268 373 -5.0
847 875 -8.0
483 817 -1.0
295 690 -3.0
730 852 -5.0
446 533 -3.0
24 139 -5.0
202 628 -7.0
579 998 -2.0
709 962 -5.0
129 474 -5.0
880 905 -1.0
79 565 -9.0
127 857 -1.0
370 707 -2.0
186 484 -7.0
649 829 -3.0
391 631 -5.0
166 238 -2.0
403 990 -8.0
266 490 -8.0
468 997 -3.0
89 437 -7.0
131 961 -2.0
65 118 -8.0
368 759 -4.0
375 552 -9.0
178 972 -1.0
698 831 -10.0
211 363 -3.0
656 941 -3.0
19 574 -4.0
219 432 -3.0
168 975 -3.0
374 597 -2.0
819 975 -7.0
252 938 -6.0
347 877 -4.0
782 989 -1.0
566 798 -7.0
326 932 -9.0
211 294 -9.0
110 254 -9.0
143 752 -7.0
743 954 -1.0
74 456 -10.0
352 725 -10.0
220 395 -3.0
492 616 -7.0
89 160 -3.0
85 679 -8.0
179 235 -9.0
501 984 -3.0
747 968 -2.0
105 780 -4.0
262 896 -7.0
186 908 -7.0
8 754 -8.0
246 660 -10.0
335 738 -7.0
805 975 -10.0
247 383 -1.0
37 244 -2.0
660 694 -4.0
634 656 -1.0
809 818 -10.0
479 949 -7.0
51 483 -5.0
307 416 -8.0
710 780 -3.0
91 299 -7.0
721 759 -6.0
278 783 -8.0
880 968 -6.0
719 850 -10.0
162 173 -3.0
85 882 -3.0
523 935 -8.0
479 950 -3.0
258 787 -8.0
716 857 -1.0
460 753 -7.0
513 840 -2.0
49 271 -8.0
184 408 -7.0
195 983 -10.0
273 752 -8.0
190 673 -6.0
83 86 -8.0
145 811 -3.0
144 795 -6.0
58 632 -3.0
266 729 -5.0
77 389 -9.0
566 571 -6.0
259 822 -5.0
33 750 -5.0
26 908 -9.0
69 602 -1.0
590 680 -8.0
29 653 -9.0
302 416 -3.0
819 971 -3.0
824 945 -6.0
656 774 -8.0
310 722 -10.0
329 546 -1.0
224 777 -9.0
346 910 -7.0
364 1000 -10.0
147 957 -9.0
530 707 -10.0
430 769 -6.0
125 848 -4.0
363 649 -10.0
13 805 -2.0
605 783 -1.0
285 808 -3.0
225 456 -8.0
336 717 -5.0
86 543 -2.0
430 964 -9.0
115 446 -2.0
525 897 -4.0
173 231 -5.0
757 936 -1.0
11 653 -3.0
435 465 -7.0
210 840 -3.0
314 877 -1.0
217 250 -3.0
200 817 -1.0
197 198 -6.0
185 862 -7.0
350 977 -1.0
267 575 -9.0
599 764 -2.0
275 802 -5.0
699 897 -8.0
76 513 -1.0
660 931 -4.0
276 643 -3.0
352 408 -2.0
443 565 -5.0
670 908 -10.0
375 581 -4.0
772 843 -3.0
343 750 -10.0
17 649 -10.0
53 635 -9.0
476 773 -3.0
609 1000 -7.0
691 921 -6.0
161 414 -2.0
189 849 -3.0
475 712 -1.0
140 596 -9.0
39 388 -6.0
485 736 -8.0
8 856 -10.0
128 662 -8.0
572 887 -2.0
69 251 -7.0
204 984 -5.0
152 450 -3.0
311 381 -5.0
700 846 -7.0
240 860 -9.0
539 799 -10.0
552 623 -2.0
63 68 -7.0
552 741 -6.0
653 710 -4.0
127 971 -9.0
566 836 -1.0
458 494 -6.0
160 336 -5.0
213 771 -7.0
32 973 -9.0
453 626 -2.0
560 976 -1.0
206 389 -6.0
487 741 -4.0
66 902 -8.0
84 935 -5.0
161 465 -8.0
79 838 -7.0
109 646 -3.0
482 614 -3.0
263 863 -9.0
211 350 -5.0
14 18 -5.0
17 212 -1.0
11 235 -4.0
104 762 -6.0
210 731 -5.0
555 814 -5.0
398 942 -5.0
167 964 -1.0
49 387 -8.0
775 807 -10.0
56 178 -4.0
106 657 -2.0
843 950 -6.0
829 908 -6.0
57 774 -2.0
455 972 -2.0
704 949 -9.0
51 163 -3.0
276 937 -7.0
660 662 -2.0
137 777 -9.0
221 236 -3.0
158 196 -6.0
173 440 -1.0
39 761 -9.0
69 474 -8.0
115 210 -8.0
225 435 -4.0
516 845 -9.0
745 779 -8.0
175 394 -7.0
74 800 -4.0
559 868 -6.0
764 838 -8.0
295 637 -3.0
14 938 -1.0
38 94 -1.0
28 895 -8.0
262 379 -4.0
377 920 -4.0
61 431 -2.0
188 897 -5.0
143 378 -3.0
159 257 -7.0
411 764 -5.0
866 881 -5.0
451 656 -9.0
374 796 -3.0
148 213 -6.0
58 942 -1.0
139 860 -5.0
691 886 -8.0
266 941 -8.0
83 427 -2.0
46 116 -8.0
494 665 -5.0
138 206 -7.0
74 560 -4.0
155 538 -3.0
278 929 -3.0
245 568 -9.0
794 813 -7.0
55 996 -6.0
159 955 -1.0
341 447 -8.0
245 721 -5.0
331 963 -5.0
199 292 -2.0
368 662 -4.0
325 924 -3.0
687 835 -6.0
617 706 -4.0
261 640 -3.0
176 810 -8.0
760 858 -6.0
258 658 -6.0
364 931 -7.0
649 653 -4.0
332 988 -2.0
395 418 -4.0
84 429 -2.0
589 672 -2.0
697 756 -7.0
286 788 -4.0
298 635 -10.0
126 208 -4.0
135 354 -9.0
337 541 -1.0
709 904 -6.0
312 640 -7.0
70 853 -9.0
282 668 -5.0
507 912 -2.0
284 522 -5.0
134 602 -3.0
380 939 -1.0
310 714 -10.0
67 802 -4.0
21 658 -3.0
607 905 -3.0
615 945 -4.0
250 424 -2.0
517 919 -1.0
351 546 -2.0
294 472 -9.0
652 828 -9.0
921 986 -9.0
16 273 -7.0
103 139 -10.0
378 443 -5.0
371 464 -9.0
598 763 -5.0
747 853 -7.0
42 681 -8.0
39 448 -2.0
486 857 -6.0
18 771 -1.0
633 964 -8.0
119 682 -8.0
339 579 -7.0
99 894 -1.0
239 997 -3.0
111 746 -3.0
34 422 -7.0
63 972 -4.0
63 280 -3.0
365 638 -8.0
635 723 -2.0
48 126 -2.0
38 86 -5.0
444 524 -7.0
582 950 -6.0
83 966 -5.0
247 923 -1.0
792 863 -4.0
520 545 -2.0
331 856 -1.0
770 828 -9.0
609 806 -9.0
534 609 -10.0
150 901 -5.0
551 800 -3.0
145 857 -6.0
262 709 -5.0
778 1000 -9.0
852 966 -7.0
234 946 -1.0
38 793 -4.0
485 894 -8.0
114 485 -9.0
621 856 -2.0
528 537 -4.0
150 548 -7.0
460 593 -1.0
44 587 -7.0
448 818 -1.0
98 912 -2.0
51 570 -5.0
388 702 -7.0
572 952 -9.0
831 876 -9.0
102 844 -5.0
355 522 -6.0
588 648 -10.0
328 822 -9.0
480 668 -6.0
314 340 -1.0
75 354 -3.0
449 987 -5.0
468 883 -8.0
47 103 -8.0
94 696 -1.0
226 865 -3.0
405 868 -9.0
381 937 -6.0
595 890 -5.0
438 572 -5.0
44 505 -8.0
785 997 -4.0
60 896 -7.0
309 685 -7.0
65 541 -3.0
141 676 -4.0
82 909 -10.0
246 858 -7.0
312 948 -6.0
221 329 -8.0
477 528 -7.0
468 604 -3.0
530 541 -9.0
265 452 -2.0
18 648 -1.0
392 665 -2.0
889 901 -2.0
915 956 -2.0
193 460 -5.0
187 667 -4.0
228 493 -9.0
500 920 -6.0
370 848 -3.0
126 276 -3.0
826 915 -8.0
354 865 -2.0
97 753 -2.0
256 382 -5.0
728 821 -7.0
78 981 -2.0
47 350 -9.0
116 180 -2.0
585 890 -6.0
66 324 -10.0
594 987 -3.0
513 898 -3.0
414 679 -8.0
25 750 -9.0
206 272 -5.0
339 385 -8.0
48 637 -7.0
408 502 -1.0
376 746 -7.0
951 979 -8.0
384 887 -10.0
440 794 -6.0
3 16 -10.0
527 609 -7.0
233 832 -5.0
767 869 -8.0
13 909 -4.0
35 730 -5.0
150 184 -8.0
374 895 -5.0
615 736 -6.0
134 567 -3.0
584 711 -10.0
268 772 -10.0
826 958 -2.0
180 874 -5.0
485 532 -2.0
27 413 -5.0
590 897 -8.0
447 812 -9.0
145 183 -8.0
114 855 -2.0
322 469 -1.0
9 370 -9.0
124 851 -10.0
178 263 -2.0
72 721 -5.0
313 459 -3.0
72 495 -5.0
566 998 -2.0
170 338 -1.0
285 957 -1.0
81 714 -9.0
96 413 -9.0
137 281 -1.0
99 481 -6.0
64 737 -1.0
405 981 -5.0
393 738 -7.0
474 589 -1.0
69 486 -4.0
651 704 -9.0
237 440 -7.0
12 195 -8.0
424 692 -8.0
522 737 -5.0
277 860 -2.0
140 349 -7.0
65 665 -1.0
196 470 -4.0
120 137 -8.0
340 493 -6.0
489 810 -10.0
356 516 -10.0
668 812 -6.0
668 694 -3.0
475 765 -5.0
161 395 -3.0
222 744 -3.0
37 97 -5.0
154 273 -8.0
120 675 -2.0
315 451 -10.0
138 645 -1.0
98 523 -6.0
187 665 -3.0
16 924 -4.0
104 963 -3.0
304 944 -5.0
313 832 -5.0
394 740 -3.0
410 964 -7.0
572 688 -1.0
414 826 -3.0
662 678 -4.0
353 742 -4.0
416 970 -7.0
64 997 -3.0
253 517 -2.0
27 878 -3.0
442 445 -3.0
98 870 -4.0
244 534 -7.0
297 420 -6.0
855 875 -1.0
232 634 -7.0
145 897 -4.0
266 312 -5.0
309 421 -10.0
53 550 -7.0
540 935 -9.0
308 766 -4.0
307 545 -8.0
832 883 -1.0
656 870 -4.0
309 726 -1.0
184 600 -9.0
560 597 -7.0
81 885 -6.0
111 269 -2.0
299 710 -9.0
43 788 -10.0
704 871 -8.0
279 316 -2.0
155 609 -6.0
476 962 -4.0
179 521 -7.0
723 809 -3.0
281 575 -1.0
4 228 -1.0
172 671 -3.0
274 379 -3.0
263 826 -4.0
5 317 -9.0
21 245 -2.0
85 968 -9.0
457 707 -4.0
175 463 -8.0
191 255 -7.0
258 896 -9.0
234 499 -6.0
441 727 -10.0
555 974 -9.0
215 816 -5.0
91 784 -4.0
501 959 -6.0
312 506 -1.0
302 871 -4.0
472 710 -8.0
230 608 -9.0
54 127 -4.0
120 968 -4.0
422 683 -7.0
192 347 -5.0
176 188 -8.0
403 962 -9.0
27 243 -9.0
345 545 -7.0
128 771 -3.0
662 712 -9.0
921 959 -5.0
43 671 -5.0
471 618 -10.0
88 995 -1.0
518 964 -6.0
351 415 -3.0
236 527 -4.0
419 984 -9.0
296 580 -6.0
336 945 -7.0
42 866 -2.0
149 800 -3.0
760 824 -4.0
92 205 -3.0
192 881 -5.0
544 717 -3.0
849 937 -3.0
411 446 -6.0
50 320 -10.0
58 624 -9.0
79 275 -10.0
348 634 -7.0
82 710 -2.0
691 963 -1.0
30 213 -5.0
405 803 -5.0
223 288 -5.0
153 804 -8.0
455 534 -5.0
412 769 -3.0
76 671 -1.0
109 796 -9.0
361 606 -4.0
143 770 -8.0
257 399 -7.0
106 398 -9.0
270 812 -8.0
60 268 -5.0
389 765 -2.0
295 783 -8.0
90 844 -7.0
259 586 -6.0
572 783 -8.0
765 909 -5.0
117 625 -2.0
540 905 -9.0
357 388 -7.0
536 658 -8.0
514 902 -9.0
742 946 -1.0
126 714 -10.0
416 942 -5.0
414 928 -7.0
389 394 -6.0
475 510 -8.0
705 829 -2.0
22 438 -6.0
293 354 -1.0
506 923 -7.0
747 779 -5.0
281 796 -4.0
343 435 -8.0
725 907 -6.0
870 885 -1.0
129 887 -7.0
495 744 -2.0
130 876 -3.0
278 525 -2.0
952 978 -2.0
751 838 -10.0
104 502 -4.0
198 931 -4.0
482 678 -6.0
175 315 -2.0
305 903 -1.0
208 214 -6.0
144 683 -8.0
627 672 -10.0
672 754 -4.0
524 907 -7.0
968 1000 -8.0
454 640 -2.0
14 205 -10.0
610 891 -6.0
66 641 -2.0
79 427 -4.0
93 536 -9.0
68 996 -3.0
341 994 -7.0
120 939 -6.0
493 535 -4.0
179 848 -9.0
132 744 -5.0
572 693 -2.0
120 338 -6.0
215 554 -9.0
276 402 -4.0
202 828 -7.0
868 885 -7.0
440 619 -4.0
134 354 -3.0
107 447 -3.0
703 983 -9.0
394 395 -10.0
226 446 -7.0
180 817 -7.0
481 688 -4.0
274 286 -6.0
247 903 -5.0
536 629 -4.0
211 636 -10.0
801 824 -9.0
637 653 -7.0
581 700 -3.0
830 919 -2.0
87 850 -3.0
280 289 -8.0
119 441 -10.0
454 807 -9.0
746 829 -1.0
468 728 -5.0
764 865 -2.0
211 373 -3.0
806 912 -7.0
150 721 -9.0
240 329 -8.0
520 539 -6.0
196 770 -6.0
178 918 -10.0
155 857 -5.0
499 760 -9.0
416 607 -8.0
719 906 -2.0
34 835 -4.0
155 949 -3.0
107 469 -7.0
233 722 -6.0
439 692 -2.0
597 651 -7.0
519 774 -7.0
139 646 -9.0
86 956 -6.0
363 657 -8.0
210 761 -2.0
445 611 -9.0
110 775 -8.0
250 405 -2.0
567 898 -5.0
827 887 -1.0
199 370 -7.0
235 427 -3.0
621 880 -10.0
130 532 -2.0
218 759 -6.0
525 585 -6.0
201 923 -8.0
284 819 -10.0
714 783 -2.0
388 872 -5.0
209 328 -2.0
96 522 -4.0
696 899 -2.0
515 842 -9.0
429 933 -6.0
478 591 -6.0
141 409 -10.0
476 563 -7.0
180 776 -6.0
675 837 -6.0
184 323 -5.0
659 941 -1.0
308 613 -6.0
848 992 -5.0
469 852 -1.0
599 939 -2.0
537 714 -4.0
462 627 -4.0
335 848 -5.0
161 704 -1.0
344 548 -5.0
77 349 -9.0
376 398 -9.0
369 544 -8.0
279 306 -1.0
59 341 -9.0
201 256 -5.0
775 900 -7.0
236 365 -4.0
627 678 -6.0
34 567 -9.0
133 296 -4.0
285 672 -2.0
89 656 -10.0
190 810 -5.0
455 594 -1.0
74 419 -4.0
78 524 -5.0
465 602 -4.0
228 687 -10.0
8 76 -5.0
289 448 -7.0
550 761 -3.0
80 267 -8.0
146 279 -2.0
718 743 -2.0
150 680 -3.0
315 559 -5.0
284 398 -7.0
99 655 -1.0
186 464 -5.0
25 367 -3.0
718 889 -4.0
236 747 -1.0
252 807 -2.0
178 595 -5.0
612 858 -4.0
505 937 -2.0
254 577 -5.0
12 100 -9.0
771 926 -8.0
13 593 -1.0
401 969 -1.0
123 351 -5.0
637 830 -10.0
257 326 -2.0
353 654 -4.0
86 876 -1.0
361 410 -9.0
797 861 -6.0
248 413 -8.0
2 989 -4.0
244 618 -4.0
106 242 -1.0
335 967 -3.0
485 964 -1.0
479 738 -9.0
232 803 -10.0
165 531 -6.0
82 452 -7.0
61 279 -4.0
693 749 -4.0
175 909 -1.0
229 905 -9.0
755 964 -3.0
446 903 -6.0
245 373 -3.0
327 384 -2.0
131 427 -1.0
396 850 -6.0
220 621 -9.0
350 435 -4.0
194 705 -7.0
631 746 -3.0
341 565 -8.0
133 585 -6.0
309 614 -2.0
25 987 -3.0
131 559 -8.0
129 335 -7.0
278 380 -8.0
24 397 -1.0
135 725 -4.0
437 485 -8.0
27 987 -7.0
309 649 -6.0
370 461 -3.0
930 953 -1.0
159 517 -10.0
177 288 -9.0
439 761 -10.0
590 795 -6.0
222 438 -4.0
413 702 -1.0
271 865 -1.0
786 873 -4.0
170 371 -3.0
301 897 -3.0
86 651 -7.0
182 586 -9.0
259 756 -10.0
541 662 -8.0
132 668 -4.0
57 142 -7.0
607 958 -8.0
97 936 -4.0
347 669 -4.0
312 512 -1.0
364 576 -8.0
89 853 -10.0
10 127 -3.0
655 690 -2.0
653 833 -7.0
249 521 -7.0
578 790 -3.0
238 744 -7.0
40 371 -5.0
82 660 -1.0
146 343 -6.0
311 756 -5.0
211 818 -5.0
427 606 -4.0
421 661 -2.0
189 390 -7.0
83 834 -9.0
346 563 -5.0
16 876 -3.0
122 369 -1.0
253 702 -3.0
780 825 -9.0
651 770 -1.0
486 634 -6.0
311 460 -5.0
199 337 -8.0
724 776 -2.0
38 110 -2.0
103 398 -6.0
77 703 -9.0
178 814 -1.0
500 962 -8.0
404 546 -6.0
328 627 -2.0
466 493 -9.0
294 525 -8.0
15 210 -1.0
105 244 -4.0
521 983 -8.0
314 857 -2.0
623 947 -7.0
210 951 -8.0
34 759 -6.0
63 431 -9.0
263 867 -1.0
49 239 -6.0
537 661 -7.0
547 757 -6.0
106 166 -3.0
875 936 -6.0
702 814 -6.0
324 604 -9.0
556 918 -9.0
51 250 -9.0
496 794 -5.0
98 636 -8.0
183 620 -5.0
447 989 -5.0
125 480 -9.0
111 804 -3.0
73 990 -1.0
584 649 -6.0
526 998 -7.0
633 990 -2.0
169 573 -1.0
546 679 -6.0
151 437 -9.0
425 436 -3.0
338 524 -9.0
225 779 -6.0
24 421 -1.0
173 832 -5.0
911 916 -5.0
510 724 -1.0
629 773 -3.0
51 360 -10.0
692 945 -8.0
18 39 -10.0
420 876 -2.0
682 793 -9.0
724 779 -9.0
366 750 -8.0
314 550 -3.0
34 776 -5.0
285 622 -7.0
504 955 -9.0
730 736 -2.0
118 661 -4.0
21 289 -10.0
633 831 -8.0
690 749 -1.0
85 263 -10.0
71 727 -2.0
806 835 -3.0
517 646 -3.0
163 508 -10.0
84 338 -1.0
88 517 -1.0
301 366 -2.0
170 532 -3.0
545 996 -2.0
106 278 -5.0
110 423 -7.0
304 387 -1.0
399 709 -10.0
574 582 -4.0
575 964 -8.0
535 587 -9.0
333 780 -7.0
502 533 -2.0
826 904 -3.0
598 993 -7.0
318 801 -8.0
131 787 -10.0
317 364 -3.0
534 841 -4.0
489 678 -5.0
117 915 -4.0
189 241 -8.0
201 713 -5.0
304 615 -1.0
227 434 -10.0
2 684 -1.0
377 646 -1.0
844 863 -4.0
773 945 -10.0
90 988 -2.0
80 742 -7.0
460 997 -9.0
488 619 -10.0
345 699 -1.0
380 668 -6.0
108 944 -3.0
104 901 -2.0
242 444 -5.0
743 789 -1.0
751 812 -8.0
420 475 -4.0
45 954 -2.0
232 776 -3.0
549 920 -2.0
105 737 -4.0
66 198 -5.0
319 500 -9.0
503 821 -10.0
732 839 -7.0
657 717 -5.0
847 993 -4.0
158 280 -5.0
98 450 -6.0
149 826 -6.0
360 444 -1.0
60 666 -1.0
671 955 -7.0
276 440 -5.0
357 767 -3.0
149 724 -3.0
139 799 -7.0
172 742 -5.0
159 672 -2.0
98 456 -10.0
388 958 -10.0
519 830 -7.0
76 937 -8.0
19 641 -8.0
154 250 -8.0
588 802 -8.0
78 961 -10.0
270 511 -3.0
578 627 -2.0
191 206 -1.0
376 751 -4.0
167 601 -4.0
197 338 -7.0
590 625 -7.0
548 635 -3.0
230 327 -8.0
414 710 -10.0
341 533 -2.0
583 679 -10.0
516 654 -9.0
179 710 -1.0
155 261 -6.0
488 705 -8.0
96 625 -5.0
114 457 -1.0
188 407 -7.0
497 956 -10.0
86 565 -8.0
195 476 -3.0
739 773 -2.0
224 326 -2.0
436 570 -4.0
672 854 -6.0
399 782 -10.0
54 375 -5.0
164 560 -6.0
247 491 -5.0
647 852 -1.0
145 272 -10.0
45 979 -5.0
396 669 -9.0
499 942 -7.0
429 624 -10.0
732 938 -10.0
48 287 -5.0
179 533 -4.0
143 532 -2.0
568 816 -8.0
136 462 -2.0
70 580 -4.0
104 795 -9.0
645 649 -3.0
721 918 -6.0
297 488 -4.0
129 524 -4.0
523 904 -1.0
889 976 -7.0
67 279 -4.0
418 463 -1.0
455 544 -4.0
675 978 -7.0
165 764 -4.0
386 794 -4.0
588 939 -2.0
20 680 -4.0
41 574 -4.0
653 847 -3.0
613 728 -1.0
105 479 -1.0
396 862 -4.0
69 582 -9.0
1 24 -4.0
151 433 -7.0
277 584 -5.0
842 844 -9.0
346 823 -4.0
411 433 -10.0
167 704 -4.0
362 617 -7.0
198 357 -9.0
14 136 -4.0
345 950 -8.0
352 468 -5.0
141 687 -10.0
473 545 -5.0
491 956 -1.0
26 919 -1.0
157 495 -10.0
288 527 -4.0
243 947 -8.0
506 803 -9.0
256 925 -3.0
587 750 -9.0
308 762 -4.0
690 929 -4.0
275 847 -10.0
822 891 -7.0
49 793 -6.0
378 714 -9.0
474 872 -9.0
78 303 -9.0
702 920 -2.0
79 352 -3.0
458 740 -6.0
96 99 -9.0
304 884 -10.0
24 282 -3.0
433 612 -4.0
182 618 -8.0
547 924 -7.0
368 782 -3.0
171 767 -5.0
72 981 -8.0
36 755 -10.0
421 454 -1.0
187 975 -9.0
205 281 -9.0
172 198 -6.0
186 309 -3.0
91 198 -7.0
255 979 -3.0
150 300 -1.0
19 43 -10.0
600 960 -7.0
346 891 -6.0
595 745 -4.0
278 950 -8.0
491 690 -9.0
495 678 -4.0
15 940 -1.0
371 784 -9.0
471 966 -8.0
101 978 -2.0
421 557 -10.0
648 897 -6.0
121 415 -10.0
442 550 -3.0
152 379 -9.0
367 801 -6.0
116 319 -8.0
237 264 -7.0
378 658 -10.0
73 179 -7.0
439 983 -4.0
26 666 -8.0
358 915 -10.0
385 679 -7.0
696 761 -8.0
214 325 -9.0
87 153 -6.0
76 575 -9.0
352 355 -8.0
322 742 -7.0
188 255 -2.0
135 157 -9.0
29 558 -3.0
393 774 -3.0
302 946 -5.0
295 911 -10.0
404 955 -6.0
484 937 -6.0
783 924 -1.0
575 876 -8.0
163 556 -10.0
813 869 -3.0
291 980 -1.0
444 600 -7.0
466 669 -1.0
598 773 -4.0
155 328 -4.0
852 910 -3.0
587 892 -3.0
36 729 -10.0
319 968 -10.0
483 487 -5.0
111 645 -10.0
756 964 -1.0
462 821 -9.0
248 273 -7.0
351 367 -5.0
715 936 -1.0
352 577 -7.0
322 832 -6.0
794 943 -9.0
575 622 -6.0
533 970 -7.0
315 743 -6.0
159 876 -5.0
753 810 -3.0
566 603 -2.0
106 337 -8.0
597 635 -5.0
457 979 -10.0
455 864 -3.0
453 979 -9.0
27 168 -9.0
63 824 -4.0
193 393 -6.0
14 756 -3.0
287 684 -7.0
22 289 -5.0
851 882 -6.0
698 800 -3.0
102 743 -4.0
544 750 -6.0
490 663 -10.0
181 986 -7.0
313 351 -2.0
544 934 -8.0
399 609 -6.0
79 714 -9.0
144 949 -3.0
434 932 -10.0
233 725 -6.0
389 566 -1.0
82 227 -5.0
606 631 -3.0
231 785 -10.0
456 532 -10.0
889 996 -8.0
118 802 -8.0
326 939 -9.0
106 605 -9.0
946 957 -8.0
303 422 -10.0
275 755 -1.0
591 592 -10.0
78 482 -4.0
3 967 -1.0
141 620 -6.0
525 535 -4.0
590 635 -3.0
346 349 -10.0
216 427 -8.0
214 635 -4.0
103 733 -8.0
183 664 -10.0
329 859 -5.0
638 948 -2.0
91 697 -6.0
492 977 -1.0
129 489 -6.0
675 686 -8.0
478 502 -2.0
44 896 -7.0
104 555 -7.0
290 648 -3.0
507 866 -1.0
584 996 -9.0
149 747 -10.0
98 574 -10.0
16 499 -4.0
369 659 -9.0
688 853 -9.0
196 612 -6.0
564 961 -8.0
461 546 -2.0
62 506 -6.0
421 574 -1.0
204 908 -2.0
25 255 -4.0
141 707 -2.0
284 719 -8.0
25 424 -8.0
318 363 -6.0
311 861 -9.0
59 809 -10.0
83 988 -4.0
59 815 -8.0
364 484 -2.0
657 713 -2.0
592 709 -5.0
194 231 -7.0
755 756 -4.0
86 88 -5.0
90 580 -5.0
613 939 -2.0
322 485 -4.0
165 217 -1.0
296 761 -7.0
291 445 -7.0
281 598 -3.0
59 547 -3.0
543 645 -3.0
70 483 -8.0
330 554 -2.0
141 855 -3.0
172 980 -9.0
14 810 -3.0
345 640 -9.0
266 475 -9.0
347 484 -7.0
366 858 -10.0
438 476 -8.0
379 573 -10.0
152 602 -10.0
465 572 -7.0
83 882 -4.0
465 892 -7.0
820 950 -5.0
71 165 -1.0
648 712 -6.0
459 545 -5.0
300 709 -4.0
616 696 -4.0
247 593 -6.0
300 430 -9.0
658 788 -6.0
831 858 -10.0
41 943 -1.0
71 510 -2.0
455 903 -1.0
197 975 -4.0
118 367 -3.0
88 448 -4.0
573 655 -9.0
558 853 -3.0
268 289 -10.0
36 613 -7.0
225 795 -9.0
95 472 -5.0
135 231 -4.0
66 630 -3.0
105 742 -4.0
194 858 -10.0
474 991 -4.0
151 762 -9.0
455 916 -5.0
110 219 -8.0
242 622 -6.0
680 799 -7.0
376 522 -10.0
253 866 -1.0
105 459 -9.0
707 764 -8.0
102 606 -3.0
52 456 -8.0
364 724 -9.0
593 903 -3.0
199 619 -3.0
248 373 -7.0
253 926 -10.0
565 584 -8.0
501 918 -10.0
257 311 -8.0
627 925 -4.0
521 528 -2.0
501 946 -8.0
137 236 -8.0
434 925 -1.0
356 808 -2.0
351 514 -5.0
72 616 -6.0
540 975 -5.0
457 487 -10.0
266 370 -8.0
152 264 -10.0
813 848 -9.0
190 434 -9.0
835 850 -1.0
11 782 -10.0
725 924 -5.0
381 642 -2.0
79 218 -2.0
286 519 -5.0
271 974 -6.0
403 952 -8.0
228 773 -7.0
144 651 -7.0
10 360 -6.0
330 349 -6.0
765 790 -7.0
271 904 -3.0
80 910 -6.0
163 311 -4.0
184 432 -5.0
649 749 -10.0
370 684 -4.0
188 514 -4.0
319 765 -5.0
381 982 -2.0
534 957 -9.0
458 492 -3.0
235 537 -2.0
95 682 -7.0
483 600 -5.0
256 992 -1.0
804 999 -3.0
690 744 -3.0
363 878 -1.0
197 836 -8.0
398 833 -3.0
27 253 -5.0
292 496 -3.0
244 578 -8.0
494 535 -1.0
55 70 -7.0
208 292 -7.0
233 637 -4.0
540 546 -9.0
132 666 -6.0
99 974 -8.0
140 733 -3.0
40 728 -4.0
123 605 -5.0
431 903 -8.0
178 538 -7.0
237 932 -7.0
192 286 -9.0
74 402 -7.0
459 856 -6.0
611 867 -7.0
53 589 -5.0
732 803 -7.0
662 841 -6.0
164 776 -7.0
862 972 -5.0
246 850 -4.0
406 933 -2.0
397 871 -6.0
519 759 -2.0
410 934 -6.0
294 617 -10.0
521 804 -6.0
271 316 -2.0
124 895 -10.0
127 533 -7.0
638 757 -2.0
343 984 -7.0
572 731 -8.0
208 432 -6.0
340 518 -9.0
60 96 -5.0
204 678 -9.0
821 866 -2.0
519 969 -1.0
155 736 -7.0
525 977 -1.0
404 638 -4.0
478 702 -2.0
241 376 -7.0
769 779 -10.0
649 858 -5.0
214 887 -1.0
100 817 -6.0
112 712 -5.0
132 341 -4.0
220 413 -4.0
275 919 -4.0
345 449 -4.0
944 983 -4.0
385 412 -7.0
593 655 -9.0
392 869 -3.0
222 705 -10.0
194 338 -5.0
589 944 -4.0
485 744 -3.0
542 703 -6.0
190 524 -7.0
19 241 -9.0
668 838 -7.0
592 998 -3.0
49 742 -9.0
4 135 -6.0
307 421 -1.0
471 720 -1.0
200 227 -2.0
685 903 -6.0
53 118 -7.0
163 510 -2.0
231 737 -6.0
100 391 -3.0
358 938 -6.0
15 326 -5.0
263 929 -10.0
90 856 -2.0
281 530 -5.0
429 955 -7.0
332 637 -3.0
481 788 -5.0
11 163 -8.0
209 342 -2.0
434 587 -10.0
114 641 -9.0
295 937 -9.0
759 795 -8.0
543 562 -9.0
428 950 -5.0
909 988 -9.0
241 683 -4.0
365 486 -6.0
65 764 -4.0
191 559 -1.0
133 376 -7.0
219 306 -2.0
756 937 -9.0
773 919 -9.0
729 974 -2.0
738 787 -3.0
73 317 -5.0
124 883 -1.0
386 827 -6.0
297 777 -5.0
138 819 -1.0
394 942 -3.0
292 666 -2.0
458 823 -10.0
225 240 -3.0
287 708 -1.0
88 1000 -2.0
503 661 -6.0
410 932 -6.0
115 450 -1.0
543 798 -6.0
559 590 -1.0
213 288 -6.0
191 363 -10.0
441 676 -7.0
289 873 -1.0
87 761 -2.0
622 783 -5.0
613 750 -8.0
689 824 -4.0
634 772 -1.0
499 661 -9.0
553 980 -8.0
577 638 -2.0
103 535 -7.0
21 790 -3.0
503 978 -7.0
519 922 -4.0
674 725 -9.0
252 559 -5.0
33 159 -4.0
251 787 -4.0
559 593 -5.0
123 565 -4.0
274 377 -2.0
123 277 -9.0
181 277 -10.0
210 291 -4.0
36 935 -5.0
213 791 -7.0
677 720 -5.0
88 229 -8.0
441 928 -8.0
154 532 -7.0
79 677 -8.0
520 827 -4.0
571 641 -6.0
56 446 -7.0
275 297 -7.0
281 533 -3.0
530 726 -3.0
391 589 -9.0
103 175 -6.0
214 922 -5.0
201 797 -4.0
102 466 -2.0
237 837 -2.0
684 965 -8.0
462 508 -10.0
460 929 -6.0
706 728 -1.0
384 854 -10.0
339 671 -9.0
233 320 -1.0
12 395 -10.0
299 556 -2.0
313 613 -1.0
721 859 -4.0
195 873 -4.0
31 562 -2.0
350 593 -2.0
233 879 -6.0
72 77 -6.0
111 219 -10.0
516 640 -8.0
10 574 -3.0
110 808 -10.0
434 629 -2.0
85 262 -6.0
154 853 -2.0
486 1000 -10.0
527 793 -2.0
127 849 -9.0
198 436 -5.0
363 691 -2.0
509 611 -1.0
317 918 -6.0
287 560 -6.0
20 601 -8.0
419 797 -6.0
606 689 -8.0
271 947 -5.0
530 762 -1.0
203 840 -10.0
170 447 -6.0
194 567 -10.0
844 849 -1.0
474 630 -2.0
229 260 -6.0
377 393 -1.0
68 765 -7.0
20 457 -4.0
229 808 -5.0
568 986 -3.0
197 819 -1.0
249 262 -1.0
17 506 -5.0
627 781 -1.0
478 905 -6.0
45 561 -8.0
906 987 -10.0
592 648 -8.0
37 238 -3.0
232 344 -4.0
738 874 -8.0
361 424 -10.0
138 606 -9.0
19 288 -7.0
347 387 -10.0
84 861 -1.0
423 512 -10.0
677 710 -8.0
466 502 -4.0
246 392 -2.0
30 306 -6.0
693 906 -2.0
368 530 -4.0
288 706 -6.0
519 999 -5.0
717 798 -2.0
390 875 -2.0
383 400 -8.0
107 302 -6.0
514 803 -5.0
180 642 -7.0
625 957 -8.0
43 426 -6.0
305 462 -5.0
606 638 -8.0
351 945 -1.0
240 371 -9.0
61 281 -9.0
451 536 -6.0
814 970 -1.0
257 1000 -6.0
328 677 -6.0
533 930 -2.0
574 750 -8.0
616 804 -2.0
201 681 -8.0
199 719 -3.0
130 580 -9.0
956 966 -1.0
657 692 -4.0
632 795 -10.0
120 283 -6.0
513 834 -10.0
525 649 -1.0
294 565 -10.0
677 820 -3.0
51 636 -10.0
166 217 -2.0
44 465 -1.0
576 861 -6.0
445 683 -7.0
40 620 -3.0
48 553 -7.0
41 309 -5.0
494 841 -6.0
252 750 -8.0
813 929 -8.0
473 893 -1.0
120 953 -10.0
408 629 -1.0
238 484 -1.0
374 876 -2.0
81 874 -6.0
35 286 -3.0
437 795 -8.0
355 979 -6.0
73 436 -6.0
230 568 -2.0
204 621 -3.0
64 920 -6.0
341 911 -9.0
707 857 -2.0
304 867 -6.0
243 360 -9.0
252 474 -6.0
87 621 -7.0
191 432 -4.0
672 920 -1.0
342 555 -6.0
129 672 -4.0
57 919 -6.0
102 588 -10.0
14 720 -4.0
665 791 -9.0
273 583 -7.0
138 915 -1.0
550 628 -6.0
246 540 -7.0
45 938 -8.0
201 943 -8.0
461 561 -5.0
108 231 -3.0
462 727 -10.0
97 850 -2.0
322 780 -2.0
164 484 -2.0
768 997 -6.0
80 328 -3.0
256 322 -7.0
12 980 -6.0
45 149 -3.0
237 714 -7.0
323 703 -4.0
204 695 -3.0
28 350 -2.0
525 565 -5.0
85 974 -1.0
128 732 -5.0
159 569 -5.0
415 881 -8.0
477 627 -4.0
205 428 -2.0
205 764 -8.0
468 589 -3.0
714 771 -3.0
128 601 -4.0
759 914 -7.0
774 798 -7.0
547 986 -3.0
206 781 -3.0
76 388 -10.0
585 892 -7.0
845 944 -1.0
359 979 -1.0
19 301 -1.0
263 582 -5.0
41 462 -10.0
45 588 -7.0
339 353 -4.0
407 476 -2.0
25 176 -10.0
130 231 -9.0
644 785 -2.0
372 758 -7.0
159 985 -5.0
35 799 -2.0
280 624 -10.0
242 493 -8.0
744 942 -3.0
372 937 -3.0
69 980 -6.0
380 776 -10.0
119 434 -6.0
347 417 -3.0
73 94 -1.0
136 208 -4.0
411 876 -3.0
245 735 -1.0
438 608 -4.0
468 973 -6.0
432 634 -9.0
323 624 -9.0
180 312 -5.0
173 878 -7.0
189 632 -4.0
302 362 -9.0
643 939 -7.0
559 605 -4.0
500 964 -2.0
242 265 -3.0
45 732 -1.0
480 965 -4.0
316 431 -2.0
93 448 -1.0
187 679 -3.0
706 874 -7.0
347 647 -6.0
119 524 -5.0
613 946 -3.0
38 905 -4.0
505 640 -5.0
26 742 -1.0
641 646 -3.0
239 344 -8.0
307 819 -7.0
97 976 -8.0
410 829 -3.0
565 849 -10.0
235 376 -1.0
182 329 -1.0
767 846 -1.0
858 993 -7.0
306 396 -9.0
90 293 -1.0
310 575 -9.0
715 910 -9.0
650 831 -9.0
156 528 -6.0
425 771 -2.0
515 866 -7.0
689 881 -2.0
472 636 -8.0
4 904 -4.0
498 589 -5.0
500 692 -1.0
196 265 -6.0
493 765 -9.0
155 318 -10.0
454 678 -4.0
486 505 -8.0
391 416 -3.0
87 417 -9.0
273 390 -3.0
767 868 -10.0
450 603 -1.0
257 907 -6.0
537 611 -4.0
437 886 -8.0
422 470 -3.0
5 340 -5.0
212 277 -10.0
253 407 -2.0
12 303 -5.0
347 509 -4.0
171 741 -3.0
524 823 -4.0
345 939 -1.0
369 771 -5.0
365 957 -7.0
864 903 -7.0
83 591 -5.0
46 245 -10.0
593 819 -2.0
682 975 -10.0
822 901 -10.0
134 816 -10.0
577 635 -2.0
43 740 -1.0
306 494 -5.0
312 979 -7.0
125 192 -7.0
234 926 -10.0
210 381 -6.0
416 885 -4.0
101 640 -7.0
73 331 -8.0
368 422 -3.0
466 541 -2.0
306 463 -1.0
93 364 -2.0
736 915 -4.0
834 952 -10.0
871 967 -10.0
388 537 -6.0
675 852 -1.0
692 848 -10.0
19 658 -8.0
240 853 -6.0
750 986 -9.0
81 805 -7.0
171 878 -2.0
70 464 -3.0
304 441 -2.0
32 806 -10.0
587 628 -3.0
726 839 -10.0
795 985 -4.0
32 324 -2.0
53 520 -9.0
417 790 -4.0
1 827 -9.0
20 588 -2.0
130 360 -9.0
66 729 -9.0
206 914 -7.0
171 452 -10.0
434 869 -1.0
473 761 -5.0
63 233 -6.0
706 729 -5.0
231 391 -3.0
778 948 -10.0
134 699 -10.0
415 862 -5.0
369 829 -7.0
253 593 -8.0
182 955 -7.0
62 281 -2.0
159 777 -6.0
795 867 -2.0
178 924 -4.0
322 925 -10.0
209 539 -9.0
97 170 -5.0
318 672 -7.0
21 881 -1.0
617 953 -1.0
317 374 -5.0
381 563 -8.0
27 904 -8.0
54 610 -8.0
163 601 -1.0
343 784 -9.0
466 557 -8.0
237 328 -3.0
859 986 -5.0
273 671 -2.0
552 860 -5.0
454 710 -3.0
93 993 -9.0
638 998 -3.0
770 998 -7.0
55 454 -4.0
37 826 -4.0
385 593 -8.0
677 840 -9.0
48 61 -4.0
499 828 -3.0
417 804 -6.0
152 433 -3.0
154 481 -5.0
53 310 -4.0
154 672 -4.0
264 665 -2.0
978 983 -2.0
185 330 -6.0
7 996 -10.0
367 737 -7.0
222 602 -5.0
142 839 -3.0
518 870 -10.0
226 424 -8.0
144 283 -3.0
35 761 -5.0
147 415 -1.0
442 877 -4.0
259 651 -8.0
243 733 -4.0
61 711 -5.0
777 932 -2.0
185 239 -3.0
327 666 -10.0
500 709 -7.0
335 689 -4.0
31 56 -8.0
222 638 -10.0
771 914 -10.0
214 488 -3.0
132 795 -6.0
851 927 -4.0
213 560 -8.0
241 650 -7.0
291 532 -8.0
514 650 -9.0
293 431 -7.0
798 950 -7.0
694 704 -3.0
682 771 -10.0
304 311 -8.0
539 548 -3.0
34 508 -4.0
648 667 -5.0
560 671 -10.0
162 773 -7.0
431 550 -7.0
49 493 -1.0
137 407 -5.0
734 904 -10.0
576 795 -1.0
533 733 -3.0
418 442 -6.0
314 624 -9.0
129 393 -9.0
556 947 -10.0
449 625 -7.0
545 755 -8.0
178 280 -2.0
396 611 -9.0
308 322 -2.0
324 797 -9.0
730 826 -5.0
188 778 -2.0
457 471 -8.0
198 233 -1.0
720 848 -7.0
127 655 -4.0
122 135 -3.0
468 983 -3.0
504 772 -7.0
543 979 -5.0
135 782 -5.0
920 933 -6.0
254 752 -6.0
453 701 -10.0
483 516 -5.0
134 391 -3.0
187 341 -8.0
130 313 -10.0
991 992 -3.0
272 726 -8.0
350 454 -4.0
192 570 -1.0
223 587 -1.0
256 444 -5.0
639 938 -4.0
144 746 -6.0
164 483 -1.0
762 965 -9.0
834 881 -9.0
263 932 -2.0
264 639 -9.0
136 664 -1.0
317 624 -10.0
488 558 -1.0
409 849 -4.0
213 837 -4.0
294 646 -7.0
399 635 -5.0
699 811 -4.0
5 32 -8.0
126 775 -6.0
68 949 -5.0
287 318 -3.0
854 867 -8.0
66 590 -1.0
138 782 -6.0
244 928 -2.0
296 359 -9.0
742 908 -2.0
55 242 -3.0
349 467 -3.0
676 766 -2.0
617 904 -9.0
859 877 -7.0
506 708 -1.0
681 725 -6.0
36 57 -7.0
571 960 -5.0
63 737 -10.0
196 395 -6.0
808 888 -10.0
27 862 -3.0
286 628 -9.0
462 505 -9.0
1 243 -4.0
723 922 -3.0
333 744 -6.0
105 383 -4.0
256 782 -2.0
478 525 -4.0
189 497 -8.0
244 294 -9.0
108 750 -2.0
86 804 -4.0
63 271 -1.0
567 968 -5.0
134 657 -2.0
359 678 -9.0
146 315 -8.0
86 835 -4.0
238 573 -2.0
75 181 -8.0
740 948 -1.0
601 870 -4.0
156 481 -1.0
64 808 -8.0
225 490 -10.0
483 920 -4.0
106 635 -10.0
46 945 -3.0
585 809 -1.0
374 447 -5.0
121 756 -7.0
586 621 -7.0
259 846 -5.0
349 917 -10.0
409 851 -10.0
268 581 -2.0
151 583 -5.0
151 261 -3.0
524 848 -6.0
460 747 -1.0
546 654 -6.0
332 715 -7.0
133 385 -9.0
776 794 -6.0
497 825 -6.0
16 796 -4.0
6 439 -2.0
347 915 -2.0
356 992 -7.0
3 421 -3.0
471 902 -9.0
73 140 -4.0
54 106 -2.0
678 745 -4.0
284 945 -3.0
182 387 -10.0
6 310 -8.0
575 619 -2.0
647 664 -8.0
550 744 -2.0
906 953 -3.0
523 612 -4.0
425 820 -3.0
862 992 -8.0
615 686 -5.0
64 346 -10.0
32 392 -5.0
202 469 -6.0
579 658 -8.0
534 903 -10.0
399 533 -5.0
234 789 -6.0
154 435 -10.0
335 736 -5.0
283 284 -4.0
182 705 -4.0
424 619 -10.0
630 947 -4.0
227 405 -9.0
71 508 -6.0
653 875 -7.0
17 836 -1.0
17 459 -10.0
331 917 -2.0
348 546 -9.0
247 584 -7.0
289 718 -8.0
721 917 -2.0
20 714 -5.0
566 619 -4.0
388 585 -1.0
312 804 -5.0
739 791 -9.0
544 601 -8.0
479 621 -9.0
177 786 -1.0
38 258 -4.0
162 437 -2.0
534 983 -6.0
100 902 -1.0
607 715 -2.0
11 375 -7.0
443 825 -5.0
120 729 -8.0
14 481 -3.0
210 364 -9.0
375 822 -3.0
280 456 -5.0
134 394 -3.0
490 647 -6.0
77 867 -9.0
929 932 -4.0
360 579 -1.0
259 952 -4.0
729 984 -9.0
522 641 -6.0
675 936 -8.0
526 930 -8.0
416 531 -8.0
189 384 -9.0
164 748 -2.0
26 728 -10.0
310 545 -2.0
41 887 -8.0
209 725 -9.0
203 539 -9.0
741 861 -1.0
13 769 -1.0
332 879 -9.0
247 651 -5.0
51 933 -4.0
369 674 -2.0
273 902 -6.0
126 877 -3.0
460 805 -7.0
250 551 -8.0
892 979 -3.0
384 809 -4.0
730 765 -6.0
39 425 -8.0
544 659 -3.0
75 520 -7.0
388 815 -6.0
593 905 -6.0
214 479 -10.0
41 277 -4.0
93 655 -6.0
141 686 -7.0
146 702 -5.0
167 728 -3.0
498 977 -1.0
36 224 -2.0
72 570 -9.0
464 499 -8.0
624 814 -6.0
684 952 -1.0
353 521 -9.0
213 697 -7.0
471 479 -4.0
252 901 -2.0
749 828 -1.0
604 998 -6.0
264 340 -6.0
257 670 -5.0
449 615 -3.0
87 662 -3.0
450 825 -6.0
540 791 -4.0
501 688 -2.0
285 965 -4.0
759 882 -6.0
684 923 -9.0
240 895 -5.0
541 939 -8.0
133 353 -4.0
319 895 -9.0
151 890 -8.0
377 613 -2.0
432 438 -5.0
621 912 -5.0
78 102 -1.0
228 998 -9.0
174 963 -3.0
257 286 -6.0
669 856 -2.0
281 307 -7.0
126 385 -2.0
376 413 -4.0
163 955 -9.0
903 960 -4.0
519 733 -5.0
2 796 -1.0
218 577 -3.0
620 982 -6.0
17 780 -3.0
42 700 -5.0
19 92 -4.0
676 743 -8.0
530 624 -6.0
651 984 -9.0
105 287 -6.0
401 683 -3.0
106 471 -9.0
346 934 -4.0
195 238 -4.0
331 744 -6.0
495 990 -3.0
273 625 -9.0
181 434 -6.0
510 721 -10.0
88 725 -2.0
497 599 -10.0
585 972 -4.0
685 823 -10.0
41 948 -2.0
418 638 -4.0
108 752 -3.0
157 899 -10.0
354 555 -8.0
305 382 -2.0
21 522 -10.0
425 527 -2.0
261 852 -10.0
251 776 -5.0
253 507 -6.0
660 848 -3.0
394 992 -1.0
452 489 -9.0
103 684 -9.0
276 884 -2.0
244 962 -10.0
510 834 -7.0
673 704 -7.0
343 530 -8.0
83 105 -6.0
574 651 -4.0
367 767 -2.0
505 825 -8.0
357 600 -6.0
173 303 -6.0
782 897 -1.0
395 618 -9.0
37 195 -4.0
2 633 -3.0
238 430 -8.0
342 650 -1.0
177 871 -3.0
173 822 -7.0
471 705 -1.0
181 921 -4.0
678 874 -3.0
301 445 -6.0
471 733 -10.0
170 480 -10.0
168 507 -3.0
79 531 -7.0
525 617 -4.0
292 892 -9.0
55 198 -10.0
677 772 -7.0
628 652 -2.0
26 694 -4.0
678 939 -6.0
722 831 -3.0
579 834 -7.0
636 961 -5.0
73 955 -3.0
13 459 -2.0
332 880 -1.0
712 820 -6.0
439 553 -4.0
115 274 -4.0
438 783 -8.0
459 561 -9.0
485 614 -1.0
150 446 -4.0
493 975 -6.0
283 896 -2.0
596 913 -4.0
203 794 -3.0
236 824 -2.0
688 828 -9.0
192 961 -2.0
408 447 -10.0
272 616 -5.0
1 96 -3.0
299 380 -3.0
537 544 -2.0
463 493 -7.0
581 798 -9.0
751 840 -2.0
80 334 -10.0
354 808 -2.0
231 629 -6.0
51 576 -9.0
418 920 -7.0
279 370 -8.0
384 462 -3.0
312 649 -4.0
205 255 -9.0
136 751 -4.0
99 473 -7.0
308 754 -3.0
14 599 -4.0
631 951 -1.0
204 885 -9.0
514 575 -2.0
143 735 -5.0
237 241 -1.0
403 558 -5.0
366 775 -5.0
212 360 -7.0
200 501 -8.0
76 546 -6.0
864 967 -7.0
21 206 -5.0
111 985 -5.0
280 543 -2.0
465 526 -6.0
536 597 -10.0
297 512 -5.0
42 258 -10.0
114 392 -7.0
359 775 -2.0
686 723 -8.0
64 528 -9.0
390 705 -1.0
98 303 -10.0
88 801 -4.0
339 664 -10.0
195 664 -3.0
641 920 -5.0
161 533 -1.0
76 826 -7.0
257 686 -3.0
123 797 -4.0
155 916 -8.0
739 822 -1.0
265 886 -3.0
147 863 -1.0
322 810 -6.0
134 264 -9.0
212 601 -1.0
278 991 -10.0
330 934 -4.0
219 860 -8.0
358 593 -6.0
423 902 -1.0
401 919 -2.0
106 997 -5.0
466 889 -7.0
219 747 -7.0
442 943 -3.0
473 821 -8.0
50 820 -8.0
12 78 -2.0
8 832 -1.0
111 303 -5.0
523 695 -9.0
50 340 -4.0
452 457 -4.0
69 586 -2.0
86 787 -6.0
8 671 -1.0
422 985 -4.0
562 739 -7.0
96 164 -1.0
307 537 -10.0
442 493 -9.0
355 422 -3.0
217 838 -4.0
285 608 -8.0
520 881 -4.0
773 809 -2.0
223 697 -3.0
22 126 -2.0
101 106 -5.0
587 981 -1.0
707 923 -5.0
8 667 -3.0
181 615 -7.0
400 763 -6.0
470 681 -4.0
228 853 -6.0
1 518 -7.0
95 576 -3.0
618 971 -8.0
194 533 -4.0
33 259 -7.0
40 382 -6.0
576 922 -2.0
290 915 -5.0
77 773 -1.0
85 289 -9.0
80 572 -9.0
125 156 -10.0
169 850 -2.0
251 932 -10.0
376 780 -3.0
555 869 -4.0
202 385 -2.0
308 807 -5.0
66 863 -6.0
82 793 -1.0
228 457 -10.0
628 939 -1.0
245 501 -1.0
237 375 -10.0
111 872 -6.0
126 812 -2.0
198 727 -4.0
52 360 -1.0
260 757 -10.0
49 435 -8.0
579 639 -4.0
850 910 -6.0
128 584 -8.0
735 995 -2.0
68 767 -5.0
131 882 -5.0
12 67 -10.0
308 922 -1.0
115 305 -6.0
403 587 -9.0
301 729 -5.0
737 768 -7.0
399 974 -4.0
526 913 -4.0
16 85 -7.0
271 854 -2.0
555 885 -2.0
322 987 -8.0
273 623 -10.0
80 998 -8.0
770 842 -4.0
777 836 -7.0
328 666 -5.0
398 500 -6.0
253 585 -6.0
24 667 -1.0
475 760 -4.0
834 990 -1.0
610 952 -4.0
29 381 -9.0
545 788 -7.0
686 711 -8.0
548 640 -4.0
261 493 -2.0
712 844 -7.0
631 771 -2.0
814 879 -2.0
735 934 -4.0
373 892 -4.0
250 291 -6.0
404 664 -5.0
286 934 -10.0
28 997 -5.0
150 422 -7.0
600 619 -1.0
457 591 -8.0
444 598 -3.0
535 538 -9.0
33 437 -3.0
278 617 -3.0
304 882 -6.0
570 656 -3.0
260 549 -7.0
47 249 -1.0
384 463 -2.0
129 902 -2.0
50 326 -5.0
325 925 -3.0
96 354 -8.0
750 803 -1.0
63 832 -6.0
58 156 -10.0
391 972 -10.0
357 654 -9.0
416 913 -4.0
519 657 -4.0
152 715 -1.0
363 855 -8.0
397 554 -7.0
176 724 -8.0
431 816 -8.0
224 597 -8.0
529 535 -7.0
809 938 -5.0
81 960 -1.0
381 875 -7.0
727 890 -5.0
165 201 -6.0
785 917 -10.0
838 937 -4.0
106 179 -6.0
690 943 -5.0
406 841 -1.0
429 910 -8.0
315 627 -9.0
786 870 -8.0
453 467 -8.0
30 559 -2.0
508 871 -5.0
112 504 -5.0
375 825 -4.0
23 908 -1.0
149 336 -6.0
235 520 -2.0
269 621 -6.0
519 560 -5.0
717 740 -9.0
774 945 -1.0
385 521 -3.0
146 972 -5.0
189 952 -1.0
89 196 -6.0
10 437 -9.0
66 478 -4.0
272 651 -6.0
112 833 -5.0
189 235 -2.0
492 808 -5.0
400 521 -3.0
839 865 -5.0
446 751 -2.0
239 905 -7.0
227 953 -6.0
379 987 -6.0
433 956 -5.0
472 888 -3.0
175 335 -8.0
396 971 -3.0
677 789 -9.0
624 756 -4.0
335 873 -10.0
100 730 -6.0
187 322 -5.0
260 604 -4.0
299 900 -3.0
569 989 -3.0
74 573 -9.0
459 726 -1.0
693 825 -3.0
395 434 -3.0
155 207 -6.0
373 831 -10.0
613 882 -1.0
597 888 -10.0
116 368 -9.0
595 914 -1.0
172 197 -7.0
648 705 -1.0
57 338 -9.0
55 769 -3.0
483 860 -10.0
247 334 -7.0
618 940 -6.0
204 753 -10.0
55 772 -5.0
503 642 -2.0
370 852 -6.0
360 530 -9.0
429 719 -9.0
250 618 -10.0
558 773 -7.0
745 940 -7.0
64 800 -4.0
177 407 -5.0
758 795 -9.0
213 344 -4.0
554 733 -5.0
33 357 -6.0
309 935 -1.0
194 629 -2.0
275 851 -2.0
332 962 -9.0
120 470 -1.0
308 776 -7.0
727 970 -10.0
843 952 -9.0
157 522 -9.0
278 977 -3.0
122 554 -5.0
268 821 -9.0
278 547 -7.0
281 302 -8.0
143 920 -7.0
54 373 -9.0
839 973 -5.0
275 396 -9.0
318 413 -3.0
26 396 -7.0
11 397 -5.0
283 560 -1.0
321 614 -8.0
293 604 -9.0
385 692 -9.0
746 760 -5.0
524 930 -8.0
133 522 -4.0
533 766 -8.0
559 631 -9.0
214 228 -5.0
302 676 -8.0
74 434 -6.0
213 861 -9.0
138 233 -2.0
12 25 -9.0
349 724 -2.0
599 781 -3.0
409 880 -2.0
149 956 -2.0
359 790 -8.0
320 949 -3.0
154 231 -7.0
53 407 -2.0
114 689 -2.0
96 781 -3.0
394 661 -6.0
193 281 -9.0
286 360 -6.0
173 651 -4.0
28 399 -5.0
469 643 -1.0
492 790 -10.0
291 518 -4.0
39 767 -8.0
246 891 -3.0
110 700 -1.0
589 821 -8.0
280 407 -3.0
304 590 -8.0
148 201 -7.0
779 796 -2.0
377 454 -5.0
112 538 -10.0
188 217 -8.0
53 915 -10.0
175 784 -3.0
256 765 -4.0
80 367 -6.0
110 504 -1.0
241 476 -4.0
843 873 -7.0
266 282 -4.0
30 488 -9.0
492 539 -7.0
110 356 -9.0
241 312 -1.0
71 889 -8.0
386 911 -4.0
167 738 -7.0
466 598 -7.0
300 926 -3.0
234 897 -3.0
303 651 -4.0
491 944 -4.0
351 909 -7.0
31 934 -7.0
58 915 -6.0
325 491 -6.0
301 599 -6.0
565 786 -10.0
436 552 -8.0
839 919 -1.0
58 524 -5.0
226 348 -8.0
161 227 -8.0
152 295 -4.0
234 905 -5.0
251 281 -4.0
52 835 -9.0
274 585 -10.0
127 682 -1.0
314 366 -5.0
218 410 -8.0
10 177 -6.0
591 616 -6.0
58 473 -10.0
340 592 -8.0
444 486 -3.0
115 634 -5.0
843 863 -6.0
497 557 -7.0
174 343 -2.0
16 699 -2.0
199 271 -10.0
422 649 -5.0
2 214 -2.0
407 606 -10.0
436 933 -4.0
672 943 -2.0
190 907 -2.0
10 288 -6.0
787 791 -10.0
423 891 -3.0
79 222 -8.0
2 750 -5.0
323 806 -7.0
303 714 -5.0
220 388 -10.0
258 391 -4.0
783 862 -6.0
13 152 -9.0
280 358 -3.0
768 941 -9.0
67 292 -2.0
288 634 -3.0
486 790 -1.0
28 629 -4.0
132 268 -4.0
4 888 -6.0
252 291 -8.0
403 867 -3.0
69 497 -4.0
438 884 -4.0
567 783 -7.0
136 900 -3.0
574 779 -2.0
367 498 -2.0
458 616 -2.0
168 470 -4.0
388 898 -3.0
703 876 -7.0
226 525 -2.0
456 628 -9.0
512 802 -5.0
155 911 -2.0
80 91 -1.0
491 757 -5.0
174 497 -8.0
407 932 -4.0
482 620 -3.0
193 760 -2.0
563 984 -4.0
545 836 -1.0
229 405 -8.0
668 882 -6.0
572 870 -4.0
432 835 -4.0
360 586 -6.0
128 407 -8.0
352 653 -3.0
771 877 -7.0
586 653 -3.0
136 562 -8.0
22 491 -9.0
29 359 -6.0
66 775 -3.0
411 983 -4.0
405 544 -5.0
314 716 -6.0
562 572 -5.0
34 149 -9.0
507 636 -1.0
874 1000 -10.0
336 1000 -8.0
585 792 -7.0
552 905 -3.0
366 767 -2.0
239 482 -1.0
495 773 -9.0
545 567 -8.0
907 945 -3.0
98 177 -1.0
197 251 -7.0
140 205 -7.0
257 771 -9.0
383 989 -2.0
403 777 -4.0
206 846 -8.0
145 354 -2.0
30 263 -5.0
456 578 -8.0
364 963 -3.0
806 908 -3.0
176 951 -5.0
220 898 -10.0
50 923 -4.0
813 834 -8.0
481 746 -10.0
298 845 -9.0
111 495 -9.0
256 554 -4.0
821 994 -2.0
452 570 -8.0
165 962 -3.0
246 910 -1.0
87 648 -4.0
533 746 -4.0
356 614 -7.0
360 932 -6.0
131 398 -8.0
415 603 -6.0
380 528 -3.0
421 952 -1.0
695 894 -2.0
662 842 -4.0
115 964 -7.0
637 774 -2.0
522 532 -7.0
530 919 -1.0
491 762 -2.0
377 712 -2.0
537 850 -3.0
579 733 -4.0
62 623 -8.0
537 688 -4.0
29 59 -9.0
416 631 -3.0
448 533 -5.0
74 979 -5.0
689 867 -4.0
178 790 -9.0
130 223 -5.0
32 52 -10.0
232 862 -1.0
62 169 -10.0
301 900 -7.0
64 332 -1.0
184 220 -10.0
379 387 -2.0
249 520 -8.0
23 99 -2.0
564 817 -3.0
38 576 -1.0
121 178 -10.0
428 989 -8.0
674 879 -7.0
182 979 -5.0
227 850 -5.0
620 683 -6.0
671 798 -10.0
55 693 -5.0
358 896 -9.0
239 787 -6.0
751 759 -5.0
426 593 -10.0
332 336 -1.0
148 599 -4.0
178 885 -6.0
13 739 -8.0
406 498 -8.0
739 964 -3.0
9 184 -2.0
552 707 -7.0
322 425 -4.0
298 732 -10.0
375 576 -10.0
153 728 -10.0
633 893 -7.0
92 115 -7.0
65 80 -9.0
109 782 -1.0
541 908 -1.0
308 567 -10.0
224 637 -7.0
495 755 -7.0
567 888 -1.0
522 777 -2.0
176 566 -3.0
196 853 -2.0
805 867 -6.0
23 86 -8.0
12 822 -2.0
858 938 -5.0
333 372 -9.0
70 436 -7.0
478 897 -10.0
21 593 -8.0
383 880 -8.0
173 546 -3.0
17 243 -9.0
573 593 -9.0
566 714 -4.0
182 620 -6.0
77 202 -4.0
125 974 -8.0
534 838 -1.0
606 697 -6.0
710 803 -5.0
517 687 -10.0
851 995 -7.0
279 380 -3.0
385 403 -4.0
459 864 -10.0
554 604 -7.0
916 939 -3.0
196 499 -10.0
350 951 -1.0
141 843 -2.0
330 466 -9.0
411 836 -10.0
352 779 -1.0
217 679 -8.0
345 531 -7.0
222 278 -5.0
106 750 -1.0
198 933 -10.0
206 856 -4.0
164 426 -1.0
695 765 -7.0
54 924 -4.0
393 669 -4.0
164 755 -1.0
235 704 -10.0
859 941 -6.0
416 844 -2.0
248 338 -1.0
523 943 -1.0
521 688 -8.0
380 601 -7.0
52 776 -2.0
437 589 -3.0
390 706 -4.0
704 802 -7.0
781 785 -5.0
528 750 -5.0
174 233 -9.0
612 933 -3.0
899 987 -8.0
781 850 -4.0
1 153 -4.0
10 79 -9.0
104 642 -6.0
4 324 -3.0
321 653 -2.0
88 288 -3.0
775 777 -9.0
221 907 -9.0
629 714 -1.0
774 905 -2.0
522 747 -1.0
282 855 -1.0
382 709 -1.0
877 919 -4.0
847 946 -7.0
164 390 -10.0
110 153 -8.0
182 325 -9.0
406 748 -3.0
337 876 -4.0
267 854 -5.0
312 876 -5.0
965 977 -6.0
120 209 -1.0
125 948 -9.0
544 793 -5.0
278 904 -6.0
455 608 -7.0
389 924 -6.0
37 74 -3.0
64 309 -7.0
528 815 -4.0
133 790 -4.0
534 757 -5.0
299 390 -10.0
411 670 -2.0
261 443 -4.0
429 546 -7.0
455 619 -8.0
422 802 -4.0
465 730 -2.0
668 835 -9.0
187 320 -6.0
97 726 -10.0
459 702 -9.0
211 575 -9.0
351 720 -9.0
788 904 -2.0
551 644 -9.0
163 317 -5.0
432 494 -10.0
340 764 -2.0
169 749 -1.0
37 64 -1.0
127 357 -2.0
419 932 -2.0
408 456 -1.0
376 618 -6.0
460 700 -8.0
491 848 -7.0
535 750 -9.0
16 855 -1.0
73 277 -7.0
579 974 -5.0
221 804 -4.0
687 908 -1.0
238 449 -5.0
78 859 -2.0
601 988 -10.0
863 998 -2.0
68 318 -10.0
184 792 -5.0
391 559 -7.0
140 578 -9.0
125 478 -8.0
171 236 -1.0
142 487 -7.0
28 29 -9.0
213 475 -3.0
220 523 -7.0
475 601 -2.0
676 764 -9.0
307 757 -1.0
183 636 -3.0
178 307 -2.0
251 377 -2.0
496 681 -5.0
120 277 -3.0
745 992 -2.0
196 726 -1.0
536 908 -10.0
394 547 -4.0
230 923 -9.0
82 181 -2.0
251 590 -2.0
92 597 -6.0
382 417 -8.0
49 411 -10.0
382 732 -6.0
330 760 -7.0
35 248 -4.0
370 782 -9.0
153 536 -1.0
303 990 -9.0
415 623 -10.0
352 857 -3.0
366 533 -10.0
772 848 -5.0
782 980 -2.0
298 993 -1.0
226 777 -10.0
390 681 -2.0
97 856 -9.0
791 884 -2.0
237 283 -1.0
383 684 -1.0
406 883 -4.0
801 926 -9.0
364 983 -6.0
706 772 -2.0
406 627 -8.0
574 843 -7.0
581 623 -6.0
265 388 -7.0
379 985 -7.0
414 415 -7.0
317 542 -3.0
202 662 -4.0
118 562 -5.0
134 876 -4.0
351 709 -7.0
157 534 -6.0
75 970 -4.0
200 413 -4.0
597 757 -4.0
278 1000 -10.0
50 970 -10.0
272 680 -3.0
848 892 -8.0
216 742 -8.0
306 980 -6.0
288 807 -3.0
582 1000 -6.0
25 541 -5.0
347 791 -7.0
12 169 -10.0
368 676 -3.0
232 474 -3.0
23 172 -6.0
334 432 -3.0
446 799 -5.0
326 905 -7.0
325 903 -2.0
267 622 -9.0
528 822 -10.0
877 884 -10.0
339 829 -6.0
137 294 -4.0
646 973 -2.0
542 688 -9.0
82 418 -6.0
336 359 -10.0
226 771 -3.0
129 825 -4.0
218 581 -1.0
108 130 -6.0
549 718 -7.0
202 584 -9.0
750 917 -7.0
389 494 -1.0
158 531 -3.0
216 324 -5.0
39 935 -4.0
92 222 -6.0
293 717 -7.0
185 632 -3.0
92 149 -1.0
9 638 -10.0
382 537 -9.0
463 955 -2.0
556 692 -4.0
114 222 -9.0
135 645 -2.0
5 214 -5.0
593 674 -4.0
540 839 -5.0
808 821 -5.0
516 690 -2.0
642 956 -9.0
493 880 -10.0
385 844 -9.0
210 402 -7.0
275 557 -8.0
63 791 -9.0
135 654 -6.0
132 945 -5.0
177 816 -10.0
94 434 -5.0
324 709 -7.0
26 365 -6.0
168 678 -5.0
874 943 -5.0
116 407 -4.0
141 668 -6.0
512 832 -7.0
244 803 -2.0
780 860 -1.0
376 490 -10.0
30 614 -8.0
18 845 -8.0
382 692 -7.0
326 512 -1.0
366 897 -10.0
318 912 -4.0
361 368 -2.0
11 985 -5.0
116 553 -9.0
804 858 -1.0
539 802 -7.0
544 707 -5.0
177 500 -10.0
473 594 -6.0
263 756 -3.0
151 342 -9.0
429 578 -9.0
142 618 -8.0
743 991 -4.0
624 768 -1.0
188 591 -6.0
120 876 -10.0
577 729 -3.0
4 476 -3.0
693 996 -6.0
108 579 -8.0
874 989 -4.0
482 611 -8.0
380 408 -1.0
317 769 -7.0
46 284 -8.0
181 980 -2.0
68 903 -4.0
418 477 -9.0
874 900 -5.0
647 822 -7.0
271 995 -4.0
529 997 -4.0
235 332 -4.0
107 550 -7.0
307 606 -7.0
706 793 -8.0
73 930 -8.0
226 827 -9.0
270 909 -10.0
879 995 -5.0
708 814 -1.0
297 450 -1.0
688 999 -3.0
73 715 -10.0
250 995 -9.0
425 925 -3.0
343 975 -7.0
438 486 -5.0
793 879 -5.0
654 989 -2.0
236 664 -1.0
495 877 -7.0
123 552 -3.0
120 365 -1.0
412 879 -3.0
394 712 -5.0
230 768 -2.0
187 484 -5.0
396 822 -7.0
498 706 -10.0
636 821 -8.0
489 806 -4.0
573 755 -3.0
369 868 -6.0
42 930 -2.0
452 997 -4.0
396 992 -4.0
490 594 -6.0
488 898 -5.0
227 706 -2.0
598 728 -4.0
27 565 -4.0
66 797 -7.0
121 692 -9.0
544 626 -9.0
162 816 -6.0
799 948 -7.0
126 765 -8.0
337 719 -2.0
800 976 -6.0
244 575 -8.0
103 808 -8.0
756 825 -4.0
284 871 -1.0
41 988 -8.0
195 294 -2.0
217 844 -4.0
332 378 -5.0
419 713 -10.0
196 474 -1.0
562 955 -3.0
381 881 -2.0
401 540 -9.0
155 797 -1.0
891 961 -7.0
230 411 -2.0
865 879 -7.0
392 925 -1.0
602 680 -2.0
907 956 -10.0
544 772 -4.0
25 620 -4.0
282 801 -9.0
75 239 -5.0
390 673 -5.0
29 946 -4.0
328 940 -8.0
500 953 -2.0
527 856 -1.0
114 546 -4.0
473 721 -5.0
202 369 -7.0
59 577 -10.0
38 179 -2.0
58 611 -4.0
35 897 -6.0
674 724 -1.0
361 965 -1.0
333 483 -4.0
77 640 -8.0
304 503 -9.0
62 384 -4.0
657 951 -6.0
448 634 -5.0
142 981 -10.0
598 935 -1.0
27 951 -4.0
191 466 -2.0
98 378 -2.0
475 888 -4.0
221 424 -5.0
102 311 -5.0
34 110 -2.0
217 632 -7.0
97 257 -7.0
149 536 -3.0
769 859 -9.0
636 738 -4.0
10 498 -3.0
45 646 -2.0
367 594 -1.0
235 305 -3.0
410 949 -8.0
511 591 -2.0
180 242 -9.0
556 573 -6.0
434 577 -5.0
153 929 -2.0
551 782 -1.0
305 776 -1.0
477 978 -6.0
43 498 -2.0
6 973 -6.0
179 827 -3.0
115 403 -1.0
239 699 -7.0
199 921 -1.0
552 940 -4.0
627 944 -4.0
433 814 -4.0
162 342 -5.0
208 873 -6.0
339 433 -5.0
547 769 -1.0
209 321 -7.0
473 918 -5.0
41 778 -4.0
37 938 -7.0
42 798 -1.0
142 818 -9.0
20 76 -8.0
128 382 -9.0
541 933 -10.0
721 998 -8.0
332 413 -1.0
184 185 -7.0
681 915 -7.0
621 750 -3.0
152 398 -8.0
217 774 -5.0
694 758 -8.0
199 508 -1.0
65 860 -2.0
356 523 -4.0
849 935 -6.0
35 631 -1.0
610 747 -1.0
535 615 -5.0
644 658 -4.0
172 570 -1.0
588 769 -10.0
142 744 -1.0
327 545 -1.0
31 905 -6.0
306 379 -7.0
104 314 -2.0
768 874 -9.0
155 875 -6.0
184 492 -10.0
191 273 -10.0
26 854 -1.0
413 852 -5.0
253 406 -2.0
136 308 -7.0
274 952 -8.0
795 811 -6.0
249 942 -4.0
892 982 -2.0
145 303 -7.0
610 835 -2.0
27 791 -8.0
372 761 -6.0
238 902 -7.0
568 973 -6.0
414 651 -2.0
79 845 -2.0
346 853 -3.0
88 769 -5.0
642 829 -3.0
320 391 -9.0
650 765 -7.0
233 848 -4.0
555 601 -5.0
117 871 -9.0
48 81 -6.0
143 653 -10.0
662 760 -8.0
142 898 -4.0
342 682 -4.0
26 865 -4.0
246 470 -5.0
853 885 -5.0
36 496 -5.0
214 780 -1.0
524 694 -7.0
409 874 -10.0
26 403 -10.0
597 987 -8.0
116 171 -10.0
169 363 -10.0
281 526 -7.0
734 996 -10.0
473 850 -8.0
458 759 -8.0
192 421 -6.0
23 965 -2.0
411 814 -3.0
154 937 -5.0
64 126 -8.0
463 709 -10.0
515 807 -1.0
897 929 -3.0
745 947 -10.0
241 253 -7.0
121 140 -7.0
177 223 -8.0
290 760 -9.0
194 925 -7.0
492 981 -8.0
118 657 -6.0
356 764 -2.0
364 622 -10.0
363 367 -4.0
392 595 -2.0
327 589 -5.0
524 615 -1.0
614 655 -10.0
117 325 -7.0
433 453 -9.0
191 467 -3.0
772 824 -4.0
836 907 -10.0
404 469 -7.0
763 905 -2.0
823 962 -6.0
13 48 -8.0
494 784 -7.0
207 1000 -9.0
364 706 -7.0
296 848 -3.0
357 445 -10.0
629 677 -1.0
560 696 -5.0
268 616 -10.0
200 564 -1.0
42 780 -5.0
749 770 -3.0
394 653 -1.0
227 737 -8.0
553 889 -1.0
11 571 -10.0
214 669 -8.0
616 983 -4.0
206 622 -3.0
445 857 -9.0
650 861 -2.0
466 688 -4.0
390 488 -2.0
722 842 -6.0
669 801 -2.0
641 922 -9.0
384 660 -8.0
197 597 -2.0
79 367 -1.0
60 493 -7.0
762 848 -8.0
608 880 -2.0
363 455 -4.0
194 985 -1.0
107 700 -9.0
186 737 -10.0
601 799 -7.0
75 437 -1.0
123 535 -10.0
87 504 -3.0
121 698 -4.0
512 740 -7.0
361 485 -1.0
146 996 -10.0
448 619 -6.0
672 711 -8.0
216 865 -3.0
261 383 -4.0
82 893 -1.0
141 545 -9.0
302 670 -1.0
599 643 -8.0
314 579 -9.0
590 629 -9.0
520 885 -7.0
195 363 -1.0
48 316 -9.0
29 844 -2.0
341 979 -10.0
215 905 -1.0
309 944 -9.0
542 593 -1.0
563 648 -3.0
650 656 -5.0
382 977 -4.0
749 883 -7.0
493 683 -7.0
318 739 -3.0
579 936 -7.0
139 440 -5.0
157 268 -6.0
434 713 -9.0
156 953 -5.0
892 952 -2.0
246 918 -10.0
54 878 -8.0
294 675 -2.0
411 611 -1.0
163 493 -6.0
471 820 -3.0
105 617 -4.0
307 441 -4.0
27 100 -6.0
111 290 -4.0
210 666 -8.0
44 449 -5.0
720 952 -9.0
242 818 -8.0
924 936 -5.0
56 943 -10.0
400 978 -2.0
594 827 -2.0
186 448 -1.0
358 616 -4.0
117 756 -7.0
6 294 -1.0
74 810 -7.0
650 749 -9.0
136 917 -5.0
308 849 -2.0
619 901 -8.0
34 940 -6.0
499 577 -8.0
496 745 -4.0
176 406 -8.0
147 292 -3.0
226 924 -5.0
292 334 -10.0
158 664 -5.0
93 566 -2.0
38 65 -9.0
56 263 -4.0
564 626 -8.0
303 421 -5.0
605 788 -10.0
635 979 -4.0
355 772 -6.0
850 863 -3.0
312 383 -9.0
534 854 -5.0
231 533 -6.0
377 604 -4.0
71 353 -5.0
299 892 -2.0
117 217 -4.0
23 631 -1.0
436 454 -10.0
664 897 -10.0
68 545 -4.0
211 238 -7.0
147 751 -7.0
601 687 -9.0
601 814 -9.0
257 459 -4.0
608 964 -8.0
502 591 -3.0
77 440 -4.0
26 702 -8.0
428 487 -2.0
526 662 -2.0
134 899 -9.0
52 163 -10.0
744 782 -3.0
40 513 -2.0
64 548 -10.0
295 615 -1.0
782 860 -6.0
540 691 -8.0
179 211 -6.0
530 773 -3.0
207 745 -6.0
75 757 -7.0
470 943 -3.0
23 515 -8.0
263 671 -9.0
27 436 -7.0
57 632 -5.0
100 415 -2.0
532 552 -2.0
105 514 -8.0
279 811 -2.0
417 748 -5.0
291 645 -10.0
475 842 -5.0
68 423 -2.0
33 522 -2.0
688 776 -3.0
397 819 -1.0
235 712 -4.0
417 517 -9.0
549 731 -9.0
574 722 -2.0
125 154 -8.0
845 852 -5.0
208 744 -10.0
557 738 -4.0
409 673 -8.0
376 797 -2.0
204 244 -3.0
318 446 -10.0
619 801 -7.0
810 855 -10.0
423 501 -8.0
98 447 -2.0
304 913 -3.0
607 971 -9.0
337 896 -1.0
241 503 -10.0
118 550 -10.0
235 836 -4.0
378 785 -5.0
756 976 -8.0
182 444 -4.0
16 523 -10.0
747 822 -9.0
482 812 -5.0
696 962 -3.0
67 329 -9.0
40 711 -1.0
378 872 -6.0
389 461 -8.0
156 756 -7.0
55 164 -9.0
708 778 -8.0
338 602 -1.0
92 971 -3.0
760 980 -9.0
552 985 -6.0
31 238 -10.0
474 723 -10.0
494 616 -7.0
44 361 -6.0
155 203 -4.0
7 974 -8.0
588 703 -2.0
395 581 -7.0
381 735 -6.0
62 879 -3.0
356 534 -1.0
91 866 -7.0
265 848 -10.0
509 718 -7.0
500 948 -4.0
615 823 -4.0
104 162 -9.0
65 973 -3.0
509 571 -5.0
86 757 -4.0
705 839 -5.0
332 649 -10.0
916 992 -6.0
143 897 -6.0
223 815 -7.0
127 223 -8.0
207 454 -4.0
14 363 -6.0
866 880 -2.0
280 967 -7.0
488 529 -4.0
413 895 -5.0
820 842 -8.0
8 265 -5.0
165 505 -5.0
203 517 -7.0
928 955 -9.0
329 987 -6.0
557 877 -10.0
638 658 -4.0
461 658 -5.0
611 771 -3.0
495 529 -9.0
572 753 -2.0
468 900 -5.0
469 558 -2.0
820 821 -4.0
239 868 -4.0
89 796 -9.0
589 934 -3.0
404 787 -10.0
110 133 -1.0
191 315 -8.0
578 579 -6.0
169 287 -3.0
303 518 -6.0
652 940 -9.0
245 693 -2.0
404 920 -7.0
88 516 -8.0
516 601 -2.0
239 358 -3.0
124 286 -10.0
471 546 -2.0
124 706 -9.0
151 584 -1.0
658 881 -10.0
200 996 -7.0
752 775 -8.0
536 706 -5.0
610 776 -7.0
128 522 -8.0
722 976 -1.0
457 674 -9.0
310 514 -3.0
56 304 -9.0
632 802 -4.0
533 583 -4.0
114 434 -4.0
316 718 -7.0
168 640 -9.0
97 263 -7.0
451 889 -9.0
797 842 -3.0
92 126 -6.0
676 682 -2.0
108 123 -7.0
618 664 -5.0
116 129 -7.0
796 877 -7.0
715 794 -4.0
768 856 -9.0
116 465 -8.0
570 844 -2.0
412 694 -10.0
289 600 -7.0
125 909 -4.0
169 235 -6.0
143 676 -6.0
11 824 -7.0
171 220 -1.0
271 758 -6.0
20 981 -8.0
372 526 -9.0
37 345 -6.0
3 883 -7.0
117 691 -8.0
38 555 -9.0
7 605 -1.0
472 948 -10.0
698 978 -2.0
198 884 -7.0
570 819 -4.0
271 397 -5.0
453 651 -6.0
194 544 -6.0
53 931 -2.0
155 439 -3.0
33 576 -10.0
402 903 -3.0
172 871 -1.0
139 762 -9.0
541 872 -6.0
239 398 -5.0
310 321 -8.0
319 747 -2.0
442 834 -1.0
825 933 -7.0
544 692 -6.0
390 607 -8.0
574 646 -2.0
503 791 -8.0
499 572 -8.0
366 909 -5.0
48 583 -1.0
148 801 -5.0
220 957 -8.0
131 372 -7.0
143 407 -1.0
592 930 -5.0
145 941 -10.0
371 460 -10.0
99 355 -7.0
44 321 -4.0
46 920 -6.0
64 847 -9.0
482 975 -1.0
310 645 -5.0
3 719 -4.0
89 159 -5.0
296 658 -5.0
612 842 -6.0
423 845 -1.0
517 958 -6.0
294 729 -4.0
586 750 -7.0
356 839 -8.0
557 589 -6.0
434 658 -4.0
86 858 -1.0
707 783 -7.0
463 773 -10.0
134 403 -5.0
363 609 -2.0
853 953 -10.0
558 619 -7.0
106 151 -5.0
309 987 -8.0
98 443 -8.0
287 935 -5.0
185 720 -9.0
611 740 -10.0
356 622 -3.0
290 405 -9.0
57 894 -9.0
717 959 -4.0
278 955 -9.0
501 722 -8.0
120 360 -2.0
147 729 -9.0
11 465 -4.0
64 908 -3.0
136 733 -9.0
302 620 -2.0
768 910 -6.0
188 649 -4.0
537 717 -7.0
205 943 -3.0
376 996 -2.0
569 623 -7.0
745 887 -10.0
521 826 -10.0
462 548 -8.0
496 820 -6.0
25 898 -6.0
91 459 -8.0
580 661 -10.0
164 436 -3.0
739 783 -6.0
498 868 -3.0
108 202 -6.0
519 663 -3.0
305 908 -10.0
478 857 -3.0
668 745 -6.0
690 949 -9.0
472 744 -2.0
808 985 -2.0
104 547 -9.0
17 701 -2.0
630 633 -4.0
363 665 -4.0
718 893 -9.0
738 962 -9.0
306 650 -6.0
412 611 -5.0
67 832 -5.0
192 209 -3.0
232 365 -10.0
91 871 -1.0
687 754 -4.0
12 116 -6.0
352 763 -4.0
545 575 -3.0
362 404 -4.0
145 626 -10.0
473 528 -6.0
140 788 -8.0
440 964 -4.0
91 453 -9.0
542 900 -7.0
80 389 -3.0
170 392 -7.0
11 410 -5.0
555 710 -7.0
407 567 -6.0
204 537 -6.0
879 976 -3.0
218 451 -7.0
476 483 -1.0
83 513 -1.0
94 815 -1.0
118 785 -6.0
303 643 -2.0
240 566 -6.0
14 145 -10.0
219 698 -9.0
163 200 -10.0
542 942 -3.0
232 981 -1.0
122 681 -1.0
239 615 -4.0
11 401 -3.0
249 813 -6.0
44 236 -4.0
675 946 -9.0
317 546 -10.0
880 891 -2.0
184 367 -4.0
22 41 -8.0
150 949 -4.0
658 951 -10.0
190 700 -5.0
4 791 -4.0
626 736 -10.0
123 449 -9.0
10 324 -4.0
154 773 -4.0
403 802 -4.0
355 942 -5.0
521 899 -9.0
551 891 -8.0
32 849 -7.0
36 640 -9.0
413 551 -8.0
87 937 -3.0
12 964 -6.0
160 994 -4.0
456 832 -8.0
166 754 -8.0
530 776 -10.0
117 823 -5.0
848 976 -9.0
169 263 -10.0
476 627 -7.0
16 215 -10.0
63 416 -3.0
147 903 -8.0
613 978 -2.0
605 975 -7.0
338 536 -5.0
515 692 -3.0
240 883 -5.0
436 951 -8.0
348 720 -6.0
281 872 -3.0
594 665 -1.0
42 363 -3.0
238 503 -3.0
220 837 -8.0
723 987 -7.0
120 235 -9.0
487 730 -8.0
211 528 -7.0
45 756 -4.0
439 618 -6.0
17 127 -2.0
569 993 -2.0
698 855 -7.0
340 708 -10.0
576 839 -3.0
366 655 -2.0
690 967 -10.0
680 860 -10.0
46 420 -10.0
266 590 -7.0
54 372 -6.0
799 880 -7.0
23 723 -3.0
466 467 -6.0
412 711 -6.0
58 183 -8.0
476 622 -2.0
859 894 -4.0
256 938 -6.0
240 342 -9.0
265 499 -8.0
93 349 -3.0
548 559 -9.0
789 964 -2.0
188 980 -7.0
222 809 -1.0
388 612 -8.0
501 556 -4.0
286 291 -4.0
296 407 -3.0
273 621 -8.0
877 957 -8.0
382 916 -6.0
192 398 -1.0
477 890 -2.0
582 629 -9.0
547 734 -4.0
448 935 -9.0
173 212 -10.0
644 859 -9.0
111 819 -8.0
444 677 -8.0
378 492 -2.0
571 763 -8.0
42 612 -1.0
90 624 -7.0
575 596 -1.0
867 903 -10.0
156 673 -3.0
250 961 -10.0
200 937 -1.0
519 537 -1.0
239 640 -2.0
17 422 -3.0
326 470 -1.0
699 749 -1.0
768 939 -10.0
154 374 -1.0
355 898 -8.0
363 768 -1.0
100 741 -5.0
488 777 -8.0
233 799 -4.0
9 561 -5.0
275 389 -2.0
355 818 -4.0
60 433 -7.0
581 865 -9.0
365 628 -6.0
220 644 -10.0
316 929 -5.0
92 788 -6.0
728 993 -3.0
215 455 -3.0
253 387 -5.0
447 655 -4.0
388 482 -9.0
149 801 -5.0
323 640 -3.0
20 96 -8.0
438 947 -7.0
524 767 -9.0
631 640 -10.0
348 616 -2.0
615 993 -3.0
98 873 -1.0
608 889 -6.0
239 906 -5.0
31 374 -6.0
527 790 -1.0
179 815 -6.0
19 597 -7.0
96 698 -2.0
248 500 -8.0
401 703 -9.0
228 943 -4.0
604 981 -1.0
24 939 -4.0
36 335 -5.0
444 736 -5.0
383 543 -5.0
32 595 -8.0
106 393 -9.0
577 583 -6.0
278 995 -7.0
524 961 -8.0
220 601 -4.0
473 968 -10.0
283 666 -8.0
612 838 -9.0
222 938 -10.0
93 370 -7.0
82 401 -8.0
513 599 -5.0
458 881 -10.0
304 552 -9.0
55 605 -10.0
502 965 -6.0
254 763 -6.0
475 800 -5.0
146 764 -1.0
459 888 -4.0
147 448 -4.0
66 510 -2.0
68 374 -4.0
389 674 -9.0
27 291 -1.0
227 777 -2.0
282 904 -10.0
233 529 -10.0
737 845 -8.0
470 473 -5.0
404 843 -3.0
179 449 -4.0
405 914 -8.0
116 682 -7.0
698 895 -1.0
345 460 -3.0
272 899 -6.0
248 699 -4.0
445 550 -10.0
298 902 -8.0
177 932 -5.0
62 352 -10.0
290 708 -4.0
471 756 -8.0
48 955 -3.0
415 527 -7.0
541 929 -2.0
31 417 -5.0
539 761 -8.0
45 245 -8.0
464 663 -6.0
67 585 -6.0
326 594 -10.0
613 880 -3.0
243 301 -5.0
65 276 -5.0
435 987 -9.0
14 98 -5.0
634 758 -6.0
114 245 -10.0
742 894 -10.0
571 933 -8.0
320 682 -8.0
621 685 -2.0
29 768 -10.0
451 886 -2.0
1 283 -4.0
82 709 -9.0
102 546 -7.0
152 689 -4.0
489 957 -7.0
86 889 -4.0
436 851 -1.0
487 608 -1.0
102 886 -2.0
96 255 -1.0
448 937 -5.0
550 938 -4.0
279 460 -4.0
586 954 -3.0
121 607 -6.0
173 345 -4.0
454 700 -4.0
237 736 -10.0
664 746 -5.0
147 645 -9.0
559 580 -5.0
88 465 -1.0
469 535 -8.0
139 896 -2.0
358 519 -4.0
650 880 -3.0
381 561 -9.0
724 966 -7.0
31 716 -3.0
484 950 -3.0
108 508 -3.0
147 153 -10.0
863 917 -4.0
726 801 -10.0
416 903 -3.0
871 982 -9.0
235 863 -3.0
43 201 -6.0
422 805 -3.0
363 386 -3.0
233 972 -7.0
662 830 -4.0
587 950 -6.0
352 506 -4.0
269 618 -10.0
241 374 -9.0
26 985 -6.0
121 587 -9.0
336 515 -1.0
297 874 -6.0
526 807 -3.0
108 141 -4.0
87 577 -9.0
707 913 -9.0
428 773 -8.0
582 609 -7.0
164 420 -3.0
566 587 -10.0
449 528 -2.0
355 666 -4.0
547 798 -10.0
226 587 -6.0
249 881 -8.0
538 936 -5.0
631 637 -3.0
517 546 -7.0
360 438 -2.0
224 595 -4.0
171 736 -2.0
241 720 -9.0
798 842 -4.0
444 955 -7.0
762 817 -8.0
105 515 -8.0
101 476 -3.0
182 268 -10.0
78 500 -3.0
702 891 -3.0
114 261 -5.0
616 624 -1.0
373 634 -8.0
437 985 -6.0
524 736 -6.0
690 886 -6.0
905 981 -6.0
541 650 -7.0
599 671 -2.0
270 279 -4.0
25 871 -2.0
333 638 -3.0
189 628 -6.0
135 785 -8.0
338 578 -2.0
682 989 -5.0
155 723 -6.0
312 647 -3.0
508 583 -3.0
48 290 -5.0
238 829 -3.0
471 912 -4.0
625 789 -5.0
203 973 -9.0
479 755 -8.0
299 861 -6.0
155 947 -7.0
563 852 -6.0
363 420 -5.0
105 745 -2.0
202 859 -5.0
640 862 -3.0
183 650 -6.0
409 622 -3.0
917 934 -4.0
7 749 -2.0
66 260 -4.0
255 521 -8.0
993 995 -9.0
381 446 -2.0
419 953 -6.0
438 671 -1.0
79 517 -6.0
71 112 -4.0
89 312 -2.0
279 998 -3.0
320 762 -4.0
337 388 -8.0
35 413 -7.0
869 896 -1.0
927 945 -7.0
822 950 -8.0
213 733 -9.0
446 954 -10.0
695 728 -7.0
324 437 -3.0
180 522 -3.0
566 749 -8.0
535 689 -5.0
962 997 -2.0
59 493 -3.0
159 977 -1.0
695 795 -7.0
450 916 -8.0
443 838 -9.0
251 373 -2.0
270 808 -8.0
264 505 -7.0
104 768 -4.0
853 855 -4.0
104 414 -6.0
48 750 -9.0
145 388 -8.0
592 600 -10.0
453 505 -4.0
145 931 -5.0
558 938 -10.0
353 703 -8.0
187 773 -5.0
290 410 -4.0
160 416 -5.0
230 352 -8.0
49 88 -6.0
396 806 -9.0
371 583 -7.0
240 828 -9.0
158 968 -4.0
51 232 -4.0
131 475 -4.0
719 911 -7.0
176 529 -9.0
530 899 -7.0
494 519 -9.0
332 646 -1.0
361 939 -10.0
82 186 -9.0
353 751 -6.0
80 662 -6.0
136 686 -1.0
669 953 -6.0
248 884 -2.0
445 602 -4.0
106 629 -10.0
466 739 -1.0
261 954 -5.0
253 946 -1.0
142 263 -10.0
57 376 -2.0
113 321 -6.0
422 765 -4.0
296 566 -1.0
334 631 -6.0
101 303 -8.0
838 923 -4.0
391 441 -6.0
5 581 -10.0
147 584 -3.0
77 330 -9.0
177 495 -7.0
220 876 -9.0
2 58 -7.0
211 761 -9.0
287 931 -5.0
208 423 -2.0
16 100 -1.0
918 1000 -10.0
708 947 -7.0
461 989 -4.0
33 53 -5.0
617 820 -10.0
192 429 -1.0
382 616 -7.0
51 295 -5.0
65 502 -6.0
882 901 -1.0
65 830 -1.0
141 433 -7.0
153 824 -8.0
303 732 -1.0
223 363 -1.0
82 607 -6.0
759 886 -7.0
268 725 -3.0
290 827 -6.0
250 268 -7.0
927 967 -7.0
65 281 -1.0
188 927 -3.0
151 994 -9.0
43 425 -6.0
32 155 -2.0
495 949 -10.0
109 963 -2.0
861 888 -7.0
13 366 -9.0
336 960 -7.0
415 459 -10.0
475 557 -8.0
540 715 -6.0
574 731 -6.0
85 177 -6.0
51 817 -7.0
492 524 -6.0
21 412 -1.0
42 380 -6.0
319 527 -3.0
846 848 -10.0
633 724 -5.0
270 783 -8.0
181 274 -3.0
893 930 -9.0
6 349 -1.0
89 653 -8.0
696 812 -4.0
524 834 -6.0
735 773 -9.0
652 943 -9.0
604 928 -5.0
65 874 -6.0
746 919 -1.0
520 754 -7.0
77 770 -10.0
137 343 -2.0
451 535 -9.0
488 525 -2.0
115 935 -8.0
348 646 -6.0
269 789 -3.0
402 857 -3.0
181 249 -8.0
223 311 -4.0
430 843 -5.0
514 930 -7.0
536 830 -9.0
6 558 -5.0
295 746 -5.0
272 947 -4.0
409 579 -10.0
625 999 -5.0
278 907 -7.0
500 613 -7.0
414 538 -2.0
555 715 -9.0
81 612 -9.0
229 716 -3.0
6 806 -8.0
255 764 -6.0
198 316 -8.0
464 642 -1.0
539 951 -6.0
164 638 -2.0
558 578 -8.0
163 446 -8.0
57 336 -5.0
145 934 -4.0
761 852 -3.0
493 530 -2.0
111 575 -2.0
619 642 -8.0
340 879 -5.0
609 891 -8.0
166 420 -1.0
566 648 -8.0
141 832 -1.0
28 53 -1.0
268 716 -3.0
84 852 -5.0
637 818 -7.0
824 859 -2.0
490 827 -7.0
241 450 -6.0
4 265 -5.0
52 268 -7.0
110 858 -3.0
6 155 -10.0
66 494 -8.0
392 855 -10.0
440 917 -6.0
460 498 -6.0
497 895 -5.0
179 489 -2.0
646 967 -6.0
734 850 -3.0
194 397 -8.0
498 818 -1.0
72 947 -8.0
205 405 -8.0
88 677 -1.0
22 610 -2.0
503 751 -4.0
761 888 -10.0
752 971 -5.0
100 125 -6.0
335 392 -2.0
375 427 -7.0
210 415 -3.0
576 643 -9.0
547 968 -6.0
395 938 -6.0
284 374 -6.0
353 378 -7.0
186 262 -3.0
225 826 -5.0
222 963 -9.0
537 799 -7.0
415 970 -5.0
550 629 -5.0
307 954 -5.0
310 375 -2.0
222 695 -3.0
475 527 -2.0
37 779 -9.0
362 986 -1.0
303 350 -5.0
163 971 -1.0
445 853 -7.0
452 798 -9.0
716 761 -6.0
67 935 -10.0
833 897 -7.0
184 981 -5.0
298 868 -6.0
226 488 -9.0
621 917 -7.0
11 838 -8.0
275 879 -3.0
519 930 -9.0
308 499 -5.0
298 463 -2.0
397 538 -7.0
114 341 -6.0
313 998 -1.0
716 840 -8.0
579 933 -8.0
625 684 -4.0
317 537 -8.0
218 709 -3.0
675 697 -5.0
128 982 -2.0
587 922 -4.0
293 491 -9.0
575 728 -3.0
884 920 -3.0
830 856 -1.0
563 892 -7.0
80 314 -9.0
482 509 -7.0
141 230 -5.0
292 844 -5.0
300 657 -2.0
243 359 -4.0
244 590 -8.0
828 976 -2.0
548 658 -9.0
101 187 -3.0
246 575 -2.0
711 871 -9.0
541 708 -1.0
95 732 -10.0
116 272 -7.0
6 215 -1.0
705 727 -10.0
309 908 -9.0
72 686 -4.0
83 303 -3.0
126 243 -6.0
140 214 -5.0
465 928 -5.0
397 549 -9.0
144 191 -7.0
412 421 -1.0
152 978 -5.0
112 481 -9.0
197 427 -7.0
589 953 -7.0
305 374 -4.0
537 627 -2.0
250 458 -5.0
413 514 -9.0
496 773 -7.0
259 848 -9.0
140 601 -2.0
306 919 -5.0
146 361 -2.0
26 925 -10.0
531 634 -9.0
265 657 -8.0
291 471 -2.0
786 905 -9.0
529 979 -2.0
674 731 -3.0
314 321 -10.0
831 918 -10.0
283 542 -9.0
672 710 -5.0
430 698 -6.0
169 583 -10.0
221 756 -8.0
285 661 -5.0
800 953 -4.0
341 571 -3.0
54 425 -3.0
4 497 -7.0
278 488 -8.0
350 910 -9.0
260 275 -9.0
33 146 -2.0
33 295 -1.0
236 754 -9.0
377 515 -8.0
525 907 -6.0
432 754 -2.0
134 478 -4.0
567 596 -10.0
344 995 -1.0
115 692 -7.0
217 730 -8.0
240 868 -6.0
507 797 -8.0
602 793 -5.0
51 974 -2.0
176 765 -2.0
599 953 -3.0
509 883 -9.0
133 668 -10.0
396 559 -6.0
267 324 -5.0
34 108 -10.0
561 792 -7.0
565 725 -3.0
144 358 -8.0
583 900 -1.0
367 381 -7.0
623 850 -8.0
428 906 -8.0
68 957 -8.0
50 515 -6.0
285 962 -1.0
419 678 -4.0
118 482 -9.0
764 961 -5.0
133 775 -5.0
71 109 -3.0
466 806 -8.0
170 850 -10.0
228 318 -8.0
373 557 -7.0
90 497 -1.0
14 936 -1.0
655 979 -5.0
182 274 -9.0
284 459 -6.0
137 780 -9.0
302 535 -6.0
915 963 -2.0
325 665 -1.0
21 945 -1.0
393 402 -9.0
162 559 -1.0
886 956 -6.0
399 900 -8.0
89 193 -3.0
197 891 -5.0
479 887 -8.0
507 587 -5.0
606 698 -1.0
127 896 -3.0
656 962 -3.0
173 559 -4.0
582 956 -10.0
182 563 -1.0
134 583 -2.0
397 902 -9.0
30 447 -10.0
264 345 -7.0
94 514 -8.0
36 158 -7.0
233 341 -6.0
292 604 -5.0
90 352 -7.0
368 883 -7.0
958 967 -1.0
295 805 -1.0
61 999 -6.0
947 996 -9.0
178 896 -1.0
603 692 -4.0
359 735 -5.0
394 629 -10.0
16 436 -1.0
409 776 -5.0
318 638 -4.0
283 831 -3.0
432 690 -6.0
126 450 -2.0
61 883 -3.0
195 945 -4.0
117 473 -6.0
248 395 -3.0
260 552 -8.0
706 747 -5.0
772 872 -3.0
530 731 -6.0
96 662 -4.0
192 631 -2.0
237 292 -8.0
195 391 -2.0
390 953 -10.0
344 559 -8.0
261 535 -8.0
609 646 -1.0
76 183 -6.0
747 931 -8.0
175 605 -8.0
34 635 -6.0
186 449 -3.0
41 860 -2.0
810 867 -4.0
923 971 -2.0
297 737 -1.0
298 394 -9.0
684 970 -2.0
398 827 -1.0
225 672 -4.0
401 522 -10.0
480 487 -1.0
300 811 -5.0
767 986 -5.0
39 846 -3.0
82 863 -5.0
136 613 -8.0
413 968 -1.0
317 679 -8.0
26 677 -3.0
799 862 -2.0
215 217 -4.0
260 395 -9.0
477 947 -3.0
93 430 -4.0
19 764 -9.0
270 997 -1.0
30 55 -10.0
2 654 -2.0
344 648 -9.0
36 733 -8.0
227 313 -3.0
457 927 -3.0
113 883 -10.0
386 652 -1.0
33 392 -6.0
71 367 -7.0
206 582 -4.0
348 752 -1.0
501 798 -9.0
237 856 -7.0
599 786 -7.0
140 980 -8.0
149 534 -8.0
314 703 -6.0
965 972 -3.0
492 536 -7.0
234 512 -8.0
52 923 -10.0
297 909 -8.0
50 169 -10.0
281 711 -6.0
466 921 -6.0
660 933 -3.0
361 434 -5.0
417 845 -1.0
678 787 -4.0
436 994 -10.0
532 595 -8.0
64 150 -1.0
556 716 -2.0
503 979 -2.0
170 373 -10.0
111 982 -1.0
234 955 -3.0
628 720 -1.0
720 989 -10.0
500 700 -4.0
336 591 -7.0
201 934 -7.0
148 181 -7.0
558 745 -7.0
380 513 -3.0
168 564 -1.0
90 124 -10.0
41 572 -2.0
30 137 -3.0
332 662 -4.0
50 579 -9.0
163 557 -6.0
79 499 -8.0
333 806 -1.0
28 981 -9.0
100 211 -9.0
288 610 -4.0
42 588 -7.0
442 793 -1.0
128 457 -5.0
542 990 -4.0
80 544 -2.0
416 608 -3.0
16 508 -8.0
542 922 -10.0
152 489 -9.0
230 983 -3.0
14 109 -10.0
631 920 -9.0
837 936 -2.0
141 890 -9.0
362 893 -10.0
546 693 -8.0
350 546 -4.0
312 886 -9.0
352 785 -7.0
407 804 -7.0
303 851 -7.0
285 460 -5.0
402 740 -8.0
173 438 -10.0
607 791 -9.0
546 556 -1.0
208 688 -6.0
437 690 -8.0
489 898 -4.0
669 960 -1.0
19 508 -10.0
308 822 -10.0
79 958 -9.0
756 873 -5.0
520 938 -9.0
275 670 -7.0
175 423 -10.0
14 990 -1.0
519 715 -10.0
710 983 -2.0
407 521 -2.0
503 564 -9.0
507 689 -10.0
485 799 -5.0
83 246 -2.0
111 397 -3.0
160 852 -3.0
92 474 -2.0
528 677 -2.0
326 369 -1.0
830 848 -8.0
568 609 -7.0
253 769 -2.0
362 823 -5.0
341 564 -9.0
761 907 -6.0
457 628 -3.0
203 489 -5.0
351 771 -8.0
619 915 -6.0
80 926 -9.0
86 350 -1.0
247 462 -1.0
354 624 -9.0
243 997 -9.0
36 945 -6.0
544 864 -1.0
341 535 -10.0
455 990 -3.0
304 601 -10.0
625 689 -4.0
133 670 -9.0
197 422 -5.0
29 939 -8.0
33 236 -5.0
116 532 -5.0
23 804 -3.0
312 1000 -4.0
134 621 -9.0
74 921 -3.0
359 418 -6.0
515 693 -5.0
40 980 -5.0
602 820 -2.0
852 893 -4.0
167 221 -7.0
449 744 -2.0
503 581 -1.0
172 894 -1.0
21 338 -6.0
525 698 -4.0
421 844 -9.0
614 626 -9.0
552 612 -8.0
425 466 -3.0
572 806 -2.0
233 781 -7.0
517 556 -2.0
153 707 -9.0
61 247 -4.0
86 266 -7.0
693 865 -5.0
351 609 -9.0
206 834 -1.0
11 612 -10.0
70 530 -2.0
461 792 -2.0
146 983 -1.0
53 83 -5.0
274 780 -10.0
131 902 -2.0
481 793 -8.0
278 534 -1.0
478 869 -9.0
177 825 -3.0
34 745 -10.0
849 961 -6.0
20 308 -6.0
361 803 -7.0
100 836 -3.0
422 691 -9.0
19 479 -8.0
555 944 -3.0
49 559 -5.0
99 389 -10.0
152 880 -2.0
75 718 -3.0
710 719 -2.0
40 748 -5.0
336 921 -8.0
272 551 -9.0
192 929 -4.0
248 990 -4.0
267 822 -9.0
935 984 -9.0
801 816 -2.0
216 298 -2.0
544 762 -6.0
206 632 -1.0
257 578 -8.0
571 977 -2.0
232 517 -6.0
367 418 -8.0
404 827 -4.0
555 729 -3.0
458 682 -8.0
140 319 -7.0
914 974 -8.0
675 718 -10.0
166 521 -2.0
239 913 -1.0
401 958 -1.0
720 893 -7.0
391 997 -2.0
214 649 -7.0
311 581 -3.0
694 756 -2.0
72 306 -6.0
127 630 -1.0
296 698 -5.0
63 351 -7.0
618 815 -4.0
365 714 -8.0
367 869 -4.0
375 604 -1.0
576 747 -6.0
678 914 -4.0
761 910 -9.0
249 299 -5.0
44 500 -9.0
128 268 -3.0
677 915 -4.0
743 972 -7.0
485 559 -3.0
223 593 -1.0
86 811 -1.0
462 716 -7.0
196 867 -3.0
237 316 -8.0
678 999 -9.0
23 690 -3.0
290 943 -8.0
568 889 -1.0
495 840 -1.0
245 363 -4.0
473 615 -7.0
456 753 -8.0
326 378 -3.0
57 538 -4.0
590 735 -9.0
780 813 -7.0
1 302 -5.0
492 852 -6.0
261 343 -6.0
493 538 -9.0
118 850 -1.0
617 905 -7.0
616 619 -1.0
183 467 -9.0
708 964 -2.0
93 100 -9.0
267 680 -5.0
570 647 -7.0
165 283 -6.0
431 905 -1.0
339 383 -7.0
339 468 -9.0
654 887 -5.0
134 988 -10.0
774 831 -5.0
86 981 -6.0
316 729 -8.0
150 939 -3.0
926 947 -2.0
180 744 -2.0
121 159 -7.0
504 907 -8.0
41 996 -6.0
65 873 -9.0
414 484 -10.0
582 918 -8.0
551 867 -8.0
57 146 -3.0
157 162 -7.0
279 702 -8.0
289 577 -10.0
119 289 -5.0
184 252 -1.0
258 829 -8.0
464 837 -7.0
129 354 -1.0
197 566 -4.0
35 251 -8.0
456 601 -1.0
305 995 -4.0
75 688 -3.0
317 424 -4.0
48 246 -4.0
473 728 -4.0
458 565 -10.0
417 743 -7.0
54 421 -9.0
733 870 -10.0
451 901 -2.0
46 756 -3.0
752 869 -5.0
188 905 -2.0
112 436 -3.0
876 942 -7.0
258 800 -9.0
538 786 -10.0
140 329 -8.0
685 786 -8.0
425 479 -4.0
128 443 -5.0
713 837 -4.0
899 927 -6.0
642 999 -1.0
454 565 -7.0
125 722 -6.0
91 684 -10.0
328 481 -3.0
69 235 -2.0
476 648 -5.0
62 76 -2.0
323 561 -5.0
394 897 -10.0
397 700 -3.0
209 288 -3.0
637 989 -5.0
113 826 -7.0
163 272 -8.0
444 901 -1.0
189 784 -7.0
115 624 -1.0
206 694 -3.0
97 297 -4.0
196 402 -10.0
8 967 -9.0
211 463 -2.0
258 841 -3.0
110 638 -9.0
79 784 -10.0
742 771 -5.0
270 478 -2.0
295 828 -2.0
294 405 -10.0
104 153 -3.0
346 892 -8.0
620 959 -7.0
574 585 -1.0
53 169 -5.0
61 606 -3.0
195 903 -9.0
21 670 -4.0
341 925 -10.0
469 936 -10.0
8 810 -10.0
240 573 -7.0
205 635 -6.0
519 949 -5.0
127 914 -7.0
84 396 -10.0
364 900 -2.0
108 643 -8.0
23 247 -1.0
552 736 -7.0
536 808 -1.0
544 936 -10.0
423 662 -9.0
210 972 -5.0
17 242 -8.0
74 569 -9.0
183 241 -7.0
232 729 -4.0
160 229 -7.0
673 774 -5.0
85 579 -3.0
500 756 -3.0
358 679 -2.0
479 614 -5.0
474 805 -6.0
14 260 -1.0
743 976 -9.0
80 649 -5.0
536 784 -8.0
368 973 -3.0
113 406 -1.0
446 965 -9.0
308 963 -10.0
60 298 -6.0
860 874 -1.0
650 836 -4.0
622 879 -5.0
139 305 -2.0
308 976 -1.0
707 932 -1.0
927 937 -2.0
368 507 -7.0
146 157 -8.0
435 877 -7.0
770 874 -7.0
603 917 -2.0
514 520 -9.0
444 516 -4.0
377 437 -10.0
503 582 -7.0
567 992 -1.0
237 884 -8.0
45 573 -5.0
487 835 -4.0
510 557 -9.0
313 939 -1.0
328 372 -9.0
472 559 -4.0
130 267 -9.0
591 668 -4.0
552 633 -7.0
96 177 -5.0
256 685 -1.0
640 813 -7.0
806 821 -7.0
145 225 -6.0
429 852 -10.0
304 522 -6.0
644 700 -1.0
496 543 -9.0
587 890 -1.0
84 915 -3.0
315 638 -4.0
192 479 -10.0
391 793 -9.0
297 761 -9.0
464 679 -9.0
49 373 -1.0
41 610 -10.0
178 751 -3.0
128 863 -5.0
601 772 -1.0
387 541 -2.0
637 869 -2.0
62 417 -1.0
220 726 -3.0
56 769 -4.0
652 851 -8.0
183 228 -7.0
620 808 -1.0
287 610 -6.0
481 960 -6.0
379 951 -8.0
237 456 -10.0
184 399 -4.0
778 878 -9.0
462 815 -1.0
130 701 -3.0
326 812 -6.0
358 574 -3.0
124 326 -8.0
160 367 -8.0
416 849 -9.0
131 339 -9.0
668 908 -10.0
551 945 -10.0
64 963 -4.0
964 980 -3.0
411 573 -9.0
145 251 -5.0
118 433 -7.0
364 849 -7.0
400 432 -2.0
309 448 -5.0
530 947 -3.0
609 677 -7.0
538 903 -1.0
243 666 -6.0
391 847 -8.0
209 854 -10.0
255 797 -4.0
5 864 -6.0
97 144 -3.0
509 919 -10.0
728 965 -10.0
225 382 -4.0
33 756 -3.0
204 547 -4.0
428 716 -2.0
205 998 -4.0
276 597 -3.0
200 674 -8.0
147 809 -9.0
727 910 -2.0
95 646 -2.0
415 796 -10.0
30 674 -7.0
423 860 -3.0
200 436 -7.0
623 889 -6.0
95 723 -10.0
210 751 -3.0
477 659 -3.0
100 831 -8.0
662 980 -7.0
73 135 -1.0
17 96 -4.0
414 448 -4.0
550 734 -6.0
468 945 -2.0
426 562 -10.0
109 967 -1.0
23 278 -3.0
280 732 -2.0
30 413 -6.0
398 983 -6.0
559 929 -7.0
411 441 -7.0
582 793 -8.0
700 876 -3.0
84 781 -7.0
152 157 -5.0
453 693 -3.0
362 610 -10.0
162 901 -4.0
27 302 -1.0
238 851 -3.0
30 202 -10.0
158 336 -3.0
398 773 -1.0
278 842 -3.0
250 356 -2.0
590 786 -1.0
80 547 -8.0
14 836 -1.0
237 266 -3.0
519 753 -5.0
641 791 -9.0
379 556 -4.0
429 992 -8.0
230 442 -7.0
9 693 -1.0
233 714 -2.0
504 522 -4.0
425 801 -3.0
126 607 -10.0
114 574 -3.0
127 823 -8.0
244 620 -5.0
81 411 -1.0
795 928 -3.0
184 836 -1.0
851 917 -3.0
391 963 -3.0
272 447 -4.0
353 730 -2.0
132 937 -8.0
115 118 -4.0
243 460 -1.0
43 541 -1.0
765 881 -5.0
519 979 -10.0
397 727 -5.0
433 695 -3.0
51 134 -5.0
270 586 -7.0
16 177 -4.0
766 794 -8.0
77 956 -9.0
968 997 -9.0
184 336 -9.0
863 974 -10.0
164 473 -1.0
573 642 -9.0
512 927 -1.0
392 443 -2.0
156 472 -1.0
118 401 -6.0
4 595 -5.0
575 836 -6.0
549 742 -3.0
56 470 -10.0
144 505 -5.0
534 558 -3.0
494 690 -1.0
274 290 -5.0
976 979 -1.0
55 747 -10.0
397 451 -1.0
55 611 -4.0
680 853 -1.0
214 798 -3.0
199 758 -9.0
578 754 -5.0
764 954 -8.0
394 817 -2.0
40 936 -6.0
59 831 -1.0
30 756 -6.0
72 258 -10.0
62 742 -3.0
375 785 -4.0
748 785 -6.0
671 820 -4.0
303 500 -6.0
351 931 -2.0
134 318 -9.0
389 755 -5.0
3 568 -2.0
328 440 -4.0
427 1000 -1.0
66 438 -10.0
286 777 -5.0
336 683 -9.0
615 890 -6.0
335 925 -10.0
27 468 -1.0
232 842 -2.0
45 966 -10.0
417 971 -7.0
71 764 -2.0
783 809 -7.0
68 430 -9.0
537 628 -2.0
1 792 -8.0
488 832 -5.0
40 233 -4.0
92 362 -3.0
100 452 -3.0
743 887 -4.0
121 502 -3.0
273 343 -2.0
355 809 -8.0
357 783 -5.0
107 653 -3.0
823 841 -6.0
234 498 -8.0
229 554 -6.0
767 885 -7.0
603 655 -7.0
450 602 -4.0
49 766 -1.0
571 924 -6.0
242 763 -5.0
409 915 -5.0
791 816 -1.0
423 733 -10.0
97 758 -4.0
650 662 -8.0
602 681 -2.0
553 687 -2.0
148 926 -2.0
830 963 -10.0
77 574 -1.0
151 880 -7.0
690 998 -2.0
212 343 -10.0
785 873 -1.0
12 740 -9.0
455 585 -4.0
269 724 -7.0
226 704 -5.0
39 713 -10.0
561 725 -6.0
722 998 -7.0
109 717 -4.0
73 351 -9.0
145 530 -7.0
794 848 -1.0
211 476 -8.0
196 753 -2.0
395 773 -4.0
287 291 -7.0
585 980 -3.0
138 389 -4.0
927 928 -7.0
792 950 -2.0
145 898 -7.0
653 784 -6.0
246 966 -5.0
178 969 -9.0
130 152 -4.0
644 650 -2.0
423 577 -10.0
582 900 -7.0
295 542 -7.0
197 958 -6.0
442 765 -10.0
119 733 -9.0
619 862 -10.0
123 771 -7.0
457 768 -4.0
484 727 -3.0
97 507 -2.0
88 196 -8.0
722 909 -3.0
89 908 -5.0
625 631 -1.0
631 913 -8.0
158 646 -7.0
510 789 -1.0
14 44 -10.0
138 522 -2.0
894 948 -4.0
429 563 -3.0
198 566 -2.0
360 652 -5.0
240 390 -3.0
441 668 -6.0
277 805 -1.0
204 826 -6.0
163 860 -3.0
203 496 -8.0
75 858 -2.0
114 490 -10.0
64 498 -8.0
212 579 -5.0
267 820 -7.0
193 560 -10.0
57 535 -6.0
517 828 -8.0
493 968 -10.0
50 119 -6.0
229 428 -2.0
457 653 -1.0
456 876 -1.0
679 764 -4.0
292 534 -10.0
643 768 -10.0
616 855 -3.0
92 261 -4.0
177 397 -5.0
89 596 -2.0
775 878 -5.0
299 796 -10.0
342 633 -5.0
228 939 -10.0
4 865 -2.0
711 917 -3.0
606 738 -1.0
240 506 -2.0
191 485 -5.0
976 997 -6.0
12 886 -4.0
154 475 -8.0
301 600 -5.0
2 769 -9.0
413 898 -3.0
259 818 -4.0
48 739 -2.0
170 726 -10.0
57 655 -6.0
21 423 -2.0
559 711 -7.0
585 769 -8.0
96 655 -10.0
701 710 -10.0
531 695 -5.0
334 443 -10.0
286 981 -2.0
495 976 -9.0
768 870 -7.0
449 668 -3.0
84 461 -7.0
456 756 -8.0
307 920 -10.0
718 964 -9.0
517 638 -8.0
142 227 -1.0
387 872 -4.0
98 837 -3.0
630 830 -4.0
208 801 -8.0
169 497 -4.0
529 540 -3.0
654 732 -1.0
750 851 -10.0
609 954 -8.0
162 487 -10.0
7 200 -5.0
492 888 -7.0
9 458 -6.0
170 214 -9.0
132 501 -9.0
387 578 -10.0
51 220 -1.0
479 550 -3.0
778 956 -6.0
356 765 -5.0
93 673 -8.0
111 333 -1.0
245 725 -10.0
111 146 -5.0
510 717 -2.0
133 472 -5.0
618 736 -2.0
41 752 -6.0
74 971 -3.0
350 712 -3.0
110 237 -4.0
930 949 -5.0
782 832 -6.0
44 447 -8.0
299 977 -9.0
358 434 -10.0
323 535 -7.0
24 761 -5.0
153 962 -7.0
435 939 -3.0
366 835 -1.0
822 872 -3.0
147 871 -9.0
749 781 -2.0
676 777 -8.0
149 164 -6.0
83 945 -1.0
260 350 -6.0
311 568 -6.0
129 365 -8.0
531 701 -7.0
659 980 -7.0
722 858 -4.0
653 760 -6.0
563 581 -8.0
160 828 -6.0
164 601 -6.0
52 319 -9.0
269 929 -9.0
281 954 -9.0
497 705 -7.0
70 132 -2.0
744 935 -4.0
176 438 -4.0
104 379 -8.0
583 899 -10.0
241 528 -9.0
422 764 -7.0
306 733 -2.0
179 358 -5.0
86 135 -7.0
121 443 -6.0
45 225 -6.0
857 954 -2.0
77 665 -8.0
36 961 -6.0
47 721 -8.0
67 757 -5.0
278 562 -1.0
541 937 -2.0
665 702 -3.0
472 708 -8.0
196 489 -5.0
433 844 -1.0
493 896 -2.0
340 538 -9.0
684 809 -5.0
197 246 -5.0
720 994 -6.0
354 573 -7.0
418 508 -8.0
90 866 -3.0
441 500 -1.0
25 362 -8.0
175 772 -9.0
705 758 -5.0
487 908 -7.0
399 993 -6.0
506 619 -8.0
744 967 -5.0
351 495 -6.0
93 568 -1.0
576 898 -1.0
243 265 -10.0
239 756 -4.0
119 121 -6.0
72 980 -3.0
319 427 -4.0
91 232 -5.0
71 785 -10.0
334 738 -6.0
421 794 -2.0
335 818 -6.0
332 524 -7.0
210 727 -5.0
219 858 -2.0
644 804 -5.0
321 787 -8.0
316 855 -4.0
849 925 -8.0
559 831 -7.0
185 683 -5.0
475 772 -3.0
198 621 -10.0
166 724 -1.0
740 976 -10.0
646 841 -7.0
72 544 -3.0
64 699 -1.0
273 959 -7.0
341 743 -1.0
334 977 -2.0
24 54 -2.0
418 628 -1.0
288 435 -4.0
459 940 -5.0
170 838 -5.0
603 711 -6.0
596 885 -9.0
219 305 -10.0
369 605 -6.0
580 592 -2.0
981 1000 -6.0
400 558 -5.0
691 720 -1.0
112 899 -10.0
547 939 -3.0
228 421 -8.0
225 339 -4.0
460 572 -10.0
46 581 -8.0
220 282 -2.0
121 381 -4.0
888 981 -5.0
876 954 -9.0
94 347 -10.0
330 814 -4.0
130 210 -9.0
193 714 -7.0
820 838 -4.0
266 326 -2.0
907 908 -7.0
163 369 -4.0
111 338 -2.0
554 940 -1.0
612 967 -6.0
773 894 -2.0
216 572 -6.0
86 422 -7.0
86 204 -1.0
439 819 -7.0
140 258 -3.0
228 847 -3.0
226 961 -4.0
822 834 -4.0
320 760 -8.0
768 938 -8.0
28 707 -8.0
266 374 -5.0
173 612 -4.0
2 470 -1.0
123 284 -6.0
568 980 -10.0
722 809 -9.0
192 360 -10.0
245 510 -4.0
393 874 -7.0
302 633 -6.0
366 584 -3.0
164 315 -7.0
362 429 -6.0
48 591 -6.0
36 777 -8.0
50 617 -9.0
203 807 -1.0
341 913 -9.0
872 987 -5.0
97 679 -8.0
295 835 -2.0
29 569 -2.0
13 960 -10.0
280 495 -3.0
322 642 -8.0
122 217 -8.0
310 447 -5.0
92 590 -2.0
626 909 -1.0
236 672 -9.0
483 639 -2.0
31 198 -10.0
160 702 -6.0
156 996 -7.0
856 925 -1.0
106 871 -2.0
680 902 -4.0
206 588 -5.0
96 305 -10.0
581 655 -6.0
642 946 -2.0
644 960 -6.0
123 596 -1.0
40 479 -5.0
259 380 -8.0
50 909 -9.0
35 415 -2.0
175 926 -6.0
863 996 -7.0
345 814 -6.0
678 970 -10.0
438 584 -10.0
78 328 -2.0
131 390 -1.0
265 870 -4.0
459 971 -8.0
471 742 -2.0
289 422 -3.0
42 631 -8.0
81 414 -9.0
100 763 -8.0
206 354 -9.0
224 640 -8.0
325 959 -4.0
58 503 -1.0
279 384 -10.0
13 102 -4.0
388 828 -5.0
501 616 -9.0
229 690 -4.0
282 353 -2.0
27 445 -10.0
237 738 -3.0
217 840 -10.0
22 809 -9.0
217 928 -10.0
14 616 -1.0
641 674 -2.0
25 560 -4.0
361 814 -8.0
76 905 -2.0
102 602 -8.0
170 935 -9.0
142 888 -8.0
66 268 -4.0
106 641 -6.0
279 574 -5.0
803 886 -1.0
281 805 -7.0
345 523 -6.0
3 747 -3.0
325 936 -10.0
644 862 -4.0
692 786 -1.0
712 941 -9.0
606 723 -7.0
147 368 -1.0
157 515 -9.0
162 800 -8.0
551 587 -4.0
622 795 -9.0
402 479 -7.0
429 769 -10.0
524 929 -9.0
228 892 -10.0
908 919 -4.0
276 896 -2.0
219 323 -2.0
4 617 -4.0
466 758 -6.0
242 499 -7.0
36 272 -4.0
476 687 -10.0
42 376 -6.0
570 991 -10.0
455 618 -8.0
78 274 -5.0
241 733 -10.0
88 159 -3.0
330 517 -9.0
429 750 -4.0
606 759 -10.0
104 978 -10.0
738 852 -10.0
395 506 -2.0
213 272 -10.0
647 656 -7.0
73 806 -2.0
166 194 -4.0
920 952 -2.0
354 403 -8.0
125 509 -3.0
959 974 -2.0
166 807 -1.0
737 915 -7.0
219 649 -5.0
77 810 -1.0
724 782 -6.0
168 555 -8.0
239 334 -3.0
70 498 -7.0
670 742 -7.0
424 879 -1.0
586 840 -1.0
525 862 -7.0
786 984 -5.0
194 696 -7.0
465 932 -1.0
845 861 -7.0
249 317 -8.0
568 914 -6.0
441 553 -7.0
405 793 -1.0
496 703 -8.0
407 966 -10.0
79 973 -5.0
776 804 -8.0
206 535 -6.0
201 777 -7.0
369 588 -10.0
580 930 -5.0
187 732 -9.0
11 541 -7.0
158 863 -3.0
270 653 -4.0
523 755 -7.0
466 774 -6.0
22 721 -10.0
363 604 -8.0
699 704 -3.0
127 249 -1.0
475 541 -6.0
652 785 -3.0
496 865 -2.0
99 232 -6.0
727 811 -8.0
899 916 -8.0
47 197 -8.0
477 671 -6.0
219 586 -9.0
322 837 -7.0
191 934 -4.0
169 696 -1.0
745 897 -6.0
261 755 -2.0
393 893 -8.0
202 517 -5.0
200 588 -10.0
151 513 -8.0
87 444 -7.0
12 742 -5.0
190 456 -4.0
794 947 -10.0
765 815 -10.0
33 1000 -2.0
353 838 -3.0
92 164 -9.0
111 401 -10.0
35 409 -5.0
52 168 -8.0
19 879 -10.0
279 601 -1.0
572 624 -10.0
443 466 -7.0
65 869 -2.0
136 454 -6.0
781 993 -4.0
146 450 -1.0
631 724 -2.0
168 299 -10.0
809 813 -5.0
288 607 -6.0
230 237 -7.0
329 439 -6.0
259 647 -1.0
271 845 -9.0
49 85 -1.0
401 439 -4.0
611 890 -1.0
310 831 -10.0
448 831 -3.0
399 669 -7.0
223 447 -4.0
93 909 -1.0
231 956 -3.0
752 980 -4.0
437 814 -8.0
19 836 -3.0
35 461 -6.0
15 407 -1.0
570 626 -2.0
349 728 -1.0
789 828 -1.0
38 238 -8.0
90 218 -8.0
167 202 -8.0
658 902 -7.0
395 591 -9.0
341 719 -1.0
873 962 -4.0
130 809 -4.0
534 789 -3.0
500 799 -2.0
98 531 -7.0
323 814 -6.0
800 990 -2.0
270 718 -2.0
499 647 -1.0
140 723 -6.0
100 485 -7.0
539 786 -5.0
204 345 -3.0
312 992 -8.0
530 987 -6.0
653 877 -6.0
52 588 -1.0
291 549 -4.0
196 668 -2.0
490 903 -2.0
465 693 -8.0
347 496 -2.0
346 816 -7.0
285 649 -10.0
539 901 -5.0
596 614 -9.0
809 899 -2.0
243 647 -7.0
155 810 -5.0
47 359 -4.0
370 510 -4.0
796 826 -1.0
277 947 -5.0
290 527 -7.0
458 894 -2.0
9 348 -10.0
484 895 -4.0
3 627 -4.0
320 996 -3.0
18 812 -7.0
47 545 -7.0
107 811 -6.0
262 881 -9.0
142 593 -9.0
487 714 -9.0
126 262 -9.0
154 383 -10.0
557 946 -2.0
71 527 -1.0
673 853 -1.0
154 749 -10.0
765 793 -9.0
121 229 -10.0
403 829 -3.0
321 978 -5.0
393 395 -2.0
580 658 -5.0
29 802 -1.0
102 108 -10.0
424 843 -10.0
834 878 -6.0
233 661 -7.0
168 469 -6.0
114 539 -2.0
11 86 -6.0
375 994 -3.0
307 489 -6.0
13 474 -2.0
10 555 -1.0
293 380 -9.0
238 446 -3.0
376 949 -5.0
351 928 -4.0
782 993 -6.0
433 456 -9.0
235 693 -3.0
662 713 -3.0
145 978 -1.0
9 476 -1.0
149 560 -2.0
190 789 -3.0
183 963 -5.0
892 901 -10.0
272 708 -9.0
713 857 -8.0
146 867 -10.0
137 675 -9.0
2 798 -4.0
177 836 -3.0
231 580 -9.0
48 481 -7.0
1 700 -3.0
362 397 -7.0
252 886 -10.0
48 956 -5.0
384 784 -4.0
829 919 -7.0
842 882 -7.0
31 101 -1.0
189 352 -2.0
13 583 -9.0
426 516 -9.0
173 549 -5.0
148 960 -1.0
840 912 -9.0
659 891 -8.0
310 939 -2.0
118 429 -6.0
276 754 -6.0
178 912 -9.0
297 695 -5.0
410 416 -3.0
39 494 -2.0
608 947 -5.0
54 347 -1.0
211 445 -3.0
689 816 -10.0
573 670 -7.0
523 589 -1.0
524 859 -1.0
48 925 -10.0
128 228 -5.0
1 759 -7.0
439 882 -8.0
213 844 -9.0
777 790 -9.0
453 918 -1.0
232 282 -6.0
497 518 -5.0
232 356 -9.0
520 721 -2.0
112 304 -1.0
164 813 -5.0
315 569 -4.0
68 188 -1.0
356 570 -6.0
401 901 -1.0
119 844 -10.0
162 903 -1.0
413 620 -9.0
133 666 -7.0
419 450 -6.0
192 668 -1.0
132 655 -8.0
394 756 -8.0
263 920 -6.0
532 988 -5.0
180 332 -10.0
77 432 -5.0
364 779 -8.0
308 956 -7.0
272 591 -9.0
209 512 -7.0
11 476 -5.0
199 520 -5.0
491 540 -8.0
548 598 -7.0
788 840 -1.0
18 283 -1.0
546 757 -10.0
505 941 -3.0
20 570 -4.0
537 1000 -5.0
160 165 -10.0
317 410 -7.0
781 966 -1.0
204 368 -3.0
886 905 -3.0
145 633 -2.0
615 625 -2.0
650 813 -7.0
574 973 -5.0
303 353 -6.0
154 817 -7.0
31 885 -9.0
707 878 -10.0
266 485 -7.0
37 757 -9.0
579 900 -9.0
997 999 -10.0
934 984 -10.0
107 147 -2.0
87 441 -7.0
355 897 -7.0
584 592 -1.0
206 493 -9.0
293 433 -9.0
50 604 -10.0
240 278 -4.0
111 352 -5.0
145 828 -1.0
17 335 -8.0
344 610 -3.0
155 486 -10.0
80 783 -8.0
138 607 -2.0
183 812 -4.0
346 435 -5.0
418 593 -5.0
353 555 -1.0
276 768 -2.0
186 809 -1.0
376 529 -9.0
130 860 -3.0
165 471 -10.0
694 810 -4.0
65 411 -5.0
523 648 -1.0
881 997 -2.0
608 960 -3.0
96 925 -4.0
72 252 -4.0
291 553 -6.0
429 517 -7.0
319 721 -5.0
88 576 -8.0
168 964 -6.0
392 930 -7.0
884 967 -8.0
388 745 -9.0
284 336 -2.0
328 399 -4.0
121 407 -3.0
307 331 -3.0
562 871 -7.0
406 882 -2.0
977 1000 -4.0
121 660 -8.0
779 790 -9.0
409 421 -1.0
118 450 -6.0
17 166 -5.0
457 540 -10.0
189 709 -9.0
367 756 -1.0
287 406 -10.0
292 802 -8.0
47 811 -2.0
38 68 -3.0
350 414 -9.0
86 827 -5.0
408 467 -7.0
175 641 -10.0
474 663 -2.0
632 677 -4.0
41 515 -1.0
220 867 -4.0
408 830 -1.0
503 749 -3.0
2 844 -7.0
7 704 -9.0
545 757 -2.0
257 594 -3.0
520 689 -8.0
338 912 -9.0
379 490 -6.0
295 379 -10.0
383 602 -8.0
305 443 -1.0
86 773 -6.0
173 929 -4.0
540 811 -1.0
109 368 -10.0
48 850 -7.0
456 640 -6.0
664 750 -1.0
66 850 -1.0
275 416 -5.0
130 733 -3.0
13 403 -1.0
83 920 -1.0
692 815 -6.0
122 289 -3.0
52 658 -4.0
835 887 -10.0
477 938 -1.0
418 753 -1.0
385 511 -9.0
14 283 -10.0
79 672 -6.0
438 471 -2.0
119 827 -9.0
514 515 -3.0
4 259 -3.0
149 780 -5.0
319 581 -8.0
217 631 -10.0
595 688 -3.0
234 986 -4.0
64 86 -3.0
268 634 -1.0
711 915 -10.0
16 225 -9.0
175 811 -10.0
270 289 -1.0
219 742 -7.0
187 355 -10.0
411 839 -5.0
180 551 -7.0
217 347 -7.0
208 296 -3.0
333 776 -2.0
164 897 -4.0
192 958 -10.0
63 346 -9.0
384 692 -6.0
864 876 -7.0
38 297 -4.0
470 718 -7.0
113 335 -5.0
370 715 -5.0
511 579 -9.0
366 814 -9.0
740 759 -8.0
101 255 -8.0
502 777 -1.0
349 666 -3.0
142 161 -2.0
237 798 -4.0
186 745 -8.0
92 559 -4.0
683 797 -7.0
31 364 -5.0
159 760 -3.0
201 769 -9.0
26 439 -4.0
307 873 -3.0
553 659 -8.0
97 773 -10.0
488 521 -2.0
13 305 -3.0
113 947 -5.0
45 905 -7.0
551 747 -10.0
354 412 -2.0
598 602 -5.0
414 730 -5.0
85 937 -3.0
97 249 -5.0
296 618 -9.0
664 781 -2.0
12 908 -10.0
133 558 -9.0
349 930 -10.0
32 787 -5.0
361 469 -7.0
652 831 -7.0
6 924 -10.0
456 533 -2.0
787 910 -9.0
356 851 -5.0
441 657 -3.0
133 447 -9.0
905 919 -10.0
529 963 -1.0
89 330 -3.0
131 677 -5.0
1 703 -3.0
477 770 -3.0
283 597 -4.0
371 613 -7.0
610 992 -7.0
62 148 -4.0
11 28 -10.0
702 925 -3.0
590 739 -4.0
188 231 -10.0
267 993 -8.0
710 842 -10.0
97 957 -5.0
158 574 -2.0
606 848 -1.0
30 601 -10.0
123 730 -4.0
480 576 -7.0
565 792 -1.0
10 547 -1.0
639 827 -4.0
619 676 -10.0
28 798 -10.0
215 649 -7.0
48 567 -9.0
351 604 -1.0
373 631 -7.0
170 203 -8.0
459 528 -2.0
510 547 -7.0
45 392 -5.0
372 443 -10.0
360 967 -2.0
443 915 -1.0
31 386 -3.0
746 812 -3.0
195 887 -5.0
590 782 -5.0
425 941 -6.0
73 230 -9.0
342 360 -3.0
89 190 -5.0
511 656 -1.0
152 511 -3.0
90 841 -2.0
862 970 -10.0
22 464 -9.0
179 181 -8.0
354 834 -2.0
180 628 -8.0
725 866 -9.0
132 402 -7.0
267 655 -2.0
641 884 -4.0
424 852 -9.0
324 867 -9.0
96 132 -3.0
693 950 -10.0
210 708 -1.0
566 667 -4.0
253 704 -6.0
134 820 -5.0
302 941 -6.0
503 787 -6.0
562 779 -10.0
427 681 -7.0
99 155 -4.0
445 803 -1.0
484 594 -4.0
431 447 -2.0
359 957 -3.0
287 787 -1.0
357 969 -2.0
338 856 -10.0
73 103 -6.0
669 871 -1.0
503 603 -5.0
323 914 -1.0
8 578 -9.0
69 763 -2.0
394 805 -3.0
277 722 -3.0
172 599 -10.0
363 920 -5.0
64 254 -10.0
12 448 -6.0
397 853 -7.0
442 953 -6.0
152 174 -3.0
384 673 -8.0
343 415 -7.0
499 898 -2.0
274 782 -4.0
822 831 -5.0
243 305 -3.0
200 766 -7.0
130 215 -1.0
42 540 -9.0
64 317 -6.0
57 98 -10.0
186 311 -1.0
23 441 -3.0
486 715 -10.0
222 524 -3.0
518 779 -8.0
670 673 -10.0
651 820 -4.0
183 426 -6.0
590 862 -3.0
92 939 -8.0
876 896 -5.0
672 766 -7.0
567 826 -10.0
772 971 -4.0
479 695 -3.0
468 989 -9.0
92 103 -2.0
932 983 -5.0
195 374 -8.0
229 629 -2.0
255 288 -9.0
498 724 -6.0
442 457 -9.0
346 569 -8.0
290 664 -7.0
132 287 -9.0
438 996 -4.0
3 564 -2.0
389 622 -9.0
403 762 -3.0
255 948 -4.0
49 612 -4.0
275 719 -1.0
138 833 -2.0
392 957 -1.0
188 810 -2.0
802 995 -9.0
106 275 -8.0
54 392 -5.0
198 869 -3.0
752 787 -8.0
529 978 -5.0
25 390 -2.0
280 859 -6.0
286 341 -2.0
293 789 -7.0
141 260 -3.0
633 844 -3.0
528 662 -10.0
147 345 -6.0
75 497 -2.0
810 991 -6.0
452 794 -4.0
260 702 -1.0
26 267 -2.0
5 136 -6.0
288 964 -5.0
117 732 -2.0
55 467 -7.0
180 905 -7.0
235 666 -6.0
234 271 -7.0
513 992 -7.0
224 983 -10.0
110 398 -9.0
553 812 -1.0
49 514 -8.0
218 777 -7.0
570 873 -1.0
445 467 -1.0
278 353 -5.0
422 598 -7.0
121 879 -6.0
105 783 -3.0
29 442 -2.0
338 539 -10.0
359 916 -4.0
262 770 -5.0
157 632 -9.0
35 895 -10.0
573 672 -3.0
127 170 -3.0
675 717 -9.0
270 565 -9.0
48 897 -5.0
308 618 -10.0
611 892 -2.0
295 450 -1.0
19 135 -5.0
73 714 -10.0
292 571 -3.0
16 286 -4.0
250 825 -3.0
641 761 -9.0
634 744 -10.0
244 405 -4.0
78 442 -7.0
222 986 -1.0
566 735 -6.0
178 903 -2.0
160 805 -4.0
218 662 -4.0
86 819 -9.0
357 586 -7.0
24 647 -8.0
2 697 -3.0
630 631 -10.0
60 400 -8.0
820 828 -1.0
105 324 -3.0
704 850 -3.0
703 966 -3.0
55 986 -3.0
176 652 -8.0
184 538 -9.0
627 734 -1.0
472 923 -4.0
13 53 -6.0
425 487 -3.0
274 423 -7.0
410 574 -5.0
348 990 -9.0
732 989 -1.0
919 970 -9.0
898 919 -7.0
280 785 -5.0
135 500 -2.0
347 428 -1.0
650 897 -3.0
18 880 -4.0
310 528 -7.0
100 295 -4.0
91 806 -8.0
531 852 -5.0
754 928 -5.0
246 522 -4.0
74 307 -7.0
30 220 -3.0
366 851 -4.0
447 686 -9.0
674 810 -7.0
259 274 -8.0
33 421 -3.0
582 873 -9.0
324 578 -10.0
78 321 -2.0
641 953 -9.0
90 825 -1.0
333 599 -6.0
641 689 -2.0
631 946 -5.0
604 813 -10.0
748 822 -10.0
125 825 -8.0
541 820 -9.0
243 903 -6.0
353 969 -8.0
567 924 -7.0
430 487 -5.0
691 856 -6.0
390 799 -5.0
123 577 -10.0
107 836 -8.0
771 862 -2.0
196 778 -2.0
348 991 -8.0
25 222 -3.0
235 518 -5.0
660 914 -2.0
146 831 -4.0
143 237 -9.0
668 696 -2.0
1 189 -10.0
164 701 -4.0
747 985 -7.0
617 650 -8.0
437 584 -8.0
140 472 -1.0
433 770 -9.0
495 962 -6.0
64 245 -3.0
252 979 -5.0
315 748 -10.0
257 912 -7.0
548 719 -7.0
489 585 -10.0
179 453 -7.0
392 594 -4.0
522 791 -5.0
166 714 -3.0
354 509 -10.0
818 878 -6.0
229 401 -2.0
126 575 -1.0
309 495 -7.0
257 543 -1.0
373 680 -1.0
30 119 -3.0
209 399 -3.0
121 506 -8.0
331 430 -2.0
397 709 -5.0
353 799 -10.0
160 333 -7.0
189 623 -2.0
115 705 -4.0
702 829 -9.0
671 810 -3.0
139 761 -10.0
27 702 -9.0
501 768 -4.0
258 266 -4.0
60 195 -7.0
143 186 -7.0
136 952 -1.0
93 397 -9.0
310 527 -4.0
484 691 -5.0
672 810 -2.0
421 684 -5.0
203 777 -6.0
496 842 -6.0
369 989 -1.0
515 746 -2.0
132 552 -10.0
150 189 -9.0
283 785 -7.0
270 479 -5.0
798 901 -7.0
219 989 -5.0
453 810 -9.0
195 553 -1.0
107 285 -3.0
589 933 -2.0
50 430 -9.0
727 803 -4.0
137 601 -4.0
592 785 -7.0
415 466 -9.0
208 435 -7.0
601 771 -10.0
777 799 -9.0
230 846 -6.0
238 637 -8.0
893 994 -10.0
338 613 -4.0
215 872 -10.0
373 951 -5.0
40 849 -8.0
49 921 -9.0
154 384 -2.0
138 851 -7.0
417 928 -10.0
30 76 -7.0
243 365 -3.0
183 591 -5.0
383 920 -10.0
146 939 -5.0
537 730 -5.0
501 676 -2.0
127 274 -4.0
37 250 -3.0
131 945 -4.0
534 808 -9.0
202 947 -3.0
468 684 -5.0
66 135 -3.0
596 602 -2.0
684 718 -4.0
718 937 -4.0
108 364 -10.0
330 390 -3.0
78 125 -8.0
74 856 -2.0
222 675 -3.0
760 917 -3.0
471 901 -9.0
396 989 -9.0
75 888 -9.0
176 457 -5.0
550 848 -7.0
227 638 -10.0
23 164 -9.0
300 584 -8.0
249 423 -8.0
33 599 -4.0
372 914 -8.0
554 818 -8.0
499 620 -6.0
110 172 -1.0
418 543 -7.0
657 892 -1.0
153 952 -5.0
211 819 -7.0
66 768 -6.0
276 338 -4.0
353 415 -1.0
307 353 -8.0
777 983 -9.0
686 992 -1.0
282 948 -8.0
330 977 -1.0
573 705 -5.0
272 315 -1.0
59 672 -9.0
52 335 -1.0
331 903 -6.0
86 143 -9.0
475 852 -9.0
276 993 -7.0
152 572 -6.0
33 278 -1.0
308 685 -4.0
296 595 -7.0
173 734 -4.0
331 934 -7.0
177 222 -6.0
440 890 -1.0
252 471 -7.0
247 540 -6.0
65 108 -7.0
91 261 -8.0
19 330 -5.0
767 837 -10.0
62 647 -4.0
348 633 -9.0
130 647 -3.0
967 968 -1.0
199 769 -5.0
229 412 -6.0
437 865 -10.0
565 912 -3.0
259 457 -4.0
153 998 -1.0
126 948 -3.0
236 711 -7.0
657 712 -8.0
125 937 -9.0
414 666 -10.0
169 565 -5.0
510 782 -3.0
902 925 -7.0
154 665 -2.0
520 572 -1.0
79 896 -8.0
13 220 -4.0
302 850 -1.0
160 633 -9.0
102 731 -10.0
31 439 -9.0
65 948 -5.0
380 700 -8.0
575 666 -5.0
136 842 -2.0
123 952 -10.0
4 47 -8.0
26 338 -5.0
219 391 -4.0
280 375 -4.0
446 484 -3.0
422 548 -9.0
33 367 -6.0
96 952 -3.0
711 893 -3.0
217 768 -6.0
37 673 -5.0
151 156 -5.0
282 572 -4.0
556 810 -9.0
561 699 -4.0
3 119 -4.0
187 977 -5.0
452 556 -10.0
45 707 -4.0
809 837 -10.0
497 556 -8.0
111 846 -2.0
699 954 -6.0
760 929 -5.0
294 445 -6.0
894 953 -7.0
310 839 -5.0
167 658 -2.0
313 802 -9.0
84 181 -3.0
124 227 -10.0
298 810 -3.0
76 503 -8.0
287 395 -2.0
172 437 -9.0
515 973 -6.0
576 932 -4.0
224 611 -4.0
376 561 -4.0
4 942 -2.0
786 928 -10.0
418 742 -10.0
460 842 -4.0
11 870 -4.0
70 623 -2.0
3 489 -10.0
896 984 -2.0
414 656 -3.0
325 858 -1.0
452 926 -5.0
11 827 -3.0
376 950 -3.0
582 869 -9.0
619 778 -2.0
440 540 -3.0
4 837 -4.0
267 605 -10.0
620 912 -7.0
2 800 -3.0
69 651 -10.0
155 593 -5.0
417 957 -6.0
627 758 -7.0
429 817 -1.0
283 446 -3.0
425 700 -1.0
92 492 -4.0
289 698 -7.0
170 262 -6.0
528 638 -3.0
260 984 -6.0
383 504 -4.0
357 492 -6.0
283 687 -8.0
430 708 -2.0
671 924 -3.0
272 640 -4.0
240 681 -5.0
67 400 -6.0
470 678 -7.0
60 731 -2.0
210 589 -7.0
395 734 -1.0
72 219 -10.0
865 974 -5.0
23 480 -3.0
99 465 -6.0
317 966 -9.0
564 878 -3.0
152 684 -3.0
636 744 -5.0
134 600 -7.0
143 623 -1.0
62 393 -4.0
586 799 -3.0
196 717 -6.0
67 606 -8.0
473 733 -7.0
136 538 -4.0
111 870 -7.0
300 743 -4.0
323 515 -7.0
138 155 -10.0
769 819 -5.0
51 506 -8.0
135 977 -3.0
191 253 -2.0
521 832 -8.0
536 995 -4.0
66 517 -10.0
216 305 -10.0
533 745 -5.0
91 144 -2.0
169 634 -2.0
3 628 -9.0
104 602 -9.0
421 810 -3.0
337 989 -1.0
52 767 -10.0
142 730 -8.0
33 702 -2.0
257 695 -3.0
229 736 -10.0
400 756 -9.0
742 776 -5.0
402 915 -2.0
584 740 -1.0
559 794 -5.0
934 989 -1.0
427 948 -1.0
570 716 -3.0
66 654 -7.0
380 455 -6.0
777 862 -10.0
596 610 -10.0
595 775 -10.0
172 338 -5.0
41 317 -4.0
765 821 -7.0
216 697 -1.0
522 585 -8.0
39 725 -6.0
255 928 -9.0
96 293 -5.0
816 956 -1.0
95 166 -6.0
329 849 -6.0
304 861 -5.0
605 707 -3.0
432 649 -5.0
455 461 -9.0
140 905 -10.0
250 896 -5.0
258 634 -2.0
305 427 -3.0
926 967 -7.0
529 770 -4.0
147 804 -6.0
71 143 -9.0
642 962 -2.0
783 815 -10.0
366 407 -1.0
137 361 -8.0
188 396 -3.0
309 428 -5.0
592 963 -10.0
300 559 -5.0
390 555 -10.0
213 950 -2.0
743 873 -1.0
384 828 -1.0
240 949 -2.0
82 180 -6.0
330 964 -3.0
932 990 -1.0
31 91 -4.0
217 329 -4.0
729 855 -1.0
401 867 -8.0
159 858 -6.0
541 852 -8.0
133 881 -5.0
85 553 -9.0
543 948 -5.0
4 723 -3.0
38 740 -1.0
470 957 -2.0
374 592 -10.0
97 223 -10.0
31 53 -9.0
423 581 -3.0
140 230 -3.0
522 801 -6.0
15 627 -5.0
443 600 -7.0
584 688 -5.0
736 940 -8.0
107 841 -9.0
800 912 -10.0
118 439 -4.0
241 815 -6.0
191 516 -2.0
142 211 -8.0
9 140 -1.0
670 979 -5.0
746 779 -4.0
745 983 -6.0
426 904 -5.0
588 924 -3.0
870 951 -5.0
69 940 -5.0
456 838 -2.0
382 883 -2.0
738 763 -5.0
202 296 -8.0
507 812 -4.0
69 452 -5.0
409 937 -3.0
531 939 -8.0
400 841 -4.0
900 948 -6.0
365 395 -9.0
751 917 -4.0
508 550 -10.0
557 672 -5.0
171 905 -1.0
336 470 -7.0
15 917 -6.0
667 986 -1.0
759 785 -7.0
336 983 -6.0
27 68 -5.0
744 843 -9.0
162 204 -6.0
187 959 -1.0
461 736 -7.0
381 429 -4.0
259 328 -2.0
690 822 -8.0
326 364 -9.0
383 700 -10.0
258 551 -3.0
773 975 -2.0
533 956 -1.0
872 930 -8.0
378 926 -2.0
561 728 -8.0
105 470 -9.0
100 319 -5.0
238 311 -6.0
140 473 -7.0
26 489 -4.0
531 545 -4.0
285 939 -10.0
477 840 -10.0
289 480 -9.0
71 595 -10.0
447 665 -7.0
787 864 -10.0
280 533 -5.0
170 281 -3.0
330 803 -7.0
85 704 -2.0
481 758 -2.0
223 233 -1.0
944 995 -10.0
741 756 -8.0
173 296 -1.0
8 535 -9.0
762 899 -6.0
130 485 -10.0
269 470 -9.0
283 712 -10.0
531 640 -3.0
209 338 -1.0
133 601 -7.0
173 285 -5.0
442 926 -9.0
736 910 -2.0
578 794 -4.0
421 855 -4.0
65 722 -5.0
563 806 -6.0
518 890 -10.0
324 845 -4.0
340 447 -1.0
447 535 -9.0
183 571 -7.0
92 110 -5.0
300 625 -5.0
761 903 -1.0
271 572 -10.0
309 556 -10.0
1 904 -6.0
818 944 -8.0
581 890 -1.0
85 864 -5.0
180 733 -6.0
53 383 -3.0
274 914 -4.0
93 687 -1.0
680 889 -5.0
488 607 -10.0
618 923 -2.0
473 676 -7.0
115 815 -10.0
21 921 -4.0
36 300 -8.0
298 965 -1.0
612 810 -10.0
40 919 -10.0
126 718 -8.0
111 994 -2.0
279 282 -7.0
33 142 -3.0
9 448 -4.0
383 394 -10.0
98 137 -9.0
241 365 -5.0
197 441 -9.0
170 312 -6.0
259 610 -6.0
144 218 -9.0
199 983 -9.0
303 640 -6.0
781 824 -2.0
126 795 -5.0
212 542 -7.0
338 709 -8.0
541 924 -4.0
69 639 -1.0
252 919 -7.0
200 213 -6.0
242 284 -10.0
647 823 -3.0
163 306 -10.0
195 966 -3.0
48 864 -10.0
638 783 -3.0
313 733 -1.0
256 699 -6.0
282 682 -3.0
194 966 -3.0
464 889 -7.0
500 541 -8.0
95 303 -9.0
655 901 -8.0
303 769 -2.0
153 734 -4.0
692 812 -9.0
480 885 -2.0
660 820 -8.0
18 264 -7.0
305 992 -10.0
621 910 -2.0
440 838 -10.0
163 285 -6.0
105 492 -7.0
496 711 -4.0
421 509 -8.0
576 832 -9.0
382 420 -9.0
49 478 -4.0
524 698 -5.0
264 996 -9.0
143 448 -1.0
76 961 -9.0
599 637 -2.0
323 885 -5.0
59 129 -7.0
274 278 -6.0
615 924 -7.0
65 503 -4.0
686 951 -4.0
644 744 -7.0
561 751 -1.0
223 936 -10.0
21 96 -5.0
64 998 -4.0
537 566 -9.0
302 715 -5.0
651 801 -7.0
279 843 -6.0
723 961 -2.0
501 630 -10.0
206 915 -10.0
402 744 -7.0
544 869 -2.0
750 790 -2.0
102 702 -4.0
346 775 -9.0
625 794 -7.0
234 676 -4.0
546 700 -7.0
145 473 -5.0
119 700 -3.0
67 898 -9.0
975 999 -9.0
489 963 -6.0
301 506 -3.0
158 667 -3.0
246 861 -10.0
245 800 -7.0
953 976 -9.0
19 617 -3.0
272 746 -8.0
153 870 -10.0
568 904 -5.0
194 907 -1.0
189 240 -3.0
295 334 -8.0
690 786 -10.0
69 999 -3.0
45 156 -7.0
509 835 -7.0
728 832 -7.0
109 183 -8.0
684 894 -6.0
190 676 -7.0
403 568 -5.0
690 833 -6.0
516 824 -10.0
253 477 -4.0
137 518 -7.0
57 938 -10.0
130 132 -4.0
324 985 -1.0
270 769 -10.0
691 811 -5.0
279 342 -9.0
823 925 -2.0
779 969 -7.0
260 909 -3.0
74 100 -7.0
425 955 -6.0
142 872 -9.0
73 803 -2.0
352 433 -2.0
463 580 -5.0
813 914 -10.0
405 871 -10.0
156 238 -2.0
490 541 -2.0
185 933 -2.0
238 276 -2.0
485 489 -9.0
306 432 -7.0
169 344 -4.0
432 515 -7.0
330 414 -4.0
80 450 -9.0
185 856 -3.0
251 915 -7.0
805 868 -8.0
48 397 -6.0
432 877 -7.0
366 804 -2.0
92 204 -7.0
303 575 -1.0
349 657 -8.0
233 759 -1.0
517 680 -10.0
702 816 -6.0
707 844 -7.0
295 697 -9.0
1 55 -6.0
371 908 -6.0
163 203 -8.0
636 946 -10.0
191 568 -10.0
629 865 -6.0
298 740 -3.0
583 973 -5.0
47 360 -9.0
107 731 -4.0
647 883 -7.0
154 217 -4.0
144 518 -6.0
320 462 -1.0
651 656 -8.0
17 727 -3.0
214 972 -10.0
415 688 -1.0
629 899 -3.0
617 725 -9.0
629 649 -3.0
483 993 -8.0
731 964 -9.0
403 639 -4.0
570 753 -3.0
444 839 -2.0
816 906 -3.0
497 999 -2.0
174 280 -6.0
148 608 -7.0
239 426 -3.0
300 905 -7.0
54 749 -10.0
432 499 -8.0
360 860 -2.0
354 641 -7.0
170 455 -7.0
685 1000 -9.0
401 407 -8.0
256 874 -6.0
531 693 -8.0
202 394 -6.0
26 216 -5.0
324 699 -10.0
180 205 -6.0
588 704 -7.0
4 575 -3.0
232 572 -1.0
236 324 -2.0
33 376 -9.0
274 931 -7.0
372 946 -8.0
433 959 -10.0
295 363 -6.0
207 971 -7.0
259 291 -10.0
56 733 -5.0
315 460 -5.0
758 781 -5.0
366 589 -7.0
682 797 -3.0
25 308 -1.0
462 647 -4.0
357 368 -2.0
373 451 -2.0
426 884 -1.0
323 886 -1.0
504 887 -4.0
707 763 -8.0
43 664 -10.0
860 944 -2.0
328 543 -3.0
236 558 -4.0
213 651 -7.0
22 690 -9.0
167 734 -1.0
295 344 -4.0
377 722 -3.0
540 810 -6.0
352 460 -7.0
442 511 -3.0
151 795 -3.0
80 668 -7.0
501 944 -5.0
277 687 -8.0
50 51 -7.0
235 438 -4.0
457 999 -8.0
189 433 -10.0
76 977 -6.0
163 889 -10.0
307 358 -8.0
518 694 -5.0
475 879 -6.0
333 374 -1.0
242 829 -8.0
100 620 -10.0
492 949 -9.0
209 248 -5.0
106 108 -4.0
190 842 -7.0
225 438 -9.0
77 656 -3.0
627 652 -2.0
141 821 -2.0
96 473 -4.0
422 752 -1.0
138 422 -3.0
660 861 -8.0
249 252 -2.0
103 317 -9.0
418 592 -1.0
441 482 -3.0
166 482 -1.0
356 533 -3.0
125 914 -10.0
4 169 -3.0
343 420 -9.0
69 889 -10.0
516 750 -4.0
652 864 -9.0
79 751 -3.0
95 774 -7.0
79 992 -10.0
852 939 -5.0
344 390 -7.0
692 997 -1.0
5 985 -3.0
102 426 -3.0
802 844 -5.0
587 784 -1.0
13 354 -2.0
517 936 -2.0
40 555 -4.0
326 779 -2.0
672 857 -2.0
15 406 -10.0
111 743 -9.0
576 650 -8.0
262 880 -8.0
40 702 -8.0
386 933 -10.0
502 860 -6.0
236 263 -5.0
197 364 -6.0
13 46 -8.0
550 844 -8.0
152 889 -9.0
235 896 -8.0
556 827 -7.0
549 870 -10.0
45 226 -3.0
120 506 -4.0
392 598 -2.0
534 598 -7.0
216 826 -9.0
860 948 -5.0
386 989 -9.0
197 604 -1.0
622 877 -5.0
678 721 -5.0
195 233 -8.0
137 900 -6.0
344 690 -6.0
154 347 -7.0
275 815 -4.0
578 881 -8.0
452 509 -5.0
472 843 -5.0
35 557 -8.0
677 925 -7.0
196 939 -2.0
465 467 -8.0
319 520 -1.0
77 388 -8.0
13 632 -8.0
109 962 -8.0
523 888 -8.0
146 887 -2.0
809 956 -1.0
356 741 -10.0
129 338 -2.0
5 408 -1.0
409 565 -8.0
871 998 -2.0
641 786 -1.0
246 938 -6.0
286 993 -10.0
318 493 -7.0
84 126 -5.0
455 782 -1.0
463 605 -2.0
583 707 -6.0
87 615 -2.0
535 727 -4.0
126 188 -1.0
13 841 -10.0
753 782 -2.0
396 693 -7.0
490 899 -5.0
237 351 -2.0
44 989 -3.0
206 723 -4.0
380 697 -3.0
24 899 -1.0
846 888 -10.0
359 995 -3.0
372 825 -9.0
556 812 -8.0
586 862 -3.0
815 850 -7.0
33 684 -3.0
25 34 -5.0
301 343 -3.0
186 978 -8.0
920 966 -5.0
4 270 -8.0
189 778 -7.0
279 337 -10.0
114 239 -9.0
400 923 -7.0
88 568 -1.0
734 757 -9.0
117 490 -6.0
118 451 -9.0
525 916 -8.0
702 844 -1.0
774 982 -1.0
58 254 -1.0
609 916 -6.0
77 661 -2.0
678 830 -1.0
621 784 -1.0
194 698 -7.0
157 768 -3.0
489 674 -3.0
888 978 -3.0
557 903 -9.0
189 558 -10.0
500 790 -8.0
634 845 -4.0
319 732 -10.0
780 938 -3.0
206 950 -2.0
763 810 -5.0
558 589 -2.0
379 654 -7.0
318 548 -2.0
359 767 -6.0
895 899 -1.0
275 687 -6.0
130 192 -5.0
159 849 -8.0
165 668 -1.0
302 498 -5.0
491 992 -9.0
597 746 -5.0
127 668 -1.0
72 450 -8.0
279 317 -7.0
342 781 -10.0
39 496 -7.0
418 560 -9.0
85 947 -7.0
405 598 -9.0
1 516 -9.0
166 381 -1.0
556 658 -5.0
145 940 -5.0
314 850 -9.0
105 567 -1.0
629 750 -4.0
334 352 -8.0
424 730 -5.0
178 394 -3.0
166 815 -5.0
158 447 -9.0
123 229 -5.0
603 887 -4.0
414 984 -3.0
554 879 -4.0
325 958 -6.0
206 494 -9.0
54 640 -2.0
12 641 -7.0
252 510 -4.0
89 763 -3.0
286 794 -8.0
28 532 -5.0
175 181 -4.0
388 930 -3.0
669 938 -5.0
186 698 -1.0
365 867 -2.0
810 881 -10.0
827 930 -2.0
270 772 -2.0
163 813 -7.0
836 857 -4.0
119 755 -3.0
277 504 -7.0
109 585 -5.0
441 559 -7.0
116 256 -10.0
259 369 -2.0
304 474 -3.0
380 843 -6.0
179 564 -2.0
294 746 -10.0
49 693 -8.0
134 311 -3.0
56 354 -1.0
404 526 -3.0
226 396 -7.0
282 716 -3.0
606 812 -3.0
543 899 -2.0
152 412 -6.0
432 587 -8.0
203 618 -7.0
42 157 -5.0
12 651 -5.0
94 931 -9.0
434 957 -8.0
252 984 -10.0
478 826 -4.0
775 1000 -1.0
684 961 -2.0
106 953 -2.0
201 355 -9.0
299 772 -6.0
661 686 -8.0
132 742 -10.0
33 772 -6.0
427 878 -7.0
43 668 -9.0
269 350 -10.0
6 568 -7.0
721 768 -10.0
105 264 -3.0
549 608 -2.0
275 324 -2.0
86 238 -8.0
803 882 -10.0
413 917 -7.0
47 392 -8.0
13 295 -7.0
333 736 -7.0
440 556 -5.0
270 392 -7.0
617 727 -9.0
178 507 -2.0
386 796 -4.0
420 531 -2.0
32 322 -9.0
361 745 -6.0
204 256 -7.0
72 685 -8.0
397 962 -4.0
12 782 -1.0
87 951 -9.0
444 607 -2.0
182 439 -5.0
148 736 -7.0
556 636 -6.0
19 147 -5.0
825 922 -3.0
274 639 -1.0
585 806 -7.0
12 258 -2.0
160 548 -5.0
311 906 -3.0
265 400 -1.0
216 254 -10.0
224 672 -8.0
10 590 -4.0
237 644 -10.0
500 913 -9.0
303 352 -2.0
122 818 -7.0
288 311 -8.0
112 430 -6.0
358 583 -10.0
474 680 -2.0
385 876 -10.0
653 792 -2.0
23 602 -10.0
125 736 -7.0
129 223 -8.0
825 891 -10.0
757 820 -2.0
483 908 -2.0
24 451 -6.0
60 695 -8.0
180 570 -2.0
414 465 -4.0
83 94 -6.0
870 984 -6.0
157 670 -10.0
581 808 -2.0
429 662 -10.0
221 846 -9.0
403 636 -10.0
181 887 -6.0
260 298 -7.0
338 907 -5.0
405 927 -4.0
746 833 -4.0
734 855 -1.0
190 593 -7.0
576 993 -8.0
73 590 -8.0
726 951 -3.0
77 658 -6.0
198 671 -5.0
833 988 -9.0
810 938 -4.0
319 741 -8.0
491 675 -9.0
44 149 -9.0
547 665 -8.0
172 364 -5.0
359 398 -9.0
119 738 -1.0
269 869 -1.0
197 245 -6.0
308 839 -7.0
596 794 -6.0
34 942 -3.0
277 287 -10.0
233 352 -1.0
370 984 -10.0
636 733 -1.0
730 738 -4.0
8 257 -10.0
79 426 -10.0
452 513 -9.0
19 967 -5.0
705 955 -9.0
183 462 -10.0
419 582 -3.0
448 927 -6.0
163 362 -9.0
364 510 -9.0
244 727 -1.0
225 810 -8.0
945 979 -1.0
325 559 -3.0
208 822 -6.0
635 987 -5.0
286 436 -2.0
91 505 -10.0
819 951 -4.0
495 649 -5.0
511 619 -2.0
156 649 -4.0
709 741 -6.0
504 779 -2.0
455 883 -5.0
206 715 -2.0
105 323 -9.0
366 791 -2.0
138 675 -3.0
478 885 -8.0
245 660 -1.0
225 228 -7.0
273 856 -8.0
709 836 -8.0
625 925 -2.0
838 980 -10.0
86 492 -4.0
224 913 -4.0
636 686 -10.0
20 957 -1.0
53 373 -2.0
430 562 -10.0
235 699 -8.0
277 282 -9.0
756 916 -6.0
689 774 -7.0
231 577 -5.0
642 784 -5.0
109 385 -10.0
199 411 -3.0
262 353 -5.0
615 755 -2.0
499 791 -9.0
779 954 -4.0
677 723 -5.0
462 804 -3.0
363 776 -2.0
282 860 -1.0
895 923 -7.0
251 577 -8.0
578 837 -9.0
82 404 -8.0
545 968 -7.0
554 864 -7.0
195 608 -4.0
75 581 -9.0
258 983 -4.0
43 997 -6.0
6 288 -1.0
500 824 -1.0
818 895 -8.0
314 574 -6.0
448 586 -8.0
472 922 -3.0
15 508 -4.0
17 181 -6.0
44 558 -8.0
516 600 -3.0
92 541 -2.0
90 390 -5.0
209 526 -1.0
287 539 -9.0
455 732 -10.0
390 813 -9.0
114 660 -7.0
3 81 -7.0
67 204 -5.0
409 596 -5.0
59 278 -6.0
676 790 -7.0
362 469 -6.0
571 591 -6.0
379 468 -8.0
552 710 -1.0
579 965 -10.0
382 967 -10.0
555 735 -1.0
626 861 -2.0
7 860 -8.0
422 719 -2.0
301 370 -10.0
848 965 -8.0
506 675 -3.0
37 231 -5.0
166 845 -1.0
130 321 -4.0
800 850 -2.0
59 754 -10.0
233 738 -4.0
575 940 -7.0
71 140 -8.0
552 911 -8.0
883 901 -7.0
29 372 -2.0
69 121 -5.0
267 762 -10.0
760 961 -9.0
110 386 -2.0
141 837 -3.0
727 755 -2.0
849 927 -9.0
189 590 -2.0
99 197 -10.0
167 433 -1.0
222 367 -6.0
466 645 -10.0
263 993 -10.0
176 608 -4.0
149 840 -2.0
13 168 -1.0
657 728 -4.0
450 745 -1.0
244 919 -8.0
102 593 -9.0
97 880 -2.0
61 818 -7.0
114 253 -10.0
295 728 -7.0
186 258 -2.0
803 934 -3.0
127 969 -2.0
123 272 -10.0
497 584 -9.0
462 690 -8.0
722 953 -7.0
181 558 -9.0
17 682 -3.0
135 671 -8.0
211 812 -3.0
91 401 -9.0
361 751 -6.0
151 366 -8.0
250 307 -4.0
17 697 -4.0
152 751 -2.0
217 274 -6.0
530 660 -7.0
656 826 -9.0
133 322 -3.0
98 791 -4.0
200 543 -3.0
190 955 -9.0
367 472 -8.0
83 244 -8.0
179 610 -6.0
216 996 -1.0
145 731 -9.0
538 955 -7.0
427 930 -4.0
665 726 -9.0
396 849 -2.0
340 994 -6.0
176 689 -6.0
236 899 -1.0
37 562 -6.0
228 433 -5.0
405 641 -4.0
286 292 -5.0
24 822 -3.0
706 784 -6.0
82 153 -2.0
50 577 -9.0
543 650 -7.0
283 632 -9.0
96 469 -7.0
483 719 -9.0
226 857 -4.0
234 803 -4.0
148 962 -7.0
69 593 -2.0
408 932 -5.0
376 813 -8.0
426 574 -6.0
162 264 -8.0
435 891 -2.0
368 618 -2.0
21 402 -5.0
15 61 -2.0
572 666 -1.0
690 981 -5.0
321 509 -9.0
306 620 -4.0
82 653 -3.0
136 169 -6.0
461 791 -4.0
254 840 -7.0
267 572 -7.0
147 902 -6.0
184 806 -6.0
2 328 -4.0
278 516 -3.0
369 500 -4.0
211 730 -1.0
447 638 -6.0
181 892 -2.0
72 195 -9.0
353 578 -3.0
506 537 -5.0
12 992 -1.0
656 660 -2.0
326 597 -7.0
585 709 -2.0
630 861 -8.0
458 557 -2.0
95 504 -3.0
162 974 -9.0
738 920 -6.0
906 954 -7.0
610 836 -3.0
97 821 -6.0
69 946 -2.0
539 809 -8.0
330 879 -6.0
397 662 -8.0
35 913 -9.0
602 799 -10.0
687 942 -6.0
244 314 -6.0
98 274 -8.0
169 993 -8.0
130 957 -7.0
511 747 -10.0
83 961 -9.0
403 518 -4.0
240 751 -6.0
385 987 -7.0
98 308 -7.0
510 715 -1.0
377 433 -4.0
248 823 -8.0
612 864 -3.0
338 683 -5.0
291 914 -8.0
59 995 -6.0
506 869 -6.0
566 777 -8.0
236 953 -2.0
691 875 -4.0
311 542 -5.0
138 349 -5.0
193 575 -7.0
294 838 -7.0
181 884 -7.0
329 368 -8.0
112 514 -4.0
283 877 -10.0
429 545 -2.0
311 610 -9.0
290 928 -4.0
253 579 -4.0
133 823 -8.0
103 909 -4.0
689 712 -4.0
682 798 -4.0
323 826 -1.0
510 525 -6.0
449 500 -5.0
415 561 -5.0
75 248 -2.0
540 616 -7.0
291 801 -8.0
14 788 -4.0
926 959 -9.0
247 277 -6.0
94 96 -4.0
326 837 -3.0
480 846 -6.0
746 830 -8.0
612 793 -2.0
14 421 -6.0
254 715 -7.0
689 698 -9.0
475 569 -4.0
26 208 -4.0
54 673 -9.0
226 314 -1.0
283 510 -4.0
126 543 -2.0
420 661 -4.0
640 863 -8.0
305 712 -4.0
217 873 -9.0
349 370 -8.0
197 442 -4.0
311 434 -6.0
183 750 -5.0
74 806 -5.0
107 868 -3.0
570 879 -3.0
245 572 -10.0
766 909 -8.0
242 381 -8.0
103 598 -4.0
717 996 -8.0
49 406 -9.0
456 546 -2.0
45 838 -8.0
280 999 -10.0
174 501 -4.0
141 766 -4.0
776 872 -2.0
665 898 -1.0
381 594 -1.0
25 523 -6.0
79 83 -5.0
122 827 -4.0
160 339 -3.0
326 449 -5.0
571 848 -1.0
741 949 -3.0
624 769 -4.0
338 761 -1.0
652 813 -7.0
265 930 -1.0
479 678 -4.0
441 734 -9.0
243 784 -8.0
382 639 -4.0
42 912 -3.0
330 944 -3.0
248 840 -6.0
26 472 -4.0
42 435 -4.0
268 703 -6.0
506 914 -8.0
186 469 -4.0
71 494 -10.0
871 915 -8.0
49 213 -1.0
526 729 -2.0
446 978 -4.0
13 540 -8.0
705 904 -9.0
805 858 -1.0
69 380 -4.0
357 904 -9.0
429 556 -9.0
815 913 -7.0
494 634 -8.0
138 290 -6.0
736 958 -5.0
133 979 -5.0
660 763 -2.0
579 724 -10.0
8 310 -7.0
519 528 -7.0
504 524 -10.0
59 83 -3.0
239 968 -2.0
9 28 -8.0
221 771 -3.0
153 636 -6.0
329 767 -4.0
530 651 -7.0
298 528 -10.0
332 873 -5.0
505 860 -10.0
428 996 -7.0
95 281 -9.0
126 256 -8.0
197 803 -1.0
176 179 -7.0
48 631 -8.0
561 795 -7.0
98 510 -10.0
293 708 -9.0
593 933 -1.0
639 767 -8.0
736 848 -1.0
496 684 -2.0
157 225 -2.0
287 756 -10.0
132 920 -10.0
414 614 -10.0
168 209 -9.0
380 820 -3.0
93 144 -8.0
894 963 -9.0
844 905 -10.0
519 596 -8.0
8 128 -4.0
343 519 -1.0
407 513 -6.0
238 263 -1.0
30 529 -7.0
15 758 -4.0
110 447 -4.0
166 385 -9.0
200 900 -6.0
464 836 -9.0
54 642 -9.0
136 492 -3.0
355 510 -2.0
632 777 -1.0
156 222 -8.0
668 939 -6.0
267 753 -6.0
368 379 -8.0
204 974 -8.0
380 806 -4.0
108 443 -5.0
305 593 -4.0
529 734 -1.0
167 980 -3.0
144 911 -4.0
95 943 -9.0
530 867 -3.0
661 991 -10.0
44 764 -7.0
50 542 -10.0
49 352 -5.0
300 688 -3.0
7 432 -3.0
306 932 -8.0
644 809 -3.0
57 506 -1.0
305 911 -10.0
70 734 -10.0
191 263 -8.0
189 817 -2.0
293 782 -5.0
233 931 -7.0
249 896 -10.0
490 662 -6.0
458 481 -1.0
439 779 -1.0
632 659 -10.0
592 715 -5.0
247 632 -2.0
289 552 -1.0
549 576 -3.0
776 975 -2.0
738 978 -4.0
126 883 -9.0
547 826 -2.0
84 526 -7.0
269 878 -6.0
183 943 -4.0
332 515 -10.0
4 840 -9.0
53 909 -10.0
302 483 -7.0
677 692 -4.0
341 458 -3.0
143 901 -10.0
583 682 -8.0
47 989 -6.0
466 842 -2.0
6 390 -8.0
310 896 -10.0
426 805 -9.0
291 521 -6.0
79 698 -2.0
60 999 -1.0
338 422 -8.0
441 954 -4.0
508 750 -8.0
486 506 -7.0
414 980 -8.0
615 695 -6.0
112 204 -2.0
8 839 -9.0
376 505 -9.0
264 699 -7.0
724 731 -5.0
159 976 -3.0
387 905 -4.0
141 240 -3.0
17 770 -5.0
88 498 -7.0
225 980 -1.0
203 872 -9.0
103 690 -2.0
6 805 -8.0
644 761 -1.0
35 748 -5.0
463 796 -6.0
773 816 -9.0
224 957 -6.0
717 805 -2.0
141 159 -2.0
468 720 -9.0
294 680 -3.0
400 552 -4.0
375 553 -2.0
39 808 -3.0
407 769 -2.0
379 849 -3.0
196 249 -1.0
105 580 -7.0
29 838 -10.0
475 733 -3.0
249 329 -7.0
94 777 -7.0
578 805 -6.0
102 892 -3.0
399 412 -10.0
376 827 -3.0
644 722 -6.0
234 541 -10.0
458 873 -8.0
4 485 -10.0
124 575 -9.0
72 983 -1.0
3 123 -7.0
584 604 -9.0
192 873 -8.0
40 278 -1.0
691 805 -9.0
161 759 -7.0
299 584 -10.0
92 876 -8.0
401 946 -1.0
103 944 -4.0
151 998 -7.0
464 479 -1.0
168 801 -10.0
50 71 -1.0
819 829 -8.0
925 972 -5.0
777 873 -10.0
597 643 -9.0
91 296 -2.0
323 563 -2.0
31 135 -10.0
135 850 -1.0
249 907 -1.0
803 965 -8.0
552 600 -7.0
446 653 -5.0
881 928 -6.0
625 816 -2.0
840 943 -10.0
323 499 -4.0
358 822 -9.0
26 918 -9.0
203 211 -3.0
272 826 -4.0
433 908 -2.0
154 341 -10.0
602 989 -2.0
367 521 -1.0
745 967 -8.0
373 639 -4.0
584 605 -5.0
550 945 -7.0
496 576 -3.0
574 583 -6.0
22 955 -5.0
81 112 -2.0
14 87 -9.0
53 694 -3.0
676 757 -6.0
378 729 -1.0
40 774 -1.0
109 914 -3.0
908 998 -7.0
13 141 -8.0
75 720 -2.0
394 578 -7.0
83 996 -8.0
285 665 -1.0
430 909 -8.0
275 840 -6.0
684 950 -1.0
456 772 -5.0
6 621 -2.0
290 337 -3.0
582 889 -9.0
145 792 -7.0
184 208 -7.0
403 826 -7.0
244 500 -10.0
365 953 -3.0
44 993 -7.0
447 869 -4.0
206 786 -3.0
484 640 -5.0
236 481 -8.0
742 840 -6.0
61 472 -8.0
444 555 -10.0
569 914 -10.0
174 262 -2.0
500 655 -1.0
601 894 -8.0
673 753 -1.0
213 395 -5.0
180 721 -10.0
58 830 -4.0
206 352 -10.0
605 751 -3.0
166 497 -6.0
531 932 -2.0
805 872 -7.0
153 644 -2.0
846 924 -1.0
412 962 -3.0
323 736 -4.0
353 806 -6.0
332 372 -1.0
337 695 -7.0
150 875 -10.0
116 848 -10.0
301 664 -9.0
192 418 -5.0
316 666 -2.0
16 503 -10.0
155 407 -4.0
133 300 -3.0
240 992 -10.0
597 894 -10.0
144 842 -9.0
140 569 -5.0
564 742 -3.0
552 834 -7.0
428 787 -1.0
49 779 -3.0
97 172 -1.0
665 687 -4.0
408 949 -10.0
541 583 -3.0
367 389 -7.0
441 666 -4.0
422 784 -5.0
128 538 -2.0
708 974 -10.0
835 853 -3.0
551 687 -6.0
72 268 -6.0
239 694 -4.0
657 814 -9.0
744 848 -8.0
155 551 -9.0
437 583 -9.0
38 915 -3.0
90 162 -9.0
745 853 -2.0
568 576 -10.0
155 752 -8.0
338 386 -8.0
427 924 -1.0
788 979 -2.0
668 712 -6.0
511 575 -4.0
339 343 -6.0
442 517 -10.0
354 717 -3.0
44 917 -6.0
248 458 -3.0
543 677 -6.0
14 838 -10.0
504 909 -4.0
438 822 -1.0
43 568 -9.0
533 978 -9.0
226 999 -5.0
20 821 -5.0
136 968 -10.0
471 692 -9.0
582 649 -6.0
635 902 -7.0
804 941 -2.0
40 467 -1.0
685 913 -10.0
159 360 -7.0
916 979 -9.0
506 755 -4.0
56 70 -10.0
526 991 -3.0
266 710 -5.0
25 108 -4.0
153 985 -8.0
653 667 -10.0
125 795 -2.0
33 568 -5.0
492 725 -6.0
505 558 -10.0
48 325 -5.0
182 770 -1.0
58 720 -4.0
264 456 -8.0
655 688 -6.0
338 727 -2.0
3 85 -5.0
236 665 -7.0
3 704 -8.0
146 408 -10.0
398 900 -10.0
366 980 -9.0
595 938 -9.0
134 305 -1.0
444 469 -6.0
14 270 -2.0
104 493 -9.0
330 572 -4.0
656 685 -7.0
899 902 -1.0
565 890 -7.0
195 248 -1.0
786 880 -9.0
576 965 -2.0
121 939 -2.0
519 578 -8.0
388 732 -6.0
50 824 -2.0
745 870 -7.0
650 835 -3.0
118 884 -4.0
840 867 -6.0
535 699 -5.0
575 744 -6.0
178 647 -5.0
466 779 -5.0
693 991 -4.0
23 499 -3.0
272 410 -10.0
80 85 -7.0
906 907 -1.0
99 952 -9.0
348 488 -6.0
235 898 -4.0
77 636 -10.0
117 560 -7.0
52 468 -2.0
780 785 -1.0
571 680 -5.0
93 495 -5.0
311 524 -6.0
28 445 -8.0
5 648 -6.0
106 601 -8.0
800 886 -2.0
825 939 -2.0
85 964 -2.0
19 916 -8.0
612 993 -9.0
76 806 -7.0
307 673 -7.0
489 705 -1.0
322 468 -8.0
215 259 -5.0
856 962 -2.0
645 926 -9.0
398 681 -4.0
350 608 -3.0
137 176 -9.0
16 880 -5.0
155 254 -5.0
706 815 -9.0
456 471 -2.0
522 526 -9.0
187 497 -9.0
443 546 -9.0
594 671 -7.0
608 933 -6.0
143 969 -10.0
77 85 -7.0
577 967 -1.0
244 453 -5.0
582 702 -4.0
235 455 -1.0
44 200 -9.0
54 110 -7.0
568 879 -1.0
564 667 -8.0
432 529 -5.0
460 1000 -8.0
567 701 -7.0
82 142 -8.0
95 298 -7.0
15 669 -2.0
249 400 -5.0
147 959 -8.0
18 659 -3.0
373 994 -1.0
234 364 -8.0
376 836 -1.0
311 521 -10.0
341 798 -8.0
382 530 -8.0
361 725 -10.0
188 451 -4.0
735 959 -9.0
588 760 -10.0
307 950 -3.0
307 901 -7.0
853 996 -8.0
445 577 -3.0
21 617 -4.0
41 337 -1.0
164 321 -8.0
485 670 -9.0
501 568 -8.0
27 533 -9.0
417 668 -2.0
580 582 -1.0
131 263 -2.0
192 870 -6.0
206 759 -2.0
366 784 -1.0
313 840 -10.0
523 847 -3.0
46 552 -3.0
935 960 -2.0
74 394 -7.0
450 669 -2.0
143 210 -1.0
230 603 -9.0
205 778 -1.0
497 775 -3.0
834 889 -8.0
446 499 -9.0
297 427 -2.0
207 866 -5.0
513 635 -4.0
89 910 -5.0
150 861 -7.0
178 822 -4.0
35 848 -7.0
207 363 -9.0
114 680 -7.0
34 704 -7.0
448 639 -7.0
734 871 -8.0
685 791 -1.0
17 153 -4.0
515 771 -10.0
167 922 -4.0
750 861 -7.0
133 747 -9.0
503 926 -5.0
101 149 -7.0
781 818 -9.0
60 561 -10.0
65 719 -5.0
485 887 -6.0
641 765 -5.0
145 859 -2.0
328 493 -5.0
610 682 -2.0
201 265 -3.0
427 910 -5.0
25 661 -9.0
644 927 -8.0
372 524 -8.0
404 942 -1.0
109 711 -6.0
805 904 -6.0
124 505 -7.0
80 292 -5.0
883 963 -9.0
931 948 -10.0
624 832 -6.0
112 272 -3.0
310 452 -9.0
565 732 -5.0
745 961 -4.0
18 52 -3.0
144 716 -3.0
172 985 -2.0
26 751 -6.0
934 987 -3.0
229 596 -4.0
210 467 -3.0
456 785 -4.0
784 877 -8.0
410 679 -3.0
334 870 -3.0
592 820 -3.0
197 374 -4.0
100 145 -8.0
674 942 -2.0
845 873 -6.0
214 289 -3.0
498 782 -4.0
253 381 -4.0
6 273 -1.0
377 636 -3.0
594 761 -7.0
369 484 -2.0
24 353 -7.0
82 114 -4.0
172 610 -1.0
445 910 -5.0
899 939 -4.0
83 217 -8.0
206 984 -4.0
535 570 -3.0
96 121 -3.0
347 843 -8.0
339 946 -4.0
218 539 -5.0
185 527 -5.0
42 580 -10.0
614 829 -1.0
6 222 -6.0
496 519 -4.0
45 985 -5.0
547 898 -4.0
609 997 -8.0
162 420 -2.0
335 855 -10.0
448 685 -2.0
728 988 -5.0
753 772 -9.0
56 243 -2.0
649 709 -2.0
833 997 -10.0
15 175 -1.0
131 906 -7.0
448 532 -9.0
541 630 -7.0
250 306 -7.0
560 725 -10.0
219 948 -2.0
634 725 -9.0
252 899 -1.0
301 425 -5.0
74 740 -4.0
59 822 -2.0
617 796 -1.0
520 666 -1.0
182 696 -2.0
499 936 -5.0
215 310 -7.0
537 764 -4.0
959 986 -4.0
346 960 -7.0
158 680 -5.0
776 904 -4.0
315 651 -5.0
484 700 -7.0
45 454 -5.0
322 452 -8.0
601 985 -3.0
486 895 -3.0
428 910 -1.0
551 830 -8.0
501 720 -4.0
296 405 -10.0
887 911 -9.0
304 440 -2.0
91 655 -2.0
65 119 -9.0
275 475 -6.0
160 936 -4.0
734 916 -2.0
178 691 -7.0
152 587 -1.0
743 788 -6.0
784 791 -10.0
568 786 -1.0
593 916 -9.0
137 402 -1.0
716 981 -7.0
691 705 -5.0
105 474 -6.0
355 401 -1.0
425 549 -10.0
303 521 -5.0
275 818 -7.0
730 850 -2.0
845 954 -2.0
119 574 -5.0
337 777 -1.0
108 309 -6.0
426 781 -5.0
312 959 -4.0
394 800 -4.0
868 989 -7.0
378 608 -9.0
806 854 -6.0
449 819 -6.0
693 763 -5.0
713 762 -7.0
462 827 -6.0
135 706 -8.0
364 672 -9.0
439 831 -2.0
17 845 -10.0
542 707 -3.0
970 978 -9.0
112 739 -9.0
22 835 -7.0
359 641 -6.0
587 948 -9.0
186 340 -8.0
201 621 -6.0
620 885 -7.0
116 662 -6.0
4 253 -1.0
330 826 -4.0
317 452 -2.0
278 737 -5.0
319 894 -1.0
700 830 -5.0
384 492 -6.0
217 369 -6.0
171 914 -10.0
187 775 -9.0
381 595 -9.0
202 413 -2.0
410 760 -4.0
61 668 -9.0
231 632 -10.0
851 960 -5.0
630 760 -9.0
455 979 -7.0
71 557 -4.0
343 813 -10.0
198 676 -4.0
74 799 -4.0
376 512 -3.0
376 382 -3.0
210 849 -7.0
57 400 -6.0
83 396 -2.0
109 799 -1.0
147 472 -2.0
127 978 -1.0
657 711 -1.0
174 322 -3.0
165 704 -6.0
147 944 -3.0
239 891 -1.0
130 203 -1.0
413 699 -8.0
383 443 -3.0
110 739 -2.0
321 743 -7.0
304 785 -4.0
36 817 -6.0
478 900 -8.0
298 832 -5.0
50 118 -8.0
324 717 -2.0
755 766 -8.0
372 541 -8.0
4 24 -9.0
555 941 -4.0
414 452 -6.0
177 462 -10.0
320 371 -10.0
196 842 -4.0
349 457 -3.0
650 686 -3.0
641 733 -3.0
439 647 -5.0
607 852 -5.0
127 429 -8.0
211 478 -9.0
4 936 -4.0
441 866 -7.0
165 361 -9.0
523 607 -5.0
547 900 -1.0
364 981 -6.0
632 965 -9.0
536 737 -8.0
402 942 -10.0
565 670 -1.0
493 879 -3.0
866 954 -5.0
106 504 -3.0
691 853 -2.0
247 368 -4.0
834 876 -3.0
732 901 -8.0
98 317 -7.0
714 986 -4.0
659 911 -3.0
160 494 -3.0
199 599 -4.0
666 943 -3.0
49 689 -5.0
538 837 -2.0
656 786 -6.0
435 909 -1.0
114 668 -4.0
77 145 -6.0
378 630 -2.0
729 992 -9.0
264 318 -7.0
702 800 -5.0
81 847 -4.0
45 835 -5.0
283 742 -6.0
691 765 -10.0
247 611 -8.0
441 937 -7.0
85 160 -4.0
430 948 -3.0
540 844 -3.0
205 508 -5.0
308 913 -5.0
66 484 -3.0
527 610 -1.0
155 980 -1.0
238 404 -8.0
158 163 -9.0
200 647 -9.0
2 895 -8.0
567 936 -4.0
367 399 -6.0
418 983 -5.0
626 875 -7.0
445 800 -8.0
70 803 -3.0
164 226 -5.0
314 992 -9.0
208 845 -2.0
844 982 -7.0
364 941 -4.0
162 613 -3.0
472 911 -5.0
103 246 -10.0
99 650 -4.0
31 635 -9.0
533 649 -6.0
219 505 -8.0
363 421 -3.0
330 738 -5.0
804 837 -5.0
347 980 -6.0
279 904 -7.0
39 165 -6.0
292 432 -4.0
771 863 -3.0
66 259 -3.0
37 361 -4.0
157 608 -2.0
794 953 -4.0
317 758 -8.0
249 297 -10.0
640 690 -8.0
8 857 -5.0
629 680 -7.0
293 699 -6.0
92 832 -2.0
539 875 -1.0
62 226 -2.0
348 423 -9.0
266 651 -7.0
647 928 -4.0
138 444 -10.0
151 332 -9.0
167 548 -4.0
719 862 -9.0
307 959 -2.0
143 685 -2.0
221 834 -4.0
471 983 -1.0
474 871 -1.0
375 768 -4.0
59 288 -4.0
609 800 -8.0
278 334 -1.0
311 327 -3.0
63 457 -3.0
465 610 -10.0
85 905 -3.0
635 911 -7.0
370 453 -5.0
882 971 -2.0
256 314 -3.0
632 675 -10.0
91 712 -10.0
840 916 -8.0
562 591 -9.0
495 705 -2.0
2 227 -3.0
29 247 -9.0
253 789 -5.0
90 725 -8.0
65 970 -8.0
288 764 -10.0
594 893 -2.0
831 976 -1.0
615 969 -4.0
414 781 -6.0
791 947 -1.0
646 720 -10.0
204 920 -1.0
415 471 -2.0
207 333 -3.0
208 885 -8.0
204 456 -3.0
459 606 -8.0
476 945 -6.0
849 861 -10.0
208 875 -9.0
546 674 -9.0
182 991 -3.0
175 689 -4.0
289 690 -7.0
239 813 -5.0
595 954 -1.0
17 421 -9.0
467 836 -8.0
303 557 -3.0
189 772 -7.0
298 607 -6.0
281 955 -5.0
507 766 -4.0
273 506 -6.0
126 953 -2.0
70 178 -4.0
50 814 -4.0
364 602 -7.0
823 888 -6.0
189 322 -1.0
169 259 -3.0
829 981 -5.0
419 693 -9.0
605 624 -10.0
551 919 -6.0
312 332 -3.0
139 593 -1.0
361 557 -4.0
776 838 -10.0
52 764 -1.0
98 460 -4.0
151 502 -4.0
447 730 -5.0
139 354 -1.0
689 949 -8.0
566 811 -10.0
292 829 -10.0
248 960 -9.0
221 423 -4.0
547 936 -6.0
49 399 -1.0
233 361 -7.0
818 990 -9.0
192 800 -8.0
21 211 -2.0
322 336 -8.0
408 948 -2.0
622 804 -4.0
35 953 -1.0
418 568 -8.0
674 991 -9.0
645 961 -5.0
130 155 -6.0
446 752 -7.0
247 380 -8.0
510 593 -3.0
698 835 -9.0
641 669 -10.0
400 760 -4.0
39 217 -10.0
424 893 -1.0
12 892 -7.0
150 661 -4.0
570 728 -2.0
61 627 -6.0
205 794 -9.0
624 859 -10.0
282 910 -1.0
332 720 -3.0
236 790 -9.0
544 909 -10.0
654 873 -1.0
393 899 -8.0
51 932 -4.0
99 543 -10.0
543 688 -8.0
30 636 -9.0
194 845 -7.0
872 1000 -4.0
523 606 -6.0
56 130 -4.0
554 973 -4.0
159 739 -3.0
86 674 -10.0
7 162 -4.0
43 154 -7.0
638 823 -9.0
379 508 -4.0
224 454 -6.0
162 279 -2.0
99 130 -10.0
12 686 -7.0
77 851 -5.0
57 292 -6.0
466 857 -1.0
322 964 -2.0
187 488 -8.0
397 645 -3.0
607 677 -8.0
528 607 -8.0
166 768 -3.0
248 439 -2.0
109 289 -10.0
169 391 -9.0
810 988 -2.0
167 986 -5.0
194 620 -7.0
230 594 -1.0
275 455 -10.0
443 585 -8.0
428 512 -4.0
92 671 -4.0
649 907 -2.0
431 526 -3.0
49 729 -2.0
31 924 -10.0
368 697 -6.0
198 230 -5.0
41 514 -3.0
16 297 -7.0
721 948 -6.0
973 1000 -8.0
323 971 -3.0
312 645 -7.0
586 830 -2.0
163 587 -1.0
120 427 -8.0
210 244 -5.0
263 964 -4.0
48 242 -7.0
181 324 -6.0
573 995 -4.0
70 774 -8.0
306 547 -2.0
884 907 -2.0
154 185 -6.0
172 373 -4.0
407 445 -7.0
343 751 -5.0
447 964 -2.0
525 998 -4.0
329 421 -5.0
575 652 -8.0
2 600 -7.0
678 695 -7.0
467 723 -7.0
684 712 -1.0
371 668 -10.0
161 980 -3.0
930 963 -9.0
78 652 -1.0
39 743 -3.0
110 765 -7.0
63 101 -9.0
674 726 -3.0
345 444 -1.0
362 889 -6.0
723 808 -2.0
408 549 -4.0
174 904 -5.0
83 208 -9.0
910 995 -2.0
293 302 -7.0
850 923 -8.0
87 766 -9.0
75 233 -4.0
806 826 -2.0
434 531 -10.0
60 898 -3.0
610 671 -7.0
263 785 -3.0
722 724 -9.0
602 611 -8.0
768 999 -8.0
369 665 -9.0
38 624 -10.0
44 821 -8.0
321 796 -6.0
324 952 -9.0
24 967 -9.0
54 143 -3.0
175 561 -4.0
11 467 -10.0
33 631 -3.0
186 955 -6.0
417 624 -4.0
70 339 -5.0
472 893 -1.0
644 940 -5.0
68 507 -7.0
441 977 -9.0
579 923 -1.0
44 847 -2.0
308 924 -2.0
327 487 -8.0
251 951 -6.0
209 439 -9.0
243 777 -5.0
99 243 -6.0
117 494 -5.0
567 948 -5.0
586 914 -2.0
44 739 -2.0
97 714 -6.0
229 713 -5.0
77 854 -6.0
249 679 -8.0
662 974 -2.0
187 964 -2.0
9 992 -4.0
195 878 -1.0
90 300 -8.0
233 322 -5.0
581 886 -8.0
287 699 -4.0
863 878 -8.0
586 802 -10.0
415 905 -6.0
53 833 -1.0
713 969 -6.0
59 309 -3.0
534 800 -8.0
93 974 -5.0
715 822 -8.0
23 352 -5.0
37 525 -10.0
340 675 -6.0
34 372 -7.0
77 463 -5.0
117 407 -7.0
312 386 -1.0
176 471 -2.0
9 890 -8.0
198 495 -8.0
266 298 -5.0
11 194 -5.0
35 851 -3.0
164 671 -6.0
156 798 -6.0
379 440 -6.0
544 678 -8.0
91 99 -10.0
804 846 -8.0
316 959 -9.0
287 970 -2.0
144 744 -10.0
219 694 -5.0
564 806 -4.0
255 952 -3.0
251 615 -9.0
496 740 -3.0
622 887 -10.0
157 287 -9.0
409 865 -4.0
159 309 -8.0
244 606 -10.0
406 865 -9.0
96 949 -10.0
707 786 -5.0
395 995 -5.0
722 903 -6.0
263 464 -3.0
22 291 -10.0
57 144 -3.0
706 888 -7.0
259 310 -4.0
120 687 -4.0
850 926 -1.0
369 481 -1.0
397 947 -2.0
306 849 -10.0
218 448 -3.0
317 347 -8.0
306 880 -3.0
330 984 -9.0
841 962 -9.0
20 61 -1.0
565 566 -10.0
367 956 -6.0
307 561 -4.0
799 860 -5.0
9 298 -10.0
338 947 -1.0
76 625 -6.0
281 529 -4.0
122 139 -9.0
519 837 -8.0
568 977 -3.0
606 834 -1.0
5 757 -3.0
470 850 -2.0
797 804 -2.0
166 557 -4.0
487 517 -5.0
411 731 -3.0
139 174 -3.0
117 161 -7.0
223 315 -7.0
157 376 -3.0
74 778 -10.0
119 455 -5.0
653 894 -6.0
537 604 -10.0
39 173 -2.0
253 950 -10.0
62 87 -6.0
236 445 -5.0
29 923 -4.0
914 941 -5.0
174 223 -10.0
125 416 -8.0
360 911 -3.0
327 348 -9.0
262 858 -9.0
685 745 -4.0
423 569 -8.0
52 951 -4.0
60 438 -6.0
182 503 -10.0
2 200 -3.0
381 936 -8.0
114 633 -7.0
7 968 -3.0
830 948 -6.0
444 497 -5.0
408 485 -9.0
439 698 -9.0
299 838 -4.0
386 900 -10.0
387 478 -10.0
312 688 -9.0
50 53 -9.0
3 200 -8.0
643 998 -9.0
326 797 -8.0
519 896 -8.0
4 246 -2.0
142 945 -10.0
506 579 -4.0
392 924 -9.0
186 277 -5.0
78 871 -9.0
362 629 -7.0
530 626 -4.0
409 437 -1.0
645 653 -3.0
68 276 -7.0
85 577 -9.0
542 967 -5.0
219 766 -9.0
93 809 -1.0
632 969 -7.0
72 137 -7.0
391 539 -9.0
105 205 -9.0
408 864 -4.0
178 387 -10.0
168 719 -6.0
209 878 -3.0
256 346 -7.0
153 800 -5.0
43 591 -8.0
590 722 -8.0
281 539 -1.0
390 775 -6.0
509 927 -1.0
82 151 -9.0
77 285 -9.0
286 931 -1.0
139 622 -10.0
97 129 -10.0
948 963 -6.0
381 666 -2.0
628 995 -6.0
132 859 -5.0
110 590 -4.0
433 467 -2.0
145 634 -5.0
635 861 -2.0
443 630 -2.0
672 936 -1.0
223 914 -6.0
46 606 -5.0
267 850 -5.0
645 768 -10.0
821 928 -2.0
48 141 -1.0
12 527 -6.0
162 169 -6.0
681 868 -8.0
119 484 -4.0
408 575 -4.0
85 524 -4.0
685 955 -7.0
359 931 -9.0
546 756 -5.0
42 160 -7.0
351 506 -5.0
23 710 -10.0
138 353 -5.0
169 377 -10.0
92 967 -9.0
139 410 -8.0
147 289 -10.0
80 518 -9.0
133 845 -1.0
148 655 -4.0
787 894 -8.0
110 116 -8.0
462 825 -5.0
136 575 -5.0
255 904 -8.0
59 345 -9.0
132 906 -4.0
403 551 -8.0
32 189 -2.0
770 856 -9.0
417 635 -7.0
487 798 -9.0
147 892 -8.0
226 585 -7.0
160 645 -7.0
474 564 -7.0
529 995 -10.0
44 291 -6.0
252 517 -3.0
468 758 -4.0
813 930 -3.0
131 468 -8.0
672 885 -1.0
156 285 -3.0
418 767 -5.0
504 507 -7.0
177 819 -9.0
276 709 -5.0
631 641 -5.0
230 936 -8.0
239 602 -1.0
764 907 -3.0
34 711 -4.0
521 842 -3.0
668 721 -9.0
675 976 -1.0
62 845 -2.0
52 685 -10.0
51 804 -10.0
443 574 -1.0
128 300 -1.0
36 296 -10.0
314 704 -3.0
446 582 -3.0
536 584 -2.0
226 824 -7.0
9 138 -7.0
115 483 -2.0
181 741 -6.0
302 470 -6.0
519 746 -5.0
143 216 -9.0
149 356 -6.0
107 229 -3.0
233 828 -7.0
207 642 -2.0
452 944 -3.0
668 743 -5.0
785 816 -8.0
97 927 -8.0
284 993 -5.0
804 908 -2.0
777 989 -2.0
451 533 -9.0
251 610 -2.0
346 679 -5.0
161 202 -10.0
214 689 -8.0
222 946 -10.0
26 175 -2.0
149 836 -4.0
264 957 -7.0
286 335 -8.0
337 355 -5.0
11 249 -6.0
400 827 -3.0
641 942 -5.0
11 323 -2.0
454 980 -5.0
194 355 -9.0
134 837 -3.0
328 349 -8.0
712 943 -5.0
30 553 -7.0
669 988 -2.0
392 515 -6.0
338 410 -6.0
558 999 -3.0
77 357 -10.0
946 979 -2.0
783 982 -7.0
126 258 -2.0
436 894 -4.0
267 455 -4.0
298 793 -3.0
617 718 -6.0
199 532 -2.0
411 911 -6.0
86 660 -4.0
87 365 -9.0
145 762 -2.0
17 220 -8.0
423 467 -4.0
15 674 -8.0
423 909 -4.0
394 417 -9.0
112 131 -5.0
702 806 -2.0
57 478 -5.0
171 643 -8.0
93 965 -7.0
405 543 -4.0
85 748 -7.0
135 987 -9.0
476 803 -9.0
415 800 -2.0
835 978 -2.0
365 465 -2.0
241 581 -6.0
595 717 -4.0
679 869 -3.0
572 762 -7.0
578 914 -9.0
484 545 -3.0
558 737 -5.0
44 204 -3.0
250 450 -7.0
342 903 -6.0
59 542 -6.0
123 496 -9.0
602 906 -10.0
733 771 -1.0
182 718 -5.0
397 824 -10.0
19 396 -2.0
715 916 -6.0
577 889 -10.0
517 977 -4.0
364 520 -5.0
302 495 -5.0
401 875 -7.0
285 916 -5.0
576 862 -9.0
168 238 -3.0
477 806 -4.0
95 467 -3.0
565 783 -7.0
405 571 -10.0
15 915 -7.0
44 476 -3.0
157 482 -5.0
34 94 -8.0
481 959 -4.0
298 856 -9.0
226 935 -9.0
7 391 -7.0
25 445 -4.0
77 633 -4.0
144 792 -8.0
551 860 -7.0
334 466 -2.0
174 294 -1.0
562 706 -2.0
762 956 -3.0
702 866 -2.0
72 871 -9.0
420 610 -10.0
657 800 -6.0
694 924 -7.0
13 724 -10.0
604 788 -5.0
84 269 -3.0
360 748 -4.0
41 788 -6.0
671 714 -2.0
5 955 -6.0
4 53 -6.0
408 841 -6.0
249 721 -2.0
83 590 -5.0
113 955 -5.0
399 898 -3.0
112 981 -1.0
306 358 -4.0
170 423 -4.0
562 750 -2.0
320 955 -10.0
105 458 -6.0
129 370 -8.0
611 951 -8.0
160 168 -1.0
89 828 -8.0
553 744 -2.0
555 754 -7.0
127 184 -9.0
69 255 -3.0
36 915 -10.0
383 780 -3.0
113 149 -8.0
39 484 -6.0
102 330 -5.0
833 850 -10.0
114 800 -1.0
325 974 -9.0
234 554 -5.0
299 995 -10.0
234 606 -4.0
278 441 -10.0
968 971 -3.0
3 721 -8.0
377 517 -4.0
107 785 -7.0
300 737 -8.0
4 175 -4.0
161 587 -8.0
56 958 -6.0
466 470 -6.0
155 498 -6.0
23 781 -3.0
59 186 -9.0
342 600 -3.0
15 83 -10.0
638 786 -8.0
469 610 -3.0
451 751 -10.0
365 570 -8.0
564 954 -3.0
654 807 -5.0
425 785 -8.0
117 120 -10.0
643 797 -6.0
284 641 -10.0
119 415 -5.0
244 983 -1.0
2 365 -1.0
838 932 -2.0
959 1000 -10.0
165 526 -9.0
98 164 -9.0
173 796 -6.0
348 560 -10.0
603 762 -3.0
160 530 -1.0
185 921 -3.0
257 972 -3.0
70 810 -3.0
184 357 -6.0
459 604 -8.0
705 711 -6.0
394 583 -9.0
431 936 -5.0
493 963 -1.0
533 908 -4.0
482 568 -5.0
19 934 -2.0
443 504 -3.0
56 564 -1.0
112 815 -4.0
404 523 -5.0
619 962 -8.0
87 415 -8.0
567 765 -9.0
807 820 -10.0
233 513 -6.0
383 765 -6.0
986 989 -6.0
91 496 -3.0
535 966 -8.0
237 844 -8.0
885 946 -10.0
609 875 -2.0
226 860 -9.0
739 936 -5.0
32 128 -4.0
71 215 -7.0
729 910 -10.0
859 920 -8.0
204 602 -8.0
731 844 -3.0
99 847 -4.0
207 478 -5.0
218 382 -3.0
104 478 -7.0
445 983 -4.0
639 831 -7.0
182 322 -2.0
39 565 -6.0
150 397 -3.0
916 931 -5.0
118 137 -10.0
628 762 -3.0
335 593 -5.0
145 712 -10.0
281 894 -7.0
67 143 -7.0
2 957 -1.0
171 556 -7.0
490 710 -4.0
79 576 -2.0
217 492 -2.0
736 853 -2.0
282 907 -10.0
966 997 -1.0
104 545 -9.0
41 907 -3.0
236 459 -8.0
548 939 -10.0
275 647 -2.0
179 995 -10.0
455 995 -4.0
70 823 -8.0
671 809 -9.0
417 629 -10.0
221 906 -7.0
354 723 -10.0
60 985 -6.0
706 916 -5.0
491 576 -2.0
757 806 -8.0
288 773 -7.0
498 839 -5.0
147 451 -2.0
302 952 -7.0
326 757 -1.0
561 663 -3.0
10 742 -9.0
649 901 -4.0
257 297 -6.0
467 498 -2.0
34 191 -2.0
13 750 -10.0
378 709 -1.0
405 669 -4.0
78 515 -1.0
45 818 -10.0
365 746 -6.0
22 749 -4.0
584 810 -9.0
442 709 -2.0
395 692 -3.0
314 848 -1.0
148 254 -10.0
151 665 -9.0
34 396 -5.0
369 823 -3.0
242 541 -9.0
218 654 -1.0
354 551 -3.0
71 74 -8.0
935 977 -5.0
39 950 -7.0
11 27 -5.0
130 458 -4.0
871 953 -10.0
581 901 -2.0
194 291 -6.0
122 188 -4.0
2 304 -5.0
97 913 -3.0
186 961 -10.0
308 448 -3.0
418 949 -1.0
863 927 -9.0
92 267 -1.0
390 537 -2.0
247 506 -6.0
49 307 -8.0
63 979 -6.0
156 421 -1.0
644 909 -1.0
35 510 -8.0
352 495 -6.0
472 550 -3.0
81 525 -7.0
209 766 -1.0
302 863 -10.0
116 939 -9.0
376 395 -2.0
44 996 -6.0
163 790 -10.0
145 589 -7.0
261 669 -5.0
449 519 -5.0
476 536 -5.0
261 428 -1.0
45 120 -9.0
65 998 -10.0
137 487 -5.0
833 916 -4.0
306 374 -1.0
446 671 -3.0
499 837 -6.0
371 916 -4.0
202 744 -3.0
336 971 -1.0
359 783 -8.0
419 908 -7.0
34 667 -10.0
68 924 -9.0
346 374 -3.0
95 747 -5.0
574 990 -8.0
340 727 -2.0
402 657 -7.0
388 509 -3.0
206 878 -3.0
124 283 -8.0
38 352 -8.0
70 216 -1.0
373 659 -8.0
394 972 -10.0
335 604 -7.0
521 962 -6.0
279 776 -7.0
507 591 -3.0
111 510 -6.0
456 851 -2.0
274 297 -4.0
277 554 -1.0
91 543 -6.0
504 729 -7.0
174 340 -6.0
832 992 -8.0
216 273 -2.0
372 776 -6.0
388 920 -6.0
96 184 -4.0
298 468 -1.0
698 810 -5.0
653 838 -8.0
141 961 -5.0
114 334 -5.0
122 163 -10.0
449 652 -10.0
941 984 -9.0
50 916 -7.0
536 762 -8.0
84 467 -6.0
323 434 -9.0
394 701 -4.0
643 784 -10.0
600 652 -5.0
12 898 -7.0
385 522 -9.0
50 661 -10.0
8 474 -2.0
61 731 -8.0
393 910 -2.0
588 806 -7.0
159 183 -9.0
153 876 -10.0
406 505 -8.0
498 804 -5.0
410 589 -6.0
20 283 -8.0
406 955 -10.0
643 758 -6.0
122 740 -6.0
372 767 -3.0
37 99 -7.0
98 424 -4.0
133 407 -8.0
113 730 -7.0
575 603 -6.0
232 761 -10.0
272 854 -1.0
265 993 -8.0
128 717 -5.0
293 893 -8.0
282 356 -6.0
103 126 -9.0
100 820 -5.0
102 895 -2.0
283 793 -7.0
191 931 -9.0
19 122 -10.0
135 190 -8.0
124 588 -7.0
636 945 -5.0
281 892 -7.0
119 679 -9.0
304 989 -4.0
739 923 -9.0
112 435 -1.0
60 634 -9.0
154 959 -1.0
664 992 -9.0
288 303 -3.0
183 293 -10.0
316 987 -10.0
414 936 -8.0
236 550 -4.0
183 419 -4.0
51 658 -7.0
173 258 -4.0
562 978 -5.0
317 441 -7.0
133 181 -8.0
188 252 -6.0
133 318 -1.0
158 637 -6.0
218 283 -1.0
153 714 -3.0
3 964 -8.0
687 944 -8.0
663 722 -10.0
15 705 -7.0
343 990 -3.0
825 906 -5.0
331 346 -5.0
230 843 -7.0
75 318 -8.0
224 385 -8.0
742 985 -4.0
101 327 -10.0
84 322 -7.0
59 662 -1.0
50 949 -2.0
422 557 -5.0
823 990 -10.0
238 481 -3.0
716 959 -8.0
159 245 -9.0
185 600 -9.0
875 878 -3.0
170 354 -1.0
442 764 -4.0
31 425 -5.0
298 543 -5.0
383 395 -4.0
405 578 -9.0
324 381 -7.0
538 594 -1.0
202 374 -10.0
692 938 -6.0
337 586 -1.0
188 555 -1.0
90 180 -5.0
75 192 -2.0
292 643 -4.0
90 105 -3.0
143 336 -1.0
683 929 -5.0
33 492 -6.0
790 831 -2.0
31 643 -1.0
9 308 -7.0
465 816 -10.0
467 680 -10.0
196 736 -10.0
179 997 -7.0
255 421 -4.0
442 727 -7.0
672 783 -3.0
503 938 -3.0
143 582 -7.0
125 557 -2.0
73 961 -3.0
190 249 -10.0
325 727 -7.0
330 817 -2.0
357 609 -6.0
54 722 -4.0
303 372 -1.0
329 500 -5.0
295 396 -1.0
69 580 -7.0
265 389 -8.0
57 116 -7.0
435 630 -2.0
577 715 -7.0
269 545 -5.0
310 384 -5.0
812 841 -5.0
336 895 -4.0
154 562 -2.0
251 837 -3.0
369 763 -3.0
170 666 -1.0
638 668 -7.0
584 669 -5.0
291 709 -7.0
228 933 -1.0
212 777 -9.0
284 891 -7.0
222 892 -1.0
257 844 -2.0
84 737 -7.0
191 839 -4.0
813 978 -1.0
383 863 -10.0
523 907 -3.0
387 736 -6.0
6 207 -9.0
226 968 -7.0
319 851 -5.0
422 998 -7.0
3 183 -10.0
135 838 -2.0
615 929 -5.0
597 747 -10.0
383 601 -1.0
18 135 -5.0
274 642 -7.0
137 443 -4.0
94 441 -8.0
9 575 -5.0
704 959 -8.0
461 714 -1.0
620 822 -8.0
689 752 -3.0
481 614 -10.0
39 923 -6.0
106 548 -3.0
216 535 -2.0
344 465 -9.0
815 978 -8.0
456 618 -9.0
123 958 -1.0
594 681 -2.0
109 158 -9.0
527 799 -10.0
134 142 -6.0
155 373 -2.0
278 678 -1.0
654 948 -4.0
138 825 -1.0
230 643 -6.0
151 965 -7.0
930 984 -1.0
316 545 -1.0
147 762 -8.0
264 411 -6.0
291 602 -9.0
73 678 -3.0
895 955 -10.0
326 531 -9.0
173 777 -8.0
385 444 -3.0
20 438 -8.0
81 980 -5.0
63 240 -1.0
219 962 -2.0
45 670 -1.0
458 728 -5.0
302 814 -9.0
23 69 -9.0
646 956 -9.0
35 366 -9.0
944 963 -5.0
157 256 -4.0
656 693 -1.0
91 367 -8.0
779 847 -4.0
569 975 -2.0
21 918 -10.0
24 538 -5.0
390 897 -3.0
526 863 -6.0
461 624 -9.0
350 919 -10.0
267 705 -3.0
326 868 -8.0
515 989 -9.0
84 847 -6.0
245 467 -3.0
265 563 -6.0
266 364 -8.0
684 866 -7.0
71 340 -2.0
35 518 -5.0
162 767 -2.0
230 546 -9.0
508 630 -9.0
85 667 -1.0
495 683 -1.0
460 721 -7.0
354 630 -7.0
227 335 -4.0
614 974 -3.0
206 558 -1.0
658 985 -5.0
239 926 -10.0
327 738 -7.0
670 928 -10.0
695 966 -7.0
801 961 -8.0
441 724 -6.0
31 760 -8.0
676 983 -7.0
130 563 -8.0
177 841 -5.0
580 787 -8.0
576 806 -3.0
95 455 -2.0
587 979 -10.0
259 390 -4.0
428 834 -7.0
253 780 -3.0
281 713 -3.0
238 918 -1.0
325 581 -3.0
314 720 -8.0
18 499 -9.0
111 530 -8.0
279 799 -2.0
240 617 -5.0
806 902 -2.0
185 804 -6.0
437 510 -4.0
336 550 -6.0
107 624 -6.0
487 573 -8.0
362 530 -4.0
62 693 -10.0
206 770 -1.0
352 873 -9.0
223 276 -9.0
214 410 -7.0
562 923 -3.0
26 680 -10.0
385 850 -2.0
302 430 -9.0
402 920 -9.0
11 582 -9.0
540 930 -8.0
48 433 -10.0
438 576 -5.0
330 394 -8.0
186 583 -5.0
102 238 -1.0
966 980 -5.0
198 742 -7.0
254 343 -9.0
272 970 -3.0
776 855 -4.0
205 442 -7.0
322 967 -5.0
228 816 -1.0
407 541 -4.0
122 837 -9.0
397 529 -6.0
717 801 -1.0
105 304 -2.0
223 735 -5.0
52 181 -10.0
7 360 -7.0
143 947 -4.0
408 590 -10.0
897 905 -8.0
131 860 -10.0
680 683 -2.0
58 961 -3.0
61 326 -1.0
527 911 -8.0
289 306 -3.0
180 880 -7.0
180 656 -4.0
592 903 -6.0
184 524 -8.0
358 486 -4.0
298 938 -1.0
250 894 -1.0
498 504 -3.0
440 936 -4.0
53 431 -4.0
312 811 -6.0
906 921 -4.0
65 827 -7.0
225 304 -1.0
547 885 -8.0
674 857 -1.0
786 978 -8.0
508 822 -2.0
377 784 -7.0
486 522 -1.0
117 879 -9.0
760 788 -2.0
723 904 -1.0
180 697 -5.0
725 798 -3.0
382 643 -3.0
483 837 -1.0
365 538 -8.0
286 337 -10.0
210 369 -10.0
138 590 -5.0
114 758 -6.0
134 949 -8.0
254 317 -6.0
685 866 -7.0
453 986 -9.0
300 900 -7.0
332 723 -6.0
222 518 -10.0
62 82 -7.0
41 552 -4.0
276 789 -2.0
57 721 -7.0
147 597 -8.0
266 349 -1.0
212 397 -8.0
808 945 -4.0
77 759 -8.0
418 680 -2.0
42 771 -9.0
459 809 -2.0
794 841 -10.0
676 821 -2.0
854 945 -10.0
816 968 -4.0
305 501 -6.0
82 761 -2.0
181 450 -6.0
112 161 -4.0
8 845 -7.0
588 945 -7.0
643 730 -5.0
389 730 -4.0
698 994 -3.0
784 795 -8.0
85 408 -1.0
591 606 -9.0
58 489 -4.0
362 379 -9.0
122 129 -1.0
106 107 -4.0
447 632 -9.0
329 395 -4.0
40 439 -7.0
53 716 -1.0
186 992 -9.0
273 973 -3.0
689 976 -9.0
182 379 -5.0
102 442 -10.0
84 944 -5.0
315 805 -2.0
270 948 -3.0
523 603 -10.0
480 711 -4.0
512 544 -2.0
169 409 -10.0
602 848 -9.0
50 231 -1.0
172 320 -5.0
30 814 -2.0
67 644 -1.0
390 861 -9.0
601 841 -1.0
453 508 -2.0
231 770 -6.0
1 940 -10.0
227 669 -8.0
179 842 -3.0
132 310 -9.0
78 667 -6.0
359 509 -6.0
41 687 -5.0
37 623 -6.0
54 218 -10.0
316 738 -2.0
171 714 -5.0
819 859 -9.0
301 653 -10.0
170 566 -8.0
630 909 -3.0
165 373 -8.0
41 467 -9.0
269 332 -8.0
147 653 -9.0
913 937 -1.0
535 786 -9.0
274 961 -3.0
195 349 -2.0
922 967 -6.0
771 880 -1.0
183 672 -5.0
348 812 -3.0
211 616 -8.0
807 909 -5.0
333 846 -2.0
609 763 -7.0
614 928 -7.0
127 567 -8.0
689 987 -3.0
505 764 -2.0
110 123 -10.0
970 981 -7.0
156 797 -4.0
837 952 -1.0
600 846 -4.0
14 472 -10.0
903 947 -4.0
271 897 -5.0
634 898 -7.0
7 678 -6.0
164 986 -1.0
89 988 -6.0
318 532 -6.0
264 836 -6.0
473 722 -4.0
173 367 -7.0
700 713 -10.0
226 368 -6.0
720 939 -1.0
124 213 -5.0
259 344 -2.0
844 880 -3.0
555 714 -6.0
371 459 -5.0
82 648 -7.0
520 557 -10.0
701 709 -2.0
300 374 -7.0
190 462 -4.0
17 255 -1.0
406 773 -4.0
736 947 -5.0
221 978 -9.0
146 246 -1.0
83 717 -4.0
95 870 -9.0
21 313 -7.0
613 818 -1.0
187 249 -7.0
138 523 -5.0
751 966 -5.0
244 970 -10.0
849 910 -9.0
205 980 -8.0
121 697 -3.0
206 935 -9.0
111 657 -3.0
621 755 -5.0
514 889 -9.0
614 887 -6.0
197 951 -7.0
271 949 -3.0
488 490 -3.0
90 702 -7.0
761 887 -1.0
134 358 -6.0
180 478 -6.0
38 307 -10.0
544 779 -7.0
129 296 -8.0
126 394 -3.0
603 870 -10.0
482 725 -7.0
286 439 -5.0
50 458 -1.0
816 866 -9.0
325 849 -7.0
267 301 -4.0
85 268 -5.0
809 877 -4.0
285 803 -7.0
836 852 -4.0
221 923 -6.0
23 298 -2.0
137 988 -8.0
48 825 -6.0
358 421 -9.0
272 780 -3.0
647 740 -2.0
297 836 -6.0
87 797 -7.0
222 673 -3.0
167 187 -10.0
348 983 -9.0
571 949 -10.0
70 240 -4.0
121 655 -4.0
754 755 -8.0
401 474 -1.0
83 407 -2.0
599 983 -8.0
24 850 -7.0
206 612 -4.0
488 993 -6.0
360 680 -3.0
37 671 -9.0
614 695 -9.0
175 250 -5.0
628 674 -5.0
347 574 -3.0
447 863 -2.0
487 955 -6.0
143 475 -8.0
248 399 -10.0
163 555 -4.0
222 430 -2.0
632 805 -7.0
588 611 -6.0
80 143 -10.0
138 902 -2.0
181 799 -5.0
51 475 -3.0
116 869 -7.0
692 883 -8.0
272 850 -6.0
33 804 -2.0
482 747 -3.0
520 751 -8.0
710 720 -8.0
247 671 -2.0
35 109 -5.0
272 715 -4.0
479 944 -8.0
146 662 -3.0
153 894 -1.0
381 625 -7.0
720 776 -4.0
746 869 -7.0
28 173 -7.0
660 989 -1.0
320 617 -1.0
262 373 -5.0
196 446 -4.0
89 638 -8.0
206 427 -7.0
26 770 -2.0
150 638 -4.0
237 883 -7.0
184 248 -6.0
172 629 -9.0
17 537 -5.0
750 773 -2.0
396 791 -7.0
344 818 -9.0
766 895 -5.0
46 976 -10.0
828 907 -1.0
335 662 -2.0
791 828 -8.0
71 257 -10.0
687 820 -7.0
342 743 -1.0
334 522 -4.0
167 239 -2.0
372 852 -2.0
92 264 -4.0
369 551 -9.0
127 778 -7.0
813 889 -10.0
331 967 -2.0
368 687 -10.0
7 635 -2.0
234 992 -7.0
939 963 -9.0
721 762 -5.0
571 964 -3.0
373 828 -1.0
380 409 -7.0
300 381 -10.0
26 188 -1.0
118 827 -3.0
69 437 -8.0
579 812 -3.0
316 359 -10.0
132 720 -5.0
207 814 -2.0
276 390 -4.0
539 918 -1.0
442 545 -3.0
333 574 -2.0
407 869 -2.0
282 373 -4.0
821 947 -10.0
459 740 -4.0
336 339 -4.0
86 263 -5.0
251 714 -6.0
141 490 -7.0
551 659 -1.0
578 686 -5.0
55 145 -10.0
334 706 -5.0
82 628 -4.0
11 570 -2.0
415 861 -3.0
423 895 -7.0
659 687 -5.0
592 897 -9.0
86 209 -1.0
484 579 -9.0
102 752 -3.0
35 763 -6.0
222 987 -3.0
320 719 -10.0
85 368 -2.0
292 524 -10.0
476 992 -5.0
326 455 -3.0
109 115 -10.0
483 969 -6.0
33 622 -2.0
349 398 -1.0
775 806 -5.0
684 969 -7.0
269 485 -6.0
380 733 -7.0
649 782 -6.0
219 822 -3.0
209 284 -5.0
214 418 -8.0
392 502 -6.0
226 680 -7.0
230 702 -7.0
515 850 -3.0
914 996 -5.0
36 483 -3.0
2 398 -7.0
194 799 -1.0
403 707 -5.0
528 777 -5.0
394 868 -2.0
762 889 -3.0
794 913 -3.0
24 687 -9.0
247 811 -6.0
567 912 -10.0
576 661 -2.0
189 574 -9.0
359 501 -5.0
694 751 -6.0
579 787 -1.0
60 589 -2.0
673 900 -9.0
126 681 -7.0
341 414 -10.0
212 482 -10.0
445 987 -9.0
211 524 -1.0
179 188 -9.0
81 951 -4.0
70 261 -7.0
170 606 -9.0
597 910 -1.0
389 688 -7.0
230 451 -10.0
345 584 -10.0
142 432 -9.0
230 817 -5.0
545 683 -9.0
121 382 -10.0
293 392 -3.0
98 349 -4.0
418 644 -8.0
328 768 -8.0
550 979 -10.0
438 828 -1.0
976 993 -1.0
121 720 -9.0
337 996 -10.0
369 741 -4.0
113 462 -4.0
122 620 -1.0
422 565 -3.0
435 708 -10.0
63 956 -10.0
331 629 -4.0
290 976 -9.0
143 433 -1.0
407 971 -2.0
34 357 -2.0
13 598 -9.0
185 820 -9.0
172 859 -3.0
454 598 -1.0
440 754 -7.0
287 470 -6.0
903 940 -5.0
334 700 -7.0
226 751 -2.0
328 866 -10.0
474 542 -2.0
595 735 -7.0
837 846 -6.0
354 867 -4.0
100 496 -6.0
836 874 -9.0
535 842 -4.0
637 737 -4.0
981 992 -3.0
198 476 -3.0
344 816 -4.0
400 818 -3.0
229 347 -1.0
215 896 -6.0
563 682 -2.0
51 707 -2.0
597 853 -2.0
164 410 -3.0
776 790 -3.0
418 615 -1.0
76 173 -3.0
363 558 -8.0
115 459 -1.0
345 842 -3.0
167 591 -5.0
278 983 -1.0
506 728 -8.0
52 434 -10.0
549 945 -5.0
477 730 -4.0
447 580 -1.0
309 934 -2.0
12 70 -10.0
89 643 -5.0
675 696 -7.0
112 155 -5.0
284 299 -3.0
419 486 -7.0
354 912 -7.0
699 964 -4.0
282 698 -3.0
250 331 -1.0
225 792 -8.0
248 899 -4.0
568 827 -7.0
366 499 -5.0
704 970 -1.0
769 1000 -7.0
877 904 -7.0
32 263 -9.0
77 334 -5.0
182 833 -7.0
471 804 -6.0
65 249 -3.0
346 828 -1.0
619 900 -2.0
183 638 -6.0
381 535 -6.0
54 536 -5.0
752 840 -1.0
413 490 -6.0
419 581 -9.0
427 713 -6.0
3 878 -3.0
311 628 -6.0
654 879 -8.0
481 872 -9.0
837 961 -9.0
642 649 -6.0
77 486 -7.0
409 777 -9.0
180 999 -7.0
796 955 -1.0
137 781 -8.0
97 951 -9.0
276 438 -2.0
265 711 -9.0
293 525 -4.0
144 793 -3.0
258 484 -10.0
182 449 -8.0
314 454 -1.0
119 315 -9.0
339 556 -3.0
219 734 -8.0
459 641 -4.0
94 206 -10.0
76 327 -8.0
128 185 -5.0
687 827 -7.0
316 875 -6.0
247 699 -7.0
585 729 -1.0
52 140 -4.0
316 334 -10.0
147 544 -3.0
262 894 -3.0
322 857 -5.0
453 927 -10.0
13 436 -3.0
369 877 -7.0
64 142 -2.0
418 749 -6.0
130 848 -1.0
278 753 -4.0
197 541 -1.0
376 757 -1.0
116 574 -9.0
679 752 -10.0
419 542 -8.0
588 687 -6.0
195 216 -7.0
441 973 -3.0
366 554 -5.0
439 875 -3.0
105 160 -6.0
16 779 -10.0
634 636 -4.0
589 852 -7.0
384 835 -1.0
349 464 -9.0
230 597 -2.0
244 312 -3.0
4 292 -7.0
46 661 -3.0
9 489 -4.0
104 136 -9.0
311 495 -1.0
243 287 -7.0
85 561 -9.0
504 825 -10.0
248 868 -2.0
268 539 -2.0
535 610 -9.0
680 755 -7.0
323 657 -3.0
346 491 -3.0
161 721 -8.0
177 375 -9.0
358 740 -5.0
410 693 -6.0
224 485 -1.0
544 780 -8.0
225 862 -1.0
570 587 -7.0
50 639 -2.0
29 451 -3.0
110 748 -10.0
456 592 -3.0
147 971 -7.0
315 727 -1.0
382 830 -9.0
484 1000 -6.0
470 771 -6.0
7 148 -4.0
831 873 -4.0
506 956 -5.0
206 925 -7.0
315 601 -5.0
168 579 -1.0
420 510 -2.0
388 826 -8.0
468 971 -3.0
480 506 -6.0
239 844 -9.0
481 696 -10.0
701 755 -4.0
870 974 -4.0
124 863 -7.0
423 531 -6.0
96 318 -8.0
941 976 -8.0
108 379 -3.0
283 661 -4.0
183 545 -6.0
95 950 -6.0
509 864 -5.0
337 747 -6.0
414 935 -2.0
647 771 -4.0
522 694 -4.0
241 773 -3.0
285 502 -10.0
67 406 -5.0
372 719 -7.0
345 988 -4.0
238 393 -8.0
464 833 -1.0
123 579 -5.0
109 386 -4.0
624 625 -4.0
12 485 -5.0
558 904 -4.0
102 460 -8.0
382 970 -10.0
305 812 -2.0
338 522 -4.0
253 976 -2.0
94 792 -4.0
376 803 -8.0
658 708 -5.0
924 974 -2.0
161 716 -10.0
628 707 -7.0
689 731 -6.0
41 693 -8.0
3 630 -2.0
357 424 -10.0
535 693 -4.0
222 252 -1.0
55 645 -5.0
94 124 -8.0
861 947 -10.0
642 960 -9.0
266 454 -8.0
101 981 -10.0
129 791 -7.0
206 669 -9.0
620 700 -3.0
719 760 -7.0
779 853 -1.0
361 999 -9.0
262 384 -8.0
193 618 -4.0
403 563 -10.0
149 943 -8.0
679 689 -7.0
6 708 -10.0
8 540 -7.0
628 928 -3.0
181 682 -8.0
435 503 -10.0
230 606 -7.0
420 465 -1.0
324 637 -2.0
54 648 -10.0
526 774 -2.0
484 725 -6.0
250 454 -6.0
926 943 -6.0
425 620 -2.0
259 877 -9.0
135 675 -2.0
147 149 -4.0
487 953 -10.0
351 567 -10.0
645 918 -5.0
157 888 -2.0
197 533 -9.0
364 438 -6.0
781 833 -4.0
259 348 -4.0
712 841 -1.0
657 788 -8.0
110 558 -3.0
156 992 -4.0
281 779 -7.0
357 762 -7.0
312 928 -7.0
200 902 -7.0
12 955 -5.0
99 734 -3.0
209 382 -5.0
685 739 -4.0
593 780 -3.0
223 972 -8.0
11 12 -4.0
1 250 -3.0
686 716 -2.0
107 717 -2.0
438 878 -5.0
442 890 -3.0
889 942 -5.0
138 629 -5.0
414 579 -1.0
356 915 -7.0
576 742 -8.0
6 974 -7.0
530 740 -2.0
72 174 -6.0
165 227 -1.0
58 894 -9.0
397 696 -6.0
295 723 -2.0
58 488 -7.0
215 342 -9.0
665 821 -7.0
540 771 -10.0
487 722 -7.0
190 838 -9.0
54 527 -5.0
456 760 -4.0
292 699 -1.0
343 624 -7.0
513 696 -1.0
232 788 -1.0
255 479 -10.0
519 688 -7.0
616 772 -6.0
62 671 -1.0
357 391 -6.0
87 612 -2.0
322 900 -1.0
367 807 -3.0
15 261 -2.0
499 798 -2.0
491 975 -10.0
475 962 -4.0
488 531 -9.0
334 344 -2.0
550 639 -10.0
764 815 -4.0
735 802 -9.0
527 888 -2.0
24 693 -9.0
266 544 -5.0
134 207 -9.0
97 162 -9.0
931 936 -8.0
335 425 -10.0
98 325 -7.0
470 511 -4.0
739 793 -4.0
24 886 -7.0
273 466 -2.0
305 533 -1.0
344 788 -6.0
638 778 -9.0
63 277 -9.0
121 350 -2.0
646 961 -9.0
57 752 -9.0
316 516 -3.0
491 620 -3.0
440 575 -4.0
715 768 -1.0
47 346 -9.0
707 805 -3.0
668 775 -6.0
19 956 -3.0
275 286 -3.0
182 854 -3.0
7 298 -2.0
456 667 -8.0
451 764 -4.0
507 674 -9.0
94 986 -4.0
133 851 -10.0
796 990 -9.0
395 957 -2.0
575 608 -7.0
195 398 -8.0
233 301 -5.0
711 982 -8.0
662 783 -4.0
674 936 -4.0
125 812 -4.0
256 998 -7.0
113 420 -10.0
193 896 -10.0
523 563 -7.0
152 254 -4.0
116 267 -5.0
645 708 -7.0
271 666 -3.0
226 598 -10.0
519 522 -2.0
296 731 -7.0
71 538 -3.0
33 955 -1.0
36 583 -2.0
48 155 -3.0
470 915 -3.0
418 885 -10.0
441 781 -9.0
464 616 -8.0
539 570 -7.0
846 883 -1.0
634 856 -1.0
96 440 -3.0
596 836 -2.0
109 290 -4.0
454 531 -5.0
646 835 -8.0
55 239 -6.0
235 280 -5.0
426 545 -7.0
257 892 -9.0
588 800 -10.0
310 718 -7.0
36 252 -6.0
255 537 -6.0
502 588 -3.0
296 832 -8.0
216 981 -3.0
55 597 -3.0
887 986 -7.0
402 764 -3.0
31 321 -5.0
16 126 -10.0
258 695 -10.0
602 729 -7.0
515 862 -8.0
80 231 -1.0
225 581 -9.0
183 955 -3.0
624 875 -7.0
145 834 -2.0
257 385 -6.0
403 541 -3.0
125 436 -1.0
148 438 -7.0
232 338 -3.0
564 665 -1.0
541 825 -3.0
206 907 -10.0
968 972 -3.0
143 271 -1.0
572 700 -5.0
427 899 -8.0
140 650 -6.0
154 946 -5.0
20 513 -3.0
304 310 -9.0
881 988 -6.0
184 569 -8.0
127 619 -9.0
419 439 -10.0
426 528 -5.0
173 989 -9.0
786 825 -4.0
327 940 -1.0
324 360 -6.0
89 202 -7.0
6 560 -3.0
358 414 -5.0
269 571 -6.0
277 894 -9.0
797 946 -5.0
85 957 -8.0
240 433 -7.0
333 571 -5.0
664 705 -4.0
93 932 -8.0
413 889 -8.0
12 703 -5.0
458 737 -4.0
368 500 -3.0
446 738 -6.0
519 806 -10.0
129 782 -10.0
59 595 -6.0
435 771 -9.0
387 471 -7.0
644 736 -8.0
132 423 -4.0
69 113 -9.0
22 821 -4.0
430 766 -3.0
101 456 -3.0
747 923 -6.0
402 579 -6.0
469 503 -5.0
396 634 -7.0
161 791 -5.0
295 856 -4.0
332 927 -5.0
906 911 -4.0
98 339 -3.0
416 619 -6.0
65 672 -6.0
81 816 -8.0
100 892 -8.0
105 917 -3.0
3 237 -10.0
40 862 -8.0
898 977 -7.0
177 976 -4.0
131 672 -5.0
544 686 -5.0
518 989 -5.0
653 688 -2.0
564 849 -8.0
229 376 -8.0
561 831 -7.0
26 667 -7.0
656 906 -5.0
186 765 -6.0
431 439 -10.0
492 689 -6.0
547 642 -4.0
780 929 -8.0
366 459 -6.0
441 507 -8.0
427 524 -4.0
507 920 -5.0
493 502 -10.0
550 824 -2.0
112 708 -2.0
113 647 -10.0
148 336 -4.0
630 731 -1.0
185 246 -2.0
362 825 -1.0
349 857 -7.0
137 561 -10.0
482 761 -10.0
485 946 -6.0
101 922 -2.0
436 582 -10.0
514 871 -2.0
308 348 -8.0
124 415 -1.0
605 711 -10.0
279 470 -1.0
246 544 -1.0
415 658 -3.0
218 444 -5.0
404 688 -10.0
488 737 -6.0
76 367 -1.0
79 113 -3.0
362 633 -7.0
703 759 -4.0
390 997 -4.0
473 981 -4.0
806 888 -7.0
553 940 -6.0
728 966 -1.0
303 926 -2.0
333 341 -3.0
696 892 -4.0
797 941 -3.0
179 413 -5.0
166 311 -5.0
273 558 -8.0
744 909 -10.0
16 458 -4.0
833 989 -6.0
342 398 -2.0
32 122 -2.0
763 865 -7.0
641 921 -3.0
575 987 -5.0
512 648 -4.0
94 583 -7.0
110 303 -4.0
881 885 -1.0
101 882 -9.0
85 703 -5.0
59 105 -10.0
36 716 -5.0
158 403 -1.0
195 535 -4.0
437 638 -3.0
348 854 -6.0
333 387 -7.0
407 779 -4.0
27 425 -1.0
626 789 -10.0
432 723 -5.0
495 547 -2.0
226 707 -4.0
263 923 -7.0
361 649 -1.0
29 412 -4.0
246 468 -9.0
643 737 -10.0
415 559 -2.0
564 663 -8.0
15 838 -10.0
49 76 -5.0
109 888 -9.0
25 820 -8.0
199 341 -8.0
367 784 -1.0
89 930 -2.0
176 184 -6.0
277 839 -5.0
435 530 -7.0
581 588 -6.0
6 520 -6.0
244 494 -3.0
278 802 -2.0
33 763 -10.0
155 425 -4.0
6 503 -7.0
661 777 -3.0
431 589 -1.0
414 500 -2.0
609 750 -10.0
637 884 -9.0
485 759 -7.0
253 428 -1.0
373 756 -8.0
371 872 -7.0
100 450 -4.0
133 549 -5.0
887 989 -5.0
240 997 -10.0
99 914 -3.0
196 799 -1.0
257 819 -6.0
250 948 -1.0
117 501 -2.0
237 923 -6.0
132 474 -6.0
728 762 -1.0
223 434 -4.0
117 853 -1.0
233 371 -4.0
532 781 -9.0
577 869 -3.0
18 497 -4.0
80 957 -9.0
83 832 -4.0
591 879 -1.0
272 868 -3.0
483 644 -6.0
378 919 -9.0
634 770 -6.0
87 366 -5.0
232 268 -4.0
161 173 -4.0
402 697 -7.0
108 453 -10.0
500 626 -9.0
567 986 -8.0
31 420 -9.0
585 733 -7.0
102 636 -7.0
515 558 -4.0
236 381 -5.0
985 994 -10.0
81 116 -2.0
530 982 -8.0
263 935 -5.0
735 860 -5.0
369 449 -1.0
282 367 -5.0
565 812 -2.0
752 793 -7.0
338 922 -6.0
17 795 -1.0
929 988 -7.0
158 236 -8.0
197 822 -4.0
562 863 -4.0
555 675 -5.0
767 840 -5.0
7 245 -7.0
461 605 -1.0
196 755 -6.0
238 673 -2.0
294 322 -9.0
82 90 -10.0
260 726 -7.0
389 934 -7.0
120 190 -7.0
623 633 -3.0
388 698 -10.0
4 608 -5.0
149 622 -9.0
175 484 -6.0
323 604 -5.0
551 820 -1.0
286 449 -7.0
319 594 -7.0
152 771 -2.0
314 764 -8.0
25 609 -9.0
551 792 -2.0
380 786 -9.0
107 933 -10.0
440 515 -4.0
669 772 -1.0
156 335 -10.0
134 834 -7.0
649 914 -9.0
230 911 -10.0
588 980 -7.0
300 725 -10.0
117 510 -10.0
255 343 -8.0
560 719 -7.0
272 695 -8.0
617 915 -2.0
69 80 -4.0
28 30 -9.0
230 959 -9.0
115 903 -9.0
593 779 -2.0
331 489 -4.0
618 769 -4.0
14 406 -2.0
955 974 -8.0
869 880 -3.0
22 524 -8.0
193 455 -9.0
209 822 -6.0
111 208 -2.0
439 904 -5.0
536 990 -7.0
194 370 -6.0
580 836 -4.0
539 963 -1.0
357 794 -10.0
402 907 -6.0
517 798 -6.0
36 81 -1.0
527 937 -3.0
682 761 -8.0
473 746 -7.0
193 631 -9.0
628 671 -4.0
785 807 -10.0
321 485 -3.0
924 977 -2.0
14 531 -3.0
471 895 -9.0
37 878 -2.0
255 657 -5.0
60 361 -10.0
99 211 -10.0
78 837 -5.0
360 881 -3.0
112 567 -5.0
195 727 -5.0
558 784 -2.0
94 223 -9.0
463 868 -8.0
368 914 -6.0
114 923 -5.0
261 294 -9.0
159 215 -2.0
250 796 -4.0
61 490 -10.0
240 244 -4.0
121 696 -7.0
20 894 -3.0
373 886 -8.0
275 947 -2.0
442 546 -6.0
314 498 -10.0
473 752 -5.0
395 521 -6.0
15 193 -6.0
96 479 -6.0
135 254 -7.0
747 928 -6.0
296 788 -3.0
4 363 -2.0
315 514 -2.0
977 990 -8.0
470 803 -3.0
243 424 -7.0
14 281 -5.0
35 151 -10.0
322 661 -8.0
155 602 -1.0
599 700 -4.0
791 912 -10.0
513 1000 -1.0
499 703 -8.0
702 776 -10.0
146 661 -4.0
462 777 -3.0
363 530 -7.0
117 828 -3.0
543 806 -2.0
266 439 -3.0
279 297 -8.0
39 933 -3.0
192 796 -1.0
75 639 -3.0
390 986 -6.0
153 966 -3.0
852 997 -5.0
784 977 -4.0
597 666 -5.0
107 480 -6.0
882 937 -1.0
199 829 -9.0
127 790 -2.0
514 923 -6.0
331 777 -5.0
252 757 -2.0
103 382 -4.0
552 690 -10.0
126 270 -6.0
347 436 -3.0
209 982 -9.0
401 956 -8.0
652 947 -8.0
502 901 -1.0
417 779 -6.0
150 324 -1.0
449 651 -6.0
454 931 -8.0
772 961 -6.0
475 949 -2.0
217 569 -4.0
125 317 -6.0
594 907 -5.0
1 584 -3.0
185 606 -10.0
451 699 -1.0
856 872 -5.0
221 694 -9.0
158 590 -5.0
543 838 -5.0
556 794 -9.0
356 974 -6.0
285 716 -4.0
340 485 -7.0
261 359 -10.0
32 679 -6.0
83 739 -8.0
28 891 -1.0
779 789 -7.0
268 378 -1.0
786 830 -10.0
58 69 -2.0
413 654 -4.0
322 412 -9.0
87 100 -5.0
84 644 -1.0
27 177 -10.0
248 975 -8.0
177 858 -6.0
9 240 -5.0
279 305 -1.0
552 643 -2.0
576 883 -5.0
774 881 -1.0
940 949 -9.0
779 988 -5.0
169 172 -5.0
123 610 -2.0
885 926 -5.0
344 676 -7.0
165 302 -4.0
679 710 -3.0
62 222 -2.0
2 332 -5.0
122 523 -4.0
687 789 -10.0
310 333 -5.0
367 872 -8.0
143 523 -5.0
20 747 -2.0
99 797 -1.0
403 890 -4.0
556 746 -10.0
403 883 -9.0
193 819 -4.0
9 870 -2.0
603 789 -9.0
211 233 -3.0
134 866 -5.0
267 430 -9.0
335 558 -9.0
66 694 -1.0
205 843 -6.0
193 720 -4.0
606 988 -7.0
519 641 -2.0
19 582 -1.0
114 230 -7.0
450 862 -4.0
160 725 -6.0
114 599 -8.0
44 900 -2.0
385 538 -1.0
739 966 -5.0
439 521 -1.0
483 608 -4.0
386 891 -2.0
73 226 -8.0
156 782 -6.0
154 903 -9.0
415 590 -9.0
662 931 -4.0
36 181 -10.0
279 959 -2.0
186 420 -6.0
296 850 -4.0
39 192 -3.0
234 974 -3.0
902 988 -1.0
741 1000 -6.0
378 769 -7.0
106 856 -2.0
527 810 -10.0
621 809 -8.0
487 811 -9.0
44 49 -10.0
216 757 -9.0
111 472 -2.0
425 453 -1.0
582 785 -7.0
603 610 -2.0
299 912 -6.0
120 651 -10.0
28 713 -9.0
270 760 -2.0
158 706 -5.0
585 661 -3.0
208 660 -8.0
241 770 -1.0
662 1000 -8.0
466 599 -10.0
252 991 -1.0
763 975 -5.0
132 593 -3.0
392 931 -9.0
314 361 -9.0
284 704 -10.0
673 726 -2.0
102 793 -2.0
609 824 -7.0
401 579 -2.0
382 582 -4.0
267 863 -4.0
319 924 -1.0
564 615 -5.0
217 289 -4.0
742 835 -5.0
15 805 -9.0
497 572 -8.0
130 284 -7.0
19 704 -9.0
520 714 -8.0
208 608 -6.0
240 436 -10.0
249 361 -9.0
347 767 -6.0
55 362 -2.0
228 342 -3.0
56 366 -6.0
313 612 -4.0
216 774 -5.0
707 965 -5.0
664 891 -6.0
339 422 -8.0
579 878 -9.0
221 993 -10.0
60 230 -3.0
135 256 -6.0
301 355 -9.0
58 401 -9.0
272 753 -2.0
24 277 -3.0
699 917 -3.0
182 796 -7.0
802 828 -3.0
144 440 -7.0
209 848 -3.0
445 532 -4.0
285 341 -10.0
417 889 -4.0
98 533 -2.0
87 722 -4.0
854 979 -7.0
658 766 -7.0
162 211 -6.0
177 706 -6.0
654 723 -8.0
299 500 -4.0
565 999 -3.0
831 913 -8.0
124 501 -6.0
247 882 -8.0
146 828 -6.0
426 716 -1.0
216 483 -6.0
20 549 -5.0
272 466 -6.0
167 317 -7.0
575 755 -2.0
41 511 -1.0
572 716 -2.0
30 816 -5.0
156 709 -10.0
366 605 -8.0
679 906 -1.0
416 894 -10.0
163 683 -7.0
182 396 -10.0
173 478 -2.0
21 584 -2.0
471 833 -2.0
410 719 -4.0
194 847 -4.0
412 664 -5.0
498 909 -7.0
691 724 -1.0
354 376 -8.0
397 610 -10.0
46 796 -10.0
154 504 -6.0
86 794 -3.0
565 793 -4.0
500 800 -2.0
118 948 -6.0
459 490 -1.0
20 730 -1.0
478 933 -5.0
252 276 -7.0
106 435 -2.0
458 949 -1.0
577 939 -1.0
580 912 -8.0
349 574 -4.0
705 828 -4.0
188 680 -1.0
337 759 -2.0
498 881 -8.0
146 335 -2.0
473 819 -2.0
354 844 -4.0
476 719 -7.0
203 967 -2.0
307 664 -6.0
891 983 -7.0
727 869 -2.0
441 828 -3.0
69 78 -2.0
223 564 -8.0
133 774 -4.0
281 809 -3.0
511 731 -4.0
714 989 -3.0
151 755 -3.0
20 260 -5.0
112 810 -2.0
873 969 -9.0
699 858 -4.0
644 987 -7.0
29 783 -5.0
22 695 -1.0
924 940 -4.0
117 619 -4.0
681 901 -2.0
488 939 -9.0
409 509 -4.0
80 1000 -8.0
197 559 -3.0
470 905 -7.0
363 522 -6.0
311 922 -5.0
272 635 -1.0
144 477 -9.0
440 723 -4.0
291 617 -7.0
595 702 -6.0
170 930 -5.0
4 709 -1.0
43 763 -10.0
60 984 -10.0
119 454 -8.0
70 236 -10.0
43 565 -10.0
205 515 -1.0
488 887 -10.0
100 962 -8.0
475 592 -10.0
544 640 -7.0
389 957 -1.0
163 292 -6.0
856 991 -8.0
293 997 -10.0
431 899 -8.0
21 724 -5.0
408 914 -10.0
7 993 -1.0
1 895 -1.0
108 478 -10.0
212 243 -7.0
278 578 -10.0
329 891 -5.0
571 728 -3.0
37 455 -8.0
148 745 -9.0
288 393 -4.0
300 878 -8.0
338 897 -2.0
364 592 -7.0
85 221 -5.0
287 289 -2.0
204 519 -5.0
349 823 -7.0
225 290 -5.0
11 640 -8.0
434 913 -5.0
695 814 -7.0
296 336 -9.0
377 918 -10.0
217 637 -4.0
446 614 -6.0
164 639 -9.0
342 740 -2.0
2 281 -5.0
183 572 -1.0
375 893 -5.0
103 217 -1.0
239 877 -5.0
430 936 -1.0
217 944 -2.0
265 546 -2.0
297 724 -3.0
193 889 -5.0
162 309 -3.0
509 937 -8.0
297 799 -9.0
697 989 -10.0
35 379 -7.0
368 949 -4.0
103 106 -7.0
696 798 -8.0
65 229 -3.0
241 292 -3.0
22 422 -1.0
129 842 -5.0
395 566 -2.0
578 947 -1.0
391 1000 -6.0
129 142 -9.0
415 864 -4.0
263 898 -7.0
301 654 -2.0
669 839 -2.0
558 568 -10.0
349 406 -1.0
376 504 -2.0
80 643 -8.0
423 953 -10.0
78 200 -5.0
507 835 -5.0
614 964 -1.0
355 497 -3.0
12 975 -1.0
324 864 -8.0
339 806 -6.0
223 414 -4.0
518 558 -10.0
13 320 -9.0
509 645 -7.0
41 278 -5.0
446 553 -7.0
681 999 -7.0
149 410 -6.0
783 965 -9.0
314 819 -9.0
325 416 -1.0
544 794 -7.0
738 880 -10.0
41 577 -2.0
706 777 -10.0
29 497 -1.0
377 728 -6.0
814 968 -8.0
650 921 -8.0
17 200 -1.0
797 938 -2.0
426 981 -5.0
191 488 -8.0
928 936 -10.0
458 643 -1.0
435 554 -8.0
581 872 -6.0
517 895 -8.0
306 591 -4.0
241 675 -9.0
70 233 -1.0
9 579 -5.0
93 341 -8.0
14 352 -8.0
276 971 -9.0
608 660 -4.0
355 473 -7.0
681 904 -7.0
129 609 -8.0
484 821 -9.0
469 735 -5.0
149 929 -10.0
304 687 -8.0
408 723 -2.0
588 873 -9.0
150 642 -5.0
377 643 -9.0
751 844 -7.0
413 778 -6.0
244 317 -9.0
78 276 -5.0
160 284 -4.0
126 378 -6.0
660 804 -7.0
39 512 -1.0
187 386 -3.0
884 968 -7.0
461 602 -8.0
233 567 -8.0
415 723 -7.0
365 966 -2.0
761 940 -7.0
119 607 -9.0
92 598 -10.0
159 960 -5.0
158 476 -2.0
112 431 -5.0
88 674 -3.0
818 859 -2.0
389 854 -5.0
636 990 -2.0
179 787 -5.0
105 856 -10.0
26 127 -7.0
727 834 -10.0
254 842 -4.0
83 526 -5.0
241 943 -9.0
95 930 -5.0
253 432 -7.0
35 798 -9.0
58 439 -10.0
32 895 -7.0
287 580 -8.0
592 974 -2.0
256 657 -10.0
569 858 -9.0
70 839 -8.0
176 990 -1.0
675 730 -4.0
532 965 -6.0
481 705 -7.0
294 600 -4.0
232 368 -6.0
637 974 -4.0
110 553 -3.0
357 985 -2.0
462 634 -2.0
224 912 -9.0
514 813 -2.0
159 986 -4.0
127 813 -6.0
62 353 -3.0
210 601 -8.0
674 929 -8.0
608 945 -10.0
149 542 -5.0
34 563 -6.0
533 781 -1.0
232 938 -7.0
164 932 -7.0
106 148 -9.0
268 736 -3.0
37 851 -4.0
127 441 -3.0
17 960 -3.0
454 921 -2.0
427 449 -10.0
667 892 -7.0
270 972 -9.0
470 846 -7.0
359 675 -4.0
229 797 -3.0
662 913 -2.0
800 995 -4.0
700 724 -8.0
347 657 -6.0
683 696 -6.0
58 598 -3.0
97 805 -5.0
271 320 -1.0
577 663 -1.0
439 624 -2.0
314 631 -4.0
319 497 -5.0
266 877 -5.0
129 480 -3.0
568 930 -2.0
379 565 -3.0
7 212 -8.0
91 578 -9.0
362 838 -1.0
691 761 -10.0
70 387 -7.0
678 772 -10.0
278 807 -9.0
345 813 -10.0
94 406 -7.0
162 639 -5.0
173 733 -6.0
208 730 -10.0
186 775 -4.0
197 287 -4.0
156 746 -8.0
15 415 -8.0
81 619 -1.0
311 489 -2.0
827 915 -4.0
182 878 -10.0
126 999 -2.0
742 786 -3.0
698 880 -6.0
385 754 -10.0
236 424 -3.0
650 731 -6.0
87 986 -5.0
839 848 -5.0
863 914 -1.0
622 955 -6.0
146 203 -6.0
42 561 -9.0
322 690 -2.0
37 466 -10.0
63 290 -3.0
571 633 -7.0
78 742 -1.0
201 726 -5.0
536 933 -1.0
129 657 -9.0
533 806 -3.0
639 683 -4.0
425 817 -10.0
173 786 -4.0
669 832 -8.0
495 745 -8.0
370 673 -10.0
408 987 -4.0
613 727 -4.0
162 362 -6.0
561 648 -6.0
715 749 -5.0
539 660 -2.0
528 814 -9.0
649 667 -7.0
174 795 -8.0
973 982 -6.0
116 439 -3.0
492 604 -1.0
613 721 -5.0
48 706 -10.0
858 963 -7.0
11 244 -10.0
390 877 -6.0
29 281 -4.0
7 531 -8.0
220 349 -8.0
155 881 -8.0
114 931 -10.0
699 772 -10.0
110 253 -3.0
273 539 -1.0
385 798 -9.0
181 345 -4.0
299 632 -4.0
349 434 -2.0
353 377 -7.0
721 936 -3.0
278 411 -2.0
56 419 -8.0
810 956 -6.0
10 980 -3.0
345 496 -3.0
107 182 -8.0
289 470 -2.0
77 360 -5.0
98 518 -7.0
459 673 -10.0
95 984 -6.0
143 944 -8.0
18 705 -3.0
206 959 -10.0
161 294 -4.0
265 364 -10.0
299 355 -6.0
671 688 -6.0
218 763 -7.0
133 207 -5.0
608 707 -9.0
323 654 -3.0
203 379 -6.0
516 873 -4.0
593 647 -3.0
96 442 -10.0
283 755 -1.0
253 923 -8.0
206 311 -8.0
650 733 -5.0
366 700 -1.0
50 87 -6.0
29 538 -9.0
130 694 -5.0
770 944 -5.0
153 402 -2.0
20 75 -8.0
463 894 -4.0
23 851 -8.0
765 792 -6.0
630 720 -5.0
45 229 -2.0
298 375 -3.0
35 168 -2.0
691 823 -4.0
197 474 -5.0
155 449 -10.0
349 918 -7.0
219 907 -3.0
408 755 -7.0
597 724 -8.0
49 368 -10.0
75 400 -6.0
117 355 -9.0
711 802 -2.0
580 935 -7.0
300 510 -1.0
129 721 -2.0
265 816 -1.0
227 634 -9.0
718 955 -2.0
167 261 -7.0
673 986 -8.0
153 574 -6.0
159 233 -9.0
231 318 -10.0
111 940 -4.0
170 982 -3.0
524 593 -1.0
365 819 -4.0
174 853 -8.0
165 718 -4.0
487 625 -6.0
29 309 -8.0
495 781 -3.0
80 99 -7.0
153 758 -8.0
724 968 -7.0
192 474 -2.0
143 936 -4.0
484 834 -5.0
227 830 -8.0
376 778 -8.0
324 744 -5.0
547 789 -5.0
566 731 -1.0
107 723 -6.0
439 524 -8.0
59 387 -6.0
333 958 -3.0
8 633 -9.0
2 379 -10.0
474 853 -4.0
109 979 -5.0
206 686 -2.0
726 887 -4.0
169 260 -9.0
204 527 -9.0
729 971 -7.0
460 597 -2.0
893 977 -5.0
55 388 -1.0
81 94 -4.0
146 253 -7.0
516 650 -3.0
33 125 -8.0
541 902 -10.0
945 959 -9.0
274 411 -9.0
507 742 -2.0
361 700 -1.0
353 585 -2.0
748 908 -7.0
330 839 -3.0
513 622 -4.0
63 188 -3.0
896 973 -4.0
21 209 -7.0
122 511 -3.0
237 668 -10.0
46 326 -1.0
265 588 -10.0
608 835 -10.0
84 679 -5.0
618 661 -10.0
188 971 -4.0
487 799 -10.0
492 605 -3.0
729 890 -7.0
120 857 -7.0
90 216 -6.0
151 779 -2.0
461 811 -10.0
269 964 -10.0
140 383 -2.0
547 860 -5.0
260 788 -4.0
489 536 -10.0
220 371 -9.0
65 841 -10.0
60 857 -8.0
904 914 -7.0
168 462 -4.0
107 400 -9.0
238 674 -1.0
230 445 -5.0
266 292 -3.0
224 668 -3.0
322 611 -6.0
536 622 -10.0
617 633 -4.0
110 957 -7.0
511 550 -2.0
374 995 -1.0
329 789 -5.0
517 686 -3.0
277 351 -8.0
817 832 -9.0
619 715 -2.0
262 396 -10.0
45 400 -8.0
392 906 -9.0
49 325 -8.0
618 975 -3.0
153 549 -5.0
116 409 -5.0
520 554 -7.0
579 849 -4.0
305 973 -8.0
92 548 -3.0
159 869 -10.0
517 982 -1.0
49 315 -3.0
477 959 -3.0
222 711 -8.0
429 449 -10.0
335 688 -4.0
127 661 -10.0
6 66 -8.0
217 228 -10.0
722 958 -7.0
443 842 -2.0
541 973 -10.0
65 75 -4.0
314 571 -2.0
217 974 -4.0
224 785 -3.0
461 1000 -9.0
257 534 -3.0
109 384 -9.0
306 568 -7.0
327 457 -7.0
238 670 -5.0
225 619 -2.0
36 214 -4.0
322 910 -8.0
153 994 -2.0
336 700 -7.0
804 869 -7.0
14 455 -7.0
495 545 -1.0
761 778 -10.0
107 430 -8.0
337 553 -3.0
586 962 -1.0
722 805 -7.0
41 123 -2.0
136 805 -2.0
86 520 -7.0
55 119 -2.0
424 577 -9.0
110 575 -1.0
561 890 -8.0
226 933 -5.0
149 411 -6.0
403 422 -6.0
226 852 -8.0
59 217 -8.0
82 272 -10.0
557 961 -9.0
579 681 -4.0
150 948 -7.0
219 761 -5.0
109 825 -3.0
274 901 -5.0
96 374 -8.0
191 220 -4.0
546 704 -4.0
41 607 -9.0
181 412 -1.0
364 508 -7.0
681 702 -9.0
146 915 -6.0
208 892 -6.0
279 733 -6.0
87 328 -2.0
500 865 -1.0
725 811 -10.0
288 778 -3.0
93 593 -4.0
599 710 -4.0
20 336 -3.0
325 787 -4.0
254 510 -2.0
77 420 -3.0
47 880 -2.0
511 705 -2.0
46 431 -3.0
392 655 -5.0
27 824 -4.0
139 747 -5.0
66 220 -9.0
186 468 -7.0
92 692 -3.0
636 723 -9.0
142 153 -1.0
774 844 -3.0
219 411 -7.0
121 174 -7.0
240 452 -4.0
263 922 -5.0
214 961 -8.0
649 691 -3.0
398 505 -6.0
177 208 -2.0
142 517 -4.0
237 710 -6.0
79 910 -1.0
456 928 -8.0
149 980 -4.0
743 966 -7.0
770 774 -8.0
320 666 -5.0
400 715 -10.0
231 514 -7.0
36 85 -6.0
437 794 -9.0
505 601 -9.0
7 766 -10.0
472 863 -1.0
197 969 -1.0
444 742 -6.0
79 221 -10.0
349 542 -5.0
763 958 -3.0
261 796 -1.0
318 914 -4.0
652 682 -1.0
398 577 -4.0
207 460 -2.0
64 491 -1.0
581 779 -10.0
568 802 -4.0
253 973 -4.0
209 306 -3.0
74 471 -8.0
104 282 -10.0
459 533 -6.0
497 666 -1.0
553 569 -7.0
20 225 -5.0
222 831 -4.0
117 819 -4.0
487 589 -6.0
201 407 -6.0
467 965 -6.0
123 957 -5.0
383 670 -4.0
640 761 -1.0
660 745 -6.0
689 930 -5.0
211 982 -5.0
506 980 -7.0
54 364 -7.0
131 245 -4.0
60 495 -6.0
6 732 -10.0
8 662 -1.0
759 823 -6.0
500 912 -7.0
190 481 -5.0
154 338 -8.0
373 685 -10.0
518 885 -7.0
537 738 -6.0
739 778 -6.0
266 451 -4.0
108 650 -6.0
315 669 -9.0
2 553 -9.0
280 501 -3.0
246 948 -7.0
654 857 -2.0
423 887 -5.0
836 884 -9.0
831 981 -1.0
109 447 -7.0
846 996 -1.0
316 599 -7.0
274 484 -7.0
417 832 -9.0
101 512 -2.0
74 449 -5.0
7 210 -3.0
57 974 -6.0
249 601 -3.0
582 601 -7.0
909 979 -2.0
75 941 -5.0
247 317 -6.0
380 767 -9.0
386 723 -7.0
65 288 -4.0
855 993 -1.0
62 312 -5.0
595 768 -1.0
405 874 -3.0
646 711 -8.0
207 809 -9.0
62 562 -2.0
828 834 -10.0
303 441 -7.0
440 933 -8.0
129 411 -7.0
502 521 -10.0
384 485 -1.0
120 737 -7.0
546 903 -7.0
151 535 -8.0
153 655 -3.0
135 560 -4.0
420 585 -3.0
36 740 -5.0
237 422 -10.0
373 538 -2.0
327 600 -4.0
85 454 -9.0
258 681 -8.0
369 956 -2.0
457 655 -2.0
137 874 -5.0
7 282 -4.0
441 669 -3.0
195 964 -2.0
30 950 -7.0
702 921 -6.0
323 892 -2.0
75 886 -5.0
483 502 -3.0
49 130 -7.0
70 786 -4.0
795 869 -1.0
342 428 -10.0
188 826 -8.0
169 200 -6.0
645 662 -7.0
118 955 -9.0
557 974 -2.0
449 916 -1.0
229 708 -3.0
280 921 -3.0
291 946 -4.0
552 978 -1.0
332 466 -3.0
681 812 -1.0
47 421 -9.0
668 980 -8.0
746 766 -4.0
79 854 -1.0
30 562 -2.0
501 540 -8.0
54 793 -10.0
459 579 -7.0
513 776 -4.0
240 591 -1.0
569 980 -6.0
497 818 -3.0
464 518 -7.0
181 199 -10.0
114 974 -7.0
290 594 -2.0
7 571 -6.0
800 925 -6.0
90 134 -6.0
776 862 -4.0
154 159 -1.0
192 690 -3.0
35 313 -3.0
416 690 -2.0
838 917 -4.0
741 968 -10.0
704 730 -5.0
102 485 -5.0
33 853 -6.0
628 635 -2.0
146 861 -1.0
239 830 -8.0
199 549 -9.0
657 667 -6.0
454 861 -3.0
457 555 -8.0
578 611 -7.0
137 788 -7.0
541 996 -7.0
205 466 -2.0
494 886 -9.0
357 362 -7.0
91 868 -10.0
314 578 -6.0
152 222 -8.0
420 665 -2.0
695 993 -6.0
92 384 -10.0
519 708 -1.0
400 673 -8.0
62 584 -1.0
461 984 -3.0
179 883 -10.0
43 118 -8.0
299 456 -3.0
491 702 -8.0
565 646 -10.0
258 550 -2.0
239 991 -9.0
76 907 -5.0
586 942 -3.0
193 564 -10.0
502 886 -10.0
399 585 -2.0
566 938 -4.0
186 498 -4.0
780 870 -3.0
685 960 -3.0
466 523 -9.0
175 205 -5.0
747 971 -9.0
676 685 -8.0
143 628 -3.0
101 555 -7.0
612 687 -2.0
804 961 -3.0
292 394 -1.0
528 687 -6.0
962 983 -9.0
453 670 -9.0
759 987 -7.0
236 453 -10.0
255 508 -8.0
118 393 -8.0
573 853 -7.0
629 678 -9.0
277 933 -1.0
579 790 -6.0
278 625 -6.0
142 449 -1.0
365 641 -8.0
780 786 -4.0
654 967 -8.0
389 735 -1.0
213 664 -5.0
249 277 -8.0
77 364 -5.0
77 245 -8.0
186 288 -6.0
765 865 -6.0
751 901 -9.0
302 707 -5.0
3 749 -1.0
747 911 -2.0
390 650 -10.0
194 942 -9.0
41 820 -6.0
123 397 -10.0
79 572 -7.0
301 755 -5.0
815 979 -5.0
48 189 -7.0
397 934 -3.0
266 624 -8.0
555 870 -2.0
3 851 -4.0
492 588 -1.0
385 603 -8.0
136 329 -3.0
130 890 -9.0
362 388 -7.0
203 683 -5.0
263 380 -7.0
203 933 -8.0
866 869 -5.0
500 997 -10.0
137 214 -2.0
833 866 -3.0
30 629 -7.0
260 335 -2.0
35 76 -6.0
290 437 -10.0
431 703 -9.0
446 709 -6.0
524 603 -10.0
268 596 -7.0
43 966 -8.0
864 907 -5.0
163 644 -7.0
275 526 -10.0
695 831 -8.0
388 713 -7.0
164 289 -7.0
297 747 -10.0
38 506 -3.0
256 503 -8.0
160 282 -4.0
395 518 -6.0
386 792 -7.0
266 706 -1.0
743 886 -6.0
277 650 -1.0
313 806 -10.0
314 741 -6.0
204 737 -5.0
521 546 -2.0
350 598 -3.0
61 494 -4.0
25 136 -8.0
98 816 -5.0
777 795 -4.0
565 575 -2.0
205 813 -7.0
867 938 -8.0
759 944 -3.0
298 895 -3.0
625 668 -5.0
345 683 -10.0
552 826 -1.0
529 785 -5.0
714 893 -2.0
621 858 -4.0
518 812 -6.0
776 835 -4.0
458 705 -9.0
35 337 -7.0
356 628 -8.0
14 904 -7.0
10 292 -4.0
42 882 -6.0
532 836 -1.0
9 383 -1.0
800 812 -10.0
163 237 -7.0
280 910 -8.0
236 430 -3.0
492 780 -9.0
786 929 -10.0
465 852 -9.0
635 781 -6.0
115 779 -2.0
280 972 -10.0
269 321 -9.0
226 369 -6.0
421 619 -10.0
407 552 -6.0
749 844 -10.0
399 668 -9.0
164 829 -9.0
747 898 -8.0
761 772 -2.0
478 698 -8.0
126 303 -2.0
41 533 -3.0
724 846 -5.0
322 659 -8.0
327 347 -4.0
986 992 -4.0
72 411 -4.0
219 838 -1.0
788 833 -1.0
199 357 -2.0
851 985 -5.0
193 603 -5.0
371 919 -1.0
10 77 -5.0
679 691 -10.0
541 714 -4.0
178 239 -2.0
513 798 -7.0
353 879 -1.0
703 820 -5.0
115 386 -1.0
156 537 -7.0
283 812 -7.0
509 908 -10.0
65 216 -6.0
7 881 -4.0
585 756 -5.0
40 737 -6.0
278 407 -1.0
440 804 -4.0
377 746 -2.0
322 980 -6.0
719 814 -3.0
71 528 -9.0
394 971 -5.0
716 888 -3.0
940 968 -10.0
40 682 -2.0
106 341 -2.0
153 690 -8.0
497 879 -8.0
243 977 -7.0
740 973 -10.0
173 516 -4.0
218 368 -9.0
714 754 -7.0
188 360 -3.0
329 996 -2.0
865 906 -3.0
815 897 -5.0
23 852 -2.0
410 860 -4.0
52 143 -4.0
192 500 -9.0
565 685 -1.0
387 661 -6.0
208 399 -2.0
76 765 -3.0
22 216 -3.0
529 859 -4.0
185 314 -9.0
493 741 -3.0
112 726 -1.0
315 786 -8.0
662 926 -9.0
552 779 -1.0
300 356 -3.0
79 271 -7.0
896 982 -2.0
750 752 -3.0
101 296 -8.0
522 588 -4.0
47 268 -3.0
284 810 -8.0
276 518 -8.0
815 982 -3.0
197 794 -5.0
366 984 -5.0
231 351 -4.0
267 409 -3.0
390 489 -10.0
399 719 -4.0
188 798 -10.0
24 343 -1.0
87 740 -7.0
781 875 -10.0
703 757 -8.0
723 753 -2.0
177 219 -2.0
72 866 -6.0
55 922 -2.0
815 956 -6.0
68 672 -6.0
184 721 -4.0
275 529 -6.0
277 553 -9.0
437 542 -3.0
608 844 -7.0
418 960 -10.0
195 461 -5.0
32 899 -3.0
177 483 -2.0
689 985 -4.0
231 772 -3.0
184 491 -9.0
102 179 -7.0
2 886 -9.0
252 802 -1.0
557 990 -4.0
312 790 -5.0
197 775 -4.0
544 837 -5.0
453 637 -1.0
655 761 -2.0
2 152 -10.0
614 862 -8.0
380 604 -3.0
265 948 -5.0
352 435 -2.0
324 628 -10.0
35 478 -10.0
654 672 -5.0
356 668 -2.0
4 523 -8.0
94 929 -3.0
138 337 -2.0
106 289 -3.0
357 632 -3.0
740 900 -1.0
747 850 -9.0
186 251 -10.0
472 904 -8.0
384 507 -8.0
291 881 -6.0
285 898 -4.0
102 687 -7.0
128 558 -5.0
495 737 -1.0
59 959 -2.0
223 442 -6.0
172 403 -2.0
276 784 -10.0
696 846 -10.0
600 766 -5.0
72 218 -1.0
75 899 -10.0
313 397 -9.0
572 925 -8.0
237 899 -3.0
639 888 -1.0
270 620 -3.0
713 925 -8.0
698 904 -3.0
423 942 -1.0
454 808 -10.0
315 440 -1.0
317 906 -2.0
77 994 -2.0
583 690 -2.0
493 828 -4.0
244 424 -5.0
272 617 -4.0
419 617 -2.0
73 209 -6.0
454 479 -7.0
374 483 -1.0
56 972 -10.0
44 671 -2.0
566 833 -5.0
552 891 -1.0
288 613 -6.0
70 506 -9.0
114 842 -8.0
137 763 -7.0
619 743 -1.0
79 444 -4.0
164 620 -1.0
383 796 -10.0
575 628 -6.0
450 864 -7.0
385 400 -10.0
162 434 -3.0
609 926 -2.0
576 952 -8.0
376 494 -9.0
20 585 -9.0
226 516 -7.0
336 706 -4.0
553 956 -9.0
397 688 -3.0
49 139 -7.0
394 679 -4.0
267 646 -8.0
549 711 -2.0
141 762 -1.0
590 950 -2.0
441 738 -4.0
117 540 -8.0
93 476 -7.0
3 860 -7.0
601 914 -7.0
212 906 -7.0
775 809 -2.0
669 697 -7.0
737 770 -5.0
36 516 -7.0
219 374 -1.0
30 74 -6.0
393 875 -4.0
464 670 -1.0
201 318 -1.0
492 705 -8.0
409 949 -8.0
61 406 -4.0
491 738 -2.0
75 197 -5.0
154 837 -4.0
293 802 -10.0
17 228 -7.0
62 121 -9.0
317 456 -2.0
837 940 -6.0
84 380 -1.0
218 886 -10.0
475 840 -9.0
279 345 -3.0
83 547 -6.0
269 946 -7.0
516 667 -5.0
81 522 -9.0
300 554 -8.0
459 470 -4.0
380 577 -6.0
508 757 -8.0
48 895 -7.0
293 503 -10.0
20 543 -6.0
332 346 -3.0
78 936 -7.0
686 830 -5.0
515 929 -6.0
34 815 -6.0
10 732 -4.0
534 835 -1.0
127 522 -5.0
382 915 -3.0
381 536 -9.0
742 801 -4.0
207 434 -8.0
232 340 -3.0
227 365 -3.0
108 711 -7.0
141 646 -9.0
656 969 -6.0
366 865 -9.0
748 964 -9.0
477 924 -3.0
632 957 -10.0
835 986 -5.0
393 401 -1.0
645 812 -2.0
160 955 -9.0
195 987 -4.0
645 878 -4.0
23 586 -5.0
271 341 -6.0
433 718 -7.0
567 775 -7.0
484 623 -4.0
329 956 -5.0
810 960 -1.0
488 863 -5.0
920 936 -5.0
19 449 -9.0
781 853 -9.0
476 492 -6.0
321 454 -7.0
339 918 -10.0
729 953 -5.0
227 708 -6.0
268 901 -10.0
311 990 -8.0
252 571 -4.0
45 466 -6.0
725 842 -3.0
144 972 -2.0
556 677 -5.0
261 404 -5.0
315 764 -1.0
247 848 -7.0
283 449 -1.0
654 789 -1.0
653 899 -2.0
765 907 -3.0
830 979 -1.0
196 933 -3.0
25 475 -8.0
751 975 -3.0
292 329 -3.0
592 705 -4.0
367 929 -1.0
172 507 -7.0
644 942 -5.0
663 789 -9.0
36 694 -3.0
299 751 -5.0
513 823 -5.0
618 838 -10.0
35 908 -3.0
656 882 -5.0
778 791 -4.0
56 882 -7.0
746 976 -5.0
857 992 -9.0
477 554 -6.0
594 739 -5.0
275 765 -9.0
209 733 -3.0
353 866 -1.0
180 464 -2.0
320 741 -3.0
181 662 -4.0
744 990 -9.0
132 619 -10.0
123 672 -9.0
329 876 -2.0
164 435 -2.0
590 696 -7.0
21 646 -6.0
790 964 -3.0
65 776 -1.0
165 598 -7.0
74 537 -1.0
788 898 -7.0
63 795 -3.0
864 960 -4.0
145 239 -1.0
78 147 -7.0
128 992 -8.0
689 834 -2.0
156 587 -4.0
643 683 -7.0
489 794 -4.0
41 93 -6.0
502 776 -2.0
111 195 -6.0
73 93 -2.0
467 922 -5.0
37 738 -2.0
570 595 -1.0
544 745 -5.0
767 818 -1.0
653 851 -1.0
476 941 -10.0
3 818 -6.0
529 780 -1.0
292 318 -4.0
54 409 -3.0
21 818 -2.0
161 420 -9.0
231 508 -5.0
556 732 -10.0
293 927 -1.0
162 472 -1.0
155 301 -5.0
131 461 -9.0
220 990 -6.0
1 649 -8.0
398 509 -10.0
61 725 -7.0
721 902 -8.0
472 687 -2.0
514 663 -8.0
294 506 -4.0
171 513 -7.0
50 724 -7.0
209 432 -9.0
135 303 -6.0
40 175 -7.0
53 668 -1.0
342 854 -1.0
433 840 -2.0
468 996 -4.0
106 787 -3.0
767 769 -7.0
320 981 -9.0
527 946 -1.0
135 189 -7.0
271 872 -10.0
313 352 -9.0
61 389 -8.0
391 501 -7.0
51 858 -3.0
125 682 -6.0
196 518 -6.0
40 161 -10.0
91 301 -9.0
23 358 -10.0
339 950 -2.0
347 508 -8.0
524 645 -2.0
589 715 -2.0
780 922 -4.0
781 928 -3.0
310 794 -10.0
171 721 -10.0
210 842 -3.0
199 521 -9.0
407 462 -2.0
516 908 -1.0
21 528 -5.0
449 532 -10.0
21 891 -3.0
543 872 -10.0
69 125 -5.0
647 683 -1.0
419 476 -6.0
453 788 -7.0
730 924 -1.0
422 733 -1.0
30 548 -1.0
1 401 -1.0
129 874 -7.0
220 563 -2.0
317 791 -8.0
14 739 -6.0
287 797 -7.0
569 893 -3.0
342 477 -1.0
821 900 -1.0
224 718 -5.0
451 616 -7.0
46 872 -8.0
106 198 -10.0
458 526 -9.0
192 477 -9.0
5 196 -3.0
530 627 -4.0
8 924 -3.0
389 812 -9.0
34 202 -10.0
28 180 -4.0
287 964 -8.0
222 721 -10.0
104 586 -6.0
160 410 -10.0
151 944 -6.0
192 724 -1.0
93 692 -2.0
178 841 -6.0
69 599 -8.0
385 486 -5.0
18 157 -10.0
307 906 -7.0
1 630 -7.0
66 266 -6.0
257 445 -2.0
247 545 -6.0
565 824 -8.0
409 836 -6.0
690 854 -5.0
108 291 -3.0
290 983 -3.0
465 727 -10.0
132 823 -6.0
10 527 -3.0
114 763 -3.0
1 746 -9.0
728 843 -6.0
410 659 -9.0
660 875 -2.0
180 590 -1.0
569 853 -7.0
385 393 -4.0
158 675 -3.0
390 929 -10.0
388 414 -3.0
483 598 -1.0
9 341 -3.0
201 448 -3.0
161 348 -9.0
558 933 -9.0
14 721 -10.0
346 625 -10.0
544 893 -7.0
325 434 -4.0
628 863 -3.0
238 946 -6.0
954 955 -8.0
5 755 -10.0
798 936 -2.0
159 450 -9.0
459 502 -8.0
348 369 -3.0
80 142 -5.0
593 777 -7.0
150 555 -3.0
422 747 -9.0
351 684 -5.0
582 748 -10.0
168 941 -2.0
545 972 -4.0
188 561 -4.0
197 382 -2.0
69 308 -10.0
664 864 -6.0
199 287 -4.0
434 517 -3.0
757 910 -9.0
348 661 -2.0
122 690 -9.0
161 819 -2.0
525 641 -1.0
142 202 -4.0
823 865 -8.0
594 702 -7.0
88 308 -4.0
683 870 -5.0
531 796 -8.0
207 480 -4.0
137 731 -8.0
185 506 -6.0
653 740 -5.0
394 890 -5.0
475 700 -3.0
74 250 -9.0
269 490 -8.0
275 348 -4.0
505 790 -4.0
192 835 -10.0
457 819 -2.0
70 895 -4.0
397 417 -10.0
134 696 -3.0
29 604 -10.0
765 808 -3.0
136 210 -6.0
525 913 -2.0
708 891 -1.0
202 894 -10.0
689 998 -4.0
150 318 -7.0
124 582 -3.0
2 147 -3.0
114 753 -4.0
84 372 -8.0
291 741 -2.0
502 826 -1.0
118 485 -4.0
290 870 -4.0
579 770 -8.0
229 355 -7.0
96 823 -4.0
398 749 -8.0
714 763 -7.0
231 886 -2.0
501 506 -1.0
233 564 -4.0
119 849 -6.0
168 795 -3.0
76 741 -5.0
55 372 -6.0
737 971 -1.0
281 741 -4.0
23 918 -6.0
419 757 -7.0
363 887 -5.0
53 117 -4.0
402 581 -9.0
856 990 -1.0
78 261 -3.0
21 531 -3.0
178 325 -7.0
322 951 -8.0
260 638 -5.0
431 453 -5.0
117 165 -8.0
514 640 -1.0
6 227 -5.0
528 659 -10.0
363 527 -5.0
159 688 -9.0
569 715 -1.0
103 724 -1.0
201 512 -4.0
580 764 -3.0
178 237 -9.0
678 893 -5.0
307 319 -6.0
117 562 -8.0
831 863 -6.0
302 870 -8.0
174 240 -3.0
695 708 -8.0
661 778 -10.0
532 763 -6.0
279 901 -3.0
447 477 -7.0
158 719 -2.0
179 470 -2.0
270 482 -2.0
124 667 -6.0
23 214 -1.0
361 960 -6.0
527 959 -7.0
48 537 -3.0
32 615 -9.0
578 949 -10.0
45 811 -9.0
473 814 -8.0
216 792 -6.0
197 248 -8.0
557 693 -10.0
562 785 -5.0
143 806 -6.0
523 948 -2.0
10 72 -4.0
556 707 -6.0
486 776 -4.0
520 947 -6.0
541 626 -10.0
157 255 -10.0
667 728 -7.0
254 965 -5.0
183 865 -7.0
97 133 -8.0
267 308 -3.0
856 933 -7.0
731 868 -7.0
192 893 -3.0
103 240 -2.0
68 686 -9.0
352 442 -9.0
30 619 -2.0
861 975 -3.0
140 1000 -8.0
152 612 -5.0
18 901 -1.0
350 445 -7.0
117 595 -1.0
361 749 -4.0
536 764 -5.0
659 723 -2.0
400 616 -10.0
475 577 -8.0
76 325 -1.0
188 510 -8.0
267 922 -8.0
591 858 -4.0
643 736 -2.0
644 666 -6.0
97 197 -1.0
152 227 -2.0
394 396 -7.0
145 409 -2.0
353 690 -5.0
169 888 -2.0
518 679 -4.0
138 486 -1.0
439 913 -5.0
760 849 -7.0
288 644 -5.0
658 927 -3.0
187 861 -5.0
294 901 -9.0
88 141 -1.0
507 511 -9.0
119 413 -1.0
542 655 -2.0
701 898 -10.0
490 686 -6.0
391 397 -5.0
159 422 -6.0
432 951 -10.0
593 747 -3.0
540 555 -3.0
74 832 -8.0
194 694 -4.0
328 415 -7.0
324 945 -4.0
664 872 -10.0
79 581 -5.0
498 1000 -4.0
343 823 -10.0
377 441 -1.0
216 874 -8.0
763 794 -3.0
773 927 -3.0
110 839 -9.0
177 484 -7.0
292 777 -8.0
514 643 -9.0
519 556 -6.0
20 202 -1.0
508 948 -6.0
402 666 -1.0
7 198 -2.0
714 924 -5.0
149 972 -10.0
157 596 -8.0
655 994 -4.0
23 42 -9.0
229 235 -3.0
248 996 -10.0
112 933 -10.0
321 368 -8.0
804 924 -6.0
103 822 -3.0
63 139 -10.0
282 557 -9.0
248 963 -4.0
100 988 -3.0
40 826 -1.0
222 266 -6.0
504 938 -10.0
222 440 -9.0
691 745 -7.0
849 893 -7.0
195 498 -7.0
660 870 -7.0
577 688 -10.0
312 997 -2.0
574 847 -2.0
315 597 -9.0
166 432 -3.0
456 991 -6.0
345 874 -6.0
61 855 -3.0
866 872 -9.0
203 209 -5.0
587 630 -5.0
955 998 -5.0
742 941 -9.0
297 884 -8.0
100 480 -2.0
433 483 -2.0
69 94 -5.0
164 557 -5.0
363 798 -5.0
291 480 -8.0
689 873 -10.0
667 735 -7.0
380 902 -6.0
404 635 -6.0
581 758 -3.0
637 891 -1.0
209 859 -10.0
33 139 -3.0
111 600 -9.0
297 838 -6.0
580 753 -10.0
17 350 -6.0
184 914 -9.0
537 803 -9.0
688 773 -10.0
410 865 -2.0
39 350 -3.0
200 688 -8.0
556 898 -8.0
507 860 -3.0
174 408 -2.0
47 209 -10.0
148 595 -10.0
226 433 -3.0
361 671 -4.0
718 923 -3.0
152 494 -1.0
180 472 -7.0
477 611 -6.0
360 823 -3.0
227 541 -9.0
137 711 -9.0
566 755 -1.0
357 404 -2.0
477 508 -1.0
444 942 -6.0
109 324 -2.0
156 765 -3.0
172 794 -2.0
319 640 -8.0
62 745 -9.0
85 636 -2.0
336 741 -6.0
41 434 -1.0
518 561 -10.0
758 873 -8.0
309 404 -5.0
287 963 -2.0
449 716 -10.0
707 730 -7.0
389 607 -3.0
348 698 -7.0
543 812 -7.0
394 983 -4.0
192 637 -9.0
390 538 -1.0
378 679 -4.0
246 270 -1.0
253 399 -7.0
734 920 -4.0
907 957 -9.0
385 696 -8.0
405 784 -3.0
733 860 -5.0
119 183 -1.0
199 946 -5.0
261 591 -3.0
363 730 -4.0
815 862 -7.0
242 480 -3.0
121 708 -5.0
305 823 -1.0
275 748 -10.0
445 845 -8.0
461 595 -9.0
247 658 -3.0
178 191 -3.0
576 905 -8.0
335 440 -4.0
397 541 -5.0
8 361 -8.0
584 728 -8.0
4 596 -2.0
376 575 -10.0
322 669 -2.0
71 451 -9.0
278 345 -5.0
461 818 -3.0
159 912 -8.0
4 812 -8.0
89 125 -6.0
499 675 -6.0
11 334 -2.0
119 706 -7.0
327 488 -7.0
606 862 -8.0
365 946 -2.0
326 998 -8.0
407 785 -1.0
105 810 -5.0
678 961 -10.0
116 796 -8.0
368 699 -10.0
179 577 -8.0
414 562 -3.0
57 308 -1.0
256 911 -8.0
93 841 -6.0
273 287 -7.0
146 577 -8.0
476 697 -9.0
592 995 -5.0
380 664 -3.0
188 221 -3.0
352 747 -4.0
218 272 -7.0
29 217 -2.0
185 300 -3.0
221 917 -3.0
109 188 -8.0
342 462 -2.0
19 594 -2.0
425 572 -3.0
110 527 -6.0
180 377 -4.0
386 970 -4.0
67 706 -6.0
508 865 -5.0
470 743 -2.0
329 682 -5.0
524 759 -6.0
583 717 -4.0
543 971 -4.0
17 49 -8.0
185 789 -2.0
295 510 -7.0
558 628 -6.0
675 708 -3.0
336 850 -5.0
794 909 -4.0
498 536 -2.0
33 744 -1.0
246 862 -7.0
283 493 -9.0
379 965 -4.0
46 837 -8.0
383 638 -9.0
122 496 -1.0
454 923 -3.0
45 612 -9.0
81 636 -6.0
38 697 -8.0
26 599 -4.0
386 493 -8.0
98 121 -6.0
190 540 -7.0
505 988 -5.0
172 624 -6.0
46 401 -3.0
375 619 -6.0
353 746 -3.0
72 592 -8.0
93 254 -6.0
480 775 -6.0
248 527 -7.0
504 628 -8.0
226 624 -6.0
399 511 -2.0
92 628 -4.0
231 359 -2.0
576 824 -7.0
120 259 -3.0
73 630 -8.0
952 984 -4.0
140 611 -9.0
593 942 -2.0
118 180 -9.0
94 784 -5.0
97 396 -8.0
220 959 -8.0
320 517 -7.0
866 877 -3.0
81 923 -6.0
78 547 -8.0
994 998 -10.0
132 347 -10.0
695 892 -6.0
463 712 -5.0
381 709 -6.0
106 301 -2.0
207 227 -8.0
288 545 -5.0
347 576 -9.0
527 653 -2.0
54 724 -7.0
143 281 -1.0
271 434 -5.0
239 510 -3.0
237 481 -1.0
91 476 -5.0
141 404 -1.0
707 879 -7.0
87 642 -10.0
90 803 -3.0
94 969 -1.0
288 934 -3.0
519 819 -2.0
169 841 -8.0
627 966 -1.0
42 670 -6.0
328 678 -2.0
127 133 -1.0
213 949 -6.0
381 574 -8.0
294 371 -5.0
664 834 -5.0
630 710 -2.0
695 848 -8.0
193 783 -9.0
264 725 -9.0
182 946 -1.0
351 461 -6.0
107 983 -9.0
244 772 -9.0
564 924 -7.0
183 719 -1.0
566 864 -9.0
276 751 -6.0
172 905 -8.0
516 651 -9.0
799 961 -4.0
210 729 -4.0
228 879 -7.0
78 182 -9.0
426 738 -7.0
693 955 -4.0
99 824 -2.0
14 410 -4.0
53 523 -8.0
220 397 -5.0
210 281 -7.0
294 651 -2.0
292 467 -3.0
546 580 -5.0
99 337 -7.0
93 560 -4.0
76 999 -5.0
354 940 -2.0
198 711 -8.0
698 865 -8.0
17 656 -5.0
490 761 -10.0
196 752 -10.0
496 774 -10.0
77 500 -9.0
823 825 -2.0
905 993 -7.0
53 257 -3.0
411 992 -1.0
100 305 -6.0
92 577 -10.0
498 684 -9.0
39 85 -2.0
38 844 -8.0
302 971 -8.0
900 997 -3.0
400 700 -5.0
13 327 -5.0
436 453 -6.0
205 519 -3.0
47 483 -1.0
349 659 -8.0
39 657 -3.0
178 431 -4.0
430 440 -1.0
602 633 -10.0
204 812 -7.0
178 286 -10.0
351 378 -2.0
284 551 -5.0
205 603 -10.0
599 713 -1.0
301 657 -10.0
432 647 -6.0
243 277 -3.0
52 901 -9.0
90 165 -6.0
116 589 -8.0
549 763 -1.0
98 544 -4.0
507 952 -7.0
273 931 -6.0
132 426 -9.0
44 53 -8.0
214 215 -10.0
13 932 -2.0
890 956 -9.0
909 921 -10.0
362 544 -9.0
223 672 -5.0
509 758 -6.0
63 231 -4.0
420 611 -6.0
167 716 -8.0
583 769 -7.0
92 407 -5.0
726 750 -4.0
247 394 -6.0
587 838 -7.0
534 631 -5.0
430 620 -4.0
31 985 -4.0
66 151 -4.0
123 859 -1.0
669 672 -4.0
117 524 -8.0
145 504 -4.0
341 735 -4.0
429 898 -6.0
50 523 -7.0
21 937 -8.0
307 806 -2.0
78 989 -4.0
368 706 -4.0
527 749 -10.0
411 872 -2.0
312 842 -3.0
132 309 -4.0
147 687 -5.0
621 797 -8.0
252 674 -6.0
613 842 -7.0
283 927 -8.0
535 953 -10.0
79 258 -8.0
118 909 -7.0
670 964 -6.0
627 820 -6.0
644 861 -2.0
471 639 -4.0
81 660 -9.0
616 997 -9.0
475 519 -10.0
222 467 -7.0
382 776 -1.0
6 278 -10.0
45 992 -5.0
602 621 -2.0
213 588 -10.0
117 421 -4.0
274 536 -2.0
490 561 -6.0
44 208 -7.0
235 653 -7.0
72 82 -5.0
202 474 -5.0
147 946 -2.0
122 424 -6.0
29 93 -9.0
60 111 -9.0
272 630 -5.0
697 725 -4.0
114 264 -1.0
28 149 -3.0
224 893 -5.0
148 361 -9.0
516 939 -10.0
406 675 -7.0
154 795 -2.0
581 764 -2.0
247 578 -2.0
12 368 -9.0
634 753 -6.0
329 627 -7.0
439 941 -5.0
420 792 -5.0
647 999 -4.0
797 817 -5.0
411 626 -6.0
184 384 -4.0
238 266 -7.0
99 900 -2.0
773 939 -4.0
515 721 -1.0
589 782 -5.0
58 589 -6.0
265 824 -2.0
172 361 -9.0
370 791 -4.0
51 724 -8.0
727 808 -9.0
547 591 -4.0
320 948 -8.0
147 338 -8.0
344 952 -5.0
302 566 -5.0
339 423 -5.0
832 873 -9.0
299 899 -2.0
332 849 -5.0
103 663 -9.0
24 63 -3.0
566 799 -4.0
288 392 -9.0
349 773 -4.0
468 735 -8.0
206 698 -1.0
22 298 -2.0
376 904 -4.0
12 399 -9.0
15 945 -3.0
629 798 -5.0
307 383 -10.0
85 841 -4.0
385 411 -3.0
240 636 -9.0
265 279 -8.0
304 632 -2.0
319 820 -6.0
299 754 -3.0
71 479 -2.0
386 693 -5.0
161 769 -9.0
54 585 -5.0
466 548 -4.0
267 471 -5.0
602 712 -1.0
116 830 -3.0
62 413 -4.0
16 249 -1.0
39 105 -5.0
3 893 -1.0
545 563 -2.0
144 610 -5.0
312 327 -8.0
535 805 -4.0
648 719 -9.0
216 446 -5.0
812 996 -4.0
64 770 -4.0
530 874 -9.0
27 960 -10.0
290 941 -6.0
108 493 -10.0
149 482 -3.0
128 620 -2.0
334 830 -6.0
202 667 -4.0
876 893 -6.0
118 452 -2.0
264 903 -3.0
104 483 -8.0
261 441 -6.0
228 871 -2.0
265 346 -9.0
253 790 -5.0
334 932 -10.0
194 528 -4.0
1 64 -4.0
300 443 -3.0
143 727 -6.0
217 487 -9.0
8 749 -5.0
489 883 -7.0
600 941 -9.0
301 796 -7.0
466 903 -1.0
202 303 -2.0
50 479 -6.0
514 988 -9.0
442 881 -1.0
255 731 -3.0
194 943 -5.0
164 187 -10.0
240 766 -3.0
253 778 -6.0
479 524 -8.0
127 551 -5.0
171 278 -6.0
494 932 -10.0
615 990 -2.0
413 519 -4.0
161 675 -2.0
112 593 -10.0
927 992 -4.0
727 847 -10.0
85 248 -6.0
161 878 -3.0
634 701 -1.0
242 433 -4.0
721 938 -9.0
120 254 -4.0
145 329 -8.0
179 985 -9.0
693 821 -1.0
743 801 -8.0
18 755 -6.0
322 918 -10.0
144 762 -10.0
838 859 -10.0
353 922 -9.0
213 966 -6.0
717 719 -10.0
131 836 -2.0
301 613 -5.0
853 948 -1.0
158 381 -8.0
437 552 -4.0
196 305 -5.0
478 906 -9.0
231 484 -10.0
309 710 -2.0
74 834 -3.0
325 340 -10.0
658 859 -9.0
578 826 -2.0
2 841 -8.0
685 999 -1.0
696 942 -9.0
664 829 -4.0
205 718 -8.0
23 736 -2.0
713 728 -6.0
16 279 -5.0
199 300 -9.0
119 502 -7.0
47 342 -10.0
366 614 -10.0
285 770 -10.0
344 485 -5.0
70 955 -6.0
152 960 -9.0
307 532 -9.0
240 721 -5.0
148 321 -10.0
532 780 -5.0
118 797 -5.0
660 661 -1.0
430 444 -1.0
2 972 -2.0
12 415 -3.0
433 943 -10.0
745 768 -7.0
400 437 -5.0
913 999 -5.0
301 383 -9.0
286 455 -4.0
601 888 -4.0
292 930 -2.0
308 457 -9.0
460 994 -2.0
542 777 -3.0
75 177 -4.0
215 538 -6.0
245 824 -9.0
596 825 -2.0
374 571 -8.0
67 627 -4.0
352 418 -7.0
596 828 -2.0
474 731 -2.0
288 892 -2.0
807 929 -7.0
635 695 -1.0
715 988 -8.0
216 265 -3.0
653 683 -8.0
869 900 -10.0
534 660 -7.0
199 969 -5.0
257 303 -8.0
220 422 -9.0
66 479 -2.0
273 806 -7.0
199 848 -10.0
494 646 -6.0
866 977 -2.0
870 980 -8.0
376 433 -4.0
34 288 -5.0
268 773 -2.0
833 894 -10.0
750 999 -5.0
544 932 -6.0
42 739 -7.0
893 896 -6.0
13 301 -2.0
655 863 -5.0
348 375 -5.0
620 749 -5.0
49 937 -7.0
101 217 -2.0
25 198 -8.0
796 823 -6.0
925 981 -8.0
48 51 -6.0
528 710 -9.0
153 673 -5.0
751 862 -2.0
295 982 -6.0
330 788 -9.0
86 95 -5.0
76 678 -10.0
499 941 -4.0
81 148 -8.0
408 780 -7.0
120 148 -9.0
242 831 -10.0
205 918 -5.0
368 870 -5.0
782 946 -2.0
626 876 -8.0
16 315 -7.0
509 928 -9.0
134 237 -1.0
669 731 -5.0
158 792 -2.0
273 417 -1.0
725 883 -2.0
92 119 -7.0
732 796 -7.0
616 695 -9.0
384 928 -7.0
332 928 -1.0
275 565 -1.0
158 625 -8.0
220 271 -3.0
124 374 -1.0
383 893 -5.0
269 856 -4.0
113 833 -6.0
234 469 -1.0
382 416 -7.0
63 170 -3.0
376 850 -3.0
519 533 -3.0
829 951 -4.0
835 990 -9.0
389 586 -6.0
208 836 -4.0
432 857 -2.0
138 936 -8.0
483 606 -6.0
67 304 -4.0
195 533 -4.0
204 332 -7.0
158 963 -5.0
501 597 -9.0
238 584 -8.0
249 616 -6.0
178 645 -1.0
418 892 -2.0
190 198 -10.0
834 997 -2.0
282 696 -2.0
270 862 -10.0
120 568 -9.0
508 585 -7.0
657 966 -10.0
176 582 -6.0
953 990 -3.0
419 917 -9.0
9 422 -8.0
41 879 -4.0
199 309 -2.0
61 102 -2.0
205 602 -6.0
373 553 -3.0
449 979 -9.0
49 687 -7.0
555 660 -2.0
65 438 -2.0
6 353 -5.0
606 662 -4.0
98 911 -2.0
493 734 -4.0
131 179 -7.0
57 929 -9.0
518 732 -3.0
17 371 -5.0
58 333 -9.0
81 496 -6.0
381 491 -1.0
131 394 -6.0
575 635 -10.0
491 928 -2.0
200 251 -5.0
304 914 -8.0
433 944 -5.0
701 761 -6.0
404 645 -2.0
696 949 -4.0
550 872 -6.0
435 725 -3.0
657 865 -4.0
183 958 -10.0
181 335 -2.0
78 137 -6.0
80 769 -4.0
249 692 -3.0
212 802 -5.0
442 757 -3.0
176 963 -8.0
96 977 -10.0
327 335 -5.0
67 262 -4.0
123 221 -2.0
26 191 -7.0
170 727 -8.0
144 786 -1.0
57 164 -9.0
726 990 -3.0
515 955 -6.0
201 890 -6.0
204 709 -8.0
787 889 -2.0
356 549 -7.0
425 699 -6.0
418 561 -4.0
215 651 -7.0
142 919 -9.0
572 645 -10.0
335 993 -2.0
636 851 -1.0
140 469 -1.0
149 367 -6.0
632 638 -4.0
410 721 -3.0
765 850 -10.0
399 989 -10.0
23 113 -5.0
105 491 -9.0
130 177 -9.0
332 518 -8.0
225 609 -5.0
171 573 -3.0
228 577 -7.0
410 575 -1.0
637 706 -8.0
282 763 -2.0
125 561 -6.0
41 285 -10.0
766 951 -7.0
178 987 -6.0
262 796 -10.0
254 849 -9.0
136 415 -9.0
79 262 -5.0
325 889 -3.0
35 136 -3.0
609 939 -1.0
205 817 -4.0
8 446 -1.0
217 943 -5.0
671 950 -6.0
34 100 -3.0
349 775 -9.0
176 903 -9.0
135 322 -9.0
727 858 -2.0
357 441 -5.0
24 744 -2.0
379 417 -8.0
111 599 -5.0
588 691 -10.0
951 970 -4.0
305 718 -4.0
192 749 -2.0
543 764 -6.0
4 35 -8.0
441 823 -6.0
622 787 -9.0
464 607 -7.0
744 747 -8.0
113 218 -7.0
131 557 -4.0
32 623 -9.0
346 488 -2.0
609 921 -3.0
439 520 -8.0
46 170 -5.0
527 698 -1.0
267 429 -7.0
619 664 -10.0
432 453 -3.0
569 662 -1.0
106 126 -9.0
103 910 -4.0
145 208 -6.0
920 923 -5.0
297 713 -1.0
953 983 -1.0
92 262 -7.0
593 665 -7.0
98 431 -9.0
812 830 -3.0
249 660 -7.0
171 434 -8.0
553 728 -4.0
141 991 -5.0
370 471 -10.0
177 591 -10.0
270 572 -8.0
509 818 -10.0
519 791 -5.0
284 977 -10.0
38 187 -4.0
94 234 -7.0
492 646 -2.0
6 221 -4.0
908 939 -5.0
73 430 -10.0
430 889 -6.0
209 940 -3.0
821 838 -1.0
67 310 -6.0
651 808 -6.0
86 251 -3.0
311 869 -6.0
860 904 -2.0
85 450 -6.0
396 776 -8.0
461 727 -1.0
26 362 -4.0
67 241 -5.0
736 781 -8.0
346 578 -1.0
883 941 -3.0
431 872 -3.0
362 780 -3.0
800 836 -2.0
309 424 -4.0
32 257 -8.0
767 823 -6.0
358 402 -4.0
505 862 -7.0
244 754 -7.0
347 377 -5.0
51 59 -6.0
143 899 -3.0
367 607 -4.0
19 625 -1.0
629 769 -2.0
602 923 -10.0
552 665 -9.0
152 953 -1.0
670 871 -2.0
74 564 -5.0
435 831 -6.0
418 623 -10.0
705 749 -4.0
128 164 -10.0
148 806 -6.0
573 719 -5.0
214 340 -5.0
558 839 -6.0
244 507 -5.0
474 612 -7.0
40 340 -6.0
742 844 -3.0
705 789 -5.0
82 722 -5.0
486 514 -8.0
618 862 -2.0
143 921 -10.0
626 965 -2.0
32 987 -1.0
31 614 -10.0
422 716 -7.0
71 778 -5.0
299 438 -5.0
5 70 -2.0
624 722 -1.0
150 744 -2.0
44 59 -3.0
435 764 -9.0
287 693 -10.0
320 623 -4.0
785 967 -4.0
280 656 -3.0
493 718 -9.0
360 491 -1.0
860 867 -4.0
410 558 -5.0
528 911 -1.0
165 480 -5.0
416 606 -10.0
91 104 -8.0
200 430 -2.0
543 844 -9.0
703 977 -2.0
442 983 -10.0
107 199 -3.0
252 535 -9.0
256 286 -10.0
105 790 -1.0
189 630 -1.0
535 733 -8.0
294 573 -4.0
200 578 -10.0
193 567 -5.0
244 913 -6.0
560 889 -5.0
254 773 -1.0
20 63 -4.0
410 577 -1.0
8 194 -10.0
676 928 -9.0
45 941 -5.0
73 499 -4.0
85 760 -2.0
146 848 -2.0
295 491 -8.0
3 745 -2.0
229 945 -1.0
285 523 -10.0
303 465 -10.0
373 531 -4.0
144 630 -3.0
116 938 -6.0
455 626 -7.0
675 755 -5.0
20 90 -5.0
219 541 -1.0
484 554 -10.0
826 862 -2.0
27 614 -9.0
843 984 -10.0
571 850 -3.0
361 372 -8.0
306 451 -5.0
523 950 -8.0
469 476 -6.0
259 814 -8.0
139 242 -3.0
115 929 -2.0
96 700 -6.0
209 294 -1.0
606 694 -10.0
340 845 -3.0
76 867 -3.0
258 436 -9.0
316 856 -3.0
330 448 -8.0
479 732 -10.0
587 790 -3.0
721 815 -2.0
528 740 -9.0
475 491 -9.0
202 468 -5.0
479 513 -6.0
126 304 -9.0
500 622 -4.0
396 779 -9.0
306 383 -7.0
48 868 -6.0
325 908 -7.0
473 648 -7.0
633 994 -9.0
550 981 -1.0
453 696 -3.0
416 968 -9.0
587 741 -6.0
188 395 -3.0
325 476 -5.0
127 186 -7.0
374 527 -3.0
323 451 -6.0
741 959 -1.0
69 343 -9.0
194 421 -2.0
346 382 -6.0
8 716 -5.0
221 913 -5.0
937 981 -6.0
208 518 -8.0
208 222 -5.0
205 501 -6.0
142 448 -10.0
83 577 -7.0
570 892 -8.0
20 976 -6.0
134 348 -8.0
720 857 -5.0
78 374 -6.0
562 970 -8.0
51 150 -8.0
408 825 -7.0
173 963 -3.0
322 648 -4.0
245 566 -8.0
487 680 -7.0
771 898 -4.0
103 952 -9.0
509 737 -8.0
279 755 -3.0
61 595 -8.0
22 691 -1.0
357 710 -4.0
501 603 -10.0
477 984 -2.0
504 995 -9.0
102 713 -9.0
3 358 -8.0
798 847 -4.0
276 685 -8.0
645 957 -4.0
501 887 -4.0
375 670 -10.0
213 933 -6.0
10 27 -4.0
498 771 -3.0
439 795 -10.0
302 843 -8.0
198 410 -10.0
178 340 -10.0
314 665 -5.0
157 503 -5.0
212 936 -4.0
328 618 -9.0
344 717 -4.0
825 962 -9.0
542 818 -10.0
312 933 -8.0
584 707 -4.0
201 784 -10.0
686 883 -4.0
157 236 -5.0
260 517 -4.0
328 329 -5.0
387 532 -10.0
227 589 -8.0
574 982 -2.0
63 668 -8.0
281 589 -4.0
200 483 -8.0
834 995 -3.0
8 172 -2.0
600 631 -5.0
574 969 -5.0
863 885 -6.0
166 701 -5.0
679 744 -8.0
81 895 -8.0
598 762 -6.0
200 636 -8.0
779 993 -3.0
435 701 -7.0
33 541 -9.0
252 570 -1.0
151 394 -10.0
224 894 -5.0
591 678 -6.0
635 875 -4.0
897 959 -10.0
361 545 -5.0
898 996 -3.0
368 667 -6.0
9 712 -7.0
626 631 -3.0
13 993 -9.0
328 901 -2.0
19 395 -10.0
279 876 -2.0
355 663 -6.0
3 641 -7.0
221 432 -8.0
17 241 -5.0
312 914 -2.0
280 691 -8.0
474 681 -7.0
260 786 -1.0
319 743 -4.0
264 892 -8.0
167 264 -9.0
310 425 -9.0
543 994 -2.0
732 961 -1.0
468 605 -6.0
389 766 -9.0
154 603 -3.0
47 54 -8.0
283 466 -4.0
208 842 -2.0
279 766 -6.0
614 808 -10.0
313 810 -10.0
264 828 -3.0
236 920 -9.0
697 817 -1.0
574 688 -4.0
187 259 -7.0
313 887 -7.0
303 736 -6.0
319 507 -5.0
147 864 -8.0
420 882 -5.0
303 307 -9.0
760 793 -2.0
557 574 -10.0
517 614 -8.0
432 769 -4.0
813 837 -3.0
884 951 -1.0
446 508 -6.0
233 556 -8.0
265 351 -10.0
484 878 -4.0
88 372 -7.0
876 934 -4.0
323 452 -5.0
82 989 -4.0
16 841 -5.0
264 934 -9.0
421 899 -6.0
34 197 -2.0
182 810 -9.0
480 830 -9.0
331 830 -1.0
128 363 -7.0
73 717 -2.0
204 827 -7.0
106 987 -8.0
107 938 -5.0
310 986 -1.0
346 579 -1.0
681 945 -5.0
763 791 -10.0
233 454 -7.0
329 333 -4.0
612 648 -5.0
134 427 -10.0
149 814 -1.0
93 456 -6.0
393 921 -10.0
299 427 -8.0
522 808 -5.0
347 575 -1.0
366 713 -8.0
354 730 -10.0
86 852 -9.0
372 941 -10.0
605 642 -4.0
169 503 -3.0
299 865 -1.0
158 165 -4.0
447 618 -3.0
57 810 -1.0
340 486 -2.0
86 851 -2.0
103 650 -3.0
487 981 -9.0
73 799 -3.0
94 103 -6.0
766 787 -5.0
116 928 -4.0
707 726 -2.0
220 989 -2.0
365 833 -8.0
63 787 -4.0
143 603 -1.0
398 582 -9.0
497 976 -10.0
139 188 -5.0
654 828 -6.0
433 838 -1.0
3 714 -8.0
312 361 -6.0
116 508 -5.0
214 447 -8.0
514 732 -10.0
186 267 -4.0
98 866 -2.0
515 730 -8.0
394 687 -5.0
87 208 -8.0
152 488 -10.0
795 910 -2.0
415 629 -5.0
155 403 -7.0
264 941 -9.0
201 727 -6.0
831 888 -3.0
796 800 -5.0
331 988 -4.0
54 720 -6.0
592 937 -1.0
57 887 -7.0
14 426 -10.0
274 736 -5.0
499 762 -10.0
420 787 -1.0
84 316 -9.0
463 649 -8.0
264 543 -7.0
645 702 -6.0
181 842 -3.0
358 975 -1.0
717 870 -1.0
327 506 -1.0
55 240 -4.0
368 519 -10.0
390 936 -2.0
561 614 -10.0
672 913 -2.0
510 924 -8.0
268 740 -5.0
103 326 -1.0
161 438 -1.0
158 696 -9.0
340 418 -4.0
79 796 -8.0
578 813 -9.0
25 767 -10.0
551 826 -7.0
248 827 -10.0
70 564 -3.0
101 657 -7.0
209 757 -2.0
41 914 -6.0
621 790 -7.0
128 883 -9.0
462 861 -4.0
27 142 -4.0
341 745 -2.0
633 918 -10.0
28 549 -5.0
426 441 -2.0
385 824 -9.0
518 962 -4.0
250 655 -10.0
419 918 -7.0
539 938 -7.0
681 995 -1.0
400 737 -3.0
118 869 -7.0
452 706 -8.0
38 487 -5.0
793 924 -10.0
18 808 -4.0
94 631 -7.0
233 243 -4.0
602 995 -1.0
237 462 -4.0
260 834 -9.0
489 548 -4.0
749 932 -4.0
89 917 -5.0
258 875 -6.0
30 78 -8.0
385 839 -6.0
651 652 -8.0
475 612 -6.0
232 425 -6.0
502 711 -9.0
512 911 -2.0
102 444 -2.0
72 918 -5.0
195 865 -7.0
175 834 -7.0
394 565 -1.0
245 742 -9.0
463 502 -9.0
176 504 -3.0
439 770 -10.0
186 571 -9.0
71 500 -5.0
279 736 -10.0
736 838 -5.0
152 730 -2.0
448 673 -3.0
483 796 -3.0
208 298 -4.0
121 429 -2.0
129 619 -8.0
84 968 -7.0
634 746 -9.0
223 580 -9.0
523 586 -2.0
361 578 -5.0
318 678 -9.0
54 932 -6.0
203 232 -6.0
538 773 -5.0
537 961 -6.0
414 873 -3.0
535 612 -6.0
99 212 -3.0
479 624 -7.0
78 432 -8.0
277 965 -6.0
649 741 -2.0
495 574 -7.0
436 773 -9.0
491 723 -5.0
76 883 -1.0
230 759 -6.0
522 948 -5.0
399 689 -8.0
705 770 -4.0
90 308 -5.0
129 964 -2.0
66 469 -9.0
393 630 -5.0
426 754 -7.0
29 298 -9.0
74 204 -1.0
131 707 -5.0
214 680 -6.0
265 579 -10.0
88 523 -5.0
182 924 -3.0
330 396 -5.0
372 715 -6.0
142 868 -9.0
83 234 -9.0
199 937 -5.0
109 966 -4.0
273 308 -10.0
663 799 -1.0
307 1000 -1.0
703 939 -5.0
139 951 -6.0
244 926 -9.0
312 681 -5.0
350 389 -8.0
543 832 -1.0
489 685 -10.0
275 676 -10.0
168 809 -6.0
24 701 -2.0
630 842 -3.0
604 857 -7.0
872 963 -7.0
841 917 -9.0
261 432 -8.0
892 971 -7.0
163 792 -1.0
112 609 -7.0
81 749 -7.0
68 864 -6.0
264 757 -4.0
232 939 -10.0
952 970 -10.0
430 585 -7.0
502 629 -9.0
682 807 -6.0
466 517 -3.0
453 814 -8.0
387 711 -5.0
398 718 -5.0
639 792 -8.0
21 869 -6.0
553 756 -3.0
493 831 -6.0
296 939 -3.0
815 943 -4.0
646 738 -6.0
121 519 -9.0
40 265 -7.0
680 745 -5.0
262 658 -2.0
396 521 -3.0
664 759 -8.0
440 852 -5.0
154 243 -1.0
239 420 -1.0
5 171 -2.0
367 705 -2.0
241 309 -7.0
100 285 -3.0
833 906 -6.0
846 903 -6.0
369 717 -1.0
499 953 -6.0
299 405 -2.0
404 449 -2.0
396 698 -8.0
649 848 -3.0
179 841 -1.0
140 997 -1.0
679 835 -5.0
86 935 -5.0
98 906 -3.0
440 692 -4.0
250 527 -10.0
138 980 -10.0
595 941 -5.0
558 877 -6.0
120 666 -2.0
423 778 -3.0
164 175 -10.0
463 815 -6.0
594 983 -6.0
349 669 -6.0
650 924 -9.0
174 959 -5.0
279 294 -1.0
157 355 -7.0
235 603 -9.0
478 861 -1.0
651 715 -3.0
159 255 -8.0
77 686 -3.0
549 926 -7.0
194 956 -6.0
32 970 -5.0
150 211 -8.0
267 279 -2.0
181 753 -2.0
191 293 -5.0
649 780 -9.0
169 772 -5.0
176 339 -1.0
245 987 -9.0
52 692 -3.0
31 629 -8.0
63 313 -1.0
576 593 -9.0
155 279 -8.0
135 449 -1.0
300 423 -8.0
762 789 -9.0
592 835 -5.0
619 842 -5.0
94 143 -9.0
313 955 -8.0
894 933 -6.0
119 281 -1.0
21 570 -1.0
12 392 -9.0
324 683 -8.0
334 630 -8.0
385 693 -10.0
336 889 -10.0
245 674 -3.0
508 736 -5.0
250 965 -4.0
727 802 -9.0
450 927 -2.0
303 527 -4.0
444 889 -6.0
334 473 -5.0
421 723 -9.0
825 945 -1.0
195 775 -6.0
367 945 -9.0
452 915 -10.0
484 914 -3.0
802 840 -8.0
82 432 -6.0
576 772 -1.0
86 726 -2.0
80 776 -10.0
478 767 -3.0
628 745 -3.0
668 925 -1.0
396 422 -2.0
386 729 -4.0
697 750 -7.0
199 209 -3.0
162 638 -4.0
654 964 -1.0
218 588 -5.0
259 670 -7.0
731 944 -3.0
561 641 -4.0
532 779 -7.0
236 969 -6.0
93 718 -6.0
608 629 -5.0
478 921 -3.0
661 976 -3.0
199 621 -7.0
244 287 -3.0
892 983 -5.0
462 847 -3.0
766 958 -10.0
316 616 -3.0
299 763 -10.0
83 679 -2.0
64 762 -9.0
49 525 -6.0
550 794 -2.0
680 934 -9.0
687 862 -2.0
70 625 -10.0
130 604 -7.0
140 849 -3.0
339 570 -2.0
89 346 -9.0
184 308 -4.0
90 195 -7.0
678 902 -9.0
839 966 -9.0
188 868 -3.0
878 916 -5.0
180 709 -10.0
399 614 -4.0
185 474 -9.0
426 730 -8.0
495 569 -9.0
270 896 -10.0
511 690 -1.0
467 808 -2.0
657 755 -9.0
90 543 -6.0
160 937 -9.0
163 851 -10.0
294 575 -5.0
142 243 -5.0
347 473 -10.0
22 293 -9.0
459 772 -9.0
29 856 -7.0
404 983 -4.0
416 428 -5.0
12 66 -10.0
173 456 -3.0
178 567 -2.0
457 704 -10.0
127 240 -7.0
411 925 -10.0
195 976 -1.0
348 753 -1.0
107 272 -6.0
337 687 -4.0
497 580 -9.0
221 317 -8.0
479 778 -1.0
52 680 -8.0
910 985 -2.0
712 926 -1.0
139 960 -9.0
545 779 -2.0
266 919 -9.0
329 478 -7.0
123 518 -8.0
41 629 -4.0
630 646 -2.0
134 925 -5.0
322 686 -2.0
73 516 -1.0
270 567 -5.0
34 555 -4.0
708 897 -5.0
681 987 -8.0
305 485 -1.0
250 344 -2.0
535 961 -10.0
430 916 -5.0
447 982 -2.0
582 652 -9.0
97 991 -1.0
137 800 -4.0
494 757 -3.0
691 867 -10.0
563 672 -1.0
210 549 -3.0
59 501 -1.0
297 405 -10.0
122 814 -10.0
178 483 -7.0
2 520 -10.0
586 966 -9.0
568 659 -1.0
752 943 -6.0
199 865 -2.0
149 461 -1.0
3 22 -9.0
662 917 -10.0
490 803 -4.0
442 787 -9.0
512 564 -5.0
234 526 -2.0
329 582 -3.0
82 429 -4.0
434 868 -3.0
353 383 -2.0
296 406 -9.0
75 241 -4.0
132 929 -8.0
538 609 -8.0
429 536 -1.0
638 730 -7.0
532 643 -9.0
111 215 -8.0
338 691 -1.0
122 468 -5.0
517 918 -7.0
282 562 -6.0
490 687 -2.0
694 969 -5.0
241 646 -9.0
257 428 -1.0
389 684 -3.0
575 981 -10.0
91 621 -4.0
210 314 -8.0
176 378 -9.0
473 923 -10.0
245 902 -3.0
376 514 -2.0
258 632 -10.0
12 945 -9.0
204 837 -2.0
420 698 -1.0
457 701 -8.0
11 89 -2.0
57 60 -1.0
243 765 -4.0
350 763 -4.0
512 841 -7.0
118 835 -1.0
287 750 -4.0
347 772 -1.0
506 775 -5.0
468 778 -2.0
560 632 -10.0
137 811 -10.0
4 264 -5.0
80 400 -6.0
478 822 -5.0
302 747 -4.0
561 581 -9.0
141 922 -4.0
674 878 -1.0
395 741 -6.0
285 576 -3.0
147 395 -4.0
32 289 -10.0
441 932 -7.0
428 776 -10.0
300 927 -7.0
153 441 -10.0
318 725 -3.0
796 831 -10.0
218 704 -8.0
180 878 -3.0
501 743 -8.0
144 544 -4.0
440 851 -7.0
752 904 -3.0
582 925 -4.0
430 864 -2.0
268 778 -10.0
362 864 -7.0
185 484 -10.0
238 243 -8.0
703 960 -4.0
523 872 -2.0
171 841 -7.0
64 172 -5.0
501 613 -4.0
656 867 -6.0
336 500 -7.0
588 988 -1.0
129 405 -10.0
114 920 -1.0
678 858 -6.0
37 768 -6.0
320 890 -9.0
177 212 -7.0
215 995 -9.0
61 442 -1.0
158 310 -10.0
267 433 -9.0
14 232 -10.0
185 621 -6.0
360 712 -8.0
216 607 -4.0
33 842 -3.0
641 839 -9.0
166 973 -2.0
398 791 -9.0
916 976 -10.0
277 808 -4.0
812 970 -7.0
500 703 -9.0
451 770 -2.0
381 489 -8.0
200 266 -3.0
39 897 -7.0
34 639 -1.0
162 927 -10.0
550 717 -6.0
259 573 -9.0
523 938 -1.0
188 457 -2.0
72 909 -3.0
174 916 -6.0
5 540 -3.0
30 114 -4.0
523 664 -2.0
167 718 -1.0
136 570 -4.0
81 761 -9.0
601 685 -3.0
824 991 -6.0
146 433 -1.0
64 955 -6.0
116 766 -5.0
311 453 -10.0
530 853 -10.0
190 711 -7.0
641 957 -1.0
44 635 -10.0
8 531 -4.0
746 864 -9.0
391 588 -3.0
36 993 -6.0
88 298 -7.0
180 219 -2.0
403 882 -4.0
234 573 -6.0
6 193 -1.0
176 357 -7.0
417 482 -2.0
299 667 -5.0
403 614 -7.0
299 436 -8.0
830 875 -9.0
461 473 -3.0
183 285 -6.0
218 357 -6.0
458 804 -2.0
518 783 -3.0
481 557 -5.0
15 987 -10.0
24 979 -4.0
677 910 -2.0
345 469 -9.0
181 651 -9.0
884 903 -2.0
131 581 -3.0
501 820 -10.0
15 98 -3.0
284 679 -2.0
416 641 -7.0
397 489 -3.0
260 990 -7.0
161 273 -1.0
3 130 -6.0
24 71 -5.0
103 464 -2.0
775 776 -6.0
373 576 -7.0
335 649 -8.0
99 933 -4.0
565 905 -7.0
351 395 -9.0
574 576 -6.0
173 680 -3.0
3 79 -7.0
224 691 -3.0
732 739 -1.0
182 723 -8.0
291 399 -3.0
35 923 -9.0
890 920 -9.0
38 642 -6.0
64 154 -1.0
427 727 -7.0
366 550 -10.0
32 631 -3.0
291 969 -4.0
422 742 -3.0
662 809 -8.0
84 464 -3.0
210 871 -8.0
88 779 -6.0
125 752 -1.0
443 763 -7.0
421 823 -6.0
540 986 -1.0
624 898 -2.0
66 329 -7.0
622 911 -8.0
124 610 -7.0
654 759 -7.0
189 551 -8.0
204 472 -5.0
283 460 -5.0
117 449 -2.0
41 391 -8.0
192 862 -2.0
544 627 -5.0
320 995 -2.0
771 998 -10.0
439 567 -2.0
293 643 -4.0
736 830 -4.0
384 497 -6.0
336 666 -2.0
782 787 -5.0
563 590 -2.0
285 948 -7.0
302 746 -9.0
189 863 -9.0
107 737 -6.0
704 836 -7.0
102 380 -4.0
366 517 -8.0
5 964 -7.0
261 382 -1.0
45 264 -9.0
343 922 -10.0
156 603 -9.0
93 971 -3.0
219 290 -9.0
100 609 -8.0
930 958 -2.0
251 745 -7.0
449 560 -3.0
251 326 -9.0
567 666 -6.0
119 301 -9.0
48 671 -2.0
736 881 -5.0
319 785 -6.0
105 927 -7.0
610 680 -8.0
656 809 -10.0
707 864 -10.0
309 660 -10.0
453 548 -10.0
485 798 -4.0
906 989 -2.0
283 621 -1.0
131 955 -8.0
300 946 -5.0
178 501 -3.0
784 810 -2.0
349 395 -6.0
941 955 -10.0
50 792 -10.0
424 846 -4.0
514 946 -3.0
239 655 -5.0
93 904 -1.0
200 940 -10.0
210 366 -9.0
84 106 -4.0
445 452 -3.0
524 955 -10.0
600 624 -2.0
793 900 -4.0
291 697 -9.0
565 591 -4.0
646 987 -10.0
652 818 -3.0
294 360 -10.0
75 356 -6.0
191 231 -5.0
451 966 -2.0
620 830 -7.0
279 512 -6.0
328 447 -6.0
709 775 -9.0
665 768 -1.0
104 327 -6.0
655 973 -3.0
193 947 -1.0
379 534 -2.0
686 831 -7.0
119 817 -1.0
37 42 -1.0
29 134 -6.0
873 935 -5.0
503 680 -4.0
416 867 -7.0
27 673 -3.0
128 256 -7.0
139 276 -1.0
353 731 -10.0
185 219 -2.0
881 983 -4.0
336 419 -4.0
411 655 -7.0
269 784 -10.0
679 895 -6.0
755 997 -7.0
118 980 -10.0
895 924 -10.0
382 918 -2.0
272 817 -3.0
274 443 -10.0
646 789 -4.0
222 249 -2.0
499 567 -8.0
386 461 -10.0
815 820 -7.0
209 457 -6.0
242 551 -4.0
258 625 -9.0
724 832 -2.0
242 289 -9.0
17 113 -6.0
750 818 -9.0
159 844 -2.0
562 679 -10.0
203 383 -8.0
210 944 -6.0
198 402 -4.0
145 560 -7.0
437 821 -8.0
81 345 -3.0
551 974 -2.0
634 935 -10.0
567 576 -10.0
164 571 -5.0
168 749 -1.0
108 145 -1.0
65 721 -9.0
154 479 -6.0
32 592 -9.0
546 565 -9.0
369 916 -2.0
703 949 -5.0
590 780 -10.0
456 754 -4.0
1 9 -1.0
487 598 -4.0
190 269 -1.0
244 336 -2.0
357 789 -4.0
106 489 -10.0
367 954 -7.0
127 525 -5.0
255 591 -3.0
458 525 -1.0
329 830 -10.0
297 525 -3.0
667 714 -2.0
264 567 -8.0
482 532 -5.0
587 886 -4.0
176 417 -6.0
215 819 -2.0
353 893 -6.0
212 427 -4.0
442 761 -10.0
425 639 -2.0
49 501 -8.0
270 291 -5.0
94 477 -1.0
429 525 -8.0
806 828 -8.0
789 980 -5.0
155 893 -6.0
269 712 -9.0
551 696 -10.0
628 932 -10.0
415 875 -6.0
510 804 -4.0
598 835 -4.0
667 959 -5.0
622 726 -4.0
250 419 -2.0
376 790 -2.0
511 959 -2.0
58 805 -3.0
251 434 -9.0
229 583 -1.0
678 912 -6.0
603 989 -5.0
30 60 -4.0
414 762 -3.0
493 913 -9.0
40 415 -6.0
216 656 -2.0
292 803 -9.0
139 538 -2.0
524 682 -2.0
663 773 -10.0
322 955 -7.0
236 511 -4.0
455 824 -8.0
25 509 -9.0
118 899 -4.0
202 916 -5.0
339 647 -8.0
282 314 -7.0
180 778 -7.0
574 910 -5.0
31 180 -8.0
155 698 -5.0
744 761 -10.0
292 621 -2.0
812 848 -2.0
458 760 -2.0
538 710 -6.0
447 537 -4.0
555 802 -8.0
329 579 -8.0
634 917 -6.0
651 973 -1.0
218 625 -5.0
166 530 -6.0
150 502 -2.0
563 889 -4.0
148 776 -1.0
285 985 -4.0
198 557 -8.0
12 688 -2.0
202 829 -1.0
470 679 -1.0
19 519 -10.0
327 981 -9.0
574 947 -10.0
412 432 -1.0
352 389 -8.0
136 201 -9.0
545 891 -6.0
108 772 -9.0
302 315 -7.0
8 232 -10.0
723 837 -5.0
112 198 -10.0
239 963 -2.0
455 951 -4.0
408 935 -6.0
311 632 -5.0
298 683 -8.0
306 814 -9.0
81 578 -7.0
708 869 -7.0
656 821 -10.0
529 654 -10.0
548 806 -2.0
674 767 -3.0
163 612 -5.0
222 833 -10.0
498 517 -1.0
574 876 -5.0
254 298 -4.0
279 354 -1.0
440 812 -9.0
59 729 -6.0
914 967 -2.0
191 535 -8.0
101 368 -10.0
336 940 -2.0
455 622 -10.0
363 378 -7.0
403 969 -8.0
255 408 -10.0
278 471 -5.0
518 536 -10.0
266 782 -9.0
437 852 -7.0
537 894 -4.0
83 366 -10.0
639 646 -9.0
252 861 -10.0
89 817 -6.0
112 447 -6.0
396 869 -4.0
398 444 -9.0
176 594 -2.0
210 232 -10.0
346 655 -8.0
155 619 -2.0
290 757 -4.0
6 710 -4.0
944 949 -5.0
772 963 -10.0
337 650 -6.0
45 305 -8.0
36 980 -1.0
475 870 -8.0
229 504 -2.0
34 603 -7.0
845 875 -6.0
875 951 -7.0
458 736 -10.0
149 502 -8.0
115 740 -3.0
15 595 -3.0
145 745 -9.0
593 834 -5.0
202 817 -2.0
60 559 -6.0
410 595 -2.0
250 747 -6.0
207 918 -4.0
95 278 -7.0
76 114 -9.0
417 470 -1.0
147 964 -5.0
320 373 -7.0
224 744 -3.0
138 835 -6.0
439 648 -6.0
684 908 -1.0
318 973 -9.0
329 597 -8.0
910 925 -4.0
508 542 -5.0
292 409 -3.0
140 547 -8.0
113 115 -7.0
307 997 -10.0
306 510 -8.0
224 953 -3.0
312 690 -9.0
81 735 -5.0
113 379 -2.0
797 950 -7.0
47 554 -6.0
418 517 -9.0
510 903 -6.0
498 762 -2.0
575 740 -5.0
155 676 -3.0
392 445 -6.0
162 205 -8.0
551 942 -5.0
887 991 -5.0
110 493 -4.0
17 830 -9.0
495 752 -1.0
25 923 -5.0
461 788 -1.0
132 672 -3.0
634 893 -5.0
170 211 -3.0
258 778 -8.0
4 532 -9.0
340 417 -9.0
369 580 -6.0
699 846 -3.0
130 357 -8.0
254 807 -3.0
196 256 -5.0
93 129 -2.0
142 823 -10.0
372 444 -2.0
112 755 -8.0
390 465 -7.0
76 992 -9.0
196 561 -7.0
259 791 -10.0
478 622 -9.0
584 684 -10.0
217 497 -10.0
204 398 -6.0
164 652 -3.0
19 520 -3.0
346 869 -3.0
429 665 -4.0
448 569 -9.0
628 899 -1.0
559 861 -1.0
473 834 -5.0
345 358 -3.0
49 265 -7.0
263 634 -9.0
265 591 -4.0
491 706 -7.0
100 829 -10.0
159 468 -9.0
146 754 -1.0
476 817 -2.0
200 452 -1.0
662 767 -8.0
157 692 -8.0
657 802 -6.0
528 557 -10.0
342 869 -5.0
18 827 -9.0
16 655 -4.0
260 600 -4.0
447 808 -4.0
193 552 -10.0
162 622 -3.0
351 427 -10.0
300 851 -5.0
426 936 -4.0
35 170 -8.0
5 456 -7.0
773 845 -8.0
277 566 -10.0
497 970 -4.0
47 684 -4.0
68 837 -3.0
152 454 -4.0
591 970 -2.0
23 749 -2.0
232 678 -8.0
327 609 -3.0
99 630 -2.0
54 650 -7.0
639 988 -4.0
49 939 -3.0
135 423 -2.0
83 474 -10.0
666 759 -2.0
256 960 -7.0
589 758 -10.0
524 824 -8.0
696 834 -6.0
423 592 -3.0
63 976 -1.0
80 352 -6.0
199 909 -7.0
283 884 -9.0
77 984 -4.0
286 586 -1.0
711 727 -4.0
517 852 -2.0
492 871 -9.0
690 741 -7.0
701 921 -1.0
146 347 -6.0
112 228 -3.0
328 808 -4.0
131 981 -3.0
95 831 -8.0
524 820 -1.0
302 993 -7.0
477 928 -4.0
375 461 -7.0
171 471 -8.0
266 822 -3.0
399 802 -4.0
220 295 -10.0
576 792 -2.0
2 962 -2.0
6 33 -8.0
100 198 -5.0
479 947 -8.0
609 665 -9.0
423 448 -8.0
158 169 -8.0
155 217 -10.0
154 639 -8.0
324 872 -9.0
3 699 -9.0
559 828 -7.0
610 755 -9.0
434 848 -4.0
634 659 -7.0
81 674 -1.0
780 857 -10.0
480 860 -7.0
132 966 -1.0
367 555 -9.0
419 658 -1.0
308 533 -2.0
407 675 -9.0
877 883 -7.0
570 786 -1.0
8 228 -9.0
91 870 -8.0
425 457 -8.0
146 199 -3.0
152 537 -2.0
532 896 -7.0
121 823 -7.0
536 766 -7.0
89 418 -6.0
80 971 -5.0
270 668 -9.0
192 994 -9.0
667 780 -3.0
245 488 -2.0
272 807 -1.0
141 755 -9.0
9 737 -4.0
56 390 -7.0
152 503 -4.0
328 347 -7.0
872 956 -8.0
297 463 -1.0
22 811 -5.0
553 950 -6.0
87 984 -8.0
99 456 -6.0
68 199 -3.0
702 998 -1.0
335 469 -6.0
75 469 -10.0
239 916 -3.0
198 934 -7.0
45 123 -6.0
182 531 -2.0
389 846 -10.0
37 723 -8.0
143 796 -9.0
374 379 -3.0
386 440 -4.0
817 850 -3.0
188 923 -7.0
509 678 -7.0
68 319 -7.0
50 81 -9.0
66 570 -8.0
20 879 -1.0
481 830 -4.0
44 106 -2.0
361 898 -6.0
62 817 -5.0
401 819 -10.0
168 668 -2.0
672 791 -5.0
292 951 -8.0
791 891 -1.0
332 912 -2.0
430 855 -8.0
172 177 -4.0
209 897 -4.0
451 540 -6.0
94 522 -1.0
15 797 -3.0
37 514 -4.0
268 678 -9.0
527 543 -6.0
210 603 -6.0
253 764 -4.0
132 616 -10.0
1 947 -9.0
262 571 -8.0
349 742 -4.0
293 688 -10.0
441 821 -6.0
40 151 -3.0
378 476 -2.0
173 652 -6.0
38 434 -10.0
36 633 -2.0
60 497 -8.0
75 921 -6.0
536 834 -7.0
508 636 -5.0
75 399 -1.0
173 595 -1.0
91 442 -6.0
252 548 -6.0
306 448 -6.0
250 579 -9.0
366 578 -4.0
303 692 -1.0
235 301 -2.0
50 455 -1.0
103 728 -3.0
125 982 -3.0
395 526 -4.0
189 506 -7.0
446 678 -10.0
35 625 -10.0
283 450 -10.0
505 524 -3.0
246 503 -7.0
462 899 -4.0
381 718 -1.0
67 537 -10.0
316 317 -9.0
798 843 -7.0
52 595 -6.0
776 797 -9.0
265 524 -3.0
177 345 -7.0
440 887 -1.0
646 726 -9.0
183 711 -10.0
715 744 -2.0
334 794 -10.0
319 972 -6.0
261 285 -4.0
359 787 -1.0
363 574 -2.0
73 659 -4.0
309 962 -4.0
397 611 -8.0
235 474 -9.0
158 874 -4.0
295 421 -1.0
9 964 -10.0
244 418 -1.0
148 597 -2.0
264 557 -5.0
8 273 -7.0
32 98 -2.0
740 913 -2.0
10 28 -9.0
499 864 -9.0
111 213 -5.0
680 995 -4.0
31 343 -9.0
542 896 -4.0
224 569 -6.0
519 963 -4.0
195 965 -10.0
369 628 -3.0
282 313 -2.0
49 356 -8.0
20 817 -3.0
346 838 -6.0
206 748 -6.0
144 328 -5.0
147 816 -9.0
83 927 -3.0
239 455 -3.0
277 430 -9.0
120 637 -5.0
237 387 -7.0
300 1000 -5.0
151 607 -7.0
130 594 -1.0
104 243 -4.0
517 522 -7.0
152 375 -1.0
610 655 -4.0
346 379 -9.0
479 710 -5.0
104 299 -10.0
112 660 -6.0
182 272 -6.0
48 337 -5.0
78 272 -6.0
110 381 -7.0
213 341 -7.0
100 435 -1.0
815 961 -1.0
161 745 -6.0
157 401 -8.0
285 710 -7.0
335 636 -10.0
32 144 -4.0
530 654 -10.0
439 527 -9.0
556 894 -10.0
410 739 -3.0
662 882 -2.0
70 730 -4.0
383 438 -3.0
497 789 -10.0
210 283 -4.0
381 857 -7.0
473 777 -1.0
198 242 -8.0
88 928 -4.0
654 778 -3.0
532 771 -8.0
115 202 -4.0
112 909 -6.0
4 927 -9.0
377 716 -2.0
371 631 -4.0
38 760 -3.0
412 893 -1.0
139 891 -1.0
431 787 -2.0
689 972 -8.0
133 354 -3.0
111 976 -7.0
745 980 -4.0
139 412 -8.0
157 995 -10.0
346 376 -1.0
130 298 -8.0
133 532 -9.0
602 647 -10.0
430 795 -3.0
859 909 -1.0
476 558 -1.0
42 811 -10.0
583 884 -3.0
593 595 -7.0
327 396 -7.0
195 649 -1.0
456 963 -4.0
22 488 -10.0
59 515 -2.0
858 910 -5.0
321 590 -2.0
293 857 -6.0
137 186 -3.0
65 131 -4.0
27 419 -3.0
274 758 -9.0
88 280 -3.0
445 986 -1.0
380 685 -1.0
222 580 -10.0
750 828 -8.0
262 549 -9.0
548 680 -9.0
697 906 -7.0
203 732 -1.0
559 673 -4.0
560 867 -3.0
19 839 -9.0
62 267 -6.0
457 757 -6.0
150 304 -3.0
53 702 -8.0
138 372 -8.0
307 582 -6.0
562 990 -10.0
241 977 -8.0
390 674 -10.0
347 922 -1.0
90 279 -3.0
571 914 -10.0
420 433 -1.0
274 777 -1.0
311 513 -9.0
373 565 -1.0
897 984 -7.0
301 448 -9.0
184 816 -9.0
210 737 -6.0
345 831 -9.0
81 769 -6.0
204 749 -4.0
143 476 -7.0
792 882 -7.0
697 815 -7.0
114 363 -5.0
62 942 -7.0
43 784 -1.0
137 429 -3.0
213 636 -1.0
739 805 -2.0
130 597 -7.0
176 648 -10.0
122 244 -7.0
230 305 -1.0
743 874 -2.0
122 269 -6.0
372 679 -2.0
780 861 -8.0
555 963 -6.0
362 471 -3.0
675 760 -8.0
262 840 -9.0
196 514 -6.0
369 602 -3.0
141 304 -7.0
700 831 -1.0
132 217 -8.0
137 384 -10.0
173 190 -2.0
7 353 -8.0
198 752 -2.0
175 691 -4.0
224 596 -10.0
8 948 -6.0
654 788 -7.0
570 836 -6.0
645 885 -5.0
184 366 -8.0
409 454 -5.0
194 553 -10.0
122 161 -7.0
712 732 -10.0
146 532 -3.0
669 681 -7.0
388 437 -9.0
381 562 -8.0
204 585 -10.0
124 748 -9.0
446 949 -9.0
37 926 -10.0
499 582 -3.0
814 911 -1.0
120 780 -5.0
533 740 -8.0
531 771 -2.0
510 577 -5.0
469 784 -2.0
14 635 -4.0
37 274 -8.0
417 901 -4.0
167 358 -4.0
271 726 -5.0
458 660 -1.0
379 410 -5.0
92 392 -10.0
517 741 -4.0
501 983 -7.0
109 445 -10.0
57 558 -7.0
231 327 -6.0
113 863 -8.0
729 806 -4.0
439 508 -7.0
413 463 -10.0
51 482 -8.0
443 987 -5.0
651 824 -7.0
481 552 -3.0
749 829 -1.0
210 532 -2.0
32 348 -4.0
381 676 -9.0
264 926 -5.0
101 146 -1.0
313 348 -6.0
520 677 -3.0
29 555 -6.0
464 991 -3.0
243 322 -1.0
86 380 -6.0
198 338 -8.0
337 601 -6.0
36 768 -3.0
472 590 -1.0
671 866 -10.0
63 171 -8.0
109 512 -7.0
133 509 -9.0
3 923 -8.0
717 951 -6.0
584 629 -8.0
553 962 -9.0
16 860 -9.0
305 341 -1.0
141 567 -9.0
829 854 -1.0
388 457 -8.0
1 739 -7.0
234 365 -4.0
493 873 -9.0
21 519 -9.0
474 597 -6.0
159 514 -4.0
132 721 -7.0
43 306 -6.0
809 955 -9.0
370 749 -8.0
692 695 -1.0
85 618 -8.0
572 938 -5.0
497 592 -1.0
104 575 -2.0
15 583 -1.0
222 393 -5.0
693 951 -10.0
565 773 -7.0
377 754 -9.0
60 563 -9.0
292 845 -5.0
238 322 -5.0
116 227 -9.0
360 574 -7.0
493 543 -5.0
659 935 -2.0
398 830 -2.0
70 298 -2.0
586 592 -5.0
269 563 -2.0
572 748 -9.0
331 497 -7.0
506 839 -3.0
447 949 -2.0
758 776 -9.0
268 423 -9.0
117 203 -6.0
47 534 -7.0
119 603 -5.0
497 916 -6.0
664 762 -6.0
803 881 -9.0
119 184 -7.0
650 659 -6.0
185 226 -4.0
444 789 -4.0
541 740 -5.0
351 665 -7.0
555 779 -1.0
146 240 -8.0
188 684 -5.0
644 776 -3.0
698 939 -8.0
193 431 -7.0
49 915 -4.0
153 756 -10.0
590 997 -10.0
65 947 -10.0
422 718 -5.0
98 644 -1.0
225 912 -5.0
417 439 -6.0
647 873 -3.0
97 983 -5.0
305 654 -6.0
263 782 -6.0
413 648 -4.0
238 548 -8.0
86 461 -3.0
6 662 -8.0
200 478 -5.0
277 665 -8.0
395 903 -3.0
255 358 -8.0
73 727 -3.0
977 978 -2.0
305 893 -4.0
167 301 -7.0
91 816 -3.0
637 673 -5.0
185 865 -8.0
680 948 -10.0
588 721 -3.0
472 496 -5.0
258 290 -5.0
258 424 -1.0
492 599 -9.0
179 186 -10.0
376 764 -6.0
526 539 -7.0
480 822 -2.0
588 620 -6.0
364 370 -7.0
749 890 -6.0
286 977 -7.0
140 873 -2.0
483 526 -3.0
516 554 -1.0
308 966 -7.0
171 396 -6.0
337 440 -9.0
332 620 -7.0
304 353 -10.0
673 823 -5.0
138 882 -3.0
714 846 -9.0
703 913 -10.0
439 773 -2.0
241 361 -7.0
298 745 -1.0
27 32 -7.0
125 171 -6.0
223 228 -7.0
602 645 -9.0
323 952 -7.0
169 327 -5.0
185 267 -1.0
726 784 -9.0
322 877 -3.0
939 971 -10.0
13 219 -2.0
361 392 -2.0
30 77 -3.0
1 307 -7.0
720 838 -4.0
440 511 -5.0
382 675 -4.0
37 762 -4.0
481 563 -1.0
484 872 -6.0
423 965 -7.0
254 833 -8.0
420 804 -7.0
806 850 -7.0
215 947 -8.0
58 650 -9.0
452 813 -3.0
44 631 -4.0
138 200 -5.0
299 577 -8.0
540 904 -7.0
487 836 -6.0
633 967 -2.0
376 441 -8.0
625 677 -9.0
104 958 -2.0
553 958 -1.0
95 311 -5.0
522 838 -5.0
51 747 -2.0
370 431 -8.0
608 797 -2.0
65 785 -8.0
245 381 -7.0
270 994 -9.0
158 483 -7.0
442 990 -1.0
80 558 -8.0
812 981 -10.0
232 785 -3.0
93 520 -4.0
540 556 -9.0
424 561 -6.0
633 664 -4.0
80 629 -1.0
63 643 -6.0
344 834 -10.0
278 496 -3.0
74 989 -1.0
47 574 -10.0
423 869 -1.0
133 206 -4.0
336 387 -8.0
438 587 -4.0
445 848 -8.0
254 531 -2.0
880 997 -10.0
440 817 -1.0
368 401 -2.0
423 657 -3.0
778 944 -3.0
318 692 -6.0
123 783 -2.0
8 264 -5.0
60 652 -7.0
237 976 -6.0
387 793 -6.0
486 904 -5.0
304 398 -8.0
379 583 -6.0
61 967 -4.0
84 339 -7.0
642 918 -5.0
223 780 -3.0
369 649 -3.0
407 623 -7.0
84 350 -5.0
465 824 -1.0
324 454 -1.0
845 929 -5.0
13 920 -6.0
438 741 -3.0
481 589 -6.0
162 320 -4.0
5 856 -7.0
208 806 -5.0
44 694 -1.0
325 835 -6.0
181 350 -7.0
163 286 -4.0
663 997 -2.0
215 594 -4.0
115 734 -10.0
264 521 -6.0
426 591 -10.0
635 751 -2.0
431 860 -10.0
772 801 -5.0
659 681 -3.0
242 769 -8.0
378 605 -3.0
142 912 -2.0
558 990 -3.0
207 881 -5.0
94 502 -1.0
378 728 -8.0
162 539 -9.0
258 540 -7.0
410 455 -2.0
686 695 -7.0
30 768 -5.0
260 676 -1.0
392 806 -10.0
100 796 -6.0
317 901 -9.0
193 703 -6.0
462 986 -2.0
484 880 -4.0
490 948 -9.0
142 266 -1.0
281 622 -8.0
435 687 -10.0
474 883 -8.0
90 585 -8.0
236 594 -5.0
60 797 -3.0
136 211 -10.0
242 508 -9.0
389 686 -6.0
451 461 -1.0
577 738 -10.0
681 890 -9.0
634 875 -9.0
73 556 -3.0
187 699 -9.0
730 879 -2.0
728 809 -3.0
343 514 -1.0
358 509 -9.0
113 296 -9.0
244 876 -3.0
326 592 -9.0
409 797 -5.0
148 985 -3.0
676 690 -10.0
77 815 -2.0
576 618 -8.0
702 945 -8.0
252 366 -5.0
175 207 -2.0
142 168 -10.0
292 968 -5.0
273 797 -2.0
175 655 -4.0
352 603 -4.0
313 473 -5.0
218 827 -6.0
298 785 -3.0
212 933 -6.0
503 506 -5.0
12 265 -5.0
77 610 -8.0
128 265 -8.0
222 371 -9.0
566 579 -2.0
19 127 -2.0
286 918 -3.0
25 626 -7.0
622 655 -8.0
334 909 -7.0
886 898 -2.0
66 439 -10.0
106 916 -3.0
396 637 -2.0
214 451 -7.0
456 995 -9.0
426 938 -9.0
212 918 -4.0
461 774 -4.0
502 722 -8.0
146 176 -10.0
83 907 -9.0
418 445 -9.0
499 709 -6.0
146 295 -7.0
268 675 -10.0
366 539 -2.0
382 580 -6.0
339 963 -7.0
38 219 -7.0
81 429 -4.0
94 832 -2.0
303 641 -2.0
292 584 -6.0
201 807 -6.0
398 975 -8.0
838 959 -7.0
329 744 -3.0
650 681 -6.0
707 959 -3.0
123 914 -9.0
136 810 -3.0
756 965 -4.0
142 614 -10.0
307 446 -4.0
586 695 -6.0
67 78 -9.0
187 772 -7.0
645 667 -5.0
76 332 -4.0
311 974 -8.0
425 447 -8.0
82 817 -4.0
702 740 -4.0
374 478 -6.0
133 151 -1.0
403 431 -5.0
496 907 -5.0
813 856 -1.0
24 184 -9.0
892 942 -10.0
297 543 -7.0
582 798 -5.0
392 462 -1.0
262 363 -10.0
228 944 -5.0
631 933 -8.0
106 688 -2.0
662 883 -3.0
362 412 -2.0
520 671 -4.0
182 851 -3.0
76 340 -3.0
540 740 -5.0
649 1000 -1.0
288 824 -8.0
683 936 -8.0
439 483 -7.0
716 946 -5.0
286 901 -7.0
831 845 -4.0
286 293 -1.0
533 579 -1.0
382 557 -9.0
537 748 -9.0
256 293 -3.0
28 34 -2.0
119 351 -1.0
199 748 -7.0
163 576 -2.0
78 257 -4.0
16 56 -3.0
433 638 -4.0
55 592 -1.0
55 74 -7.0
473 947 -5.0
326 533 -9.0
290 977 -10.0
565 628 -5.0
201 396 -7.0
351 694 -3.0
589 709 -5.0
310 335 -4.0
819 868 -4.0
534 935 -7.0
374 524 -1.0
104 883 -2.0
446 644 -1.0
461 539 -4.0
164 327 -6.0
917 999 -3.0
36 45 -2.0
291 866 -1.0
373 393 -3.0
464 784 -9.0
367 815 -8.0
359 893 -2.0
671 818 -10.0
470 524 -1.0
457 786 -5.0
220 375 -6.0
265 372 -8.0
561 758 -9.0
327 746 -7.0
51 243 -3.0
247 980 -9.0
851 898 -1.0
442 951 -3.0
140 296 -7.0
193 770 -2.0
190 818 -9.0
58 350 -8.0
864 928 -2.0
302 437 -1.0
344 405 -6.0
480 943 -8.0
352 865 -5.0
216 507 -8.0
360 564 -2.0
114 154 -3.0
503 848 -9.0
29 66 -6.0
37 853 -3.0
3 488 -9.0
377 601 -2.0
336 809 -4.0
45 653 -7.0
318 997 -5.0
116 534 -8.0
279 927 -2.0
184 705 -8.0
64 263 -1.0
360 905 -2.0
386 928 -10.0
600 792 -5.0
145 983 -5.0
21 404 -10.0
848 934 -4.0
59 546 -7.0
374 854 -1.0
109 718 -3.0
160 510 -5.0
277 779 -7.0
259 502 -4.0
495 554 -1.0
7 59 -2.0
597 823 -8.0
892 961 -10.0
610 975 -10.0
717 811 -4.0
93 143 -2.0
100 520 -9.0
330 354 -3.0
456 821 -1.0
125 877 -8.0
221 450 -5.0
5 272 -1.0
604 794 -8.0
241 912 -8.0
286 991 -9.0
894 966 -4.0
350 790 -10.0
129 766 -1.0
109 557 -8.0
794 811 -7.0
315 665 -8.0
376 571 -8.0
345 718 -8.0
308 863 -4.0
443 499 -3.0
22 888 -9.0
831 890 -6.0
14 731 -8.0
57 339 -7.0
729 737 -5.0
93 422 -4.0
620 868 -8.0
105 878 -5.0
620 820 -8.0
161 735 -1.0
380 924 -6.0
158 604 -3.0
757 851 -7.0
130 960 -8.0
104 997 -9.0
58 911 -10.0
260 407 -8.0
226 357 -2.0
129 273 -6.0
319 420 -1.0
255 840 -7.0
647 853 -10.0
197 718 -4.0
33 390 -10.0
131 898 -7.0
219 403 -7.0
241 906 -8.0
21 731 -8.0
226 840 -3.0
573 606 -1.0
407 703 -8.0
54 565 -2.0
86 173 -5.0
176 346 -5.0
751 870 -4.0
56 177 -6.0
435 580 -8.0
868 977 -2.0
323 788 -5.0
261 623 -7.0
375 550 -7.0
589 749 -4.0
267 755 -6.0
275 788 -9.0
421 697 -10.0
665 805 -1.0
141 355 -7.0
161 321 -1.0
264 484 -6.0
56 689 -4.0
236 580 -9.0
871 921 -9.0
174 836 -9.0
21 183 -6.0
285 345 -5.0
776 836 -8.0
159 211 -5.0
388 562 -4.0
217 424 -5.0
409 911 -5.0
203 446 -8.0
451 824 -9.0
125 253 -10.0
105 388 -8.0
384 561 -7.0
371 674 -9.0
185 585 -6.0
714 788 -8.0
805 832 -7.0
146 231 -3.0
571 685 -2.0
140 387 -8.0
455 581 -6.0
492 854 -1.0
40 941 -3.0
238 652 -9.0
736 787 -7.0
293 465 -9.0
151 832 -4.0
524 986 -5.0
16 296 -4.0
946 1000 -6.0
636 968 -6.0
480 772 -10.0
72 671 -1.0
404 495 -9.0
448 684 -6.0
170 730 -8.0
436 765 -5.0
767 931 -7.0
356 946 -2.0
117 962 -10.0
137 403 -1.0
815 960 -3.0
112 637 -1.0
339 971 -7.0
270 659 -2.0
188 341 -4.0
240 826 -2.0
363 595 -4.0
613 675 -4.0
73 837 -7.0
261 524 -2.0
11 84 -3.0
502 924 -5.0
674 901 -10.0
765 809 -3.0
376 550 -2.0
643 917 -2.0
444 682 -10.0
206 732 -1.0
578 673 -1.0
90 858 -8.0
129 764 -8.0
18 826 -4.0
120 494 -2.0
311 402 -6.0
679 966 -10.0
294 370 -8.0
5 585 -7.0
133 745 -10.0
695 825 -3.0
396 722 -1.0
380 743 -4.0
81 197 -4.0
207 711 -3.0
299 625 -5.0
134 138 -5.0
133 971 -1.0
155 670 -4.0
170 801 -5.0
277 547 -2.0
77 530 -3.0
24 889 -3.0
520 915 -7.0
121 639 -10.0
387 623 -5.0
576 933 -7.0
166 722 -1.0
329 380 -9.0
419 490 -4.0
305 759 -1.0
536 667 -7.0
922 964 -7.0
187 955 -6.0
373 747 -7.0
131 683 -10.0
466 587 -7.0
585 820 -1.0
434 641 -7.0
46 202 -4.0
823 900 -6.0
605 853 -2.0
211 348 -9.0
266 970 -3.0
331 730 -4.0
194 376 -1.0
501 917 -1.0
521 638 -10.0
37 967 -4.0
589 787 -3.0
460 688 -7.0
361 799 -8.0
428 491 -1.0
437 625 -6.0
583 874 -2.0
810 814 -1.0
56 376 -2.0
14 428 -4.0
352 738 -4.0
260 469 -9.0
724 992 -3.0
431 501 -10.0
70 899 -8.0
747 951 -1.0
760 882 -5.0
734 820 -6.0
133 303 -2.0
195 263 -8.0
648 859 -5.0
166 708 -6.0
206 751 -10.0
211 798 -10.0
118 155 -7.0
176 991 -6.0
364 767 -5.0
94 365 -2.0
740 866 -9.0
32 883 -8.0
626 840 -3.0
82 481 -3.0
250 856 -5.0
706 859 -5.0
586 720 -9.0
613 669 -7.0
438 885 -10.0
598 616 -4.0
69 145 -8.0
591 796 -3.0
78 97 -3.0
475 909 -6.0
339 549 -8.0
495 825 -6.0
264 978 -8.0
584 658 -4.0
731 981 -4.0
154 685 -10.0
188 834 -5.0
90 416 -9.0
434 446 -6.0
92 765 -7.0
790 873 -6.0
953 970 -9.0
93 289 -2.0
226 384 -5.0
364 982 -3.0
499 833 -5.0
562 943 -2.0
729 750 -6.0
183 779 -8.0
48 237 -2.0
4 530 -8.0
99 916 -6.0
318 540 -8.0
184 497 -1.0
222 502 -2.0
96 948 -2.0
516 757 -3.0
32 735 -8.0
339 841 -3.0
9 850 -6.0
204 354 -3.0
341 537 -10.0
96 396 -9.0
400 876 -7.0
820 980 -6.0
696 743 -6.0
655 981 -2.0
522 662 -6.0
295 604 -7.0
429 814 -7.0
204 389 -9.0
216 400 -8.0
48 673 -10.0
327 486 -2.0
7 464 -8.0
444 992 -7.0
188 273 -8.0
295 611 -9.0
445 932 -10.0
109 592 -1.0
28 558 -7.0
24 356 -6.0
289 409 -4.0
190 339 -8.0
9 291 -8.0
373 380 -7.0
266 962 -2.0
206 592 -4.0
482 623 -8.0
322 856 -2.0
657 768 -2.0
79 851 -1.0
117 588 -6.0
785 907 -5.0
157 886 -3.0
147 887 -8.0
177 876 -4.0
263 597 -10.0
373 612 -8.0
311 918 -9.0
130 213 -6.0
714 747 -6.0
356 845 -2.0
499 965 -7.0
133 574 -4.0
8 626 -5.0
75 109 -6.0
342 455 -1.0
836 983 -1.0
23 954 -9.0
692 770 -8.0
86 968 -10.0
209 427 -10.0
293 920 -8.0
777 838 -6.0
373 608 -1.0
581 827 -3.0
855 970 -1.0
372 613 -1.0
522 855 -8.0
191 585 -3.0
455 764 -10.0
441 654 -3.0
308 629 -4.0
398 903 -1.0
329 415 -3.0
424 621 -4.0
326 345 -3.0
426 530 -3.0
785 889 -5.0
93 163 -7.0
127 304 -7.0
411 922 -2.0
201 802 -9.0
423 606 -6.0
748 955 -5.0
413 862 -5.0
179 747 -7.0
428 544 -2.0
97 770 -8.0
631 784 -6.0
593 705 -9.0
809 958 -2.0
268 707 -8.0
43 702 -9.0
20 64 -4.0
313 483 -6.0
264 942 -5.0
253 393 -2.0
39 108 -1.0
303 978 -10.0
75 539 -3.0
209 563 -7.0
247 471 -3.0
494 999 -9.0
97 888 -10.0
166 539 -1.0
48 650 -2.0
408 713 -2.0
212 691 -4.0
403 946 -2.0
624 836 -10.0
314 653 -4.0
416 542 -3.0
407 468 -3.0
361 408 -1.0
723 999 -6.0
614 708 -5.0
648 945 -10.0
85 769 -1.0
97 233 -3.0
197 592 -7.0
483 801 -1.0
245 559 -6.0
360 946 -9.0
182 786 -5.0
357 912 -7.0
248 955 -10.0
236 504 -3.0
275 777 -5.0
709 953 -2.0
590 1000 -7.0
24 466 -6.0
3 447 -1.0
387 723 -8.0
445 793 -7.0
436 932 -2.0
137 394 -5.0
52 706 -8.0
753 927 -5.0
195 881 -1.0
530 605 -10.0
132 908 -10.0
270 437 -2.0
992 993 -10.0
1 416 -3.0
420 727 -9.0
734 969 -3.0
54 244 -9.0
78 238 -8.0
653 984 -3.0
131 723 -4.0
506 631 -2.0
323 392 -7.0
938 965 -1.0
15 240 -4.0
55 623 -2.0
681 839 -6.0
276 443 -6.0
270 383 -3.0
272 766 -4.0
294 409 -8.0
379 502 -6.0
771 966 -1.0
458 891 -1.0
445 918 -7.0
172 805 -10.0
398 851 -6.0
719 792 -1.0
323 961 -6.0
409 600 -4.0
763 963 -4.0
607 908 -5.0
554 849 -8.0
175 353 -8.0
239 534 -10.0
314 933 -10.0
498 951 -8.0
491 734 -6.0
165 610 -7.0
175 862 -8.0
670 947 -10.0
285 480 -2.0
584 764 -7.0
705 875 -2.0
13 844 -8.0
501 719 -8.0
34 247 -3.0
645 962 -4.0
234 744 -2.0
513 758 -6.0
251 809 -3.0
318 731 -6.0
511 962 -8.0
250 924 -3.0
38 772 -5.0
721 868 -7.0
415 588 -5.0
198 395 -2.0
406 411 -9.0
740 968 -10.0
357 615 -8.0
729 909 -6.0
47 478 -9.0
157 400 -4.0
634 665 -4.0
262 698 -7.0
503 653 -4.0
433 880 -5.0
632 923 -9.0
372 614 -7.0
51 900 -7.0
473 944 -10.0
323 941 -3.0
760 919 -3.0
777 923 -1.0
181 518 -5.0
217 585 -6.0
165 376 -7.0
73 653 -8.0
578 944 -10.0
385 427 -5.0
530 602 -3.0
836 958 -8.0
481 760 -2.0
368 760 -1.0
235 907 -4.0
765 986 -6.0
559 991 -4.0
221 458 -5.0
767 873 -5.0
218 611 -10.0
2 572 -9.0
239 301 -2.0
64 696 -2.0
415 962 -6.0
93 359 -8.0
102 661 -6.0
443 584 -5.0
668 815 -4.0
404 924 -1.0
468 773 -4.0
425 499 -3.0
49 537 -8.0
452 609 -5.0
473 512 -9.0
375 811 -2.0
178 301 -1.0
394 402 -1.0
454 938 -4.0
619 788 -10.0
846 944 -3.0
546 807 -5.0
166 419 -4.0
218 394 -8.0
172 255 -5.0
377 638 -8.0
421 501 -4.0
51 141 -2.0
168 985 -2.0
81 976 -8.0
606 768 -6.0
218 935 -2.0
640 833 -10.0
313 581 -6.0
607 897 -3.0
876 937 -1.0
181 825 -9.0
230 631 -10.0
766 891 -9.0
583 760 -7.0
175 971 -10.0
454 558 -3.0
360 590 -2.0
10 247 -7.0
607 746 -6.0
421 874 -9.0
751 790 -8.0
261 699 -3.0
265 323 -5.0
458 925 -4.0
414 894 -9.0
111 490 -1.0
110 121 -5.0
216 526 -4.0
739 839 -8.0
192 552 -6.0
259 393 -9.0
163 195 -1.0
301 626 -4.0
309 721 -9.0
83 566 -8.0
580 723 -7.0
260 725 -4.0
655 867 -6.0
475 857 -4.0
555 694 -1.0
380 534 -5.0
65 94 -9.0
342 879 -1.0
28 613 -8.0
357 839 -10.0
83 449 -3.0
460 899 -4.0
224 421 -2.0
44 704 -2.0
367 687 -9.0
351 825 -1.0
95 884 -10.0
310 450 -1.0
141 392 -1.0
234 769 -3.0
206 559 -3.0
307 939 -3.0
494 543 -3.0
28 506 -10.0
158 209 -10.0
600 653 -8.0
210 214 -5.0
82 821 -9.0
165 991 -9.0
620 714 -2.0
201 755 -8.0
349 396 -5.0
251 763 -7.0
342 772 -1.0
552 926 -7.0
586 888 -1.0
267 739 -6.0
507 518 -4.0
291 319 -4.0
213 548 -9.0
287 776 -5.0
252 502 -3.0
5 932 -6.0
627 963 -1.0
384 437 -10.0
34 897 -5.0
146 840 -10.0
5 308 -3.0
180 652 -10.0
193 724 -7.0
320 329 -9.0
129 858 -10.0
591 814 -10.0
241 694 -5.0
22 351 -5.0
447 615 -3.0
318 791 -4.0
627 671 -2.0
37 939 -1.0
98 481 -9.0
327 661 -10.0
126 327 -2.0
258 416 -9.0
512 572 -6.0
597 852 -8.0
575 595 -10.0
640 932 -5.0
757 940 -2.0
90 855 -2.0
114 623 -1.0
555 877 -10.0
115 383 -6.0
408 491 -9.0
278 653 -3.0
579 699 -6.0
449 456 -7.0
579 589 -8.0
374 959 -7.0
356 770 -2.0
128 979 -2.0
541 716 -9.0
781 893 -4.0
516 995 -4.0
457 549 -9.0
195 935 -9.0
445 767 -6.0
925 929 -1.0
816 941 -2.0
748 946 -7.0
261 297 -8.0
329 868 -5.0
243 759 -2.0
128 994 -6.0
59 261 -9.0
303 955 -5.0
67 594 -1.0
452 714 -2.0
353 854 -3.0
10 385 -10.0
135 945 -2.0
285 582 -2.0
447 471 -3.0
967 987 -6.0
215 574 -10.0
61 364 -3.0
610 774 -10.0
50 103 -7.0
254 908 -6.0
217 463 -3.0
168 447 -8.0
499 934 -8.0
19 327 -3.0
107 594 -7.0
633 866 -2.0
173 783 -6.0
687 800 -2.0
146 657 -5.0
166 264 -3.0
368 909 -9.0
237 986 -2.0
244 957 -4.0
6 932 -4.0
44 725 -2.0
244 622 -9.0
721 825 -9.0
425 701 -9.0
275 643 -9.0
237 455 -6.0
6 361 -4.0
350 603 -3.0
356 380 -5.0
249 861 -3.0
99 934 -5.0
205 345 -5.0
28 984 -1.0
473 917 -1.0
110 924 -8.0
238 421 -2.0
371 686 -10.0
839 954 -5.0
782 941 -6.0
656 725 -4.0
410 626 -2.0
196 721 -7.0
232 388 -7.0
32 496 -9.0
35 426 -3.0
495 677 -5.0
441 485 -9.0
255 405 -3.0
340 455 -10.0
901 907 -2.0
401 950 -2.0
97 457 -5.0
159 527 -3.0
29 268 -1.0
290 488 -1.0
147 231 -4.0
78 633 -7.0
449 564 -8.0
285 959 -5.0
176 787 -8.0
398 991 -1.0
565 597 -1.0
482 577 -5.0
951 999 -2.0
66 121 -1.0
576 622 -9.0
165 332 -1.0
188 860 -9.0
433 986 -8.0
44 802 -4.0
338 885 -6.0
42 349 -6.0
89 925 -8.0
476 613 -3.0
308 550 -10.0
87 442 -1.0
486 624 -7.0
466 939 -2.0
571 926 -6.0
288 548 -6.0
670 833 -4.0
137 565 -4.0
526 989 -4.0
631 968 -10.0
59 989 -2.0
867 928 -6.0
161 437 -7.0
37 977 -3.0
160 522 -10.0
291 293 -7.0
60 419 -4.0
895 937 -7.0
166 829 -8.0
166 239 -7.0
33 994 -6.0
785 815 -6.0
155 330 -8.0
310 458 -2.0
713 987 -5.0
396 573 -4.0
714 935 -2.0
35 562 -2.0
542 960 -4.0
192 220 -7.0
417 573 -7.0
48 424 -9.0
244 329 -2.0
489 759 -1.0
8 391 -10.0
38 587 -3.0
976 992 -10.0
260 556 -7.0
437 683 -5.0
716 930 -9.0
768 936 -5.0
508 745 -7.0
177 669 -8.0
375 817 -5.0
244 906 -2.0
115 689 -9.0
531 610 -10.0
550 699 -1.0
13 737 -1.0
213 976 -9.0
279 770 -9.0
26 635 -1.0
511 989 -8.0
42 413 -9.0
827 882 -2.0
250 712 -6.0
149 763 -7.0
682 916 -1.0
854 856 -7.0
664 907 -2.0
6 502 -5.0
71 771 -10.0
215 396 -3.0
475 548 -6.0
88 807 -2.0
227 812 -2.0
299 458 -6.0
575 983 -3.0
212 960 -6.0
798 829 -6.0
702 870 -10.0
142 368 -6.0
463 663 -10.0
197 787 -3.0
65 117 -10.0
420 506 -2.0
307 708 -4.0
369 970 -4.0
192 659 -2.0
438 861 -1.0
317 958 -1.0
187 535 -9.0
487 616 -6.0
38 117 -9.0
35 545 -7.0
852 971 -6.0
65 358 -4.0
586 871 -3.0
679 820 -7.0
230 503 -9.0
89 106 -5.0
486 794 -6.0
315 943 -8.0
402 593 -7.0
56 871 -2.0
766 923 -3.0
137 735 -2.0
207 652 -3.0
120 214 -10.0
595 832 -2.0
369 558 -8.0
40 538 -9.0
213 231 -3.0
570 939 -6.0
103 114 -4.0
738 898 -7.0
103 409 -1.0
359 644 -8.0
409 603 -2.0
654 921 -9.0
43 411 -10.0
8 292 -3.0
152 520 -9.0
327 547 -5.0
404 620 -10.0
100 669 -6.0
48 84 -9.0
477 802 -7.0
76 742 -10.0
64 921 -5.0
101 350 -6.0
568 605 -3.0
231 546 -3.0
311 619 -7.0
570 641 -2.0
75 371 -8.0
835 915 -4.0
593 917 -9.0
338 356 -2.0
599 977 -3.0
244 397 -10.0
834 953 -9.0
55 353 -6.0
53 547 -3.0
342 923 -4.0
570 678 -4.0
94 971 -4.0
320 541 -9.0
37 603 -2.0
662 864 -6.0
125 300 -9.0
106 340 -8.0
210 629 -6.0
373 446 -7.0
500 798 -4.0
737 906 -9.0
431 866 -8.0
419 876 -1.0
54 531 -3.0
564 601 -10.0
224 543 -7.0
529 839 -7.0
650 775 -8.0
486 859 -1.0
157 782 -1.0
153 601 -5.0
185 855 -8.0
459 967 -5.0
836 989 -7.0
59 696 -2.0
178 716 -1.0
329 841 -10.0
33 59 -10.0
13 615 -6.0
347 876 -6.0
81 485 -10.0
117 230 -3.0
117 265 -5.0
854 987 -5.0
313 775 -8.0
4 360 -2.0
52 564 -5.0
260 534 -9.0
547 946 -8.0
210 231 -4.0
599 724 -10.0
50 946 -7.0
358 551 -1.0
386 713 -2.0
439 677 -1.0
330 784 -5.0
9 117 -8.0
378 497 -9.0
722 830 -4.0
658 961 -10.0
164 775 -4.0
1 994 -9.0
551 933 -2.0
51 561 -2.0
322 984 -8.0
269 728 -8.0
795 993 -3.0
507 627 -6.0
217 388 -3.0
41 264 -6.0
575 585 -1.0
357 415 -6.0
341 779 -6.0
123 868 -5.0
460 896 -2.0
450 529 -3.0
373 821 -2.0
825 882 -8.0
176 837 -9.0
113 197 -3.0
653 943 -5.0
185 871 -7.0
158 829 -1.0
414 574 -10.0
57 959 -6.0
317 516 -7.0
57 190 -6.0
602 843 -4.0
166 892 -6.0
589 977 -3.0
497 854 -5.0
726 861 -10.0
208 451 -5.0
97 602 -10.0
379 907 -10.0
10 44 -2.0
26 111 -1.0
9 783 -3.0
406 749 -1.0
13 670 -8.0
128 353 -10.0
461 950 -9.0
325 497 -9.0
72 795 -9.0
117 188 -3.0
339 769 -8.0
478 960 -9.0
219 666 -1.0
832 976 -5.0
607 768 -5.0
181 581 -2.0
26 273 -4.0
116 517 -2.0
632 956 -9.0
184 260 -2.0
471 855 -8.0
318 599 -10.0
140 900 -1.0
405 885 -6.0
262 364 -1.0
560 943 -1.0
63 121 -6.0
346 924 -7.0
496 695 -8.0
642 664 -1.0
8 986 -10.0
103 516 -6.0
352 548 -9.0
114 470 -1.0
385 590 -9.0
138 175 -5.0
323 354 -6.0
83 174 -6.0
221 243 -4.0
148 186 -8.0
290 730 -10.0
497 673 -9.0
236 803 -1.0
277 403 -6.0
663 807 -8.0
244 531 -5.0
69 156 -5.0
284 332 -9.0
39 584 -7.0
70 867 -7.0
245 622 -10.0
177 475 -2.0
233 492 -5.0
21 995 -5.0
263 543 -1.0
22 963 -6.0
56 886 -1.0
574 631 -3.0
384 519 -8.0
414 427 -3.0
163 807 -1.0
395 522 -3.0
127 255 -3.0
129 975 -2.0
459 936 -9.0
658 709 -2.0
553 748 -5.0
551 553 -1.0
242 412 -5.0
19 79 -2.0
112 828 -3.0
6 380 -7.0
85 604 -5.0
224 929 -1.0
266 291 -4.0
50 831 -10.0
373 866 -1.0
407 745 -2.0
67 475 -7.0
747 877 -9.0
52 879 -5.0
606 904 -3.0
738 918 -6.0
482 520 -3.0
549 811 -3.0
192 366 -7.0
865 889 -9.0
231 553 -2.0
405 460 -3.0
1 819 -9.0
443 710 -8.0
686 818 -6.0
884 921 -2.0
435 659 -4.0
513 731 -2.0
326 599 -7.0
359 984 -2.0
771 912 -2.0
738 982 -3.0
774 853 -6.0
183 816 -2.0
519 897 -3.0
698 815 -1.0
119 177 -1.0
435 931 -4.0
233 726 -10.0
615 711 -4.0
582 826 -3.0
99 517 -2.0
299 671 -9.0
74 707 -8.0
145 175 -6.0
157 421 -4.0
531 584 -3.0
146 985 -9.0
253 311 -4.0
10 169 -8.0
473 866 -5.0
649 984 -1.0
55 290 -1.0
329 635 -9.0
698 847 -8.0
305 317 -6.0
279 712 -8.0
31 805 -9.0
616 766 -1.0
39 736 -7.0
74 247 -4.0
722 819 -5.0
75 977 -3.0
131 784 -8.0
731 871 -9.0
69 253 -7.0
114 448 -9.0
434 998 -9.0
454 930 -7.0
848 891 -5.0
125 693 -1.0
119 391 -3.0
256 423 -9.0
14 245 -2.0
659 977 -8.0
189 206 -7.0
433 513 -3.0
43 592 -3.0
122 196 -4.0
194 659 -3.0
171 641 -3.0
229 619 -1.0
560 580 -4.0
198 750 -8.0
380 784 -7.0
325 701 -8.0
486 530 -10.0
133 744 -1.0
294 786 -5.0
383 589 -9.0
457 845 -7.0
27 843 -6.0
122 450 -8.0
116 489 -7.0
205 499 -7.0
531 879 -2.0
203 337 -10.0
129 157 -10.0
235 635 -8.0
785 898 -5.0
175 273 -6.0
432 859 -1.0
875 945 -8.0
679 909 -1.0
454 984 -5.0
238 860 -9.0
321 408 -9.0
224 843 -5.0
392 908 -3.0
345 887 -4.0
290 764 -3.0
397 604 -6.0
803 915 -8.0
439 891 -10.0
103 307 -1.0
707 924 -6.0
318 326 -1.0
283 851 -3.0
334 550 -2.0
198 976 -10.0
338 952 -9.0
682 758 -1.0
327 382 -4.0
574 657 -8.0
393 781 -9.0
126 564 -9.0
394 781 -4.0
352 526 -3.0
51 883 -6.0
17 826 -10.0
34 145 -10.0
644 690 -5.0
676 950 -1.0
137 701 -10.0
191 603 -8.0
245 612 -9.0
607 747 -8.0
856 979 -9.0
93 532 -6.0
87 108 -1.0
711 797 -1.0
345 397 -6.0
651 816 -2.0
194 795 -7.0
243 425 -8.0
88 668 -9.0
661 704 -6.0
126 858 -3.0
511 574 -8.0
343 692 -6.0
560 817 -2.0
663 831 -5.0
357 697 -4.0
269 300 -4.0
74 203 -7.0
515 524 -9.0
119 463 -1.0
516 804 -9.0
143 913 -3.0
373 616 -2.0
18 322 -2.0
196 208 -9.0
859 905 -10.0
46 499 -3.0
49 849 -5.0
19 634 -10.0
423 712 -2.0
20 700 -5.0
259 581 -6.0
228 566 -9.0
317 965 -2.0
195 624 -3.0
756 882 -9.0
442 836 -7.0
483 545 -3.0
355 929 -1.0
147 879 -2.0
541 790 -3.0
383 680 -7.0
273 306 -8.0
328 612 -2.0
67 559 -8.0
107 637 -1.0
629 726 -10.0
32 820 -2.0
151 501 -4.0
465 967 -6.0
533 728 -9.0
315 908 -5.0
224 539 -1.0
21 360 -3.0
145 217 -2.0
547 881 -7.0
74 262 -10.0
734 806 -2.0
19 869 -2.0
65 334 -3.0
320 382 -1.0
158 524 -1.0
831 962 -9.0
58 604 -3.0
23 840 -5.0
828 835 -8.0
482 646 -7.0
69 356 -9.0
251 605 -3.0
404 816 -10.0
905 906 -1.0
322 492 -1.0
211 889 -9.0
602 963 -2.0
63 812 -2.0
188 281 -8.0
551 973 -3.0
776 802 -9.0
59 891 -6.0
634 842 -1.0
167 915 -10.0
148 917 -4.0
295 744 -1.0
497 672 -10.0
767 966 -10.0
714 867 -9.0
389 856 -7.0
554 709 -9.0
213 901 -10.0
803 897 -1.0
552 989 -10.0
194 626 -7.0
97 261 -7.0
161 327 -10.0
88 697 -9.0
425 629 -8.0
42 343 -1.0
213 535 -2.0
575 846 -9.0
224 837 -4.0
60 232 -4.0
152 816 -1.0
471 693 -10.0
161 565 -4.0
297 780 -10.0
319 360 -9.0
153 206 -7.0
44 82 -10.0
63 638 -9.0
334 764 -7.0
50 114 -7.0
364 373 -5.0
358 869 -8.0
460 949 -2.0
491 558 -4.0
38 983 -1.0
329 739 -8.0
155 310 -5.0
155 347 -4.0
524 566 -1.0
230 404 -4.0
68 209 -10.0
427 517 -10.0
34 424 -2.0
207 595 -8.0
313 726 -9.0
322 560 -3.0
29 364 -4.0
688 702 -2.0
231 543 -4.0
7 435 -3.0
416 454 -6.0
162 717 -2.0
658 955 -4.0
502 779 -4.0
10 728 -2.0
147 406 -2.0
761 786 -1.0
73 889 -10.0
42 546 -3.0
37 44 -8.0
139 714 -9.0
788 973 -8.0
518 981 -5.0
854 859 -5.0
74 695 -8.0
473 656 -6.0
405 792 -7.0
510 798 -4.0
637 805 -4.0
188 380 -6.0
11 886 -3.0
106 569 -7.0
399 577 -1.0
6 813 -5.0
370 735 -7.0
930 973 -4.0
383 505 -6.0
27 792 -6.0
240 355 -5.0
65 489 -10.0
175 962 -5.0
420 823 -7.0
402 717 -6.0
292 589 -7.0
283 739 -3.0
581 903 -4.0
408 628 -3.0
168 403 -6.0
507 754 -10.0
823 933 -1.0
590 732 -10.0
54 667 -6.0
511 807 -9.0
67 341 -1.0
100 366 -2.0
492 615 -1.0
251 617 -10.0
385 559 -2.0
8 52 -6.0
526 983 -7.0
692 757 -4.0
58 626 -10.0
638 671 -6.0
13 998 -3.0
282 930 -6.0
22 344 -9.0
441 452 -9.0
688 945 -2.0
368 942 -8.0
133 157 -5.0
459 547 -8.0
249 862 -8.0
474 694 -5.0
666 951 -10.0
166 588 -9.0
23 312 -9.0
409 548 -10.0
85 681 -7.0
135 765 -3.0
240 259 -9.0
516 523 -8.0
27 435 -10.0
321 325 -2.0
224 956 -9.0
794 821 -7.0
148 481 -4.0
114 343 -8.0
649 689 -3.0
854 957 -2.0
457 828 -8.0
270 708 -10.0
60 249 -10.0
857 896 -2.0
35 991 -10.0
208 897 -9.0
8 519 -9.0
474 949 -10.0
83 385 -5.0
5 188 -9.0
508 979 -2.0
279 383 -6.0
838 891 -1.0
733 924 -10.0
561 591 -7.0
257 618 -1.0
38 383 -6.0
382 698 -6.0
238 867 -3.0
524 760 -8.0
450 946 -10.0
540 619 -2.0
464 675 -9.0
465 735 -6.0
406 985 -3.0
357 861 -1.0
526 673 -3.0
223 619 -6.0
802 879 -5.0
324 553 -8.0
420 458 -8.0
496 790 -7.0
456 508 -8.0
390 761 -10.0
45 527 -1.0
209 975 -2.0
761 997 -2.0
748 927 -4.0
83 604 -5.0
440 963 -5.0
169 985 -7.0
97 476 -10.0
204 795 -6.0
58 956 -4.0
474 932 -8.0
531 900 -9.0
299 475 -1.0
326 805 -8.0
164 258 -3.0
147 808 -9.0
620 720 -7.0
284 798 -2.0
660 701 -9.0
566 859 -2.0
372 649 -10.0
11 564 -9.0
304 364 -6.0
437 733 -1.0
168 811 -9.0
149 366 -9.0
861 912 -1.0
79 598 -1.0
5 764 -3.0
509 808 -3.0
356 375 -10.0
542 835 -4.0
657 906 -7.0
210 509 -1.0
407 689 -1.0
861 897 -8.0
6 17 -6.0
280 723 -9.0
172 981 -10.0
132 576 -7.0
153 713 -6.0
33 65 -9.0
332 825 -6.0
66 163 -10.0
470 738 -3.0
25 652 -8.0
608 927 -10.0
48 311 -2.0
388 657 -8.0
87 110 -9.0
608 746 -3.0
289 971 -6.0
319 604 -9.0
258 524 -4.0
174 599 -10.0
660 766 -7.0
18 884 -3.0
737 861 -1.0
874 987 -3.0
258 354 -8.0
75 793 -6.0
649 784 -1.0
423 555 -10.0
617 618 -8.0
540 989 -7.0
259 796 -6.0
290 514 -3.0
589 593 -1.0
609 641 -5.0
118 755 -6.0
142 482 -1.0
25 505 -10.0
721 889 -7.0
581 723 -8.0
139 710 -10.0
558 572 -1.0
478 633 -6.0
171 221 -9.0
236 611 -2.0
106 952 -9.0
259 669 -8.0
158 860 -1.0
59 749 -2.0
152 986 -3.0
145 995 -5.0
667 922 -9.0
313 844 -10.0
373 699 -3.0
547 841 -3.0
761 765 -9.0
381 922 -9.0
156 367 -5.0
116 284 -1.0
550 978 -8.0
594 718 -6.0
248 320 -9.0
727 913 -3.0
563 689 -7.0
680 923 -8.0
572 649 -2.0
916 938 -10.0
365 418 -2.0
905 910 -3.0
231 407 -1.0
620 637 -9.0
565 830 -1.0
344 835 -10.0
76 646 -6.0
148 711 -2.0
515 696 -9.0
274 744 -6.0
537 790 -10.0
477 870 -3.0
350 691 -7.0
585 593 -5.0
133 409 -9.0
317 879 -1.0
811 872 -10.0
368 802 -8.0
91 238 -10.0
504 965 -9.0
118 636 -2.0
361 823 -4.0
164 908 -1.0
208 457 -3.0
137 509 -4.0
626 684 -3.0
347 402 -3.0
17 569 -10.0
133 530 -7.0
590 745 -2.0
278 639 -9.0
388 667 -10.0
755 924 -8.0
445 730 -10.0
44 419 -3.0
6 617 -9.0
60 359 -2.0
325 802 -1.0
446 782 -9.0
172 252 -5.0
207 521 -1.0
190 953 -10.0
2 892 -3.0
366 508 -9.0
35 49 -1.0
374 468 -5.0
281 604 -6.0
437 705 -9.0
278 645 -2.0
82 159 -1.0
868 915 -7.0
160 629 -2.0
197 971 -9.0
122 271 -10.0
857 900 -4.0
196 243 -2.0
378 576 -3.0
515 931 -7.0
385 388 -5.0
306 991 -10.0
432 512 -6.0
10 949 -8.0
556 820 -2.0
506 735 -7.0
22 755 -9.0
177 298 -3.0
293 324 -5.0
343 843 -3.0
319 584 -8.0
345 786 -2.0
64 187 -6.0
70 723 -9.0
144 819 -2.0
216 777 -1.0
38 508 -4.0
172 343 -3.0
203 484 -2.0
356 482 -3.0
87 837 -4.0
112 389 -10.0
67 130 -5.0
69 726 -2.0
349 502 -10.0
218 978 -1.0
459 460 -1.0
139 791 -1.0
314 427 -7.0
508 608 -5.0
321 963 -6.0
47 245 -4.0
271 431 -8.0
464 599 -5.0
503 963 -5.0
203 961 -5.0
229 435 -4.0
32 994 -6.0
669 931 -5.0
53 158 -1.0
346 440 -1.0
71 666 -1.0
237 421 -6.0
43 779 -1.0
466 882 -4.0
101 877 -6.0
232 399 -7.0
406 644 -2.0
110 203 -5.0
797 905 -9.0
215 541 -9.0
10 662 -10.0
362 413 -1.0
672 928 -10.0
44 405 -4.0
861 981 -5.0
613 796 -1.0
539 987 -6.0
405 585 -2.0
685 814 -9.0
459 939 -8.0
638 864 -3.0
24 90 -9.0
51 102 -7.0
290 721 -1.0
263 851 -6.0
213 623 -1.0
549 924 -7.0
203 529 -5.0
112 219 -5.0
527 708 -8.0
356 362 -9.0
237 347 -7.0
53 893 -9.0
311 730 -7.0
136 483 -7.0
471 655 -6.0
283 847 -6.0
60 158 -9.0
302 882 -8.0
408 691 -4.0
374 634 -9.0
405 572 -4.0
177 570 -10.0
153 898 -8.0
326 437 -7.0
400 670 -4.0
594 972 -8.0
594 712 -9.0
164 917 -2.0
156 437 -6.0
15 523 -8.0
401 469 -6.0
149 853 -7.0
470 805 -5.0
209 435 -6.0
510 675 -4.0
642 936 -8.0
453 907 -9.0
600 903 -10.0
522 908 -2.0
878 887 -9.0
525 848 -3.0
240 722 -8.0
238 575 -4.0
270 818 -6.0
311 745 -10.0
98 657 -7.0
592 629 -9.0
109 137 -7.0
466 495 -9.0
309 628 -9.0
596 636 -1.0
371 942 -7.0
513 650 -8.0
95 159 -1.0
715 737 -2.0
520 973 -8.0
497 600 -2.0
911 992 -8.0
71 909 -1.0
176 380 -3.0
721 886 -6.0
229 768 -4.0
237 345 -2.0
153 879 -6.0
122 753 -1.0
775 978 -5.0
799 821 -5.0
157 473 -3.0
514 636 -1.0
250 362 -1.0
129 444 -6.0
626 816 -6.0
562 630 -6.0
83 890 -6.0
413 880 -6.0
633 723 -4.0
112 482 -6.0
511 799 -3.0
72 842 -7.0
206 552 -4.0
399 878 -9.0
498 507 -1.0
754 896 -6.0
425 509 -6.0
219 524 -8.0
468 639 -1.0
448 786 -3.0
158 671 -4.0
177 574 -2.0
145 444 -2.0
203 628 -3.0
252 961 -10.0
294 433 -7.0
98 315 -8.0
286 958 -3.0
394 624 -2.0
419 906 -3.0
77 490 -2.0
622 814 -9.0
679 829 -9.0
237 251 -2.0
124 751 -4.0
475 723 -1.0
173 886 -9.0
3 377 -3.0
242 629 -2.0
270 373 -8.0
14 435 -3.0
304 550 -2.0
361 365 -7.0
358 952 -2.0
388 448 -4.0
28 748 -2.0
56 532 -2.0
461 533 -3.0
25 488 -9.0
513 998 -3.0
700 836 -10.0
484 526 -10.0
248 622 -4.0
477 774 -1.0
721 867 -5.0
82 176 -1.0
495 710 -9.0
193 445 -2.0
92 256 -6.0
542 674 -1.0
596 838 -3.0
282 749 -1.0
121 675 -10.0
681 786 -6.0
660 786 -3.0
380 929 -5.0
737 751 -9.0
395 604 -6.0
28 749 -5.0
106 145 -1.0
371 824 -6.0
1 204 -4.0
707 722 -6.0
271 394 -10.0
108 274 -4.0
356 402 -1.0
838 866 -8.0
479 481 -4.0
157 962 -2.0
869 924 -3.0
456 873 -5.0
414 700 -4.0
756 968 -1.0
492 996 -8.0
306 765 -7.0
771 995 -8.0
126 287 -9.0
95 230 -4.0
275 990 -7.0
635 707 -4.0
138 549 -3.0
291 925 -1.0
740 931 -1.0
3 582 -10.0
665 970 -3.0
586 874 -3.0
286 632 -5.0
166 240 -5.0
893 997 -4.0
365 669 -2.0
410 644 -8.0
704 842 -9.0
758 994 -4.0
744 793 -2.0
312 682 -7.0
80 820 -1.0
684 745 -7.0
230 281 -5.0
248 436 -2.0
780 907 -2.0
273 807 -6.0
678 935 -4.0
45 475 -10.0
325 904 -5.0
564 671 -7.0
217 906 -9.0
534 908 -8.0
565 734 -10.0
94 745 -9.0
454 974 -9.0
36 66 -4.0
651 974 -4.0
198 653 -3.0
459 723 -9.0
77 620 -8.0
300 609 -7.0
27 432 -2.0
617 823 -3.0
137 742 -10.0
470 919 -9.0
106 836 -4.0
66 642 -4.0
478 659 -7.0
155 891 -4.0
752 982 -1.0
194 999 -6.0
185 553 -1.0
51 980 -7.0
104 181 -3.0
92 977 -6.0
455 999 -4.0
699 755 -6.0
287 998 -9.0
44 622 -1.0
348 746 -10.0
595 900 -2.0
435 882 -6.0
428 945 -3.0
184 687 -1.0
60 687 -4.0
303 585 -7.0
614 697 -10.0
60 679 -6.0
411 566 -9.0
337 582 -1.0
48 814 -7.0
550 953 -6.0
162 620 -3.0
349 766 -7.0
265 990 -10.0
28 917 -8.0
74 878 -5.0
203 293 -10.0
679 983 -9.0
135 364 -2.0
411 942 -5.0
249 487 -10.0
460 837 -1.0
407 446 -10.0
556 839 -3.0
823 835 -1.0
129 165 -6.0
266 931 -7.0
289 703 -8.0
546 1000 -8.0
82 525 -9.0
185 531 -2.0
41 733 -4.0
128 226 -1.0
13 213 -1.0
229 845 -4.0
300 677 -7.0
8 934 -7.0
453 521 -7.0
284 814 -8.0
435 681 -5.0
596 980 -3.0
315 956 -7.0
140 245 -8.0
239 964 -7.0
414 767 -9.0
128 295 -1.0
687 727 -7.0
741 782 -2.0
166 542 -10.0
273 436 -6.0
613 614 -5.0
563 876 -1.0
238 815 -1.0
65 245 -9.0
4 108 -3.0
370 886 -3.0
309 348 -10.0
190 329 -1.0
228 535 -9.0
31 597 -7.0
300 618 -8.0
654 936 -1.0
471 893 -2.0
6 875 -9.0
37 227 -8.0
253 655 -9.0
296 550 -8.0
319 554 -8.0
68 153 -10.0
111 925 -5.0
383 566 -6.0
193 232 -5.0
480 786 -3.0
640 766 -5.0
60 352 -3.0
282 944 -3.0
51 285 -2.0
865 962 -2.0
343 642 -5.0
639 989 -10.0
95 596 -1.0
142 794 -6.0
378 703 -10.0
615 765 -6.0
99 633 -9.0
83 475 -10.0
159 409 -2.0
279 977 -9.0
647 878 -6.0
43 468 -7.0
514 564 -6.0
803 905 -5.0
581 985 -4.0
717 833 -5.0
907 924 -8.0
301 866 -2.0
195 858 -5.0
50 283 -8.0
170 270 -5.0
143 594 -7.0
763 808 -5.0
194 608 -2.0
119 669 -7.0
192 216 -1.0
151 802 -6.0
100 996 -1.0
171 986 -6.0
313 499 -8.0
379 853 -2.0
136 858 -6.0
758 944 -4.0
275 624 -1.0
51 665 -9.0
210 686 -9.0
183 794 -1.0
38 650 -3.0
207 706 -3.0
816 872 -1.0
66 669 -3.0
115 833 -1.0
307 451 -7.0
92 277 -5.0
567 838 -3.0
72 272 -10.0
178 270 -4.0
435 845 -4.0
383 728 -7.0
396 918 -5.0
82 714 -9.0
141 795 -2.0
851 984 -2.0
404 604 -5.0
509 541 -2.0
465 807 -10.0
508 512 -9.0
690 877 -6.0
633 722 -6.0
535 915 -9.0
538 780 -9.0
437 650 -6.0
400 776 -4.0
810 990 -2.0
651 828 -7.0
527 780 -6.0
27 98 -10.0
355 451 -5.0
185 798 -4.0
544 758 -9.0
505 641 -7.0
800 808 -10.0
442 891 -6.0
150 981 -1.0
97 154 -7.0
401 620 -3.0
163 691 -3.0
157 657 -4.0
423 546 -9.0
560 811 -2.0
226 231 -2.0
555 728 -5.0
145 879 -9.0
764 937 -2.0
93 942 -6.0
25 910 -2.0
604 829 -1.0
363 643 -7.0
256 303 -5.0
713 952 -10.0
622 921 -1.0
223 840 -4.0
180 835 -5.0
60 481 -8.0
292 920 -8.0
51 802 -8.0
107 468 -7.0
312 434 -10.0
675 845 -5.0
168 908 -7.0
315 673 -8.0
268 418 -7.0
184 235 -6.0
469 978 -5.0
46 253 -10.0
108 977 -2.0
169 854 -5.0
24 453 -8.0
441 678 -4.0
587 698 -1.0
155 795 -9.0
90 112 -2.0
603 865 -9.0
155 844 -7.0
39 709 -10.0
14 301 -3.0
169 672 -4.0
486 515 -10.0
403 855 -1.0
599 916 -5.0
151 264 -1.0
503 844 -6.0
598 771 -2.0
54 348 -10.0
31 354 -1.0
567 649 -10.0
535 926 -2.0
238 681 -9.0
9 333 -8.0
320 711 -5.0
666 743 -4.0
331 441 -10.0
731 881 -2.0
527 593 -2.0
48 403 -6.0
207 906 -1.0
71 324 -3.0
301 773 -6.0
12 202 -3.0
148 574 -7.0
637 903 -6.0
137 319 -10.0
203 697 -10.0
131 442 -4.0
46 377 -1.0
35 898 -9.0
363 755 -3.0
392 558 -5.0
104 717 -3.0
303 869 -10.0
188 803 -8.0
10 716 -1.0
554 858 -3.0
111 262 -4.0
147 502 -1.0
661 889 -10.0
646 888 -8.0
419 762 -5.0
216 487 -6.0
861 976 -1.0
589 687 -4.0
440 605 -2.0
168 870 -7.0
444 561 -3.0
300 323 -9.0
231 545 -8.0
924 992 -2.0
438 774 -10.0
352 783 -2.0
137 792 -9.0
240 612 -6.0
461 701 -1.0
76 974 -9.0
398 932 -6.0
167 219 -10.0
438 801 -6.0
34 787 -5.0
267 406 -2.0
781 792 -3.0
88 598 -1.0
150 723 -5.0
509 869 -9.0
458 575 -10.0
298 808 -7.0
537 772 -1.0
665 938 -10.0
236 994 -4.0
20 885 -1.0
39 951 -4.0
490 906 -2.0
616 758 -5.0
240 817 -7.0
632 873 -6.0
25 795 -7.0
115 847 -10.0
10 854 -1.0
74 611 -10.0
749 917 -7.0
528 897 -7.0
63 211 -7.0
196 661 -7.0
437 829 -1.0
209 678 -2.0
982 996 -5.0
379 413 -3.0
346 558 -7.0
410 976 -10.0
216 593 -10.0
255 573 -2.0
194 754 -1.0
130 993 -7.0
451 794 -9.0
413 841 -2.0
818 970 -2.0
175 937 -3.0
465 804 -9.0
273 871 -6.0
385 849 -9.0
25 981 -2.0
217 837 -8.0
33 428 -3.0
213 662 -6.0
125 571 -3.0
457 574 -10.0
538 974 -4.0
498 670 -2.0
122 745 -3.0
467 565 -1.0
201 294 -1.0
731 976 -4.0
67 931 -8.0
432 677 -7.0
120 240 -8.0
225 597 -8.0
135 996 -5.0
334 340 -4.0
169 608 -8.0
84 745 -2.0
82 776 -1.0
245 391 -9.0
309 687 -5.0
150 527 -3.0
815 963 -10.0
598 648 -7.0
266 268 -4.0
219 509 -5.0
220 505 -9.0
741 986 -4.0
448 739 -2.0
241 298 -9.0
262 402 -7.0
97 187 -8.0
47 665 -6.0
323 845 -4.0
507 645 -7.0
401 884 -7.0
297 723 -5.0
46 833 -3.0
140 287 -4.0
200 746 -1.0
74 239 -7.0
573 788 -9.0
655 985 -2.0
576 901 -9.0
340 781 -7.0
772 830 -6.0
5 923 -10.0
160 632 -6.0
373 765 -8.0
238 610 -10.0
24 619 -1.0
634 759 -5.0
462 723 -8.0
311 659 -1.0
203 947 -8.0
183 282 -6.0
566 658 -10.0
590 834 -1.0
43 703 -4.0
420 662 -10.0
158 674 -9.0
406 578 -1.0
455 677 -9.0
125 970 -2.0
506 829 -7.0
766 859 -6.0
42 799 -8.0
83 915 -10.0
718 753 -4.0
34 161 -10.0
107 459 -1.0
367 525 -5.0
323 682 -9.0
807 973 -1.0
213 229 -8.0
195 558 -2.0
123 550 -8.0
692 758 -9.0
582 825 -4.0
434 756 -2.0
789 986 -9.0
222 847 -6.0
62 307 -3.0
219 485 -6.0
414 602 -2.0
282 437 -1.0
518 947 -8.0
161 591 -6.0
375 725 -6.0
296 491 -6.0
56 453 -8.0
162 478 -3.0
862 870 -8.0
125 533 -4.0
66 334 -7.0
349 957 -2.0
480 766 -8.0
27 345 -6.0
44 306 -4.0
106 756 -5.0
478 874 -8.0
382 553 -1.0
241 921 -6.0
268 461 -2.0
251 355 -6.0
32 117 -3.0
82 388 -1.0
176 501 -7.0
327 763 -4.0
236 663 -2.0
864 984 -2.0
291 504 -4.0
121 205 -9.0
250 640 -2.0
31 544 -1.0
162 985 -1.0
968 995 -8.0
963 995 -3.0
609 764 -7.0
458 818 -5.0
178 530 -5.0
165 847 -9.0
500 848 -8.0
439 898 -6.0
367 440 -4.0
223 759 -10.0
225 939 -3.0
214 574 -3.0
106 472 -9.0
631 810 -7.0
99 317 -4.0
68 912 -2.0
183 309 -4.0
688 741 -5.0
572 699 -9.0
212 318 -7.0
606 645 -2.0
58 59 -4.0
659 933 -10.0
833 1000 -7.0
156 546 -9.0
168 365 -9.0
384 484 -6.0
338 995 -6.0
152 332 -5.0
848 990 -10.0
102 399 -2.0
62 464 -5.0
154 531 -10.0
259 570 -5.0
189 214 -9.0
138 653 -2.0
152 409 -8.0
566 634 -9.0
531 779 -5.0
618 620 -6.0
99 593 -4.0
315 912 -1.0
213 709 -7.0
904 927 -7.0
325 367 -7.0
843 949 -7.0
33 956 -1.0
186 268 -4.0
891 910 -8.0
447 685 -3.0
691 755 -4.0
93 169 -4.0
259 753 -4.0
506 518 -9.0
196 290 -4.0
92 811 -4.0
736 776 -1.0
444 849 -10.0
726 931 -2.0
49 902 -6.0
126 464 -2.0
275 946 -10.0
739 884 -7.0
42 201 -5.0
137 293 -5.0
223 415 -8.0
260 884 -9.0
211 543 -5.0
674 819 -10.0
266 739 -7.0
628 833 -4.0
446 534 -5.0
520 548 -8.0
183 199 -7.0
656 966 -4.0
97 109 -3.0
66 323 -9.0
135 576 -6.0
447 586 -7.0
602 860 -1.0
309 434 -2.0
721 853 -1.0
114 233 -7.0
126 859 -4.0
282 291 -7.0
737 763 -7.0
523 849 -1.0
191 939 -1.0
566 812 -1.0
74 405 -2.0
58 551 -6.0
199 815 -5.0
275 792 -5.0
600 710 -1.0
467 778 -8.0
650 994 -1.0
285 602 -10.0
9 886 -4.0
513 946 -4.0
360 459 -10.0
36 735 -10.0
884 986 -4.0
663 813 -9.0
41 466 -1.0
439 934 -5.0
100 526 -2.0
614 792 -9.0
443 928 -1.0
407 733 -7.0
39 628 -9.0
306 958 -3.0
305 954 -6.0
236 315 -6.0
131 162 -2.0
426 472 -6.0
66 545 -7.0
708 860 -5.0
686 848 -8.0
373 837 -7.0
681 797 -5.0
704 910 -6.0
332 925 -7.0
250 610 -3.0
62 217 -7.0
7 67 -9.0
13 145 -6.0
433 929 -6.0
330 816 -9.0
426 905 -9.0
703 848 -1.0
575 894 -10.0
701 817 -2.0
459 992 -6.0
116 381 -10.0
98 305 -4.0
330 774 -7.0
200 484 -3.0
657 988 -6.0
84 588 -7.0
162 558 -1.0
147 601 -8.0
315 746 -9.0
610 815 -4.0
216 226 -4.0
298 484 -2.0
138 791 -2.0
553 835 -2.0
692 790 -4.0
435 793 -8.0
490 510 -10.0
498 849 -8.0
357 918 -4.0
438 542 -10.0
93 170 -8.0
335 909 -6.0
453 753 -7.0
688 755 -8.0
256 468 -9.0
574 748 -6.0
100 597 -4.0
168 419 -3.0
31 387 -5.0
218 949 -3.0
497 753 -6.0
237 768 -1.0
155 511 -5.0
629 922 -4.0
16 539 -4.0
401 637 -2.0
47 850 -2.0
215 793 -9.0
275 782 -7.0
388 649 -5.0
197 715 -8.0
202 735 -7.0
544 657 -5.0
76 207 -9.0
259 749 -10.0
328 681 -6.0
442 823 -2.0
595 631 -8.0
99 825 -6.0
707 902 -1.0
292 431 -1.0
293 615 -9.0
143 613 -4.0
108 238 -8.0
95 525 -4.0
797 991 -2.0
142 541 -6.0
264 873 -8.0
53 63 -1.0
139 887 -9.0
54 707 -7.0
470 704 -3.0
433 490 -6.0
293 564 -1.0
773 859 -6.0
654 803 -9.0
410 973 -3.0
190 370 -5.0
761 873 -4.0
391 935 -3.0
634 887 -2.0
550 882 -6.0
13 448 -8.0
108 770 -5.0
687 740 -1.0
820 919 -1.0
146 851 -5.0
37 847 -1.0
473 827 -2.0
168 312 -3.0
46 803 -3.0
229 390 -10.0
568 580 -5.0
776 887 -9.0
340 703 -3.0
357 570 -2.0
459 811 -9.0
650 850 -1.0
549 598 -9.0
134 826 -3.0
152 288 -4.0
213 627 -7.0
208 497 -9.0
498 867 -7.0
125 126 -4.0
232 648 -10.0
70 276 -8.0
303 954 -8.0
245 970 -4.0
108 553 -7.0
350 994 -3.0
289 444 -7.0
526 627 -4.0
204 980 -5.0
135 369 -1.0
93 372 -9.0
812 940 -7.0
352 935 -2.0
354 791 -9.0
24 332 -9.0
405 631 -2.0
316 956 -1.0
792 865 -9.0
409 689 -4.0
608 857 -7.0
506 817 -2.0
435 957 -6.0
790 939 -9.0
117 584 -7.0
199 573 -1.0
121 895 -1.0
563 570 -4.0
334 819 -6.0
453 958 -8.0
75 566 -10.0
582 739 -1.0
108 283 -4.0
690 792 -4.0
273 948 -4.0
558 970 -10.0
262 674 -3.0
55 599 -2.0
482 783 -6.0
531 842 -1.0
28 370 -1.0
630 940 -9.0
719 805 -5.0
718 768 -8.0
123 404 -8.0
333 964 -8.0
803 960 -2.0
320 534 -8.0
42 370 -8.0
328 647 -4.0
518 596 -10.0
606 637 -1.0
398 578 -4.0
486 733 -8.0
4 521 -3.0
557 842 -4.0
11 389 -9.0
1 415 -10.0
531 871 -7.0
374 688 -4.0
172 471 -8.0
45 396 -3.0
119 600 -10.0
486 954 -6.0
477 849 -7.0
193 667 -4.0
50 498 -3.0
56 554 -6.0
71 964 -4.0
443 946 -8.0
361 442 -2.0
547 635 -4.0
524 959 -1.0
616 824 -4.0
857 956 -10.0
336 714 -7.0
318 616 -5.0
108 914 -9.0
96 536 -5.0
70 982 -7.0
347 869 -8.0
472 745 -5.0
287 413 -5.0
443 688 -7.0
89 296 -3.0
175 252 -6.0
97 403 -9.0
89 714 -4.0
237 926 -4.0
316 660 -10.0
388 463 -3.0
489 980 -7.0
507 615 -4.0
261 608 -2.0
706 828 -5.0
647 679 -1.0
478 769 -4.0
563 584 -3.0
24 921 -8.0
303 964 -3.0
758 966 -7.0
511 587 -4.0
185 651 -2.0
122 292 -9.0
228 1000 -4.0
180 566 -1.0
176 218 -1.0
634 796 -2.0
895 985 -2.0
400 567 -7.0
308 430 -1.0
61 484 -9.0
649 823 -2.0
7 362 -8.0
711 984 -2.0
705 981 -7.0
119 509 -5.0
58 223 -5.0
60 320 -3.0
159 954 -7.0
270 633 -7.0
612 703 -4.0
666 925 -4.0
543 583 -9.0
142 964 -5.0
530 975 -10.0
350 986 -9.0
825 856 -3.0
259 668 -7.0
244 742 -1.0
740 911 -3.0
510 790 -3.0
124 594 -7.0
495 509 -10.0
322 890 -7.0
383 659 -8.0
6 499 -7.0
530 913 -6.0
303 456 -4.0
277 404 -9.0
274 963 -3.0
36 602 -9.0
68 326 -4.0
338 974 -4.0
356 876 -6.0
7 151 -9.0
48 918 -4.0
183 272 -10.0
186 893 -10.0
742 848 -6.0
176 684 -5.0
679 852 -1.0
58 999 -10.0
133 276 -1.0
104 742 -10.0
351 913 -1.0
91 846 -2.0
285 834 -10.0
256 706 -2.0
463 636 -6.0
216 786 -7.0
828 862 -8.0
502 573 -8.0
52 341 -3.0
46 292 -2.0
580 642 -4.0
766 792 -2.0
31 613 -6.0
17 967 -10.0
922 978 -7.0
519 553 -3.0
200 630 -1.0
24 932 -3.0
171 331 -8.0
305 441 -2.0
70 282 -8.0
14 800 -3.0
129 356 -2.0
335 859 -8.0
341 623 -2.0
171 763 -3.0
22 872 -7.0
654 777 -7.0
310 704 -10.0
278 780 -6.0
420 736 -5.0
636 701 -7.0
744 894 -2.0
25 99 -7.0
521 701 -2.0
399 584 -1.0
332 790 -2.0
46 597 -5.0
607 846 -3.0
280 573 -6.0
529 545 -4.0
90 99 -2.0
240 590 -3.0
423 825 -3.0
342 829 -4.0
643 738 -9.0
224 566 -9.0
3 764 -5.0
212 383 -8.0
381 873 -10.0
501 899 -1.0
325 422 -8.0
130 651 -2.0
113 992 -7.0
253 686 -7.0
94 743 -9.0
535 923 -3.0
346 414 -2.0
500 901 -9.0
115 238 -4.0
878 902 -8.0
657 733 -5.0
577 659 -10.0
310 702 -3.0
267 653 -10.0
598 941 -5.0
70 135 -6.0
845 946 -5.0
77 746 -2.0
96 143 -2.0
647 671 -8.0
78 704 -5.0
261 622 -6.0
226 442 -3.0
759 959 -5.0
75 76 -5.0
154 300 -5.0
375 652 -6.0
187 689 -2.0
172 938 -4.0
548 905 -10.0
487 491 -3.0
72 299 -3.0
468 711 -7.0
489 987 -2.0
16 326 -6.0
469 553 -9.0
584 871 -3.0
382 605 -10.0
24 235 -4.0
204 535 -2.0
308 439 -9.0
380 947 -4.0
157 838 -7.0
196 889 -1.0
288 520 -2.0
632 669 -7.0
236 484 -2.0
150 557 -10.0
348 396 -5.0
23 470 -6.0
65 205 -5.0
141 784 -8.0
640 989 -4.0
824 917 -9.0
594 917 -3.0
454 881 -10.0
861 922 -7.0
159 678 -9.0
235 395 -3.0
734 925 -7.0
561 927 -8.0
194 738 -9.0
363 772 -1.0
526 786 -4.0
90 369 -9.0
143 996 -1.0
79 144 -7.0
81 127 -6.0
426 861 -9.0
226 341 -5.0
84 221 -10.0
275 842 -1.0
128 159 -4.0
77 235 -6.0
341 865 -3.0
20 550 -9.0
497 548 -1.0
390 692 -2.0
54 232 -8.0
469 516 -8.0
35 588 -9.0
429 795 -8.0
600 729 -8.0
646 713 -8.0
203 860 -1.0
123 863 -1.0
118 951 -10.0
384 771 -7.0
495 601 -9.0
568 881 -4.0
564 662 -10.0
739 794 -1.0
410 741 -3.0
214 610 -5.0
645 651 -3.0
287 926 -5.0
243 701 -3.0
398 633 -2.0
773 909 -8.0
157 668 -5.0
55 524 -4.0
769 956 -7.0
7 388 -4.0
399 950 -10.0
336 891 -10.0
532 907 -3.0
278 522 -8.0
702 825 -7.0
237 870 -8.0
31 922 -2.0
605 763 -9.0
598 797 -1.0
52 757 -2.0
332 752 -7.0
418 435 -1.0
237 499 -4.0
753 995 -4.0
639 973 -8.0
177 685 -3.0
119 918 -10.0
17 523 -5.0
22 616 -3.0
63 201 -3.0
248 743 -6.0
823 846 -5.0
276 670 -6.0
120 192 -4.0
302 913 -3.0
103 698 -3.0
560 946 -1.0
271 533 -3.0
406 453 -1.0
25 638 -7.0
190 255 -8.0
354 593 -8.0
274 723 -7.0
399 540 -1.0
257 561 -8.0
695 793 -7.0
642 787 -9.0
291 374 -1.0
276 320 -4.0
164 518 -10.0
356 392 -7.0
553 609 -5.0
825 921 -5.0
40 480 -6.0
217 296 -8.0
92 587 -2.0
245 434 -3.0
305 967 -10.0
391 551 -6.0
545 632 -6.0
339 669 -8.0
192 525 -9.0
393 685 -5.0
179 978 -7.0
41 223 -3.0
574 613 -7.0
1 77 -10.0
371 490 -3.0
93 107 -10.0
230 939 -2.0
539 863 -10.0
145 427 -6.0
520 819 -3.0
294 855 -6.0
133 693 -2.0
334 657 -3.0
280 784 -6.0
334 670 -8.0
366 537 -3.0
100 542 -10.0
517 565 -1.0
259 314 -2.0
849 924 -6.0
97 980 -10.0
301 871 -7.0
34 378 -9.0
643 937 -2.0
42 548 -5.0
373 433 -3.0
157 564 -5.0
135 779 -1.0
146 714 -6.0
784 870 -5.0
26 813 -9.0
123 882 -4.0
100 245 -8.0
27 939 -8.0
21 492 -6.0
598 789 -5.0
26 718 -8.0
168 980 -1.0
647 660 -7.0
350 930 -4.0
526 726 -8.0
1 220 -5.0
119 933 -5.0
401 830 -2.0
192 751 -5.0
200 487 -3.0
671 844 -7.0
13 978 -7.0
380 856 -8.0
392 816 -10.0
165 345 -4.0
219 676 -2.0
631 858 -3.0
870 899 -5.0
585 648 -4.0
66 187 -5.0
130 379 -10.0
202 975 -2.0
579 679 -1.0
391 792 -4.0
644 675 -10.0
174 990 -10.0
756 771 -9.0
351 590 -2.0
132 735 -2.0
291 595 -6.0
207 849 -8.0
139 286 -6.0
356 381 -7.0
791 934 -7.0
273 569 -2.0
275 817 -2.0
118 783 -3.0
703 737 -9.0
336 736 -1.0
67 187 -7.0
223 575 -2.0
60 136 -3.0
303 331 -7.0
70 330 -10.0
34 674 -6.0
661 900 -5.0
864 902 -4.0
53 324 -4.0
504 864 -2.0
384 813 -3.0
141 533 -3.0
256 565 -10.0
76 115 -3.0
325 362 -9.0
422 736 -7.0
747 798 -4.0
334 341 -5.0
144 475 -7.0
515 577 -7.0
321 974 -2.0
776 817 -1.0
300 614 -10.0
261 906 -2.0
49 800 -8.0
388 484 -2.0
777 916 -8.0
721 801 -6.0
168 350 -7.0
617 623 -9.0
74 898 -3.0
132 747 -10.0
17 238 -10.0
109 372 -5.0
21 792 -4.0
511 610 -8.0
130 564 -6.0
56 511 -7.0
763 977 -5.0
812 974 -7.0
516 518 -7.0
923 986 -8.0
372 672 -9.0
120 921 -8.0
325 1000 -8.0
444 681 -3.0
509 549 -5.0
18 916 -7.0
661 993 -8.0
12 851 -1.0
335 975 -10.0
631 891 -4.0
114 175 -6.0
125 366 -3.0
89 436 -7.0
8 448 -4.0
369 773 -2.0
802 821 -9.0
749 800 -4.0
756 884 -9.0
411 806 -6.0
420 848 -10.0
529 729 -5.0
210 760 -2.0
97 586 -6.0
530 706 -2.0
462 561 -8.0
324 983 -6.0
176 462 -9.0
591 690 -3.0
592 753 -7.0
154 309 -3.0
78 732 -2.0
52 126 -3.0
306 579 -2.0
173 859 -2.0
493 882 -1.0
285 617 -9.0
320 375 -9.0
775 787 -7.0
98 812 -1.0
103 736 -8.0
277 314 -3.0
87 202 -10.0
268 724 -10.0
358 661 -9.0
160 480 -7.0
329 666 -10.0
103 400 -7.0
238 525 -5.0
30 242 -1.0
941 983 -4.0
293 452 -7.0
383 859 -1.0
218 780 -1.0
773 967 -7.0
944 985 -10.0
275 995 -3.0
392 468 -1.0
262 269 -5.0
328 390 -4.0
74 398 -4.0
263 682 -9.0
401 505 -7.0
805 958 -7.0
342 427 -6.0
351 688 -10.0
194 456 -10.0
77 804 -9.0
104 240 -9.0
654 820 -9.0
45 251 -3.0
852 875 -9.0
7 304 -2.0
51 568 -1.0
116 709 -6.0
379 551 -6.0
708 946 -3.0
303 941 -9.0
70 432 -4.0
146 330 -1.0
392 929 -4.0
449 975 -9.0
559 987 -8.0
539 932 -2.0
474 529 -4.0
724 974 -1.0
826 983 -4.0
840 967 -7.0
392 416 -9.0
123 384 -6.0
17 982 -6.0
267 440 -2.0
640 845 -9.0
426 787 -9.0
591 870 -4.0
984 988 -9.0
415 890 -6.0
123 262 -10.0
317 376 -4.0
185 569 -1.0
772 931 -7.0
104 624 -8.0
326 600 -5.0
324 677 -9.0
468 841 -7.0
251 998 -8.0
504 550 -1.0
924 986 -5.0
186 465 -2.0
107 697 -5.0
323 719 -1.0
543 547 -1.0
14 898 -4.0
27 993 -7.0
839 889 -5.0
599 806 -5.0
223 796 -6.0
867 949 -9.0
125 908 -6.0
671 908 -10.0
264 750 -4.0
672 697 -9.0
344 873 -1.0
125 789 -5.0
184 536 -7.0
57 303 -10.0
18 103 -1.0
823 839 -4.0
373 880 -3.0
335 776 -9.0
572 834 -6.0
302 667 -7.0
60 66 -9.0
566 841 -5.0
166 853 -9.0
689 899 -5.0
537 938 -10.0
338 715 -6.0
132 395 -4.0
303 942 -9.0
204 711 -4.0
236 976 -4.0
283 881 -5.0
417 556 -9.0
357 751 -6.0
790 945 -6.0
164 676 -2.0
331 486 -2.0
188 318 -4.0
144 557 -3.0
120 258 -8.0
119 549 -4.0
661 768 -8.0
179 362 -8.0
295 748 -3.0
47 475 -8.0
52 192 -5.0
386 501 -7.0
51 122 -4.0
188 847 -1.0
52 86 -10.0
271 967 -8.0
334 868 -10.0
284 764 -5.0
129 521 -8.0
43 542 -5.0
464 802 -10.0
312 627 -9.0
66 73 -7.0
154 423 -10.0
176 344 -8.0
391 685 -6.0
112 860 -3.0
182 591 -1.0
93 930 -6.0
606 882 -4.0
13 548 -9.0
282 337 -3.0
247 563 -8.0
45 551 -7.0
491 581 -5.0
150 847 -4.0
276 859 -7.0
142 200 -9.0
356 538 -7.0
672 851 -10.0
225 983 -7.0
592 874 -9.0
785 823 -8.0
432 720 -3.0
375 821 -4.0
685 995 -9.0
300 474 -5.0
141 752 -3.0
644 846 -2.0
122 333 -4.0
536 962 -2.0
29 453 -7.0
19 902 -9.0
452 487 -5.0
367 605 -9.0
359 388 -8.0
353 500 -9.0
104 540 -10.0
181 684 -3.0
71 87 -5.0
46 456 -5.0
784 887 -7.0
18 894 -1.0
247 481 -6.0
255 682 -9.0
95 750 -4.0
36 601 -2.0
328 819 -4.0
241 482 -9.0
152 718 -8.0
97 125 -1.0
735 882 -1.0
333 961 -10.0
114 514 -2.0
348 749 -10.0
448 693 -8.0
580 903 -7.0
517 843 -8.0
250 696 -8.0
757 801 -3.0
288 691 -7.0
348 416 -8.0
10 296 -4.0
334 775 -5.0
382 992 -3.0
385 530 -1.0
70 526 -7.0
59 853 -7.0
