MULTICUT
1 2 -5.35486804913
1 3 -4.53368396941
1 572 -3.54775738922
1 6 -3.63898310183
1 482 -4.03060525132
1 458 -2.99870918839
1 679 -3.29409294615
1 727 -3.45070455493
1 729 -4.48002771192
1 316 -3.07492267904
1 406 -4.3769487961
2 3 -2.91004683932
2 5 -4.15625061876
2 459 -3.71830281929
2 648 -3.92890840591
2 52 -3.46589643452
2 727 -3.43314686474
2 728 -4.06927437892
2 24 -4.22038798924
2 23 -3.94499515835
3 4 -3.80929666401
3 5 -3.53030415155
3 6 -2.41398356507
3 7 -2.38299910701
3 8 -4.54591307104
3 9 -3.91443071036
3 129 -4.75272264782
3 726 -5.00867762951
3 728 -4.66655950942
3 605 -4.56713247315
4 548 -3.91817639717
4 5 -4.77707159443
4 7 -4.89368215804
4 8 -3.42541351015
4 9 -4.80287585743
4 10 -3.84355456044
4 727 -3.85629404101
4 729 -4.93258718171
4 508 -3.64045293172
5 6 -4.83831534336
5 7 -3.68100020933
5 9 -3.62372788446
5 392 -3.14402339797
5 269 -3.25593757062
5 560 -2.73395762661
5 689 -3.08667025821
5 242 -3.63854470767
5 404 -4.81812365978
5 503 -3.65342208692
5 728 -4.09916954657
5 139 -4.48523237191
6 642 -3.99165587571
6 8 -3.24976538236
6 9 -4.37742158405
6 10 -4.69455989676
6 131 -3.62092888508
6 687 -3.37484118418
6 213 -2.42896480575
6 536 -3.74897197509
6 650 -4.72950892366
6 729 -2.34450210551
6 346 -3.46472256546
6 267 -2.97154112219
6 278 -3.87031761573
7 650 -4.11805202329
7 11 -3.82841329668
7 13 -3.62778703917
7 213 -2.97538143115
7 633 -4.14844793765
7 69 -4.55076002779
8 10 -3.73354618574
8 11 -3.7380568828
8 12 -3.80369640346
8 13 -4.08513976062
8 340 -4.0294746063
8 653 -3.22328667273
8 605 -4.12849475708
9 522 -2.6742690772
9 11 -4.41053941368
9 12 -4.1502624374
9 13 -3.2667748218
9 14 -1.99837954792
9 270 -3.23614852342
9 533 -4.16622751069
9 186 -2.99677741294
9 565 -3.96197818991
9 683 -3.25055220777
9 198 -3.02202840625
10 429 -2.62172090434
10 11 -3.66664010433
10 12 -4.06408016475
10 13 -4.94761757423
10 14 -4.83027827707
10 15 -3.3047178096
10 16 -3.49977999678
10 212 -1.18008944768
10 572 -3.72234533701
10 350 -4.07487162691
11 580 -2.76264212848
11 12 -4.16153713867
11 13 -2.98901587284
11 14 -3.275229892
11 15 -3.20584474678
11 17 -3.88479267109
11 105 -4.49943074813
11 250 -4.48417147963
11 103 -4.29337248596
11 127 -3.95598105587
12 259 -4.7092589324
12 356 -3.41624714441
12 15 -4.12491752351
12 16 -4.13749684938
12 17 -4.53645305087
12 18 -4.46681393915
12 277 -4.41701355307
13 102 -4.40522517113
13 14 -4.07010717723
13 15 -4.11464854723
13 16 -2.40480692167
13 210 -4.71752295083
13 586 -4.75517866274
14 165 -4.68501991172
14 15 -2.70639439676
14 18 -3.460865411
14 596 -4.20100526797
14 20 -4.30390490748
14 409 -3.15127375354
14 286 -3.79118783985
15 359 -3.98502997765
15 16 -4.03538756104
15 18 -3.80201558736
15 19 -4.63828300813
15 181 -4.06759287811
15 540 -4.30072431829
15 64 -4.154009588
16 98 -3.66014332511
16 17 -4.38085569266
16 19 -4.70463949941
16 20 -2.73809058327
16 21 -4.021727885
16 22 -4.56275532125
16 251 -4.25548025356
16 573 -3.87637047986
16 107 -2.87647174126
17 481 -3.99076538185
17 306 -3.31705972055
17 18 -3.73818053793
17 19 -2.61680669459
17 20 -3.82490915511
17 21 -3.8146091473
17 22 -3.42156544855
17 23 -3.52975419216
18 615 -3.9625897513
18 164 -3.64489897608
18 335 -3.95247380775
18 39 -3.77353146023
18 78 -4.42669474894
18 20 -4.63424309337
18 21 -3.90350203437
18 726 -3.72114389993
18 23 -3.56007496115
18 157 -3.45056877671
19 35 -3.80452273719
19 328 -4.84702878854
19 20 -4.13681090151
19 22 -4.26077956428
19 23 -4.81139925055
19 24 -3.40896583351
19 25 -3.51249931523
20 674 -3.01954891591
20 418 -4.68961422173
20 649 -3.15411981507
20 21 -4.79827876939
20 22 -4.45058045642
20 24 -4.69724498014
20 26 -3.53440807547
21 280 -3.5061732577
21 430 -3.11095540062
21 22 -4.05587052192
21 23 -3.63075002628
21 24 -2.48435694292
21 25 -4.2332866781
22 493 -4.19391976037
22 23 -3.77999196995
22 24 -3.71756271485
22 25 -4.38258382392
22 27 -3.48916088663
22 28 -3.49568892598
22 126 -3.57433693746
23 551 -4.00549345802
23 432 -4.68203677539
23 24 -4.39744813927
23 25 -4.50043877017
23 26 -3.43844086733
23 27 -5.00879931053
23 28 -3.46176298478
23 150 -3.39790201776
24 507 -2.63318126615
24 517 -3.9277639657
24 505 -3.9530163007
24 93 -5.3398080199
24 235 -2.43268739438
24 330 -4.70778042396
24 25 -4.61870340481
24 251 -4.23503908652
24 27 -3.6692856899
24 28 -4.39183688913
24 29 -3.22306885912
24 30 -4.8222205752
25 579 -4.61122742681
25 619 -4.18616490776
25 590 -4.33458878428
25 26 -4.90564008699
25 218 -3.76417743619
25 28 -3.30348801561
25 379 -4.67433852607
26 329 -3.99967001457
26 423 -4.26172797716
26 264 -3.31132551691
26 457 -2.89405471029
26 633 -4.34033114594
26 309 -4.56541429828
26 27 -3.30432000571
26 29 -4.54803476629
26 30 -2.90494440625
26 32 -3.07597138513
27 33 -3.2680103078
27 130 -2.65511618172
27 483 -1.8726574342
27 555 -3.53100301582
27 208 -3.89838088684
27 338 -3.95335456391
27 28 -3.5888258873
27 31 -2.04339239573
27 32 -3.65711030967
28 34 -4.23720010664
28 36 -4.25477991527
28 135 -2.47442697845
28 694 -2.60907636504
28 30 -2.89438603239
28 32 -3.83315549068
29 34 -4.75697981413
29 35 -4.53892369601
29 702 -3.69894763211
29 50 -4.42471561857
29 501 -4.85924852471
29 528 -4.69998417831
29 368 -2.77557850551
29 30 -4.92748037534
29 32 -4.10245694965
30 34 -2.47089734253
30 570 -5.09456251447
30 525 -3.43468369642
30 242 -3.07011149026
30 660 -3.68971114731
30 478 -4.67531551032
30 31 -3.7551531415
30 32 -4.31744463052
31 34 -3.56463870037
31 323 -3.21261664561
31 167 -4.15160869157
31 366 -3.60265289756
31 721 -3.82284991041
31 153 -3.4290258307
31 32 -3.68329805556
32 33 -3.29067939472
32 36 -3.10586150941
32 37 -3.03172086237
32 40 -2.80803296639
32 77 -4.57080394058
32 675 -3.44251187731
32 724 -3.52204487242
33 34 -4.05253366206
33 35 -3.68672961543
33 37 -3.6672039599
33 39 -3.88265072856
33 66 -3.31216460735
33 682 -1.85912181325
33 377 -4.00296324108
34 35 -2.49988117953
34 36 -2.71386464379
34 38 -4.78327062436
34 39 -3.18240601823
34 40 -2.84965370251
34 575 -3.31605675441
35 36 -3.01627922102
35 37 -2.5114305531
35 39 -4.47489417543
35 41 -1.58728350427
35 554 -3.94684873575
35 300 -4.20863451648
35 420 -3.26912721225
35 279 -3.67663182723
35 508 -1.80913894849
35 511 -4.11866413927
36 580 -3.58309983287
36 38 -4.52080181888
36 135 -4.89452956574
36 41 -2.86236046209
36 42 -3.00865028328
36 340 -3.60337181031
36 202 -4.89924005986
37 226 -2.6420388723
37 39 -3.47972232518
37 40 -4.12876251757
37 41 -3.44919249123
37 42 -4.10544008181
37 43 -3.43372752021
37 155 -3.73117585079
37 222 -4.55754779845
38 39 -3.62555846189
38 41 -4.38218568807
38 42 -2.95916660171
38 436 -3.35509864109
38 343 -2.70199496495
38 252 -3.66787546681
38 511 -4.2196104125
39 428 -3.80683236137
39 40 -4.97407345495
39 41 -2.85339309462
39 42 -2.89202753241
39 45 -2.33544569664
39 425 -3.67720271771
39 457 -3.16491720895
40 583 -2.76666849085
40 41 -3.71317061944
40 42 -2.93931022326
40 267 -4.36440644501
40 45 -3.30973455763
40 334 -4.11323643267
40 247 -3.70672992128
41 42 -4.11089183439
41 331 -4.84158174785
41 44 -4.01615853056
41 45 -4.81510921134
41 46 -3.87510011998
41 47 -4.67636488316
41 220 -5.1991333641
41 75 -3.23187113555
41 550 -3.54682293051
42 261 -3.35461034905
42 43 -4.92181757567
42 45 -3.55982542362
42 46 -3.34371507865
42 47 -2.86147363242
42 404 -3.4405068275
42 485 -4.02833440547
42 381 -3.77060351625
42 288 -4.83937656757
43 199 -5.42527796028
43 674 -3.63019524856
43 102 -2.88843450696
43 44 -3.44593919195
43 45 -2.22037892336
43 48 -4.4424181518
43 142 -3.88303165084
43 205 -3.91015380371
43 175 -3.10912216999
43 416 -4.00882064529
44 312 -3.62319043634
44 589 -4.67548347916
44 46 -3.94221216561
44 48 -3.95702860096
44 536 -3.53199156172
44 605 -4.26569097003
44 350 -3.74535939128
44 640 -4.083741102
45 453 -3.31277630795
45 46 -3.35311425288
45 47 -4.29860247293
45 48 -2.81263808269
45 49 -2.33865919476
45 50 -3.63745384722
45 51 -4.63614080971
45 89 -3.60015322268
45 537 -3.56856311345
46 47 -4.85139110661
46 48 -3.72626811787
46 50 -3.97514423778
46 52 -3.33917242401
46 661 -3.844943272
46 540 -4.85721225299
47 359 -3.29631529425
47 49 -3.48875645243
47 50 -4.43932774938
47 51 -4.24297003206
47 52 -3.39732941879
47 599 -3.28052898317
47 377 -4.16963271933
47 299 -3.20758185921
47 715 -4.44666963386
48 484 -2.87530942307
48 49 -2.87489825828
48 50 -4.51548655718
48 51 -4.70614926491
48 53 -5.19023996031
48 726 -2.56748433829
48 157 -2.68023990776
48 479 -3.45271372804
48 534 -2.9891182251
49 321 -4.49320079951
49 322 -3.53656617064
49 270 -3.75296454756
49 52 -3.60541734282
49 53 -4.34794700161
49 542 -4.44134590308
49 287 -3.64340141653
50 194 -2.81138682834
50 425 -3.61101009836
50 308 -2.58358210388
50 52 -4.59519804823
50 54 -3.90599321657
50 56 -3.83564772325
50 441 -4.88898358903
50 602 -4.68084167078
51 673 -2.99459013326
51 465 -2.57373295889
51 355 -3.16705729644
51 708 -2.66941515161
51 333 -3.63393894131
51 100 -3.63258812183
51 52 -4.61940189843
51 53 -4.58708063233
51 55 -4.15619696405
51 56 -4.28597180475
51 569 -4.14736249824
52 522 -4.37845219062
52 53 -4.05584800492
52 54 -3.17124306497
52 55 -3.18349813935
52 56 -3.51336192243
52 57 -3.45628357892
52 58 -4.36432651041
53 488 -3.27442549534
53 648 -2.74599041891
53 537 -3.59393359646
53 54 -2.18445541345
53 56 -3.22089041564
53 57 -3.4864870201
53 58 -4.06494283468
53 59 -3.28563950894
54 530 -4.03822856737
54 686 -3.14515808891
54 724 -2.93408365512
54 56 -4.05572706695
54 58 -3.26336460195
54 59 -3.72706701903
54 416 -2.36266528427
54 448 -3.67399610612
55 381 -4.36025199882
55 107 -4.44838072575
55 173 -4.10981106295
55 56 -2.04401525174
55 57 -2.35719872198
55 58 -3.90157932253
55 637 -4.09023766828
56 306 -2.66233150436
56 349 -3.87114201206
56 684 -3.74433571217
56 57 -4.91656657561
56 60 -3.37842508313
56 61 -3.91292441239
57 290 -4.25014850957
57 460 -3.13314280848
57 267 -3.64648591105
57 344 -2.8516693176
57 58 -3.91899797041
57 60 -3.63652775566
57 61 -3.31241415875
57 63 -4.1500295404
58 343 -3.9098427843
58 93 -2.07604628291
58 344 -3.85245830722
58 59 -1.72825210812
58 60 -3.50006903725
58 61 -3.16184065613
58 63 -2.72334928094
59 65 -3.8611008922
59 597 -4.90457057035
59 314 -3.27791504971
59 60 -3.20692338306
59 61 -3.12279417951
59 62 -2.47147456768
59 64 -3.97630588173
60 65 -3.41169916385
60 66 -3.89781587703
60 484 -4.40250041178
60 279 -4.05088739744
60 637 -2.04313158435
60 500 -3.07051339855
60 672 -3.48889510729
60 61 -2.82061214658
60 544 -3.61529749755
61 65 -3.80869497147
61 66 -4.12633636335
61 67 -3.43802882136
61 489 -4.18442129585
61 523 -2.53649444112
61 204 -3.44300084712
61 481 -3.17325525405
61 64 -4.67749581834
62 65 -4.00581216559
62 164 -3.15360234513
62 614 -4.17377209706
62 626 -3.45032183551
62 568 -4.05612005273
62 273 -3.69267835618
62 658 -4.22654507148
62 155 -3.49666850082
62 571 -3.30799220476
63 65 -4.67877221262
63 67 -4.13950708909
63 68 -3.39951312977
63 69 -3.19142980293
63 430 -3.36860199152
63 209 -3.51120413579
63 114 -3.36672576551
63 372 -3.1387493914
63 64 -4.10056891087
64 66 -3.75149084304
64 69 -3.56914618202
64 430 -4.54260499481
64 446 -4.81230242562
64 655 -3.37220233309
64 183 -4.57748854199
64 512 -3.52767083432
65 67 -3.81634930081
65 68 -3.70889217132
65 69 -3.21762801676
65 70 -4.31894723044
65 71 -4.62135201795
65 537 -2.50390458812
66 385 -3.37128977111
66 68 -3.89867987071
66 70 -3.67851735903
66 173 -2.80144913944
66 424 -4.67486407908
66 461 -2.73824554547
66 188 -4.20855821931
67 162 -3.83373871994
67 612 -3.9737391952
67 70 -4.16066004905
67 477 -2.25292767996
67 139 -4.55203695588
67 647 -3.10178244715
67 254 -3.18857978924
67 543 -3.56068543185
67 667 -5.25176765175
68 229 -3.78996329064
68 70 -3.73997427667
68 73 -3.42273714608
68 74 -3.73980074978
68 372 -4.60039821434
68 311 -3.06870578197
68 632 -4.75379862311
68 345 -3.9957507481
69 70 -3.46746837733
69 71 -4.04985860578
69 72 -4.0855669742
69 73 -3.95937192025
69 75 -4.50039951904
69 616 -4.13471491449
69 494 -3.38986505585
69 175 -3.92474204386
69 541 -3.50479108579
70 71 -3.97947150742
70 72 -3.13193548376
70 73 -3.1778522689
70 586 -4.48229937495
70 75 -3.09052806902
70 76 -4.6354502905
70 175 -1.83934574361
70 466 -2.97391294645
70 725 -4.65867777154
70 559 -4.91803627292
70 664 -3.61431281431
70 427 -2.75350698034
71 676 -4.62204726666
71 621 -3.55116580302
71 72 -2.35673649283
71 73 -3.29693543885
71 74 -3.74218488777
71 75 -4.19839073184
71 401 -3.69737761822
71 339 -3.38216920084
71 477 -3.98813373939
72 520 -3.73308243553
72 76 -3.73729730126
72 77 -3.07269894814
72 78 -3.90892988159
72 388 -3.57132673823
72 283 -4.86534547617
72 315 -4.26379538601
73 76 -4.07386187863
73 78 -4.14492763653
73 79 -3.25746916472
73 366 -3.52906079659
73 698 -3.56754077445
73 476 -3.50487079338
74 75 -2.92191820171
74 76 -3.35418019972
74 77 -4.73245294436
74 78 -3.02814947288
74 80 -2.60776894816
74 541 -4.08986732096
74 299 -3.61807937824
75 77 -3.66191843521
75 78 -3.26983144126
75 79 -4.66552872343
75 80 -2.68230443878
75 501 -3.5088552999
75 535 -4.82540457624
75 504 -4.33990629364
75 633 -3.31028496801
76 700 -3.76228562414
76 112 -1.50036036012
76 78 -3.58829800541
76 79 -4.36948792645
76 686 -3.63704776683
76 82 -2.78185891205
76 663 -4.30414538362
76 441 -3.28188570786
76 208 -2.88071424101
77 236 -4.2580669709
77 430 -3.84187901252
77 79 -4.7965168372
77 81 -2.18186157879
77 627 -3.81025392279
77 509 -3.9115189667
77 683 -3.7257633605
78 523 -3.37848155588
78 691 -3.96977225457
78 79 -4.14705195061
78 81 -5.05947142756
78 83 -4.41780631097
78 469 -3.15193405545
78 381 -4.23376245605
78 168 -5.07119355776
79 673 -3.08040009908
79 209 -3.26640152744
79 80 -2.12343440945
79 81 -3.1208022906
79 83 -2.76229362606
79 84 -3.42045898029
79 214 -2.86254459675
79 184 -2.74783114157
79 222 -2.84230843318
80 355 -3.84749180112
80 644 -4.22196512164
80 681 -2.91476261974
80 460 -3.22625862205
80 173 -4.38316860597
80 81 -4.63033978716
80 82 -4.0692303495
80 83 -4.49448666807
80 436 -3.70069810323
80 85 -3.94521046172
80 86 -4.50853188739
80 440 -3.00894740453
80 271 -4.63816825044
81 437 -3.31067279905
81 82 -4.6677599874
81 83 -4.76311151889
81 500 -4.75797863418
81 85 -3.68126735147
81 86 -4.03960425655
81 87 -4.33465825892
81 693 -3.06114352164
81 223 -3.76681903146
82 410 -2.8169110182
82 540 -2.14579245019
82 178 -3.65917929391
82 83 -4.22895819252
82 85 -3.47232620844
82 87 -4.70508549039
82 88 -4.19806001237
82 341 -3.60424569706
82 699 -4.38126397149
82 661 -4.10937216056
83 522 -4.47716692184
83 85 -3.67758798974
83 86 -3.91712098189
83 87 -4.44310857334
83 88 -3.94891931938
83 157 -4.52952167854
83 254 -3.99623061833
84 474 -3.27488295707
84 328 -4.56750406262
84 85 -4.44107761762
84 86 -3.84454462239
84 87 -4.52676660622
84 88 -3.09800235505
84 89 -2.90842565688
84 124 -3.04513285733
85 530 -3.98267584404
85 308 -4.51009998278
85 526 -2.85908506528
85 86 -4.92982375362
85 89 -3.77858360428
85 91 -2.91745417669
85 544 -2.80998320101
86 449 -4.17898703528
86 395 -3.43545614421
86 87 -4.03332148017
86 88 -4.83565630446
86 665 -3.06040014849
86 91 -3.39179582849
86 92 -1.88728338992
87 628 -1.81250121747
87 243 -1.6167927231
87 660 -3.21557181331
87 88 -2.74398514603
87 89 -3.81440333119
87 90 -4.48891863613
87 93 -3.5817914489
88 473 -3.1977377543
88 123 -3.13738130243
88 89 -3.85261194408
88 602 -2.84340900105
88 91 -3.99424825807
88 92 -3.51821374987
88 93 -3.18459501009
88 94 -3.75902328039
88 607 -1.58281021585
89 458 -3.27456700654
89 90 -4.96450537523
89 91 -4.39303004615
89 92 -3.26361602297
89 95 -3.87398974568
90 513 -3.94360917494
90 233 -4.25558919135
90 371 -3.24356544389
90 91 -3.7028587602
90 92 -4.57232077979
90 94 -4.81097295599
90 95 -3.11112754153
91 97 -3.73196431753
91 710 -4.40826719428
91 681 -2.66354413886
91 617 -4.0435056983
91 95 -3.60773837446
91 96 -3.83018794364
92 97 -3.33296462806
92 98 -3.98121662409
92 93 -4.05409012285
92 94 -2.96847894731
92 95 -1.53495237576
92 96 -2.34818701773
93 99 -3.52011411503
93 252 -3.84692590272
93 524 -3.41435276573
93 702 -3.62790592945
93 564 -3.6617967913
93 187 -4.67159170051
93 509 -3.22697980906
93 94 -4.21726565553
93 96 -3.89470265564
94 97 -4.10256255408
94 100 -4.63357139675
94 359 -4.04825573787
94 269 -3.2049837591
94 599 -4.31087214956
94 219 -3.7118024434
94 316 -3.16366280098
94 96 -4.99096290967
95 98 -3.31893667769
95 99 -5.1720237984
95 516 -4.29613451902
95 524 -3.88406178976
95 205 -3.72492347239
95 517 -1.61625128619
95 530 -1.83369890617
95 150 -3.47838399201
95 568 -3.32738890882
95 96 -3.98161912074
96 97 -2.69042190075
96 98 -3.34399753053
96 101 -4.73244919349
96 102 -3.98294787482
96 135 -3.78086317728
96 578 -2.5493205388
96 111 -4.10096713121
96 348 -3.21175628254
97 99 -4.22751647997
97 100 -3.82264926579
97 101 -4.76946064178
97 102 -4.5469225069
97 393 -3.60490791859
97 365 -2.92810469798
97 192 -4.08751758231
97 143 -3.02710165065
97 723 -3.55540898929
98 99 -3.56906331693
98 100 -4.34207807779
98 101 -4.53021389265
98 103 -3.68691500001
98 713 -2.85238729659
98 512 -3.97856346676
99 100 -3.29812988308
99 101 -4.16548011883
99 102 -3.38547397984
99 413 -3.72991987773
99 558 -4.03790663795
99 228 -3.0959923118
99 475 -4.35218502105
99 702 -4.60592637232
100 101 -3.68909842441
100 102 -2.53534166183
100 104 -4.19785234747
100 105 -4.54268225629
100 514 -3.56705129931
100 128 -2.45601254658
100 256 -3.0734363155
101 453 -3.31960661213
101 102 -3.37625320436
101 104 -4.54539650416
101 105 -2.7029045573
101 107 -3.52210103337
101 447 -4.03395604172
101 344 -3.5609923671
102 103 -3.91855009013
102 105 -3.94708460524
102 106 -4.12791912163
102 305 -3.84537406449
102 216 -2.0018186152
102 517 -4.57951206609
103 396 -4.01701758064
103 104 -2.67361031451
103 105 -3.65008186243
103 107 -4.0282303998
103 108 -4.21279236454
103 336 -4.50634321556
103 403 -3.51414339819
104 105 -3.50376911279
104 525 -4.36104316997
104 107 -4.52822643033
104 108 -4.51635941169
104 109 -5.220616333
104 110 -3.82627885929
105 258 -5.00619132577
105 106 -3.89014383237
105 107 -4.42483591107
105 108 -3.48582767074
105 685 -2.95926233993
105 110 -1.72758473664
105 518 -3.90332753714
105 708 -4.10343406883
105 655 -2.32057625716
105 576 -4.1988704859
106 107 -2.8045085135
106 108 -3.59750068289
106 109 -3.96604503409
106 110 -4.49122285377
106 112 -4.14199603137
106 728 -3.39872033428
106 286 -4.28397077168
107 264 -3.03182171812
107 295 -2.95535951949
107 108 -3.93534450729
107 109 -4.33936525458
107 113 -3.74906955302
107 581 -2.81123450678
107 283 -2.22020897593
108 484 -4.14870474087
108 229 -3.8619012026
108 110 -3.73052256245
108 111 -2.89304494222
108 112 -3.23015528536
108 113 -4.47113961344
108 114 -4.05253581849
108 420 -3.91000515887
108 281 -3.11325654656
108 459 -4.24462579993
109 230 -4.34375207623
109 110 -3.36886593388
109 113 -4.19443346017
109 114 -2.65383009293
109 467 -4.31422795491
109 150 -3.48365543572
109 710 -3.50831247893
110 579 -3.82490122991
110 111 -2.96008785982
110 113 -2.6335686287
110 114 -4.14321220422
110 115 -3.73174784694
110 116 -1.73527023354
110 309 -3.81662295721
110 122 -4.18087592018
110 347 -4.20255790547
111 513 -4.4003634858
111 241 -3.64056100228
111 112 -2.75543612047
111 113 -3.0146050664
111 115 -4.16730772849
111 117 -4.40771501681
111 278 -2.33865755828
111 170 -2.59459348864
112 262 -2.54655427824
112 618 -3.62365213047
112 430 -4.55096758982
112 114 -2.95931575366
112 117 -4.56197989237
112 118 -3.17168570172
112 472 -4.34145732981
113 644 -3.85003423964
113 115 -3.26802949739
113 118 -3.91163584967
113 119 -4.41670030763
113 373 -4.75673728166
113 284 -3.28487262965
113 459 -4.93065201421
114 262 -3.77434833708
114 407 -4.80829466672
114 425 -3.32270599047
114 116 -2.95902930341
114 405 -3.24286517745
114 120 -3.11387322788
114 574 -2.61425613217
114 512 -2.57769771485
115 193 -2.65921987475
115 339 -2.71592210557
115 116 -3.76548663952
115 117 -4.04036090213
115 118 -3.89633465171
115 119 -4.23559149103
115 120 -4.15756183895
115 121 -4.30438253361
116 293 -4.58322076997
116 521 -4.00033515893
116 502 -4.05654544096
116 401 -2.52301710628
116 244 -2.70145964458
116 118 -4.34663857817
116 119 -2.83261021711
116 121 -4.5426335758
116 122 -3.20587363634
116 185 -4.75808235583
116 416 -2.5338223702
117 227 -3.7936665359
117 118 -3.87694822187
117 120 -3.52301457976
117 121 -3.59001589803
117 122 -3.24823171545
117 123 -3.56130918204
117 285 -4.33690986992
118 567 -4.50168708588
118 554 -3.045554592
118 119 -4.38268473267
118 120 -4.90020227286
118 122 -4.53194729815
118 123 -4.21545813356
118 124 -4.63788731286
119 417 -4.08801871967
119 678 -3.98111740792
119 714 -3.89271765154
119 491 -3.22923363582
119 333 -2.79947423398
119 274 -3.34264957546
119 120 -4.61660840728
119 121 -3.19302215966
120 135 -4.35259028063
120 466 -3.63285528154
120 587 -3.2704521001
120 559 -3.5704572524
120 542 -4.16748432593
120 344 -2.70265121825
120 121 -2.8642246076
120 123 -4.27202903759
120 125 -4.50846089671
120 411 -4.17503249926
120 512 -4.6200894855
121 606 -3.8754483522
121 122 -4.00385685593
121 123 -3.25763585351
121 124 -2.47144209372
121 125 -2.71722591678
121 126 -4.06906428492
121 127 -3.56295068536
122 681 -3.19175018196
122 298 -3.6287352791
122 239 -3.75867671341
122 465 -4.43406618047
122 123 -3.94715090623
122 125 -4.02229967804
122 126 -4.1908617021
122 127 -3.56760239743
122 128 -4.69201029168
123 523 -4.00863781915
123 616 -3.23239139767
123 459 -4.99515001257
123 339 -3.83689267056
123 635 -4.04941649703
123 124 -4.12068515976
123 125 -3.20564398067
123 126 -2.1655949481
123 127 -3.93593500486
123 128 -3.04447243128
124 129 -4.08631990227
124 130 -4.18097861336
124 334 -4.82281997538
124 435 -2.97630527871
124 629 -3.29204553876
124 536 -4.97644217917
124 125 -4.21880164323
124 127 -3.7800214507
124 128 -3.63123086509
125 455 -3.01922112736
125 648 -3.48295526998
125 620 -4.48004553182
125 365 -3.27023591808
125 670 -3.51037358733
125 158 -1.43304991934
125 562 -3.18267307189
125 126 -3.17846210801
125 127 -2.87343753191
126 129 -4.93324152746
126 130 -3.72730876496
126 132 -2.69184954539
126 216 -2.33987775222
126 399 -3.66574387407
126 565 -3.95123740103
127 132 -3.71631523935
127 133 -4.18754642887
127 455 -3.01943859299
127 519 -3.36148340376
127 685 -3.24244612116
127 288 -4.32856496284
127 345 -3.29936766145
127 164 -3.57341895586
127 606 -2.40814361629
127 128 -4.21779074417
128 129 -4.40093419141
128 130 -3.01581734361
128 132 -4.87492603448
128 133 -3.65052700465
128 423 -3.03055019075
128 224 -3.07879591251
129 130 -2.78619189289
129 131 -4.68147100153
129 132 -4.24258088499
129 134 -3.73674112549
129 135 -4.14142983245
129 667 -4.5319654423
129 695 -4.01212864996
130 131 -3.31598258198
130 133 -3.66272757676
130 134 -4.53101976183
130 135 -4.11649423
130 136 -3.24966400556
130 425 -3.31626178491
130 375 -2.13684159564
131 323 -3.75948148516
131 460 -3.97180073759
131 645 -4.6887106049
131 136 -3.99022992861
131 137 -4.20350072899
131 300 -3.67250856209
131 419 -3.67543565717
131 243 -3.47794976318
131 287 -3.60644443982
131 485 -4.37288164141
131 255 -4.53548802869
132 481 -4.71162583191
132 677 -2.14105609855
132 134 -4.03469921044
132 135 -4.34438678338
132 137 -4.24162878636
132 139 -2.69091707874
132 410 -3.67695116029
133 228 -3.34906316448
133 295 -3.45691279197
133 135 -4.26418759445
133 136 -4.30143931624
133 137 -3.29679867703
133 138 -3.49114775966
133 139 -2.97601132439
133 693 -4.03519535053
134 135 -3.33682716699
134 136 -4.45483193476
134 137 -3.61341780134
134 138 -5.32596384022
134 139 -4.00218408122
134 140 -3.70143490282
135 136 -3.28265454716
135 137 -4.00499575778
135 138 -4.73940163788
135 139 -4.29461619925
135 141 -4.48074703673
135 186 -3.74364345445
136 226 -2.41625630745
136 137 -4.11807320381
136 138 -3.35785423899
136 396 -4.84157803512
136 141 -4.1150027482
136 142 -3.74799448864
136 438 -5.03832308084
137 138 -4.54793574065
137 140 -2.85026931128
137 141 -4.78094776249
137 142 -4.34703764233
137 143 -4.28351783346
137 660 -4.4589725302
137 335 -3.01204115682
137 655 -3.17484966677
137 572 -4.53783947595
138 491 -4.9619851361
138 140 -3.06624233665
138 204 -4.14585570533
138 440 -4.0808923233
138 217 -3.55456250803
138 398 -2.78554819024
138 496 -2.94956539569
138 478 -4.1603340732
138 383 -4.21853220821
139 140 -3.37484600056
139 143 -4.96383028706
139 145 -3.84755617989
139 175 -3.21006886283
139 377 -4.24490756025
140 643 -3.93183825582
140 142 -3.0663221945
140 144 -3.06790670813
140 145 -4.16293755708
140 378 -5.57032194785
140 560 -5.07095519179
140 526 -3.59469637514
140 382 -4.45947325451
141 142 -3.23534408806
141 144 -3.92843781349
141 145 -2.54355439489
141 147 -4.11215633324
141 439 -4.03840944434
141 442 -3.02609936579
142 332 -4.1322432189
142 143 -3.55490487405
142 432 -3.56837950219
142 145 -3.80256523079
142 146 -3.52587209561
142 148 -3.40987045297
142 624 -3.34703752396
143 236 -3.29633251118
143 144 -2.94684095471
143 147 -3.56592009475
143 149 -4.5944038387
143 694 -4.09248065248
144 556 -4.68031474342
144 581 -4.286860184
144 592 -4.00976781662
144 145 -3.00063640198
144 149 -3.50743955044
144 150 -4.17734240731
144 407 -3.94931049523
145 647 -3.29117347261
145 147 -3.66547428099
145 148 -4.23875169824
145 149 -2.60131085823
145 281 -3.9743783011
145 509 -3.63490646176
145 511 -2.98548541586
146 229 -3.89769789698
146 147 -3.54166985018
146 148 -3.1136039964
146 149 -4.25001205789
146 152 -3.01443099566
146 665 -3.51512826861
147 622 -4.63766869424
147 148 -3.96848913666
147 149 -3.0472152097
147 151 -2.23847295014
147 152 -2.72334713207
147 153 -3.96099975469
148 183 -3.80868363497
148 149 -3.56826081944
148 150 -3.59476573672
148 151 -3.85910310663
148 152 -3.56400589642
148 153 -2.37632938736
148 630 -4.60124233045
149 613 -3.73617667778
149 535 -2.60315689572
149 267 -2.99330254612
149 150 -4.03812412985
149 151 -2.23191409976
149 152 -3.90697843904
149 154 -2.05142746824
150 261 -2.4297930666
150 294 -3.47460158378
150 503 -3.36412455852
150 522 -2.20184254543
150 255 -3.82516611503
150 151 -3.93079280802
150 152 -4.60150399995
150 634 -4.32690443939
150 688 -5.19494713755
151 194 -4.79362623233
151 323 -3.55067348913
151 714 -2.89545787904
151 491 -3.60911979447
151 364 -4.42956515859
151 419 -4.61890882641
151 248 -3.58984642612
151 154 -2.65808200682
151 156 -3.15381677727
151 157 -3.84061335055
151 216 -3.37346349298
152 481 -2.47527694647
152 514 -4.0512572549
152 594 -4.29049422832
152 661 -3.35082503667
152 616 -3.1110968411
152 174 -3.90679406585
152 247 -2.48509579485
152 154 -5.01128210861
152 156 -3.55237592893
152 157 -4.980697143
152 158 -3.57361604898
153 174 -3.85904728397
153 303 -3.71719134923
153 245 -3.44571598105
153 447 -4.7340743543
153 155 -3.11627210756
153 156 -3.11979844893
153 159 -3.4810737846
154 316 -2.84084395339
154 649 -3.5707116368
154 718 -4.53233744824
154 155 -3.86307838676
154 156 -4.34070196229
154 347 -2.91607469822
154 159 -2.62622830517
155 161 -3.6990807043
155 195 -2.57232041749
155 586 -2.427083699
155 173 -3.73759288322
155 156 -3.17795590969
155 160 -4.50801099264
156 161 -4.46699159163
156 162 -3.87121786732
156 471 -3.98812093874
156 680 -4.43101603982
156 158 -3.20008287822
156 159 -3.65014766221
156 160 -3.05617028283
157 336 -3.56247401409
157 656 -4.27188964925
157 158 -3.2274881577
157 160 -3.94981293793
158 161 -4.42201032589
158 162 -3.43964194742
158 163 -2.79948702159
158 164 -2.57827997883
158 674 -2.62532030219
158 569 -4.50262571194
158 159 -4.40685448741
158 160 -3.35716891465
159 161 -3.44833548199
159 162 -3.22620415873
159 163 -2.81850635397
159 164 -3.8900896386
159 261 -4.12441859369
159 691 -3.84216188369
159 388 -4.62743374095
159 160 -3.65336893663
160 161 -4.47677824326
160 163 -3.33687155923
160 164 -3.18527261794
160 165 -4.27782529348
160 710 -4.69018568271
160 394 -3.39182571332
160 204 -4.45256937978
160 188 -4.6516370568
160 439 -3.41031213458
161 225 -4.75047214447
161 164 -4.48688278284
161 165 -1.91772399524
161 167 -4.63548464605
161 714 -2.64782834416
161 696 -4.0213511235
161 218 -4.29478616066
162 163 -3.5370701813
162 164 -2.48974777968
162 168 -4.26148784482
162 580 -2.74767018958
162 671 -4.16241281586
162 192 -3.10600860808
163 164 -3.82174448485
163 165 -4.47865338305
163 166 -4.01187234134
163 167 -3.60727186141
163 168 -3.71130309559
163 169 -2.57205302922
163 628 -4.91625234112
163 384 -2.25959160114
164 295 -3.11067701827
164 165 -4.23419513747
164 166 -4.03871985435
164 359 -3.6153855133
164 170 -2.45331270626
164 458 -2.71400115826
164 472 -4.93984401208
165 324 -3.57885045465
165 166 -3.19738749538
165 167 -3.6739182053
165 169 -3.45578594689
165 171 -4.26726627955
165 304 -2.98293088011
165 201 -3.79677959754
165 228 -2.74879920058
165 509 -4.73166698599
166 449 -3.98288560519
166 167 -4.25033123516
166 168 -4.64782648843
166 170 -4.50245141061
166 171 -4.88085719269
166 208 -3.89868906474
166 244 -4.89935893719
166 727 -2.99093526789
166 261 -4.06074956057
167 674 -3.91710039438
167 171 -3.48724522797
167 172 -4.27448216129
167 643 -3.12774411365
167 687 -3.36458061842
167 567 -2.94830448361
167 684 -3.75663806769
168 169 -3.11378414441
168 234 -3.94634207788
168 171 -2.41636239017
168 173 -3.45433552009
168 527 -3.39907865903
168 596 -3.37728532375
168 276 -3.79878590697
168 382 -2.4189200398
168 262 -3.26605719579
169 296 -4.48044232644
169 170 -5.00333891964
169 172 -2.60981821913
169 173 -3.65102878752
169 174 -3.24110363001
169 308 -3.07152152837
169 250 -3.53467567315
170 172 -4.25610133627
170 173 -3.76378656155
170 174 -2.19195945117
170 175 -3.59216980497
170 176 -2.83342046258
170 668 -4.93474625638
171 401 -4.36063755206
171 585 -4.90275786609
171 172 -3.83700317369
171 173 -3.81685805682
171 174 -5.07621223467
171 175 -4.96368978737
171 176 -3.50487280962
171 177 -3.8496038884
171 219 -3.42993398137
172 529 -3.77705258434
172 524 -4.30325264818
172 173 -3.83993394313
172 174 -3.93286206713
172 177 -3.57973769152
172 178 -4.02635780609
173 176 -3.86423443575
173 179 -3.66146837036
173 649 -3.51010941221
173 378 -4.81039420082
174 600 -3.20455046287
174 291 -3.97824900049
174 493 -2.84853015294
174 176 -2.59830796412
174 178 -4.45351231662
174 180 -4.42382865139
174 309 -3.01850421377
175 178 -4.18062409875
175 179 -4.46008581514
175 180 -3.03551034165
175 181 -2.89262988826
175 235 -3.64067262148
175 486 -3.27217017553
176 389 -5.16569725669
176 294 -3.48310042511
176 178 -3.41234035723
176 179 -3.78935138444
176 180 -2.55303085675
176 181 -3.63403258547
176 182 -3.45809405704
176 437 -3.27429271511
177 359 -2.82712899806
177 648 -4.80722335651
177 178 -3.73339093922
177 530 -2.47432955121
177 182 -4.03021297008
177 640 -2.49158051961
178 618 -4.15417170644
178 600 -3.51059470548
178 179 -4.6832698546
178 180 -3.94707983425
178 182 -4.09360603225
178 724 -4.34203814568
178 184 -3.64904497752
178 494 -2.41165327975
178 446 -2.9961804289
179 420 -3.94835237208
179 653 -3.27242910735
179 632 -3.61680533198
179 180 -3.95567904427
179 181 -3.64254072124
179 182 -4.55320121956
179 184 -4.46494393008
179 185 -2.95898221846
179 669 -4.12460930904
180 289 -1.9958342152
180 258 -3.19146794007
180 371 -3.72923339364
180 548 -2.64406035792
180 486 -3.72751217635
180 660 -3.00728488268
180 341 -3.73017175937
180 182 -3.02474093376
180 183 -4.38924302893
180 186 -2.98204079069
181 325 -3.96686006771
181 663 -3.35533709528
181 199 -3.75824752626
181 424 -5.07051622345
181 182 -4.15743804936
181 183 -4.70968572344
181 184 -4.27411889447
181 185 -3.75328955803
181 186 -3.7186528713
181 187 -2.93364524466
182 498 -2.80628776593
182 433 -3.0443373723
182 439 -4.53243302639
182 338 -3.82495111882
182 403 -2.26338340796
182 183 -3.34696885198
182 187 -4.7449127212
182 188 -1.57865116189
183 305 -3.42315656038
183 675 -3.12805164818
183 380 -4.40329079278
183 303 -2.01767513507
183 248 -3.7720262479
183 187 -3.82849593577
183 189 -4.57684623533
184 712 -3.02672125326
184 655 -3.65615764654
184 410 -2.84919089375
184 186 -3.59307262294
184 187 -3.2640322378
184 188 -2.10419275832
184 189 -3.50724041465
185 709 -4.69379011694
185 456 -4.60504881948
185 339 -3.15841628343
185 213 -3.9129593376
185 186 -2.83452462309
185 188 -2.50506448843
185 190 -4.14407244378
186 299 -2.90045961988
186 537 -2.06487636978
186 187 -3.5033829273
186 188 -3.18645804058
186 192 -3.73433276441
187 193 -3.59791559186
187 708 -3.32840102945
187 358 -2.95155912842
187 295 -2.84813418552
187 695 -5.72904722338
187 188 -3.44676820619
187 190 -2.73692839481
187 192 -2.04344196294
188 193 -3.98663694986
188 633 -3.90044232588
188 447 -2.16154020732
188 189 -2.55378982894
188 191 -3.50451779374
188 192 -4.05470455972
189 193 -3.12304229772
189 194 -2.89021294991
189 195 -3.89266201787
189 471 -3.77128722648
189 513 -4.79139287073
189 466 -3.02080010918
189 190 -4.7570479065
189 191 -2.50927434778
190 193 -3.51632607273
190 194 -3.867605341
190 549 -3.47779704778
190 523 -3.29242266168
190 300 -4.41512786539
190 709 -4.31131881996
190 191 -4.76227937743
190 192 -3.47934204002
191 419 -4.49699954025
191 197 -3.52109668883
191 264 -3.98406118049
191 330 -3.4223592579
191 707 -3.46561055774
191 401 -4.09291734642
191 530 -3.59954933519
191 243 -4.28691838055
191 611 -2.85333679066
192 193 -3.43514627772
192 196 -3.75171025454
192 197 -3.72608071004
192 198 -4.65183347969
192 268 -4.49373996493
192 463 -2.71041123033
192 633 -3.97613258345
193 195 -3.82317936667
193 196 -4.31050889971
193 199 -3.31974433785
193 477 -3.67879762321
193 719 -3.54121765669
193 624 -3.61973603263
193 722 -3.60029517821
193 438 -4.05718632466
194 196 -4.08797528147
194 197 -4.09858087889
194 198 -3.40309854197
194 199 -3.84407908478
194 637 -3.09404504887
194 422 -3.32403077155
195 196 -3.2807853277
195 197 -5.02441460227
195 198 -3.90237552323
195 199 -4.67532395614
195 200 -4.04808423138
195 201 -3.97850260354
195 303 -3.99666434627
196 197 -1.74314363509
196 198 -4.35116760775
196 201 -2.63739450068
196 717 -3.16678154733
196 718 -4.74275127431
196 247 -4.45421051053
196 397 -3.09348338998
197 198 -1.64726933731
197 199 -4.40299031442
197 200 -1.54552537547
197 201 -4.31815711784
197 202 -3.75653275656
197 203 -2.80830188427
197 699 -4.65016926951
198 199 -3.30067182253
198 200 -4.82895901041
198 201 -2.73656746971
198 203 -4.27960367011
198 211 -4.29015609103
198 670 -3.44565012087
199 200 -4.35544207926
199 203 -1.56160137974
199 204 -3.21869806063
199 348 -2.58010369148
200 548 -4.34257003275
200 202 -4.44026010678
200 203 -5.07766986513
200 204 -1.49259330935
200 205 -4.34352694421
200 206 -3.11273596243
200 532 -0.943506777296
200 405 -3.89002848824
201 202 -3.08808098629
201 203 -3.53608167986
201 204 -4.17868692637
201 205 -2.33264551103
201 206 -2.73416329247
202 203 -4.13694390408
202 584 -3.72861782014
202 205 -3.81157671539
202 207 -4.03691584916
202 626 -4.28844619598
202 338 -3.53055782745
202 665 -4.45330169525
202 363 -3.45709366743
203 353 -4.04451340086
203 580 -4.48884703751
203 205 -1.98519633528
203 206 -2.87661244759
203 207 -2.29625802289
203 208 -4.81005209139
203 209 -2.30021329462
203 351 -3.64995318389
204 493 -3.29519912966
204 686 -4.79252595839
204 210 -2.91148826954
204 247 -4.24029886656
204 426 -3.22317291021
204 446 -2.98492199421
205 207 -3.99062595065
205 208 -3.4333046354
205 209 -2.65793993834
205 210 -4.18342682183
205 211 -2.95811429194
205 244 -1.85126215818
205 471 -3.49581073805
205 606 -3.38263184507
206 207 -4.68983200336
206 209 -2.96162074638
206 210 -4.58542150801
206 211 -3.89348081243
206 212 -3.80800148713
206 667 -1.64647351192
207 291 -4.16896712463
207 483 -3.77378762957
207 713 -3.40600824283
207 211 -3.47159789081
207 212 -4.11186145212
207 213 -4.00329818445
207 532 -4.63485813129
207 315 -2.66047084113
207 284 -3.72416343434
208 209 -3.1785253583
208 210 -3.54140691097
208 211 -4.92679956352
208 213 -3.35415036093
208 214 -3.37951470807
208 606 -5.24114372933
209 292 -3.74408573948
209 210 -4.84922255721
209 211 -4.61476953895
209 212 -3.66083431545
209 213 -3.4762721583
209 214 -3.28982953341
209 215 -4.07693080062
210 211 -3.86747050803
210 213 -2.9877261014
210 214 -3.84835600827
210 215 -3.74494408325
210 216 -4.24190546846
210 569 -4.39341924087
211 572 -3.38377641757
211 535 -3.96048873313
211 327 -2.38395294157
211 212 -2.15243417561
211 214 -1.19601782513
211 216 -3.84026433778
211 217 -3.33436399259
211 412 -4.47283389108
212 450 -3.85545294997
212 313 -2.59493105079
212 405 -4.69258678645
212 215 -4.07262383427
212 586 -3.55420935428
212 217 -3.75434689943
213 354 -4.01450048451
213 503 -4.50618440496
213 490 -3.94306474552
213 267 -4.31483169754
213 214 -4.04139600985
213 215 -3.30696325068
213 217 -4.15334050205
213 218 -2.81255513765
214 348 -4.22118864349
214 490 -2.84914049663
214 331 -2.76963242919
214 429 -4.48853039247
214 216 -3.8132623708
214 528 -3.99113524839
214 218 -3.83289836485
214 219 -2.96664077519
214 220 -3.42474087271
215 442 -3.66769201839
215 357 -4.45803781908
215 393 -1.88812206801
215 435 -3.07470530414
215 216 -2.83348210056
215 217 -4.66632830417
215 218 -2.89912849102
215 220 -4.44569730322
215 221 -1.91176014714
216 705 -2.58090918298
216 711 -3.5620280881
216 332 -4.33881013507
216 320 -3.68787034591
216 218 -3.96675058115
216 220 -4.22957443802
216 454 -3.43771495928
217 706 -3.29178098611
217 616 -4.0903928067
217 265 -3.40510110579
217 220 -3.33043188348
217 221 -3.65167973579
217 223 -2.34801334917
218 631 -3.72221078262
218 222 -4.53039667853
218 223 -4.15675387169
218 224 -3.8352171504
219 455 -4.28683652754
219 221 -2.34963775853
219 222 -3.78861787804
219 224 -4.26691175088
220 225 -3.76023670428
220 272 -4.30506680085
220 339 -3.80712431255
220 221 -3.24203360331
220 222 -2.68818171594
220 223 -2.86432953784
220 224 -2.18377767354
221 225 -4.00608427024
221 226 -4.68242420102
221 227 -2.60869614945
221 349 -3.82581020852
221 638 -1.60378143756
221 223 -3.04799510931
221 224 -3.38850615032
222 225 -4.63842435588
222 226 -4.23558223599
222 227 -2.54799459134
222 486 -4.13918944174
222 520 -3.05496408169
222 257 -4.41230113934
223 225 -3.50964020795
223 226 -3.74234504191
223 227 -2.87172848534
223 381 -3.32286819274
223 556 -3.34075578875
223 516 -2.17832529911
223 507 -3.41301363037
223 224 -4.03383096749
224 225 -4.25142313815
224 226 -3.74489430695
224 227 -3.22064483482
224 228 -2.91940854861
224 230 -3.39499171493
224 520 -3.4502221916
224 485 -4.3934497672
224 566 -3.93247490196
225 226 -2.958625526
225 228 -2.27930328334
225 229 -2.82010525918
225 231 -3.02448912489
225 553 -2.57935881416
225 492 -3.69042711719
225 305 -3.62607055084
225 348 -4.52224952251
225 676 -4.73421436569
226 675 -4.11741937774
226 297 -3.8615920497
226 465 -4.9870202698
226 571 -3.44463544771
227 228 -2.47651514633
227 230 -3.86265065612
227 231 -4.03599689951
227 232 -3.64873448881
227 396 -2.81056981737
227 287 -4.09399683142
227 502 -4.08650682332
228 229 -4.52869360872
228 232 -4.43195650402
228 233 -2.66612419091
228 683 -3.59596563499
228 308 -4.07453406602
228 613 -2.79309099011
229 231 -3.47294036115
229 232 -3.5861228831
229 234 -2.47551235131
229 275 -3.63131755831
229 575 -4.87948948664
229 568 -4.85335183813
230 231 -4.25183002727
230 232 -2.77439203005
230 234 -2.41162459646
230 235 -3.98080174034
230 236 -4.34789001343
230 695 -2.30263099178
230 319 -3.52764086832
231 233 -4.24528967183
231 234 -4.40182132648
231 236 -2.9908807042
231 237 -3.04112782909
231 515 -4.90770007581
231 338 -3.67383464205
231 298 -4.25262011456
232 722 -3.46216059909
232 234 -4.07106243626
232 235 -3.1877947452
232 236 -4.22806470899
232 238 -4.31187326215
232 451 -4.29926237664
232 370 -2.81120415325
232 564 -4.71924250667
232 277 -4.02595647858
232 476 -4.11081568162
232 258 -3.62104997803
233 234 -3.81682601428
233 235 -3.98569093402
233 236 -2.6162424599
233 237 -3.10082195049
233 238 -1.90759083704
233 239 -2.27826769411
233 462 -3.58156164642
233 444 -3.0921838615
234 235 -3.37833187893
234 236 -3.44595105381
234 238 -2.0223387129
234 240 -2.5941998556
234 540 -4.48068050768
235 529 -3.20064783254
235 236 -3.56691268648
235 237 -2.05268897377
235 239 -2.86423648921
235 463 -1.71134079167
235 412 -3.69261483389
235 586 -4.25879911194
236 460 -2.89815120865
236 240 -3.87434039458
236 242 -2.72991396111
236 498 -4.88860618207
236 471 -4.55591714274
237 238 -3.44435082859
237 239 -3.44860515168
237 241 -2.65614880165
237 242 -3.76471189689
237 243 -3.54077498961
237 658 -3.59174611944
237 410 -1.92988353607
238 239 -3.36166131036
238 241 -2.91381551643
238 242 -2.93570570021
238 243 -3.95723189978
238 394 -4.2658376404
238 380 -1.70597386502
238 573 -3.37892585227
238 713 -3.42098838344
239 712 -4.81969558485
239 240 -3.65543556592
239 242 -4.82091355929
239 243 -2.06400399999
239 244 -4.35538044844
239 245 -3.70960664644
240 628 -4.08218375338
240 595 -3.11320624887
240 241 -3.93655030365
240 242 -3.12003496533
240 244 -3.62439541813
240 245 -4.25266058572
240 246 -4.5475535717
240 714 -2.98910307373
240 473 -4.40715685497
240 249 -4.21369357189
241 572 -3.8600739325
241 454 -3.65716566226
241 499 -2.78040302039
241 336 -3.78624312671
241 404 -4.29345712811
241 246 -3.44658578757
241 247 -2.94383475569
241 348 -3.16503901797
241 444 -2.76799854596
241 590 -4.39742058551
242 266 -4.76262927125
242 245 -3.51524190928
242 246 -2.87551418635
242 725 -3.67192213401
242 445 -3.64349420718
242 349 -2.47427787123
243 396 -3.34073281565
243 246 -4.21778952241
243 249 -3.43421294333
243 381 -3.72999409964
244 245 -2.70322167095
244 248 -2.95183722192
244 250 -5.14313850877
244 379 -4.58033218313
244 282 -4.28252283087
245 521 -4.58649639474
245 601 -4.48815154855
245 247 -3.33389511093
245 248 -3.81597728416
245 249 -2.90485681681
245 250 -4.07025242395
245 251 -3.07731934047
246 518 -4.15582281634
246 248 -2.83110158097
246 249 -3.60320771217
246 250 -4.14145127584
246 251 -4.50359874722
246 252 -3.34707060266
247 454 -3.11933912287
247 339 -3.38213606546
247 248 -3.41600490189
247 251 -4.73021189825
247 252 -3.5705889939
248 249 -3.95702979419
248 251 -1.620754471
248 253 -3.20791849878
248 254 -4.24440688033
249 487 -4.13655806429
249 250 -2.84195799507
249 251 -4.82796828802
249 253 -4.27333046424
249 694 -3.82995724634
250 251 -4.80820251243
250 252 -3.67418666033
250 254 -3.6266341102
250 256 -3.86126779222
251 633 -3.17579360405
251 252 -3.69081200197
251 253 -4.28266165515
251 639 -3.34253819619
251 255 -2.98542455126
252 716 -2.88076456842
252 281 -4.24792465693
252 316 -5.1790198471
252 253 -4.39776163379
252 255 -3.56207694158
252 256 -5.27471841616
253 259 -3.75945533258
253 708 -3.1233842673
253 294 -5.0641625804
253 487 -2.86770749954
253 440 -4.13224998262
253 622 -4.70206405368
253 659 -1.54641584933
253 629 -2.86471106884
253 254 -3.23422474185
253 351 -3.89247434621
254 257 -4.70240159077
254 259 -2.92646557276
254 516 -4.44418865142
254 520 -3.74986139184
254 428 -3.65138080983
254 255 -2.66483765644
254 256 -3.53371409256
255 257 -3.81997699242
255 259 -2.98220357869
255 300 -2.69860190221
255 483 -3.14760927556
255 303 -3.93746878652
255 473 -4.2313811322
256 321 -4.25362831405
256 258 -3.00179436222
256 675 -2.97838938445
256 260 -3.47849842381
256 262 -3.14343325408
256 652 -3.67800110274
256 707 -3.23577480947
256 478 -3.24240199288
256 726 -4.52763803467
257 258 -4.37602635485
257 259 -3.87520295569
257 260 -3.55717652311
257 419 -4.76121663975
257 402 -3.59089770642
257 663 -3.77690554329
257 710 -3.90833674914
258 260 -2.34833583728
258 716 -4.13892144191
258 264 -3.1961627913
258 328 -4.15612067724
258 411 -3.30116558251
259 261 -2.723187736
259 263 -3.95086587866
259 264 -3.87513822064
259 265 -4.05794547025
259 463 -4.17716613602
259 537 -2.54152568204
259 486 -4.20557273636
260 261 -3.39372735211
260 262 -3.61976230835
260 264 -2.53806613273
260 265 -3.06872510293
260 266 -4.03267452846
260 365 -3.67623199692
260 625 -2.38011036674
260 386 -5.10165148743
260 714 -4.10136554909
261 262 -3.77964047047
261 263 -2.97224616038
261 265 -3.97504365307
261 267 -4.11788132924
261 311 -2.83697182271
262 486 -3.89821466312
262 263 -4.07704242444
262 267 -4.1320801694
262 388 -4.52764655967
262 410 -3.09893663211
263 264 -2.69521002397
263 265 -3.59277839613
263 266 -4.04160983299
263 395 -3.45046323723
263 268 -4.00257824073
263 370 -3.5803500143
263 406 -4.05601166961
263 278 -4.53139045503
264 459 -2.26313936341
264 582 -3.61972668789
264 266 -2.61039294669
264 267 -2.5054053954
264 268 -1.94132028614
264 269 -3.19755659006
264 270 -4.1572201885
264 280 -3.67727103826
265 642 -3.52143171491
265 266 -3.82031390361
265 267 -5.12836988043
265 268 -3.39716682632
265 269 -4.28064676799
265 270 -4.20390368566
265 271 -2.3254549789
265 522 -3.5887583685
266 267 -3.89185620948
266 268 -3.94149837741
266 269 -5.16037329123
266 272 -4.21779235875
266 402 -2.9865129497
266 501 -3.35279749351
266 316 -4.26676564844
267 268 -2.88574611638
267 269 -4.34672343454
267 270 -4.41721315803
267 272 -3.00305536432
267 273 -4.89319732393
267 474 -4.65906343221
267 710 -3.38573397008
268 553 -2.87033847505
268 270 -3.25068790363
268 271 -3.9885431516
268 272 -2.05671153993
268 479 -4.0174282265
269 518 -4.77231918632
269 270 -4.70742184977
269 271 -3.88116213313
269 272 -2.63089565713
269 274 -3.02326864153
269 275 -5.02489195045
269 496 -3.17083282593
270 361 -4.55462206154
270 271 -3.57583393469
270 272 -3.86032294152
270 273 -3.53552214
270 274 -4.38831601127
270 275 -4.20012510024
271 272 -3.73393124879
271 273 -3.03672773595
271 274 -3.12542155328
271 277 -4.10351885763
271 694 -4.11148372178
272 616 -4.48483235458
272 713 -3.66985339969
272 528 -3.98415171174
272 273 -3.21715608217
272 467 -4.67215844324
272 595 -3.95222822942
272 277 -3.97885436188
273 274 -3.64680207923
273 435 -4.50210290443
273 276 -3.64275587246
273 277 -3.68084470747
273 505 -2.9784351386
273 437 -3.27637564683
273 590 -3.43875907338
273 544 -3.00557354716
274 497 -4.02942115465
274 708 -2.962908349
274 421 -4.59989152055
274 422 -3.64808473069
274 301 -3.3016413619
274 275 -2.40043755783
274 276 -2.84419281342
274 277 -4.71982045166
274 280 -2.40890470096
275 439 -4.27980471463
275 276 -3.17153969344
275 277 -3.85768916171
275 278 -3.42830884558
275 280 -3.00624853543
275 281 -3.59941659288
275 474 -3.95808612046
276 584 -4.66855171249
276 531 -3.39033195862
276 277 -3.63905611672
276 279 -4.06600906868
276 280 -3.92083447361
276 569 -1.42383591659
276 542 -3.26535146383
277 279 -3.01486063583
277 280 -4.16517442365
277 281 -3.68946443142
277 282 -3.13651750189
277 283 -4.60615986783
278 473 -3.72369808748
278 279 -4.28047628333
278 408 -5.42290269694
278 281 -2.90146881707
278 282 -3.23081996333
279 289 -3.29704280065
279 596 -2.83845829442
279 281 -4.54330147063
279 283 -3.65009028
279 284 -3.31407315868
279 285 -5.24047886825
280 489 -3.81615384436
280 722 -2.06323476601
280 393 -4.73719989469
280 281 -3.80795147365
280 283 -4.26865649036
280 284 -4.5785626727
281 390 -3.16114118904
281 382 -4.49720468519
281 282 -3.57656320827
281 284 -3.84563403564
281 286 -2.81993428376
281 287 -3.27792633961
282 283 -3.20182213058
282 284 -4.09763948934
282 285 -5.58081477002
282 286 -3.38140898159
282 288 -2.31795825357
283 289 -3.80016777968
283 354 -2.12074904105
283 332 -3.57871535234
283 284 -3.59956630396
283 286 -4.54798587019
283 287 -3.59754739865
283 288 -3.40195917703
284 289 -3.77759472763
284 290 -3.49906946731
284 285 -4.28592743466
284 287 -4.50075090524
284 288 -3.64904978069
285 289 -3.14856488974
285 290 -4.45619808566
285 291 -4.31632913444
285 647 -2.9682586406
285 694 -3.2791398376
285 286 -3.63280244889
285 288 -2.20039564978
286 289 -4.79687461637
286 290 -4.17222509034
286 645 -4.19845615236
286 637 -3.94863323668
286 393 -2.61489575096
286 451 -3.56876761168
286 506 -2.91927963008
286 729 -3.93115407612
286 287 -4.07847237482
286 288 -5.13116634108
287 290 -4.35372540789
287 292 -3.38218808237
287 293 -4.10137777349
287 487 -3.24488473072
287 381 -4.4215502198
287 415 -3.53415138667
288 289 -3.83567875837
288 291 -3.69699980521
288 292 -4.78466060069
288 294 -2.88336487516
288 565 -3.67464893417
288 533 -4.80598446938
289 291 -3.68923678951
289 292 -3.52946175926
289 394 -2.62026558207
289 368 -4.10214009184
289 337 -3.73263757556
289 352 -3.99167201302
290 291 -2.3919054536
290 292 -1.888894636
290 293 -3.83995538122
290 295 -3.6339427718
290 441 -3.92601783286
290 599 -2.49198241564
290 632 -3.44803551521
290 569 -5.35085591811
290 549 -3.41204494232
291 292 -4.96564626654
291 293 -4.25855855743
291 295 -2.79568711112
291 296 -4.10004638762
291 597 -2.58952062381
291 325 -2.69391429862
292 294 -3.30879139981
292 296 -3.95686982296
292 297 -1.95476176283
292 298 -3.81951592698
292 308 -4.73141720879
293 294 -4.01864255498
293 295 -5.45144124469
293 296 -2.95583214336
293 297 -4.25462420021
293 298 -2.45656494011
293 553 -4.69587962826
293 441 -3.52686455799
293 539 -4.91408694575
294 296 -4.07644165938
294 297 -3.73157980889
294 298 -3.73907738575
294 300 -2.7337673816
294 498 -4.54403994415
294 467 -4.13486143712
294 624 -3.23653423436
295 298 -3.66696091692
295 299 -2.4615728608
295 721 -3.32700092097
295 661 -4.16460721095
295 511 -4.2439261637
296 297 -2.5014072002
296 298 -3.61068206211
296 299 -4.22536742855
296 301 -3.89720118443
296 302 -4.41036134761
296 398 -4.50921277601
296 713 -2.27724668725
296 408 -3.90510954824
296 581 -4.49315193509
297 298 -3.31228340834
297 301 -3.80187152796
297 302 -3.43464040182
297 303 -3.74989617281
297 693 -2.86551005739
297 326 -3.76246622746
298 299 -4.1405067665
298 300 -4.77041353781
298 302 -3.24395706299
298 304 -4.80696662777
298 442 -3.32842995031
298 416 -4.33307851022
299 301 -4.0023142295
299 430 -3.89105793565
299 303 -3.40507417886
299 304 -4.44039578055
299 407 -4.30590026457
299 400 -3.87324914863
299 317 -3.13566880835
299 381 -3.53075298442
300 302 -4.17205940557
300 303 -3.21804316512
300 305 -4.41651449482
300 306 -3.91935268788
301 328 -2.16632965848
301 302 -3.67186525047
301 303 -3.05745902639
301 304 -3.23425415647
301 338 -4.34779995836
301 307 -3.93711006369
302 420 -4.273245987
302 303 -3.97551079256
302 305 -4.61070669784
302 306 -4.23729201316
302 307 -3.43198100237
302 522 -2.63104187476
302 667 -3.99920100261
303 579 -2.19359665385
303 304 -2.0718557189
303 308 -3.0425004487
303 309 -4.08856692563
303 604 -3.27492824904
304 305 -3.3879933239
304 306 -3.21863218277
304 307 -4.25551388995
304 308 -3.97711549215
304 698 -4.00973174659
305 306 -3.8207591531
305 309 -4.46075160844
305 310 -2.86056740295
305 311 -4.14532666064
305 691 -3.6050576022
305 368 -2.91952903234
306 369 -4.04738830487
306 307 -3.60913625542
306 309 -3.61793189816
306 311 -2.99629104381
306 312 -4.54352159922
306 405 -2.71474042963
307 582 -4.04988803011
307 308 -4.09302800987
307 310 -3.79293614756
307 694 -4.72363846593
307 313 -3.22637129377
307 688 -3.89287781329
307 575 -2.29093561231
307 608 -3.05766142472
308 706 -4.35168934519
308 324 -4.59396098826
308 468 -3.46983849362
308 399 -3.0060175951
308 312 -3.7173883225
308 462 -3.66375190174
309 713 -3.35411418537
309 659 -3.97537712929
309 436 -3.51334482443
309 312 -3.41833613685
309 313 -3.38487154557
309 380 -3.01423977715
310 561 -3.9696285031
310 712 -4.21098850457
310 553 -3.54991987777
310 715 -4.56439908314
310 468 -3.02376325376
310 311 -5.06552880545
310 312 -4.17243808418
310 313 -4.01398753817
310 314 -2.81132821282
310 315 -2.43275389011
310 316 -4.20775843315
310 480 -4.3173523738
311 451 -4.64416744888
311 487 -4.01789872795
311 312 -3.24694795107
311 313 -3.01686853435
311 378 -4.40310239195
311 315 -3.61737391644
311 316 -2.34878137283
312 678 -5.00375218533
312 313 -3.61505177658
312 314 -4.51725281591
312 315 -3.92458990642
312 316 -4.50340502679
312 318 -4.68519721659
313 568 -2.98040271904
313 397 -3.45535152696
313 314 -2.8931869874
313 315 -3.62997688917
313 317 -3.93410486121
313 319 -3.40563144382
314 327 -4.90550425667
314 570 -3.82436431158
314 316 -2.2282118172
314 317 -2.2003748768
314 319 -3.91241647173
315 646 -5.72402261096
315 455 -3.77913526
315 717 -3.98584980434
315 317 -4.04366805445
315 318 -3.81242342523
315 320 -4.83159346178
316 317 -3.23849051047
316 319 -4.680356004
316 320 -4.62070449736
317 321 -3.18003488225
317 323 -2.83393138693
317 645 -4.65065931736
317 327 -3.41214413844
317 318 -4.81285918254
317 320 -3.63467818282
318 321 -4.35263963219
318 322 -4.17394580411
318 323 -2.99192217706
318 324 -3.13873540627
318 624 -3.08942658288
318 542 -3.96939062917
318 319 -3.39423068431
318 320 -3.96056929338
319 540 -2.93114685062
319 322 -4.59198164001
319 323 -4.1120401898
319 324 -3.9734056044
319 325 -3.3226433982
319 320 -4.46109532589
320 321 -2.66630067033
320 322 -3.6757186734
320 323 -3.89816475466
320 324 -5.08772558013
320 326 -3.18879656071
320 460 -2.91900306754
320 415 -3.71013618636
321 322 -4.31932123418
321 325 -2.78126308487
321 326 -2.39828408977
321 327 -4.69056247737
321 625 -1.86146310952
322 323 -4.80525078252
322 612 -2.74931805484
322 326 -1.88067348039
322 328 -3.22776239608
322 591 -2.18956409218
322 670 -3.72502010786
322 560 -3.17781996049
323 324 -4.5973412665
323 326 -3.52486828477
323 327 -2.73856816777
323 328 -3.06633545612
323 329 -3.08277954767
323 386 -4.5603137595
324 325 -4.27280691891
324 326 -3.27074168662
324 327 -3.62212716467
324 328 -3.37992552402
324 329 -4.16690001786
324 495 -2.94247536781
325 327 -5.01086264667
325 329 -3.30061489481
325 330 -3.06871117011
325 331 -3.35891876516
325 472 -2.90997010852
326 327 -3.93230182688
326 329 -3.75469593284
326 330 -4.90121499707
326 620 -4.61245539251
326 341 -3.97541346225
326 477 -3.6581280646
327 521 -4.70048006983
327 332 -5.14657580209
327 333 -4.37054607158
327 707 -2.04726834001
327 687 -3.31577287868
327 601 -3.74358660218
327 410 -4.22058846914
328 331 -4.35462106259
328 332 -3.97449973973
328 333 -4.43445143952
328 334 -4.43901820902
328 659 -3.15614891683
329 330 -4.34549138234
329 331 -4.42711377141
329 332 -3.79815899807
329 333 -3.5171341485
329 334 -3.83222288397
329 335 -3.85582812247
329 597 -4.29322125334
330 718 -4.18753164422
330 363 -3.71363847645
330 332 -3.5547686078
330 333 -3.60478155849
330 334 -3.50894234353
330 551 -1.71327397619
330 410 -3.61510127877
331 546 -3.41347384602
331 616 -3.56820813956
331 333 -3.55459926564
331 335 -4.9476898135
331 432 -3.49571951847
331 337 -4.12336221384
331 500 -2.90449139549
331 636 -4.79497964655
332 335 -3.40845751454
332 336 -3.84895854618
332 490 -3.11509121004
332 441 -2.46871557964
332 603 -3.80079404438
333 336 -4.61704182397
333 337 -3.91139637714
333 338 -2.52938135442
333 339 -3.080594375
334 335 -4.05269205324
334 336 -3.02951235616
334 593 -3.3319103711
334 338 -3.54880700846
334 340 -3.57810377395
334 490 -3.23554242766
335 368 -3.33846503518
335 339 -3.59254910913
335 340 -3.83609373785
335 341 -1.6367138353
335 413 -3.75202210255
336 641 -3.75365139575
336 338 -3.48613711099
336 537 -4.25635317833
336 348 -3.70462118255
336 416 -4.02129368439
337 338 -3.88644674724
337 371 -4.05186333435
337 340 -3.82988027537
337 341 -4.38809140816
337 348 -4.4837867868
337 427 -3.30473974175
338 422 -2.49083480621
338 487 -3.44089524446
338 339 -4.33114758377
338 340 -4.65470550983
338 473 -4.08032903478
338 606 -2.02420932625
339 612 -3.99114475272
339 497 -4.23747147428
339 340 -2.88433912535
339 344 -3.83275323312
340 546 -3.77475486638
340 729 -4.04237276197
340 345 -3.69700044623
340 346 -2.7782398853
341 580 -4.41761974333
341 518 -4.56527006727
341 342 -4.46774990816
341 344 -2.94493687153
341 345 -2.95471102781
341 346 -3.437580878
342 485 -3.01146847501
342 582 -3.49290744772
342 470 -3.09688594463
342 343 -4.05837357471
342 345 -3.47344081972
342 346 -4.03043849835
342 508 -3.1839647918
343 425 -4.40394105083
343 345 -2.34762205741
343 346 -4.19270771007
343 347 -4.11737604672
343 348 -4.73350472292
344 482 -4.00871865216
344 549 -3.29553817229
344 729 -5.58833321849
344 345 -4.6414033546
344 348 -4.54058902438
344 349 -4.83983106091
344 350 -3.90209516973
345 482 -3.7400820987
345 550 -4.0727773527
345 564 -3.79859853067
345 346 -4.11875647539
345 347 -4.60492553782
345 348 -3.91665722268
345 349 -4.19256395539
346 574 -2.60863548853
346 441 -5.04523136539
346 348 -3.03278358278
346 349 -3.29948608792
346 350 -2.97517664767
346 351 -4.17937040931
346 352 -4.11772396897
347 353 -3.00535511785
347 611 -3.90161219103
347 348 -3.81288066967
347 350 -4.21149497126
347 351 -3.36505281315
347 352 -3.62873418835
348 354 -3.20918554285
348 350 -4.9726588484
348 351 -4.98283421777
348 352 -3.45792547631
349 354 -4.35372173474
349 355 -4.37548552225
349 666 -2.68316031746
349 373 -2.26018601324
349 444 -3.80499971492
349 351 -3.60061633931
349 352 -4.02415982555
350 353 -3.18795380434
350 356 -2.60120600066
350 692 -3.40296551358
350 351 -4.03071893737
350 352 -3.46700866021
351 354 -4.24798356832
351 355 -3.51907613154
351 356 -4.35944753546
351 517 -2.78776650123
351 588 -4.1958651679
351 687 -3.47281516944
351 531 -4.05269050775
352 353 -5.12752176945
352 355 -3.24165443128
352 356 -4.0868894202
352 357 -4.22742077271
352 684 -1.93671405565
352 559 -3.49462888612
353 418 -4.27836653212
353 355 -2.11647549935
353 356 -4.51185860062
353 357 -4.24824737824
353 359 -4.13109016435
354 643 -2.85987256498
354 357 -4.11051395363
354 358 -3.88161328257
354 359 -2.39944261525
354 675 -3.93252006257
354 527 -3.47773590875
354 720 -3.90689425751
355 577 -4.04840307198
355 357 -2.66637765789
355 358 -4.09321419165
355 359 -3.88967353506
355 360 -4.31561733753
355 391 -3.32620072374
356 652 -4.06715132045
356 357 -4.25841573077
356 358 -4.08345139365
356 362 -3.5167379458
356 716 -2.46939318058
356 493 -4.84052334526
356 654 -5.28451033882
357 358 -4.00772867824
357 359 -3.62634268709
357 362 -3.85456778718
357 363 -2.71768847139
357 643 -3.38076806854
358 362 -3.19983268346
358 364 -3.56367005515
358 685 -4.4771624527
358 559 -3.16754543321
358 637 -3.54613856846
358 541 -4.14331475034
359 361 -3.41475785497
359 362 -4.90806398382
359 364 -2.50796467835
359 365 -3.36876673942
359 372 -3.80575733008
359 538 -3.48978271648
359 381 -3.28703280111
360 422 -2.63624749107
360 361 -4.65570964107
360 362 -4.2963433519
360 364 -4.15050381458
360 366 -3.46467059253
360 437 -3.64479789844
360 668 -3.484964241
361 647 -2.93343497617
361 364 -2.98409583212
361 365 -4.68208881719
361 366 -2.63745404427
361 367 -2.98668201574
361 594 -4.38620769223
361 435 -4.69102838543
362 363 -4.44486328945
362 364 -3.12660183727
362 365 -4.72523068668
362 366 -3.72258810866
362 367 -4.21718810796
362 368 -2.68925080245
363 617 -3.26185947944
363 364 -3.29303060141
363 365 -3.81371159284
363 367 -2.69280504319
363 369 -4.07327794229
363 543 -4.41843850307
364 711 -3.77521630381
364 366 -3.55244368801
364 368 -4.34790168756
364 369 -3.94150503863
364 370 -3.87888333256
365 368 -3.09959503332
365 369 -3.29805016691
365 371 -4.09731072462
365 672 -2.75246044745
366 494 -3.16640084423
366 367 -4.21474254028
366 368 -2.85543817191
366 569 -3.47753418086
366 371 -4.72677941192
366 372 -3.3093580474
366 598 -2.49311104613
366 462 -3.96060939514
367 492 -2.89801487243
367 368 -3.72896561179
367 369 -4.23988700058
367 370 -3.84272511742
367 631 -4.211918603
367 441 -3.15502925608
367 693 -3.21066863807
367 539 -3.77837759146
367 480 -4.44782924955
368 369 -3.88010439805
368 370 -4.36020607083
368 372 -5.11044077434
368 373 -1.43662018573
368 374 -2.44707539552
368 650 -2.92130380029
368 636 -3.30128916378
368 509 -4.76833755768
369 413 -3.44691908589
369 615 -4.32378225535
369 586 -3.50918745667
369 371 -5.11760929936
369 372 -4.01546488378
369 373 -2.57898134644
369 375 -2.560659962
369 443 -4.26846429523
369 540 -2.36631629045
369 573 -3.35495770468
369 543 -3.91755693355
370 466 -2.58023055285
370 373 -4.594078119
370 374 -1.91093771674
370 375 -2.50874032824
370 376 -3.32685814352
370 541 -2.655112539
370 687 -3.45315674153
371 675 -3.53085337257
371 373 -3.39617310486
371 374 -4.76531876739
371 377 -3.05047177409
372 426 -2.70740353827
372 373 -3.96930696899
372 374 -3.49418845642
372 376 -3.08994768001
373 487 -3.213952992
373 408 -4.67942714694
373 377 -2.54351433994
373 378 -3.37671548782
373 379 -2.43893592352
373 539 -3.45673154409
374 497 -3.24780144088
374 565 -2.83221957656
374 376 -4.00598914578
374 378 -3.61850516242
374 379 -4.03608175419
374 380 -4.09244008553
374 639 -2.71519958232
375 658 -3.72433835836
375 376 -3.63611265327
375 377 -3.25628232859
375 378 -3.66579013345
375 379 -4.05177256044
376 612 -3.74379543701
376 585 -3.387064277
376 377 -3.3277070503
376 378 -2.24968017045
376 379 -3.18036846742
376 380 -2.54317690319
377 547 -4.86970345422
377 378 -3.74755226287
377 379 -3.63422275028
377 540 -2.32604906343
377 381 -4.06098612695
377 382 -1.97175313401
377 383 -3.07174783381
378 675 -2.73838126188
378 504 -3.96882444424
378 495 -3.6064630874
378 380 -3.54796450683
378 382 -3.27646659306
378 383 -4.68966523557
379 508 -2.57089696211
379 582 -4.9359623814
379 565 -3.669409747
379 380 -3.97368014121
379 381 -4.52955982059
379 382 -3.95839613777
379 384 -4.54337283234
380 386 -1.95463527229
380 508 -3.33803322365
380 414 -4.42331649879
380 384 -2.70394439571
381 450 -4.80990197768
381 387 -3.24260787759
381 531 -3.47277161911
381 510 -3.71661521258
381 384 -3.48160862197
382 387 -4.07093763177
382 388 -2.18267024021
382 634 -3.80780402821
382 454 -2.76901916347
382 715 -3.72605136846
382 435 -3.61820885718
382 703 -3.68410222824
383 385 -2.9620856156
383 386 -2.93657464467
383 551 -2.78499987975
383 583 -3.90693285013
383 514 -4.78434367608
383 587 -4.26492126152
383 384 -3.72773780544
384 385 -2.51050315183
384 386 -3.94485201323
384 413 -4.83323428843
384 492 -2.63232004042
384 462 -2.96836254889
384 640 -2.76774117479
385 386 -3.41913245552
385 387 -3.7218531063
385 388 -3.89321610575
385 389 -4.00941856026
385 390 -3.34820273866
385 391 -2.80002264451
386 387 -3.4119842719
386 388 -3.90322087628
386 389 -3.89731022604
386 390 -4.39288953105
386 391 -3.79881835065
386 680 -4.4691736538
386 406 -4.74926038051
387 388 -3.87123842898
387 389 -2.92341529009
387 391 -4.31449431204
387 392 -4.08441385688
387 393 -2.42612448423
387 642 -4.52912997023
387 517 -4.76756826108
388 391 -4.06495102658
388 393 -2.07046101476
388 655 -2.51949272576
388 597 -4.01898561531
388 440 -5.16152383934
389 390 -3.17108932984
389 393 -3.74972511789
389 394 -3.56860887437
389 395 -4.0203661404
389 449 -4.44821886808
390 391 -3.23722622307
390 392 -2.58338725598
390 394 -3.5314059267
390 439 -2.20677833702
390 581 -4.51209762857
391 392 -4.49090834729
391 393 -3.63483913506
391 394 -2.77337401983
391 395 -3.66527524985
391 420 -2.26484090183
391 650 -3.66830302764
391 604 -3.55039396147
391 518 -3.60569238822
392 674 -2.6175680753
392 396 -3.33065295271
392 397 -2.99342756766
392 398 -2.33588159101
392 499 -4.44645580927
392 599 -3.76468380555
392 588 -3.17586013209
392 510 -4.117604191
393 394 -3.57058248154
393 395 -4.41724604927
393 396 -4.02680196275
393 398 -3.42207136399
393 620 -4.46610745631
393 541 -3.55954656665
394 587 -3.81476127653
394 397 -3.92906041945
394 398 -2.519780745
394 399 -3.51389786336
394 400 -4.35254879316
395 396 -4.25661075931
395 397 -3.40528088428
395 399 -2.59396668242
395 401 -3.68257896028
395 501 -4.86171792665
396 397 -5.3266031472
396 399 -3.47765715405
396 401 -3.01510658219
396 402 -2.2817858739
396 635 -3.72860511259
396 637 -3.26667807715
396 670 -3.67023620054
397 674 -3.0927466201
397 717 -3.34288066591
397 400 -4.08877376146
397 401 -3.75894857735
397 402 -3.60856405386
397 697 -4.53155873184
397 571 -4.2514380397
398 552 -4.51040312039
398 401 -4.9201365861
398 402 -3.78855630625
398 403 -3.56931507072
398 575 -3.40551043478
399 657 -4.01427698991
399 400 -4.48158555575
399 401 -5.27156283711
399 404 -4.49272131949
399 405 -3.53924249007
399 698 -4.46759966301
399 528 -3.84878252431
400 705 -3.57488565288
400 401 -3.45956473799
400 403 -4.42576145706
400 404 -3.89806878553
400 405 -4.06785221509
400 599 -3.88872217455
401 402 -5.02771312877
401 404 -4.2506801622
401 407 -3.04913962038
401 463 -4.01048388653
402 650 -3.72150495519
402 427 -3.41912097393
402 592 -3.99770930002
402 595 -3.23639952756
402 405 -4.00996702377
402 407 -4.70834003445
403 650 -5.12896574408
403 524 -3.39374723545
403 405 -3.87779783646
403 406 -3.36711169887
403 407 -3.26607791589
403 409 -4.76968671167
403 432 -3.82293135911
403 622 -2.35696998067
404 516 -4.73412956146
404 435 -3.44537159431
404 405 -4.03662722878
404 406 -4.74486332225
405 563 -4.00990183475
405 419 -2.45553947642
405 595 -3.06324168127
405 406 -3.73355507448
405 438 -4.38700196714
406 530 -3.39735114051
406 594 -3.30617130528
406 407 -4.57504892767
406 409 -3.43776704361
406 412 -2.89790409037
407 508 -4.18968960213
407 472 -4.51405999597
407 718 -3.99976618173
407 408 -4.33080106809
407 409 -3.59342646614
407 411 -4.25988676291
407 412 -3.69831732541
407 413 -4.04520775386
408 725 -4.30928963083
408 410 -4.13847266288
408 411 -4.26672760216
408 412 -4.64473729989
409 705 -4.14761869114
409 483 -3.32616216187
409 410 -4.65058480312
409 411 -4.6120396752
409 414 -3.33260528257
409 415 -3.76172087383
410 687 -4.2328113483
410 415 -2.82502371477
410 416 -3.63063972321
411 517 -4.13860969178
411 412 -1.48067271877
411 413 -3.31940866628
411 414 -3.79206305343
411 415 -3.85323185239
412 418 -3.71659042344
412 494 -3.10514814725
412 563 -3.45085366674
412 414 -2.93896973597
412 416 -3.02689115122
413 417 -2.58143987715
413 671 -2.72021994384
413 414 -4.38469483502
413 415 -3.75008072894
414 417 -3.00594321907
414 418 -4.07888446049
414 420 -3.0197982042
414 567 -1.39556006343
414 415 -3.90987048914
414 416 -3.31761018788
415 417 -3.72536989509
415 418 -3.7418210623
415 419 -5.03739239881
415 639 -1.70974357578
415 416 -3.17835312902
416 417 -4.92475371687
416 418 -3.91342961575
416 478 -3.37766300345
416 421 -4.12091587396
416 422 -2.67014932207
416 475 -3.8060376729
416 453 -4.13301307513
416 444 -2.02208790686
417 419 -3.90619240553
417 421 -4.35705903033
417 422 -3.27805800703
417 423 -4.43413283566
417 446 -3.07939911427
418 419 -4.03541076682
418 422 -4.55652976683
418 423 -4.36867933411
418 424 -3.73338727623
418 492 -3.63133355306
418 675 -2.12918612484
419 420 -3.55375046651
419 421 -2.63359575664
419 423 -3.70480064866
419 424 -3.50259383917
419 425 -3.44650853406
420 582 -4.54795150897
420 423 -3.83663482958
420 424 -3.50955646988
420 426 -3.59330662875
420 660 -3.27185994128
420 602 -3.78710759771
421 422 -5.12618492805
421 424 -4.4157207406
421 425 -2.42718967176
421 426 -3.89965903947
421 427 -1.98258513869
421 694 -4.53250024012
422 425 -3.55030547313
422 428 -4.89861248478
422 656 -3.61901900865
422 667 -4.11680139775
423 682 -4.17178655827
423 427 -3.91051238735
423 498 -4.44297987262
423 692 -5.13239529072
424 486 -2.31320579012
424 425 -3.73237293549
424 427 -4.22445956019
424 428 -3.92394811976
424 562 -3.46088097003
425 426 -4.75913260281
425 428 -3.86384047557
425 430 -2.63969407991
425 431 -4.64094027991
425 699 -3.15559665615
426 579 -5.64708234865
426 427 -4.21376755754
426 428 -3.39248698838
426 430 -3.20573069264
426 431 -4.320543182
426 654 -4.13859721839
426 564 -3.66597890117
426 535 -3.8709266986
427 431 -4.2779820061
427 432 -4.4796922033
427 433 -3.12848644706
427 664 -4.54261788036
428 429 -3.51458909471
428 430 -4.02920969965
428 432 -3.93351996966
428 433 -3.67808509746
428 503 -3.07198468218
428 605 -3.91154381404
429 432 -3.22358338712
429 433 -4.16931579606
429 434 -4.55697488491
429 435 -2.63466715855
429 543 -3.45699108109
430 431 -3.05217009872
430 432 -3.30196479108
430 433 -2.66475216914
430 592 -3.37359714099
431 677 -3.49266867757
431 646 -2.82664412231
431 432 -3.23135113736
431 434 -3.37591821542
431 436 -4.7497372941
431 437 -3.92709118131
432 657 -3.38333852001
432 457 -4.63369411193
432 433 -3.29712016299
432 435 -3.08259072558
432 438 -3.99231500445
432 608 -3.57997526212
433 471 -4.2772139775
433 435 -3.77193130375
433 436 -4.94034442007
433 437 -2.62300515109
433 438 -4.03906453938
433 439 -4.87623125007
433 656 -3.46006707485
434 554 -3.4255169306
434 435 -3.6525326206
434 436 -3.89728320179
434 437 -2.06232863185
434 438 -4.05640435465
434 439 -3.30425100611
434 440 -4.7055888628
435 436 -2.91751031807
435 439 -3.95860840287
435 440 -3.62166619117
435 538 -4.36389462214
436 677 -4.14141614968
436 696 -4.79706206578
436 438 -4.76629253978
436 439 -3.53415229323
436 441 -4.90283168162
436 672 -3.66438791315
437 438 -4.23571988561
437 441 -4.60044171742
437 442 -2.88047636891
438 525 -4.31404788129
438 621 -3.85222048547
438 439 -4.11634723331
438 440 -4.29716744586
438 441 -3.86995939401
438 442 -2.3143962886
438 443 -2.70556759077
439 513 -4.15963671487
439 624 -4.08087973947
439 659 -4.41655369423
439 440 -3.4226193844
439 441 -2.96601302803
439 443 -3.56360095819
439 574 -3.73971844907
440 683 -2.79847435074
440 441 -4.29185031376
440 442 -3.73760422576
440 443 -3.86368399281
440 444 -3.85052131844
440 446 -1.62362400459
441 707 -2.49632746138
441 664 -3.83932902082
441 445 -3.25141447257
441 446 -3.13347475959
441 447 -3.85792456126
442 489 -3.72488442283
442 443 -3.73178194099
442 445 -4.23190599998
442 446 -3.35748546111
442 447 -4.29377847845
442 448 -4.2950164621
443 449 -4.72820615485
443 444 -2.32998087387
443 445 -3.8787955648
443 447 -2.76309184231
443 448 -3.45594660245
444 449 -4.94869486855
444 450 -4.47361409015
444 447 -3.44015400062
445 449 -3.848063452
445 642 -4.88595039893
445 451 -3.72859495812
445 446 -3.79803224995
445 447 -4.16639349408
445 448 -3.21243717783
446 449 -4.02327436783
446 450 -4.37960280344
446 612 -4.36934540318
446 448 -4.87232127074
447 449 -4.55472011189
447 451 -4.2005214407
447 452 -3.65463498106
447 453 -3.09145398532
447 448 -3.75960646339
448 449 -4.11475510379
448 450 -3.62515063565
448 451 -2.98564494868
448 453 -3.66462364184
448 638 -2.99123911403
449 450 -4.35108701661
449 451 -2.6307407121
449 452 -4.06622595668
449 453 -4.43243361761
449 454 -3.15180249004
449 714 -4.26629493856
450 453 -4.51309574053
450 454 -3.43297665854
450 455 -4.57491150844
450 456 -3.91770728894
450 672 -4.39246698493
451 453 -2.93306499819
451 454 -4.63725000507
451 455 -3.22046021949
451 596 -3.73708934972
451 662 -4.59624727613
451 664 -3.22365320396
452 453 -4.23169891774
452 454 -3.95049510387
452 455 -4.21134458607
452 456 -3.12625506854
452 457 -4.00256855406
452 458 -3.62889882023
452 720 -3.79012659511
452 662 -3.25355199877
453 454 -4.75037118344
453 459 -4.27909283939
453 579 -2.82496400853
454 456 -3.75873995103
454 715 -4.82655336233
454 460 -2.85690300529
454 469 -3.90845514018
454 517 -3.70570710427
454 539 -3.23878223536
455 717 -4.60468204749
455 457 -3.80063321169
455 458 -3.76652058042
455 461 -4.22562722705
456 589 -2.31193555316
456 551 -3.79425694449
456 457 -2.66411180679
456 458 -4.60078832717
456 460 -5.56652295718
456 461 -3.47548021304
456 462 -3.95556559991
457 458 -4.47875089823
457 460 -3.93897515911
457 462 -5.03004646097
458 461 -2.73116023891
458 462 -4.08961332561
458 464 -2.10413053291
458 553 -3.70259610189
458 583 -3.63855031923
459 491 -2.69495995224
459 461 -4.28726375842
459 462 -3.52794200885
459 672 -3.4003628409
460 684 -4.09785813926
460 461 -3.19952264939
460 660 -3.84212956716
460 631 -3.5759839358
461 462 -4.09358282816
461 463 -3.56771548369
461 464 -3.84660038736
461 465 -4.03105932327
461 466 -2.98166738312
461 467 -1.88219048411
462 526 -3.50722485038
462 463 -3.23471933991
462 466 -3.49993286835
462 468 -3.71356502514
462 677 -4.69999792609
462 667 -4.1174042648
463 492 -3.97122397159
463 465 -3.04291466304
463 466 -3.884178054
463 467 -2.96968815681
463 471 -3.50454987962
464 529 -1.95992767086
464 465 -2.60274263462
464 466 -3.87141063698
464 659 -3.15697088333
464 468 -3.84930622897
464 469 -4.24553105547
464 470 -5.10755937612
464 634 -2.75949092107
465 466 -4.04163631708
465 467 -3.49037103719
465 469 -4.23065256372
465 470 -3.95235724343
465 471 -4.06280366296
466 530 -3.89720899414
466 468 -3.54538497086
466 472 -2.06461364596
466 616 -3.71988243234
466 694 -3.62747218039
467 584 -2.22451797345
467 468 -3.94869121557
467 469 -3.87534030581
467 471 -2.91503993044
467 472 -1.44122416084
467 671 -3.67281026081
468 546 -1.25202784354
468 559 -4.02561439829
468 469 -3.22146837463
468 470 -4.01416547981
468 472 -4.20570758317
468 688 -4.50693963158
469 513 -5.27328821807
469 471 -1.98211193632
469 473 -3.79754153493
469 474 -3.68226573766
469 475 -3.06291911229
469 560 -4.04111772295
470 471 -5.24726678464
470 472 -4.47566965222
470 473 -3.51330228796
470 474 -3.59859242712
470 475 -4.50795159389
470 476 -2.12807608221
471 548 -4.29853329793
471 532 -3.93547257235
471 729 -3.38308906176
471 475 -3.34146780594
472 675 -3.80687713424
472 556 -3.62289125888
472 478 -2.70504452027
472 640 -3.4544476721
473 529 -3.25092363234
473 477 -2.16210070153
473 478 -3.26818754362
474 601 -3.85643142266
474 476 -4.79733622632
474 587 -3.03566408526
474 479 -3.15917765343
474 480 -3.23236663492
475 540 -3.58999330328
475 719 -2.78353872608
475 477 -4.31548834405
475 479 -4.38964392561
475 480 -3.16220016041
476 481 -2.74263293771
476 482 -3.51333212522
476 703 -4.24604830999
476 477 -4.34665861697
476 478 -3.88592345579
476 479 -1.9878797918
476 480 -4.29511239553
477 482 -4.40221125255
477 483 -3.26781498922
477 669 -2.96743417137
477 479 -4.2498733161
477 480 -4.49385410149
478 481 -4.21661543874
478 482 -3.25711243123
478 483 -3.44279255362
478 484 -3.56828592639
478 479 -3.97599650046
479 481 -3.6490116072
479 482 -3.29767449445
479 483 -4.13168325321
479 484 -3.09480299115
479 492 -2.72164592948
479 704 -4.16770820213
479 599 -4.53836899999
479 602 -4.0364686022
479 480 -2.44212307481
480 481 -3.70410067411
480 482 -4.94492595782
480 485 -3.47560856058
480 486 -4.64729091279
481 482 -2.30495295315
481 484 -4.59894483355
481 486 -4.11755005229
481 585 -3.38380083088
482 673 -3.9064983478
482 483 -4.20028149807
482 572 -4.30064453042
482 646 -2.32372203977
482 487 -3.65065603891
483 484 -3.27991038092
483 486 -4.16672579733
483 489 -3.41914594085
483 624 -4.93603289066
484 485 -3.60534011425
484 679 -4.30688708619
484 487 -3.69468200646
484 488 -2.21746201745
484 489 -4.14765662946
484 490 -4.89142957959
484 710 -2.13411484034
485 487 -3.90472811262
485 490 -3.51053642361
485 491 -3.84485520943
485 685 -3.05469187576
485 538 -3.80054624702
485 667 -3.66429410696
486 488 -3.31138884265
486 491 -1.80974412152
486 673 -3.71525249042
486 509 -4.50308967604
487 488 -3.9628423573
487 489 -2.44015977444
487 493 -4.62439507637
487 660 -4.28066692219
487 701 -3.38539770703
488 489 -2.58739058702
488 490 -3.65626954983
488 491 -3.97163896215
488 492 -4.38451717986
488 493 -3.11600622988
488 494 -4.3805231701
488 519 -5.24835135832
488 608 -4.84104834707
488 518 -3.40615359385
489 610 -3.62072570331
489 490 -1.76455926587
489 491 -4.31375982182
489 492 -3.53075055998
489 644 -4.56772035767
489 662 -3.19140364198
489 523 -3.91441973992
489 726 -3.82800267577
490 491 -3.85232703915
490 495 -3.7745785736
490 496 -3.35142856468
490 498 -3.14844684936
490 724 -4.74788781806
491 492 -4.28244841447
491 493 -3.51479495609
491 495 -3.79290081776
491 660 -4.1422939854
491 557 -4.26492808183
492 496 -2.69198207145
492 497 -3.97469504567
492 498 -4.31641846329
492 603 -3.81162573532
492 555 -2.75797283026
492 543 -2.64073913831
493 495 -4.79737738026
493 496 -2.65560978932
493 498 -3.54232451701
493 499 -4.59368519628
493 651 -3.52274112837
493 598 -3.65541648671
494 495 -4.49043589907
494 497 -3.57808906877
494 498 -3.89108635805
494 601 -4.90908803661
495 612 -3.50923337483
495 677 -4.68827325914
495 496 -3.29497352651
495 497 -3.64461899829
495 499 -4.1059559631
496 708 -2.82450899712
496 679 -2.98912860723
496 528 -4.26592846148
496 498 -4.610500528
496 628 -4.2635265576
496 537 -4.27467386353
497 498 -2.8829197926
497 499 -3.19117330543
497 500 -4.64495786364
497 501 -4.55235185402
497 502 -3.54223683082
497 729 -4.63736575631
498 499 -3.07554213821
498 500 -3.90857232891
498 501 -2.39005172226
498 502 -2.63632466532
499 516 -3.66037832337
499 500 -3.84056164344
499 502 -2.27822693421
499 504 -4.96009432689
500 530 -2.01890595986
500 633 -3.35239893787
500 501 -4.46919401358
500 502 -4.84132155626
500 503 -3.50800896738
500 506 -2.77386551388
501 716 -4.02791073656
501 502 -3.02545466921
501 503 -3.82319537464
501 504 -4.17617919789
501 507 -3.98671312605
502 623 -2.45701248221
502 503 -3.81346243362
502 504 -3.13377446258
502 506 -1.67867226529
502 507 -4.04739433971
502 560 -3.22220643178
503 504 -4.11402533507
503 505 -4.50107146978
503 506 -3.39392672601
503 507 -3.47407046946
504 524 -4.80693772984
504 505 -2.81268202183
504 508 -4.41796421544
504 509 -4.17285052699
504 510 -3.35047584337
504 694 -3.54991381038
505 647 -3.05136811433
505 506 -3.99645133024
505 509 -3.93670851833
505 510 -4.1948305045
505 511 -4.82568138869
505 576 -4.46742549445
506 507 -3.94590175529
506 508 -3.099211285
506 509 -2.87887974514
506 510 -3.7757856757
506 512 -3.84320717396
507 513 -4.5835948644
507 508 -4.34319621779
507 509 -3.84985035063
507 511 -3.37930238161
507 512 -3.33827967954
508 514 -4.34303805037
508 578 -2.87028227669
508 716 -3.72723585474
508 653 -2.45103205574
508 724 -4.3565918236
508 511 -3.51356395497
509 513 -4.0150084362
509 514 -4.52604754107
509 714 -3.64690667157
509 510 -3.61859204976
509 609 -2.86366968614
510 513 -5.00486790698
510 514 -4.28959148563
510 516 -3.99087171055
510 667 -3.97979480342
510 511 -3.06429522094
511 513 -3.21490101662
511 514 -3.31666768227
511 516 -3.62221587385
511 538 -5.30102308178
511 512 -3.17275536026
512 516 -3.23458432978
512 517 -4.39785542556
512 518 -4.30677795157
512 583 -2.79529736835
512 527 -2.05299526026
513 572 -3.29530880022
513 518 -4.30223293495
513 519 -3.90187304437
513 615 -4.23820524139
514 674 -4.11389919568
514 515 -4.10870234055
514 516 -3.74014531656
514 517 -4.56845908458
514 518 -3.4175816916
515 707 -4.26470462088
515 517 -2.94579496388
515 518 -3.27420231145
515 519 -4.10210602523
515 520 -3.80671811178
515 521 -3.77083535909
515 715 -3.99408153581
516 517 -4.19432516418
516 519 -3.6204430822
516 520 -4.2709675495
516 521 -4.71898758428
516 726 -4.12877745934
517 521 -4.25857711425
517 522 -3.71440450207
517 654 -3.40465998168
518 519 -4.12231927332
518 521 -3.9698848442
518 650 -4.12861812484
519 521 -4.84136417608
519 557 -5.01354021936
519 523 -4.48407325495
519 524 -3.88772107003
519 525 -4.26465228255
520 521 -3.99053860987
520 522 -3.29557289404
520 524 -4.51221572753
520 525 -3.93505036515
520 526 -1.52422151661
521 524 -3.2575134267
521 525 -2.96893130647
521 526 -4.05813599009
521 527 -2.38337543654
521 656 -1.77597465379
522 525 -4.14809636774
522 528 -4.17373383757
523 525 -4.57200107574
523 526 -4.18301195714
523 607 -3.77216393556
524 526 -4.06883962967
524 529 -3.56534976133
525 653 -4.75702548503
525 526 -2.77904014927
525 529 -3.66159020599
525 530 -4.62831311148
525 531 -2.83461543432
526 527 -1.86832355896
526 529 -3.8620758052
526 531 -4.15330896961
526 532 -3.89660856167
527 679 -4.1956373538
527 530 -4.1973773709
527 531 -2.80504313708
527 532 -4.04586552607
527 533 -1.52496719647
528 529 -4.52268119983
528 530 -3.76728315983
528 531 -3.32347794467
528 696 -3.12089713728
529 646 -4.10381968071
529 531 -3.84970481284
529 532 -4.26374577934
530 531 -4.51150374614
530 532 -4.39345415394
530 533 -3.92915785576
530 536 -2.50414675821
531 533 -2.28354968115
531 534 -3.20578257973
531 535 -4.0443914388
531 536 -3.76373380749
531 537 -5.0723185074
532 586 -4.02476888592
532 534 -3.45797637639
532 536 -2.77987733133
532 537 -4.34354274593
532 538 -3.93376768532
533 680 -3.57938065181
533 534 -4.81653315313
533 535 -4.58785713931
533 536 -3.59392180127
533 537 -3.83705732426
533 539 -2.99553801024
533 624 -4.08701714404
533 607 -3.87364961061
534 644 -2.04461790389
534 723 -3.70332290891
534 535 -3.25403998176
534 538 -4.88914452514
534 540 -3.06852262791
535 621 -4.20696818033
535 537 -2.08304155597
535 538 -3.84081063729
535 539 -4.59450688055
535 540 -4.71957908764
535 541 -4.27513707979
536 537 -2.82560816343
536 538 -3.90881274072
536 539 -3.69517298981
536 540 -5.1157948137
537 615 -3.52809110444
537 585 -3.89515055134
537 538 -2.51470708633
537 539 -3.29939889195
538 708 -4.58459473683
538 541 -4.52284098894
538 543 -3.35763733722
538 544 -2.85324400995
539 590 -3.76573220357
539 540 -4.21619721818
539 541 -2.94277082058
539 542 -3.56970153063
539 544 -3.96302342797
540 541 -2.96876731843
540 542 -3.14725655072
540 544 -2.56117341285
541 545 -3.42845733275
541 543 -3.81459693541
541 544 -3.31655251574
542 545 -4.10791683307
542 546 -2.78016537951
542 548 -4.24339215885
542 543 -3.49334481434
543 545 -4.33906425759
543 546 -3.7836452744
543 547 -3.98840644439
544 545 -2.77761028921
544 549 -4.02073715312
544 550 -2.66043938811
544 606 -3.44236218593
545 546 -3.62864536914
545 547 -3.83378029283
545 548 -4.31439088155
545 549 -3.91893337845
545 550 -3.80917436184
545 551 -1.32724474791
546 550 -4.00779777588
546 551 -4.29526860248
546 552 -5.00479572071
546 640 -4.01722102259
547 643 -4.11113190964
547 548 -4.9811387865
547 549 -3.05570529666
547 550 -4.57920442239
547 551 -4.38895915616
547 553 -3.68236043728
547 565 -3.2144452206
548 550 -4.84995268323
548 551 -4.48455192665
548 552 -3.99233312779
548 591 -5.33201628859
548 623 -4.12688756555
549 551 -3.29477003799
549 553 -4.33468933621
549 554 -3.30986198462
549 555 -4.53465039064
550 551 -3.05937419004
550 713 -4.38846196759
550 555 -4.22635125219
550 556 -3.57611180561
550 686 -4.62689856376
551 553 -3.24084460795
551 554 -2.72105895789
551 556 -3.59413571619
551 699 -4.30037640799
551 599 -3.56783984276
552 677 -3.64489703239
552 553 -3.70489320646
552 554 -3.77446837952
552 555 -4.06727290219
552 556 -2.98455660163
552 557 -3.84873609479
552 558 -3.75989598418
553 554 -3.89385955007
553 559 -3.7631098794
554 556 -3.31840864941
554 558 -2.53163117587
554 588 -4.01880145525
555 618 -4.19116663058
555 556 -3.90405745572
555 557 -3.59986598043
555 558 -2.27525497603
555 559 -4.29288500122
555 560 -3.13179571816
556 557 -3.98342151746
556 559 -2.32135180121
556 560 -2.96098063767
556 562 -4.89289270259
557 558 -3.04882566847
557 559 -2.22329231589
557 561 -4.20183726247
557 562 -3.14250519773
557 563 -2.95182210046
558 585 -3.33522531913
558 560 -2.71873148722
558 561 -4.73078428931
558 562 -3.56253868817
558 563 -4.52599989549
558 564 -3.99834557213
558 636 -3.73183160816
558 573 -3.16167116441
559 560 -2.93838701079
559 561 -4.7719288014
559 562 -3.85557932813
559 565 -4.35404547601
559 695 -4.66812356656
559 601 -3.77549612798
560 712 -3.25222838153
560 563 -4.50959985321
560 564 -4.71857598604
560 565 -3.337540828
561 585 -4.3158118963
561 722 -4.50614791225
561 565 -3.76874631658
561 567 -2.63941296006
561 629 -2.66022944666
562 563 -3.59498803985
562 564 -3.83556554492
562 565 -3.15013935727
562 566 -3.57398475742
562 567 -3.14952020964
562 568 -2.5892471042
562 703 -2.8370354409
563 682 -4.27144226888
563 564 -2.59938971818
563 566 -3.42229486301
563 567 -3.69791093871
563 568 -2.65204934877
563 569 -4.02477728477
564 641 -2.42251853709
564 583 -3.40056159027
564 565 -3.31981685105
564 566 -1.80091918237
564 567 -3.41481976756
565 646 -4.43151157804
565 659 -2.57238177123
565 567 -3.91351708808
565 570 -2.65605656114
566 568 -3.29530829054
566 569 -4.38534648692
566 570 -3.99358025019
566 571 -3.21801496165
566 572 -3.26299457182
567 728 -3.99969521936
567 568 -3.94601082089
567 569 -3.47653730118
567 570 -4.14186462089
567 571 -4.27136493254
567 572 -4.31213093099
568 617 -3.19479488586
568 570 -3.37910291517
568 573 -2.54291365483
568 574 -4.48128517279
569 695 -3.30143995529
569 626 -2.25767704503
569 570 -4.57711360033
569 572 -3.97939018073
569 575 -4.47255191642
570 642 -3.7308389973
570 571 -4.01827533803
570 573 -4.34017125278
570 574 -3.0401317322
570 575 -5.04497205138
571 577 -3.69202728162
571 572 -3.89693513669
571 573 -2.87090847129
571 574 -2.37231449305
571 575 -4.28151323759
571 576 -2.88178485967
572 577 -3.21407555182
573 577 -4.81187648652
573 578 -3.9778746196
573 579 -3.89757404465
573 592 -3.63605271741
574 579 -3.43743454945
574 580 -3.78600216669
574 633 -3.77168724395
574 575 -4.44887502662
575 579 -4.13899352408
575 580 -2.10056841704
575 581 -2.513939565
575 715 -2.95997680012
575 576 -2.94948284219
576 577 -2.67401119483
576 579 -4.07547098394
576 581 -4.07191346821
576 582 -3.29923990876
577 578 -3.96485143163
577 580 -4.34012739144
577 581 -2.19240235124
577 582 -2.26692911862
577 583 -2.99119452533
577 628 -3.97162033175
578 580 -3.48082210363
578 581 -4.06424383777
578 582 -4.76489168227
578 583 -4.33052975818
578 584 -4.16415936455
579 582 -4.40847451751
579 584 -3.7766374106
579 620 -4.2939168228
580 581 -3.41937599256
580 583 -4.05462077337
580 585 -2.97845366384
580 703 -4.02566373029
581 582 -3.12901075417
581 583 -3.72269251919
581 584 -4.50811657748
581 654 -4.02774948074
581 711 -4.25675377643
582 583 -4.3208523808
582 585 -2.54598910567
582 587 -2.75521216048
583 584 -3.71376410585
583 586 -4.71657440189
583 587 -4.8467686842
583 589 -5.13214722485
584 586 -3.88757680347
584 587 -3.39536718482
584 588 -5.00125246002
585 587 -3.41838637383
585 589 -2.1703262461
585 654 -4.97523974218
586 674 -2.91226000815
586 589 -3.95432656473
586 644 -4.62948556476
586 671 -3.77348964605
587 588 -4.91628768913
587 590 -4.20849763712
587 591 -3.8589050788
587 592 -2.72474679795
587 593 -4.24013610299
588 590 -4.36294379046
588 591 -3.65068402047
588 593 -3.88827367951
588 594 -3.97382575748
588 598 -3.94779316362
589 625 -3.4504864327
589 590 -3.3519465927
589 591 -2.75088212634
589 592 -4.59525102703
589 593 -3.9116289484
589 595 -3.62134124148
590 591 -2.43082635837
590 593 -4.41936201365
590 594 -3.05610317604
590 595 -3.52142594004
591 594 -4.90216149294
591 596 -4.46259707032
591 597 -3.36183793888
591 696 -1.8641676615
591 699 -4.2063696116
592 679 -3.37258337577
592 593 -2.91091742831
592 594 -3.55456027284
592 595 -2.73640988957
592 596 -4.07889202039
593 618 -3.51592384697
593 594 -4.38757155414
593 595 -2.48947081566
593 597 -4.43178424108
593 598 -2.73800267834
594 597 -1.89571435337
594 598 -3.309698391
594 599 -2.87153016241
594 688 -3.35148836785
594 662 -3.85783664372
595 597 -4.61915619861
595 598 -3.72959348335
595 599 -4.11505109374
595 601 -3.00815663389
596 724 -4.67365450546
596 597 -4.01795060323
596 599 -3.05349671662
596 600 -3.68315357261
596 602 -4.81042645018
597 689 -3.55839849218
597 600 -3.33910739327
597 601 -4.85168638428
597 603 -4.1551669093
598 599 -4.35131258746
598 600 -4.28008970257
598 601 -3.74593203086
598 603 -4.76425877645
598 604 -5.11149777539
598 704 -2.83465943087
599 600 -4.04543575294
599 601 -3.1857252096
599 604 -4.33831847889
600 613 -4.20657667812
600 601 -4.03033339499
600 603 -5.12732715565
600 604 -4.07918138145
600 606 -3.87339612973
601 612 -3.97662379044
601 602 -5.1945480343
601 603 -3.70351976754
601 605 -2.44369380177
601 606 -4.12824106941
601 607 -4.02537036263
602 603 -3.13015520092
602 604 -4.90691333701
602 606 -3.5753073781
603 609 -4.33616614278
603 604 -2.821582586
603 605 -4.36298817885
603 606 -4.12145846804
603 607 -3.93799713852
604 610 -4.66181869374
604 656 -2.80538920841
604 607 -2.64447266341
604 608 -4.34754064859
605 609 -3.22763887906
605 611 -4.21770942695
605 659 -3.70977281304
605 606 -4.87115178924
605 607 -3.16468769374
606 610 -2.66032355313
606 694 -3.41578740317
607 610 -3.41401087478
607 612 -4.12120255484
607 613 -3.76578341904
607 723 -3.11479824809
607 608 -3.43515777349
608 609 -4.50348851685
608 610 -4.53027623222
608 611 -3.5827729059
608 612 -3.75668134428
608 700 -5.39194554269
609 705 -4.32979057199
609 610 -2.67413496925
609 611 -2.64266725291
609 614 -3.14562223988
609 684 -2.69080818996
610 611 -3.20424489339
610 612 -3.9720115947
610 614 -4.2482700688
610 615 -3.26411421123
610 616 -4.2278944655
611 612 -3.57664380318
611 614 -5.00086657425
611 615 -4.05883108899
611 617 -2.75942620272
611 720 -4.68654021029
612 613 -3.99373139723
612 614 -3.35480541279
612 615 -1.71658775259
612 617 -4.18026030618
613 614 -4.13079827261
613 617 -3.86393145162
613 618 -4.28562849247
613 619 -2.49179934926
614 615 -3.50539747947
614 616 -3.63764164247
614 617 -3.16102515262
614 618 -2.12132839606
614 619 -3.37010595613
614 620 -1.68247751461
615 616 -4.07610848266
615 618 -3.31592457916
615 619 -3.69580622376
615 620 -4.07646242887
616 617 -2.88228322344
616 621 -4.54527121627
616 622 -3.69551263174
616 655 -4.07652168617
617 618 -3.83552906183
617 619 -4.48284164049
617 620 -4.01575604023
617 621 -3.16736769654
617 622 -4.37899133948
617 623 -3.39404725953
618 676 -4.04153736493
618 619 -3.56390541257
618 620 -3.64856000882
618 645 -3.11381833412
619 620 -3.42564921122
619 621 -4.97994149105
619 622 -4.22795822481
619 623 -4.11750697173
619 625 -3.08113680808
619 633 -3.96637948725
620 622 -4.32222516757
620 623 -3.59763294767
620 624 -3.49283382637
620 625 -3.60761830708
620 626 -4.92935460095
620 666 -4.38979774634
621 623 -4.35629090655
621 624 -2.9975955606
621 626 -3.09709976211
621 661 -3.91653135776
622 623 -3.00241851117
622 625 -2.66054967179
622 627 -4.26006244052
622 628 -4.12646856451
623 658 -3.82776846234
623 626 -4.42551599073
623 627 -4.24017839736
623 628 -4.48055213705
623 629 -3.45460896417
624 627 -1.84465283814
624 628 -2.35142339159
625 626 -4.70693604275
625 628 -3.6848876731
625 630 -2.09296906411
626 627 -4.02661291152
626 628 -3.84863734266
626 629 -2.91141621902
626 630 -1.69337611035
626 632 -3.57004401492
627 628 -4.38910261544
627 629 -4.08878153654
627 630 -3.48682891478
627 631 -4.59655150473
627 632 -5.03337911325
627 633 -4.43313640728
628 631 -3.98295015377
628 632 -2.65636118367
628 633 -4.26080794044
628 634 -2.55222545787
629 632 -4.14051006211
629 633 -2.92754003542
629 634 -4.63631712891
629 635 -2.74880555605
630 631 -5.44470397655
630 632 -2.67347205239
630 633 -3.23873211783
630 634 -3.87544509942
630 635 -3.54070458073
630 636 -4.0596963793
631 632 -4.398161737
631 633 -4.77221226079
631 634 -4.49327086369
631 635 -4.21593352839
631 636 -3.50482499076
631 637 -3.96706987701
632 710 -3.01696103889
632 670 -5.11288004998
632 633 -3.27535543908
632 634 -4.47608041108
633 636 -3.80622263448
633 638 -4.66910813072
634 635 -3.3043985342
634 636 -3.57155522106
634 640 -4.60889385753
635 636 -3.32640705206
635 637 -4.89588922873
635 638 -4.39787202201
635 639 -3.61712373735
635 640 -3.01290756345
636 642 -3.82543442726
636 697 -3.75793400993
636 637 -3.0455062413
637 641 -3.94085782515
637 643 -3.91644850412
637 639 -4.21842590038
637 640 -3.38714875932
638 642 -4.38550729479
638 643 -4.85718279849
638 644 -2.72209093446
638 639 -3.8288768228
638 640 -3.28246003903
639 641 -2.47749582715
639 642 -4.03912328362
639 643 -3.66236207651
639 640 -3.50486568831
640 641 -3.59630931639
640 642 -2.15763516554
640 643 -2.18463290785
640 676 -4.25070023885
640 645 -3.96828232563
640 646 -2.78438327669
641 643 -3.8178991041
641 644 -3.46818221108
641 645 -2.9861999814
641 646 -3.32510012125
641 647 -2.64480415545
642 643 -3.59219168778
642 644 -3.57970484796
642 648 -4.27543940248
643 647 -3.25911423111
643 648 -2.97182925829
643 649 -3.73678890517
644 646 -3.32908249285
644 648 -3.28122110638
645 678 -3.38651509671
645 648 -3.83077825364
645 649 -3.10926029473
645 651 -3.7028623823
646 647 -4.69793352656
646 649 -3.81831166919
646 650 -4.39042005722
646 651 -3.60821987993
646 652 -2.47454077859
647 649 -3.85404454879
647 652 -3.4087423188
648 649 -3.88415991335
648 650 -4.78019561249
648 652 -4.15087551206
648 654 -4.0482661828
648 685 -1.88351076538
648 702 -4.42838943495
649 650 -3.16063496504
649 651 -3.62564313815
649 652 -4.04314706652
649 654 -2.80153501443
649 655 -2.35396548938
649 670 -4.59859230007
650 652 -3.26705756274
651 652 -4.00765303491
651 653 -3.32331262802
651 654 -5.13900457707
651 655 -4.71954135054
651 657 -1.9547330972
652 717 -3.74847067546
652 653 -4.4644015552
652 655 -2.99000153746
652 657 -3.54877867335
652 658 -4.03113609343
652 661 -3.97206332583
653 654 -3.18355725706
653 657 -3.41170534292
653 658 -3.10866470069
653 659 -3.87011069615
654 655 -4.2076676067
654 656 -3.64867603716
654 657 -4.20709586477
654 659 -4.97124504591
654 660 -2.79936266478
655 658 -4.50802811161
655 659 -3.64940028266
655 660 -2.99642550936
656 657 -4.17663309788
656 660 -4.19227542266
656 661 -4.21686847276
656 662 -3.4596243017
657 658 -3.51339842482
657 659 -2.77411020459
657 661 -4.36653641132
657 663 -3.99883709076
657 683 -3.59136562859
658 661 -3.78474674827
658 662 -3.50412245551
658 663 -2.69026348502
658 664 -3.15687761115
659 691 -4.83330423209
659 661 -2.09774737766
659 664 -3.51950416318
659 665 -4.98189924499
660 661 -3.83177537098
660 662 -4.27236529166
660 663 -4.06137675756
660 665 -3.32397125038
661 695 -3.08624525563
661 665 -3.55807598359
662 664 -4.32239512477
662 666 -4.44419807437
663 664 -3.18572108611
663 666 -3.86754537712
663 668 -2.63669636895
663 703 -4.18381964579
664 667 -4.33920901779
664 668 -3.35881033679
664 669 -3.16214812433
665 666 -4.64937213744
665 667 -2.65041203855
665 668 -3.65246262233
665 669 -4.07598195653
665 671 -3.73857145936
666 667 -3.06834794275
666 668 -4.17779853753
666 669 -3.52046631047
666 670 -1.03580476298
666 672 -3.91323437875
667 672 -3.01403169153
667 673 -4.08861348638
667 697 -3.52785252606
667 707 -4.32585633833
667 717 -5.16130242697
668 673 -4.56485878539
668 674 -4.53538667898
668 692 -3.67527274222
668 669 -3.7735434661
668 672 -2.95289772754
669 673 -4.13575672061
669 709 -3.77719416697
669 670 -3.45675156634
669 671 -4.46213406766
669 672 -3.98249346231
670 675 -3.37630939594
670 676 -2.44426541518
671 673 -4.46257148931
671 674 -4.84843933484
671 675 -4.38411530362
671 676 -3.2428829332
671 677 -2.18255926854
672 674 -2.14928601591
672 675 -4.35819445647
672 676 -3.14184332322
672 677 -4.25860737406
672 678 -4.51829727425
673 675 -3.88360051723
673 676 -4.42801039271
673 677 -3.30127947592
673 679 -4.22719254772
674 675 -4.21129384928
674 676 -3.28955595207
674 679 -3.66434295205
674 680 -2.7190238841
675 676 -3.56230043825
675 677 -4.32159015266
675 678 -3.52644391173
675 679 -3.61156111234
675 681 -3.32851399472
676 677 -3.5082823685
676 678 -3.34464146734
676 679 -2.54217141886
676 681 -4.86237172294
676 682 -3.56352799859
677 678 -4.75982999588
677 679 -2.85642625518
677 681 -2.81733136312
677 683 -3.71857655615
678 679 -4.56707508901
678 680 -3.15658667615
678 682 -3.87220746445
678 683 -4.41050616328
678 684 -3.5288445387
679 680 -3.76159026942
679 682 -4.91338519075
679 683 -3.26615208932
679 685 -5.0135348865
680 681 -4.25768171512
680 683 -3.93624248372
680 684 -4.52632557964
680 686 -4.36695411958
681 682 -3.72344723686
681 684 -2.48198398884
681 685 -3.71940892208
681 687 -4.23934344395
682 683 -3.32247404305
682 684 -3.30245145214
682 685 -3.80634213742
682 686 -3.72528380784
682 688 -4.62839561594
682 721 -3.59301147004
683 685 -4.12116465708
683 686 -4.12661952461
683 689 -3.73468020829
684 685 -4.53445977913
684 686 -3.1087541818
684 687 -2.81336175059
684 690 -4.16300181024
685 687 -5.25167618427
685 688 -3.13580085467
685 691 -4.0065495177
686 689 -3.14582887202
686 690 -3.16410951635
686 691 -4.77504512448
686 692 -2.32760607944
687 688 -3.91535525505
687 693 -2.81260740668
687 728 -3.88816733121
688 689 -3.42413258101
688 690 -2.8214368785
688 691 -4.68782916904
688 692 -2.32320665282
688 693 -4.54044580829
689 690 -3.46805547145
689 691 -4.62401361152
689 692 -4.03024730695
689 693 -4.11888965541
689 694 -3.58322488274
690 691 -2.83711774427
690 692 -4.07433464706
690 694 -4.28122596866
690 695 -4.40578879443
690 696 -3.19506233343
691 719 -3.390599622
691 694 -4.48608499751
691 696 -3.84283103569
692 693 -3.60028625211
692 694 -3.25350944728
692 696 -2.08438914801
692 697 -3.52109911465
693 729 -3.89052041366
693 694 -3.6396786552
693 695 -2.40505744871
693 697 -3.32960331404
693 698 -2.82444617016
693 699 -3.22309244843
694 718 -4.7107561303
694 697 -2.06445219812
694 698 -3.53337634391
694 699 -2.49940106128
695 696 -3.34102416038
695 697 -4.21017860665
696 719 -3.67825696908
696 697 -4.1210168912
696 699 -3.64080824291
696 701 -3.60723538146
696 702 -4.37743612698
697 698 -4.76507825454
697 699 -3.37066180986
697 700 -3.75277420526
697 702 -3.07709609834
697 703 -4.35922477067
698 728 -4.12205526399
698 699 -3.52601496336
698 700 -3.5057359608
698 701 -3.37507780976
698 703 -5.21346370681
698 704 -3.75379418839
699 700 -3.33682563791
699 701 -3.42963811
699 702 -4.32995498256
700 705 -4.20504832793
700 706 -3.43284917134
700 701 -4.67923325511
700 703 -4.03837687235
700 704 -3.61338475844
701 705 -3.2436305746
701 706 -3.54555376768
701 707 -3.66449643475
701 702 -3.63036578763
701 703 -3.95695012436
701 704 -2.93000992196
702 706 -3.19511868478
702 707 -4.20200733499
702 708 -3.10750938784
702 704 -3.85623028831
703 706 -4.38669282532
703 707 -2.81796453266
703 708 -2.9133312677
704 706 -4.61441840758
704 707 -3.53204423499
704 708 -3.92082890747
704 709 -3.71738980687
704 715 -3.53245051205
704 726 -5.15870635899
705 706 -4.14498397372
705 707 -4.02527873302
705 708 -4.18798877558
705 709 -4.63717784994
705 711 -3.41177209494
706 708 -3.39776132891
706 709 -3.59525786234
706 710 -3.83418659379
706 711 -4.42703861745
706 712 -4.02327614019
707 708 -4.33567166311
707 711 -4.47985403198
707 712 -4.10689111213
707 713 -5.08949629547
708 712 -3.72996759684
708 714 -4.06027908317
709 710 -3.67367330694
709 712 -3.34734085792
709 714 -3.63257660912
709 715 -3.00506242116
709 720 -3.44943363352
710 711 -4.11371219286
710 712 -3.82647745591
711 712 -4.847133162
711 713 -3.51369111308
711 715 -3.62924487856
711 717 -3.32952824089
712 713 -2.72745866365
712 714 -3.1461336135
712 716 -4.11963097004
713 714 -3.0286241668
713 715 -4.68564870716
713 718 -3.16419487712
713 727 -3.53931685665
714 715 -4.43034353524
714 716 -3.50883325711
714 718 -3.7653386287
715 718 -3.55240936209
716 718 -4.48670411593
716 719 -2.92051390094
716 720 -4.00249366434
716 722 -3.53284441017
716 724 -3.3666109818
717 718 -4.17640065299
717 721 -3.11709703577
717 723 -3.83795385133
718 720 -3.02523992565
718 724 -3.98973694466
719 720 -4.79522584409
719 721 -4.1302302289
719 722 -3.77219847114
719 723 -3.77398692257
720 721 -4.07469372988
720 722 -3.48364634016
720 723 -1.63098567873
720 726 -3.04600803674
721 722 -3.75952099482
721 723 -2.69152835458
721 724 -3.75359491503
721 725 -3.745198187
721 726 -4.47453751726
722 723 -4.74764634873
722 725 -4.43220851886
722 726 -2.93622865955
722 727 -3.4156149466
723 724 -3.37653437608
723 725 -3.12282080106
723 726 -3.14091605993
723 728 -2.68720068056
723 729 -2.04128707394
724 725 -2.87852610252
724 728 -5.0461105568
725 726 -3.45041661987
725 727 -3.68331806517
725 728 -3.65542787223
726 727 -1.81814874893
727 729 -3.55668406313
728 729 -2.76689944606
