MULTICUT
1 390 -85.237798151
1 522 -63.1660214653
1 396 -29.3083868362
1 622 -31.7751054914
1 531 -44.3893857593
1 6 -18.5116100175
1 423 -23.4789049088
1 941 -26.8992350659
1 302 -61.1806570524
1 565 -19.6190897845
1 825 -57.3034908801
1 321 -17.3625778157
1 353 -48.976539331
1 455 -34.0756845129
1 717 -40.8342512177
1 335 -27.2616308424
1 467 -26.4871985344
1 345 -45.7812725923
1 91 -51.3765252188
1 97 -41.3854443054
1 226 -36.8855417401
1 748 -28.8587139538
1 750 -13.1939242494
1 501 -13.0344941477
1 511 -63.6140644352
2 257 -40.342054474
2 386 -70.825944022
2 775 -78.343681309
2 520 -67.9174787478
2 137 -64.3869776982
2 396 -40.4690398143
2 143 -71.6176805342
2 402 -75.1975474666
2 161 -26.3080235101
2 937 -72.4408663202
2 174 -37.9882226993
2 308 -38.4042434289
2 317 -76.3070199826
2 713 -31.8164337911
2 334 -73.5434870451
2 858 -32.9760392105
2 225 -31.3491073092
2 227 -20.7246524495
2 41 -22.7312903596
2 755 -15.4835264088
2 756 -19.8000980569
2 249 -31.7627884722
2 634 -72.9193176636
2 508 -32.1832497766
2 511 -46.8702745612
3 646 -61.3744845628
3 781 -43.0086024978
3 17 -22.6134359734
3 790 -57.3213908846
3 26 -68.8798166111
3 803 -31.2715304173
3 420 -25.1709785435
3 167 -13.2744408081
3 562 -35.0028699988
3 439 -70.058187876
3 569 -12.8492160001
3 316 -27.2334340945
3 702 -18.1440328721
3 582 -38.8658478035
3 842 -47.5633688366
3 592 -37.4979457513
3 466 -31.4619329878
3 863 -18.1951456971
3 97 -48.6867602972
3 484 -63.7911312774
3 882 -34.5339451483
3 629 -34.6705281567
3 511 -36.7075508475
3 639 -46.3578847309
3 128 -44.3489931365
4 262 -22.1174833372
4 140 -47.9482937163
4 910 -14.9560118196
4 196 -58.5733096143
4 415 -48.7540994366
4 646 -22.9402908098
4 803 -11.4515989277
4 678 -22.3564413409
4 433 -49.3478343094
4 799 -18.4850107754
4 567 -41.9721145334
4 188 -22.6284124953
4 576 -18.8383646075
4 835 -14.5328995731
4 268 -32.5610682507
4 584 -45.5931698998
4 347 -76.7235187468
4 865 -73.2963464152
4 740 -23.69297169
4 234 -28.0895836368
4 493 -9.5431970882
4 879 -34.1967157216
4 371 -45.98434825
4 374 -15.7557376579
4 251 -49.1731747857
5 770 -18.3788571669
5 131 -23.1051878078
5 7 -21.7992697146
5 706 -39.3462542958
5 143 -61.9019766033
5 924 -61.334995366
5 671 -54.1347168467
5 929 -41.7643967175
5 803 -69.3786102868
5 45 -26.0974723896
5 687 -47.8163098781
5 574 -48.2809906513
5 66 -63.2676323996
5 459 -60.6875138072
5 78 -58.8175001579
5 79 -58.3727181843
5 88 -45.8114629925
5 732 -47.4381583725
5 479 -13.1457201475
5 608 -69.6570254753
5 741 -70.9064448431
5 617 -68.5536972659
5 746 -15.2335286806
5 108 -27.1410134294
5 249 -50.648210679
6 772 -54.5340238418
6 135 -20.8464382153
6 10 -36.3123396207
6 525 -42.7759831678
6 787 -44.5604328079
6 921 -36.6542562947
6 282 -66.9304103836
6 540 -45.7203416989
6 676 -54.4134236763
6 296 -48.8932558181
6 432 -32.3748683233
6 318 -57.451388446
6 710 -69.222344743
6 714 -15.5219814128
6 465 -44.0727258265
6 90 -64.2280295052
6 96 -52.7002255961
6 98 -39.0662511082
6 485 -16.9644893656
6 876 -42.9772997463
6 243 -23.9448755838
6 885 -34.6742786712
6 761 -14.4952206126
6 379 -37.3851352829
7 902 -37.0549814722
7 152 -26.2193926194
7 403 -28.8446614706
7 792 -41.9933300329
7 27 -31.9417492184
7 290 -41.643195911
7 163 -35.7600550941
7 168 -59.1822481351
7 178 -66.7882047589
7 448 -39.9729948151
7 833 -34.1607075154
7 326 -29.6300669055
7 71 -26.8960207389
7 594 -36.7337732541
7 468 -73.8094526819
7 726 -48.2556118612
7 728 -52.9005798983
7 96 -72.7090601614
7 873 -25.9316305908
7 366 -28.4073990031
7 757 -18.8031213519
7 381 -68.7109825856
7 254 -20.8945493367
7 127 -72.2954418281
8 644 -60.0797763259
8 519 -68.9712685622
8 22 -28.9638024585
8 920 -28.2488523197
8 793 -20.1832412046
8 156 -45.2965687064
8 541 -31.5445309823
8 801 -13.5924961833
8 807 -51.8623867079
8 941 -50.3825657313
8 433 -35.9613748828
8 51 -34.0535652418
8 313 -57.5167930192
8 62 -27.8271790279
8 320 -27.9881746882
8 929 -30.0069869973
8 78 -43.4965809829
8 851 -68.4513425013
8 852 -58.078942027
8 470 -61.9393524408
8 605 -26.6106694292
8 99 -78.346792747
8 626 -27.1624886321
8 631 -25.682022628
8 122 -14.6220057457
9 897 -40.7952092377
9 771 -41.6619295326
9 775 -85.018344911
9 14 -13.2948027881
9 401 -69.3286448093
9 300 -66.2385821068
9 430 -51.9284614355
9 687 -32.6371671619
9 73 -57.8668258278
9 692 -22.1134681656
9 827 -73.0468382248
9 317 -65.9727231382
9 63 -50.0922243527
9 454 -55.6978531856
9 457 -75.5433129478
9 81 -35.4701403205
9 594 -23.6680621866
9 865 -68.1863894406
9 273 -43.2908645259
9 101 -52.9364477783
9 445 -23.8274036245
9 621 -17.1705046998
9 110 -55.9156580885
9 502 -64.3246164835
9 253 -23.6849103791
10 643 -63.6916098939
10 781 -17.3008048704
10 22 -19.6351344791
10 23 -22.9642855019
10 536 -14.7974499225
10 413 -11.0376268359
10 929 -28.8765815447
10 930 -39.8008010522
10 419 -41.67361309
10 557 -30.3947951757
10 562 -11.6116937296
10 821 -32.2882709221
10 69 -52.0099633941
10 206 -52.6737552822
10 594 -13.5330574387
10 91 -14.4365869092
10 864 -17.1744383971
10 610 -37.6510065701
10 740 -70.9653910382
10 229 -63.3582146119
10 870 -33.5012248487
10 850 -59.1077241926
10 755 -74.1789372713
10 120 -69.0644095727
11 385 -15.8826211346
11 645 -76.1639528918
11 519 -46.9906605036
11 268 -13.5121894454
11 526 -80.420682866
11 783 -26.5229735973
11 661 -19.5457660677
11 284 -33.2300373929
11 799 -68.220079349
11 164 -35.1922192294
11 811 -55.0475334164
11 568 -29.7501585338
11 575 -21.9220226028
11 321 -48.8040803269
11 580 -30.7694671206
11 80 -37.3189566704
11 15 -26.3915422716
11 853 -33.0428747729
11 399 -23.4106760737
11 855 -20.1018683766
11 98 -18.9772836142
11 486 -16.2125082108
11 107 -64.5200973818
11 366 -26.7060667358
11 376 -28.6484265418
12 771 -45.1762633865
12 261 -33.1429076745
12 139 -32.5772739104
12 145 -39.2749168909
12 645 -23.8445462652
12 538 -10.995919012
12 157 -43.4071369204
12 31 -13.687609067
12 940 -15.300182856
12 174 -71.8169544498
12 180 -21.3821357892
12 184 -16.6604943871
12 832 -23.9242741705
12 850 -18.7568289284
12 212 -13.7601287225
12 856 -60.9892457848
12 729 -10.2704461649
12 93 -41.4492397887
12 482 -50.9346089782
12 739 -22.9860068181
12 876 -32.8493089816
12 110 -10.846626143
12 377 -47.5859008487
12 634 -30.2409447984
12 379 -62.6921386742
13 261 -75.2221875186
13 775 -16.8030068304
13 275 -18.6496237003
13 27 -30.7890696345
13 541 -75.3587740377
13 928 -14.6920719116
13 804 -27.5961874411
13 817 -47.9581780348
13 192 -26.8634640284
13 449 -47.1000079566
13 452 -26.5007087447
13 586 -34.4623503935
13 463 -64.0385914724
13 340 -31.3999416517
13 214 -57.5017256009
13 345 -17.9812071157
13 474 -24.7433387593
13 486 -15.1946527038
13 488 -32.5965829971
13 233 -51.3472645078
13 243 -36.8071402292
13 372 -77.4398015194
13 373 -16.7021504318
13 121 -17.1464783923
13 123 -12.8075961941
14 388 -32.865846426
14 392 -21.0786445621
14 269 -15.7949516712
14 910 -33.92254974
14 783 -17.7258507094
14 25 -56.8284173164
14 922 -23.7949445984
14 31 -47.3862440007
14 672 -33.731199469
14 932 -47.3000951626
14 933 -73.6434313191
14 562 -43.8746402111
14 543 -72.8252085041
14 702 -39.0241331911
14 199 -68.2562446157
14 866 -82.6217993432
14 77 -22.2765653361
14 336 -29.2841288786
14 601 -24.7328769161
14 603 -76.0043945979
14 482 -29.6235146312
14 620 -24.5008810511
14 238 -16.7929719011
14 367 -26.6590328415
15 647 -44.3082773413
15 785 -35.6691071844
15 661 -73.5759897041
15 22 -86.1734860766
15 26 -31.5290502246
15 285 -17.1040698433
15 421 -26.7866835946
15 935 -12.3035539097
15 432 -59.7734834677
15 52 -39.2875972138
15 821 -40.1973671894
15 702 -20.1538942031
15 704 -43.6143438263
15 578 -31.3341973469
15 708 -68.2258696299
15 73 -41.2897703406
15 594 -41.8006367396
15 213 -28.9018750198
15 233 -53.0863568434
15 369 -34.8925876544
15 884 -46.3069294921
15 757 -23.8570535014
15 122 -24.7008569713
15 766 -54.3329761922
16 902 -16.2606802739
16 910 -12.8222917328
16 919 -31.7321591347
16 29 -66.8550403544
16 941 -30.7014025778
16 945 -29.8538184932
16 575 -73.9418273418
16 583 -34.3145068389
16 593 -42.4302006773
16 467 -24.4049658163
16 725 -38.033417564
16 860 -74.1176537186
16 222 -23.5234670763
16 99 -27.8172379887
16 491 -59.6573989526
16 365 -52.2276807655
16 624 -25.669182593
16 63 -23.2093585337
16 120 -49.4747509188
16 505 -21.8306620558
16 235 -59.9330783315
16 763 -16.9510593629
16 896 -16.9463141273
16 638 -62.4960672983
16 768 -69.2734666635
17 520 -82.4486845478
17 259 -14.1342051227
17 794 -15.0064849985
17 671 -26.9468498795
17 808 -18.3802495681
17 648 -61.6707596572
17 177 -29.0192240608
17 823 -35.1250811092
17 62 -30.8449108454
17 65 -56.204481889
17 702 -59.7332137258
17 835 -31.8994884815
17 197 -16.2475575448
17 840 -30.9980855564
17 84 -14.2486555288
17 88 -65.3996680192
17 200 -40.0569314756
17 608 -37.731627333
17 875 -75.0605501065
17 766 -68.4102871973
17 246 -18.4549794676
17 632 -14.1782491844
17 893 -21.1154291828
17 894 -14.9153472042
18 514 -31.6336537472
18 262 -31.59587281
18 621 -66.2633747102
18 653 -65.1079527581
18 144 -48.9745448458
18 149 -53.8542556966
18 919 -48.6464920696
18 284 -57.3604079684
18 541 -45.2957564023
18 673 -21.1876599217
18 938 -21.4013067829
18 555 -28.4290914443
18 685 -27.0316861625
18 306 -56.8253883944
18 694 -23.0894303575
18 707 -15.596198659
18 471 -30.5326790419
18 603 -12.1549912167
18 352 -22.0733684496
18 99 -27.7615269114
18 485 -45.6243869252
18 749 -23.3104253222
18 369 -44.6621961695
18 754 -20.743638516
18 375 -17.6598354354
19 523 -45.2913936606
19 142 -22.8742385551
19 403 -34.3385373485
19 406 -12.9349061999
19 24 -32.7730537128
19 283 -56.6709775654
19 37 -59.9972757837
19 552 -47.2604036651
19 427 -11.6139536029
19 175 -12.908795823
19 944 -39.90828921
19 692 -46.5438045933
19 183 -14.8565893925
19 446 -38.8931015456
19 449 -34.8613890155
19 70 -75.8555839076
19 456 -25.2495836008
19 597 -40.2910590909
19 933 -52.4987526698
19 478 -20.5439755694
19 764 -31.9865883602
19 104 -16.6829186891
19 627 -40.4969260354
19 374 -31.7061777308
19 508 -23.8496477222
20 900 -48.7454545764
20 647 -40.1868582753
20 302 -11.7318206526
20 535 -38.2786489851
20 920 -10.6204937861
20 283 -28.0967633206
20 44 -21.0259355741
20 814 -15.3859854018
20 559 -38.5620395471
20 817 -75.5125579123
20 826 -23.1578937757
20 700 -21.8187545757
20 701 -20.374442562
20 581 -13.5155928667
20 712 -42.4707520686
20 590 -25.9937397013
20 463 -39.7818325613
20 868 -58.2698200975
20 734 -45.1169638211
20 228 -11.6107478053
20 870 -19.5518733502
20 872 -27.8206457049
20 108 -16.3449065784
20 759 -31.1160018109
20 444 -36.8663874438
21 770 -47.8686432851
21 133 -26.6010356288
21 780 -50.0270031236
21 527 -13.9227902339
21 154 -26.7175512525
21 539 -21.222516858
21 925 -68.2951965666
21 926 -43.5078542079
21 544 -20.8857889657
21 293 -49.6291569409
21 940 -26.8901759278
21 305 -45.3055710092
21 577 -33.3169471651
21 396 -51.6083377022
21 329 -28.0124201891
21 714 -23.7594633554
21 844 -68.3391281393
21 593 -48.3553916452
21 596 -25.7181916975
21 597 -21.5413143761
21 347 -25.0348508275
21 733 -28.3748615012
21 357 -24.994092607
21 877 -20.636763313
21 631 -46.9215050251
22 784 -35.0799314524
22 25 -29.8692506343
22 415 -63.4930457097
22 164 -72.7373690086
22 428 -25.1132928087
22 822 -64.7619821134
22 906 -28.7914926362
22 326 -37.1106084836
22 331 -33.7953360473
22 335 -22.0135117155
22 592 -55.1045291213
22 849 -66.3325499602
22 473 -13.712700579
22 606 -25.0933818707
22 103 -39.8108409008
22 104 -32.9039567712
22 489 -16.1442311413
22 877 -68.2045147109
22 238 -15.5234282282
22 111 -50.9317430007
22 629 -37.6698622175
22 502 -42.3811814445
23 771 -49.1405343358
23 645 -12.441768918
23 451 -63.8377295875
23 912 -20.03709383
23 287 -21.4908495242
23 544 -29.6461026227
23 802 -83.5931638316
23 298 -36.2738247582
23 430 -34.7287210791
23 817 -26.2463429218
23 565 -34.7234512361
23 181 -65.5860177616
23 315 -19.5244309596
23 447 -70.8612286961
23 320 -43.152703201
23 67 -27.299440524
23 875 -45.0799242602
23 600 -46.3734533925
23 230 -41.8817702319
23 104 -61.9378972602
23 361 -48.1780923084
23 619 -25.502504211
23 254 -40.6922283383
23 512 -28.2143377341
24 777 -42.5813689233
24 906 -20.5240811901
24 524 -21.3024777182
24 532 -61.2652860509
24 791 -19.8601529527
24 415 -66.8307282825
24 299 -10.9359653644
24 44 -18.1755681552
24 429 -67.6438345224
24 393 -75.8973170935
24 62 -31.0888822938
24 320 -15.667690887
24 833 -66.3571966555
24 581 -29.3970416235
24 716 -12.9066007604
24 720 -23.535922212
24 594 -34.7959126108
24 341 -50.5501490196
24 609 -33.4549935007
24 748 -25.3320233314
24 504 -42.8848637237
24 505 -34.519928122
24 636 -34.6474970388
24 383 -19.5851414225
25 770 -40.1560226422
25 261 -29.9270344621
25 391 -74.3617400283
25 393 -53.014645549
25 621 -45.9476845834
25 525 -48.5562014009
25 786 -22.7606675485
25 27 -28.8269541136
25 34 -29.8267794206
25 931 -28.2163269052
25 676 -17.508092102
25 171 -24.7236653924
25 302 -70.1562349113
25 817 -18.9258821867
25 565 -14.4267469218
25 61 -46.5302878313
25 69 -31.1927402708
25 872 -32.4256480057
25 493 -22.9997169793
25 375 -67.8817582456
25 504 -15.0240535372
25 633 -28.3159553049
25 256 -73.1456374487
26 641 -55.8995444134
26 264 -23.8061676026
26 266 -35.4117334211
26 274 -10.0812338839
26 789 -30.3805796692
26 794 -57.020938138
26 32 -31.7207641565
26 291 -15.9451600132
26 942 -54.5431426314
26 695 -23.2361316246
26 58 -17.0137069826
26 587 -52.7980103742
26 67 -37.9337436569
26 197 -72.2395621196
26 311 -12.1444257393
26 75 -36.9160304587
26 483 -40.2435147719
26 206 -34.299331255
26 469 -25.2508246099
26 598 -42.2429538914
26 223 -48.6349731769
26 611 -79.6010848937
26 230 -58.8473868146
27 399 -20.8575849056
27 789 -51.8803244719
27 543 -79.8793649943
27 673 -19.703137576
27 802 -22.9330477331
27 50 -11.9121706589
27 179 -20.3420683706
27 443 -15.7523552275
27 316 -26.1939723521
27 717 -16.8050920835
27 212 -15.613627081
27 725 -16.579352498
27 143 -38.1164570349
27 231 -51.4358840875
27 876 -17.4200808064
27 750 -22.1723729989
27 882 -57.5389231379
27 724 -66.6505372178
27 630 -45.7796766899
27 503 -61.7185138198
27 508 -33.5528350871
27 510 -41.3928515149
28 771 -62.2390612668
28 262 -18.6537779341
28 776 -66.9263748576
28 398 -23.8140797434
28 660 -67.959054028
28 33 -71.165487253
28 804 -70.9980463783
28 555 -32.9838032244
28 813 -44.7115125261
28 174 -55.700488437
28 564 -19.4103374525
28 185 -35.5518237628
28 700 -16.3056847041
28 317 -11.9997513624
28 318 -32.3473209152
28 447 -51.6992463569
28 65 -27.4166546928
28 709 -69.2374513843
28 716 -50.5377481855
28 77 -30.812914031
28 731 -57.4668414087
28 353 -47.244288506
28 873 -61.0740163696
28 112 -32.8770110834
28 636 -40.4332340518
29 782 -59.7994091719
29 275 -41.5205728511
29 90 -63.0131164868
29 798 -43.1696069242
29 800 -23.0983898511
29 34 -64.4004592237
29 548 -59.7231367281
29 38 -38.0204398309
29 680 -62.9117959153
29 178 -19.9773731068
29 823 -17.3429008489
29 185 -19.1725570572
29 444 -42.6935003329
29 322 -62.2970540001
29 846 -16.7660104521
29 591 -76.229700002
29 562 -35.9174126848
29 600 -17.4530786187
29 101 -16.2328669169
29 485 -49.8238750748
29 617 -26.5409760326
29 124 -44.4864969941
29 381 -73.4619136641
29 895 -19.3991840131
30 141 -25.5454929097
30 142 -11.0833123689
30 155 -10.8564373919
30 930 -10.339218122
30 169 -21.9759061525
30 43 -15.5772705251
30 300 -37.0484062913
30 687 -61.5116172845
30 178 -30.2058983068
30 821 -21.6536370452
30 443 -20.6140606354
30 317 -38.2836740348
30 708 -16.5914528187
30 710 -43.0997998689
30 75 -28.551430886
30 845 -21.4205871474
30 506 -35.3111936209
30 609 -10.2602245397
30 510 -23.0922013815
30 369 -77.1832473579
30 884 -57.9119395521
30 890 -22.8790993644
30 637 -38.9873445842
30 382 -41.3377803597
30 511 -52.7043432275
31 152 -22.4959099147
31 411 -33.6166335878
31 924 -64.5750400422
31 33 -72.6956911517
31 292 -20.1860004752
31 569 -34.4861519577
31 572 -58.4875583466
31 702 -14.8665988253
31 191 -44.8515137582
31 576 -30.9083909989
31 706 -37.5551720758
31 270 -24.274663967
31 86 -42.6424167875
31 94 -45.232361004
31 480 -18.1034745482
31 868 -10.154175304
31 488 -12.8663555789
31 618 -28.5995005944
31 365 -38.0980071498
31 830 -26.0542052769
31 242 -31.4652433344
31 505 -32.422165904
31 763 -68.0915691608
32 645 -22.1857222451
32 647 -51.2590505236
32 392 -39.6774209671
32 150 -46.9945297778
32 795 -66.7645332254
32 70 -45.0222442754
32 673 -21.7837348301
32 946 -54.798245193
32 435 -33.881824686
32 60 -21.0571289665
32 833 -77.8856851512
32 326 -23.9834912918
32 460 -82.0859386769
32 591 -54.2394149265
32 209 -39.3219026166
32 723 -34.2740923638
32 340 -10.3379351821
32 602 -10.919059538
32 94 -27.5636048964
32 226 -24.1583879857
32 364 -42.6565038062
32 749 -15.093714455
32 337 -24.506860619
32 512 -70.1561101167
33 388 -42.7030271447
33 138 -35.9885906249
33 534 -14.0088877522
33 409 -46.9360878106
33 542 -21.9063711281
33 412 -51.6449295698
33 934 -37.3125130747
33 939 -71.3717318893
33 558 -63.6509651993
33 690 -30.8309949005
33 522 -17.5849244217
33 448 -46.4445655084
33 73 -18.9108487415
33 202 -29.5077919516
33 463 -29.8670569474
33 207 -55.9819136767
33 92 -63.0385595596
33 357 -33.1483193548
33 486 -16.6909229183
33 105 -42.5496228398
33 370 -23.5599364431
33 890 -49.3199907518
33 64 -25.405061932
34 44 -34.4244643133
34 773 -44.6506592405
34 391 -19.9457366541
34 656 -56.3651757413
34 407 -65.783658348
34 666 -33.2121153644
34 158 -13.9151477195
34 799 -50.5299618463
34 426 -63.4958737018
34 300 -29.8138423598
34 175 -13.4256666721
34 671 -19.5963872817
34 570 -23.9972938423
34 701 -25.2019123253
34 330 -63.5951759574
34 847 -15.2026674848
34 89 -28.649850996
34 858 -44.5091988126
34 731 -29.6541684477
34 864 -40.4817223858
34 117 -41.4573620007
34 764 -47.9270466843
34 640 -38.0474452096
35 265 -11.4636069247
35 196 -64.8350786099
35 534 -43.9051647997
35 669 -14.9504736625
35 542 -32.0884066286
35 417 -44.3045642819
35 802 -51.0908455229
35 291 -62.1580750929
35 549 -28.4487588291
35 302 -28.1888468483
35 436 -56.7009629835
35 223 -62.965493324
35 63 -62.5282866567
35 758 -83.029228752
35 578 -37.4292013433
35 324 -78.2800020263
35 328 -39.5248497595
35 721 -59.1122544209
35 607 -27.7453637564
35 96 -17.9824559248
35 610 -10.6187062263
35 489 -39.9671196245
35 148 -47.0264662099
35 246 -12.7400399499
35 632 -50.5681394346
36 897 -16.1758715233
36 387 -30.6293350636
36 644 -42.11331143
36 778 -61.5972726762
36 535 -48.4475629313
36 168 -25.7003860203
36 298 -53.778442845
36 304 -18.9787388174
36 437 -17.9316850629
36 821 -41.0542406146
36 446 -55.879023841
36 330 -35.005852711
36 589 -16.2459617778
36 462 -12.3028412582
36 207 -48.6962888894
36 337 -38.588355084
36 721 -34.4426398108
36 742 -17.1585278478
36 743 -22.2446376843
36 682 -60.849109903
36 126 -45.1763410859
36 626 -40.1923444689
36 886 -20.220177423
36 42 -52.2901858372
36 766 -56.0454006044
37 898 -25.0405911679
37 261 -50.4018135554
37 266 -14.7869835115
37 653 -54.9255242964
37 528 -27.6921868408
37 536 -28.3023605297
37 304 -37.3848804239
37 285 -17.9932310506
37 937 -14.625047971
37 688 -48.4926217661
37 562 -34.4796159697
37 184 -10.6393686059
37 699 -37.1193620017
37 709 -49.8944548261
37 204 -50.7064656992
37 209 -58.1890986315
37 850 -31.8194744549
37 852 -15.6861780727
37 613 -18.7332065082
37 362 -49.3880851906
37 275 -58.4667160928
37 495 -12.8222842351
37 553 -14.3288111362
37 886 -13.9901526273
38 905 -31.3470053259
38 778 -63.7987071623
38 523 -17.983152727
38 750 -64.1998441368
38 657 -21.1953201961
38 153 -55.9583709667
38 665 -38.1994253917
38 795 -22.9646584593
38 932 -40.24746741
38 294 -58.8056900396
38 937 -70.9574581462
38 797 -23.2952215628
38 844 -76.2528986458
38 592 -35.7854614457
38 342 -72.6115896323
38 344 -24.0612841653
38 729 -17.9794164937
38 218 -22.4826896169
38 220 -20.2300945953
38 106 -14.4757889785
38 619 -14.2064457879
38 494 -14.8309977181
38 369 -15.3186836156
38 626 -35.5106048802
39 515 -44.7386481579
39 940 -39.7321327813
39 264 -51.9492930021
39 914 -49.0252885698
39 665 -54.552135362
39 930 -64.9688956408
39 172 -43.3143352552
39 943 -45.3209195765
39 48 -13.8344160505
39 207 -15.1899413557
39 317 -56.154865536
39 830 -16.4735951019
39 712 -63.4940918646
39 333 -21.7997912533
39 335 -71.0014360935
39 591 -13.9050993168
39 90 -36.3903961263
39 747 -39.0854158743
39 876 -28.6730324596
39 878 -30.4268652873
39 367 -22.5842838008
39 375 -29.6624962225
39 377 -55.7858932518
39 890 -61.9856239811
39 507 -19.1787549844
40 133 -57.520611823
40 134 -75.3865950783
40 265 -63.1022482134
40 908 -51.1910698437
40 526 -66.9164945299
40 400 -46.4628423964
40 788 -42.6389447045
40 412 -39.6109410453
40 669 -22.2275150631
40 674 -16.1238860923
40 932 -24.4783407492
40 679 -66.1641729284
40 521 -21.5695869471
40 53 -56.3805407568
40 696 -31.6033416314
40 443 -23.0118094486
40 440 -29.9039800592
40 590 -49.3946664431
40 602 -15.2004340149
40 867 -16.8241441839
40 487 -53.3262135057
40 882 -62.236435218
40 757 -49.676199122
40 636 -66.28777226
40 640 -39.0356755468
41 515 -43.4387155513
41 263 -22.7638679487
41 267 -13.5154012985
41 151 -15.3304395802
41 419 -45.7736576853
41 297 -29.7056824834
41 688 -21.5469983289
41 563 -31.4883446019
41 566 -35.3005264516
41 701 -59.4596191522
41 65 -41.4596452576
41 71 -44.0930881458
41 846 -50.2680212684
41 722 -29.8284085447
41 851 -68.7928414671
41 222 -43.6078685818
41 97 -22.2862590113
41 615 -77.9948364173
41 875 -37.7719463371
41 749 -45.0640113458
41 370 -47.6603223367
41 374 -21.7956458201
41 508 -12.0786613836
41 639 -41.0744601238
42 642 -19.1628583391
42 647 -46.4008971075
42 898 -49.898292816
42 521 -73.0654580459
42 524 -18.2074829954
42 653 -23.437950223
42 659 -77.5028751133
42 149 -51.3168336169
42 930 -35.9622955735
42 296 -31.5579542706
42 299 -18.7984711461
42 58 -27.6750703954
42 572 -61.1813210955
42 780 -23.0075965271
42 201 -28.3540173479
42 83 -9.94799601206
42 598 -21.3868212398
42 599 -21.3131195593
42 472 -16.9294794516
42 611 -76.3252947021
42 486 -34.3458117011
42 363 -15.1060626156
42 498 -12.8278813903
42 247 -32.5353247748
43 135 -41.6005181628
43 650 -34.0163097764
43 652 -50.1439170212
43 277 -18.8015560113
43 663 -24.8806448546
43 281 -22.4747835045
43 924 -55.4693562518
43 289 -23.5848562552
43 680 -29.9825823542
43 426 -13.163150389
43 557 -51.2788025796
43 815 -58.210658681
43 59 -18.7503063836
43 333 -74.6468822462
43 205 -32.1010313337
43 206 -18.9604071114
43 592 -19.6784592449
43 342 -15.9886675673
43 475 -68.4319100797
43 220 -52.2129922622
43 168 -34.6306413378
43 622 -48.4265901535
43 374 -63.1029146782
43 170 -43.7315904896
44 130 -23.92275155
44 647 -32.4488185718
44 396 -63.0681731149
44 273 -47.5060440751
44 925 -22.6115073637
44 673 -23.9284837181
44 294 -11.9644968506
44 754 -35.3253009104
44 686 -42.3136044353
44 312 -68.6800812151
44 701 -42.9584833323
44 326 -50.7418481158
44 714 -32.7300864549
44 588 -32.8146825102
44 349 -27.5530424385
44 235 -30.8729864441
44 114 -57.1494806124
44 501 -63.2322314748
44 890 -69.4585013558
44 635 -11.9810643923
44 636 -44.5357932312
44 363 -56.0694713746
45 387 -52.1770577971
45 520 -15.0979941237
45 521 -32.8585584496
45 148 -24.6144151307
45 661 -27.0466704305
45 474 -53.0294820948
45 678 -54.4405334881
45 809 -23.5331747003
45 942 -27.8760728377
45 695 -18.2035557145
45 511 -44.5535519534
45 831 -24.3556341043
45 323 -60.2391299761
45 88 -31.064251964
45 218 -84.8104388298
45 92 -43.3796127106
45 477 -33.5745791099
45 862 -23.2513221383
45 488 -43.4789795229
45 497 -70.3868785183
45 447 -54.181859629
45 635 -61.2074598487
45 892 -34.8403040027
45 895 -13.2059929522
46 577 -47.5641484273
46 899 -24.8024823726
46 780 -73.6433178824
46 143 -47.4511833819
46 409 -34.9730020776
46 838 -79.087692607
46 292 -63.6879918873
46 297 -16.6673359702
46 819 -71.7423947844
46 306 -56.1699985466
46 563 -53.7612836977
46 314 -60.3942006373
46 705 -18.6971348157
46 908 -21.2501986047
46 581 -63.3184725117
46 198 -77.1151980888
46 78 -19.4871381117
46 347 -48.5906100597
46 610 -46.2032163783
46 483 -29.4856642848
46 366 -15.9821854445
46 751 -17.8568292802
46 881 -49.1284049737
46 883 -51.3066966322
46 757 -25.171083979
47 137 -77.1650385016
47 909 -38.1185563638
47 398 -21.8757213151
47 273 -52.3008234573
47 663 -40.9343057505
47 414 -19.4883451228
47 676 -19.5123207923
47 683 -49.2253041324
47 558 -87.6677964362
47 818 -79.873751062
47 829 -30.5533227865
47 191 -60.4129447263
47 452 -22.3413882632
47 460 -40.8181944288
47 464 -13.969938792
47 465 -47.3465500181
47 476 -44.6686788509
47 872 -18.8964887283
47 235 -48.0867320311
47 620 -29.4946119611
47 365 -29.8489604878
47 758 -36.6716777148
47 760 -28.7456700146
47 761 -25.9521666897
47 765 -24.5713349619
48 516 -23.523812747
48 261 -17.8218449915
48 267 -29.7839656363
48 780 -65.3711705985
48 146 -46.6257020074
48 661 -68.3921766824
48 798 -53.8879164216
48 800 -43.6478981966
48 802 -18.5382175944
48 164 -28.2805129425
48 684 -49.7624443522
48 432 -41.5340572629
48 695 -23.4205351036
48 828 -32.5275845148
48 64 -52.0684947015
48 72 -14.3784647199
48 717 -42.4034746958
48 723 -31.6607401199
48 596 -18.3309504389
48 473 -39.7778724794
48 731 -29.1507281747
48 604 -20.2257639726
48 241 -52.4935979972
48 640 -18.7307534771
49 769 -28.4735656217
49 519 -66.9088049419
49 137 -42.1982982302
49 658 -19.2031941626
49 536 -12.3799642275
49 665 -15.3859658124
49 538 -41.9381847142
49 411 -36.8660266286
49 159 -29.8458207889
49 678 -30.5552006538
49 299 -38.4964031315
49 437 -29.7334774751
49 310 -13.0013958924
49 568 -65.6162273546
49 572 -34.6135418549
49 192 -14.3922113922
49 196 -18.4373435953
49 468 -44.6584533041
49 480 -12.3521438486
49 617 -40.0901581825
49 493 -11.6409407527
49 623 -13.2789589556
49 243 -27.4717490784
49 596 -24.9377209684
49 122 -12.2263751564
50 783 -37.3933993004
50 656 -40.8985864794
50 919 -65.6255898339
50 155 -55.4063675353
50 291 -82.5406373753
50 428 -72.1477161688
50 173 -29.3842193353
50 945 -17.1871773119
50 178 -30.946232347
50 55 -59.2902934245
50 442 -66.2458742628
50 572 -30.4222960924
50 453 -14.8216725051
50 311 -20.8894184462
50 456 -37.8926285771
50 73 -25.1408416982
50 714 -13.538102905
50 719 -45.1302832177
50 399 -54.0256276524
50 487 -24.6519630272
50 615 -20.1855083287
50 618 -40.0839388432
50 366 -13.5969621615
50 631 -78.410175798
51 262 -29.4285835663
51 647 -77.6157342651
51 649 -29.9878204286
51 290 -38.4945702119
51 421 -34.0424709213
51 811 -26.7814248087
51 812 -70.2101509447
51 303 -20.2687474068
51 432 -20.3257843083
51 698 -27.6291325782
51 444 -16.5632824216
51 445 -29.9107232195
51 574 -63.1165782235
51 833 -38.627085346
51 194 -55.929722188
51 93 -17.4361504005
51 316 -14.5677382264
51 229 -33.5051458912
51 362 -14.1682505553
51 110 -13.2642055106
51 368 -34.6564578219
51 886 -21.304285709
51 636 -62.2197913916
51 128 -60.6941534267
52 386 -38.895609899
52 266 -42.8844143659
52 400 -59.3448878956
52 531 -21.6956167783
52 405 -32.0902724936
52 278 -19.3359304613
52 804 -29.6931352211
52 934 -53.3209372057
52 298 -22.1951387507
52 685 -41.5513809907
52 686 -59.0058214798
52 179 -26.6387740349
52 565 -16.1240176269
52 438 -14.2106031988
52 446 -14.5606985473
52 708 -62.0204059339
52 197 -58.43423213
52 72 -24.787756711
52 205 -26.8432136694
52 211 -22.1713653449
52 491 -16.3225635471
52 467 -39.5230383625
52 248 -47.7979118702
52 121 -37.942937078
53 513 -66.547871758
53 265 -32.1817386125
53 655 -61.0595222751
53 529 -24.3565666997
53 405 -21.4325108985
53 281 -53.5456691862
53 671 -68.7305165063
53 292 -25.5461589827
53 557 -60.1543411841
53 176 -67.3984037961
53 566 -25.9622004577
53 711 -70.7520552422
53 713 -61.4358968957
53 203 -11.1804680624
53 462 -66.8319380841
53 593 -14.7384380183
53 595 -44.0593114075
53 399 -54.1883022018
53 475 -29.0321832994
53 350 -13.6252198945
53 231 -52.9273659538
53 877 -15.6121011012
53 244 -49.2057691651
53 890 -20.1042106884
54 644 -37.2834666416
54 774 -61.1294355346
54 522 -43.7225002913
54 436 -30.8956218048
54 530 -33.8669714834
54 663 -14.1663606349
54 153 -75.8466526501
54 413 -12.4704905492
54 288 -20.1787802756
54 860 -51.8966383787
54 935 -44.679805079
54 680 -31.1184269813
54 938 -13.4102268001
54 428 -15.3014084826
54 92 -76.508966224
54 308 -30.1272670518
54 334 -21.647377413
54 548 -32.7708023253
54 728 -27.0198420341
54 730 -53.1459608557
54 732 -18.2964337165
54 94 -36.4886108258
54 96 -15.6228134919
54 747 -70.1300785205
54 110 -42.7008462922
55 642 -52.5056555296
55 262 -67.2651908681
55 908 -62.0139476508
55 144 -74.8221059074
55 659 -39.8111496615
55 285 -75.3622126717
55 433 -18.4050017644
55 566 -45.4727359475
55 184 -40.4325358024
55 577 -27.7801261865
55 578 -53.4190813598
55 840 -20.4552531299
55 719 -24.947593001
55 208 -17.8406210876
55 338 -35.2378301712
55 93 -20.2286615096
55 737 -41.4317961111
55 495 -13.2065575414
55 113 -26.9853538636
55 758 -25.7084319369
55 759 -25.2245529071
55 888 -36.5520151277
55 761 -13.2202041076
55 894 -22.926369408
56 903 -61.1961065786
56 142 -78.2067035679
56 271 -14.442180143
56 282 -32.1152678757
56 285 -22.4494818047
56 798 -19.5672069471
56 544 -28.9706686058
56 929 -52.7237018871
56 677 -35.4580663634
56 806 -12.1856797297
56 295 -30.4849960947
56 309 -16.4823710084
56 310 -76.3672700897
56 184 -56.6855901989
56 453 -75.4603551503
56 710 -37.7755265968
56 440 -37.1268834122
56 473 -79.9971309059
56 860 -77.1612470912
56 223 -28.2163772239
56 225 -38.1853726518
56 232 -26.4125875945
56 634 -35.8696693905
56 252 -54.5092907039
56 638 -37.8705711047
57 133 -40.9693042035
57 903 -30.150967105
57 430 -44.2377378213
57 915 -38.6651462681
57 791 -32.4127664204
57 773 -28.3473908053
57 411 -72.6775332818
57 805 -21.7759229657
57 302 -42.5386318121
57 431 -16.6480241963
57 180 -14.3561966764
57 574 -60.1896820541
57 840 -59.0743184318
57 74 -18.7883078574
57 469 -49.8850437479
57 272 -60.4358727076
57 478 -19.0320976313
57 615 -17.1536100679
57 487 -31.8226152453
57 618 -23.0453285538
57 111 -81.9573864652
57 244 -27.6786179444
57 759 -26.0083349006
57 506 -36.2545906665
57 251 -14.0341611513
58 898 -31.6362744329
58 772 -27.0748267181
58 389 -23.0868307121
58 138 -16.4145114732
58 652 -72.5778972448
58 398 -34.5292522387
58 913 -13.5324796074
58 787 -44.3753693638
58 677 -13.6364186088
58 688 -48.8992791534
58 629 -28.3595651236
58 75 -68.4936724545
58 192 -41.4571977014
58 843 -46.666814573
58 332 -55.9803992071
58 654 -32.0590170982
58 343 -13.1816038177
58 859 -18.4768051342
58 348 -41.5010339179
58 607 -23.0503860126
58 226 -31.1575732736
58 373 -41.753951958
58 504 -31.8752232255
59 260 -63.8801981753
59 651 -60.6176084662
59 653 -17.9788024998
59 657 -47.8049441893
59 408 -11.4427352559
59 803 -21.541990863
59 549 -34.4037713471
59 595 -14.7082099757
59 823 -34.3519335287
59 571 -18.6305550799
59 60 -34.4320594776
59 779 -18.8770574277
59 737 -57.7687329946
59 328 -18.2844358635
59 339 -42.1416411299
59 858 -24.7484497446
59 859 -35.2873198504
59 353 -79.8634077233
59 874 -49.0206856175
59 366 -69.3930248164
59 240 -53.4053280949
59 628 -35.1350447171
59 501 -34.0861506305
59 633 -17.6543205541
60 263 -16.1943418668
60 401 -19.1608759884
60 161 -63.1200884861
60 807 -37.3864847751
60 754 -12.4868976921
60 298 -24.5698761528
60 160 -70.569022719
60 563 -10.2507687128
60 416 -26.2559977631
60 320 -20.4602907399
60 706 -58.2996714611
60 68 -11.5194496222
60 582 -35.7132773694
60 851 -37.5006091753
60 218 -64.7387675485
60 605 -18.9053963701
60 481 -32.2611142799
60 357 -16.6553551417
60 495 -30.5093941018
60 498 -22.8871493171
60 373 -11.8380778729
60 503 -28.2755315135
60 380 -68.8535710447
61 513 -65.7523166357
61 900 -20.9675056791
61 645 -40.2922410152
61 780 -16.4943478329
61 913 -13.7199681899
61 132 -48.5245016997
61 920 -17.2468896283
61 161 -11.6903495524
61 292 -28.1792207301
61 937 -21.4533945177
61 429 -34.5577305565
61 303 -30.6405969926
61 560 -24.1794414687
61 573 -17.8825170436
61 320 -16.6436344321
61 580 -88.7411255859
61 711 -26.8062252415
61 841 -15.5111420285
61 84 -11.6118735268
61 218 -42.8323372782
61 117 -39.8700572927
61 630 -12.062401175
61 759 -14.0393514567
61 510 -28.207518639
62 138 -45.254515158
62 655 -20.3784810347
62 879 -17.1250326929
62 154 -39.6090788642
62 420 -35.6903283064
62 166 -72.0766090236
62 815 -18.8208907457
62 307 -70.9676179933
62 310 -13.7464744696
62 586 -28.5037666864
62 191 -38.7762743785
62 832 -27.5493287529
62 458 -23.4454867125
62 143 -58.7463975869
62 855 -54.8151860249
62 731 -71.1383843815
62 102 -27.5869248526
62 742 -61.8117901361
62 438 -28.6243882811
62 886 -42.7420284454
62 633 -26.237647554
62 256 -27.2547609784
63 140 -46.6416536522
63 782 -30.6849809705
63 146 -53.8901215501
63 452 -16.7015214722
63 533 -26.5337526863
63 926 -35.0866505557
63 287 -34.3088717479
63 418 -67.4052632983
63 681 -61.6907849282
63 683 -15.2692685069
63 173 -42.4647010954
63 558 -37.3295387503
63 175 -54.7844683682
63 438 -24.0001326616
63 185 -32.9120864544
63 571 -29.1390518908
63 444 -31.2385245892
63 780 -30.7052640319
63 726 -45.3440479512
63 366 -46.4612580533
63 661 -46.8487301294
63 939 -25.7989020183
64 641 -38.0052885823
64 900 -19.9151674416
64 901 -24.0887032663
64 138 -23.214413942
64 270 -78.7421513633
64 787 -39.9350758093
64 152 -68.2203705095
64 921 -45.0160745587
64 670 -42.5474954638
64 163 -43.1848882845
64 933 -10.6607107539
64 166 -56.3266004848
64 935 -14.6552026845
64 696 -21.1106839915
64 195 -70.4976687714
64 199 -60.2158459248
64 675 -19.9063646645
64 220 -10.4127170943
64 227 -58.2883232157
64 233 -10.1770872376
64 364 -55.0745589284
64 878 -35.2345938737
64 509 -16.2153118259
65 514 -67.347123142
65 135 -23.6111503729
65 400 -73.2556133383
65 164 -15.5077799042
65 806 -53.6130195354
65 310 -54.0128129004
65 567 -26.7798733865
65 826 -56.4886568324
65 70 -10.2124841543
65 71 -22.0331184308
65 698 -14.2236519993
65 715 -56.0005714949
65 594 -59.6924275394
65 852 -80.0311800774
65 600 -10.0652776321
65 94 -56.0368625537
65 481 -20.2118117882
65 311 -9.28587064449
65 367 -39.5209945109
65 501 -19.8220237217
65 631 -29.0067723768
65 888 -49.8126637552
66 772 -12.7948191716
66 904 -15.4854339862
66 137 -48.2605323553
66 528 -34.3852246704
66 148 -36.9581923648
66 917 -44.6151614593
66 537 -53.9480146444
66 668 -28.8651982525
66 934 -60.1817886109
66 297 -27.0509795854
66 392 -44.8877082066
66 568 -61.508954935
66 188 -11.4059088161
66 455 -16.966116735
66 77 -12.6311047944
66 78 -72.6667958524
66 335 -12.6486917209
66 851 -32.0847580155
66 600 -23.5010718505
66 351 -72.1127006653
66 364 -17.3801122521
66 501 -52.1268703231
66 377 -22.1153861105
66 891 -18.3233269108
67 774 -42.9723995536
67 780 -26.4908686243
67 657 -14.8205094526
67 914 -49.9898140285
67 789 -17.9674919808
67 792 -10.9719520507
67 665 -27.9911884274
67 419 -25.3422328043
67 711 -68.7184276737
67 431 -18.0132726288
67 690 -65.0482073553
67 692 -39.6364915011
67 312 -36.8443202703
67 441 -10.4107655978
67 189 -49.4499359039
67 833 -35.7680209008
67 524 -25.8646235099
67 199 -27.3990455948
67 335 -47.3357152137
67 337 -43.4189717693
67 825 -66.8098726558
67 463 -14.8412703208
67 492 -34.2512663849
68 516 -21.314223752
68 521 -29.1439381203
68 528 -76.1448207464
68 260 -24.7230265626
68 931 -25.2735416593
68 559 -83.4043943433
68 435 -34.8537740637
68 436 -73.8760879411
68 701 -66.0988011578
68 71 -32.3946265859
68 332 -27.5122772419
68 608 -23.3937305931
68 98 -46.0591549976
68 227 -38.7718251699
68 132 -18.3613281429
68 871 -38.1446447849
68 488 -34.8799275791
68 874 -52.1875000173
68 104 -57.9266540018
68 495 -25.3675123523
68 763 -41.920469964
68 636 -13.0392623631
68 637 -12.0260771711
68 768 -9.56449419459
69 904 -37.8812964711
69 907 -24.3039589343
69 176 -60.9123619731
69 411 -38.3766788031
69 924 -14.3312926082
69 419 -68.8125192113
69 678 -45.9027486985
69 682 -29.4764375666
69 686 -35.1674746285
69 432 -43.8157553453
69 561 -62.1521967918
69 710 -41.3190663865
69 199 -54.9484239092
69 202 -44.7757829531
69 215 -23.7385424068
69 732 -48.8683991058
69 96 -16.2598095902
69 227 -51.4066578867
69 358 -16.6547957256
69 365 -15.8239784119
69 883 -61.4971801179
69 372 -37.0119718725
69 762 -42.9902998526
70 129 -37.6426959215
70 258 -18.079212195
70 643 -26.2925057491
70 428 -32.5913069448
70 780 -60.3592056521
70 532 -11.0859515811
70 160 -19.6157668404
70 417 -16.483039064
70 683 -67.9094684101
70 172 -17.2309552713
70 175 -59.8965890947
70 306 -11.1612122004
70 842 -14.2294285684
70 333 -29.6814020967
70 598 -55.8579690014
70 87 -33.1762197503
70 859 -42.1378348642
70 747 -51.7224668025
70 367 -26.5937000966
70 113 -23.4326652899
70 243 -46.549467237
70 884 -25.8441126407
71 898 -24.2217572403
71 911 -32.1337451279
71 287 -12.8655450153
71 166 -34.1926814146
71 425 -63.0452771203
71 427 -48.9952477701
71 823 -37.7176899469
71 312 -53.8870200554
71 443 -12.8731373997
71 573 -36.2315446359
71 330 -53.1325460786
71 205 -35.3485625713
71 217 -54.5780831579
71 484 -36.8164221027
71 875 -22.4670045747
71 364 -15.0743967869
71 237 -16.8253357352
71 629 -12.1522284809
71 249 -43.5174802095
71 891 -68.4646455777
71 512 -14.433723021
72 770 -37.414119672
72 136 -10.3086066889
72 139 -19.2146907703
72 268 -25.4723005165
72 528 -66.9353806463
72 663 -51.9489439759
72 423 -13.999896019
72 683 -48.3436326399
72 940 -19.3179584386
72 943 -58.639778496
72 305 -28.3356254033
72 697 -34.8007846305
72 698 -16.9098294381
72 454 -24.0646391085
72 719 -24.4383433171
72 79 -12.1300563615
72 477 -26.0236707269
72 97 -44.5047237642
72 264 -52.5469073766
72 497 -34.8784104709
72 883 -22.0688544917
72 760 -17.4771198672
72 811 -25.6168414195
73 258 -26.8878178804
73 215 -57.9278080995
73 268 -40.9560670235
73 156 -17.9741525181
73 798 -12.5562927785
73 809 -16.3395217559
73 182 -18.8734594591
73 448 -14.2183173343
73 844 -33.2509900803
73 594 -31.414176029
73 855 -62.7454880993
73 860 -70.2148039058
73 94 -47.5400852411
73 865 -38.5781881547
73 612 -77.7824008081
73 359 -26.7559843881
73 466 -13.5454670527
73 620 -38.6130095851
73 118 -44.5822496114
73 636 -32.0502213861
73 639 -16.2390026807
74 911 -46.6810947235
74 680 -46.4077112898
74 939 -62.9826725874
74 812 -59.3802694841
74 179 -14.8879628417
74 442 -30.587704005
74 319 -45.972090117
74 705 -16.0585530154
74 707 -27.431513294
74 452 -30.3220738894
74 454 -13.5395016775
74 841 -31.5603750018
74 715 -74.7817887913
74 334 -74.0011553288
74 721 -52.5622807808
74 213 -15.8708756838
74 228 -13.1814525054
74 744 -42.6278989111
74 239 -56.2023208985
74 884 -12.659466951
74 245 -28.79072863
74 703 -52.315250305
74 127 -58.2441700407
74 896 -18.4042575708
75 649 -19.1138736227
75 270 -75.6024553169
75 659 -32.7683874425
75 917 -52.5921343607
75 928 -27.1720079775
75 294 -45.846103459
75 434 -21.476979837
75 427 -51.6655829256
75 945 -54.8362145336
75 306 -54.3579950304
75 823 -16.2456438299
75 702 -69.7147717039
75 577 -44.2234222801
75 456 -47.2972980287
75 714 -31.2748828637
75 333 -37.125858227
75 79 -42.7991570271
75 468 -14.4909146441
75 854 -20.0218912985
75 736 -11.1478146816
75 372 -12.5517535743
75 512 -30.1997469392
76 129 -19.8860221829
76 395 -25.2475355678
76 110 -26.7869630898
76 282 -11.536023188
76 156 -14.3259193077
76 674 -61.2049810971
76 551 -21.7057478988
76 808 -29.8101797801
76 553 -11.6455510191
76 686 -16.824279098
76 436 -10.5755861023
76 825 -33.3150845192
76 169 -52.825691735
76 447 -17.2192764932
76 840 -38.9989596527
76 716 -15.4461489233
76 725 -75.0495182885
76 726 -63.9791978777
76 217 -26.7492878145
76 740 -26.8495838505
76 552 -14.8058699131
76 878 -35.4866548827
76 369 -29.1276262673
76 882 -30.473552868
76 883 -11.2200640139
77 644 -24.884484366
77 901 -17.4085003029
77 903 -17.6802698903
77 265 -41.8076720136
77 397 -53.0919059809
77 152 -10.5615033076
77 541 -25.2605907838
77 801 -26.2061313889
77 931 -72.9682976271
77 677 -32.2405444612
77 688 -73.0062040746
77 697 -11.6871272896
77 442 -56.4863204486
77 573 -33.8165516608
77 329 -46.2502203587
77 82 -20.2193689083
77 215 -41.0955352694
77 421 -20.3296191236
77 477 -31.3676354401
77 607 -52.5936636365
77 873 -63.6740277778
77 115 -18.3800434362
78 770 -58.4456465317
78 263 -51.1247233087
78 905 -38.5282895567
78 908 -32.2898494426
78 788 -15.9306075881
78 415 -36.1570096908
78 154 -54.1379251095
78 287 -26.8019238494
78 296 -17.7834006157
78 168 -21.0807356255
78 694 -15.8079604868
78 438 -58.0779007412
78 119 -71.149782447
78 588 -28.4764294654
78 81 -16.9534236123
78 487 -32.713161463
78 106 -31.9021055108
78 236 -13.5321731406
78 112 -24.4378586269
78 247 -51.2787566192
78 128 -26.512009273
79 519 -34.426702234
79 398 -15.2054645045
79 532 -17.8861058846
79 151 -81.4882075478
79 920 -64.8646871837
79 921 -53.7235906153
79 810 -65.0869188982
79 200 -61.4830911441
79 557 -24.2941381031
79 430 -37.0987111389
79 176 -17.2997484872
79 459 -45.8167293275
79 319 -19.6557902697
79 458 -48.9606374997
79 861 -16.4572836945
79 736 -30.7845941273
79 229 -48.4273843912
79 615 -62.0564536038
79 231 -24.5720376966
79 105 -20.3183402481
79 622 -25.3312923034
79 127 -26.091934924
80 620 -70.0816172189
80 528 -29.9074720413
80 274 -41.8006780301
80 132 -10.3486296592
80 919 -21.8367533131
80 284 -52.2819209533
80 876 -48.2462584948
80 559 -16.5755038063
80 817 -73.2249937161
80 571 -53.3754794448
80 321 -37.5477292949
80 839 -72.6086925725
80 456 -32.7785614419
80 376 -31.4298481291
80 208 -38.5675264752
80 859 -21.2666127952
80 221 -33.2622584074
80 482 -53.7288494721
80 484 -24.4759860824
80 743 -18.3301266045
80 364 -17.0142927009
80 757 -52.4147527556
80 632 -82.2265520181
80 890 -58.0907891025
81 770 -29.6826872924
81 262 -83.988482766
81 650 -35.3244955987
81 908 -20.3840491792
81 912 -79.7129910889
81 285 -16.8637949727
81 670 -48.0869819546
81 544 -69.1350270685
81 553 -10.1790302202
81 172 -16.829669849
81 695 -22.3204663183
81 583 -39.6027975042
81 721 -69.1464788356
81 82 -17.5645004417
81 468 -59.8399603452
81 873 -35.0300648562
81 874 -32.1252588692
81 491 -14.87729825
81 493 -28.9460037994
81 878 -37.2267722123
81 881 -18.2866290268
81 372 -15.1648601545
81 383 -20.7847458027
82 901 -41.12700719
82 134 -51.7905551495
82 903 -52.6302329194
82 141 -18.5542388957
82 669 -18.235373604
82 159 -27.5663891514
82 929 -20.7147887206
82 135 -32.8889862694
82 297 -22.3494463914
82 303 -22.4739511876
82 433 -62.9438530317
82 435 -57.2685649379
82 330 -39.0275414996
82 842 -29.5540510524
82 376 -71.1037469738
82 463 -30.4506508919
82 96 -35.8650866756
82 740 -40.1359961392
82 500 -12.8670503839
82 503 -48.3337122836
82 248 -21.6255112206
82 633 -48.9717091096
82 509 -23.6211155559
83 132 -15.3845129194
83 392 -41.5876991277
83 394 -39.0253959469
83 660 -45.3714510952
83 752 -49.7558614389
83 285 -13.9563297754
83 165 -50.8196267575
83 422 -25.588585754
83 567 -31.2392512741
83 824 -13.9332353026
83 576 -19.524723933
83 834 -44.4633576815
83 198 -32.8377311724
83 469 -13.0201066314
83 87 -80.581336129
83 218 -46.9506796042
83 737 -35.9503988874
83 357 -18.153395905
83 239 -42.4266904188
83 368 -47.5570862792
83 754 -16.5209645434
83 118 -39.7952199858
83 505 -46.0632116071
83 634 -48.0807073981
84 898 -62.9441665963
84 526 -19.9921061484
84 528 -15.1352431774
84 793 -30.5014407404
84 403 -44.7834557404
84 919 -26.8935225657
84 281 -43.393535449
84 538 -30.1673343629
84 285 -45.3016607804
84 558 -63.0817925586
84 815 -12.4858403054
84 713 -31.2382661537
84 853 -14.4465182192
84 218 -13.7221071205
84 360 -11.2577185623
84 491 -21.6503990447
84 493 -49.0125850719
84 147 -32.867826017
84 123 -28.6328794017
84 636 -37.237574152
84 637 -81.1719113771
84 254 -25.6655380005
84 256 -53.6525272777
85 264 -50.7569720797
85 269 -12.7621261601
85 283 -30.3929765759
85 545 -39.5821131181
85 940 -41.2652529498
85 186 -81.8481787429
85 354 -51.2788633171
85 781 -18.3448692391
85 342 -24.6940842513
85 601 -53.1270179211
85 858 -17.0724858044
85 731 -56.1580834108
85 733 -58.8250254901
85 226 -18.5717151164
85 743 -75.1834405932
85 615 -67.6572514984
85 363 -25.4108187958
85 492 -16.8938845295
85 109 -22.6309967463
85 368 -42.8992371981
85 248 -11.6602853275
85 506 -43.9197600509
85 235 -71.4642712805
85 895 -69.3165199594
85 854 -39.2253899756
86 257 -14.6040959218
86 779 -18.856038126
86 781 -78.754113941
86 273 -21.180564085
86 786 -63.9320021091
86 932 -30.0468272707
86 934 -38.5364711107
86 296 -28.9923987876
86 684 -57.7336698443
86 302 -50.6151937642
86 305 -34.5455874047
86 691 -19.0497669236
86 825 -20.4172721165
86 570 -47.029573723
86 202 -47.3218376444
86 843 -61.3595960611
86 590 -32.6535177912
86 858 -42.7452007903
86 476 -22.0048723458
86 481 -68.111145127
86 355 -41.6347171055
86 228 -42.5597914225
86 103 -31.9955286625
86 383 -62.0010337439
87 261 -31.8812873049
87 135 -32.9715205669
87 910 -18.235986827
87 656 -23.1276574475
87 145 -26.6181119572
87 697 -18.6067059824
87 703 -44.3470840054
87 457 -18.0301409776
87 334 -65.5678786427
87 336 -32.0318218046
87 724 -23.6307231195
87 91 -13.1230622054
87 478 -16.6000828609
87 607 -69.7341658107
87 480 -13.1671416544
87 865 -53.620633964
87 273 -21.1927929101
87 744 -38.449995325
87 361 -26.374940724
87 232 -18.6161058572
87 367 -30.681372429
87 384 -41.8372403107
87 256 -67.9864581099
88 387 -25.5128918043
88 518 -31.7771573308
88 542 -45.6629832652
88 674 -40.5593048442
88 164 -9.93063303871
88 117 -22.9126900599
88 562 -18.7368090945
88 822 -49.3086036241
88 314 -33.2228199838
88 191 -20.5997466725
88 704 -65.7919955548
88 119 -34.2372970562
88 717 -53.6460699191
88 469 -86.1442857037
88 731 -17.2589910736
88 865 -22.2569979178
88 482 -23.5380793834
88 748 -16.5371804826
88 114 -63.518536057
88 245 -32.0886453176
88 503 -23.8835981616
88 382 -83.3924587587
89 389 -37.1043573021
89 391 -11.6842879755
89 522 -70.313915791
89 141 -36.8427291874
89 791 -53.1985679602
89 280 -64.8007906618
89 155 -21.0139802314
89 285 -61.8194022913
89 547 -30.0662548161
89 807 -38.0559122708
89 686 -16.3377063764
89 437 -23.1581157256
89 567 -21.7268284773
89 778 -46.8142846903
89 186 -87.7553544369
89 445 -25.3152579479
89 323 -12.7282200378
89 838 -36.5957342726
89 866 -11.9017592361
89 850 -30.123659791
89 595 -30.6854422889
89 480 -63.6898234387
89 226 -30.6306028748
89 624 -25.7732213371
90 391 -35.8865699057
90 651 -28.0719426912
90 270 -53.8525745572
90 783 -61.9509238632
90 582 -32.0591531825
90 420 -20.8008063234
90 819 -60.2903081413
90 182 -55.0052217851
90 310 -18.1005633558
90 326 -23.1819888932
90 711 -31.6018644903
90 330 -12.220397577
90 206 -72.2509154676
90 592 -49.5714349015
90 344 -50.5526021492
90 101 -41.5107127899
90 487 -14.4806539924
90 618 -29.8592300611
90 363 -17.4755319004
90 750 -40.9109275868
90 367 -46.115191978
90 627 -81.2323572934
91 396 -56.4235766839
91 400 -25.3324399045
91 913 -46.9511273429
91 403 -22.5208463994
91 286 -58.9884862723
91 288 -28.9572178059
91 435 -37.7326320642
91 439 -33.4438764893
91 313 -71.8615062601
91 323 -17.0446151213
91 197 -32.7919263067
91 738 -72.5388976949
91 841 -33.2161617785
91 719 -28.8371921779
91 853 -14.5217081359
91 223 -46.9790517941
91 480 -34.5064864878
91 610 -43.0091698716
91 103 -13.0793588486
91 245 -11.0883846304
91 120 -37.8712669685
91 125 -31.6337609418
92 386 -40.7356850478
92 261 -13.638879346
92 813 -26.8361298243
92 779 -85.1800130007
92 400 -26.0016093011
92 276 -77.2139880225
92 536 -52.8165964467
92 645 -16.0850462483
92 924 -46.9023729754
92 287 -14.2916938183
92 290 -15.1239727103
92 699 -23.7757295158
92 573 -41.7951426119
92 651 -11.3024862418
92 708 -37.2119934136
92 212 -70.12176313
92 853 -43.962934251
92 471 -86.4845511742
92 483 -17.9378183243
92 505 -52.6678700581
92 256 -13.4288352489
92 512 -68.9247843087
93 654 -28.7709434001
93 144 -75.7850275414
93 529 -46.0413805213
93 664 -34.4745430343
93 413 -34.7014904473
93 160 -15.4817624239
93 425 -63.5455569129
93 827 -48.1835100314
93 446 -22.3636640995
93 321 -32.5702877735
93 460 -13.4577095872
93 461 -24.1503235727
93 596 -49.2874770372
93 347 -52.2637731675
93 607 -13.6971043775
93 867 -30.9890811832
93 612 -51.5639839064
93 615 -39.7612027861
93 235 -58.5665904586
93 748 -62.2642456655
93 758 -12.5472817005
93 762 -40.0271446778
94 908 -61.6689446353
94 664 -23.8469746775
94 676 -36.6496912419
94 299 -26.5219650031
94 841 -35.031128669
94 571 -16.83875423
94 582 -35.4173059718
94 456 -48.3924049946
94 334 -71.4026019024
94 351 -22.5033080444
94 353 -72.5698188019
94 226 -24.1800434088
94 744 -55.6405662551
94 232 -43.3842096273
94 238 -39.5554113829
94 882 -25.8435041035
94 373 -59.6975243239
94 760 -54.6096892953
94 505 -38.9628203652
94 124 -20.5856983611
95 513 -28.8701877634
95 777 -49.5652539837
95 651 -22.0211155988
95 657 -58.798684206
95 533 -40.50896973
95 154 -12.081613362
95 176 -32.7115201539
95 670 -19.3551644612
95 802 -22.3210157572
95 685 -56.1989060048
95 944 -41.1147137808
95 521 -53.3722813826
95 691 -42.4429942701
95 822 -65.9541711052
95 440 -52.0134301042
95 191 -26.4600962351
95 837 -14.605239591
95 326 -43.2743186874
95 721 -12.192399397
95 609 -11.7162158142
95 490 -19.1339500984
95 494 -46.4828392889
95 883 -23.0992771624
95 504 -25.4609134291
95 122 -22.0319106029
96 901 -52.7014969799
96 136 -42.4990271999
96 782 -43.6466201411
96 656 -37.2518531332
96 659 -60.4607899353
96 660 -16.7827312518
96 796 -48.5709944661
96 541 -30.8350831813
96 646 -17.4786042066
96 551 -44.9910435635
96 305 -30.9466835311
96 702 -31.1886675079
96 704 -18.4783250401
96 337 -63.5265913032
96 343 -15.3080503867
96 733 -45.0809834285
96 736 -46.6456963386
96 742 -36.3673821758
96 750 -69.8621031368
97 645 -22.1744578052
97 261 -39.616302331
97 521 -12.6075192437
97 778 -19.3581881951
97 276 -56.3463823596
97 406 -65.3552762805
97 410 -27.3565590809
97 286 -18.6128887996
97 221 -34.048354997
97 905 -32.4781725466
97 699 -24.7222520944
97 579 -42.4383288697
97 204 -28.4286613008
97 339 -26.1452823696
97 916 -25.3917285423
97 222 -18.7280594736
97 737 -42.2379496594
97 236 -51.02305024
97 751 -29.3646026357
97 497 -64.2877502616
97 116 -18.8630947812
98 515 -79.7454467328
98 905 -49.5793810186
98 141 -43.7975463888
98 529 -16.2469434264
98 275 -13.2951678051
98 283 -50.9017025243
98 299 -55.044034024
98 434 -67.1370267666
98 563 -43.9364857094
98 191 -22.5599222541
98 455 -18.765157107
98 466 -58.2925561229
98 474 -31.1732630309
98 606 -12.8691316998
98 608 -78.2173393222
98 869 -31.1092322114
98 363 -62.5612559968
98 244 -40.6870480502
98 373 -62.0492776786
98 506 -68.5597751731
98 895 -18.2623947617
98 768 -27.0095072024
99 392 -17.1602115665
99 142 -31.5229589804
99 535 -41.011812918
99 286 -25.8561015285
99 161 -75.5394088709
99 421 -37.3676171312
99 808 -12.3365016319
99 815 -12.2203118066
99 832 -40.2738720517
99 712 -88.7146697453
99 336 -35.9346276514
99 484 -42.8047282153
99 214 -44.8573443048
99 348 -36.9851987069
99 354 -73.3369071582
99 227 -22.4003479639
99 228 -68.3935950092
99 101 -66.3095879524
99 744 -21.3406019245
99 627 -16.4879104961
99 378 -67.3642485264
99 763 -26.0038674326
100 513 -72.7548092615
100 641 -31.6543473532
100 397 -56.382411856
100 146 -49.6356394935
100 580 -18.418471985
100 409 -20.6365310379
100 924 -19.8429749894
100 157 -42.2296696007
100 944 -25.5998296054
100 169 -41.9232623287
100 432 -17.6229590715
100 821 -65.2841991348
100 440 -47.3422824534
100 449 -42.3695477557
100 324 -24.0599896874
100 201 -60.4736521904
100 586 -14.8894275345
100 843 -32.8228722737
100 594 -39.7935443772
100 211 -80.2641715718
100 304 -21.4946816701
100 357 -17.4721263174
100 486 -33.8322831395
100 243 -55.1187157494
100 121 -15.9392003788
101 258 -13.1119643477
101 133 -68.7433926203
101 144 -11.0030941255
101 536 -72.5157829606
101 921 -15.6277430155
101 389 -11.0625860094
101 668 -22.2002210407
101 545 -12.1758639152
101 293 -34.2769954978
101 935 -21.3019141526
101 170 -65.4765215967
101 941 -28.720131322
101 452 -15.5264415686
101 709 -19.488545578
101 586 -19.7398386388
101 716 -64.1392560385
101 466 -53.3556598736
101 732 -23.0174545189
101 239 -31.3047196314
101 507 -25.2825816532
101 126 -49.3728920245
102 130 -17.7660705635
102 777 -78.3994812237
102 685 -23.6100018019
102 656 -19.5245126619
102 534 -24.8253776567
102 155 -17.3616454503
102 545 -40.9501504276
102 677 -35.1781851901
102 934 -75.4158473796
102 297 -66.0164545173
102 813 -42.439597012
102 137 -32.3173060024
102 843 -69.0812546697
102 588 -81.5607860518
102 596 -57.0610202011
102 598 -11.6257764562
102 347 -23.9184474194
102 476 -34.8385728405
102 737 -51.3840699556
102 103 -56.4575321288
102 876 -42.4077114512
102 625 -59.4741066906
102 247 -59.6457683135
102 632 -20.9289555221
103 773 -56.1113614419
103 268 -59.1980235404
103 147 -36.5321942904
103 537 -28.5241604321
103 133 -37.6208697874
103 931 -38.3889724283
103 424 -54.1289845811
103 820 -50.1433637477
103 827 -33.9364854824
103 834 -29.4910503357
103 580 -30.8275440568
103 850 -28.318135933
103 595 -10.5806786735
103 214 -31.1105958813
103 473 -26.0341596628
103 230 -29.8444272724
103 871 -29.4866248063
103 493 -76.7255039301
103 112 -27.9889315409
103 116 -47.7589662754
103 512 -17.2953427416
104 136 -72.1907457993
104 907 -25.920099499
104 143 -38.1643063838
104 666 -20.2497048166
104 423 -13.499358019
104 296 -36.6155608192
104 432 -66.1795727828
104 179 -40.2393694176
104 573 -13.8758827357
104 832 -19.7061298083
104 204 -45.1819706301
104 466 -18.9454680703
104 471 -24.2526235114
104 348 -29.3356588439
104 735 -30.1073358713
104 680 -22.3450983766
104 237 -24.3900727274
104 500 -30.4952441959
104 885 -37.7460684595
104 505 -10.3869743005
104 894 -35.0962021595
105 151 -35.1461399929
105 785 -27.7529480297
105 150 -52.7332216737
105 279 -33.6687504994
105 280 -44.0572664939
105 287 -39.4014021374
105 544 -45.1521134087
105 548 -37.5452462869
105 294 -57.7251740918
105 160 -61.320673583
105 303 -23.6934162401
105 305 -13.6318575109
105 826 -26.668136803
105 928 -55.5673221063
105 835 -67.5054794204
105 590 -46.1827207319
105 341 -11.542690175
105 463 -42.9906339399
105 698 -52.0201994854
105 729 -17.0560061127
105 678 -37.6380056556
105 868 -35.7981105207
105 127 -44.8108375991
106 775 -33.4438953482
106 534 -15.9090472184
106 155 -58.8403535803
106 545 -64.3193797768
106 932 -60.7224920548
106 296 -17.7974756634
106 553 -17.9232762707
106 556 -26.5905670803
106 817 -18.6890951174
106 183 -27.9194540245
106 201 -19.9597914601
106 860 -45.3869078272
106 719 -27.443627819
106 600 -44.3834273323
106 220 -21.4095062318
106 478 -58.3242285835
106 354 -12.8637197486
106 613 -50.3371586415
106 744 -47.5384906593
106 936 -70.1912159836
106 114 -43.6107314238
106 117 -23.50787155
106 759 -87.8165234713
107 642 -67.0400498796
107 163 -63.4192294159
107 524 -73.5899003809
107 398 -39.9256425492
107 914 -34.7319958599
107 291 -45.9083197538
107 677 -36.5460900391
107 296 -47.5893000834
107 814 -65.7479126642
107 177 -40.4175069485
107 306 -50.3317738315
107 824 -14.4332662792
107 827 -79.2569955492
107 709 -18.9926271719
107 419 -23.5872423322
107 593 -18.1924131364
107 856 -49.8381979714
107 729 -47.5512947542
107 220 -18.6036660168
107 609 -39.9093947765
107 739 -36.9997889068
107 487 -51.0420830257
107 367 -24.9578193989
107 631 -31.4883142088
108 516 -21.8597018765
108 646 -77.4020503431
108 394 -77.6722042913
108 524 -27.0708064585
108 142 -56.4234374275
108 528 -57.2480865504
108 146 -15.031354413
108 789 -12.4730594828
108 921 -36.7489158079
108 795 -30.7140019458
108 168 -44.1593628929
108 693 -21.4797889177
108 441 -14.3776852009
108 443 -25.7959020569
108 573 -44.3934482195
108 190 -27.2883769746
108 575 -52.4169777067
108 192 -28.5732342318
108 207 -56.6404871523
108 601 -16.0045515108
108 861 -50.4554677961
108 248 -27.428483724
108 256 -45.1819149407
109 771 -81.1535281249
109 649 -22.4598578004
109 782 -46.4216600937
109 656 -51.6413241645
109 529 -11.2425047746
109 405 -27.9619631864
109 534 -53.5661660123
109 280 -11.8852378567
109 281 -62.3620621043
109 794 -52.4269413934
109 668 -48.0441325984
109 926 -16.7748888256
109 551 -47.2862160027
109 427 -39.2403957226
109 556 -13.117929119
109 816 -40.9576109311
109 945 -27.5478421477
109 824 -40.087318466
109 314 -45.027544737
109 704 -14.8900666286
109 862 -46.6524981301
109 360 -39.5091321502
109 632 -54.9782231218
109 121 -24.1337022526
110 782 -45.7043472942
110 145 -52.8111963163
110 402 -46.29637789
110 289 -28.5141593689
110 162 -13.5033376186
110 424 -73.6110783701
110 693 -84.1519869825
110 440 -43.5756764556
110 450 -31.4217429857
110 841 -38.3476847239
110 714 -15.3346162417
110 462 -25.3011341672
110 590 -21.6911323543
110 849 -29.7246283413
110 345 -61.0738497198
110 349 -21.1238332194
110 869 -29.2663763369
110 238 -48.4964216992
110 882 -26.0634503097
110 126 -75.6128901587
111 770 -13.7382068528
111 403 -25.0384336503
111 671 -36.7729773662
111 804 -27.8424712313
111 825 -23.3380822085
111 828 -14.6461416805
111 200 -67.5404813825
111 458 -54.2473315022
111 121 -48.7630595856
111 211 -27.2321864402
111 730 -31.9388952113
111 734 -27.7242133805
111 479 -17.6516767677
111 224 -18.3121591648
111 737 -68.4531296405
111 739 -14.6556735399
111 743 -18.3471612954
111 125 -57.6539145277
111 492 -68.7593099807
111 238 -59.8652854506
111 505 -20.4365592741
111 509 -69.9153618837
111 639 -34.203995687
112 533 -51.2561335812
112 794 -15.0836068921
112 928 -22.8451692512
112 161 -23.4576427037
112 674 -37.0263137563
112 806 -15.1143432421
112 295 -45.9264877541
112 434 -58.871217876
112 310 -35.8124722976
112 705 -29.4303507276
112 834 -56.2027635816
112 582 -41.2654817111
112 329 -39.1496530825
112 334 -20.002499566
112 724 -23.5583327406
112 854 -46.8022575535
112 891 -15.6576855695
112 875 -21.1041353943
112 367 -51.1641617266
112 240 -16.7250317975
112 116 -27.5429377298
112 635 -69.9671119479
113 141 -23.7872714602
113 789 -13.6457993884
113 792 -41.9246523686
113 409 -17.2176485742
113 668 -34.3957022973
113 157 -52.1113292846
113 803 -37.9612471076
113 164 -51.0580041023
113 936 -20.9099592987
113 693 -21.8866082976
113 565 -35.9109854989
113 189 -59.9765874751
113 197 -39.190223527
113 397 -56.669236856
113 462 -80.7782182475
113 207 -9.95477987483
113 217 -13.3748516668
113 604 -17.5004991863
113 225 -23.6236105745
113 359 -71.3353202874
113 241 -26.8097835469
113 882 -55.2879334561
113 383 -28.3242775023
114 385 -80.9369037324
114 899 -43.8500007325
114 900 -14.2156166277
114 645 -14.0866510266
114 393 -53.1912947243
114 778 -12.9525000069
114 147 -24.7403185741
114 537 -40.4480216361
114 925 -14.2245612458
114 859 -65.3594805037
114 293 -11.1585652506
114 477 -13.7431009752
114 687 -24.1473567852
114 436 -14.7974202455
114 311 -26.9573615682
114 315 -28.8727547029
114 842 -25.6432767095
114 632 -71.2372972016
114 347 -19.2512797566
114 861 -15.2424855152
114 745 -42.2267577247
114 874 -27.9510805466
115 263 -19.8510985419
115 521 -21.9463653016
115 524 -68.3616574813
115 141 -13.9696696207
115 911 -25.212049903
115 404 -13.3293025617
115 185 -27.0423531793
115 289 -22.5761145263
115 555 -16.4693678827
115 429 -43.5141149513
115 814 -31.2045014238
115 825 -44.5852881622
115 611 -46.6242202814
115 338 -15.3121796149
115 219 -34.2565186942
115 867 -31.6945384942
115 741 -22.7378984993
115 620 -32.5366530897
115 238 -45.1488435419
115 246 -34.8449322449
115 891 -25.4403000333
115 125 -24.1650032155
115 895 -12.4278243441
115 256 -21.3464378008
116 516 -13.9674027874
116 650 -74.4917656056
116 524 -34.959496299
116 149 -31.6415969272
116 159 -12.7648208968
116 939 -45.4812854528
116 179 -11.3598731267
116 822 -19.5706518605
116 191 -15.5246956495
116 182 -42.2099651831
116 451 -30.873496401
116 140 -29.3137662663
116 456 -23.1294422857
116 332 -68.7127266326
116 589 -14.1581996348
116 854 -76.4011446973
116 475 -32.6407395089
116 360 -42.3791218579
116 490 -63.0145185838
116 236 -41.8479743513
116 370 -63.521147488
116 378 -11.3020623685
117 392 -24.3809872245
117 280 -59.0550272968
117 399 -15.2118445352
117 277 -72.6620834334
117 664 -22.477834813
117 163 -27.4274299172
117 322 -34.0252652357
117 561 -27.6421824916
117 563 -45.8415770405
117 183 -12.1477173344
117 312 -36.8380387925
117 827 -15.8179613579
117 704 -34.3079895577
117 705 -31.1963163361
117 706 -33.0662932549
117 734 -18.0193591356
117 225 -17.6912364691
117 873 -15.9766690759
117 877 -40.0886203045
117 370 -71.8513523467
117 507 -53.0572367889
118 513 -34.3587250803
118 647 -13.754249405
118 913 -41.3805200346
118 276 -73.3874458574
118 419 -14.6152491032
118 678 -18.1019363152
118 819 -15.8054410924
118 563 -26.1635344631
118 309 -34.1819592479
118 311 -39.6276279596
118 825 -43.6355239387
118 576 -24.5961044582
118 721 -16.129529442
118 607 -26.0002282948
118 614 -39.9635287067
118 872 -39.7648618383
118 617 -57.9066268981
118 747 -36.5530411142
118 629 -60.7756855408
118 761 -70.7122215418
118 252 -38.8962898433
118 125 -17.5266218416
118 639 -54.9356270416
119 898 -46.3314360638
119 394 -13.2590002545
119 792 -62.9987163625
119 148 -71.3103612954
119 663 -45.6246834068
119 536 -11.7110345512
119 800 -13.8116554349
119 546 -43.9751352773
119 170 -81.8718588875
119 175 -21.1850003666
119 313 -35.0258970254
119 575 -29.8550293637
119 866 -44.024251184
119 202 -59.9912040058
119 209 -22.3766304585
119 600 -14.2472509171
119 606 -28.8868878549
119 351 -12.2468173939
119 226 -62.3708953585
119 827 -61.5855843572
119 245 -31.6588545652
119 298 -15.8608154252
119 379 -32.5218712144
120 902 -12.4932166928
120 524 -32.6088827954
120 142 -29.3769415958
120 274 -30.8524267757
120 921 -14.5010376946
120 922 -24.2263692781
120 157 -18.4390546101
120 646 -12.8095874387
120 290 -59.9250545598
120 559 -35.4857867225
120 798 -21.2677703805
120 307 -47.5468865907
120 310 -29.9072994132
120 447 -58.8262655071
120 709 -44.253583762
120 838 -26.2310252505
120 589 -60.661107082
120 347 -29.6161942311
120 365 -37.059842081
120 499 -40.8394388037
120 374 -13.8135100771
120 252 -28.4425779023
121 129 -56.3789678114
121 518 -52.742958641
121 649 -25.8481759952
121 493 -14.3242072274
121 655 -33.0219462153
121 161 -74.2531015247
121 933 -84.8201707365
121 678 -27.5459273452
121 174 -18.7402772261
121 178 -12.5671886885
121 821 -34.3848418911
121 460 -22.9384133598
121 850 -32.664546988
121 727 -19.8948272114
121 356 -24.4832271442
121 874 -46.4903849479
121 236 -35.308894078
121 753 -30.9310035597
121 724 -63.0879745977
121 629 -52.5474703869
122 899 -62.3082619425
122 645 -75.9568455745
122 525 -36.229610625
122 537 -29.8737221226
122 409 -25.8533654012
122 240 -43.8078210918
122 413 -61.2386981962
122 934 -83.9351360692
122 298 -61.6529488508
122 692 -29.0881068426
122 441 -60.7168776933
122 589 -38.1585618228
122 725 -30.0215841053
122 477 -27.1099275552
122 228 -59.1471078759
122 231 -39.7903224721
122 359 -45.7297367242
122 363 -39.4773497119
122 749 -78.824664256
122 368 -52.5188373904
122 506 -19.2315840404
123 257 -43.673274411
123 264 -34.1715253339
123 404 -26.1632711921
123 919 -43.2217165041
123 920 -22.3611412265
123 418 -43.6549569742
123 551 -69.3475620501
123 297 -81.1848127826
123 170 -25.5890298117
123 304 -39.1136106385
123 307 -25.0024697318
123 699 -22.9267711996
123 573 -71.3790576354
123 342 -37.3215725846
123 602 -12.9077093149
123 603 -70.2119856823
123 860 -26.7733134632
123 226 -44.6048233701
123 867 -70.5673931555
123 614 -43.6526469785
123 234 -13.4229556807
123 751 -19.4418776579
123 255 -34.5342138599
124 266 -57.6839628326
124 523 -25.6696695435
124 537 -23.7224568837
124 286 -64.6737770835
124 295 -26.5949172421
124 553 -17.2163260244
124 941 -50.224135812
124 814 -62.4433914674
124 692 -43.2942575303
124 320 -55.5541779079
124 193 -30.5189616574
124 710 -52.8668180725
124 841 -33.4826579158
124 714 -44.9126558061
124 716 -54.7382265103
124 206 -48.3171016837
124 207 -53.1255783548
124 347 -67.1570026641
124 352 -48.6559954879
124 225 -24.1329016363
124 167 -67.3616448093
124 231 -66.0016523732
124 876 -24.2671485534
125 129 -35.3943124508
125 394 -51.8444669571
125 782 -16.3919493757
125 784 -31.5414524712
125 658 -48.3221733133
125 531 -10.0410863275
125 406 -23.9932145221
125 665 -36.3398862847
125 282 -38.3039542605
125 347 -34.0245251003
125 802 -20.0905155647
125 298 -26.9027655456
125 627 -17.721534981
125 177 -18.9078312285
125 313 -14.2332388642
125 742 -15.3575299085
125 358 -57.5966756002
125 493 -35.0367739519
125 623 -18.611852941
125 762 -46.1301763837
125 766 -18.8066593044
126 267 -9.87864032996
126 216 -40.1877943124
126 272 -23.9561922725
126 916 -34.2875055663
126 410 -34.7848468175
126 798 -79.0647659356
126 158 -10.5713865268
126 376 -21.31121726
126 208 -76.0872448242
126 676 -40.3081581035
126 472 -25.2328439133
126 357 -47.6688207799
126 349 -14.9214767989
126 252 -36.7818839414
126 619 -48.115181521
126 755 -11.5351301326
126 212 -40.0636477191
126 504 -56.5499521287
126 251 -23.1607044081
126 636 -59.4621257634
126 363 -19.6877325907
126 767 -44.5612635755
127 130 -64.00151567
127 390 -56.9903071921
127 781 -34.5291415173
127 405 -31.5608216415
127 577 -11.9345482228
127 170 -29.4644527644
127 555 -14.6252611003
127 689 -33.6740614141
127 446 -28.1595627749
127 833 -26.800102465
127 202 -63.6885680079
127 717 -37.7635933331
127 853 -28.3335262002
127 599 -30.5157210501
127 351 -23.0392710501
127 608 -36.1841286515
127 621 -81.1245030002
127 243 -58.7687547429
127 245 -13.2647811571
127 379 -39.8437327739
127 894 -11.3969230482
128 641 -63.1225569552
128 267 -29.3746381106
128 269 -75.340614031
128 661 -31.218700658
128 918 -47.5173454346
128 667 -49.5550758136
128 416 -40.2094853976
128 165 -59.794576629
128 553 -81.258839262
128 433 -12.7068203092
128 825 -34.4984923322
128 672 -51.5297957377
128 448 -40.6651996686
128 585 -27.1413855299
128 587 -71.0357447483
128 313 -38.6521729134
128 854 -14.6734216637
128 857 -67.023789775
128 607 -20.9195824986
128 483 -88.2513105044
128 493 -51.1275047589
128 880 -25.5609028362
129 392 -21.7972108914
129 664 -55.1650667561
129 788 -48.3217116483
129 175 -32.542073965
129 536 -38.8859822395
129 929 -53.5516038488
129 421 -61.1681540982
129 806 -20.4674164041
129 815 -63.4935173631
129 692 -28.4599821346
129 828 -44.3395318674
129 830 -40.9918038632
129 289 -32.8914215539
129 454 -19.5742583707
129 331 -40.244355015
129 205 -22.1229546511
129 728 -49.462934789
129 217 -64.0177281525
129 612 -14.633686358
129 190 -27.048535486
129 761 -19.2764404691
130 772 -23.6372571802
130 907 -14.8765904226
130 534 -25.1437632931
130 816 -27.91356338
130 544 -16.4093086622
130 419 -22.266882581
130 284 -25.1945693535
130 295 -70.727902959
130 560 -40.7722682544
130 569 -25.3578371278
130 416 -66.7688584681
130 322 -23.5396339523
130 327 -19.736922004
130 803 -43.0317801612
130 338 -30.1573162727
130 613 -53.5225194384
130 239 -35.7103283889
130 374 -76.5228329985
130 763 -14.5427985416
130 252 -44.6921613977
130 509 -74.6855279966
130 766 -27.121928582
131 651 -26.3104103681
131 656 -32.1579690742
131 536 -39.7639549792
131 281 -11.6809457503
131 796 -45.3158287354
131 413 -23.6835125027
131 418 -69.2544966052
131 419 -17.4537682755
131 626 -41.8553247368
131 824 -31.2919479302
131 699 -56.8090228327
131 830 -48.4260833627
131 719 -72.256862473
131 467 -71.268940492
131 216 -28.9572410583
131 345 -75.4624827908
131 474 -32.4964106983
131 784 -51.9541350643
131 862 -65.5875749406
131 358 -17.0109391825
131 364 -54.9186942527
131 370 -38.2708713835
131 503 -47.5006361027
131 507 -54.2785724907
132 899 -38.8540093889
132 301 -12.7121740737
132 398 -15.2262011912
132 429 -49.1024597371
132 686 -46.2027584651
132 817 -58.8001621841
132 822 -26.2436328144
132 188 -18.0709408865
132 574 -29.7228080238
132 447 -34.7209520729
132 583 -16.113609289
132 376 -54.0770228873
132 347 -34.6568017173
132 610 -38.6470206686
132 230 -38.2153349026
132 618 -10.3554730826
132 875 -13.6655985555
132 878 -37.8509395597
132 241 -22.6448408537
132 362 -20.5494508547
132 619 -38.4577188004
133 257 -34.2729192906
133 685 -34.4806453174
133 396 -51.810338782
133 919 -24.7945570325
133 286 -54.1501056377
133 938 -54.1970321082
133 813 -70.014738925
133 816 -12.7826843227
133 181 -39.1467380438
133 827 -15.760105169
133 830 -27.0236651532
133 716 -76.7531069624
133 207 -60.9414809242
133 343 -26.6507661506
133 236 -38.1351008648
133 371 -74.9717722475
133 244 -34.3845360187
133 248 -36.528187915
133 381 -49.3540185287
133 256 -21.918756434
134 775 -44.1278089619
134 393 -57.4039646168
134 397 -57.015539212
134 404 -74.5696141745
134 152 -63.9355760582
134 163 -50.6300606844
134 807 -32.2177522507
134 811 -19.8746120635
134 444 -35.329149545
134 843 -47.4420766305
134 706 -31.3886097753
134 836 -18.3331101323
134 331 -32.5031727549
134 469 -18.4091469547
134 605 -56.3235448069
134 229 -14.6028842994
134 614 -45.6708361003
134 488 -59.3982171485
134 490 -20.8553631836
134 324 -53.1092078818
134 496 -62.4077739287
134 235 -26.4832398253
134 511 -64.6688061276
135 653 -40.4531225125
135 793 -57.890650652
135 672 -17.6470268383
135 546 -66.894075814
135 547 -22.0654620016
135 682 -34.6411939792
135 316 -65.4373010632
135 196 -22.1242423331
135 290 -51.8025331479
135 717 -41.5749081997
135 854 -51.0364314574
135 475 -20.43088966
135 604 -43.3931932627
135 869 -31.4929018648
135 614 -36.2789592439
135 361 -22.6856380226
135 253 -70.7487377077
135 886 -53.5936726192
135 893 -16.3913105706
135 767 -35.3024726835
136 391 -73.1812181905
136 402 -16.7414645017
136 914 -40.139992982
136 795 -33.7008970029
136 551 -22.4058256534
136 937 -65.7392137893
136 942 -36.6104683365
136 566 -35.5425875843
136 439 -51.5737681134
136 184 -12.7011130379
136 864 -36.409007556
136 579 -14.8712914879
136 329 -65.5999806722
136 334 -87.6354588659
136 857 -27.4930564028
136 603 -41.750028994
136 604 -61.1330704873
136 733 -41.1786546607
136 352 -78.8828210411
136 232 -15.4576429011
136 621 -46.5210185525
136 250 -11.8378401818
137 266 -33.6088724102
137 269 -31.7629461054
137 913 -15.1330661371
137 915 -53.9032084313
137 666 -28.7984074039
137 422 -25.7372920436
137 295 -46.8222841965
137 945 -21.6855772838
137 433 -37.9418866984
137 821 -30.0508222185
137 439 -46.6659667298
137 197 -29.8313984329
137 716 -38.0873972869
137 717 -44.4056126609
137 592 -18.2794070158
137 729 -11.067331169
137 474 -28.2751422091
137 739 -22.3297075254
137 366 -28.0933806773
137 507 -33.9342973161
138 648 -69.0648766448
138 780 -47.5395290827
138 280 -42.2935093467
138 153 -19.1400158795
138 543 -39.3257756664
138 420 -18.1194695122
138 933 -28.208319144
138 434 -11.3198394376
138 309 -14.3891227566
138 568 -38.9019848282
138 713 -20.9429180638
138 842 -38.1756549723
138 593 -52.3243642119
138 469 -80.7139555298
138 726 -15.7252211137
138 343 -44.7844061334
138 732 -27.8569477968
138 607 -51.7630958095
138 352 -41.6391713004
138 610 -45.5469951082
138 751 -39.7614648452
139 513 -29.2468405863
139 259 -11.689378879
139 151 -34.1229344472
139 919 -31.4531677305
139 280 -12.3209393437
139 805 -41.5127109655
139 678 -39.032094041
139 298 -17.4234745909
139 814 -9.96357422331
139 312 -32.7387968703
139 188 -9.64367689192
139 865 -44.2112219208
139 848 -22.0839970192
139 593 -43.8038626592
139 472 -50.8246895605
139 217 -62.1801488392
139 353 -83.9643441768
139 228 -11.3952969067
139 617 -36.512680072
139 493 -33.0128338323
139 881 -19.4370229509
139 631 -44.7657978931
139 377 -83.5136388527
140 777 -61.0181750421
140 400 -28.4275912181
140 276 -30.6589770473
140 538 -62.2175938273
140 287 -11.9302212569
140 162 -54.3303536078
140 554 -41.05862524
140 304 -25.3523274235
140 177 -24.4533716275
140 562 -36.8085635591
140 715 -31.3259004226
140 464 -15.2215706362
140 215 -26.9880188338
140 600 -22.6354870462
140 220 -12.0646457019
140 863 -22.9677304675
140 610 -38.4087470728
140 612 -72.2655588633
140 744 -19.0343274604
140 746 -20.9804752335
140 623 -22.2857974884
140 256 -30.4262560629
141 518 -15.9619920093
141 397 -54.9733303921
141 279 -57.7838954129
141 282 -21.0320843196
141 548 -15.5645410365
141 426 -28.4283418245
141 428 -52.3438950035
141 181 -56.1556254367
141 696 -39.3839497667
141 825 -11.4151652979
141 186 -54.2006686292
141 830 -58.2588983666
141 837 -22.9604898788
141 631 -18.089676636
141 459 -52.4883568898
141 725 -61.6950237455
141 346 -51.2345937698
141 483 -22.7538204136
141 503 -26.7126583373
142 518 -29.8464849543
142 264 -42.459949887
142 661 -32.0580716575
142 539 -23.5507770422
142 925 -48.0660425474
142 165 -19.9270567896
142 431 -15.3704787079
142 706 -49.4030099983
142 585 -63.3378840012
142 461 -44.5991420161
142 333 -13.3470556787
142 848 -33.6533512341
142 598 -76.6494377517
142 857 -27.4961704427
142 858 -67.2464465592
142 864 -12.6698334012
142 225 -65.5339775086
142 626 -47.5448941841
142 883 -25.3680518895
143 385 -40.0739648677
143 643 -50.6210601978
143 784 -54.4103984887
143 149 -12.7542721953
143 419 -32.1046917315
143 932 -23.1971651221
143 935 -49.3664001854
143 556 -26.1638436833
143 818 -76.4031073288
143 309 -30.8428008032
143 698 -54.647111976
143 189 -33.3757461428
143 322 -12.2913352348
143 579 -48.6574028524
143 197 -75.1319481304
143 330 -11.953808102
143 547 -40.0142915842
143 866 -28.35810274
143 227 -38.0305504844
144 769 -19.3139066723
144 389 -36.607714977
144 905 -32.4937201487
144 403 -23.8286968077
144 278 -10.8483896157
144 155 -33.9845983076
144 159 -62.0375954279
144 802 -42.0020949079
144 932 -13.336107166
144 430 -66.4403668581
144 564 -53.6532906528
144 704 -25.4033733526
144 837 -14.276205713
144 339 -32.2643031221
144 852 -42.3079674803
144 598 -57.5899535232
144 218 -20.2644574595
144 604 -57.4388024078
144 483 -83.5328621537
144 494 -73.6271302761
144 889 -25.8679117743
145 388 -31.2659061141
145 663 -10.7196597895
145 413 -54.9077684395
145 161 -28.870125773
145 930 -64.4083056843
145 547 -21.5408503445
145 297 -40.3416829253
145 560 -37.4847136453
145 570 -38.2743559241
145 801 -35.7926247771
145 323 -24.6648415966
145 452 -20.7988214297
145 332 -70.6670607579
145 214 -53.7207716372
145 600 -28.4651676189
145 482 -36.3662692443
145 488 -48.4586007598
145 237 -53.0574948101
145 755 -15.1072103483
145 889 -42.4145257876
145 894 -55.0086100739
145 598 -36.9597554858
146 260 -15.7105741844
146 656 -14.6817248313
146 787 -72.2668641041
146 276 -14.8014729842
146 559 -29.167641161
146 927 -65.3453763364
146 412 -28.6660914942
146 303 -32.2400011159
146 432 -61.5680245466
146 817 -30.1069434766
146 156 -39.5563618904
146 316 -75.642233324
146 445 -28.3254281884
146 322 -68.6651191595
146 847 -23.4965486984
146 212 -31.9338444
146 472 -47.1189276647
146 602 -16.3864442626
146 364 -18.3803908178
146 752 -53.0953421478
146 918 -65.9468246715
147 770 -53.0044765483
147 521 -53.4263393465
147 408 -17.0394166655
147 781 -21.5367653761
147 152 -67.1647328677
147 539 -63.8492177846
147 156 -29.1653752461
147 541 -66.8981481528
147 543 -19.6285645167
147 545 -40.1439494847
147 932 -13.0699575963
147 812 -14.6467507801
147 180 -32.3815866689
147 448 -37.8909495449
147 453 -12.5515749864
147 472 -77.0640151754
147 857 -11.5238171503
147 232 -24.6855659331
147 489 -60.7764460968
147 623 -73.6354806755
147 752 -28.2947622211
147 507 -15.8656704911
148 774 -44.2931530848
148 525 -18.8872623575
148 275 -37.3300529796
148 539 -49.7190083252
148 285 -42.8350096654
148 419 -13.4314047701
148 424 -37.0183585779
148 555 -20.5543962224
148 520 -10.4911156468
148 685 -44.9912605962
148 174 -22.097580492
148 432 -47.4152442585
148 301 -61.9628067719
148 441 -25.5930388227
148 225 -27.4588780758
148 588 -72.5689093688
148 865 -16.2611415533
148 488 -58.8533393628
148 876 -49.5947689613
148 245 -24.6445155185
148 761 -29.3644447544
149 258 -19.2645518986
149 772 -43.1773828181
149 776 -41.1009554769
149 521 -50.4166916595
149 941 -73.1542142185
149 417 -60.7103691342
149 295 -41.4166398175
149 556 -19.996440691
149 557 -16.9923867107
149 433 -35.8301996472
149 207 -37.9769231533
149 469 -64.9823825349
149 741 -56.0243197855
149 729 -38.1934202139
149 229 -25.2688709678
149 866 -24.3861722357
149 485 -56.0183212641
149 494 -16.8932405703
149 632 -34.3436176316
149 853 -13.3972443845
149 256 -56.5322417321
150 641 -28.4341746085
150 771 -43.8337907896
150 902 -62.8853372179
150 392 -31.9984867303
150 196 -31.2069019716
150 537 -16.817845806
150 677 -78.2460262569
150 937 -53.9914159433
150 520 -42.9810367815
150 305 -42.5926748594
150 306 -19.457748132
150 820 -21.9636582074
150 182 -23.936820176
150 194 -31.3071779671
150 324 -84.420784056
150 842 -21.213849116
150 231 -22.3271844193
150 616 -58.094333452
150 876 -54.6429732735
150 635 -16.081062112
150 382 -11.6466711235
150 767 -23.5032710714
150 512 -54.4706250869
151 387 -39.9181695529
151 516 -52.0478792021
151 646 -47.4106068974
151 785 -47.2196987734
151 926 -34.7339160368
151 518 -64.4350993606
151 289 -26.1280038141
151 291 -53.0490410673
151 934 -17.8084496995
151 798 -23.085060967
151 822 -46.9778037632
151 703 -36.8035084205
151 161 -35.6763020499
151 581 -43.0939316393
151 205 -50.3977556604
151 849 -31.2580844314
151 604 -53.2860341854
151 353 -69.706214953
151 744 -47.958729628
151 762 -52.8172980666
151 255 -33.9593130601
152 769 -25.8341455685
152 909 -47.7205273193
152 529 -42.2468735607
152 658 -47.9528477206
152 922 -73.6367831301
152 803 -78.4676518202
152 933 -61.3313386724
152 168 -39.4439236648
152 687 -53.0470610818
152 179 -42.9693301882
152 180 -23.508568063
152 309 -62.3752594703
152 698 -41.0441710019
152 450 -10.1312181253
152 199 -22.7615173111
152 845 -18.1094549854
152 212 -45.37832953
152 882 -13.0363743727
152 243 -10.7516217403
153 276 -48.6737163909
153 283 -49.6277291714
153 242 -64.5634624626
153 297 -49.9743020211
153 814 -35.7175543104
153 308 -45.7655156134
153 182 -29.7689137278
153 694 -70.9668847132
153 845 -15.9170150612
153 723 -32.4162530972
153 344 -66.5789536426
153 788 -16.4953337596
153 223 -11.0242129913
153 608 -38.5940979532
153 742 -48.8672277653
153 232 -39.7413202809
153 493 -50.4469293665
153 750 -50.5121538177
153 320 -16.1814160791
153 884 -44.9362950716
153 576 -10.1328037698
153 508 -62.7613913381
154 532 -35.5661909434
154 284 -24.0772564516
154 164 -20.3436080362
154 549 -47.040599544
154 294 -38.1886679242
154 173 -53.0127690538
154 194 -62.3489473765
154 211 -57.9279739472
154 724 -40.84276411
154 471 -13.7142166887
154 857 -12.5749420853
154 604 -21.7981474845
154 480 -44.8833268695
154 866 -35.4564370627
154 364 -79.9058343705
154 495 -44.1810736977
154 190 -27.0720202367
154 500 -15.9253612077
154 758 -56.0374618299
154 789 -41.000277456
154 255 -30.1414275674
155 769 -72.8696927089
155 913 -65.1359008921
155 403 -30.5323599251
155 916 -37.7772811436
155 534 -18.4679825885
155 284 -46.4263170624
155 937 -38.9760800151
155 170 -11.6161413345
155 172 -33.6303522863
155 558 -22.6949660992
155 313 -75.0652531106
155 576 -19.5216540765
155 837 -50.8720240389
155 850 -11.7579937545
155 477 -37.8990353551
155 235 -65.3748684378
155 496 -69.7260672425
155 633 -53.443877474
155 832 -16.3982055567
156 515 -40.152066998
156 900 -33.390168253
156 653 -80.8968982272
156 281 -28.8022099815
156 287 -39.6924315442
156 554 -13.7809794194
156 744 -23.5854854617
156 434 -65.018419963
156 819 -62.7672775304
156 827 -24.7978205921
156 706 -16.7004851549
156 452 -35.5181987995
156 202 -51.2188644355
156 207 -17.7698342477
156 346 -29.8839565368
156 861 -42.0083783079
156 616 -18.1072865317
156 492 -20.7788226321
156 377 -14.0902090821
156 256 -26.3783778987
157 257 -37.0545913164
157 647 -23.9344544621
157 403 -47.1908682453
157 662 -15.9282353942
157 280 -52.2436148614
157 939 -27.9302476983
157 556 -55.8676075101
157 690 -36.0756080022
157 563 -42.8944374481
157 841 -15.9027856733
157 203 -44.0374556485
157 461 -14.8410117735
157 341 -26.7025520382
157 854 -31.4858394198
157 855 -37.6712065179
157 221 -54.9317039878
157 865 -40.4947331903
157 489 -36.8816477678
157 361 -9.76089277938
157 755 -43.5781227299
157 384 -54.2065899542
158 514 -78.2441714346
158 651 -43.912395265
158 797 -47.3089136699
158 711 -77.6274159876
158 300 -19.32899887
158 558 -64.8239692844
158 303 -57.757996224
158 437 -33.0155886333
158 310 -21.955341569
158 695 -73.8982360852
158 442 -61.3491577716
158 318 -43.0324175466
158 831 -84.9020631777
158 449 -47.8889796594
158 839 -23.4924699212
158 841 -55.7016672333
158 463 -23.7975422488
158 166 -63.2014944939
158 359 -19.3838089013
158 746 -57.7391906386
158 237 -51.6010373424
158 247 -30.0542281649
158 767 -66.528949127
159 385 -22.4446046844
159 642 -15.365145033
159 722 -30.5381478605
159 261 -54.4002325892
159 787 -29.8346867105
159 533 -31.9416943345
159 792 -33.6768007445
159 411 -35.7891961767
159 814 -45.7087510667
159 436 -18.3183860798
159 182 -38.157046674
159 446 -35.3380664646
159 843 -39.6491755534
159 847 -35.4371716614
159 210 -23.9726196813
159 741 -13.8906549159
159 617 -43.9685853671
159 234 -50.2794399122
159 882 -39.9916991271
159 761 -30.6935904929
159 507 -12.5385680232
160 897 -54.116239552
160 770 -20.5217801017
160 393 -42.7196174016
160 394 -12.7435457006
160 276 -18.0048982868
160 407 -75.1745737584
160 667 -19.2269474408
160 680 -12.3157853762
160 555 -50.67942519
160 817 -20.6992919946
160 307 -17.8859107031
160 778 -24.322012845
160 193 -15.3440457224
160 440 -70.100686203
160 338 -29.6948373023
160 474 -62.8835838439
160 231 -43.2441493469
160 245 -34.4821448857
160 252 -21.0230376485
160 255 -17.7141537496
160 256 -71.4516450711
161 388 -38.3808196473
161 389 -56.4357110299
161 407 -67.9716401378
161 263 -35.8211837429
161 528 -22.6603631838
161 920 -62.278560544
161 412 -69.6923962129
161 671 -24.3706322668
161 551 -54.9856027641
161 814 -62.1508459945
161 317 -35.6115133181
161 837 -14.6711906202
161 585 -14.8392863798
161 205 -30.5612199562
161 336 -37.7289669838
161 346 -20.8273098838
161 256 -29.9976219124
162 269 -20.8168812748
162 784 -14.2897017749
162 277 -16.5216578038
162 423 -53.3040027952
162 169 -14.3642051632
162 176 -26.2361661355
162 692 -33.4706917077
162 187 -14.7725287496
162 318 -44.1813731233
162 322 -13.2395162169
162 452 -25.7417621041
162 710 -24.0016274877
162 342 -10.8227800799
162 220 -26.0648636321
162 487 -59.3635313987
162 234 -14.1686843328
162 619 -40.3111191395
162 366 -14.8051171904
162 879 -23.5032608502
162 625 -57.6213317713
162 425 -43.0762901407
162 887 -22.0205989019
162 760 -22.8670872228
163 641 -43.2917537969
163 515 -41.4203936456
163 749 -27.5187156862
163 652 -48.4426950405
163 526 -53.3010754907
163 800 -54.8459873057
163 422 -21.6011269313
163 301 -25.2644841271
163 946 -13.9656352797
163 563 -61.2275083856
163 580 -23.626655421
163 201 -12.4622240103
163 806 -64.7484315036
163 461 -42.5785251206
163 340 -60.901836733
163 855 -34.4521859039
163 607 -43.9498759762
163 294 -55.9095937235
163 237 -19.0993276332
163 758 -79.2506684515
164 641 -33.2978601902
164 261 -39.7522760799
164 533 -16.9004189927
164 933 -12.9816765385
164 626 -53.6853471993
164 297 -17.0261764584
164 945 -21.9485998008
164 434 -72.7240211434
164 713 -42.5255487374
164 721 -39.7737155656
164 498 -31.6928582551
164 471 -26.5871483717
164 603 -36.1494534295
164 491 -35.7027487322
164 237 -60.0158174017
164 238 -48.3363804301
164 242 -11.824254044
164 634 -13.7760841367
165 513 -17.9917807047
165 517 -17.8557672159
165 419 -14.9538431047
165 680 -46.0061166528
165 431 -45.8769739067
165 689 -23.5822826311
165 820 -42.0718426392
165 693 -55.9079301643
165 438 -12.1874966962
165 699 -12.5022822358
165 829 -18.408538548
165 194 -42.3073183438
165 851 -27.622993961
165 856 -45.5990919306
165 349 -71.2234116487
165 740 -55.5438864295
165 613 -49.2707982955
165 235 -58.4953835168
165 751 -35.8567311693
165 243 -54.1553495264
165 247 -26.1691194575
165 637 -45.2514938635
166 390 -18.2362351239
166 520 -44.2129812535
166 780 -20.476014239
166 276 -34.2071270334
166 416 -62.2236976038
166 932 -44.2873971936
166 934 -52.7483650208
166 553 -55.1767953823
166 307 -13.9863361515
166 824 -15.6840289232
166 908 -33.9402283482
166 581 -69.6251437212
166 459 -73.8015433265
166 601 -81.253497857
166 223 -39.439108265
166 224 -25.6252395469
166 354 -78.1529237908
166 357 -26.1464333895
166 872 -12.0977016168
166 495 -77.4708789197
166 496 -17.389515334
167 385 -41.7071964875
167 773 -66.6203741037
167 264 -35.7587549784
167 906 -75.8476574672
167 661 -50.9294673563
167 662 -38.4899012228
167 791 -15.3987398501
167 542 -52.1207286329
167 420 -56.7729915474
167 550 -32.1054855529
167 298 -39.4623725256
167 561 -42.3842005208
167 568 -41.4817670073
167 608 -26.8940715918
167 830 -24.6759024415
167 461 -15.6426276463
167 594 -65.4015686339
167 676 -40.2472340226
167 736 -31.2829478556
167 360 -13.2846054122
167 744 -58.9060267087
167 628 -19.3349298276
167 504 -28.6327330172
168 748 -75.4431595886
168 675 -60.5298383342
168 548 -24.8882970232
168 934 -11.0114028662
168 169 -50.8495469838
168 554 -25.1216124252
168 684 -17.3731637753
168 302 -29.4856058777
168 944 -15.50631261
168 620 -46.1304512988
168 565 -28.4936213047
168 182 -57.7055096189
168 188 -13.6235307952
168 833 -59.3737891044
168 869 -15.5211608424
168 732 -11.1099401232
168 613 -23.7942073951
168 232 -16.907552436
168 618 -24.6661181855
169 899 -38.4548340939
169 389 -66.2546546705
169 529 -34.4146243855
169 788 -47.4529612921
169 535 -18.6427254499
169 284 -68.1627908466
169 308 -43.9383299984
169 186 -19.2961343084
169 708 -33.0386688019
169 330 -72.6785453021
169 591 -29.5860748938
169 208 -24.4035962012
169 338 -73.9507686553
169 214 -48.9362599016
169 609 -56.3320974843
169 358 -53.6314278679
169 618 -34.9100499006
169 241 -71.2028263359
169 255 -80.8017233136
169 383 -16.495811474
170 771 -44.9208490636
170 904 -21.4404806211
170 905 -55.8393210487
170 655 -50.8573223536
170 529 -44.3796719734
170 663 -81.1493064067
170 282 -46.1409744043
170 931 -38.9676866847
170 804 -42.4818535816
170 935 -82.5328694307
170 556 -33.6361722283
170 174 -13.3558439313
170 564 -47.938929552
170 827 -44.2025193581
170 210 -20.4948014497
170 855 -75.5798827382
170 741 -30.0328077817
170 615 -55.7576835853
170 760 -16.355227562
171 390 -56.7746736648
171 779 -47.688809596
171 397 -41.1451178158
171 750 -67.7530245105
171 921 -16.1850076177
171 789 -14.7115082835
171 927 -56.1890729078
171 928 -22.1979317701
171 802 -51.2757435978
171 419 -33.8214874375
171 426 -74.5348600707
171 940 -21.0747053992
171 518 -14.8400597143
171 321 -26.0869642582
171 326 -26.0464055739
171 843 -47.6793815407
171 346 -35.5197827693
171 878 -20.2449851421
171 367 -26.5340206256
171 754 -62.0523704211
171 374 -63.0408506437
171 277 -30.232183943
171 893 -35.2391601657
171 254 -85.7487919578
172 769 -55.5158471194
172 513 -14.9548838953
172 793 -14.6970825484
172 545 -20.7514127205
172 550 -15.0970527327
172 695 -21.7704163491
172 824 -42.3209522408
172 571 -52.4277983939
172 191 -22.8887352135
172 470 -51.6591691982
172 731 -30.0684025968
172 348 -78.1429621905
172 183 -45.4034290244
172 353 -15.7245959736
172 337 -68.6057916433
172 357 -43.0816089776
172 618 -24.7370555667
172 621 -10.5894326839
172 505 -49.871448927
172 890 -48.0333507768
172 511 -38.6551685462
173 260 -53.8412480407
173 399 -13.6377582399
173 914 -28.2294745862
173 275 -31.7374301227
173 542 -21.0119979404
173 927 -11.9040034983
173 678 -25.0675814902
173 811 -10.5008012078
173 556 -46.0292751765
173 572 -23.9215609494
173 317 -33.4087768088
173 846 -46.0421351864
173 463 -17.0319876581
173 724 -63.5905942516
173 854 -33.4001480361
173 475 -46.0442883453
173 223 -37.7277859645
173 229 -61.2854809647
173 748 -43.860342236
173 241 -21.1207726132
173 755 -57.38081803
173 763 -25.5957314229
174 393 -44.7808552411
174 525 -29.7308295324
174 656 -32.0452795821
174 919 -20.2292114999
174 286 -26.3134636622
174 939 -77.5957326607
174 441 -51.661571239
174 317 -47.5433087604
174 706 -19.7144884086
174 582 -42.1249353556
174 711 -55.2288686751
174 599 -30.6329247077
174 861 -27.917637585
174 356 -30.9051040822
174 230 -76.2165504099
174 364 -57.789712955
174 237 -56.5208346792
174 276 -18.4962674063
174 890 -19.9631567539
175 449 -40.4132392522
175 653 -18.5628851584
175 270 -14.8419183773
175 541 -52.8734612042
175 672 -47.8735205128
175 932 -37.4771677242
175 560 -59.1378647734
175 179 -52.122324549
175 186 -61.2001981311
175 828 -26.9918519977
175 833 -10.9519402665
175 909 -12.8815112207
175 588 -69.300088494
175 718 -33.0891804517
175 467 -11.7954047068
175 548 -44.2468387402
175 866 -38.1538242056
175 499 -17.3792349088
175 767 -10.5287651137
176 908 -29.8930293009
176 909 -57.7634222445
176 667 -46.4906686036
176 288 -27.7699120995
176 291 -65.4482097805
176 548 -78.9655805941
176 939 -59.4246516133
176 698 -42.7031069609
176 838 -14.8076034853
176 212 -52.9016530062
176 853 -14.0286609576
176 471 -48.3925270309
176 480 -17.5778830906
176 353 -66.8612469296
176 234 -15.6228738492
176 624 -86.4062879552
176 370 -14.9493120747
176 244 -22.4048844667
176 379 -39.0355677207
176 383 -29.1258093792
177 650 -45.4346827274
177 395 -58.105908578
177 652 -71.4608133589
177 654 -61.6733620842
177 407 -51.2089475466
177 673 -28.2151838432
177 702 -42.1489356287
177 831 -18.7664649935
177 833 -80.8324058945
177 908 -23.1076484891
177 200 -61.0334963808
177 845 -36.7877611127
177 464 -68.0057102601
177 596 -23.6865014357
177 346 -29.9330956275
177 720 -65.8895508132
177 484 -24.1379865956
177 751 -75.261678856
177 624 -58.0949606209
177 242 -31.1663585598
177 384 -18.7093100772
178 386 -37.4020298389
178 879 -35.2776750818
178 777 -19.1780442305
178 269 -41.243258503
178 655 -40.4104300914
178 662 -51.3026971136
178 279 -25.4421736645
178 793 -57.6274159483
178 800 -74.1167664125
178 673 -15.374525746
178 547 -37.5128867834
178 690 -23.2474778335
178 919 -13.5513115081
178 825 -44.694267432
178 832 -32.4383502619
178 594 -28.2161994992
178 239 -30.5970199885
178 624 -12.0467912907
178 634 -12.155714999
178 192 -52.5195958667
179 644 -42.1911031962
179 392 -15.9704712942
179 266 -37.1602025835
179 907 -27.3166295536
179 815 -18.3406277052
179 667 -24.110865156
179 415 -14.7141617736
179 674 -30.4855872367
179 805 -30.1500894521
179 302 -53.4553242273
179 818 -22.792279892
179 287 -18.1478582462
179 447 -34.6320891038
179 578 -24.193630137
179 324 -23.223011416
179 465 -25.4281245009
179 853 -37.5742215844
179 601 -20.1561029266
180 770 -33.6167406264
180 450 -68.9946958993
180 521 -37.1734130112
180 523 -57.8132480581
180 546 -30.9215758731
180 680 -13.533732507
180 554 -38.3305528982
180 301 -25.9265594658
180 777 -39.3251713399
180 191 -71.7182235597
180 322 -48.7768583692
180 200 -45.0226200308
180 589 -11.0714666221
180 335 -59.2460436787
180 594 -21.0053343403
180 732 -31.4022949525
180 350 -44.8386358107
180 240 -16.145117223
180 497 -12.8934830549
180 636 -65.521349626
180 511 -22.9457789577
181 897 -43.5729985247
181 514 -24.0738347773
181 395 -81.4004007152
181 402 -69.7248009217
181 688 -11.3023901782
181 797 -34.9875497811
181 418 -60.5973280389
181 292 -18.3922744265
181 285 -29.3349222783
181 816 -44.4083564363
181 689 -42.3227550417
181 668 -21.4023452664
181 585 -25.9938803065
181 589 -20.1465817303
181 590 -38.859009282
181 337 -50.8982912766
181 224 -32.0485657796
181 356 -50.876819051
181 870 -77.3642583085
181 487 -16.1227385919
181 619 -62.2204247321
181 620 -32.0690851112
182 286 -18.4801729808
182 838 -49.7359564019
182 806 -50.3209663131
182 552 -51.2441109068
182 555 -27.1113502441
182 414 -28.4300097777
182 565 -15.8680889916
182 822 -56.9091219542
182 288 -43.261482878
182 578 -30.4632798542
182 579 -36.1101045112
182 196 -28.1976574152
182 198 -15.0923460538
182 219 -20.9413329474
182 619 -73.3895985703
182 808 -11.8135231054
182 493 -28.5840625638
182 250 -77.6475162159
183 385 -37.6064147832
183 776 -53.3389420455
183 728 -45.4954044103
183 654 -24.0874704848
183 409 -19.793500591
183 804 -29.5776195755
183 427 -55.2353156151
183 315 -59.8403140927
183 834 -21.4404079902
183 580 -38.7742956518
183 248 -14.6496855751
183 398 -50.0045030986
183 548 -55.8730980394
183 597 -24.8230444292
183 214 -21.0311941545
183 343 -67.3192568976
183 344 -14.7592763697
183 238 -32.1559803299
183 630 -46.0246784448
183 376 -34.6861376853
183 508 -19.5190062243
184 770 -49.7794798079
184 904 -28.6084187543
184 267 -9.37365638746
184 285 -40.3015496078
184 675 -18.7251286404
184 558 -46.4845378463
184 820 -28.7961254609
184 193 -55.3666097901
184 584 -81.8673052707
184 713 -64.3044454915
184 208 -63.2285129101
184 210 -32.8099689932
184 855 -35.7604283957
184 479 -17.8998049525
184 764 -48.2166179476
184 620 -35.8740824196
184 755 -27.0428300632
184 375 -60.5125174459
184 248 -42.6871137803
184 636 -25.2031443036
185 269 -13.3590485218
185 911 -60.5288813941
185 406 -73.8523128692
185 409 -57.5747470385
185 411 -22.4830246917
185 550 -12.1472655077
185 935 -12.0135811474
185 939 -56.5929911271
185 429 -20.6882511145
185 756 -52.8184421707
185 223 -62.5997886572
185 464 -39.3065389835
185 466 -59.2317762692
185 848 -23.6234149708
185 351 -51.6327268542
185 867 -51.0345247684
185 871 -23.3882791201
185 850 -32.4951210988
185 367 -15.346692028
185 500 -29.6885675687
185 764 -55.2047808861
186 257 -28.7602286599
186 395 -31.0132161505
186 408 -24.1817927645
186 422 -28.3016066281
186 812 -24.5204998114
186 312 -13.9606561901
186 191 -74.2727087086
186 453 -29.7208860694
186 326 -71.0585122009
186 843 -16.7361122723
186 849 -16.3101279843
186 467 -34.0838686719
186 349 -64.3848955921
186 481 -20.9363898379
186 226 -38.9283435856
186 370 -58.5720549534
186 501 -28.8214338247
186 252 -35.3902846426
186 765 -75.7650264385
186 382 -22.9282096048
187 515 -78.4675162743
187 391 -52.7834451089
187 528 -41.0849910389
187 413 -62.8955686163
187 544 -56.9249477797
187 550 -34.2297687078
187 820 -13.5781936566
187 693 -34.1087648528
187 567 -52.0908203268
187 700 -24.0564876863
187 672 -23.647093429
187 834 -36.7915587043
187 451 -34.2849186498
187 455 -66.5818691338
187 461 -30.5077408869
187 462 -47.677985413
187 464 -47.8790900194
187 347 -34.568241249
187 866 -63.194498871
187 316 -20.1480117109
187 485 -16.2682814276
187 238 -49.2276962956
187 884 -83.5915542567
187 640 -20.5878831095
188 533 -43.5339414116
188 536 -20.7548751332
188 665 -21.0647871603
188 283 -71.5523328628
188 543 -12.7718888875
188 681 -40.3733748605
188 443 -16.2603582513
188 447 -39.4588216464
188 704 -26.2784816278
188 201 -16.3536769272
188 588 -68.6499224032
188 462 -12.7519382614
188 463 -63.4139835519
188 870 -27.3135767984
188 488 -66.4268599476
188 363 -44.3765961503
188 365 -47.59420309
188 425 -30.2442964956
188 373 -16.5225547802
188 661 -45.9648491066
189 386 -53.6744658946
189 391 -58.3939988239
189 906 -21.6058912461
189 530 -25.5188490484
189 791 -61.406214139
189 798 -37.9646910806
189 803 -30.7050212117
189 804 -22.6848248792
189 428 -11.7630536681
189 316 -28.624449753
189 835 -39.5374382897
189 198 -31.7946566806
189 461 -13.1470250143
189 473 -24.2044813131
189 347 -16.3857726003
189 605 -22.1139029598
189 490 -69.4291598406
189 750 -11.6887824935
189 378 -28.937345637
189 891 -13.6846270747
189 765 -24.44400637
189 638 -50.9926178851
190 899 -32.8964051778
190 388 -47.67254196
190 194 -31.826431807
190 268 -30.8946235051
190 271 -57.3219414775
190 533 -71.229478095
190 278 -25.0796918436
190 794 -35.1192469836
190 538 -19.6523668083
190 801 -56.6320438064
190 566 -47.7107986717
190 317 -28.7493067549
190 706 -28.2379275718
190 452 -25.176159162
190 344 -82.8952627123
190 860 -35.1505193182
190 742 -24.3556019821
190 877 -26.4057289876
190 885 -55.5220836624
190 886 -50.7999390192
190 887 -26.4802751358
190 255 -68.3549886061
191 651 -44.6675114282
191 920 -31.0633429956
191 802 -22.4971400705
191 677 -29.2512151957
191 680 -32.4995235656
191 695 -31.5338082635
191 315 -41.7979211949
191 709 -17.6087249991
191 586 -21.6068952887
191 462 -50.6858064745
191 346 -20.1281337839
191 734 -38.4021536135
191 868 -57.6722679075
191 761 -16.3168263667
191 507 -17.4025854311
192 727 -66.0863121242
192 392 -28.9032233949
192 782 -40.559115694
192 303 -34.0483993418
192 679 -28.9136258217
192 687 -81.8137927553
192 819 -48.5582899068
192 439 -44.1992519706
192 704 -50.1604713205
192 322 -66.891537146
192 579 -25.9953993118
192 724 -25.6788670896
192 598 -30.5685274918
192 599 -37.6843464779
192 479 -59.1951942094
192 498 -44.1278721103
192 504 -55.7389277364
192 378 -61.1741848757
192 764 -47.1532312596
192 509 -80.3048546221
193 897 -34.425903114
193 906 -45.4557350392
193 395 -32.7637254899
193 914 -24.577780038
193 537 -31.5955509931
193 922 -18.599593882
193 809 -26.8691651332
193 938 -47.4037322774
193 943 -37.4355937262
193 567 -73.8126259909
193 826 -28.4373744177
193 446 -31.5025472204
193 329 -24.2029167974
193 333 -15.4235720739
193 213 -20.7599831573
193 600 -47.6214978684
193 875 -18.9326998461
193 238 -68.5752491472
193 243 -21.0662510155
193 378 -29.0900232954
193 382 -59.3195841053
193 383 -28.3154031145
194 385 -35.5060283576
194 788 -29.4294554918
194 791 -61.4292498402
194 922 -17.4907473742
194 671 -43.3905477938
194 809 -28.9237150179
194 430 -24.9916017652
194 303 -49.7272769911
194 309 -20.2820670212
194 543 -37.8063382386
194 577 -18.8841909258
194 326 -42.9411632628
194 593 -72.1985682785
194 854 -48.0123709375
194 599 -35.7186271398
194 871 -35.7742190523
194 239 -45.9778879507
194 881 -27.691964414
194 372 -10.3731318646
194 250 -19.1854228653
195 643 -35.3265175521
195 902 -15.1032820025
195 525 -35.1444079002
195 787 -34.8876731261
195 495 -60.9759388976
195 281 -70.6591112827
195 547 -59.3897497403
195 701 -17.686868294
195 703 -26.0830237669
195 835 -25.2080776447
195 584 -20.3748758036
195 202 -20.6727988004
195 715 -15.0659595034
195 207 -11.6040641508
195 850 -16.9882834044
195 596 -79.2784310064
195 349 -26.8924191929
195 862 -33.0434572997
195 864 -32.2403253563
195 829 -10.8729918963
195 879 -29.5411552165
195 852 -15.7972086032
195 247 -68.318948071
195 254 -16.4996022979
196 265 -38.3633293288
196 279 -18.4983104335
196 295 -37.7431417182
196 560 -43.9640475636
196 311 -68.1871084123
196 446 -16.0661806226
196 576 -20.4870524478
196 840 -74.540764814
196 209 -42.8033915705
196 339 -54.2829587517
196 473 -34.4982806261
196 223 -20.4461849463
196 480 -45.7714623647
196 423 -44.4824199908
196 318 -23.7420113312
196 882 -51.1037045439
196 373 -74.410308751
196 760 -45.9534600533
196 509 -16.5266657519
197 393 -15.3607784667
197 657 -48.4278946185
197 668 -26.9789869802
197 541 -55.4468212532
197 433 -22.5083106806
197 315 -38.5889254387
197 572 -44.3755470641
197 317 -25.4478236968
197 502 -52.9131021538
197 449 -69.7565887494
197 331 -15.5354497778
197 741 -43.0683324635
197 613 -82.6580661922
197 230 -13.4738519054
197 401 -36.2514113309
197 758 -53.6988993006
197 508 -11.1926739398
197 785 -25.4638553966
198 648 -51.8007794697
198 781 -43.4659852422
198 911 -55.902754363
198 400 -16.8684055576
198 529 -61.7636331857
198 789 -67.3241193531
198 662 -22.7732624109
198 921 -13.2003868129
198 284 -12.712541218
198 805 -21.3591696841
198 941 -38.5394085581
198 308 -40.1274437014
198 200 -42.4573241681
198 465 -35.3407674379
198 342 -17.2836861795
198 477 -26.0636728636
198 609 -11.3389880118
198 370 -21.7680851069
198 756 -32.3985057676
198 761 -74.9825417313
198 766 -26.3017595749
199 513 -17.8036660642
199 773 -42.6733152052
199 325 -39.8398161052
199 396 -14.1937574186
199 783 -32.0703411121
199 410 -38.4536508011
199 426 -76.0069958599
199 812 -18.6303496767
199 580 -73.4600267784
199 722 -60.3733674573
199 856 -37.9513967818
199 601 -27.9797182099
199 603 -72.6402565711
199 612 -25.4148154571
199 231 -13.6599736493
199 232 -27.9828866317
199 381 -20.9795657869
199 363 -44.3835412996
199 248 -59.6114582543
199 765 -21.7300645459
200 773 -69.0739874698
200 776 -13.6630200525
200 656 -36.5860006384
200 288 -61.5994488982
200 326 -57.4261125514
200 809 -21.1064635421
200 578 -9.35139540146
200 707 -15.1712934115
200 709 -29.2721188743
200 713 -50.1824137824
200 203 -28.2216148666
200 591 -12.9829273445
200 466 -23.6609847665
200 361 -58.9453328095
200 619 -16.7494415767
200 236 -51.8758322312
200 617 -58.6663636272
200 247 -52.9855155048
200 505 -56.5958459768
201 769 -18.1005985114
201 236 -43.428616692
201 391 -56.6947245034
201 877 -64.2719858353
201 656 -33.3896936958
201 404 -18.7150027952
201 278 -12.1761048744
201 932 -25.8417602814
201 935 -13.1571055561
201 554 -21.7702238719
201 304 -57.0313890826
201 818 -41.0263465692
201 315 -25.5159764225
201 338 -44.6443734698
201 727 -41.8563244564
201 352 -15.4656458085
201 876 -16.7240346925
201 749 -11.5861959852
201 893 -39.0599194856
201 639 -12.2544907432
202 909 -24.5950305324
202 402 -64.4600396214
202 279 -74.1080110863
202 564 -52.1191723665
202 443 -12.0557655621
202 828 -44.2429801547
202 575 -62.9773739365
202 801 -36.738114233
202 592 -21.883867767
202 469 -52.2703241158
202 864 -54.1246587769
202 741 -46.7707575801
202 492 -12.3041975976
202 622 -23.499348829
202 370 -41.9709214717
202 627 -20.6047688322
202 756 -13.3280939482
202 630 -38.2955987963
203 385 -41.058182048
203 902 -22.7889146177
203 394 -22.8097565533
203 653 -28.2471182355
203 399 -58.78007052
203 404 -23.3122445624
203 789 -11.231196187
203 453 -43.0194726746
203 542 -24.0155867544
203 932 -70.3860571326
203 422 -84.3997098871
203 428 -11.3366021302
203 574 -38.6387944492
203 581 -54.7081594857
203 858 -61.7061992025
203 348 -10.625472907
203 478 -58.9262892361
203 608 -50.2538157447
203 354 -14.0083704453
203 241 -67.7428036882
203 882 -76.8965244259
203 379 -15.450212896
204 899 -72.4224757906
204 517 -54.2353410001
204 523 -26.5967048772
204 268 -49.6954102194
204 789 -39.843557275
204 408 -25.8232583265
204 411 -21.3568704102
204 670 -27.8129964772
204 425 -33.6268751021
204 938 -67.1657673301
204 942 -48.5650004644
204 437 -11.4875525666
204 480 -18.3018165591
204 843 -26.2155212771
204 587 -54.7627561259
204 466 -52.5122327142
204 726 -29.694673048
204 729 -45.1353669142
204 476 -10.4750018497
204 864 -25.0804340695
204 616 -15.3467989691
204 626 -41.0066246223
205 397 -49.193935927
205 538 -15.3190048244
205 672 -55.0733452115
205 625 -19.5560895512
205 816 -20.2968371766
205 373 -40.2153097787
205 544 -36.3861060579
205 702 -56.9367736504
205 324 -32.2031565334
205 721 -34.1833902986
205 732 -18.303686677
205 606 -54.2791458066
205 479 -16.1986385513
205 224 -38.5081372481
205 865 -67.8722456463
205 870 -71.4602111362
205 360 -33.9424868973
205 369 -12.9964786537
205 629 -26.7306764803
206 645 -40.7529311842
206 391 -29.7006027087
206 408 -35.3346530275
206 414 -33.5735751194
206 676 -29.4410450729
206 903 -27.5851868373
206 306 -17.4564535264
206 566 -52.8846976716
206 713 -13.7447006032
206 332 -39.4528522414
206 339 -13.8761950175
206 341 -13.1911917931
206 348 -26.4786709053
206 863 -22.6144282374
206 487 -12.723828338
206 747 -35.7387408425
206 371 -29.6965384675
206 500 -21.7411776558
206 378 -37.6671274791
206 639 -69.4512797794
207 258 -61.2490197728
207 277 -17.4057624728
207 406 -47.3073000608
207 413 -15.3770192708
207 420 -52.2546440235
207 685 -19.5020956253
207 438 -34.3702148572
207 452 -13.4650306221
207 839 -52.661320844
207 730 -15.7859856836
207 861 -30.7226341598
207 482 -41.5354976492
207 614 -66.2107042602
207 244 -32.0118491547
207 637 -30.547013642
208 517 -25.2128018356
208 906 -65.6022952427
208 663 -43.2281822417
208 549 -23.1321765788
208 306 -27.4672630588
208 312 -26.7574228513
208 451 -45.481295745
208 842 -13.9928736697
208 333 -21.4359093764
208 590 -46.9279214542
208 340 -40.9178463623
208 598 -45.2937217081
208 216 -41.1882961947
208 731 -35.1926894988
208 224 -24.64610786
208 362 -29.2692528547
208 882 -28.5907639006
208 759 -27.0589582791
208 764 -31.5503616848
208 640 -67.15133793
209 643 -29.08611362
209 773 -32.1095214043
209 646 -36.519190948
209 775 -38.3410265246
209 778 -80.0971386124
209 907 -14.0237949842
209 270 -53.4778332132
209 913 -17.8953189495
209 531 -18.7577617385
209 678 -68.1797598094
209 681 -72.6672463899
209 946 -70.7478984108
209 565 -48.4734235965
209 311 -20.9065166934
209 544 -62.6045290129
209 712 -26.4822651912
209 842 -21.2239770787
209 738 -68.0745357227
209 787 -41.1939769542
209 762 -44.1491996723
209 381 -69.6311192004
210 773 -17.2907491807
210 518 -30.0602188097
210 532 -43.5606859111
210 661 -11.8218017428
210 279 -16.613813562
210 797 -11.7535064818
210 808 -78.8248819135
210 697 -22.8089179164
210 460 -79.7369025098
210 212 -66.106697153
210 217 -49.7118335633
210 223 -17.3723424157
210 738 -20.3703430526
210 869 -16.4212544773
210 873 -26.8005690197
210 237 -17.282632398
210 495 -30.7089821938
210 241 -55.443075049
210 884 -20.6303013208
210 630 -34.1488733025
210 505 -20.1162377509
210 637 -42.9391578098
211 646 -55.7937311371
211 265 -33.2723697264
211 909 -15.5758871695
211 526 -58.8681748947
211 784 -82.9006167657
211 581 -16.6010758594
211 915 -51.7767043844
211 661 -66.5862469274
211 662 -56.7663919242
211 549 -12.848420901
211 429 -21.9106784108
211 816 -24.4422652887
211 434 -37.4193461779
211 312 -33.4810464226
211 441 -53.0459913643
211 325 -50.9554717643
211 844 -34.7120080369
211 717 -29.1422506256
211 340 -31.6809301824
211 222 -54.8782857992
211 380 -57.1881142541
212 899 -51.9417340892
212 646 -40.8030580239
212 779 -19.3497507091
212 782 -12.3382668691
212 536 -33.9835133908
212 282 -36.0946977277
212 541 -55.5623017026
212 423 -20.8218568035
212 435 -30.0870656485
212 599 -30.1918252985
212 863 -19.4425456604
212 867 -27.8878126628
212 492 -42.079533906
212 497 -24.503833734
212 631 -41.8427314859
212 505 -40.8340320644
212 892 -62.7840276735
213 650 -18.0684688211
213 657 -56.7672401458
213 658 -21.7334827608
213 661 -58.1983316906
213 924 -13.2886664848
213 559 -27.1697066646
213 906 -66.9461435952
213 568 -19.6572015354
213 322 -21.4750043546
213 836 -44.7990818327
213 846 -21.3336582728
213 466 -15.4230161369
213 655 -19.6234097367
213 599 -15.0865055289
213 856 -65.5525392702
213 348 -21.1355301532
213 349 -23.4622888724
213 607 -45.3017737788
213 485 -62.3926719707
213 368 -24.9971887273
213 381 -28.3139937927
213 640 -56.976306657
214 773 -20.0937163947
214 524 -12.8239815571
214 912 -71.3572173912
214 923 -26.624610105
214 291 -35.3365780178
214 297 -45.2405550166
214 431 -43.1076708993
214 561 -58.8001418461
214 442 -12.0226030945
214 578 -46.6590340488
214 708 -68.1857879034
214 334 -30.2808365937
214 465 -37.4192793934
214 866 -28.5057083998
214 871 -16.362165134
214 619 -32.2610211564
214 879 -57.3601272731
214 425 -54.2384363203
214 634 -28.4063247619
215 525 -22.0681612982
215 912 -19.4911709509
215 276 -11.2228789236
215 792 -44.5430582368
215 801 -43.2934790267
215 292 -34.3476796043
215 945 -39.5379104054
215 316 -28.922873301
215 322 -18.7580109381
215 579 -23.5143371191
215 334 -19.0127894298
215 465 -24.8942687516
215 603 -10.7377407294
215 476 -37.3513402861
215 379 -35.7174007245
215 353 -65.64495888
215 738 -19.5158708574
215 491 -57.5589984837
215 761 -15.0219765527
215 763 -82.3822306889
215 640 -28.7073404159
216 514 -23.7628630559
216 387 -10.5951185383
216 275 -13.2460108714
216 933 -13.4074799351
216 557 -51.4962439283
216 568 -61.7420928817
216 317 -13.4928658271
216 451 -15.4896211138
216 840 -9.52350050541
216 486 -36.2884649442
216 353 -24.2987767957
216 866 -17.6824360014
216 613 -24.0761679482
216 358 -33.8996462699
216 743 -33.8996805388
216 620 -43.0500295278
216 368 -36.9967030792
216 499 -22.1748876017
216 886 -52.4530106734
216 634 -17.2829253668
216 509 -22.6414692803
216 383 -77.4500220582
217 897 -57.6349462459
217 905 -71.9395821381
217 913 -43.5346371829
217 408 -10.2229454682
217 665 -30.0377121403
217 288 -13.7614729786
217 945 -55.1505786496
217 831 -32.2748764793
217 707 -15.0561079587
217 708 -24.0701163606
217 710 -32.9708129141
217 461 -30.8288379485
217 471 -25.7126297239
217 345 -33.5847898165
217 865 -53.8931698778
217 738 -23.5116183054
217 240 -30.0032588268
217 759 -59.704624021
217 766 -46.7033053339
218 385 -22.2970679278
218 521 -39.0035471862
218 522 -33.3192231996
218 532 -34.2944309002
218 292 -50.3091806698
218 933 -52.3594872099
218 812 -17.9535953858
218 942 -34.1569763439
218 432 -34.499007605
218 699 -43.5885691825
218 702 -47.7420894714
218 329 -29.2116292984
218 863 -34.7961974875
218 613 -28.3551656798
218 871 -82.3448794887
218 500 -46.7384593204
218 890 -30.2496208621
218 252 -33.5856733686
219 390 -39.1579581374
219 520 -15.6318433504
219 906 -64.497838785
219 907 -44.0757779242
219 409 -24.817089553
219 797 -46.7824028079
219 286 -20.2467908403
219 291 -22.7437639134
219 678 -12.5644147547
219 554 -20.7744989191
219 301 -14.0521231322
219 815 -14.7864443509
219 820 -29.0676647108
219 711 -63.8988516039
219 460 -16.2102231503
219 461 -13.3049144375
219 477 -50.998766754
219 857 -62.027817804
219 349 -19.4881175923
219 478 -69.0910731473
219 496 -33.7109002411
219 375 -53.1735854828
219 252 -16.2955743511
220 520 -27.3551967355
220 399 -19.9049117604
220 273 -11.42217171
220 662 -15.2580017179
220 421 -71.3249138938
220 684 -31.6805210311
220 697 -84.6047274315
220 575 -26.6476033855
220 838 -21.2244097974
220 327 -75.3819329117
220 739 -20.6988541987
220 441 -15.8092266622
220 596 -12.4642584473
220 867 -44.8859262775
220 229 -15.5226567152
220 615 -29.5571106354
220 878 -21.8372652588
220 883 -9.94995901589
221 391 -23.1653466591
221 394 -50.1548889302
221 275 -34.0844560384
221 539 -15.732846457
221 668 -73.9999647767
221 542 -29.9926426162
221 929 -40.4887864284
221 809 -20.5244758106
221 810 -22.055386967
221 813 -70.2607171355
221 559 -36.7173602881
221 826 -37.5631118495
221 575 -32.3382835824
221 324 -46.3865848888
221 570 -47.5822814014
221 863 -13.7038563208
221 620 -21.2342155189
221 368 -14.8286086303
221 681 -61.1876368211
221 756 -30.7369683391
221 635 -54.772624027
221 765 -50.3481325584
222 901 -36.3421283167
222 265 -13.5898453964
222 522 -19.0104152149
222 907 -31.6709092503
222 787 -17.3992822745
222 404 -52.8566128714
222 533 -31.302239801
222 534 -56.7239426898
222 295 -38.4400004266
222 941 -66.3387493817
222 569 -51.5452552094
222 315 -14.1232373267
222 838 -21.3079049683
222 340 -42.9639974759
222 743 -16.7104178228
222 872 -19.4920021348
222 617 -63.1723277303
222 488 -13.0954911725
222 626 -34.2979796681
222 504 -16.5960999727
222 636 -36.4818335538
223 409 -57.8562021792
223 802 -10.8141947082
223 676 -34.7809401015
223 811 -53.0613711195
223 312 -71.5854691902
223 700 -17.2764923637
223 580 -35.8223218047
223 546 -79.0491180876
223 847 -22.0854218968
223 338 -44.5570288262
223 420 -20.6527080918
223 357 -59.0636303401
223 485 -73.4175616121
223 658 -51.2194177016
223 253 -11.1287449987
224 259 -13.8504526268
224 393 -69.2654006924
224 365 -27.9592356413
224 835 -36.1504673324
224 533 -20.6453965167
224 793 -44.9314055342
224 283 -33.7312044661
224 368 -29.0146305081
224 691 -29.3766053672
224 313 -55.7020974115
224 577 -85.6464069023
224 323 -20.038901599
224 580 -70.0233925318
224 591 -55.3265036391
224 730 -29.4622776099
224 227 -41.7857595036
224 484 -21.6841169071
224 621 -72.7275380833
224 240 -11.3403395731
224 511 -41.2097868842
225 386 -42.1043828032
225 277 -42.1801398836
225 279 -11.6133698344
225 923 -65.4321025439
225 542 -15.6875039032
225 927 -14.6926580462
225 931 -59.3233797632
225 421 -46.4019490675
225 553 -36.2214173899
225 304 -14.3192822486
225 821 -76.8313574149
225 351 -53.0945167548
225 354 -37.5134981261
225 873 -50.8910109656
225 234 -23.5617976096
225 809 -13.7317890486
225 630 -36.7069217371
225 896 -24.9903934091
226 654 -42.9930979124
226 417 -33.2264062877
226 546 -50.5212355686
226 552 -14.8092974098
226 428 -50.9655851633
226 944 -41.0882766121
226 595 -14.5702036036
226 449 -44.1441713713
226 333 -22.9189058217
226 589 -35.7348711983
226 851 -14.2954635602
226 861 -17.8125696709
226 230 -9.55428316305
226 238 -81.4614485234
226 246 -14.1367280803
226 597 -40.2041830501
227 641 -12.5016374661
227 387 -41.9368211229
227 776 -21.1351234329
227 777 -18.1291757602
227 780 -65.430984151
227 910 -10.683469028
227 914 -20.5297760784
227 292 -79.335255143
227 812 -37.7117430782
227 454 -41.7113365355
227 585 -31.4174263386
227 337 -76.2510298496
227 783 -30.0678325771
227 230 -67.1132106131
227 365 -25.2810214146
227 448 -51.7272500894
227 510 -34.5104477514
227 511 -31.0229508984
228 257 -37.7716672131
228 263 -20.7334360086
228 776 -15.4819668463
228 795 -85.0758928926
228 797 -42.6684399141
228 411 -31.0409038345
228 674 -50.7461996381
228 603 -76.5477839407
228 679 -23.314815657
228 427 -36.8263565702
228 944 -38.8150801446
228 575 -74.0138313925
228 581 -16.2236396033
228 722 -27.4729566242
228 347 -37.1104749073
228 476 -11.4457892699
228 866 -44.1178955721
228 235 -12.9773543508
228 240 -54.3292974394
229 389 -26.7210643239
229 650 -21.6170640251
229 407 -42.824782653
229 415 -15.8689417716
229 929 -46.5626864924
229 806 -11.3553766415
229 428 -47.0723795771
229 560 -16.0148392736
229 699 -26.4012273346
229 841 -23.9265428082
229 467 -36.6270099996
229 468 -22.6130734461
229 728 -22.3651466402
229 734 -27.5851899625
229 481 -73.1717333626
229 233 -22.2302659878
229 753 -58.1640151434
229 533 -56.3793094267
230 515 -39.9337661562
230 264 -50.4760988607
230 908 -21.9028655306
230 540 -79.3134384085
230 301 -17.6647335695
230 689 -14.7897735461
230 818 -24.5412152842
230 327 -47.2141395927
230 717 -20.4406051069
230 333 -20.4974682569
230 483 -22.7028225559
230 335 -70.9989930045
230 865 -11.5063551757
230 879 -28.3464709783
230 628 -13.5276644873
230 248 -53.2437335409
230 892 -20.3699527173
231 898 -13.8010820848
231 524 -34.1742647279
231 909 -57.7727842376
231 698 -19.6331048481
231 448 -27.183361744
231 329 -26.4467661702
231 341 -32.6578465961
231 854 -43.5984713393
231 471 -23.2615892364
231 344 -64.3638496607
231 610 -13.502545658
231 745 -21.7468325887
231 747 -37.4207308667
231 239 -44.8228134485
231 496 -71.1616442791
231 617 -23.4079842357
231 632 -16.6555028797
232 775 -43.3253366496
232 529 -23.0473102089
232 300 -49.735055487
232 562 -57.9932788398
232 565 -70.9859094562
232 698 -27.585055512
232 445 -84.1592118549
232 459 -45.878988011
232 851 -57.4936407768
232 470 -23.6354291974
232 473 -27.9268480018
232 863 -71.9576976788
232 611 -24.7022066055
232 485 -39.5180260112
232 494 -80.0587968453
232 245 -25.1601629229
232 252 -35.1839860639
233 786 -33.474623931
233 790 -43.8556570214
233 286 -58.4708308213
233 676 -35.4985124034
233 551 -22.7548927415
233 810 -25.3344112365
233 558 -23.3260355237
233 945 -30.9610984556
233 583 -20.4738456156
233 587 -82.8372757943
233 718 -53.0732293537
233 722 -38.7003671368
233 468 -62.8744815093
233 860 -69.6088503286
233 736 -60.1012780104
233 609 -24.9363750161
233 850 -39.8450541289
233 877 -35.0237801258
233 880 -18.8811222758
233 242 -54.5508170681
233 380 -45.9444081484
234 898 -17.4148883409
234 515 -26.6124418345
234 262 -17.9521464553
234 648 -68.2225077108
234 393 -20.6097736734
234 267 -30.1496348032
234 910 -39.1947318837
234 424 -76.9672885157
234 425 -17.9015307669
234 813 -56.5764150647
234 437 -15.3246599557
234 927 -43.6063424763
234 702 -17.6791645662
234 577 -49.9540494788
234 836 -36.9598962403
234 583 -11.61224755
234 347 -52.9325194744
234 482 -70.4126581977
234 635 -41.8441270949
235 769 -15.3413730353
235 655 -38.1803731808
235 345 -19.5234611798
235 919 -61.8317518964
235 669 -18.8683216962
235 564 -29.7219676121
235 582 -34.6179790357
235 457 -10.2074174985
235 335 -16.1275566499
235 849 -32.9940975203
235 601 -46.3192732294
235 746 -50.7975480935
235 628 -26.6517539069
235 504 -20.3901846704
235 890 -30.5776405237
235 635 -26.3631933463
236 399 -39.3245682491
236 272 -52.5730648745
236 273 -15.1490094685
236 287 -35.626710186
236 809 -25.105816746
236 826 -58.2255382231
236 571 -45.3130987289
236 703 -75.4904606218
236 596 -30.0269466573
236 603 -25.9094821513
236 351 -36.9063447796
236 741 -28.6853802132
236 487 -64.4359045453
236 874 -33.2892196473
236 881 -12.5725396045
236 887 -13.169037863
236 636 -35.4991856958
236 768 -20.5817998909
237 652 -12.6455208833
237 791 -21.4517840072
237 421 -20.6054702806
237 424 -19.4472867503
237 433 -21.6159947098
237 570 -59.9468008239
237 831 -64.2373083165
237 833 -28.1237953667
237 837 -24.9928019433
237 467 -26.1653021892
237 727 -21.9311699001
237 472 -17.9397107259
237 861 -50.9574523862
237 273 -62.7932021214
237 296 -75.294751577
237 622 -38.1174425231
237 369 -48.0468517293
238 257 -25.518294375
238 908 -24.7419204512
238 407 -76.0795209584
238 795 -76.197855646
238 286 -57.4569104859
238 671 -50.9891214456
238 800 -22.3498092291
238 328 -48.6296047073
238 815 -35.5960393644
238 434 -11.340435233
238 309 -82.7447385766
238 851 -10.7185936658
238 469 -11.5358998086
238 482 -10.6557450947
239 258 -74.6149620221
239 776 -23.5863058174
239 777 -26.2819109506
239 272 -57.2928323608
239 787 -11.6234023205
239 454 -13.2609987371
239 680 -14.0772141516
239 689 -37.1116133428
239 710 -71.9387723622
239 331 -18.5928256699
239 844 -70.3960176398
239 472 -50.8627598818
239 857 -34.371345546
239 350 -35.0213703736
239 614 -9.28295618588
239 361 -42.5429111987
239 851 -47.1236058419
239 629 -27.993485777
240 264 -28.9090355248
240 265 -34.3671169537
240 788 -30.2572226353
240 408 -68.873848541
240 537 -38.8919760843
240 544 -33.8731183471
240 557 -54.3243889954
240 434 -15.6879908136
240 566 -27.5342544194
240 446 -14.107983719
240 320 -18.6250297223
240 716 -34.2780076428
240 720 -46.4188332751
240 343 -21.5750834677
240 473 -61.5079685359
240 611 -43.2753954944
240 356 -18.434241028
240 376 -19.9648371472
241 395 -59.1075028236
241 910 -49.2308060385
241 411 -26.1245800824
241 816 -16.5529813014
241 307 -53.0988875209
241 829 -39.2511189481
241 446 -59.9660357684
241 450 -24.5028946798
241 579 -37.6759000848
241 329 -32.2629727458
241 461 -76.335848099
241 719 -61.0446766769
241 340 -85.7708856063
241 858 -69.6543326835
241 859 -18.2403382477
241 357 -35.4746220336
241 889 -50.5529611753
241 384 -16.8797873748
242 930 -35.0606741955
242 648 -45.4840211311
242 777 -41.5974821745
242 663 -57.5642781549
242 546 -39.526292754
242 548 -15.7210811376
242 938 -19.4029501086
242 431 -46.7029759403
242 817 -38.5870188321
242 824 -30.6980605212
242 701 -25.0673606874
242 318 -60.8293443174
242 578 -22.5601903331
242 328 -19.3277554984
242 852 -49.1403559359
242 604 -23.7877692731
242 609 -17.0259534623
242 741 -65.8058500054
242 371 -43.1253430018
242 340 -33.2223339704
243 898 -12.9954515272
243 905 -63.6839055602
243 397 -65.7110163379
243 272 -38.2253154396
243 914 -13.6371509734
243 280 -64.9765534421
243 537 -28.4434505492
243 547 -19.8128906405
243 813 -26.6169266814
243 446 -14.6658951252
243 837 -19.9621040006
243 583 -36.3425382412
243 342 -40.9419502396
243 752 -42.8174683953
243 376 -53.33689767
243 383 -67.2531204075
244 263 -84.6254601118
244 907 -19.8149270841
244 908 -23.1115053286
244 532 -13.7592218255
244 792 -62.6960936451
244 283 -24.9682934214
244 944 -56.1141181947
244 290 -23.0843619249
244 826 -21.0341023891
244 828 -29.0522279755
244 590 -32.7001542404
244 848 -48.1341338665
244 360 -34.7922968559
244 766 -43.0515395971
244 753 -48.0022490942
244 885 -29.2324623684
244 894 -65.7327888181
244 511 -27.3324488951
244 256 -48.6799659866
245 771 -39.9765466671
245 774 -59.7110541531
245 397 -66.744138746
245 528 -39.8760469917
245 662 -50.897793467
245 413 -51.306829445
245 562 -26.7401828655
245 311 -64.6859169508
245 698 -9.6523793843
245 447 -17.4829318958
245 321 -49.997518968
245 839 -68.3495084735
245 272 -14.9333054405
245 367 -20.1138784768
245 370 -78.7815480241
245 889 -21.3906732867
245 634 -76.6381820403
246 904 -67.2880231323
246 907 -46.721779762
246 656 -35.6897280068
246 920 -11.044567575
246 936 -38.6776863501
246 297 -42.924995708
246 560 -23.3682119921
246 563 -25.6483900751
246 824 -58.0533428086
246 446 -12.9922628371
246 714 -23.3159113768
246 720 -25.3031573777
246 722 -32.7961714634
246 726 -67.4985251975
246 345 -12.6608885361
246 605 -20.4045557536
246 606 -20.2860841174
246 367 -33.9338261286
246 754 -42.2447793143
246 762 -67.1378809838
246 253 -68.139519075
247 259 -56.0288189878
247 395 -58.5809591193
247 402 -30.051043596
247 794 -37.3804146661
247 283 -41.3059408112
247 798 -30.0936702699
247 800 -20.8559211618
247 562 -30.2236487865
247 828 -17.4168809629
247 328 -21.6750848997
247 461 -37.7225142424
247 862 -39.8613835802
247 380 -23.3394667515
247 485 -19.5462316729
247 359 -32.3468950701
247 749 -79.8876124018
247 882 -18.70294175
247 252 -16.177668685
248 899 -24.9329083509
248 518 -32.1040408613
248 284 -50.8606585477
248 289 -24.4455876736
248 583 -12.9186488626
248 554 -15.0405626475
248 817 -46.331878453
248 435 -56.7911705582
248 700 -44.030644055
248 579 -17.0659899692
248 454 -12.9316579945
248 440 -15.2675385167
248 849 -17.52632197
248 344 -16.3516708126
248 479 -18.4511782074
248 866 -13.4266129895
249 387 -16.9776162049
249 648 -58.5463708559
249 643 -30.6831565642
249 783 -51.9333056261
249 400 -37.4582792669
249 405 -66.7670066457
249 791 -10.7366454423
249 283 -21.0723521779
249 667 -45.9702343453
249 675 -30.739282981
249 735 -16.6327930974
249 696 -77.9408802997
249 700 -35.1024338657
249 830 -40.3647438833
249 578 -35.3630536639
249 835 -22.1360631088
249 863 -40.5755825828
249 481 -71.5298283665
249 870 -29.7623282432
249 875 -56.0447968245
249 502 -28.7645313917
249 507 -22.2592531256
250 781 -41.4367856808
250 400 -29.4263403773
250 274 -22.0823167087
250 412 -44.4389383901
250 669 -48.9430234199
250 543 -10.9005362048
250 293 -61.240010388
250 425 -15.7622261615
250 413 -16.1346002924
250 428 -31.6431316971
250 558 -17.5611099668
250 585 -47.2541932203
250 330 -20.6859282722
250 854 -18.3867265584
250 603 -35.096282039
250 348 -20.4822412814
250 870 -23.9976609528
250 358 -30.5980204421
250 490 -75.6940945999
250 751 -62.2299032328
250 504 -42.4983441966
250 253 -11.3679146585
251 647 -17.2416478823
251 651 -14.8549666128
251 654 -27.7465070418
251 783 -39.7075396799
251 665 -48.291474772
251 284 -52.4345221236
251 286 -82.4061417677
251 418 -24.6417276901
251 421 -22.1100295758
251 945 -37.1770379294
251 443 -20.3857918445
251 719 -10.9471692409
251 597 -31.9079903403
251 726 -26.0535510649
251 858 -48.4593428622
251 350 -18.9761432701
251 359 -39.732757788
251 490 -33.0356653922
251 878 -32.0581638965
251 624 -11.2752041386
251 882 -48.6935493757
251 764 -35.0048677096
252 649 -11.7116588142
252 925 -10.5208782658
252 347 -41.3472181091
252 937 -12.5746226936
252 435 -26.8045371355
252 694 -48.0145593984
252 695 -32.8578878096
252 441 -49.039557128
252 316 -51.8899854947
252 447 -33.2953315923
252 582 -19.5557106744
252 851 -36.2916437752
252 628 -63.2531018735
252 507 -43.4051877522
253 259 -23.1386542611
253 265 -36.3325642062
253 523 -22.0163743436
253 274 -40.2956501927
253 662 -21.961694478
253 537 -20.9561707359
253 924 -32.6832981521
253 541 -13.0700861053
253 931 -49.5949009416
253 903 -48.2149520838
253 557 -13.1810216602
253 943 -46.7232469858
253 309 -61.6155281346
253 479 -48.6563657078
253 608 -38.6606507838
253 317 -18.438943237
253 329 -35.3132632166
253 480 -37.7210176992
253 870 -56.4316425215
253 534 -21.4050350184
254 265 -38.4627384284
254 650 -49.7316813199
254 527 -19.0381038167
254 274 -20.4404514011
254 275 -72.1366995779
254 662 -41.8284686855
254 280 -28.0448703682
254 669 -16.747550105
254 929 -42.6432339356
254 690 -10.6839497931
254 554 -17.1056274146
254 299 -40.0538116541
254 306 -23.2332003487
254 574 -26.6052741291
254 578 -38.1440540313
254 853 -85.926697386
254 601 -20.4510469522
254 413 -31.259609229
254 502 -20.3949564087
254 764 -63.2777610533
255 660 -20.7201513459
255 790 -26.9854612887
255 409 -33.7108533802
255 539 -58.5138101028
255 283 -67.5915210993
255 672 -60.3515342229
255 418 -43.9247863705
255 798 -31.0447208162
255 436 -30.1637451672
255 699 -20.1852361034
255 829 -20.4419260516
255 847 -60.7817071021
255 725 -25.6581329069
255 471 -59.3219955525
255 861 -46.5470560829
255 635 -33.7641718129
255 358 -47.5346594444
255 751 -17.9362370331
255 597 -37.6421871706
256 666 -34.3623527246
256 936 -18.5960917879
256 432 -19.0069656267
256 690 -38.1644577753
256 443 -35.9370544569
256 328 -34.4383577632
256 729 -24.7153013715
256 552 -49.4133295459
256 754 -25.3450669662
256 507 -28.5442047836
256 637 -13.00833244
257 265 -12.3287241807
257 348 -15.7745365421
257 679 -17.4129315888
257 684 -45.5579275241
257 302 -13.1733832207
257 694 -54.2211166221
257 445 -16.3956513117
257 710 -46.4543858903
257 841 -25.8532420946
257 458 -14.1294212997
257 589 -31.409602422
257 719 -17.2201116751
257 720 -43.8927129121
257 730 -32.4257639189
257 860 -71.9133342844
257 628 -45.5462179531
257 768 -43.867177994
258 266 -51.2095751137
258 912 -27.2066871359
258 367 -47.2694659664
258 663 -23.4381374228
258 280 -51.7208236265
258 542 -28.8308406087
258 927 -12.1234527304
258 933 -81.0332773383
258 691 -26.0680612668
258 821 -13.7244129933
258 522 -36.400879127
258 314 -39.7300809556
258 830 -57.0720405885
258 718 -73.3327885815
258 616 -57.8968525118
258 748 -29.05501256
258 749 -62.221751792
258 755 -36.197543954
258 885 -49.4329325481
259 386 -42.7072904172
259 391 -55.9900979352
259 532 -18.1543056933
259 923 -60.9582165024
259 925 -40.9656616276
259 800 -34.3052762708
259 775 -34.4552619657
259 814 -59.6108070701
259 688 -12.7231867813
259 305 -39.0075520537
259 822 -66.1442414856
259 439 -30.5850131812
259 312 -10.8410821766
259 832 -65.3180244129
259 454 -19.0353965344
259 855 -58.2993306316
259 893 -63.4360467984
259 365 -22.6167232498
259 501 -46.021096064
259 632 -26.7261881629
260 557 -54.3759725714
260 911 -35.1036405374
260 430 -83.1260341824
260 921 -41.1609339714
260 676 -19.8021200346
260 421 -47.0412374063
260 937 -10.8482403151
260 556 -42.1038967558
260 302 -42.3205321922
260 569 -26.3177019163
260 572 -26.5425005185
260 836 -62.7192224262
260 590 -24.0109291331
260 339 -20.0808946703
260 854 -51.458778638
260 471 -14.9385036992
260 353 -27.9860346083
260 874 -17.7800216276
260 888 -33.3291978188
260 634 -60.9543087449
260 635 -11.2353527568
261 651 -59.3804755124
261 398 -65.4384636049
261 678 -40.9667122264
261 438 -80.8603253515
261 707 -14.1076671044
261 712 -53.0965446561
261 336 -24.5388806827
261 862 -29.0142282603
261 550 -38.7151640276
261 486 -11.720129554
261 360 -29.2136904952
261 618 -30.69439231
261 872 -11.0471600176
261 622 -55.6381964362
261 376 -65.815794958
262 771 -13.0874461493
262 654 -39.7707916335
262 409 -22.4899326112
262 922 -38.4310481942
262 923 -62.6710722807
262 926 -47.9478235303
262 563 -15.3602540007
262 670 -27.8021063618
262 690 -36.9088385166
262 921 -36.1505157989
262 454 -22.5257952308
262 467 -17.6897560566
262 724 -45.9845599353
262 861 -22.6876552916
262 868 -35.5535522298
262 786 -31.8601799733
262 371 -37.9456352537
262 763 -16.8325093201
263 651 -62.1542448338
263 530 -55.0354524871
263 659 -63.6354303016
263 408 -33.7544158547
263 544 -47.501606713
263 545 -36.6060377999
263 550 -49.7548703336
263 556 -38.2446959405
263 942 -13.931076806
263 319 -12.3019646906
263 849 -27.3033323197
263 345 -44.2827932328
263 352 -32.4434845359
263 881 -13.6692142391
263 760 -64.5080969674
263 889 -37.4433387361
263 892 -22.7109657525
263 768 -26.143977898
264 901 -73.4936120752
264 779 -15.2304481765
264 273 -14.3713064959
264 662 -36.1656199731
264 663 -45.8546245629
264 496 -28.2138152816
264 541 -45.0894249089
264 803 -13.9504924345
264 797 -35.4215704907
264 812 -20.7953912939
264 478 -67.8269358011
264 862 -21.1109551192
264 735 -15.430175403
264 748 -14.5450445568
264 628 -37.2323778043
264 373 -23.3674214052
265 513 -59.9558024091
265 525 -35.324825208
265 915 -66.9952461798
265 819 -34.8312587804
265 695 -50.4036739916
265 445 -54.8825506368
265 574 -39.8892998614
265 894 -26.4918741297
265 848 -22.8913779349
265 474 -39.0712130205
265 476 -15.8577630442
265 870 -61.9381393806
265 366 -13.2958722123
265 883 -20.4846347157
266 397 -31.4216944989
266 785 -27.4885056593
266 409 -41.3988364385
266 798 -24.6804432795
266 305 -39.2871675311
266 419 -29.5181786497
266 549 -64.0148505682
266 712 -37.0978213647
266 689 -41.5700458177
266 818 -27.9784325752
266 436 -39.4876240292
266 446 -74.8095892419
266 840 -23.3906408046
266 338 -67.8458490298
266 602 -17.2468283964
266 608 -65.5704480664
266 741 -29.2938390604
266 376 -70.5000552323
267 643 -17.6462987525
267 647 -26.497564868
267 911 -67.806609751
267 912 -69.1634097154
267 279 -68.9760712788
267 664 -12.4772700703
267 796 -67.5902177527
267 806 -19.0422374877
267 942 -30.0122756148
267 311 -31.4770930785
267 319 -40.409761261
267 354 -23.7092419724
267 868 -50.5253720924
267 616 -45.5192864498
267 747 -21.4629866982
267 879 -32.0352340508
267 752 -59.8745595026
267 887 -23.3119410239
267 637 -49.6859130833
268 770 -39.6791354772
268 400 -37.9508807713
268 930 -47.7891407656
268 294 -17.0552047246
268 434 -44.828159781
268 694 -31.3652167368
268 441 -18.4924323148
268 314 -11.6609630224
268 703 -18.6401917932
268 576 -63.2956934347
268 583 -58.7048695054
268 851 -31.0060062497
268 852 -46.4452002685
268 472 -9.55281884341
268 348 -21.0660720964
268 748 -77.5341240588
268 500 -65.7806775455
268 888 -22.6938118466
269 393 -84.2422961808
269 778 -74.1231661164
269 779 -22.3021345249
269 800 -51.5685296181
269 289 -51.2525899245
269 934 -66.8290933183
269 935 -18.4639586396
269 558 -14.7341341453
269 564 -11.1080577357
269 694 -31.0570087552
269 572 -14.7352906366
269 456 -60.5180233277
269 717 -27.8864641754
269 470 -27.5022851086
269 861 -18.697231776
269 871 -28.8689419986
269 494 -17.1117893877
269 880 -47.205287709
270 769 -59.9258587001
270 577 -54.2953671869
270 519 -15.2094220368
270 395 -17.4587840666
270 787 -27.923963991
270 930 -10.340540485
270 933 -68.6763577631
270 432 -34.9358966403
270 946 -33.4872843369
270 575 -30.6890581088
270 833 -33.0874490881
270 456 -20.7423007841
270 335 -44.2723220218
270 466 -72.826699581
270 856 -16.1762883284
270 609 -12.809465004
270 356 -28.5574603682
270 489 -70.6754897622
270 762 -16.2209803731
271 409 -19.6072495664
271 462 -39.2294624871
271 928 -24.5032441784
271 804 -16.2317619183
271 424 -22.7568500445
271 812 -64.575516806
271 944 -25.0058518772
271 693 -16.8038374507
271 694 -51.4482471376
271 442 -71.0383875327
271 702 -56.9278989568
271 822 -60.2318472006
271 451 -20.5997692251
271 581 -15.2416560213
271 710 -22.7983961248
271 846 -16.2154105412
271 847 -68.5904191567
271 590 -61.5988963167
271 850 -46.2602136252
271 860 -15.1495510064
271 500 -36.7229010901
271 890 -24.6294661109
271 893 -63.2675017765
272 898 -28.0187760616
272 514 -69.214654928
272 412 -44.0862078342
272 800 -75.1067202229
272 547 -55.7860498153
272 549 -55.8925719897
272 550 -22.777196987
272 936 -17.9176877927
272 300 -12.080966781
272 308 -58.7252694141
272 440 -76.1825494491
272 330 -25.1870941628
272 334 -41.4016692205
272 730 -10.1769185906
272 617 -30.6536195076
272 495 -20.8609080526
272 629 -14.7234028611
272 502 -48.7518164852
272 406 -21.2964650665
273 641 -39.2767971111
273 364 -43.7716664224
273 522 -47.8613188823
273 910 -61.0913812995
273 786 -49.1305244012
273 411 -21.2957056527
273 575 -21.373389915
273 448 -42.4095265809
273 321 -49.6133836126
273 586 -15.4694633062
273 847 -41.6012424204
273 346 -30.0018640158
273 887 -36.4282761498
273 378 -26.8736470554
273 381 -17.5665879503
273 638 -11.8506510409
274 398 -44.8244978111
274 658 -68.1157301913
274 730 -44.4428257811
274 793 -32.9609591631
274 671 -74.7410743217
274 296 -14.266827075
274 938 -10.3602546165
274 941 -68.3936703855
274 571 -74.9588001374
274 453 -76.8417236049
274 584 -22.4688546096
274 339 -54.5035476319
274 613 -23.3257838765
274 699 -35.1938251676
274 736 -57.6927333269
274 741 -14.6987176711
274 746 -87.058982858
274 767 -45.6361459707
274 639 -67.1313050986
275 645 -22.5062034909
275 648 -62.5822707658
275 793 -36.5987558618
275 927 -27.0315210304
275 555 -23.3171000499
275 812 -70.43528535
275 701 -55.3809784669
275 318 -40.7707843805
275 703 -45.8357327979
275 837 -52.499338789
275 456 -53.3439283092
275 331 -13.4265143376
275 610 -17.1297095649
275 740 -10.5902705695
275 369 -22.7805069791
275 757 -19.0309822454
276 522 -28.9949471042
276 407 -21.2015801018
276 921 -32.3722394698
276 722 -37.0474970046
276 290 -14.0903983395
276 294 -27.6399697048
276 445 -20.5068370129
276 582 -64.63772827
276 338 -20.1996773313
276 342 -67.6672303311
276 869 -33.0765240516
276 872 -59.6603580768
276 362 -41.0064267592
276 369 -13.890305977
276 501 -49.5374614239
277 900 -28.8045002291
277 526 -13.4201345095
277 537 -53.3700483673
277 797 -20.3213500971
277 326 -31.7867922416
277 417 -26.5269989944
277 805 -71.1174475719
277 678 -34.2470914622
277 313 -30.7947564835
277 570 -71.3469600919
277 830 -55.5711894861
277 582 -16.0341725743
277 337 -36.1978974831
277 441 -72.8314675238
277 857 -41.8437653106
277 465 -13.174168619
277 489 -38.4889331631
277 504 -49.1873018854
277 379 -49.7155748042
278 902 -69.8626611851
278 905 -22.0729180692
278 778 -18.0897328622
278 652 -68.8668353574
278 401 -21.7294178821
278 403 -44.4912317305
278 405 -20.3343091587
278 922 -46.4762746711
278 795 -33.2007431485
278 540 -39.2583793049
278 290 -19.6952006404
278 680 -40.6623480288
278 831 -43.6147622256
278 704 -29.1305274422
278 705 -19.3170226874
278 453 -11.7273179708
278 458 -40.8426495802
278 864 -37.1351595552
278 424 -26.0542797539
278 633 -68.4915710294
278 894 -28.7453026071
279 392 -54.3012073366
279 397 -20.1534575487
279 782 -49.1091614073
279 915 -69.6888609769
279 282 -45.2724689342
279 934 -24.7240254007
279 423 -22.186343809
279 560 -15.6664630065
279 565 -55.3190811924
279 442 -29.1107183504
279 322 -67.4567134948
279 718 -29.9658076055
279 468 -71.7667869858
279 726 -50.4140745499
279 610 -48.8165639542
279 620 -17.7607548303
279 895 -28.6031151359
280 905 -22.7260388818
280 655 -22.0802802065
280 784 -64.8698901174
280 287 -23.917001889
280 680 -61.5314727478
280 430 -36.5030018125
280 452 -56.1848644647
280 709 -63.6020359681
280 712 -44.592172321
280 472 -18.0260291176
280 605 -25.9531511332
280 891 -29.8266724928
280 368 -75.8747401896
280 888 -39.8393074906
280 763 -33.9905399064
281 389 -20.3137843475
281 391 -17.2803437884
281 654 -56.2117653526
281 410 -37.5266200907
281 419 -20.8348374216
281 691 -33.8203932619
281 570 -39.7164624896
281 700 -42.2482408225
281 469 -15.605060642
281 602 -47.4492000716
281 763 -63.425774133
281 867 -40.0020116827
281 741 -45.4380848418
281 751 -38.1198534497
281 762 -23.6856720864
281 891 -58.8271574075
281 637 -41.5273738574
281 638 -31.251868981
282 771 -46.2882095834
282 402 -34.191153643
282 789 -17.7973874565
282 796 -44.4074163871
282 926 -14.6399777194
282 674 -19.6544375001
282 291 -25.4293718089
282 679 -41.099990837
282 572 -25.381230346
282 321 -21.4356759242
282 845 -26.9906495205
282 723 -14.775295178
282 727 -39.40521659
282 351 -67.0300956174
282 786 -38.4030403988
282 887 -28.7773218311
282 896 -24.4185270414
283 772 -43.4850167457
283 397 -48.9297727472
283 400 -37.4941055299
283 674 -28.760275949
283 549 -35.7532796626
283 681 -70.4601190085
283 817 -57.767302911
283 830 -50.84572048
283 846 -54.475342487
283 736 -40.4883472442
283 361 -54.7432949477
283 495 -59.5931500716
283 626 -60.72790051
283 374 -71.7672317163
284 769 -28.8733450394
284 662 -28.0064103099
284 590 -37.4267483811
284 678 -81.4810066631
284 563 -63.9640902821
284 693 -23.4390781139
284 438 -29.7719907343
284 823 -23.3286648431
284 825 -10.3966419939
284 324 -54.4021012177
284 718 -16.2383649302
284 593 -20.0312484789
284 479 -23.3509432524
284 737 -32.9681025677
284 634 -54.4944052661
285 897 -10.9078273924
285 302 -80.2434309028
285 404 -12.161941825
285 413 -18.2679525767
285 686 -70.6871555253
285 316 -55.7128202254
285 450 -62.9016551386
285 839 -13.9986929098
285 724 -50.9243271491
285 734 -58.754249731
285 356 -31.7690559904
285 620 -53.6325112033
285 883 -13.1581248999
285 532 -52.1523694102
286 399 -25.2854077754
286 403 -43.687253192
286 660 -68.3088179261
286 675 -36.6961353022
286 815 -57.6044431824
286 314 -32.3778337034
286 915 -51.2881828251
286 846 -13.3396107281
286 344 -20.1242874739
286 361 -57.9675447616
286 748 -20.4604560052
286 366 -29.9916649786
286 755 -14.4496387832
286 703 -27.3799018783
287 659 -15.1789608686
287 405 -46.551052098
287 534 -40.9454335
287 411 -11.2530650105
287 413 -30.0495473369
287 671 -54.2428533398
287 293 -75.8599140575
287 693 -51.9735682689
287 582 -13.6519321637
287 714 -43.2759498891
287 474 -33.1462081292
287 866 -23.7009281052
287 355 -28.9286680502
287 484 -15.2740918638
288 769 -22.165709664
288 915 -57.7076349387
288 788 -26.939336108
288 920 -46.3823009979
288 925 -12.2736873886
288 542 -25.3124590743
288 543 -71.3317251889
288 825 -62.3075518275
288 446 -59.4217488514
288 583 -74.5677428451
288 339 -38.9556652505
288 610 -20.128433411
288 612 -31.301213616
288 869 -26.1154790101
288 615 -34.9017887516
288 367 -14.4471488099
288 883 -17.6574965593
288 832 -16.5221552822
288 384 -39.8591895459
289 385 -19.1553510806
289 904 -52.5063526931
289 395 -37.4774737279
289 399 -15.6271051999
289 659 -46.1954937548
289 546 -45.3345212342
289 550 -18.1939546054
289 809 -71.9225938334
289 554 -9.71162155432
289 825 -43.8571898046
289 319 -25.6612336574
289 322 -24.3782347025
289 328 -31.4234462929
289 340 -68.7353121488
289 730 -38.1229615069
289 876 -66.3919664451
289 753 -30.5235590688
289 627 -12.0218232182
290 900 -32.5929746844
290 785 -37.9345004864
290 914 -27.7794391834
290 388 -56.4351327615
290 796 -56.1932347925
290 541 -34.1707746998
290 549 -58.6844688177
290 550 -14.1214243011
290 679 -11.8090510787
290 808 -84.4551736392
290 816 -14.9401112448
290 820 -78.5083994012
290 576 -12.8659763349
290 707 -18.8194209608
290 325 -27.7346297192
290 466 -21.367104782
290 294 -47.2767937467
291 392 -58.4062448085
291 909 -29.1021335718
291 534 -46.9222667718
291 930 -32.2200055831
291 428 -23.8819842677
291 686 -48.8860096447
291 695 -30.3868167613
291 721 -38.9091745487
291 851 -32.0636451352
291 862 -57.6306254521
291 616 -17.960881317
291 489 -13.3346343158
291 364 -38.2410700966
291 887 -27.115892814
291 378 -10.3968003775
291 598 -15.4585082809
292 901 -29.5673619699
292 602 -37.4786896072
292 410 -80.3454676616
292 666 -56.6950533772
292 924 -73.4378735915
292 928 -37.7448321638
292 673 -50.280239548
292 676 -25.765113252
292 680 -54.301359516
292 557 -12.4012900125
292 303 -15.7664131152
292 693 -62.5876504409
292 316 -10.8000863168
292 831 -45.2973254199
292 718 -30.5836152875
292 847 -30.6448106711
292 474 -21.3053859947
293 772 -39.4141823446
293 649 -10.4976713286
293 664 -14.8599278557
293 911 -24.5247092443
293 407 -31.8641738862
293 408 -21.9083135933
293 540 -20.6453915442
293 297 -63.5527269118
293 428 -28.5869144671
293 432 -10.1296245322
293 459 -67.7710135995
293 447 -16.2889946837
293 581 -47.4725851566
293 587 -38.6473867487
293 844 -18.8782056497
293 342 -24.1011483622
293 479 -63.8744579094
293 749 -49.1787986873
293 752 -29.7798863796
293 884 -46.1755436003
294 387 -23.8874975329
294 776 -25.0762669052
294 650 -19.0120829167
294 918 -13.4060375263
294 924 -64.5835789738
294 421 -11.6485570784
294 682 -27.1828967731
294 688 -25.4789849312
294 571 -15.4382699598
294 578 -47.6287966052
294 465 -26.9616147599
294 734 -30.9997288135
294 355 -29.4073408447
294 881 -18.5318238098
294 499 -62.4112704
294 628 -12.6995882903
295 898 -78.7097348701
295 650 -25.2706080825
295 781 -12.0849038279
295 659 -10.2282687271
295 413 -50.3774574825
295 932 -62.1754650842
295 934 -27.4103617238
295 816 -16.5102931853
295 450 -67.8507414181
295 587 -45.7768011352
295 851 -11.1797692732
295 856 -54.629487784
295 479 -47.3076742968
295 878 -56.7932859205
295 378 -38.0587013396
295 507 -13.6515977001
295 510 -21.3351672647
296 513 -49.9041708054
296 515 -14.3711294512
296 909 -15.2686818169
296 656 -38.9371179088
296 415 -23.5250193089
296 435 -28.2739533878
296 564 -60.2452881742
296 694 -16.4519114224
296 716 -22.4654806514
296 483 -21.9490879967
296 858 -69.3837041409
296 611 -19.4941900714
296 745 -26.7220174485
296 364 -30.0183484649
296 622 -17.0292887263
296 892 -62.2401027602
297 387 -9.51832349306
297 392 -27.5620773495
297 916 -54.8224601445
297 424 -22.9982372556
297 816 -45.6856366007
297 567 -33.9187736677
297 331 -45.2648738359
297 716 -28.8666472156
297 932 -15.0102904438
297 598 -13.3862573312
297 808 -12.3657829478
297 495 -12.5535491531
297 506 -12.000397131
298 322 -23.3675379879
298 396 -55.9225701955
298 916 -29.9064985968
298 412 -25.9089890938
298 440 -33.6028975455
298 446 -47.3920207972
298 834 -62.6945494948
298 452 -29.3197573623
298 603 -53.5031898384
298 864 -23.930559671
298 869 -13.3813075762
298 491 -54.7290322239
298 621 -14.5681995194
298 760 -40.5517985143
298 763 -32.2950184314
298 764 -41.0047872677
299 899 -39.8647511955
299 392 -17.2420462374
299 665 -43.3791979844
299 413 -23.520851236
299 672 -70.1818083145
299 520 -23.9376351518
299 942 -10.6476676341
299 821 -71.7498428249
299 311 -36.0959807382
299 314 -24.0162130414
299 416 -25.4265507995
299 831 -49.680804528
299 582 -16.056150963
299 840 -24.3091602435
299 718 -18.2030368387
299 345 -39.0089939339
299 358 -66.0614413291
299 648 -24.2663709789
299 381 -27.3984919742
300 772 -27.3742850329
300 773 -26.923251201
300 518 -53.4682361615
300 647 -47.3319164891
300 498 -60.7921369381
300 371 -24.7849763537
300 564 -31.6844212831
300 693 -65.7821755478
300 445 -16.7834703694
300 331 -33.5064661913
300 845 -46.1083644849
300 721 -31.5513244577
300 600 -81.3152252006
300 859 -26.2478071678
300 349 -16.2452877329
300 749 -17.8772342099
300 882 -22.8682290764
300 755 -25.2068631116
300 893 -63.0924619603
301 644 -39.4753063823
301 389 -70.6439242311
301 902 -36.8108243861
301 651 -44.2106715683
301 908 -32.9122109274
301 525 -34.7252586161
301 654 -77.6684541922
301 666 -15.6377889142
301 667 -67.3931140121
301 326 -11.7570934771
301 807 -66.0950304839
301 427 -12.2091258669
301 559 -30.8439082883
301 707 -31.4472343887
301 454 -27.7905534681
301 727 -27.3923696608
301 605 -42.4414718207
301 503 -39.2579443309
301 900 -10.2485734344
302 654 -33.5697214507
302 920 -23.6687487546
302 944 -36.6448104473
302 692 -25.2011398934
302 376 -30.9029814595
302 351 -67.9593437995
302 613 -21.8803995417
302 615 -29.3473133829
302 361 -49.4517175624
302 879 -33.7642369323
302 752 -63.1094415647
302 627 -19.1339974311
302 504 -38.4298988948
302 640 -61.254949462
303 522 -38.9196795583
303 657 -41.98800718
303 797 -17.9970052711
303 307 -20.3774241078
303 698 -50.4385242193
303 578 -63.3322789539
303 589 -24.7785980093
303 725 -26.0063209613
303 470 -28.9910286538
303 343 -13.583593515
303 472 -58.5592054225
303 863 -15.6631964274
303 614 -69.4057940096
303 358 -43.6238761056
303 622 -49.8371356244
303 638 -40.9838739402
304 905 -69.3439250238
304 907 -66.9896472776
304 784 -60.5590185916
304 664 -17.9816023114
304 678 -29.8571689508
304 552 -51.6644466064
304 484 -42.2947467777
304 437 -69.3747957193
304 581 -18.7559459043
304 846 -15.531609076
304 334 -67.1636539746
304 604 -21.5747198061
304 735 -30.0880413885
304 868 -24.5969953582
304 742 -75.3943768754
304 361 -10.8071037606
304 491 -45.7187695049
304 512 -29.2447643623
305 645 -34.8102249902
305 906 -13.2504864421
305 779 -36.5355040868
305 675 -30.4532719121
305 422 -65.7920055378
305 439 -25.6535353989
305 588 -71.8359053676
305 715 -26.5794984738
305 332 -16.7454265175
305 472 -60.7826302363
305 476 -59.0723863584
305 861 -39.4390304179
305 864 -58.6002681047
305 867 -55.1147936306
305 358 -12.131452327
305 492 -16.8004329186
305 638 -49.4521469914
306 773 -54.0119703224
306 619 -34.8195213542
306 777 -37.9620677773
306 910 -67.7628543386
306 401 -71.2513242941
306 660 -20.7531558365
306 928 -13.9041702181
306 683 -17.7036997323
306 818 -34.1184213801
306 694 -16.2291405496
306 698 -27.8933727959
306 314 -66.7870270443
306 746 -32.8103539693
306 491 -72.333918869
306 624 -37.1480337596
306 754 -20.9780119451
307 902 -30.8571305359
307 528 -16.8721784157
307 420 -14.6786283823
307 679 -23.3093431897
307 941 -35.1302951107
307 430 -27.7165432023
307 439 -50.5851579972
307 445 -55.0146363284
307 576 -62.4342108173
307 577 -13.8998789782
307 713 -25.416023635
307 719 -12.9591899298
307 591 -72.8504768838
307 343 -18.2417238022
307 868 -67.1243778267
307 629 -62.5599986848
307 888 -50.9123665094
307 764 -22.3832909971
308 429 -10.3536365576
308 398 -27.0861366258
308 793 -22.0990072478
308 929 -59.2243090545
308 424 -56.161232255
308 557 -53.7553369209
308 691 -61.1296374372
308 697 -36.2725572147
308 445 -12.0256459931
308 574 -10.5041533826
308 710 -53.6375465862
308 327 -17.8934509886
308 722 -53.0481141244
308 469 -37.5488449568
308 355 -54.7587532929
308 746 -54.192254535
308 497 -40.4981056421
308 809 -11.8015631057
308 888 -33.4349291283
309 773 -18.2031299221
309 902 -63.8595351104
309 395 -55.2165528985
309 660 -47.2807617581
309 917 -37.0317056789
309 549 -73.7145096864
309 942 -20.4203895653
309 569 -31.144729482
309 314 -70.1260209716
309 907 -15.9623133477
309 833 -15.0262260889
309 837 -21.2029038493
309 711 -34.5824082762
309 843 -38.3876741544
309 880 -27.3189289941
309 628 -12.4092698892
309 893 -29.7592850001
310 643 -22.5295614649
310 523 -49.2000122003
310 780 -65.3421572892
310 398 -43.8335482795
310 666 -33.0898420675
310 693 -25.9431699477
310 827 -14.4941636538
310 321 -31.6444819323
310 845 -36.3843917279
310 591 -15.3355438345
310 468 -22.8078505374
310 858 -57.1369966229
310 481 -54.8795977014
310 874 -24.4950441662
310 747 -13.4136731808
310 756 -71.4183560939
310 757 -16.00784
311 663 -65.3581306687
311 783 -20.3002863307
311 402 -34.7145808112
311 915 -44.2565700918
311 407 -32.7791880026
311 664 -59.8548189162
311 809 -47.7624042937
311 428 -15.0540017066
311 559 -64.5811209598
311 820 -62.3705288388
311 834 -65.5268262205
311 726 -39.7522066984
311 735 -24.4119744844
311 608 -43.9112316816
311 768 -19.2115227615
312 660 -76.2329499118
312 667 -13.4527522364
312 669 -20.0039690665
312 348 -15.322477529
312 807 -30.2320731706
312 695 -58.7631486621
312 569 -40.0812140002
312 462 -19.5888036058
312 441 -18.5678828906
312 464 -32.3757944174
312 379 -34.3200394324
312 486 -21.9893926255
312 935 -66.103702802
312 616 -39.6998959538
312 635 -21.8561006109
313 396 -71.0197527575
313 909 -59.4611721146
313 786 -36.1392210407
313 791 -35.1436011479
313 664 -74.4365128894
313 859 -39.7221703333
313 810 -13.023789964
313 940 -49.160366971
313 436 -19.541416765
313 582 -38.8827107873
313 341 -73.8889027733
313 609 -62.9848652661
313 738 -13.2393580283
313 618 -51.7814164239
313 881 -65.3806437468
313 379 -20.9609905324
313 892 -47.501753338
314 519 -46.4812442263
314 776 -60.8779595684
314 521 -13.9834394036
314 921 -43.4054600913
314 418 -12.5561416742
314 548 -26.2988778375
314 317 -60.8830656416
314 836 -48.1743574609
314 327 -22.4276964476
314 471 -68.4861293563
314 856 -18.5204259091
314 857 -46.0695593227
314 485 -59.5752690164
314 501 -27.9404896998
314 888 -16.9568460177
314 640 -66.3888357003
315 911 -67.2917903105
315 661 -26.3108216205
315 671 -22.9636554312
315 421 -29.9569628892
315 579 -45.3231056027
315 725 -26.9810872337
315 712 -11.9679561632
315 460 -34.9914016133
315 721 -37.601449198
315 469 -71.8045371896
315 862 -46.395720438
315 361 -37.0218776188
315 875 -11.1547543613
315 365 -45.9296171064
315 752 -60.742979057
315 754 -20.9119801324
315 757 -15.7162455864
315 506 -81.2852869886
316 517 -59.9566452033
316 520 -20.2091574705
316 664 -71.3638175651
316 793 -54.3412041684
316 775 -53.5927322685
316 808 -22.3719657055
316 683 -55.9786428027
316 946 -49.2874968478
316 456 -41.3043670733
316 586 -26.4938404283
316 548 -53.2244964405
316 443 -12.3395863382
316 764 -15.5846360011
316 765 -13.1137934074
317 533 -46.110867792
317 664 -42.4077695147
317 674 -57.3398377399
317 803 -15.8237186303
317 942 -30.5135698639
317 336 -60.2722752935
317 854 -75.7034794592
317 731 -35.4082557571
317 354 -41.927896484
317 359 -53.2452648764
317 500 -24.8884049969
317 890 -40.4703013946
318 781 -27.0428586223
318 401 -23.3285969562
318 530 -29.9125380678
318 805 -28.2904169342
318 807 -39.4264951348
318 946 -31.8293403065
318 319 -60.7579695041
318 838 -30.1379054774
318 455 -13.2044988264
318 588 -32.752805511
318 335 -13.302522094
318 856 -47.4444887493
318 735 -20.9493216173
318 483 -17.6405723423
318 363 -60.6057394814
318 500 -33.8524448935
318 887 -36.8623606832
318 747 -50.8617936177
319 399 -27.2435603645
319 917 -84.2653836753
319 667 -52.7426487139
319 546 -15.7076068632
319 560 -27.7562184199
319 818 -9.56660369465
319 886 -36.4594314126
319 708 -43.9249071383
319 848 -31.6804780787
319 851 -14.6817916307
319 729 -37.9820670935
319 737 -62.4141894626
319 487 -31.565263328
319 872 -17.5463868908
319 373 -46.9887761741
319 374 -26.0018115501
319 759 -20.7425357423
319 379 -25.1195341764
319 320 -36.9112898617
320 657 -77.8416312392
320 660 -16.2151169712
320 408 -22.1686878577
320 546 -48.3852772249
320 840 -13.8234838445
320 720 -75.9386236555
320 595 -21.1950743959
320 597 -32.8845776677
320 599 -70.2352141142
320 602 -40.4066742417
320 737 -27.9316729189
320 354 -30.8722669631
320 872 -70.5194068541
320 623 -66.550502248
320 624 -72.169044931
320 753 -37.7293324127
321 900 -46.8004363394
321 520 -17.1772389128
321 911 -22.1329429168
321 537 -46.0508080842
321 421 -57.9954434182
321 431 -45.5959175715
321 692 -27.3315105117
321 444 -17.9792451501
321 830 -37.2740212853
321 338 -71.3968046517
321 655 -40.7564066164
321 336 -38.0423348023
321 615 -30.9052401696
321 359 -23.8684736368
321 622 -21.4954423067
321 884 -20.6359659929
322 769 -13.0597962014
322 419 -46.3591827921
322 813 -25.8149141232
322 696 -42.8360695586
322 447 -48.6033471554
322 802 -42.5286538886
322 859 -24.1352053901
322 476 -31.2292146096
322 740 -49.4686085829
322 489 -38.6341214685
322 371 -76.7884222763
322 638 -36.0560963886
323 779 -45.6223273655
323 657 -79.065056373
323 402 -61.9134872006
323 665 -36.7432651145
323 667 -25.122404992
323 859 -15.1774804087
323 806 -60.490209041
323 694 -15.7847416704
323 575 -14.513516706
323 583 -36.4619748623
323 349 -68.720033022
323 478 -13.7820962664
323 351 -10.1817188418
323 484 -42.9593040808
323 357 -45.4764510998
323 745 -27.7070133078
323 750 -62.0829356664
323 503 -42.1792567275
323 505 -15.9401466186
323 767 -14.1657270099
324 519 -54.4008339209
324 397 -59.0678494082
324 526 -49.9057323068
324 911 -13.8617451225
324 555 -54.8659977096
324 697 -26.1114771225
324 834 -23.0049742175
324 855 -50.5788925412
324 344 -65.8708586004
324 475 -35.3743520051
324 478 -30.1680955692
324 745 -37.3885131539
324 373 -31.2563800013
324 632 -26.5551247758
324 381 -52.3024384425
324 766 -14.4360655907
324 896 -20.4868298202
325 385 -53.599442403
325 770 -30.5548722596
325 388 -26.3162651438
325 648 -48.7590519073
325 523 -31.0558253883
325 412 -33.563128726
325 416 -14.0744909317
325 425 -13.9477756075
325 568 -17.6293844221
325 697 -66.5509960773
325 841 -47.5519263191
325 335 -63.1074943096
325 728 -44.2142680922
325 348 -40.0647580921
325 865 -29.7273995722
325 867 -33.5347097479
325 868 -22.1897823616
325 485 -42.7120815112
325 488 -50.712842762
325 878 -37.6813650909
325 635 -15.5018553292
325 381 -12.0494294333
326 772 -66.4415034066
326 904 -19.1722676143
326 420 -33.360811476
326 424 -27.0788555159
326 566 -22.0327174605
326 849 -24.4798154643
326 351 -51.0236074184
326 608 -33.3704174155
326 739 -39.656103889
326 747 -85.4428372926
326 753 -34.3974728852
326 370 -25.8220045107
326 506 -58.4660914721
327 390 -54.8985627355
327 912 -36.6222894488
327 660 -37.6712177017
327 406 -19.9546146821
327 926 -17.3299767962
327 799 -57.3553977589
327 673 -53.0740783017
327 425 -71.1811623702
327 435 -31.8815729477
327 436 -64.8243252217
327 574 -12.9598491428
327 581 -28.2615107462
327 330 -47.4580921552
327 725 -49.2761304921
327 857 -14.4247335637
327 866 -36.4504050867
327 867 -45.0220305518
327 613 -26.2997221937
327 510 -25.9106033036
327 918 -26.5790923895
328 655 -29.3653816197
328 912 -63.600984317
328 536 -56.0542667354
328 672 -63.6085425723
328 684 -45.1382881892
328 942 -21.42633186
328 559 -36.6722776526
328 329 -79.3132571662
328 527 -26.935988667
328 730 -18.7075886466
328 494 -55.4727324595
328 656 -11.0689243728
328 350 -23.8617744019
328 359 -18.1410679513
328 744 -24.3591285371
328 361 -18.343597852
328 490 -23.7675608701
328 757 -16.0528093424
329 516 -38.4198929495
329 519 -83.933269686
329 920 -14.5892326412
329 926 -50.428413793
329 415 -62.9806676061
329 683 -47.8972864749
329 687 -81.9805125693
329 821 -67.3386882971
329 447 -43.8408995215
329 851 -78.4524580522
329 482 -42.6507753857
329 339 -22.3687587315
329 495 -10.6838859324
329 499 -56.572918117
329 760 -30.0609187785
330 525 -17.7473581975
330 533 -48.1711429313
330 536 -39.1277180358
330 538 -43.6587020103
330 427 -21.7500013782
330 565 -33.9234350008
330 333 -74.0031593557
330 400 -44.8907459101
330 479 -66.9203056624
330 353 -45.2047171232
330 611 -23.1434197678
330 616 -21.9533212186
330 746 -29.5754844483
330 553 -84.2806710472
330 766 -24.0133739281
331 641 -19.9517161336
331 391 -49.1093379929
331 917 -17.8778240161
331 666 -13.9979835976
331 801 -25.5121919115
331 804 -53.1283357459
331 678 -14.7091714482
331 425 -57.8178566901
331 683 -34.2270108217
331 704 -50.298235846
331 342 -36.1272192262
331 603 -55.0545124337
331 350 -12.2840854594
331 868 -59.6994298341
331 889 -45.5501186378
331 890 -32.1740418231
331 891 -49.4567660707
332 913 -77.6136418505
332 792 -21.8092185156
332 545 -20.2935030233
332 546 -19.193623033
332 677 -64.6984595682
332 574 -57.7964589823
332 459 -46.5003649733
332 588 -21.812989009
332 849 -17.3469573805
332 728 -22.2665028509
332 601 -21.0361118788
332 351 -12.3419739079
332 609 -68.0604632558
332 363 -29.0920326491
332 878 -34.8579660481
332 499 -14.3531235717
332 502 -35.3713581683
332 504 -34.4182659489
332 507 -35.6103354952
333 642 -10.0183063053
333 646 -70.7492613523
333 793 -22.0398405547
333 666 -22.9586392091
333 806 -61.0968714544
333 434 -19.8185648351
333 826 -13.1841515452
333 720 -17.5147957207
333 355 -20.8829825411
333 745 -69.6291746882
333 625 -35.6897741644
333 758 -38.6792690359
333 633 -34.1180062632
333 378 -18.9145618943
333 635 -56.1467429109
334 780 -22.4228387302
334 726 -30.9120402646
334 789 -36.3819939211
334 557 -32.712686612
334 689 -30.8067119832
334 836 -35.6122244311
334 713 -20.9052829624
334 460 -25.5495891227
334 725 -23.7693699704
334 605 -27.9959484704
334 870 -41.7303948501
334 761 -28.6713426783
334 606 -15.5676061848
334 384 -49.1965328177
335 515 -13.5950384465
335 516 -51.888264354
335 656 -37.9934625984
335 659 -16.9239274576
335 793 -27.6488675229
335 821 -32.6206606826
335 846 -31.7521796195
335 847 -15.9525610555
335 466 -34.0322899431
335 854 -32.1193581879
335 600 -30.4804647008
335 369 -11.5088223895
335 758 -75.2477775005
335 512 -38.3788792643
336 518 -26.4186102239
336 391 -26.2890587519
336 908 -26.1080444575
336 917 -32.814053924
336 800 -64.9529799153
336 903 -30.5110826345
336 936 -27.0470929596
336 390 -11.369693455
336 810 -11.1551234848
336 439 -32.7220073934
336 441 -66.1574835345
336 842 -26.4124327085
336 478 -57.66504583
336 351 -53.462247928
336 492 -16.4687859011
336 757 -11.4389036524
336 892 -39.2498818559
336 765 -57.639937355
337 903 -42.1803187607
337 777 -14.9938663001
337 536 -17.8715412294
337 793 -19.0888452954
337 775 -36.5159053593
337 808 -26.7822249281
337 425 -21.5871662182
337 941 -34.0383139677
337 814 -52.731266437
337 928 -39.7513450231
337 343 -56.6816840774
337 601 -70.7805531879
337 488 -33.7118887178
337 752 -20.7985598619
337 369 -15.0612189614
337 630 -28.0935951575
337 509 -57.0717512235
338 651 -31.3579413945
338 397 -19.22656263
338 403 -37.564468164
338 666 -19.2321609055
338 798 -27.8504513243
338 824 -79.2033323092
338 446 -28.5267269854
338 705 -79.0217701381
338 452 -20.4312239964
338 714 -36.1378248929
338 721 -50.4203032219
338 748 -25.3823163797
338 531 -66.6385515326
338 633 -19.6319103121
338 895 -74.3075490137
339 915 -41.9382890168
339 924 -19.2912523703
339 936 -37.8834980541
339 940 -27.168848292
339 560 -41.1704866993
339 693 -40.695502099
339 701 -26.8339916897
339 846 -41.2326987495
339 594 -32.4714309981
339 853 -35.4924595895
339 605 -40.9712215386
339 486 -29.199901355
339 367 -10.188417349
339 368 -12.1271489345
339 506 -35.177654077
339 635 -13.6729258168
340 774 -26.7019240147
340 650 -29.9929340751
340 779 -64.5687135268
340 664 -47.4223289635
340 910 -78.3091472205
340 920 -22.9849579074
340 794 -17.8254798977
340 795 -42.0873611252
340 937 -39.0952400101
340 816 -58.7507108672
340 572 -45.820264696
340 713 -29.8259965721
340 803 -14.937798719
340 859 -30.8418425092
340 893 -14.8241531665
340 510 -19.5407342906
341 396 -17.3970690408
341 915 -41.1889661874
341 731 -15.0759984178
341 672 -25.6793421796
341 807 -30.9133283261
341 808 -34.6649602932
341 682 -20.3467902005
341 564 -58.9737226804
341 826 -21.8601888132
341 452 -35.6923021639
341 583 -50.1663572794
341 842 -69.816513905
341 569 -62.5491739852
341 595 -11.2902934259
341 858 -24.9453616965
341 603 -33.803674767
341 732 -29.4838808451
341 361 -11.8284439656
341 636 -32.3390838506
342 909 -28.9525857886
342 911 -15.5158694673
342 402 -21.8549270272
342 668 -55.067058326
342 414 -45.9452537181
342 416 -65.4349726615
342 932 -83.9249001018
342 679 -20.9896881569
342 569 -18.1046311567
342 476 -50.9081547509
342 615 -68.2682168219
342 361 -19.9379383689
342 628 -75.7642868646
342 375 -19.7827895751
342 853 -39.1997580974
343 387 -33.2806785882
343 388 -12.8734034369
343 522 -78.3359344039
343 396 -23.1702039687
343 398 -72.4083456263
343 404 -59.1557821584
343 795 -14.4411323093
343 554 -48.7637871166
343 832 -33.706841119
343 454 -32.4390161014
343 461 -18.9583049085
343 735 -19.1203662147
343 484 -38.5871175862
343 874 -45.6766188921
343 630 -13.8773313171
343 507 -40.0083599232
344 385 -12.0606623422
344 408 -74.3350548894
344 938 -34.0377850108
344 691 -25.854595853
344 699 -19.4251189867
344 836 -16.9119980569
344 588 -41.8897896922
344 850 -70.7806721891
344 855 -36.6213108079
344 728 -40.1766849394
344 477 -53.7367625318
344 738 -15.2993222786
344 617 -56.3774038437
344 491 -49.9761722792
344 883 -47.6036707285
344 379 -63.8541118315
345 521 -47.7263865992
345 402 -26.006461334
345 422 -54.2061811924
345 680 -71.4203121173
345 938 -42.6942651955
345 939 -34.3635431764
345 884 -54.5530530019
345 574 -20.469816559
345 834 -20.5579791211
345 838 -25.0646223213
345 712 -25.5530236877
345 864 -37.4231573192
345 873 -19.7024502791
345 878 -39.4820373705
345 628 -20.134969609
345 889 -73.3018745059
346 769 -16.2677794744
346 528 -23.8352229678
346 914 -19.28094856
346 787 -18.3056050674
346 408 -28.9180314301
346 923 -51.2558251074
346 800 -60.3457312763
346 805 -25.9841327737
346 445 -39.6096843976
346 595 -58.4328292933
346 482 -30.6597095029
346 611 -34.0035105142
346 746 -79.0235362804
346 626 -40.099068243
346 499 -69.4578385301
346 759 -49.5247800184
346 894 -41.0349507761
346 895 -23.4934154142
347 529 -46.6543254384
347 664 -12.4893547556
347 540 -61.9929783386
347 685 -17.4972815284
347 574 -40.9974428623
347 448 -68.1748048442
347 849 -72.5572933408
347 725 -71.3946223231
347 352 -44.2805982723
347 510 -43.1867333867
348 654 -24.4282585883
348 655 -45.8384373757
348 403 -24.2138821535
348 670 -82.3020842862
348 547 -12.2096068321
348 432 -11.9814313729
348 705 -63.401825603
348 396 -23.4744191212
348 587 -13.8003794213
348 854 -25.2012045858
348 472 -63.944621034
348 736 -40.2216477551
348 500 -19.5692167446
349 770 -22.8509591626
349 531 -12.5427637437
349 408 -40.5332089532
349 926 -50.1246609957
349 549 -51.5167500391
349 583 -54.5519832415
349 552 -54.1985571415
349 809 -65.0122055505
349 563 -31.702662627
349 821 -36.5531248778
349 839 -56.8876362373
349 465 -37.4876620606
349 424 -14.9621379725
349 877 -56.7563835883
349 367 -19.9019781788
350 523 -49.930890843
350 526 -24.036048402
350 676 -67.5402073413
350 477 -13.6155658057
350 811 -59.3345525081
350 432 -83.3495832575
350 689 -38.0119901572
350 690 -19.9919583058
350 568 -67.2384875986
350 831 -20.2746114923
350 725 -67.4348904144
350 861 -19.9338160227
350 736 -20.9874801995
350 740 -27.9477149647
350 359 -17.4758544561
350 375 -23.8755861164
350 377 -26.523925026
350 853 -45.8005845222
350 512 -29.7530468101
351 386 -18.3517409674
351 644 -15.5728291636
351 835 -26.8846253647
351 922 -29.9813086382
351 553 -9.50008334797
351 823 -16.5932645043
351 465 -38.128556158
351 732 -80.3171761578
351 885 -39.4566959187
351 503 -31.8151396787
351 762 -28.3380466298
351 891 -35.9308133048
352 386 -41.2439996893
352 669 -12.6764849013
352 546 -65.8319585922
352 556 -11.289517546
352 437 -59.7271846042
352 696 -36.5906796108
352 827 -20.6607580201
352 707 -28.9219649488
352 454 -30.6502015568
352 846 -68.0867903559
352 848 -40.3347032661
352 852 -56.9355379731
352 476 -63.3836080802
352 615 -45.3651791971
352 618 -62.8447754939
352 876 -19.5799545404
352 376 -35.8398097706
352 639 -42.0079251602
353 513 -59.0664631962
353 655 -52.6008811374
353 788 -19.6869633909
353 917 -22.7561465491
353 417 -20.6459134227
353 810 -28.9116675743
353 734 -45.6083781384
353 702 -32.6092196395
353 457 -22.016627164
353 846 -50.3174180594
353 725 -21.0401370768
353 363 -47.7953808783
353 506 -18.1935239759
354 911 -38.5242222244
354 915 -39.6001494394
354 415 -32.766518601
354 689 -52.4617721794
354 571 -12.5664118456
354 843 -66.0358305715
354 839 -57.761559576
354 586 -22.3767500938
354 617 -29.5996375204
354 620 -75.0112697211
354 493 -30.1198552403
354 878 -13.7980443549
354 879 -17.6648243315
354 889 -51.1855312433
354 763 -21.4905868233
354 767 -25.6139414905
355 646 -51.276482036
355 393 -40.3447300045
355 451 -55.498110559
355 912 -27.4391239685
355 786 -48.185853519
355 787 -54.0357113654
355 788 -65.2062614784
355 544 -40.6495875831
355 810 -21.6285909506
355 944 -34.9776603306
355 694 -21.9675752481
355 696 -16.0962092743
355 834 -45.850139515
355 579 -18.0463604207
355 732 -76.5407715204
355 739 -23.3273218833
355 615 -43.1047483999
355 368 -15.6487427366
355 884 -23.4836344108
355 512 -43.419007498
356 641 -35.7533302757
356 771 -49.9981669811
356 905 -14.3877022452
356 784 -21.7728761472
356 916 -53.4948770734
356 922 -85.0978632606
356 669 -28.7992592203
356 930 -27.7903928466
356 812 -76.3113853169
356 694 -56.6548825006
356 580 -62.8030524872
356 721 -52.8553649844
356 377 -55.4347243842
356 482 -49.6330858315
356 488 -12.8566700464
356 493 -43.5868319295
356 878 -56.0565203673
356 374 -85.1843495149
356 631 -62.3715027401
357 901 -34.8405254771
357 648 -24.9363655125
357 660 -66.6408808201
357 408 -15.0567735858
357 413 -75.5500629551
357 804 -26.0330511997
357 938 -48.4033205899
357 702 -41.2441539581
357 576 -40.2713581126
357 465 -16.2562793456
357 598 -12.0057916261
357 611 -25.0779977089
357 868 -10.2971045197
357 744 -21.5364674379
358 903 -45.311874936
358 785 -60.3029956874
358 534 -55.4021447306
358 581 -34.9157599911
358 667 -78.0512426114
358 497 -74.6324584617
358 547 -74.1812571864
358 679 -47.6545724632
358 693 -64.7472320042
358 567 -17.9188508746
358 580 -16.5860343434
358 850 -25.8530084527
358 734 -43.882037919
358 369 -36.7118081131
358 762 -34.4765408317
359 812 -24.864131923
359 391 -26.8475021072
359 905 -16.6142406758
359 533 -43.4674010335
359 839 -40.0094632425
359 551 -29.1245738148
359 811 -56.2215489359
359 428 -22.8234230032
359 817 -69.7853353259
359 455 -48.5196344488
359 458 -14.1920944969
359 474 -54.9166445897
359 477 -41.3639920823
359 496 -34.0834258003
359 758 -69.4231181778
360 515 -30.3907825603
360 519 -44.7795442223
360 656 -21.9540544127
360 516 -12.1190789406
360 408 -36.8639812758
360 555 -39.4154104216
360 945 -45.985745279
360 500 -19.2950005975
360 440 -31.8731978542
360 825 -51.4065973842
360 457 -29.2564175015
360 696 -52.4192797794
360 849 -38.2036191079
360 867 -40.0628237087
360 740 -56.8100069294
360 623 -20.51534722
360 376 -40.8698865561
360 760 -32.8161329281
361 646 -12.8198068561
361 664 -39.8730874215
361 824 -37.8471498883
361 834 -42.2107015977
361 587 -54.6954462521
361 845 -37.372362912
361 596 -52.0278766557
361 734 -48.5111475699
361 874 -48.3557686638
361 757 -43.5680225284
361 896 -35.7379607954
362 777 -35.1409251769
362 785 -52.5937125516
362 790 -55.2312546137
362 793 -19.1738311225
362 684 -63.8290713526
362 691 -37.7337190763
362 436 -43.7555865719
362 822 -71.0374507343
362 703 -17.2435177175
362 706 -18.1919422884
362 456 -69.7255670739
362 717 -26.781227165
362 855 -36.3720966028
362 862 -53.0377413541
362 367 -14.4169615667
362 660 -65.4347770795
362 631 -41.322483169
362 376 -23.4546557463
362 635 -41.196281305
362 623 -35.8321723413
363 527 -66.9130894342
363 401 -65.6589802485
363 659 -22.0289143458
363 551 -69.4851938192
363 817 -26.9307166964
363 820 -63.9988761238
363 709 -29.4942160738
363 847 -40.8728699001
363 479 -18.1607883048
363 868 -46.8616470927
363 614 -15.2124110868
363 888 -31.6288723967
363 895 -42.7759008923
364 899 -71.9317880186
364 399 -63.9791180272
364 814 -49.2697601527
364 681 -57.1707356549
364 682 -25.1400917061
364 694 -12.9217099227
364 570 -22.9707472635
364 452 -43.1015793281
364 600 -57.2470315661
364 740 -40.8771507689
364 748 -31.5606762869
364 625 -42.4110749441
364 384 -42.5193700535
365 648 -51.6982693482
365 650 -42.4326903
365 804 -36.136773104
365 422 -40.2685136486
365 427 -47.9522907316
365 688 -29.3199187495
365 565 -14.5693025775
365 570 -56.3968805709
365 704 -20.7314254335
365 466 -16.1350130449
365 743 -21.0913169009
365 754 -20.9797431458
365 377 -44.7434689147
365 381 -22.9302431551
365 382 -49.1347690607
366 771 -50.7341478041
366 531 -35.1744137675
366 730 -17.8234075959
366 415 -32.5738574207
366 903 -36.2101281558
366 681 -46.8956201192
366 429 -35.3811413535
366 692 -18.6659514258
366 585 -74.0193587599
366 589 -38.5823722072
366 858 -54.3815814707
366 475 -49.9559651073
366 623 -62.9081873514
366 376 -35.125369212
366 510 -10.7435181135
367 901 -56.9256637103
367 785 -12.6292872157
367 927 -19.719634093
367 799 -68.7324943992
367 469 -24.8094547811
367 862 -12.4366918869
367 750 -48.9222966818
367 380 -43.8071567002
368 430 -57.6013807119
368 667 -81.0289944746
368 796 -15.4868019315
368 925 -80.9096575705
368 550 -14.2686638918
368 563 -23.5811700257
368 705 -62.1086900921
368 737 -19.7991580959
368 482 -59.7525974631
368 616 -42.9648573155
368 749 -14.5063027531
368 624 -29.5907229896
368 507 -32.641821287
368 894 -16.5589314708
369 642 -14.2663650827
369 904 -49.3134217117
369 649 -54.0387500238
369 526 -49.5221142325
369 946 -22.8129909462
369 810 -14.5298006138
369 562 -28.553148631
369 770 -59.8759731458
369 707 -26.4863252568
369 550 -51.1995863151
369 613 -66.3048669874
369 877 -39.1003115162
369 501 -40.755882369
370 906 -18.0522940753
370 899 -67.9762327797
370 533 -49.3060367247
370 539 -68.6586275287
370 677 -23.2645329521
370 433 -46.2059993027
370 829 -62.1336080554
370 456 -30.5473883111
370 590 -37.8503741906
370 463 -51.4544091551
370 851 -42.471978922
370 597 -44.0388094807
370 606 -22.5736061904
370 761 -29.809761855
371 388 -16.6449847004
371 667 -67.6616159307
371 679 -12.1175676541
371 552 -28.0964431699
371 683 -12.1475703496
371 812 -16.9574134955
371 686 -44.5264837187
371 435 -54.6887363852
371 570 -65.6307824539
371 716 -12.8142433794
371 467 -53.175397228
371 472 -54.0757983667
371 602 -33.9142300578
371 859 -25.9271498982
371 875 -44.5781473679
371 752 -27.1049182125
371 377 -28.1050430086
371 378 -47.6790360363
372 515 -61.7462583905
372 519 -76.832680287
372 392 -30.7135098379
372 655 -60.9051000181
372 914 -85.6082188345
372 668 -18.779808029
372 676 -30.072900567
372 812 -14.1768439727
372 813 -20.5918924553
372 430 -12.5640417839
372 822 -45.5927994061
372 569 -24.0309112391
372 698 -37.2402424798
372 733 -31.5947725399
372 611 -16.4785627755
372 873 -31.2045531899
372 625 -47.5844023854
372 883 -13.8984627024
372 891 -33.512721599
372 896 -60.3938045333
373 522 -12.3297232701
373 655 -63.5618441457
373 656 -72.8187425296
373 452 -52.2032458329
373 665 -37.1938531632
373 673 -11.6364728242
373 808 -23.1835753212
373 431 -50.1540027455
373 720 -40.138322658
373 486 -40.7502185723
373 621 -19.6773104815
373 886 -15.8436318544
373 512 -38.7065687447
373 896 -42.5741340081
374 779 -33.658852373
374 537 -19.5214105678
374 388 -46.6634258897
374 409 -11.9531044425
374 411 -44.3048772427
374 930 -19.7035036411
374 580 -13.2540271538
374 455 -26.4564909412
374 458 -61.2003473
374 472 -24.7212719841
374 602 -46.1378203884
374 604 -41.6436302935
374 737 -14.1769691768
374 621 -18.3470838375
374 382 -47.6498994188
375 386 -29.8874139761
375 515 -13.8107182689
375 440 -47.8019766154
375 906 -15.1549908687
375 799 -58.4927113821
375 558 -15.4060667652
375 561 -75.7869472302
375 443 -29.3015291659
375 829 -82.7633378168
375 711 -39.9208964918
375 844 -28.8096890117
375 590 -23.5515871056
375 591 -30.2924928836
375 471 -12.7958720294
375 612 -24.9566814165
375 615 -11.6609853938
375 756 -15.027600337
375 885 -23.7006671841
376 650 -50.0779720272
376 403 -66.2966699556
376 722 -65.6887745539
376 779 -12.7725794079
376 448 -28.1985563269
376 867 -20.431512744
376 619 -14.3851272786
376 752 -32.87575346
376 625 -24.3470425259
376 767 -41.699490942
377 391 -75.491660316
377 394 -63.1808933953
377 655 -16.3753723396
377 784 -38.7711446251
377 401 -25.6477469118
377 916 -61.5099202896
377 547 -65.9594313598
377 551 -31.4409263311
377 944 -24.0047218994
377 715 -20.1465187707
377 600 -39.7335785771
377 606 -29.1628019027
377 609 -68.5090095743
377 874 -43.939140896
377 505 -70.1579744021
377 762 -18.7657104714
378 899 -28.6792741827
378 516 -21.5665458046
378 389 -35.7445015563
378 538 -24.7912638081
378 925 -39.3203353876
378 549 -15.4238196356
378 557 -26.1974199725
378 580 -39.1768451264
378 478 -19.8330519933
378 496 -46.5014072614
378 628 -77.5960417239
378 504 -44.7836487961
378 765 -48.4254188971
378 384 -70.9850509433
379 907 -33.6081382885
379 807 -19.4158833718
379 940 -49.6146266145
379 945 -22.2409460886
379 437 -19.1662530663
379 442 -72.9202274371
379 449 -50.0220945769
379 461 -13.489939007
379 863 -12.7473142759
379 608 -25.0574573543
379 872 -25.1415389054
379 873 -30.066727645
379 750 -39.7631727889
380 917 -23.9702549654
380 412 -14.1058506396
380 413 -34.4053621378
380 414 -42.2380349115
380 543 -27.5441305825
380 672 -58.3471281142
380 678 -32.182215742
380 679 -56.2261353355
380 555 -26.5017488426
380 431 -32.2738285773
380 439 -41.6232827555
380 800 -22.5396425315
380 583 -45.3447466375
380 458 -15.6871055857
380 844 -44.9952956659
380 733 -10.8236162125
380 881 -51.3367550482
380 499 -11.2587569885
380 889 -33.4659843353
380 939 -35.4224387114
381 388 -44.4976056047
381 393 -44.4523672389
381 780 -30.8893054615
381 644 -28.6142961728
381 796 -79.3485210787
381 801 -13.6585918286
381 932 -18.584312151
381 925 -34.6507060299
381 556 -35.2249876675
381 804 -16.1473793281
381 731 -61.1230019265
381 604 -48.579468271
381 485 -31.9312060951
381 887 -56.2766717575
382 517 -10.2046223653
382 406 -37.1823265144
382 829 -69.431957012
382 838 -10.0800973178
382 714 -41.1720087446
382 593 -21.8196672796
382 601 -15.4042518972
382 613 -13.3328365191
382 860 -54.5263288335
382 611 -43.5934794375
382 741 -55.1439234231
382 871 -18.9352631918
382 615 -57.907183268
382 490 -37.8073865984
382 889 -20.6702458318
382 506 -77.1413216057
382 894 -17.8307569801
382 383 -40.5863198267
383 900 -17.1484787612
383 524 -14.0089546469
383 793 -48.7476820639
383 670 -64.2915048722
383 671 -32.0101864947
383 416 -61.6829155828
383 674 -14.253722793
383 420 -67.7105075658
383 443 -37.0081440428
383 578 -41.282569774
383 584 -74.068903654
383 594 -54.5420415778
383 863 -23.4628838174
383 608 -22.5551104266
383 510 -16.4531638791
384 772 -77.3456629687
384 518 -31.3359238491
384 412 -25.080509715
384 670 -55.0355900414
384 936 -21.0172971015
384 471 -45.7010107131
384 810 -50.5005662137
384 825 -38.8227561012
384 704 -52.5018747131
384 450 -55.6248344796
384 588 -44.8189482791
384 589 -20.721151732
384 469 -48.0132622661
384 736 -35.9535937606
384 738 -81.8246647827
384 760 -30.4790294652
384 761 -50.956368838
385 791 -26.0713295797
385 436 -16.0743227283
385 442 -26.9152912791
385 572 -44.7063467351
385 709 -58.8247395475
385 589 -26.4101599715
385 849 -46.0888699924
385 723 -12.3064382624
385 852 -10.6434083054
385 732 -68.077567406
385 744 -22.4093193439
385 502 -22.7087217137
385 894 -29.5876579034
386 649 -52.0712296485
386 660 -43.4476383148
386 411 -31.5381737849
386 539 -42.2421299081
386 671 -10.437429997
386 672 -13.4254446097
386 807 -68.1222648
386 428 -22.2772835961
386 827 -60.231427556
386 836 -28.1479945286
386 850 -34.9633964115
386 679 -77.5738021831
386 492 -67.2377895081
386 630 -44.1551023721
386 510 -18.7070146534
387 772 -86.5841747886
387 903 -67.3720614782
387 792 -39.1603508455
387 414 -12.8245048928
387 554 -67.1924973907
387 685 -31.2925383204
387 456 -32.4668943375
387 841 -57.6767963044
387 729 -44.375590316
387 482 -39.6213346784
387 740 -52.8057938401
387 880 -73.1357427404
387 809 -32.8196042112
387 883 -33.6408041919
387 885 -48.5555482496
388 599 -33.012791703
388 651 -62.5304917517
388 797 -39.5919782949
388 518 -29.2670393444
388 547 -13.4696625375
388 549 -39.5895252227
388 820 -47.7031293521
388 566 -18.2793944497
388 589 -24.829107982
388 730 -40.0396126333
388 869 -19.4030699233
388 747 -29.3041070575
388 766 -43.6564992679
388 896 -42.588372697
389 774 -63.0744891441
389 857 -18.5891966637
389 531 -39.4615871938
389 542 -48.0149148405
389 802 -39.9702545817
389 583 -72.2237149026
389 425 -54.0837717549
389 939 -58.04453381
389 813 -23.3153406725
389 701 -50.4628587305
389 836 -46.4792016776
389 839 -19.3174121105
389 456 -26.1439636321
389 459 -22.8648456979
389 601 -39.7441519683
390 897 -13.9373534602
390 398 -42.4512889242
390 785 -46.4724120561
390 540 -27.1412405344
390 670 -18.4952536023
390 924 -34.4673480703
390 805 -29.4008063176
390 423 -25.857016016
390 689 -20.5468285411
390 566 -32.0962261733
390 702 -77.3609426158
390 839 -23.715026048
390 842 -14.1424472822
390 459 -45.1780032735
390 467 -25.734079015
390 855 -15.7306798517
390 720 -17.5634527072
390 496 -70.3610362722
391 641 -75.1962717696
391 660 -42.275167119
391 418 -73.9113094735
391 584 -42.5101295884
391 855 -17.601697917
391 476 -21.8293151436
391 749 -76.0997906584
391 507 -52.1356692756
391 636 -68.3494035051
392 897 -38.4696793677
392 902 -50.138668073
392 647 -18.4454851101
392 650 -39.4000157797
392 412 -32.0004165526
392 546 -39.3619253301
392 427 -44.7729791222
392 823 -13.9461384531
392 725 -35.8959000077
392 895 -26.8354496485
393 772 -53.7072038543
393 657 -32.1950452891
393 422 -64.8070186342
393 939 -11.1931610226
393 685 -71.1889592717
393 566 -62.6204319273
393 842 -85.0352648999
393 592 -23.1488949197
393 593 -16.9889883262
393 852 -41.486979819
393 721 -68.2734337521
393 744 -33.6401514709
393 505 -55.0208070984
394 772 -67.9779959844
394 519 -55.7004767589
394 523 -25.2572283943
394 397 -40.5949058098
394 658 -15.8795346363
394 410 -16.1177368973
394 806 -20.1957827261
394 429 -23.6487052027
394 823 -69.7480366646
394 696 -19.2271890563
394 570 -53.9841783083
394 845 -72.6721788371
394 849 -38.1946451496
394 603 -18.4261378938
394 738 -37.5065484128
394 627 -28.3917721946
394 635 -27.9365796087
395 659 -83.0640914915
395 797 -19.8172025024
395 927 -36.3620681474
395 928 -66.2868573986
395 418 -39.2146644514
395 551 -15.1657023283
395 557 -10.8204680235
395 700 -25.4312523195
395 459 -21.5828628472
395 673 -37.9629298528
395 587 -46.8678114382
395 471 -31.0784899463
395 606 -77.7058801645
395 875 -24.2536912786
395 508 -32.4861578148
396 897 -12.4505248315
396 643 -15.2913948557
396 906 -31.184747542
396 798 -14.049203115
396 678 -20.184597749
396 559 -76.2386474591
396 826 -52.2083469931
396 445 -18.7211876199
396 706 -73.9785152973
396 590 -36.4516857565
396 606 -19.0433539364
396 500 -18.0438598495
396 629 -12.8962876024
397 769 -41.2599223259
397 651 -49.1727548525
397 657 -21.1271000701
397 541 -32.9378648192
397 438 -37.348491591
397 826 -35.8195962012
397 460 -24.7788704713
397 601 -18.8228368551
397 475 -46.8051136897
397 743 -14.094600853
398 517 -59.2651712439
398 916 -23.8558001465
398 539 -43.8191701947
398 548 -27.3690874943
398 700 -62.5560592437
398 835 -44.4960932053
398 714 -12.3637936548
398 846 -61.0502323315
398 721 -23.2200921122
398 759 -77.2857881015
398 637 -55.4487649098
398 768 -48.3759777503
399 513 -32.784107665
399 790 -49.8847984273
399 416 -56.1242115227
399 674 -34.4371853166
399 795 -37.3788667178
399 688 -38.200918296
399 567 -13.9716902795
399 570 -30.2007764134
399 585 -52.5921807043
399 486 -29.6969920589
399 489 -51.0413911929
399 879 -51.8274168001
400 770 -18.6675808116
400 771 -18.0381550562
400 906 -39.8525239283
400 787 -24.1860558846
400 916 -63.6937047114
400 543 -41.2735811853
400 811 -47.0889927512
400 433 -21.3329680085
400 568 -46.3320854878
400 588 -31.5817813166
400 845 -27.7830366477
400 462 -14.7069700934
400 552 -37.7944543257
401 898 -39.5598455411
401 527 -20.4249268656
401 785 -13.4766261082
401 667 -38.8306242576
401 542 -35.2344372487
401 931 -78.4025106242
401 933 -56.1439658076
401 687 -63.6573743236
401 699 -67.5817774298
401 457 -19.8133715324
401 850 -55.699538733
401 613 -43.7916420547
401 618 -51.1404284205
401 620 -26.4953221221
401 622 -21.8778654783
401 880 -59.7742664019
401 762 -33.751692801
402 941 -79.7647696211
402 911 -43.9101620297
402 784 -34.6436398078
402 923 -54.2583136537
402 412 -54.0183684971
402 668 -53.8392149338
402 424 -22.6918933193
402 520 -36.2971539153
402 813 -48.9613742583
402 434 -22.4509359698
402 435 -24.2605597557
402 854 -58.8273439818
402 749 -34.2218015673
402 893 -32.9394988958
403 663 -28.4139485739
403 529 -31.0424284589
403 786 -38.7186077523
403 407 -37.131679117
403 544 -13.3698351257
403 677 -21.7662417504
403 809 -36.2080791609
403 426 -64.0728159042
403 414 -22.9093738498
403 699 -23.4077722677
403 760 -30.9168469497
403 494 -14.50591302
404 897 -46.5248176423
404 642 -53.6005038996
404 651 -19.073750727
404 411 -28.4740007876
404 543 -63.4670399951
404 806 -30.8585919681
404 883 -23.3413867745
404 714 -31.9088201454
404 715 -19.3733740921
404 596 -58.7350087904
404 729 -48.2064190169
404 746 -15.8247820413
404 627 -16.1202948341
404 629 -16.7624736676
404 502 -65.8745607241
404 894 -24.05882358
404 896 -58.797784675
405 646 -53.3174679287
405 924 -79.2950399624
405 544 -22.9400765764
405 565 -34.6187093213
405 566 -14.9365949316
405 800 -61.7098809948
405 448 -35.3018684554
405 453 -14.5854508254
405 594 -65.7405084127
405 467 -22.8839731137
405 468 -12.1851317565
405 729 -36.0858691741
405 608 -24.554941274
405 869 -42.8225929849
405 614 -32.4817466727
405 747 -39.0769876067
405 756 -25.7572314304
405 406 -66.1812931074
406 897 -21.6534814108
406 515 -36.7408546671
406 906 -13.205214079
406 814 -44.1924964795
406 666 -17.4470807363
406 415 -12.9313723026
406 930 -13.0572214789
406 424 -49.9879717017
406 942 -42.4448348257
406 945 -53.9549597409
406 833 -37.5119070705
406 841 -12.2835900969
406 852 -53.0986505979
406 470 -40.0375284611
406 477 -15.2175023543
406 744 -10.3901273986
407 645 -29.7451788502
407 907 -14.1240927163
407 932 -34.516820132
407 680 -25.8351322765
407 685 -43.4918061113
407 697 -26.0043301578
407 701 -48.3625257387
407 702 -35.5269243388
407 472 -62.452638276
407 933 -14.6178725246
407 861 -21.0614533115
407 739 -19.4763904208
407 491 -31.9885863632
407 621 -55.6399123011
407 626 -24.5995751677
408 652 -11.5146284475
408 660 -18.7371271375
408 804 -13.4079196116
408 943 -65.4752811057
408 439 -34.6238523159
408 833 -16.2101761298
408 875 -14.6581460057
408 877 -79.8991668647
408 632 -13.792023698
408 633 -12.9128173572
409 787 -56.5704027912
409 410 -26.95633722
409 416 -65.1247529867
409 479 -32.6892436955
409 574 -27.6671861127
409 579 -69.4585329827
409 597 -73.1902421724
409 738 -41.4663075432
409 492 -9.68873742594
409 750 -28.6414672529
409 507 -51.3293558408
410 662 -44.7035852669
410 535 -43.9238333715
410 923 -46.9164660233
410 414 -34.1956149328
410 674 -11.8876890277
410 422 -75.7012017852
410 554 -16.0184292481
410 946 -36.0162131565
410 568 -41.9271026905
410 834 -63.2701594527
410 581 -18.9090281818
410 710 -19.9094793296
410 467 -56.4435376504
410 604 -21.5969516489
410 744 -64.6667850779
410 497 -70.5620208122
410 756 -45.8264298467
410 633 -45.6548379412
411 898 -47.5402942959
411 515 -27.0521428304
411 643 -20.4228453743
411 547 -66.9220984219
411 436 -31.9570656676
411 823 -33.7409071369
411 571 -67.9583816418
411 455 -26.0053261008
411 612 -46.7842345511
411 495 -45.4748899913
411 895 -33.2778286908
412 780 -46.4255023403
412 784 -11.6613005411
412 916 -29.6934516855
412 931 -44.7868872397
412 810 -66.8567070259
412 818 -13.7970741827
412 827 -40.7934650243
412 718 -12.8857294168
412 856 -31.9016178506
412 747 -24.9413174394
412 634 -49.2256102547
412 637 -13.4330940706
412 766 -20.4895588759
413 460 -28.1901396401
413 718 -28.094707348
413 733 -49.6426218816
413 490 -32.5453048218
413 749 -51.1162807744
413 759 -24.9970594177
413 682 -30.5816118391
413 768 -18.6409344607
414 666 -17.4773966989
414 543 -80.2163083107
414 677 -66.3656395355
414 807 -78.0861682328
414 555 -49.3709470186
414 572 -14.9640730611
414 708 -14.1420002005
414 719 -15.5526286417
414 721 -21.5498138318
414 855 -80.7671943745
414 608 -76.0519493047
414 749 -41.8727601436
414 659 -59.386720268
414 879 -62.7420001443
414 496 -69.1646797261
414 501 -32.754885705
414 761 -47.3122606718
415 784 -20.2089432127
415 915 -16.5978932866
415 752 -73.076714917
415 672 -25.1273866257
415 801 -45.8438661468
415 559 -53.4177956084
415 442 -30.0644734078
415 478 -26.0210170588
415 868 -60.8313384595
415 492 -34.108826128
415 880 -23.0913637476
415 626 -23.2634765732
415 500 -20.3367222702
415 757 -49.4611947938
416 899 -10.5340545915
416 666 -14.2794283825
416 670 -36.8034761914
416 803 -23.6109057425
416 604 -16.3024481435
416 806 -38.345355442
416 480 -24.2122567874
416 655 -61.8404872489
416 831 -29.9982920655
416 451 -41.1304203
416 860 -31.1159171515
416 622 -49.2863258385
416 758 -63.312795517
416 892 -65.5999705171
416 639 -10.1465760221
417 769 -32.373905841
417 577 -13.4453282651
417 776 -10.3344143998
417 912 -44.5192183786
417 662 -37.8273445782
417 680 -24.3238581802
417 812 -37.450847372
417 440 -44.0737926562
417 449 -15.7200202827
417 451 -51.6822072818
417 839 -19.8815390679
417 464 -40.1128537664
417 467 -37.0097352714
417 599 -24.7397107739
417 856 -39.8559203934
417 601 -55.9932489521
417 740 -11.2095020347
417 755 -76.1635618227
417 631 -45.2969406164
418 901 -70.7721818361
418 778 -43.6714874621
418 545 -10.7393694688
418 679 -12.6800042055
418 810 -49.0293884391
418 559 -11.025592328
418 689 -25.1113510018
418 563 -16.4822978116
418 823 -28.2459051071
418 700 -48.4279735646
418 837 -19.1828870263
418 595 -44.5991110715
418 859 -36.7302645042
418 495 -10.617172816
418 503 -15.7631279013
418 506 -73.9691609586
419 649 -76.8802741922
419 929 -75.626996864
419 805 -23.4950093846
419 937 -21.5263926151
419 441 -35.523024776
419 729 -24.423644817
419 732 -22.6860084747
419 862 -21.734809522
419 494 -27.4737044903
419 427 -14.3428432865
420 648 -28.0887506562
420 910 -70.1932974125
420 783 -14.5759162051
420 531 -68.8414343724
420 792 -47.6032773526
420 671 -33.7549841552
420 423 -19.9430035377
420 814 -42.0857650528
420 436 -53.1330439408
420 607 -39.4009921204
420 831 -53.0036010269
420 457 -35.1958656663
420 464 -16.2881855074
420 885 -30.9636586951
420 638 -43.6156609976
421 525 -69.6395783842
421 782 -81.6317161011
421 792 -34.1537393862
421 799 -31.5673748358
421 803 -16.9625107207
421 688 -73.7347478964
421 591 -42.4453971869
421 465 -15.7038844051
421 604 -14.0533666554
421 612 -20.290835109
421 757 -28.6903686332
421 631 -54.1018438521
422 645 -12.0742281397
422 646 -30.064737192
422 788 -27.9505922342
422 918 -61.5178556021
422 940 -31.8708005298
422 429 -21.5905937004
422 440 -28.1492907476
422 830 -55.4275525024
422 832 -11.3529545911
422 458 -28.2156799677
422 589 -22.3955576673
422 859 -43.9090008834
422 736 -25.3806061029
422 618 -85.8059045069
422 626 -28.9125865389
423 641 -15.7927753388
423 529 -20.4844999604
423 786 -59.3960445459
423 533 -13.8683019989
423 921 -55.2863071713
423 538 -56.0405093188
423 668 -34.894449488
423 432 -20.7385886784
423 691 -82.9489706064
423 439 -49.6359590738
423 569 -69.8300551199
423 844 -42.8650634404
423 461 -31.7998724228
423 603 -15.021921327
423 877 -69.7946736927
423 499 -33.5348945567
424 774 -21.3104900902
424 775 -33.3454570154
424 529 -16.8304665726
424 929 -29.2090251052
424 552 -78.3297104469
424 890 -48.5378976445
424 736 -22.8419828321
424 614 -17.3999878012
424 875 -67.0322601249
424 879 -49.7493349027
424 499 -35.8864209166
424 495 -18.3813154605
425 906 -11.7572739226
425 934 -39.2853310055
425 432 -25.6060757789
425 703 -16.8085926863
425 833 -39.631456172
425 719 -27.3839368954
425 585 -51.9929608557
425 589 -55.3787448649
425 847 -43.3925921334
425 481 -10.9578930212
425 884 -28.0745454892
425 759 -22.4232827956
426 641 -53.0302349453
426 647 -49.3716121047
426 782 -10.6869049215
426 536 -14.4853454272
426 927 -12.871293637
426 815 -37.3793551294
426 561 -35.6942372785
426 435 -18.2685796377
426 577 -33.8733737853
426 844 -19.9449445644
426 468 -41.6830478801
426 737 -40.2828163468
426 612 -21.1082082431
426 491 -14.5447227332
426 623 -33.5124154882
426 624 -30.6948070523
426 499 -35.7345849102
426 632 -39.1674846358
426 892 -59.3531308976
427 684 -45.9062395103
427 646 -23.1000051528
427 650 -84.3080662238
427 651 -58.2507770526
427 431 -48.9096964999
427 458 -54.5690876168
427 842 -15.9906151122
427 692 -15.26896961
427 567 -53.221612984
427 586 -35.6318958723
427 829 -34.073472196
427 714 -14.8884472177
427 863 -46.6921837076
427 639 -27.4983754279
428 652 -13.9015871777
428 915 -23.5847996554
428 788 -14.6155123874
428 552 -20.5181603739
428 437 -16.1635591099
428 696 -29.0277281446
428 587 -15.7170119023
428 874 -45.2956202549
428 880 -13.100691028
428 501 -22.0189033402
429 771 -59.1765664976
429 903 -84.0881139252
429 911 -40.6141104565
429 657 -27.6156939804
429 675 -80.6438520009
429 939 -15.2658879335
429 627 -33.9059654637
429 688 -38.796259272
429 823 -71.4647322128
429 460 -53.2044428109
429 463 -42.467501532
429 867 -27.3333952407
429 874 -34.8459190247
429 761 -88.3813245645
429 639 -10.1486146544
430 664 -22.9921158024
430 910 -73.0170131508
430 660 -16.3274489816
430 794 -13.1497025467
430 552 -67.7844928963
430 558 -52.4368766736
430 711 -46.1339553248
430 586 -41.0299468304
430 845 -39.6803464718
430 481 -67.046337305
430 484 -33.4176068634
430 620 -41.3312146961
430 750 -20.102852031
430 887 -69.8185090275
431 648 -26.1848910276
431 778 -44.2999804392
431 927 -12.6627265625
431 800 -59.6476748411
431 802 -78.6690241167
431 553 -41.756412049
431 555 -18.1943091044
431 830 -43.8772269653
431 546 -58.3104734237
431 715 -19.9272504165
431 718 -34.995920046
431 748 -33.2445141941
431 753 -18.418390687
431 506 -45.9843860969
431 635 -19.1541946463
432 521 -47.2128149656
432 804 -55.5259996043
432 933 -22.5873134917
432 819 -35.9669811729
432 723 -61.79924362
432 489 -13.6288392438
432 621 -35.758503366
432 497 -51.4927498092
433 903 -41.6970521643
433 653 -11.8201980413
433 800 -16.5197978106
433 551 -58.3632638761
433 649 -16.5779102024
433 571 -22.6495613709
433 577 -33.3490115704
433 583 -48.5750482893
433 860 -16.4717119975
433 466 -12.3371479688
433 497 -27.7074662433
433 754 -39.8985481184
433 789 -10.3308280976
433 764 -18.652759149
434 514 -12.5259769463
434 772 -45.8869049482
434 902 -40.4741123807
434 622 -48.907261783
434 925 -15.5577121089
434 436 -22.3130050328
434 599 -45.5822934691
434 603 -22.8300658919
434 606 -17.1119118231
434 492 -14.1703275807
434 500 -49.5912142988
434 509 -16.7266366412
434 639 -29.3687183332
435 653 -58.5386140088
435 541 -55.8297617373
435 679 -22.5718255914
435 810 -27.9800662302
435 819 -9.1520867279
435 830 -13.854292282
435 456 -61.1843162874
435 740 -31.9188799521
435 873 -23.9863835511
435 747 -76.165645418
435 884 -33.4524877107
435 629 -10.7146150789
435 768 -37.8540956915
436 791 -34.7033596371
436 793 -38.6617554912
436 676 -41.5038752204
436 563 -46.7381157653
436 804 -60.3097952079
436 734 -79.3763229185
436 739 -20.7657065431
436 740 -30.487070962
436 631 -31.5809143829
436 635 -52.536161168
437 670 -33.154650979
437 922 -84.6221302426
437 539 -21.4469678397
437 668 -25.7446644933
437 544 -22.442444141
437 438 -31.867030026
437 568 -44.3325642768
437 710 -13.572584614
437 460 -31.0106149863
437 474 -81.6663281572
437 737 -17.7561513261
437 611 -32.9295581667
437 755 -31.9363934731
437 756 -71.4332379386
437 889 -82.0099445252
438 513 -30.1180339309
438 521 -32.0583539243
438 560 -12.5151373618
438 942 -36.9358081921
438 943 -35.5988416368
438 816 -47.0675262606
438 699 -22.2191949488
438 451 -37.5895279093
438 460 -62.0341295713
438 844 -70.5591646662
438 861 -13.6656844636
438 490 -61.7437804206
438 620 -17.9484656061
438 882 -17.7215265491
438 756 -24.1464079376
439 556 -19.5737783052
439 904 -58.5011709753
439 528 -45.1937740421
439 790 -29.2971394057
439 791 -16.968123522
439 676 -14.2977118503
439 813 -37.3106411182
439 942 -39.6138521903
439 833 -23.4397577824
439 457 -31.4441168779
439 782 -21.2458294567
439 757 -12.6368157961
439 765 -47.969438147
440 774 -53.4293615026
440 923 -39.9312877905
440 946 -35.972014075
440 833 -37.2576113006
440 709 -32.4156830546
440 503 -28.6389881974
440 853 -46.2236448338
440 599 -23.0458356981
440 871 -24.750568494
440 876 -20.5731201271
440 495 -86.6917892115
440 631 -45.1087589071
441 643 -33.1797667786
441 919 -54.070779232
441 684 -55.4497857762
441 685 -15.547379413
441 814 -61.6623454838
441 455 -79.1259330764
441 841 -31.950160207
441 635 -25.0266740508
441 610 -46.6885182458
441 483 -52.2738540464
441 870 -49.8296940801
441 763 -14.8411698005
442 642 -17.406104305
442 517 -18.0241394423
442 662 -70.0841578817
442 795 -29.4321529346
442 690 -34.4807083272
442 810 -51.4933289729
442 567 -58.9980589495
442 824 -20.1917618899
442 826 -20.1605603038
442 446 -83.6382899247
442 448 -32.8053516076
442 471 -30.9379515338
442 496 -29.3275979104
442 501 -33.9994214915
442 886 -38.643049071
443 769 -46.9119934837
443 900 -42.1762506644
443 785 -50.6928090156
443 552 -36.6263589837
443 562 -65.8340184765
443 826 -20.9482166034
443 453 -24.1400083794
443 759 -15.202748558
443 716 -29.4417815551
443 599 -40.7887569589
443 857 -22.6025613393
443 499 -31.35877132
443 762 -26.9689370708
444 649 -66.9024843659
444 913 -80.0730437494
444 918 -42.4372665322
444 560 -49.5711471008
444 796 -51.1742795288
444 670 -13.6279120627
444 926 -60.9754699795
444 566 -11.9675500992
444 587 -60.3090590347
444 722 -28.2421630959
444 723 -26.7798385005
444 599 -16.5004055593
444 603 -76.8374691911
444 868 -16.6158930207
444 618 -68.630986175
444 753 -14.5262067003
444 498 -21.5380089073
444 532 -24.3808221235
444 888 -9.5661307461
445 784 -37.3427844346
445 789 -15.3690993851
445 545 -38.5520002363
445 562 -28.2367285202
445 946 -44.2956815809
445 845 -40.4669430836
445 719 -46.7987279535
445 468 -39.7239723592
445 470 -21.1015054034
445 727 -32.9010366402
445 746 -50.2978623886
445 632 -13.8069981882
446 708 -39.831004064
446 792 -17.5879448671
446 545 -58.3125288458
446 807 -39.8205442814
446 556 -49.2010001111
446 824 -10.5435075541
446 473 -54.0016618516
446 869 -13.2300802789
447 514 -73.9010028703
447 912 -17.0928478903
447 917 -57.7146276
447 687 -21.8236284687
447 799 -63.883323833
447 928 -21.4214433635
447 935 -20.6065763907
447 672 -25.6236413849
447 559 -76.9856155461
447 573 -65.9739114543
447 703 -69.5815695519
447 871 -57.0141999331
448 522 -19.524591112
448 912 -44.7763775435
448 657 -43.7007586856
448 791 -70.7722484816
448 542 -31.0671209303
448 647 -68.460705119
448 686 -12.7078857524
448 583 -73.5282198812
448 584 -27.0016545819
448 459 -25.4201013795
448 845 -58.9060569978
448 610 -17.0172849357
448 766 -20.0145778868
449 901 -14.3862718203
449 538 -42.9892631994
449 550 -49.5998191184
449 683 -67.3259702095
449 690 -41.3368883144
449 694 -30.298830842
449 700 -25.4112002804
449 831 -31.6659315326
449 832 -20.6989911124
449 929 -30.4069241513
449 734 -22.9808868286
449 736 -48.9927711069
449 485 -10.4894534477
449 870 -17.3668703326
449 750 -41.3581352844
449 757 -39.5754903297
450 522 -57.2987110625
450 666 -40.9867502931
450 677 -57.1661123629
450 813 -47.2395353608
450 863 -19.9896266192
450 569 -19.5174309273
450 698 -50.0118076126
450 835 -47.0895537931
450 836 -73.8308109101
450 840 -57.7126620956
450 842 -26.6040729606
450 607 -27.1280151169
450 738 -12.62602271
450 611 -46.2671767404
450 882 -44.8535837783
450 627 -12.2304021437
450 892 -37.4178866509
450 639 -40.064918401
451 520 -23.1160471442
451 522 -68.0223112788
451 779 -46.0224240509
451 795 -14.1897626304
451 681 -61.342495933
451 564 -40.5383037097
451 701 -54.3455682127
451 706 -41.2351053074
451 707 -13.9160353948
451 458 -26.4572735152
451 726 -36.9350118468
451 741 -46.4809506053
451 617 -42.4182874489
451 751 -41.1083232809
451 635 -44.8725461259
452 518 -25.4077739841
452 541 -38.370078164
452 801 -73.117720611
452 577 -29.1472488449
452 929 -68.7619245684
452 835 -16.4323912212
452 930 -18.2032251659
452 880 -40.6338888268
452 500 -30.7114447573
453 517 -16.5429779717
453 653 -76.701463765
453 655 -18.0518594208
453 791 -19.4587453004
453 665 -36.6074762845
453 668 -64.4195233125
453 677 -45.9997851628
453 692 -36.1080020021
453 760 -16.8926881858
453 718 -11.699949976
453 602 -18.6650801533
453 732 -17.1273754082
453 485 -30.8876728312
453 752 -41.5614111567
453 759 -84.3987348427
453 632 -18.3689753999
454 898 -34.8154425161
454 915 -30.6201766145
454 550 -44.9168004712
454 684 -60.7735577956
454 688 -20.9185496817
454 573 -19.5230311908
454 607 -56.2701471011
454 616 -27.3851686199
454 617 -16.7964431403
454 746 -33.2270813649
454 622 -17.6352753958
454 758 -17.8095461777
454 637 -35.5037442949
455 902 -72.591961077
455 778 -62.3727669071
455 781 -19.5113762396
455 535 -79.1794571791
455 671 -20.690842749
455 813 -81.5565884408
455 688 -24.0827640525
455 825 -40.6714177691
455 704 -56.329064961
455 581 -50.2857443877
455 847 -48.2802614992
455 592 -15.0983009946
455 571 -40.684190721
455 750 -45.2564226934
455 753 -45.8959923668
455 763 -49.2293615497
456 662 -38.2581232532
456 663 -44.8440040317
456 804 -31.0413072325
456 685 -23.7761079628
456 688 -12.2466411386
456 466 -37.4522671684
456 741 -56.5788546035
456 891 -9.62286041574
456 892 -28.1498795411
456 765 -14.756974059
457 531 -43.2162149166
457 534 -39.5657230299
457 792 -30.3394343712
457 926 -13.9535329749
457 799 -13.737753995
457 546 -20.3968313211
457 810 -36.9879559522
457 684 -27.8308170145
457 685 -37.647358946
457 688 -55.4272265002
457 828 -10.5222305718
457 674 -23.4871648578
457 854 -23.5266557182
457 475 -67.0378972675
457 860 -48.8798356639
457 734 -34.2004617891
457 500 -54.2987342913
458 514 -29.1672872272
458 644 -51.1296621221
458 782 -25.5831551224
458 786 -25.6178410056
458 535 -10.3839016515
458 769 -16.5694169317
458 801 -25.7196041699
458 675 -21.6419036598
458 676 -29.5215816575
458 806 -80.286483572
458 940 -41.3395776992
458 685 -10.9498920543
458 758 -29.5511947489
458 887 -70.9024133446
459 600 -70.3098351151
459 527 -21.1812094103
459 661 -14.2029667406
459 925 -80.8905319613
459 801 -38.5707522735
459 939 -27.5013846855
459 728 -67.0549681205
459 480 -39.0791085596
459 737 -79.9822117703
459 873 -46.4413504697
459 874 -45.9170647734
459 492 -38.727090531
459 494 -15.9968453354
459 888 -78.9487227169
460 926 -13.4858773681
460 558 -28.8645482181
460 944 -14.8104456611
460 563 -76.1355658623
460 564 -34.2561003704
460 839 -13.5037468053
460 848 -24.8372395902
460 601 -12.4080448197
460 614 -42.22889567
460 498 -11.2914273566
460 885 -59.3150238306
460 760 -61.1816027166
461 514 -41.5807693289
461 599 -53.6064751634
461 778 -70.7477382992
461 656 -44.8372109423
461 657 -31.1723432501
461 916 -19.444868805
461 669 -12.1754397739
461 549 -49.8299063127
461 713 -14.9799035132
461 752 -34.6120676457
461 501 -48.2309058056
462 901 -26.0286362691
462 776 -77.9886461869
462 523 -54.2996989471
462 929 -20.4736383144
462 625 -43.5406322146
462 675 -13.9698782901
462 935 -57.3776329761
462 520 -48.5427719819
462 611 -68.9109900821
462 467 -21.3529779322
462 476 -62.4401507225
462 739 -61.3025992022
462 742 -69.3819133103
462 496 -71.5768099427
462 503 -56.539587004
463 513 -26.9082701007
463 796 -20.3415201358
463 547 -74.0340242123
463 682 -24.3385121398
463 946 -22.103618781
463 837 -28.9739440941
463 714 -19.0627326799
463 849 -34.9153953131
463 467 -52.3084805736
463 600 -49.9249788902
463 607 -12.1081751498
463 612 -47.0211083369
463 486 -40.0119511156
463 896 -38.4866560901
464 641 -13.4817985036
464 772 -26.6029483693
464 646 -52.1676617328
464 522 -76.0456251922
464 664 -52.3997908913
464 926 -47.9254673548
464 934 -36.4761471286
464 811 -39.4804002228
464 798 -14.5474071775
464 692 -41.9013011876
464 840 -23.9706089798
464 859 -56.0151479282
464 734 -15.2266649728
464 735 -21.1930731826
464 494 -65.0894449285
464 626 -19.336814131
464 640 -22.2397514742
465 770 -62.6730832534
465 516 -55.3680099644
465 795 -36.4676781482
465 804 -29.9771433274
465 936 -34.6592284977
465 477 -21.2914409723
465 705 -9.88568483334
465 596 -36.4543263584
465 607 -15.3117708441
465 865 -44.3374175837
465 867 -13.6375671487
465 620 -11.8394780071
465 767 -35.9318282437
466 643 -60.0294645629
466 518 -51.7830536927
466 493 -21.9447954976
466 804 -39.1009919476
466 817 -44.7725262842
466 690 -22.0743657492
466 719 -16.7070132149
466 608 -34.0007424328
466 740 -44.9888987726
466 881 -25.8168989489
467 522 -37.2023904895
467 537 -33.8853589505
467 799 -46.4890037766
467 826 -29.9992251671
467 707 -18.8510184261
467 605 -14.2884370746
467 494 -42.0853791225
467 502 -40.6094697564
467 631 -76.3075668969
468 770 -70.6880457401
468 910 -18.0081300394
468 786 -40.6198798374
468 787 -33.9608689606
468 933 -61.8245484224
468 806 -40.9160861303
468 807 -31.2584216139
468 681 -24.6427307837
468 811 -48.8741998209
468 591 -69.8108469906
468 850 -73.1378188485
468 677 -44.5913949732
468 475 -11.2015939065
468 605 -15.8764043536
469 903 -56.1463576238
469 879 -15.4192291445
469 820 -30.2448603454
469 540 -73.1605741052
469 574 -20.213401848
469 598 -49.3449571602
469 869 -21.4770252008
469 621 -54.7003145438
469 753 -57.4449738087
469 509 -45.888056556
469 511 -34.1211683193
470 897 -34.5365367071
470 769 -30.4361867981
470 643 -77.9589044724
470 787 -22.2516754998
470 916 -21.3622817994
470 858 -10.9446758439
470 796 -26.5945021578
470 926 -62.4337360061
470 543 -32.711299707
470 808 -19.6897252281
470 558 -48.4053116245
470 584 -40.5330364043
470 728 -18.2657951502
470 602 -17.2387512975
470 870 -30.9661061724
470 616 -16.7649638905
470 746 -38.7694096062
470 499 -22.9847519904
471 641 -43.7156227311
471 912 -41.9014471808
471 915 -19.508028561
471 532 -31.9808253937
471 849 -28.3779036544
471 853 -13.7657325221
471 863 -31.749811547
471 625 -55.4906302791
471 639 -19.4224778582
471 504 -37.3751562638
472 905 -17.6851388041
472 751 -23.8324587968
472 803 -17.3077361867
472 940 -38.7776798293
472 558 -54.3039812033
472 571 -20.7114297137
472 592 -55.4542142644
472 615 -12.4958318061
472 490 -16.492105013
472 753 -11.6690332984
473 658 -13.0529318438
473 533 -12.9739305787
473 927 -26.3036967909
473 800 -28.6498914112
473 802 -24.1764365787
473 553 -35.6224140257
473 938 -48.3059247755
473 555 -26.1050392503
473 829 -55.8428689123
473 579 -18.5567698158
473 930 -36.3926537039
473 593 -11.9176717589
473 474 -30.0720155015
473 871 -33.7717785102
473 488 -44.6728781525
473 889 -15.6088135471
474 913 -33.2422682227
474 538 -38.072924915
474 922 -17.360360309
474 923 -52.3059597821
474 933 -35.9901511033
474 820 -13.4454545853
474 567 -69.3568874358
474 592 -73.4541623993
474 849 -86.5125910762
474 615 -69.7144218291
474 630 -15.7251878745
474 888 -59.4383615748
474 896 -60.212775943
475 648 -18.6307105891
475 941 -26.7877373891
475 526 -70.9034276079
475 529 -29.0771911271
475 927 -24.4807118126
475 676 -54.0451756756
475 938 -49.7833297384
475 701 -20.4155943426
475 709 -23.9695742389
475 839 -43.699297447
475 593 -40.0685823724
475 730 -51.6809028549
475 606 -28.0002784427
475 873 -57.753749804
475 874 -65.3859461046
476 527 -40.0267135762
476 796 -36.2704017405
476 929 -14.1190387169
476 932 -41.0391898215
476 552 -44.6687202739
476 555 -20.9342414559
476 777 -13.3913709003
476 819 -38.1585016279
476 700 -34.268068859
476 608 -19.5078691082
476 492 -37.1394464801
476 630 -16.6698242743
477 522 -65.1708930222
477 908 -16.064423928
477 535 -24.3379666102
477 665 -27.056442127
477 669 -53.731944124
477 926 -78.1739788842
477 934 -35.1109333018
477 556 -34.1782194616
477 862 -30.9690237654
477 570 -60.1557751805
477 581 -64.795458487
477 613 -49.9014901369
478 912 -33.7447866464
478 541 -20.2679895471
478 548 -18.8755848642
478 568 -30.5143521027
478 843 -15.5257092151
478 855 -46.0048027321
478 863 -17.8182001322
478 865 -29.5883654159
478 616 -83.9030692843
478 625 -80.5073645466
478 890 -77.4295424178
478 638 -25.4029436539
478 767 -55.9781661249
479 778 -16.1012635155
479 653 -42.0298546325
479 527 -29.3158874416
479 535 -24.1996162132
479 687 -60.2063583982
479 946 -59.3111317054
479 696 -17.0182332032
479 711 -50.4941718306
479 846 -35.2421853922
479 488 -60.1046448484
479 880 -53.6716566489
479 525 -28.4195145289
480 778 -18.840464842
480 547 -57.8876354321
480 808 -32.4884304745
480 558 -50.7992439358
480 946 -43.5068629227
480 704 -12.6535047009
480 594 -36.0327823381
480 860 -79.3867479592
480 607 -45.7160676166
480 610 -80.4083265331
480 876 -26.3996851243
480 752 -10.2461330519
480 888 -69.894897831
481 513 -50.6127271899
481 904 -17.2501845674
481 792 -21.3762030526
481 935 -25.1759187119
481 564 -24.7082175114
481 722 -62.813171337
481 733 -55.5775620339
481 736 -30.2228833034
481 609 -29.140214936
481 496 -29.9108367421
481 626 -28.9289455435
481 499 -55.8329068681
481 757 -15.4373602358
481 504 -40.4673992894
481 892 -24.8961139657
481 509 -42.7749520153
482 515 -60.3258837177
482 519 -26.2380309603
482 525 -14.7907399567
482 549 -28.3584543798
482 807 -42.4769475253
482 811 -21.1998294244
482 945 -51.7707953619
482 818 -13.8712887689
482 584 -30.6404511502
482 588 -20.109501102
482 605 -14.5919725804
482 619 -15.3858829044
483 897 -60.5179004038
483 775 -36.3506128487
483 529 -30.4969048332
483 544 -54.0087674153
483 802 -27.2033901396
483 575 -14.2248661641
483 705 -13.7955501407
483 707 -29.8781301158
483 867 -39.3681275411
483 745 -43.5744999454
483 623 -29.975280863
483 754 -12.3792060014
483 628 -42.8125409701
483 634 -21.5512296623
483 896 -35.4666602647
484 769 -63.5154686364
484 772 -31.3761120928
484 528 -32.8292935354
484 918 -11.2865596006
484 536 -41.1268645675
484 540 -50.9246580927
484 554 -38.5544227055
484 576 -10.4751627067
484 723 -73.9000052046
484 616 -16.1741949763
484 618 -23.0427164552
484 622 -46.1585456082
484 888 -36.4902501225
484 790 -13.8757323072
485 530 -25.8158363841
485 672 -18.0993204083
485 679 -34.7763802725
485 682 -34.7620373393
485 946 -13.3325520665
485 574 -29.3223314762
485 871 -50.6085920571
485 627 -34.9169405506
485 634 -16.7408279801
485 638 -27.4486936396
485 767 -69.2132573233
486 898 -50.6245400965
486 652 -12.7080848321
486 920 -35.0990417385
486 800 -12.9934990722
486 808 -70.846971654
486 697 -72.1986353435
486 575 -14.0160071203
486 832 -17.5618569996
486 842 -34.8218235974
486 843 -63.2930994745
486 735 -46.8118406761
486 869 -13.8467646371
486 749 -74.7226629253
487 781 -39.5603338327
487 783 -32.9162822618
487 669 -15.3465243724
487 718 -38.6947456172
487 804 -49.8957833039
487 942 -35.5055045822
487 835 -31.5046390147
487 839 -12.9161637068
487 843 -22.0074363105
487 871 -45.1949164189
487 616 -25.3976975143
487 505 -31.3670806203
487 508 -73.5034721481
487 766 -40.6228929562
488 657 -79.2511173797
488 532 -25.2650883194
488 917 -28.3176966163
488 921 -14.9147483969
488 539 -14.0418194423
488 809 -42.9612364024
488 571 -65.6039024157
488 595 -16.3329480251
488 599 -74.6428993962
488 827 -29.862167149
488 510 -12.1040504037
489 523 -63.1381316929
489 652 -18.1735619113
489 781 -17.1485896656
489 925 -27.2722114662
489 557 -88.4332487931
489 691 -26.3791804645
489 570 -22.1973070739
489 709 -23.4695612676
489 585 -16.5945717444
489 717 -56.93443525
489 910 -21.7958781329
489 628 -24.5291314124
489 631 -13.7193618248
489 895 -13.0366980865
489 790 -30.5155080462
490 513 -21.4475950965
490 517 -17.6778933709
490 521 -32.1778676327
490 681 -24.813876429
490 684 -51.0193621136
490 824 -15.3279487137
490 833 -46.9642385353
490 710 -24.5602417914
490 846 -36.2876372436
490 864 -54.3023262064
490 865 -62.6808780607
490 749 -38.4848965944
490 625 -39.9969608527
490 762 -40.9743432457
491 658 -19.5732593704
491 532 -72.3462601975
491 692 -67.4050484644
491 922 -55.3291861206
491 679 -25.1734419936
491 698 -48.933165125
491 838 -76.0232483821
491 723 -50.8509447039
491 728 -39.222446884
491 737 -15.7720521025
491 866 -49.5042771779
491 616 -78.8526454974
491 621 -18.9740141366
492 774 -70.4654007518
492 523 -39.4503412283
492 623 -30.6817441057
492 542 -38.4287028104
492 939 -32.6703233543
492 822 -22.9296520798
492 706 -29.696389172
492 749 -52.2871847029
492 761 -26.6406346773
492 637 -61.2763303307
492 512 -45.2906345844
493 517 -57.5913878772
493 774 -66.0233517587
493 902 -27.8527176324
493 547 -32.9658911753
493 806 -49.8969364133
493 807 -42.9406911928
493 825 -18.5060202958
493 592 -44.128029061
493 624 -60.4695359849
493 505 -48.3127782513
494 909 -13.2184505453
494 530 -57.2299626418
494 658 -55.619654029
494 796 -22.3447492874
494 682 -36.7389213047
494 829 -59.9647994577
494 836 -32.776495761
494 852 -35.7419272312
494 731 -16.3954054831
494 870 -63.302764837
494 745 -78.072937083
494 751 -16.0890127538
494 634 -24.0786644632
495 914 -13.983695878
495 790 -17.8833510106
495 548 -41.6754758723
495 944 -56.0607434794
495 835 -43.1198935067
495 838 -55.6244482192
495 842 -16.8034745971
495 579 -61.3311730603
495 862 -29.7905275421
496 771 -11.877722198
496 778 -42.777449788
496 797 -36.2597597321
496 648 -23.715592498
496 817 -45.2895362574
496 567 -39.7729667474
496 708 -51.1256343655
496 717 -20.5952578817
496 724 -21.7390280787
496 876 -68.5484406602
496 626 -13.0698133708
496 507 -88.9384879597
497 772 -54.342205073
497 524 -50.9918053288
497 675 -24.7017745979
497 800 -14.8267163349
497 547 -28.8238394691
497 560 -15.7156179461
497 569 -68.5588946068
497 572 -67.5897806994
497 576 -57.5859056941
497 585 -42.6677869572
497 590 -51.192906325
497 697 -24.7123048235
497 603 -25.5905004202
497 631 -35.919256978
497 896 -47.2093138327
498 643 -44.0895291971
498 812 -47.3919022991
498 904 -56.8214992371
498 657 -40.2258599148
498 917 -29.3490944084
498 921 -59.474100758
498 543 -70.1891024263
498 934 -10.4490550237
498 552 -17.9959099521
498 799 -33.2319762642
498 575 -58.8893873322
498 714 -32.6221911459
498 847 -25.9503260072
498 932 -17.3695042037
498 604 -56.9707654394
498 609 -19.1215505557
498 754 -18.1763062658
498 756 -11.7779080539
499 513 -31.9163088295
499 778 -59.1688676015
499 937 -25.3516798403
499 814 -24.0217353608
499 943 -14.7144359943
499 818 -32.9155110138
499 591 -23.3920508812
499 863 -57.6263645405
499 867 -20.1122685393
499 616 -28.0593221131
499 598 -39.8915940918
500 533 -17.8165456592
500 805 -70.3456821175
500 941 -41.7300051192
500 700 -24.8071581525
500 740 -21.3859035618
500 652 -56.5023446667
500 744 -47.3446107421
500 625 -36.9420475365
501 643 -73.5394467027
501 527 -57.5209073888
501 660 -21.9202849624
501 663 -64.1935256851
501 552 -25.6482178305
501 700 -31.0518552935
501 853 -15.9712796046
501 728 -42.7657485449
501 606 -12.4827022549
501 619 -52.5052220624
501 886 -30.7762004963
502 902 -63.2217467311
502 909 -43.3547076718
502 527 -22.7305492227
502 920 -58.5922104606
502 667 -82.4797098151
502 668 -32.2624517299
502 806 -60.6204876826
502 696 -19.2486443554
502 705 -20.1154348269
502 590 -19.2781587832
502 728 -16.556124621
502 732 -63.3834807712
502 743 -18.9778300897
502 623 -33.1913149044
502 885 -28.658690879
503 903 -14.6986486866
503 523 -35.9790775475
503 782 -13.3636332084
503 806 -32.5300233917
503 681 -22.3823938652
503 820 -55.0789108958
503 693 -13.4793306002
503 578 -69.4770308847
503 731 -70.2611873549
503 733 -82.6060884983
503 606 -31.1376064421
503 736 -28.2894482017
503 509 -36.7202731455
504 775 -38.3993236041
504 654 -17.3965052226
504 885 -73.0856715392
504 563 -44.5682844643
504 731 -59.3521506404
504 623 -9.3905912699
504 884 -44.9607957927
504 629 -54.4098853281
504 889 -36.6167411317
505 516 -40.1050258373
505 527 -56.7122637335
505 850 -19.7992338362
505 712 -24.5736355308
505 696 -68.3514179304
505 709 -13.3186484659
505 890 -44.427365829
505 640 -38.9528283076
506 897 -38.8790817018
506 777 -41.0493315381
506 522 -46.0320353992
506 787 -44.9066862862
506 815 -30.4094882146
506 929 -30.0162593018
506 677 -40.5873810714
506 818 -37.2791842165
506 577 -56.1955156035
506 746 -56.8306250652
506 636 -29.7281478299
506 637 -44.6062149251
507 921 -38.4722158701
507 775 -18.76739379
507 845 -17.645527908
507 592 -21.79350315
507 595 -49.6617286301
507 679 -20.8793476247
507 878 -27.2661686722
508 901 -17.4059092326
508 646 -70.5327754676
508 685 -19.1506982964
508 780 -14.4923962093
508 537 -85.5419511891
508 917 -23.0119607025
508 802 -15.6420092849
508 557 -34.0063699324
508 692 -38.5256143727
508 573 -20.594396877
508 708 -23.2680706972
508 674 -38.0811515838
508 844 -45.043930573
508 877 -21.624363644
508 762 -40.692509196
508 510 -31.5660733064
509 788 -57.4158011688
509 918 -61.4070147546
509 670 -33.8907543473
509 929 -36.7505367494
509 813 -35.3774602209
509 945 -31.181186043
509 586 -25.746687129
509 724 -45.1492408106
509 721 -12.4174606108
509 612 -60.2981989941
509 744 -57.0277172198
509 880 -13.2617986106
509 895 -52.4018750349
510 876 -32.720411717
510 778 -21.8388194351
510 527 -42.6519494504
510 530 -72.1392934835
510 682 -78.1603914812
510 795 -11.4306944462
510 834 -44.0843511846
510 842 -23.140456921
510 598 -31.7571392436
510 872 -70.7185490788
510 887 -33.0252266711
510 889 -21.0477155495
511 775 -19.26669829
511 786 -23.8897074808
511 641 -26.8659615811
511 545 -23.095199879
511 677 -41.815697476
511 834 -39.5709446961
511 593 -18.016475218
511 726 -40.0077775864
511 764 -23.6027745284
511 746 -18.5391733467
511 760 -32.6010032865
511 892 -32.2165188561
511 768 -23.6624162217
512 903 -46.3548132854
512 654 -70.0650622962
512 916 -12.6997802321
512 669 -17.1089047368
512 928 -20.6092174057
512 930 -18.5932246174
512 583 -36.9608062173
512 556 -25.6768655272
512 561 -82.208290736
512 822 -55.561532152
512 829 -16.6184256152
512 745 -31.1984408862
513 524 -43.3346963162
513 530 -36.0493147165
513 795 -32.6326886315
513 546 -63.5944397037
513 831 -23.1370255268
513 623 -32.6367738914
513 891 -13.0576314077
514 652 -23.7236423192
514 527 -77.2648043874
514 918 -11.2282873835
514 919 -26.1467452192
514 921 -36.5353867098
514 676 -19.7734009364
514 686 -15.8497349513
514 816 -70.2620108643
514 564 -71.9092937978
514 821 -33.1985118669
514 575 -49.2750621199
514 843 -22.1688441027
514 718 -11.4172992442
514 741 -42.2528211455
514 880 -14.56663797
515 659 -47.2210947506
515 922 -55.3417514624
515 686 -42.1192253865
515 698 -68.8075163922
515 708 -56.812787378
515 586 -63.2933820368
515 868 -29.2766723876
515 602 -25.7774232919
515 612 -24.0474219253
516 907 -19.6137035081
516 908 -24.8086537913
516 910 -81.956416163
516 541 -23.3430648375
516 807 -44.2671381534
516 554 -12.7046674773
516 686 -15.9141009582
516 945 -40.5261846111
516 692 -37.4115210224
516 569 -58.6342347469
516 827 -9.53067539544
516 705 -46.5515369521
516 592 -15.9180367873
516 721 -12.0049223031
517 642 -12.8406958328
517 650 -31.2791658922
517 780 -18.5624439663
517 919 -48.0113739345
517 669 -24.5615268323
517 816 -57.1178735297
517 575 -18.4172190875
517 713 -74.6975025863
517 844 -27.8028250318
517 724 -48.4280331892
517 597 -50.5996969704
517 741 -22.9915321779
517 743 -85.4668228647
517 879 -51.4988950119
517 703 -30.846437113
518 904 -42.2425545187
518 525 -75.0200725587
518 918 -26.1930265116
518 689 -37.9573671636
518 712 -14.0206028577
518 598 -41.8614538822
518 728 -60.7277224646
518 604 -10.6611235091
518 733 -21.6567890512
518 720 -32.8104458239
518 754 -33.9969664917
519 900 -13.4633930478
519 650 -54.9840214032
519 674 -49.1297877816
519 675 -46.4372742104
519 679 -19.0786340425
519 556 -30.5019903794
519 686 -37.6714934045
519 835 -19.9915210641
519 846 -14.2742875906
519 854 -48.2293247005
519 855 -12.3600369994
519 731 -21.7713877728
519 619 -61.1789840616
520 645 -20.7391778219
520 707 -35.7697470147
520 551 -45.6184292496
520 565 -64.9708222905
520 695 -31.422011654
520 609 -62.4856195062
520 657 -35.5719286985
520 613 -30.3901487713
520 621 -18.0787111952
520 753 -29.4833620312
520 885 -49.9685562503
521 642 -31.549617402
521 772 -20.8096764055
521 926 -19.1102915695
521 799 -32.0465831907
521 575 -37.9560514621
521 837 -12.7280150102
521 720 -45.9103634306
521 730 -27.2857658437
521 884 -27.2461267712
522 903 -69.884654978
522 675 -50.1017262587
522 711 -60.354550364
522 855 -14.2727384432
522 625 -20.9814025034
522 884 -74.8949796988
523 942 -44.3936400102
523 943 -10.3415425509
523 830 -14.741636851
523 706 -44.7097942013
523 581 -54.6989117085
523 842 -56.5649719361
523 859 -45.9719067406
523 860 -37.4866143189
523 740 -37.2144450547
523 877 -76.9240561359
523 753 -24.9661827707
524 652 -53.1095496413
524 924 -56.2931110586
524 685 -39.9939660449
524 686 -14.4128039333
524 562 -34.2776667297
524 573 -15.896822495
524 577 -23.5467593473
524 578 -47.3121330974
524 589 -33.0405113488
524 739 -51.8752554707
524 625 -33.9883459286
524 887 -50.5367876794
525 652 -84.1887421724
525 911 -42.0048953712
525 661 -48.2266922179
525 540 -25.5801321801
525 669 -18.2718688988
525 807 -21.1280512266
525 819 -12.2556664887
525 564 -68.3662049958
525 695 -32.3174488888
525 608 -49.1144041794
525 870 -23.0777945038
526 530 -41.255581449
526 547 -34.4724383544
526 930 -36.5281490381
526 678 -51.4255340398
526 829 -25.439413241
526 675 -50.3590106864
526 720 -31.7136298122
526 853 -58.726577141
526 726 -13.7768697898
526 611 -9.94104011862
526 869 -12.0224928751
526 752 -47.6201976129
526 760 -29.3353701636
526 597 -29.4495164947
526 767 -28.4575648245
527 665 -43.3457950534
527 735 -17.0001207534
527 822 -49.76759291
527 572 -16.8543813533
527 703 -9.47850052091
527 579 -76.5826065998
527 582 -49.4788148752
527 585 -45.0725467897
527 633 -33.0863547952
527 875 -20.2854728727
527 750 -40.524167543
527 753 -36.0956105362
528 787 -75.0657131326
528 791 -26.2120741384
528 730 -38.1422431744
528 689 -18.9838087338
528 629 -16.10878579
528 706 -30.8005667442
528 711 -34.1393195008
528 723 -32.3463833427
528 805 -27.8402245915
528 882 -21.3067876695
528 628 -26.6723434958
529 777 -40.0553773168
529 779 -40.586739736
529 909 -42.6284330506
529 915 -85.249576047
529 890 -35.1118414388
529 738 -62.3206363377
529 787 -37.2383349928
529 887 -15.0902101159
529 762 -19.9409994151
529 638 -17.263817229
530 922 -77.5892175759
530 932 -37.4090614957
530 549 -39.4618786965
530 936 -50.1639491197
530 681 -52.3689733488
530 684 -28.0454456194
530 694 -73.0010446838
530 578 -51.6256981308
530 707 -38.7124551325
530 848 -44.9531528544
530 722 -58.0786887776
530 602 -46.6068929071
530 755 -69.2482818625
530 756 -21.1905776825
530 760 -30.5635937406
530 633 -32.3809029817
531 771 -56.6917731166
531 903 -25.9215701984
531 783 -37.6699457947
531 540 -17.568587007
531 542 -38.926048318
531 928 -11.9030618372
531 803 -72.5594432847
531 938 -11.5682696668
531 572 -32.8228008713
531 713 -35.8117102434
531 856 -62.1863550218
531 745 -52.3308400952
531 879 -23.4877548639
531 758 -74.4030816267
531 631 -31.9498608821
532 642 -18.8392711794
532 646 -37.1242718134
532 654 -60.8791655172
532 783 -42.2479094034
532 786 -11.9588262272
532 918 -42.9017192134
532 665 -74.7380052916
532 816 -23.3632980332
532 567 -44.5235417282
532 824 -43.2254490036
532 827 -44.7664292689
532 624 -76.4366225401
533 821 -23.8881766877
533 705 -31.7199253635
533 715 -29.4974763848
533 548 -12.6656979483
533 738 -73.5326388395
533 611 -24.6850914604
533 883 -50.9031164325
533 636 -56.7165243294
534 904 -41.1826124662
534 656 -49.7607694942
534 879 -16.2860435955
534 544 -46.2535236635
534 934 -42.7818885254
534 808 -11.402475524
534 940 -50.8609344728
534 558 -29.7593338811
534 943 -57.6171351282
534 839 -53.9439130721
534 623 -36.8045921184
534 763 -39.8743090581
535 770 -42.8152245782
535 781 -22.2807929192
535 655 -56.5878790658
535 669 -48.0488750541
535 675 -43.856841191
535 554 -39.5758853318
535 558 -36.8359711023
535 815 -47.8412361435
535 735 -27.8646187959
535 579 -61.6353417267
535 587 -23.2805657445
535 854 -24.7125860437
535 873 -28.2308169182
535 754 -35.049960892
535 767 -80.1458263808
535 640 -44.7079084863
536 774 -39.7457009267
536 672 -59.2408805097
536 807 -46.781353814
536 683 -15.6987774078
536 826 -17.7841106952
536 703 -49.7724387544
536 585 -61.0886263393
536 589 -23.0786848717
536 727 -23.320022483
536 613 -35.5230358656
537 906 -34.9328170453
537 656 -31.2471428519
537 657 -40.6274119129
537 928 -20.2918866524
537 929 -18.3690605471
537 546 -16.0563844753
537 568 -19.9350062764
537 572 -22.9023671072
537 609 -60.0388781738
537 723 -48.8169931798
538 773 -26.6685107796
538 651 -30.8655749167
538 782 -29.88459586
538 790 -17.9212040292
538 793 -21.3953408941
538 811 -13.6900590988
538 815 -32.8645202371
538 856 -51.0654433929
538 863 -80.3800788388
538 743 -33.4224240166
538 596 -53.0417856395
538 892 -35.7722260338
538 638 -19.3669938069
538 767 -20.3213422274
539 664 -28.318148253
539 540 -60.5027173092
539 797 -33.4598182699
539 543 -64.8871616524
539 882 -29.8105269267
539 939 -72.4548757877
539 691 -35.2844188046
539 821 -16.8491367558
539 566 -49.3238147036
539 580 -60.8089940205
539 745 -64.3027224477
539 744 -16.9243004395
539 623 -17.8079882467
539 890 -29.1211220226
540 785 -15.6403126531
540 791 -38.0554232818
540 931 -21.158204101
540 683 -31.349714841
540 694 -75.7499079901
540 568 -32.2409024509
540 826 -12.9692820044
540 713 -20.7160577041
540 714 -24.6154445495
540 860 -51.1658673965
540 876 -12.1153202423
540 624 -52.6466154191
540 759 -56.2778565608
540 891 -13.992580054
541 785 -27.4845326581
541 822 -16.320343837
541 697 -16.7336823049
541 832 -40.660323503
541 583 -47.4724013663
541 603 -15.5083972412
541 734 -76.8006982695
541 596 -81.8750815775
542 670 -55.028586437
542 930 -71.4050145656
542 806 -39.5436898513
542 939 -36.8313473211
542 574 -50.8814779623
542 706 -41.2924657858
542 588 -19.523696197
542 613 -14.2671874739
542 754 -30.6411878238
542 633 -23.2247525089
543 770 -48.5806409298
543 643 -78.6908049045
543 556 -60.9327305495
543 819 -37.1177518877
543 824 -81.7917178756
543 701 -12.8948417823
543 721 -26.7262955027
543 594 -41.9043243399
543 606 -43.5996272901
543 616 -13.4891315989
544 899 -54.019439699
544 663 -40.3939037387
544 913 -61.2254774282
544 658 -31.9901736885
544 672 -31.9642224212
544 938 -31.4732142076
544 847 -66.6334605342
544 736 -10.6408469747
545 774 -12.2771383488
545 784 -50.7548325138
545 623 -59.279284954
545 858 -20.8727776324
545 800 -28.2122204004
545 815 -37.1156027659
545 816 -36.2291024624
545 703 -17.7326954807
545 711 -23.6826238298
545 845 -48.2278906422
545 724 -64.4012422714
545 602 -63.4776264708
545 879 -10.9005820478
546 642 -31.0238294164
546 774 -53.9556243905
546 796 -46.7512625762
546 826 -48.5953631189
546 714 -34.4935299108
546 718 -11.3569712265
546 598 -35.0808953162
546 750 -18.0923428513
546 759 -36.601612216
547 673 -16.877649203
547 625 -42.6037969195
547 627 -24.2100729267
547 824 -53.7918817357
547 826 -34.7368336037
547 584 -21.9898002318
547 614 -15.5112839231
548 620 -70.5318272822
548 651 -41.0546858771
548 676 -59.427562983
548 680 -13.2143339822
548 942 -56.5258802101
548 945 -48.7664467592
548 578 -31.667657318
548 582 -26.9447487783
548 719 -12.1670041815
548 873 -41.2642303591
549 779 -40.3107716
549 919 -56.1808806168
549 811 -13.2560911756
549 568 -40.5424006873
549 709 -70.9414109613
549 838 -13.3109861571
549 584 -59.7271410665
549 713 -34.9212932212
549 627 -40.9842728574
550 776 -42.2134564995
550 777 -26.9157854928
550 650 -25.9550714887
550 925 -45.9782632785
550 934 -35.62560677
550 753 -13.2354923168
550 823 -15.88928182
550 700 -41.1477655508
550 830 -36.528184043
550 857 -40.8698867325
550 866 -14.706528562
550 828 -29.2097620984
551 914 -69.7789040238
551 660 -36.6576619858
551 802 -37.0302979548
551 946 -65.3580933932
551 561 -50.3400660115
551 690 -21.3028769369
551 572 -40.8761147298
551 837 -44.9658412736
551 587 -52.1870251117
551 870 -26.8369472176
551 881 -42.6003735382
551 638 -24.5013917384
552 774 -33.6215969703
552 649 -53.7346088061
552 931 -34.2485803252
552 676 -53.7787445092
552 933 -51.8450138861
552 575 -18.711628116
552 704 -51.8213164196
552 751 -61.9835245082
552 625 -65.029032815
553 771 -56.1300001265
553 643 -16.2130255468
553 665 -19.5814820314
553 945 -24.3441112231
553 824 -21.4098629431
553 576 -25.2671552078
553 581 -67.337578007
553 720 -27.3021825512
553 605 -52.4138541066
553 742 -36.1643813678
553 872 -24.6180149766
553 622 -33.4400332843
553 627 -24.4817468899
554 940 -57.7744355525
554 656 -80.2635958143
554 919 -36.8824982087
554 812 -58.2205797431
554 945 -25.7671985888
554 852 -73.1191709954
554 736 -40.087591687
554 610 -12.6675772259
554 873 -27.8230896376
554 628 -50.4715674083
555 793 -16.2352302132
555 682 -41.1923108496
555 926 -53.5304722619
555 817 -61.2611328252
555 566 -27.9786964451
555 725 -28.3013922563
555 856 -10.9291155911
555 738 -22.9120399373
555 878 -45.0350304113
555 640 -53.2661104681
556 643 -22.2795286659
556 927 -27.05072737
556 943 -58.7552564448
556 821 -78.5845654194
556 590 -52.8429078759
556 847 -38.6653481257
556 755 -48.1266025647
556 630 -64.7074538759
557 692 -70.3011286068
557 919 -62.1509331426
557 792 -12.6798684127
557 595 -21.6757731862
557 854 -23.0914458793
557 746 -16.9107092905
557 881 -51.1118948941
557 888 -51.7058648657
557 896 -44.9209406225
558 641 -29.5595838535
558 776 -48.429922529
558 688 -41.4616818096
558 836 -19.4956448211
558 837 -64.5085930797
558 621 -73.5103159064
558 890 -22.3107819326
559 686 -72.3619582723
559 918 -16.0573880128
559 685 -33.5902205342
559 942 -35.1809083311
559 821 -15.9343445285
559 698 -36.9308583963
559 844 -22.8037512499
559 846 -21.992434177
559 595 -69.1338037036
559 601 -85.7353518026
559 893 -25.4804565397
560 791 -23.4627787359
560 780 -27.1796371377
560 909 -53.4909983815
560 796 -31.0567184725
560 565 -46.5731157599
560 707 -19.6462862286
560 583 -38.5761831527
560 716 -24.8665816609
560 717 -61.9132411743
560 603 -45.4079265825
560 748 -30.3388196336
560 877 -12.6327444667
561 906 -58.4932685109
561 922 -42.1474848253
561 923 -61.5876372855
561 806 -29.8710381165
561 683 -25.8510329051
561 587 -76.2104719569
561 844 -23.6270759326
561 727 -30.436010307
561 734 -38.1428426449
561 739 -23.5114346197
561 871 -17.0140316942
561 745 -35.8367474161
561 626 -47.8527635629
561 628 -57.4544825816
561 886 -16.0333513789
561 765 -65.6051704153
561 939 -55.6225754347
562 907 -14.8263015804
562 783 -54.2663710276
562 794 -10.1609484832
562 924 -65.3621452929
562 931 -19.9377172433
562 683 -22.638076132
562 691 -57.9107524015
562 829 -17.611686534
562 586 -24.2450272902
562 899 -10.2094249709
562 756 -16.8962072644
563 932 -82.0437003775
563 938 -38.0120846042
563 575 -36.5952965065
563 872 -84.1903656383
563 745 -12.5558547889
563 877 -49.0849940806
563 636 -27.0954575389
563 768 -16.1809686991
564 773 -24.7385740864
564 774 -35.8304623652
564 905 -52.0694616053
564 913 -63.9335943505
564 917 -68.2067606795
564 819 -56.0858191118
564 733 -41.2021405712
564 751 -21.3431475819
564 627 -23.5412312056
564 637 -59.811360136
564 767 -41.6282748097
565 784 -36.8142180972
565 944 -50.8782755773
565 834 -12.1438139826
565 599 -64.880989812
565 735 -43.1574610701
565 739 -16.2319040715
565 612 -33.1474274302
565 614 -52.7526758103
565 624 -31.6464024045
565 886 -32.3474320491
566 671 -21.0366696169
566 676 -24.4584726258
566 805 -19.2792510497
566 829 -42.9490155163
566 577 -58.2065109739
566 711 -12.5355541003
566 593 -50.8072076296
566 727 -53.5112457524
566 631 -75.0101384246
566 640 -35.6812251115
567 643 -47.3011100802
567 648 -20.3211256255
567 663 -20.2181520346
567 801 -15.3534753384
567 684 -76.7868874688
567 707 -18.8756960814
567 838 -20.3869259369
567 732 -23.049226015
567 874 -25.8277527211
567 635 -24.2910319278
567 894 -13.1757517924
568 902 -20.7668413783
568 909 -14.5521846667
568 789 -63.7836477618
568 579 -54.3685844823
568 709 -26.8985597024
568 852 -53.2037412559
568 874 -37.0561821452
568 891 -31.5672878687
568 895 -24.0641316926
569 897 -35.3139746268
569 646 -41.998185302
569 809 -20.6477774506
569 941 -26.1467587488
569 735 -58.0510913507
569 722 -18.8820800716
569 603 -33.3268062938
569 607 -52.9646708778
569 739 -22.7246536752
569 877 -27.3673181033
569 636 -50.4126043195
570 781 -30.2320611395
570 945 -58.3570041959
570 820 -56.793000281
570 831 -41.3619681297
570 577 -27.0344609765
570 621 -19.3730227157
570 909 -21.6394770922
570 869 -27.8611794272
570 753 -24.1778363372
570 745 -51.4685468139
570 884 -47.4438593706
571 911 -13.1893604634
571 695 -68.3021541336
571 758 -57.2868853012
571 581 -35.2034235908
571 861 -53.9019732048
571 864 -61.6272230227
571 743 -51.647374205
571 746 -71.8191483912
571 625 -83.1139270587
571 885 -56.6175854337
571 630 -75.0194562378
572 946 -17.7106142557
572 692 -52.0604786173
572 705 -12.8964564662
572 835 -35.7159446144
572 591 -48.9457708379
572 722 -23.8491641147
572 690 -43.4829833744
572 885 -38.0570294247
573 641 -16.631851439
573 921 -51.2160419308
573 710 -15.4018187415
573 814 -41.7807548674
573 815 -32.7240826947
573 707 -30.2350500347
573 836 -71.8334525818
573 713 -58.1286801808
573 714 -15.2198989495
573 847 -64.7878062117
573 734 -61.8692951009
573 623 -17.2461546259
573 881 -13.6919485609
573 633 -10.3515362886
574 902 -82.1555180296
574 903 -15.5259864079
574 683 -27.3719415224
574 713 -72.7611267231
574 619 -42.3448859654
574 756 -34.7439553416
574 853 -22.9876392749
574 636 -20.973353275
574 640 -27.1086400248
575 778 -29.0608433288
575 671 -45.2557233689
575 680 -18.5626197652
575 699 -50.0786482341
575 717 -46.021267468
575 889 -32.4147670895
576 900 -70.9351139546
576 653 -41.3794443232
576 655 -18.3553758433
576 804 -86.1606519092
576 941 -20.7189796481
576 691 -51.6411680576
576 697 -12.3478607625
576 886 -16.6865944971
576 596 -39.7053181078
576 871 -20.0399777452
576 618 -13.4390441979
577 644 -20.1006128439
577 819 -21.6493926696
577 825 -63.2279332034
577 612 -27.0647576362
577 620 -30.3786113914
577 881 -10.5775137085
577 917 -17.1327676845
578 771 -14.2758622452
578 792 -15.1043681543
578 923 -68.5709338648
578 688 -77.6406887027
578 736 -26.4380111821
578 744 -12.6985289068
578 619 -50.2543451753
578 748 -47.5273939835
579 773 -77.9400759337
579 601 -50.3847905435
579 917 -62.2871692967
579 921 -34.066871188
579 795 -49.601853108
579 931 -37.2292258554
579 695 -25.6491035762
579 713 -41.4062486246
579 734 -12.2204510803
580 775 -71.3310446586
580 780 -17.6917786331
580 909 -60.7008275736
580 782 -71.7390880761
580 784 -20.8013324731
580 903 -66.2299691552
580 686 -14.1389221026
580 716 -23.6641446036
580 803 -49.5206720751
580 746 -33.309847238
580 627 -14.1343600369
581 928 -40.9912615497
581 907 -45.7269214166
581 851 -13.1279112976
581 866 -22.619924353
581 752 -50.0868584305
581 755 -45.0682431972
582 907 -21.4043375563
582 781 -24.5782641352
582 934 -13.998229603
582 816 -27.5442738892
582 697 -41.6620877468
582 830 -66.871991303
582 707 -29.5222156374
582 610 -38.8487863218
582 760 -46.3408791086
582 639 -15.813316154
583 682 -28.5372807493
583 732 -28.4239422807
583 758 -12.1979259484
583 889 -30.0923126893
583 765 -12.0867200789
583 767 -15.1849886979
584 916 -25.1031122034
584 790 -10.1261379597
584 930 -78.5079090897
584 806 -16.0388520843
584 811 -38.418405744
584 942 -23.9863104409
584 815 -31.4070916006
584 587 -55.7146969457
584 719 -40.437416269
584 601 -23.4973801886
584 608 -70.3566193834
584 744 -15.1287876012
584 755 -25.2786654946
584 887 -51.6757629681
585 909 -15.9742545075
585 925 -25.6034136867
585 937 -28.3877361254
585 683 -50.0923624481
585 828 -38.482509389
585 707 -56.3572497965
585 710 -13.9472124308
585 739 -43.5092182068
585 743 -18.4478388046
585 621 -58.9732474173
585 632 -42.2715477259
585 764 -58.9687006691
586 774 -22.2971129093
586 911 -14.8787720873
586 786 -30.2048078694
586 926 -56.8947900964
586 927 -20.3242456498
586 686 -19.544372078
586 592 -28.395402872
586 849 -13.5206278502
586 602 -12.6956474706
586 744 -12.1828726043
586 755 -13.4828507326
586 884 -50.7241963844
587 642 -12.5726154493
587 646 -28.4377776263
587 668 -32.7278084033
587 928 -75.5192203148
587 717 -36.8302751972
587 597 -27.602958837
587 856 -67.9043856452
587 881 -58.9761886361
587 628 -65.6916463664
587 853 -39.8947943626
588 900 -60.1082915409
588 653 -19.1094837123
588 663 -69.0693046986
588 675 -21.9896602111
588 818 -41.8895170889
588 866 -53.2417377602
588 714 -24.9883609429
588 882 -53.5408119388
588 633 -24.6922363806
588 892 -58.4586149502
588 893 -31.4394725011
589 652 -79.9833632924
589 913 -23.2092354615
589 669 -30.975890226
589 798 -47.7029704347
589 686 -45.071637216
589 834 -43.0944189847
589 868 -26.084543076
589 880 -34.1332119147
590 679 -14.5898766517
590 840 -34.0606767088
590 853 -40.6920002998
590 600 -66.4467971031
590 604 -21.1578304851
590 733 -42.3034472298
590 619 -55.8908234805
590 768 -28.1329003994
591 915 -47.5386502114
591 664 -11.3738047479
591 798 -24.9756366572
591 802 -21.011310661
591 808 -35.9565342491
591 925 -17.7845838021
591 815 -40.1472763246
591 726 -13.317372244
591 730 -17.9211757853
591 752 -57.2664719748
591 761 -26.5952353201
591 894 -25.875726239
592 899 -78.5044561824
592 655 -17.8065995576
592 921 -31.9188840921
592 672 -48.3338973126
592 682 -13.8093079312
592 819 -25.6342803882
592 729 -15.9989516686
592 606 -47.6978650216
592 893 -41.189548632
592 638 -15.3588769947
593 780 -27.7015805357
593 654 -48.0014632589
593 912 -77.0734457524
593 787 -69.0613505873
593 673 -35.9372335979
593 820 -65.8899045191
593 832 -80.7859577438
593 733 -52.4093508449
593 871 -14.6119536658
593 659 -50.547757819
593 625 -43.6347142417
594 777 -32.4715468783
594 909 -46.3491898276
594 786 -51.0763162913
594 670 -10.1389743896
594 822 -14.4817255822
594 884 -41.2798297922
594 757 -55.0782815358
594 630 -68.5213324092
594 633 -24.9531044922
595 770 -14.5138940218
595 648 -20.7181317544
595 780 -48.0756783153
595 910 -19.6720461818
595 784 -41.0019366584
595 922 -41.2481910305
595 923 -20.4228932376
595 817 -16.5346195261
595 694 -58.0528403851
595 823 -22.6664231026
595 828 -18.8652739079
595 831 -15.4390775637
596 674 -28.781180162
596 931 -59.0746909893
596 933 -67.4539350839
596 709 -15.5403224013
596 846 -77.3535054565
596 734 -30.7991598005
596 880 -44.0498464806
596 883 -58.8565546258
596 832 -24.4832715076
596 638 -26.3767034879
597 777 -27.8530657843
597 914 -17.874693803
597 790 -18.979202092
597 795 -20.5444233423
597 850 -57.3596079638
597 944 -55.464703874
597 708 -15.4099153214
597 722 -28.7203508511
597 723 -14.2238805154
597 862 -20.3655305989
597 616 -21.0209287627
597 618 -45.5320190018
597 619 -42.8160579049
598 897 -76.0966712397
598 898 -47.6583694622
598 915 -12.8865491989
598 799 -20.2185483207
598 815 -13.9875014981
598 802 -15.9972766535
598 869 -54.6265806119
598 637 -33.0971277158
599 647 -38.4923267016
599 653 -23.0307314096
599 912 -12.6612071362
599 896 -72.5863706883
599 823 -79.8832340924
599 748 -35.4832037634
599 623 -84.7024777064
599 768 -66.152404115
600 649 -15.9353639749
600 918 -14.9935641521
600 928 -48.860611084
600 704 -35.2877858077
600 730 -27.8530669351
600 864 -38.6874242499
600 614 -22.5951971877
600 875 -14.6596380863
600 762 -15.7095955762
601 748 -16.1046925079
601 941 -80.5761967696
601 944 -11.7224964042
601 846 -14.4381211514
601 848 -56.6751666033
601 865 -41.0666708444
601 891 -25.9266592128
602 646 -62.1997450127
602 910 -26.4468634144
602 690 -19.107629263
602 830 -70.2500483335
602 836 -22.1254058256
602 713 -19.8119017653
602 728 -29.8122288002
602 872 -15.2453347858
602 619 -82.9753801974
603 664 -35.9726445956
603 936 -73.9996460157
603 747 -16.5562993257
603 624 -33.3270750234
604 783 -30.042304155
604 918 -23.7305550515
604 823 -12.2500737568
604 758 -11.3613105038
604 717 -76.0148173059
604 849 -33.2746591569
604 745 -13.6895318856
604 889 -19.4723914456
605 908 -36.9416404209
605 655 -32.7293217078
605 798 -22.9100619221
605 902 -37.7062896551
605 810 -52.110829559
605 822 -31.973682543
605 863 -13.1826261361
605 619 -83.7122573965
605 888 -20.273429324
605 890 -44.9397381731
605 875 -17.7290861559
605 768 -19.4066731811
606 901 -39.4078706056
606 781 -85.4900022391
606 791 -52.4557106348
606 937 -25.3197339707
606 688 -35.2894048874
606 839 -39.512076818
606 840 -29.6856240275
606 841 -18.0943814201
606 757 -20.2828131551
607 660 -23.4905018745
607 789 -34.8592377564
607 663 -26.5671695976
607 734 -13.2374241689
607 735 -20.497053444
607 739 -31.3835473582
607 752 -36.2509052608
607 891 -40.5916116462
608 786 -35.0264364962
608 687 -36.6195744119
608 699 -70.5418533879
608 737 -71.6623691564
608 877 -19.6853178257
609 779 -57.2589988971
609 913 -65.7577245683
609 687 -31.3617054806
609 704 -41.1672071138
609 714 -26.9449492482
609 889 -26.7033117477
609 861 -33.1528656953
609 619 -31.7009400189
609 630 -11.5358952384
610 658 -18.2811092731
610 936 -18.946712218
610 820 -29.3783422478
610 702 -17.9895426721
610 844 -18.9591308174
610 722 -41.456764546
610 862 -80.3253303295
610 743 -40.3931847161
610 871 -34.33410179
611 644 -19.1943339914
611 791 -16.9692752862
611 880 -41.9130918527
611 820 -33.4006182396
611 834 -18.9385726417
611 709 -18.3112155402
611 840 -64.6604186903
611 757 -16.7224295031
611 893 -53.4885250875
612 649 -12.1595527262
612 667 -31.6326755387
612 801 -25.4845247382
612 683 -15.8445268933
612 812 -26.6235024932
612 695 -17.445751788
612 864 -52.1156010318
612 868 -36.3117612591
612 754 -53.7628896023
612 755 -34.7168312497
613 793 -65.7981279463
613 796 -54.109312926
613 937 -39.6071612167
613 705 -22.0531896871
613 852 -63.2954091959
613 657 -16.232618874
613 640 -38.2094994738
614 783 -67.9214722872
614 664 -21.4932964131
614 696 -66.9256684046
614 701 -63.0874077022
614 832 -12.094974271
614 630 -41.9693731318
614 853 -24.2134087211
614 860 -21.6869977262
614 863 -14.9852242912
614 764 -18.0629676182
614 704 -31.1261595293
615 657 -72.5405063873
615 698 -41.6133777149
615 848 -55.1988932315
615 727 -37.7112490807
615 638 -46.7026339211
615 753 -23.9622891302
615 634 -44.2683047462
616 647 -38.3423745984
616 907 -36.2144702442
616 798 -38.8364408395
616 627 -78.2150222682
616 838 -32.5736091941
616 722 -42.7924560751
616 723 -47.4103211081
617 898 -41.3297219587
617 900 -12.6768760546
617 775 -11.4737242934
617 792 -62.857193026
617 684 -24.6869583713
617 942 -79.1182843334
617 699 -41.4906995158
617 839 -62.7757762036
617 717 -33.3069537778
617 726 -24.6977565406
617 876 -30.4081013391
618 908 -62.8945462374
618 920 -24.4884458361
618 666 -22.3245799928
618 826 -14.7080476444
618 700 -29.2394793506
618 707 -41.315445268
618 741 -42.6782616327
618 874 -15.3685890604
619 810 -71.4691802341
619 813 -54.1016684122
619 820 -50.7373776925
619 853 -16.5500692503
620 903 -29.5261723921
620 909 -20.5082710592
620 823 -22.135697901
620 702 -50.5712271521
620 621 -28.5114145435
620 632 -41.2005017597
621 914 -21.8532563452
621 836 -79.8343216928
621 840 -68.5737217783
621 857 -22.5987117745
621 786 -18.7942223752
621 634 -41.6783387848
622 787 -44.1064134814
622 666 -31.2204560818
622 929 -10.7260229921
622 679 -32.9703211409
622 689 -56.7533169507
622 853 -37.5490388225
622 859 -26.6134990184
622 732 -46.7273826299
622 878 -30.323831084
622 881 -20.471792065
623 814 -17.8388319786
623 700 -36.0961422415
623 706 -39.993790663
623 719 -57.317521661
623 635 -19.8473263162
623 766 -47.3284271071
624 642 -43.5943079924
624 855 -82.441496107
624 781 -22.6034926335
624 688 -32.8269259065
624 852 -23.3796325591
624 727 -49.4350372122
624 733 -37.1655046602
624 739 -12.5076202126
624 742 -25.9550482279
624 878 -21.8177469
625 653 -67.8500323773
625 680 -72.4902344713
625 681 -49.3227041021
625 703 -15.5035223562
625 742 -46.5443120113
625 699 -19.9371901553
625 751 -36.2756579892
626 789 -74.8931293025
626 663 -44.7744262528
626 665 -70.7707239476
626 925 -66.8678520527
626 798 -48.9931648131
626 695 -37.2305121312
626 751 -11.3650003637
626 637 -84.8867078192
627 783 -12.9532844497
627 681 -78.5771860604
627 816 -52.2322639152
627 823 -54.8930933016
627 703 -16.938524455
627 717 -37.8999947611
627 729 -20.1286444478
628 677 -56.0829309349
628 685 -17.5996747241
628 831 -21.1874995247
628 846 -42.2540741793
628 857 -56.5182847632
628 865 -20.7106800177
628 767 -18.5346123879
629 898 -29.3193529814
629 774 -15.643329138
629 650 -31.6661827828
629 658 -25.0261639008
629 672 -36.8434355284
629 938 -24.5480391698
629 837 -56.3151140314
629 743 -29.5061665595
629 751 -70.9433267193
629 918 -35.7130993268
630 904 -49.291700822
630 916 -34.9829443538
630 789 -38.228449169
630 790 -40.4686333802
630 796 -36.8487184156
630 799 -38.2391696052
630 801 -68.4307071258
630 687 -54.4958885722
630 739 -29.6741289189
631 648 -59.5022702183
631 685 -71.4325854289
631 847 -60.9463262596
631 856 -24.8856462871
631 866 -81.7325305449
631 765 -52.1766012101
632 645 -32.0831352014
632 906 -21.069788615
632 779 -32.9208458562
632 918 -59.7033448789
632 937 -21.041707992
632 697 -13.28951276
632 726 -53.6924707148
632 727 -64.3500728019
632 682 -29.7820010189
633 774 -33.1886740098
633 659 -57.0300377689
633 795 -29.1880339076
633 924 -35.0392461071
633 818 -44.0826977607
633 704 -45.8356681471
633 833 -42.722327064
633 864 -26.6735750097
633 865 -21.0207555577
634 782 -58.3426768556
634 938 -27.2188796312
634 946 -79.8054334258
634 696 -21.425893163
634 838 -27.0354846757
634 857 -49.5321868219
634 735 -49.7290337263
634 889 -16.2576060194
635 665 -25.0131955184
635 861 -33.8599309974
635 716 -27.2124333163
635 721 -56.2174228839
636 771 -23.1563352379
636 861 -21.8195367318
636 824 -16.0913798147
636 733 -13.7526816053
636 736 -81.8168457614
637 936 -82.0130438795
637 813 -33.6498261611
637 711 -23.2675207055
637 840 -22.5086391475
637 849 -58.5163965382
637 730 -41.7514136892
637 876 -45.3879907994
637 878 -29.2795299956
638 642 -14.674193809
638 899 -16.9273861268
638 774 -29.4856374149
638 779 -48.4080514353
638 928 -54.3805320235
638 813 -22.0844653126
638 870 -43.9814852538
638 724 -28.366740774
639 644 -58.0964907404
639 905 -45.610550465
639 911 -15.0010888169
639 928 -19.5158585467
639 816 -75.1758715564
639 831 -30.091611493
639 836 -73.4154327418
639 851 -82.6640628435
639 867 -42.8388851173
640 681 -48.8695034839
640 828 -61.0293828225
640 706 -63.0908882828
640 710 -21.8989948218
640 863 -49.154751215
640 864 -32.024177893
640 738 -62.4750421528
640 762 -74.7855014983
640 765 -53.2940774436
641 783 -12.1182409616
641 919 -14.4591512468
641 668 -39.6396424483
641 927 -15.5292703294
641 709 -57.4909617527
641 894 -32.1542758246
642 904 -30.3907425433
642 905 -59.1998480339
642 797 -16.7502406103
642 936 -43.3336521645
642 684 -63.7838688682
642 825 -49.1616806023
642 728 -24.4215441487
642 729 -43.1430837053
642 737 -54.3921251847
642 887 -25.9664515829
643 792 -34.8041025973
643 843 -62.1715715946
643 850 -69.4873135629
643 671 -33.6999430885
643 766 -48.5629314841
643 895 -59.9103352758
644 901 -46.6015179342
644 908 -27.8291389485
644 912 -16.1811595157
644 794 -18.1378674399
644 669 -75.6744528774
644 827 -31.1938280831
644 704 -77.6950599886
644 835 -42.7688469153
644 709 -38.668871102
644 872 -45.6333601413
644 893 -30.2742401068
644 747 -56.3711358876
644 890 -42.9287098561
645 911 -15.9118154029
645 794 -63.6097621455
645 673 -10.1258246631
645 803 -28.8186110028
645 943 -34.4408686999
645 843 -25.7971889915
645 847 -19.1272479898
645 851 -26.5316743443
645 829 -27.2813362091
646 782 -34.4709041809
646 667 -20.6756687326
646 810 -26.7699157588
646 879 -55.1212338211
647 649 -28.007792539
647 782 -37.3885537633
647 789 -57.2817650784
647 663 -44.7320947564
647 811 -16.5110444577
647 944 -34.2315403484
647 845 -16.996391098
647 856 -26.0533892912
647 895 -44.4478921702
648 670 -50.3097841419
648 672 -34.3322874525
648 674 -38.2459057673
648 934 -58.4491807816
648 811 -25.16692878
648 715 -41.4186423012
648 763 -66.1166397589
649 778 -46.7423083504
649 780 -33.7094232961
649 910 -37.8121628408
649 935 -13.2751187523
649 827 -14.7149058153
649 712 -21.1036477765
649 730 -53.2420907849
649 741 -16.2932428898
649 890 -50.5909105769
649 763 -51.7878839581
650 785 -52.0399836566
650 923 -41.3344774057
650 694 -51.5214823534
650 717 -40.3548319344
650 731 -77.7681169608
650 679 -34.5404670206
650 747 -44.4964188209
651 906 -73.7335506959
651 655 -67.040375468
651 804 -53.5660989825
651 684 -25.4204686243
651 750 -33.9090712624
651 753 -34.6038855169
651 762 -24.2512272572
652 834 -57.2685649457
652 778 -39.3169579958
652 938 -52.6758343986
652 684 -32.0959321898
652 941 -19.7953227826
652 706 -64.9566656963
652 719 -86.5454380062
652 851 -21.9656266791
652 755 -25.62925835
652 683 -22.668817546
653 658 -27.4906491975
653 788 -24.3088368762
653 792 -41.6146002938
653 668 -70.4141568052
653 819 -47.2141617573
653 693 -43.0478189504
653 837 -21.4910159753
653 736 -47.5091048284
653 889 -14.4180067484
654 790 -32.8050038304
654 674 -67.5516542223
654 680 -26.5237552081
654 687 -55.3007422718
654 856 -15.3569178857
654 865 -15.4741156089
654 868 -36.9115064928
654 747 -28.720330098
654 748 -19.2736538141
654 764 -48.0361172128
655 697 -10.7877485479
655 745 -31.4863485356
655 882 -31.2539089079
656 905 -19.8410866376
656 657 -47.2477037042
656 687 -22.079647019
656 724 -17.1547642339
657 918 -13.0691723279
657 919 -21.9654160749
657 933 -19.3032496107
657 842 -48.7173153951
658 923 -66.8236226913
658 753 -37.0594379027
658 931 -84.0021809664
658 812 -61.6322268731
658 697 -68.0317885062
658 714 -17.7549527186
658 719 -16.7678589395
658 726 -62.8441290288
658 728 -29.9269733425
658 881 -35.455035213
658 887 -14.3044315786
659 790 -42.0262903464
659 920 -17.5086047165
659 800 -25.80472543
659 944 -18.5589208207
659 689 -39.4162927725
659 836 -56.7318417862
659 844 -14.3994297208
659 725 -17.0993481069
659 733 -14.9376017079
659 887 -28.5670636803
660 782 -60.1382797398
660 808 -33.8304783493
660 691 -19.8815151723
660 824 -28.261247919
660 844 -44.2434487581
660 896 -50.4431858106
661 769 -64.791473559
661 898 -33.406377739
661 789 -55.9174279577
661 667 -11.3143582962
661 673 -50.0637708602
661 935 -47.996323083
661 946 -41.1388142862
661 715 -58.7730496767
661 726 -24.7244164285
661 749 -30.2927233802
662 788 -26.1863179165
662 668 -56.210595002
662 803 -29.2484603872
662 678 -21.9267315139
662 669 -74.7103638967
662 940 -25.7039761802
662 720 -33.5736595868
662 727 -48.8792075429
662 826 -36.5286055122
662 758 -23.1663644213
663 900 -27.7664120808
663 910 -16.5331493869
663 788 -38.8769440611
663 857 -72.8030256175
664 822 -20.8558450004
664 719 -25.6731641676
664 855 -14.4034624847
664 873 -39.2772970771
664 892 -12.7788559282
665 785 -49.8780567326
665 924 -41.4111663391
665 830 -37.9989273579
665 852 -12.086332666
665 866 -44.0878169932
665 871 -36.980985648
665 890 -48.6092098588
666 901 -20.0514086456
666 786 -56.1368028377
666 795 -39.7762562017
666 797 -55.6337402819
666 927 -62.1716559836
666 691 -52.8477579105
666 735 -72.5396693473
666 743 -15.6813093882
666 885 -67.8980680418
667 796 -65.7180435773
667 704 -19.0455878778
667 841 -11.4699306193
667 715 -64.163122563
667 725 -60.1569307789
667 862 -25.9863621902
667 750 -40.8284195713
667 885 -68.4616800252
668 913 -41.6079074381
668 796 -30.3059584582
668 802 -68.6448479463
668 938 -23.4888954653
668 700 -16.7015851231
668 835 -50.7078869693
668 718 -32.4655129207
669 775 -10.9695345603
669 809 -14.9611017667
669 819 -44.3968541906
669 829 -18.1541658649
669 848 -40.0475413959
669 753 -47.5410778711
670 920 -73.8999236156
670 681 -11.8241039439
670 819 -13.2858875678
670 866 -28.9187908419
670 880 -54.4568072994
670 881 -38.4131184675
670 754 -24.7394744289
670 895 -56.5909942247
670 892 -48.2855303996
671 783 -18.0382693618
671 797 -21.6011757339
671 818 -13.5005810916
671 716 -33.664835138
671 717 -60.2247449461
671 847 -36.6787271286
671 884 -50.2048978648
672 902 -59.7103293277
672 797 -78.0406283817
672 695 -23.1015155915
672 859 -77.965221709
672 860 -32.2463384353
673 777 -16.8356413344
673 791 -28.792002222
673 934 -29.0941514129
673 809 -21.7486596751
673 943 -33.9103374391
673 693 -9.58456857038
673 846 -41.1856141036
673 850 -61.4994385122
673 874 -45.3041319052
673 880 -64.9925195757
673 760 -21.3262836833
674 773 -24.6247951883
674 690 -59.1931045744
674 819 -33.29922667
674 821 -14.6767618699
674 699 -14.3234715656
674 702 -21.0288891348
674 854 -47.3765737019
675 773 -13.1395900855
675 904 -26.3033175833
675 824 -31.757472689
675 901 -41.1132906756
675 931 -10.4531077841
675 701 -56.0465245532
675 721 -34.052220225
675 727 -13.93565893
675 736 -19.0705888083
675 874 -72.4335846109
676 776 -27.7628338711
676 711 -52.6627092712
676 840 -46.5643276771
676 740 -56.8191435354
677 905 -62.7598855973
677 801 -66.3418502775
677 840 -17.8165895591
677 715 -18.0481811706
677 730 -48.5795551662
677 731 -10.7106043321
677 736 -52.7235546009
677 893 -61.4148176449
678 779 -11.4969086286
678 831 -38.734217519
678 851 -27.5377625334
678 865 -55.456117381
678 879 -12.3854672133
679 770 -19.045649122
679 693 -65.4167055995
679 838 -27.2932836915
679 864 -13.274342842
680 900 -13.7204931255
680 820 -34.8617550489
680 943 -44.340651191
680 944 -18.624591095
680 929 -36.6347100111
681 773 -41.7257989352
681 931 -66.0932397528
681 811 -63.3239887285
681 843 -19.0305937277
681 856 -14.1996368665
681 860 -19.035845108
681 736 -30.1688530544
681 758 -21.9779584079
681 895 -13.3813005441
682 907 -15.1917471647
682 800 -38.5668493382
682 937 -35.4830337824
682 815 -26.2890416131
682 689 -46.5405071411
682 702 -40.9006551336
682 835 -46.5238902099
682 715 -40.0311419433
682 858 -33.4138868658
682 861 -18.3169321428
683 795 -44.786536833
683 933 -51.4189486107
683 694 -21.914189451
683 832 -40.1994865508
683 710 -30.3639279449
683 735 -34.4601453677
683 891 -21.5523364606
684 775 -39.018339152
684 813 -20.0499788544
684 708 -31.6746794657
684 720 -11.7346119704
684 852 -13.9522679235
684 857 -11.5347011448
684 756 -21.7637534203
685 822 -64.7594616288
685 708 -74.0621093978
685 743 -18.5888176085
685 748 -56.0013620012
685 881 -19.0105626377
686 779 -11.0056596293
686 915 -48.9697184219
686 917 -34.1412118868
686 933 -52.8540468895
686 720 -22.8863932567
686 885 -32.1390744394
687 912 -26.9219690533
687 916 -28.6314956774
687 797 -19.9675827766
687 810 -25.5195545277
687 690 -25.895090226
687 715 -31.8640494282
687 845 -87.6614129157
687 725 -18.3107233217
687 870 -72.3703071967
687 744 -19.6361221156
688 811 -82.8737320639
688 824 -25.6522697349
688 723 -75.4571518146
688 738 -47.5251455997
688 876 -17.0715335266
688 885 -25.3125708378
689 900 -34.7150340672
689 923 -64.0112857942
689 927 -58.5799174184
689 946 -24.226012003
689 696 -77.0655201345
689 854 -12.440328132
689 731 -32.7480384923
689 873 -31.6073566979
689 749 -53.3472450317
690 911 -28.3662726089
690 913 -45.2490002205
690 920 -67.5572915387
690 693 -83.879555287
690 848 -35.1104682607
690 861 -33.7983136507
690 828 -62.5203185074
690 872 -46.709399545
690 880 -34.3845452499
691 781 -22.458928597
691 820 -41.4688859137
691 803 -78.1635643119
691 824 -52.3802815622
691 827 -50.8995275785
691 828 -24.1163689151
691 840 -23.576865621
691 845 -19.4052921984
691 848 -53.8799969811
691 766 -19.2607734067
692 801 -64.9264133254
692 830 -15.3276201485
692 718 -24.8866998549
692 848 -15.0720899919
692 828 -68.389039985
692 869 -74.260877059
692 748 -38.6899291907
693 900 -55.8970753277
693 780 -25.8173186228
693 919 -41.5374815159
693 820 -17.6765423496
693 723 -47.2123287323
693 849 -29.1745915734
693 895 -54.8522322209
694 932 -37.6280926769
694 812 -25.751851146
694 830 -46.5496119151
694 704 -43.8612942217
694 781 -28.9948686394
695 901 -40.7771463775
695 917 -39.2649251423
695 923 -65.1190542666
695 834 -37.5270319778
695 737 -59.9492619297
695 750 -25.5578369347
695 768 -20.5453376741
696 898 -64.7438794912
696 920 -36.2968274268
696 804 -41.3756511211
696 937 -44.2622304177
696 823 -43.509470549
696 855 -19.062249596
696 733 -25.7211978644
696 869 -38.9613830703
696 809 -66.410735527
697 773 -78.4506063556
697 921 -46.5007902493
697 801 -26.5557941884
697 936 -20.1300348707
697 705 -83.9352250014
697 731 -40.7503258306
697 876 -35.8698851765
697 880 -45.5035701721
698 935 -85.1178401147
698 828 -19.7379738906
698 839 -11.6247712522
698 852 -42.3260477958
698 867 -18.0829937371
698 874 -9.26226924708
698 764 -55.9032408936
699 775 -40.9647132476
699 771 -18.4477505048
699 926 -49.7800273532
699 940 -22.4657509898
699 733 -16.0923685345
699 742 -30.9562385002
700 898 -38.2952557333
700 772 -24.4395623683
700 914 -40.7849822942
700 790 -13.5206790642
700 831 -13.5148413384
700 862 -36.835163377
700 752 -17.3789595315
701 928 -18.0996836665
701 817 -50.4132086785
701 848 -43.5243747708
701 724 -32.6237924268
701 864 -16.826721106
701 871 -30.2902743728
701 872 -18.7253662039
701 880 -17.707734144
701 916 -24.3701631954
702 904 -22.142726232
702 785 -26.0421411635
702 922 -56.4628779084
702 732 -41.6352404568
702 755 -78.0384723618
703 913 -36.8116558553
703 794 -36.1907949262
703 925 -14.8891006056
703 937 -12.8122180102
703 938 -81.4659011557
703 714 -42.9848843304
703 780 -37.8807752401
703 852 -15.0921820342
704 794 -56.6176121611
704 805 -38.261571283
704 746 -33.4538672841
705 898 -12.8577883933
705 899 -22.4717532203
705 785 -71.067189968
705 809 -27.4922741576
705 813 -27.6715924151
705 716 -31.7330251981
705 849 -13.7864085939
705 727 -35.376317193
705 871 -13.1942401495
706 933 -72.1128935895
706 935 -14.2366199513
706 815 -60.1044027141
706 715 -35.5348490451
706 733 -59.8156921072
706 887 -32.7980694496
707 917 -39.5185030517
707 799 -14.8200375808
707 811 -39.1581584508
707 943 -36.7070264092
707 719 -11.335330957
708 901 -35.763829437
708 903 -53.6201684992
708 914 -39.0474441032
708 775 -41.0026621551
708 710 -51.0706406485
708 713 -23.7190829649
708 729 -12.9264498955
708 756 -66.3189287328
708 758 -21.3322228436
709 804 -17.5093318186
709 722 -14.8776441754
709 871 -68.9772022554
709 766 -61.5001128177
709 896 -22.8079976185
710 913 -63.185126684
710 931 -14.4499396951
710 712 -29.9476414619
710 847 -9.92945759721
710 726 -34.7193094022
710 888 -15.9915909666
711 919 -65.3968698679
711 930 -26.8064430948
711 737 -28.7855265347
711 868 -45.3505937039
711 747 -25.864916352
711 884 -17.0653508627
711 757 -40.3149112113
711 758 -21.9020310411
712 799 -26.5055470896
712 809 -14.1047802799
712 941 -71.5054591046
712 832 -25.3382714824
712 833 -35.1299658092
712 715 -57.9960264681
712 731 -30.4890348361
712 721 -70.808810841
712 935 -31.2591148452
712 746 -34.5327736907
712 756 -52.6109819205
712 885 -28.6938842165
713 930 -10.7983560086
713 941 -40.3878103756
713 827 -18.4642715408
713 857 -53.830687026
714 785 -18.1856142713
714 724 -56.4862894639
715 898 -41.268104335
715 901 -22.8179049593
715 794 -13.2326447647
715 922 -13.3585375845
715 832 -40.6586139682
715 845 -81.0200668385
715 857 -45.0053628684
715 768 -27.607465092
716 897 -24.2289395931
716 906 -10.4337946133
716 912 -74.8775849973
716 793 -70.5829993119
716 865 -31.9773660003
716 871 -23.7710880916
716 886 -15.1142071721
716 767 -56.8549257818
717 814 -15.5412775448
717 815 -31.8004873212
717 756 -33.1709034822
717 764 -14.7231604701
718 897 -24.9849801666
718 786 -18.0190930942
718 787 -17.7247729305
718 921 -43.7623148215
718 941 -57.9825552365
718 944 -26.6137264072
718 860 -18.5226485095
718 737 -23.563748443
718 889 -85.2748968334
719 781 -17.5429565415
719 925 -67.9096840346
719 861 -15.2478966168
719 722 -18.1835621733
720 901 -23.1175599736
720 908 -10.2006180145
720 784 -76.5830302176
720 925 -17.1090211484
720 729 -45.7411727477
720 733 -56.3137518571
720 875 -28.6546023215
720 809 -54.9949942421
720 759 -32.2146966426
721 816 -37.8466607785
721 823 -40.0215168773
721 826 -25.2688910373
722 943 -72.0595679345
722 829 -16.8465449672
722 832 -31.4995930261
722 838 -33.5533998309
722 761 -45.3945256528
722 894 -14.691406953
723 777 -49.2848024066
723 781 -18.30562194
723 783 -63.3934790941
723 788 -24.0568070718
723 789 -17.6204440046
723 918 -22.5108362356
723 843 -11.0900570513
723 746 -66.7717115535
723 877 -24.5296317844
723 887 -26.3039978307
724 906 -51.8403913332
724 843 -48.2390613259
724 729 -25.4203570127
724 731 -25.2132874441
724 868 -54.3506299731
724 869 -58.5891917448
724 886 -32.6846333978
724 765 -18.1665090566
725 770 -68.1431527139
725 900 -51.466872474
725 772 -25.3228875761
725 796 -29.7023442064
725 936 -15.758042076
725 861 -13.6706718621
725 761 -33.1826403249
726 904 -56.3255270799
726 785 -70.6699089003
726 917 -66.1563169497
726 858 -41.8954327573
726 876 -38.4920188636
726 878 -72.0459687008
727 899 -33.6289623472
727 799 -12.8839314828
727 805 -41.1414693494
727 939 -51.654378782
727 814 -37.7854340439
727 829 -31.5961142622
727 761 -53.1202369697
727 852 -76.0354123647
727 859 -12.7169838302
728 779 -26.6870903854
728 913 -19.2189234853
728 788 -32.0118843616
728 791 -13.2870947826
728 799 -26.9433387652
728 872 -47.3869159477
728 883 -49.5655837114
728 766 -45.6073044388
729 783 -42.4856734048
729 819 -28.9228649425
729 857 -12.5470133394
729 883 -26.527563795
729 760 -21.9752350459
729 875 -28.0701644107
730 778 -18.9335080068
730 923 -26.2181494163
730 817 -30.523651894
730 835 -14.6943615255
730 875 -40.5569465684
730 750 -35.9969909854
731 913 -44.2205273201
731 805 -47.5094988776
731 738 -72.2246153051
731 750 -69.7650392341
732 771 -87.7862057897
732 788 -48.4592969471
732 793 -12.7989185733
732 862 -20.6014595645
732 881 -29.1272334132
732 757 -18.7795857766
733 915 -63.2548401026
733 798 -41.6515323909
733 805 -22.071123174
733 808 -54.3910407895
733 753 -36.1865333649
734 927 -12.1710680436
734 874 -54.1579396865
734 752 -52.4827187337
734 760 -38.0873124006
734 893 -25.5595499694
735 779 -56.4402011918
735 801 -25.2114392217
735 776 -46.2200911275
735 834 -11.1980772814
735 862 -22.5577378136
735 746 -47.7953461099
735 758 -13.7765961047
735 939 -22.1129200878
736 928 -68.9749609332
736 844 -71.0131527852
737 921 -29.1633219999
737 935 -19.4990588536
737 943 -50.7458937106
737 835 -68.3019465356
737 858 -41.267767903
738 897 -64.7034121013
738 771 -32.9096445829
738 799 -14.5938295139
738 814 -21.4533800805
738 833 -35.6431063116
738 837 -58.1134060336
738 891 -14.5696116456
738 768 -10.0110942677
739 782 -28.8337049815
739 919 -18.8503135105
739 932 -68.7754882512
739 818 -55.9433357949
739 826 -51.4731951147
739 843 -60.1390013907
739 894 -53.1776587034
740 772 -14.173358234
740 909 -64.1552522487
740 744 -31.2497271469
740 818 -27.8106155034
740 837 -14.2971897634
740 841 -20.4582216581
740 742 -30.1926379677
741 903 -29.7385636869
741 782 -29.477974715
741 918 -62.5949852054
741 792 -78.8508720834
741 820 -18.2181663138
741 747 -81.3603616857
742 774 -22.6587965905
742 916 -30.9523832613
742 789 -37.8077878653
742 790 -34.1524723219
742 919 -30.8525158089
742 922 -11.7700604112
742 798 -33.2214864337
742 929 -15.1973015023
742 821 -29.130364649
742 828 -43.9436408012
742 833 -43.480059658
742 873 -40.817221692
743 937 -57.1095262982
743 940 -20.9946655281
743 823 -16.1637617976
743 828 -17.145422801
743 850 -55.6324605052
743 866 -30.4290314292
743 756 -75.495760598
743 888 -36.8700816627
744 925 -40.6258704908
744 800 -60.3914159093
745 907 -33.8325534625
745 910 -43.1293712872
745 795 -71.2539516289
745 807 -55.1420041646
745 937 -64.8504188981
745 812 -23.3994639391
745 935 -49.4614421174
745 886 -30.7507399708
745 895 -14.179172573
746 779 -22.6099079316
746 879 -31.8913485106
746 764 -30.2445307622
747 776 -13.9733028683
747 933 -12.4582841509
747 943 -60.0828303642
747 756 -32.8670445028
747 890 -57.8740671768
748 943 -71.6811406038
748 804 -31.2287888799
748 844 -42.9761914466
748 763 -23.057197643
748 895 -26.9485013017
749 790 -84.5666031818
749 794 -22.5076560038
749 943 -18.5991366652
749 822 -27.603815276
749 877 -19.3420733862
750 918 -31.3498417169
750 791 -64.3228157054
750 837 -14.4905101812
751 794 -43.0023345153
751 796 -13.5437234928
751 819 -51.7804797316
751 885 -13.3491755394
751 835 -32.2975571607
751 844 -32.8161272821
751 849 -75.6294171824
751 765 -12.8552918955
752 938 -54.1135675332
752 907 -77.5457513363
752 839 -30.7872218176
752 888 -33.0996257311
753 904 -33.776130263
753 805 -55.7911199557
753 825 -57.7497593971
753 759 -10.7688425517
754 903 -22.7253680086
754 796 -33.1395105374
754 799 -60.1446164795
754 814 -50.7045917302
754 878 -28.1284905717
754 887 -80.8826879135
754 764 -31.82664102
755 769 -61.5207992018
755 788 -43.8048433601
755 811 -41.1320170235
755 859 -31.7612275911
755 867 -17.1551332391
756 773 -22.7873851578
756 887 -43.6618794737
756 844 -13.4504723669
756 868 -59.1239150016
757 899 -23.7482497841
757 910 -70.6648945257
757 818 -12.2815690652
757 871 -63.976003745
758 904 -43.0716448095
758 836 -36.7569299646
758 828 -59.2277851882
759 803 -44.9786271655
759 805 -69.7601197241
759 808 -49.7387723944
759 813 -60.3985274458
759 931 -19.8568587406
759 884 -21.7804419377
759 765 -27.888414205
760 922 -29.2058001833
760 798 -36.0066567811
760 845 -55.5605119408
760 885 -17.4344585823
761 927 -55.0112710412
761 801 -22.1338487284
761 810 -36.0886483738
761 839 -32.1793858862
761 866 -42.0149061628
762 909 -23.6636287511
762 914 -11.534964858
762 916 -19.3735090737
762 836 -38.4492284022
762 845 -30.7807477116
762 866 -34.4811605313
763 915 -42.1901578788
763 810 -39.8640976832
763 776 -49.8444256253
763 814 -67.2876200041
763 832 -39.9439342445
763 912 -21.4407132773
763 896 -13.7686470717
764 792 -60.1048530882
764 796 -19.6985258781
764 939 -24.387833721
764 846 -62.1763994181
764 869 -17.2176115641
765 943 -41.7993390322
765 810 -48.7048293236
765 824 -19.9392933341
765 841 -41.1032633317
765 850 -26.6807853315
765 806 -32.2048535407
765 873 -44.0550895039
765 882 -39.2245384167
766 897 -45.018579407
766 924 -42.5404956005
766 851 -81.4250391897
766 871 -50.3786679827
766 875 -61.2375255645
766 891 -50.8344175239
767 775 -72.2366072367
767 786 -17.2929584942
767 926 -40.5797847668
767 839 -31.4212504063
767 894 -54.071399426
767 881 -24.9300847401
768 773 -20.4897469814
768 918 -13.4869651662
768 938 -20.1290334384
768 825 -12.3492284705
768 827 -47.7324447104
768 834 -30.6000398635
768 856 -59.3729975111
769 901 -19.6768771551
769 916 -18.2371871552
769 838 -56.2173481129
769 879 -28.3843991101
769 888 -27.8702098061
770 946 -49.7589355415
770 823 -20.5081535293
771 788 -36.6939224552
771 823 -42.490196904
771 857 -38.0456230802
772 927 -15.9690339899
772 934 -35.4875286478
772 819 -11.0903445429
772 917 -40.8679287624
773 850 -15.5300285944
773 880 -21.7990871511
773 883 -36.1318482514
773 888 -26.9657000219
774 918 -40.9612853268
774 807 -13.8992180667
774 844 -53.6610119663
774 855 -27.2600040679
774 870 -13.8364537483
775 918 -39.9869214108
775 932 -23.1649661432
775 946 -56.9786605929
776 904 -16.0199600036
776 924 -43.0384073679
776 802 -21.0717494337
776 936 -31.6120744958
776 823 -71.126109991
776 855 -22.7004451687
776 864 -10.9055554022
776 884 -45.3764471605
777 835 -12.8687774284
777 880 -17.5315966225
777 886 -15.0453953908
777 892 -44.0772773181
777 896 -15.7763697642
778 788 -18.4210515741
778 933 -15.3205961611
778 815 -39.3917152287
779 924 -28.7302592887
779 843 -54.7090097139
780 873 -50.8673799951
781 801 -43.1895924092
781 936 -58.4135204553
781 889 -38.4589291366
782 917 -52.7139547249
782 924 -29.313869697
782 833 -78.6576354195
783 858 -49.9557888792
783 801 -45.1358021386
783 939 -46.6631624806
783 894 -67.4902004586
784 916 -49.1842082883
784 925 -50.4773145037
784 929 -27.021664312
784 841 -25.7561635092
784 864 -46.2769703889
784 875 -46.0636589776
785 803 -27.1297195637
785 941 -13.9106977525
785 816 -25.0787100925
785 822 -18.7738061834
785 840 -67.5965361142
786 858 -11.9839623227
786 859 -76.6578986646
786 878 -31.2172231842
786 886 -66.326438404
787 858 -73.4687541742
787 935 -17.6496056299
787 821 -43.0648721503
788 920 -32.2150229107
788 944 -68.8272168225
788 848 -34.3699003148
789 807 -16.3407216285
789 830 -24.0698634904
789 842 -59.0155629581
790 911 -30.5784237657
790 817 -64.0625369096
790 805 -50.0799742726
790 945 -47.5095189429
790 826 -11.7537538405
790 832 -25.0159673914
790 837 -77.020687959
791 796 -49.5856841088
791 812 -52.3890988934
791 845 -33.2477500819
792 940 -27.2519471782
792 815 -62.5859899992
792 840 -68.5369128553
792 862 -57.6476823644
793 945 -12.6424265377
793 848 -32.4406234308
793 854 -56.4315666898
793 887 -50.115465743
794 922 -56.1841178299
794 946 -59.454976243
794 827 -31.3719698247
794 828 -12.8752430898
794 838 -12.6814079598
794 847 -16.440508484
794 854 -19.4837340208
794 888 -57.5015428369
794 894 -67.4654082078
795 797 -75.1380184623
795 808 -10.7110614128
795 945 -89.4663604364
795 872 -38.898339595
796 905 -35.1084444165
796 927 -15.0647468013
797 930 -52.1893028737
797 833 -83.643417998
797 834 -72.729038105
797 843 -13.2230962337
797 868 -16.2891794909
797 895 -54.3926823456
798 930 -12.8257840703
798 931 -53.4198465011
798 834 -27.6521086157
799 902 -72.9656400145
799 939 -49.8527681278
799 815 -12.7042500904
799 848 -54.5569422979
799 870 -17.2370823197
800 913 -27.1325278301
800 865 -62.8155440245
801 809 -33.7243713131
801 830 -23.2731790303
801 895 -54.4832732671
802 824 -25.0180769886
802 832 -19.2501763657
802 848 -31.4306164794
802 870 -23.6602629526
803 911 -59.5228670781
803 881 -37.2370556978
803 836 -53.1813523976
803 878 -22.8075073892
804 836 -17.157115805
805 808 -75.2150058147
805 821 -47.4187118909
805 836 -22.9067962878
805 860 -25.1833027387
805 874 -45.1737594817
805 886 -37.8985448714
806 921 -57.5579982714
806 833 -58.2353651262
806 849 -52.235445769
807 877 -11.9360844317
807 814 -14.7086533404
807 944 -65.0738785347
807 830 -39.2802470526
808 901 -44.4698009176
808 929 -14.467061334
808 851 -18.2270405199
808 858 -21.7077267705
809 838 -66.4140990529
809 893 -21.593096016
810 902 -10.4123804091
810 842 -40.5499707556
810 845 -58.4079043086
810 888 -22.5651532066
811 906 -15.1998939619
811 813 -24.3629629016
811 839 -42.1005431953
811 877 -15.9952552716
812 900 -34.1856340149
812 861 -22.693523539
812 874 -42.4268499271
813 934 -42.1030187534
813 814 -47.0419411178
813 841 -32.1987386925
814 939 -20.8514483298
815 914 -29.0429357433
816 907 -11.5482529832
816 818 -36.855842397
816 831 -26.7445782982
816 879 -59.9446689447
817 908 -55.5902637261
817 917 -40.9032629197
817 943 -54.4783624047
817 849 -17.7009052008
818 902 -34.654325219
818 907 -49.2610024546
818 910 -66.1276554236
818 862 -56.4219081037
818 872 -29.1575476538
818 831 -64.7031465134
819 927 -19.3666409783
819 931 -18.3921036262
819 940 -16.8432676758
819 867 -66.3871868704
820 863 -14.3637200833
820 883 -72.7733203761
820 892 -11.6422187577
821 908 -13.6818289377
821 931 -16.888376284
821 942 -79.5333622223
822 912 -18.8550973721
822 827 -39.4173484652
822 839 -28.0954432876
822 865 -25.964717299
823 870 -37.5426347124
824 861 -27.8614998404
825 920 -34.2551787627
825 942 -46.9622497889
825 831 -65.5853549077
825 892 -48.9459681303
826 919 -53.0729582386
826 891 -18.767416709
827 940 -15.4502054209
827 895 -66.190531186
828 914 -30.7192200333
828 937 -41.2403868994
828 839 -21.7538987503
828 840 -21.4050707195
828 870 -68.3363732702
829 916 -18.05950698
829 867 -49.5817382431
829 875 -49.1881755325
829 877 -13.2574470993
829 894 -44.9310239762
829 883 -42.5272029652
831 915 -40.0563522546
831 837 -18.2104026682
831 846 -20.3701995514
832 941 -62.3548075746
832 878 -66.2766863638
834 916 -21.2536765021
834 873 -31.629687148
835 847 -72.8146320855
835 868 -44.269944491
835 878 -62.3852727557
836 899 -15.3328827735
836 909 -19.6790455138
836 881 -20.2801072068
837 877 -41.3559495128
837 945 -58.8933268742
837 838 -53.8301997811
837 893 -29.1456200062
838 886 -12.4566664311
838 893 -44.8035794779
838 875 -24.3961832795
839 843 -70.4406831954
840 913 -21.0334562885
840 946 -13.874087975
840 876 -71.7482805066
841 901 -16.7227832095
841 904 -54.1242788898
841 892 -51.7764352477
841 850 -39.4909934892
841 863 -43.6283688903
842 915 -33.1286597202
842 923 -46.9097183816
842 877 -44.8365969707
842 917 -31.6688625951
843 910 -36.2485151703
844 926 -36.7789436363
844 869 -56.5645802255
845 943 -17.9695980212
845 883 -44.4468597459
846 936 -14.7012927643
846 888 -49.8477149399
847 859 -55.3410895256
847 870 -47.9700770357
847 896 -13.5837400983
848 912 -43.385617176
848 940 -71.3326841277
848 930 -36.8855003437
848 872 -44.3227253318
848 881 -55.6866522283
849 920 -71.6180529214
850 912 -40.868260131
851 922 -29.2232264425
851 893 -36.9629129154
852 925 -17.1964144366
852 942 -46.2891586248
852 864 -28.3387001306
852 885 -17.454670339
853 908 -72.1528196192
853 944 -47.2070152503
853 862 -37.8701054983
854 921 -35.8819769052
855 917 -21.4720025881
855 931 -29.216296191
855 893 -18.1873695392
856 910 -73.5552594811
856 915 -27.7081279413
856 931 -67.6767368182
856 869 -20.804879115
856 939 -33.8433750248
857 900 -46.3617471506
857 919 -28.800252298
857 882 -54.527947477
858 912 -17.6052105027
858 936 -81.1076975786
858 881 -86.8315277672
859 899 -33.6305140254
859 904 -44.3954755599
859 928 -74.2123769727
860 899 -42.6942785934
860 891 -43.8114170146
860 863 -64.1140191481
862 906 -29.9532315458
862 892 -53.4795968375
863 924 -62.8019583245
863 886 -16.9998807752
864 902 -58.0084776871
864 874 -48.9859783962
864 889 -62.0671692183
865 897 -11.6283873904
865 926 -36.0537450479
866 904 -47.0424323689
867 906 -45.1024932115
867 922 -40.9062018767
867 894 -21.0459100891
868 876 -28.799017121
868 889 -44.0060342416
869 923 -52.6763061518
869 924 -68.7806469633
869 940 -43.2605010651
870 873 -24.3579164777
871 920 -17.6459420529
872 923 -31.2766157543
872 938 -33.4927744717
872 892 -55.0559085124
873 909 -54.7385555464
873 917 -17.9318996252
875 882 -54.6324484869
875 893 -48.3487108562
876 900 -21.5018381882
877 924 -54.7657979122
879 907 -35.69803143
879 935 -67.4901414562
880 914 -79.331571585
880 926 -41.3591462508
880 894 -47.4029115584
882 891 -25.1292799682
883 927 -25.084912888
883 944 -66.4190658074
883 889 -40.945250375
884 897 -29.907485048
884 940 -22.2810552091
885 934 -46.4563051011
885 886 -23.5229498227
886 943 -39.6770990895
886 891 -51.5123806296
887 907 -67.0078146669
887 927 -32.7698598856
888 931 -16.5554608706
890 899 -66.0486592418
891 922 -15.3139029447
891 936 -81.8571304571
892 911 -17.327383928
892 945 -56.3372835697
893 926 -42.8787867782
893 933 -40.2401319603
894 935 -59.2574649209
895 898 -62.4178672661
896 914 -21.4983102341
896 928 -14.2178472453
896 930 -29.7489924957
896 937 -17.3508541837
897 938 -31.2675281904
897 940 -29.9031669647
898 910 -40.819036588
900 937 -59.6856636091
900 942 -47.1749341297
901 946 -42.2996606394
902 913 -55.4615102925
902 930 -14.2910206448
903 941 -54.26866759
904 905 -36.687539581
905 908 -30.2463765983
905 912 -47.4238377075
905 944 -36.7221458626
905 918 -37.3867769211
906 936 -42.1089925872
908 943 -63.9453816683
911 943 -43.1217085979
913 946 -30.0578434349
914 916 -71.8427584806
914 923 -14.6296434683
914 926 -18.544362666
915 932 -10.4623576797
916 918 -78.6090594348
920 923 -60.6013165929
920 928 -48.5376968454
922 936 -33.8543027539
923 925 -16.6488868779
923 935 -23.4621612115
923 937 -40.2349876818
924 940 -50.6983610615
925 942 -14.0205693671
928 929 -34.7612892372
934 935 -33.5655486637
936 938 -24.5296710656
936 941 -47.5406311334
