{"diff_lb/253027.out":-62.60302700000011,"diff_lb/300091.out":-9.461303000000044,"_timestamp":1.7438119644912877e+09,"diff_lb/gm_knott_3d_038.out":-66.18847600000026,"diff_lb/gm_knott_3d_072.out":-535.6132709999947,"diff_lb/220075.out":-50.90331999999944,"diff_lb/gm_knott_3d_034.out":-84.57177300000058,"diff_lb/208001.out":-153.9914530000001,"diff_lb/170057.out":-79.08825500000012,"diff_lb/361010.out":-48.66992100000016,"diff_lb/304074.out":-116.22192199999972,"diff_lb/gm_knott_3d_074.out":-533.5878770000018,"_step":47,"diff_lb/gm_knott_3d_036.out":-87.45751899999959,"diff_lb/241048.out":-126.98852299999999,"diff_lb/223061.out":-188.51196100000016,"diff_lb/gm_knott_3d_032.out":-100.8808570000001,"diff_lb/gm_knott_3d_039.out":-73.37255699999969,"diff_lb/197017.out":-37.568115000000034,"diff_lb/167062.out":-6.157775000000015,"diff_lb/385039.out":-43.91137600000002,"diff_lb/gm_knott_3d_075.out":-483.8827930000007,"diff_lb/175043.out":-229.7231409999995,"diff_lb/216081.out":-62.37792799999988,"diff_lb/227092.out":-61.880003999999985,"_runtime":0.919124922,"diff_lb/189080.out":-43.15875200000005,"diff_lb/196073.out":-6.411101999999971,"diff_lb/296007.out":-64.61364600000002,"diff_lb/gm_knott_3d_037.out":-111.52636600000005,"diff_lb/299086.out":-29.887451000000056,"diff_lb/302008.out":-16.489744999999857,"diff_lb/175032.out":-321.5190389999998,"diff_lb/253055.out":-28.678832000000057,"diff_lb/304034.out":-201.01073900000029,"diff_lb/167083.out":-127.66357200000039,"_wandb":{"runtime":0},"diff_lb/260058.out":-13.662597000000005,"diff_lb/gm_knott_3d_073.out":-534.7988150000019,"diff_lb/351093.out":-133.27221399999962,"diff_lb/285079.out":-105.7221669999999,"diff_lb/291000.out":-168.8205539999999,"diff_lb/376043.out":-143.222898,"diff_lb/229036.out":-114.87377699999979,"diff_lb/236037.out":-262.92968500000006,"diff_lb/306005.out":-84.94872900000018,"diff_lb/241004.out":-27.913940000000025,"diff_lb/gm_knott_3d_035.out":-130.2241180000001,"diff_lb/219090.out":-39.28076100000044,"diff_lb/295087.out":-87.34594599999991,"diff_lb/210088.out":-46.42846700000018,"diff_lb/163085.out":-115.87890400000015}