{"_wandb":{"runtime":50},"avg_loss":0.7608217185557778,"avg_lower_bound":-13995.463719609957,"_timestamp":1.7438113270612774e+09,"_runtime":50.655714637,"_step":2}