{"_timestamp":1.7438117418690255e+09,"_wandb":{"runtime":193},"_runtime":193.455495028,"_step":9,"avg_loss":0.7564005186753486,"avg_lower_bound":-13898.481631150886}