{"_step":47,"_wandb":{"runtime":0},"diff_lb":-483.8827930000007,"_timestamp":1.743812258986195e+09,"_runtime":0.863210562}